aggregate_comparator_minus_full_mean_squared_loss,cluster_id,consistent_direction,cost_latency_adjusted_median_value,direction_consistency,distinct_sessions,economic_guard,eligible_folds,family,fraction_positive_folds,median_delta_oos_r_squared,members,model_id,one_session_dominance,past_mirror_guard,past_mirror_median_delta,reason_codes,selection_frequency,spread_regimes,status,time_phases,volatility_regimes
0.0,cluster__057ded5ba3568a7f,,,,1,not_supplied,1,book_liquidity,0.0,0.0,"[""lob__order_count_imbalance_l1""]",boosted_tree__d2__l4__lr0.05__n50__stop24,False,not_supplied,,"[""insufficient_distinct_sessions"", ""insufficient_eligible_folds"", ""positive_fold_fraction_below_gate"", ""nonpositive_median_delta""]",1.0,"[""normal_le_2"", ""wide_gt_2""]",exploratory_insufficient_sessions,"[""close_after_300m""]","[""high_gt_5"", ""low_le_1"", ""medium_le_5"", ""zero""]"
-0.007188912168088531,cluster__057ded5ba3568a7f,negative,,1.0,1,not_supplied,1,book_liquidity,0.0,-4.6246461436583175e-05,"[""lob__order_count_imbalance_l1""]",boosted_tree__d3__l8__lr0.05__n25__stop24,False,not_supplied,,"[""insufficient_distinct_sessions"", ""insufficient_eligible_folds"", ""positive_fold_fraction_below_gate"", ""nonpositive_median_delta""]",1.0,"[""normal_le_2"", ""wide_gt_2""]",exploratory_insufficient_sessions,"[""close_after_300m""]","[""high_gt_5"", ""low_le_1"", ""medium_le_5"", ""zero""]"
-0.42106627385345285,cluster__057ded5ba3568a7f,negative,,1.0,1,not_supplied,1,book_liquidity,0.0,-0.0009407320681349418,"[""lob__order_count_imbalance_l1""]",boosted_tree__d3__l8__lr0.05__n50__stop35,False,not_supplied,,"[""insufficient_distinct_sessions"", ""insufficient_eligible_folds"", ""positive_fold_fraction_below_gate"", ""nonpositive_median_delta""]",1.0,"[""wide_gt_2""]",exploratory_insufficient_sessions,"[""close_after_300m""]","[""high_gt_5"", ""low_le_1"", ""medium_le_5"", ""zero""]"
-1.8109888812728725,cluster__057ded5ba3568a7f,negative,,1.0,1,not_supplied,1,book_liquidity,0.0,-0.011650139200676368,"[""lob__order_count_imbalance_l1""]",elastic_net__a1__l10.5,False,not_supplied,,"[""insufficient_distinct_sessions"", ""insufficient_eligible_folds"", ""positive_fold_fraction_below_gate"", ""nonpositive_median_delta""]",1.0,"[""normal_le_2"", ""wide_gt_2""]",exploratory_insufficient_sessions,"[""close_after_300m""]","[""high_gt_5"", ""low_le_1"", ""medium_le_5"", ""zero""]"
1.742259758312046,cluster__057ded5ba3568a7f,positive,,1.0,1,not_supplied,1,book_liquidity,1.0,0.0038924979924558345,"[""lob__order_count_imbalance_l1""]",elastic_net__a1__l10.9,True,not_supplied,,"[""insufficient_distinct_sessions"", ""insufficient_eligible_folds"", ""one_session_dominance""]",1.0,"[""wide_gt_2""]",exploratory_insufficient_sessions,"[""close_after_300m""]","[""high_gt_5"", ""low_le_1"", ""medium_le_5"", ""zero""]"
0.9180561858730094,cluster__057ded5ba3568a7f,positive,,1.0,1,not_supplied,1,book_liquidity,1.0,0.0027867131575802784,"[""lob__order_count_imbalance_l1""]",elastic_net__a1__l11,True,not_supplied,,"[""insufficient_distinct_sessions"", ""insufficient_eligible_folds"", ""one_session_dominance""]",1.0,"[""normal_le_2"", ""wide_gt_2""]",exploratory_insufficient_sessions,"[""close_after_300m""]","[""high_gt_5"", ""low_le_1"", ""medium_le_5"", ""zero""]"
0.0,cluster__06ca194a0a433de6,,,,1,not_supplied,1,ofi,0.0,0.0,"[""ccz_ofi_w5__m5__average""]",boosted_tree__d2__l4__lr0.05__n50__stop24,False,not_supplied,,"[""insufficient_distinct_sessions"", ""insufficient_eligible_folds"", ""positive_fold_fraction_below_gate"", ""nonpositive_median_delta""]",1.0,"[""normal_le_2"", ""wide_gt_2""]",exploratory_insufficient_sessions,"[""close_after_300m""]","[""high_gt_5"", ""low_le_1"", ""medium_le_5"", ""zero""]"
0.0,cluster__06ca194a0a433de6,,,,1,not_supplied,1,ofi,0.0,0.0,"[""ccz_ofi_w5__m5__average""]",boosted_tree__d3__l8__lr0.05__n25__stop24,False,not_supplied,,"[""insufficient_distinct_sessions"", ""insufficient_eligible_folds"", ""positive_fold_fraction_below_gate"", ""nonpositive_median_delta""]",1.0,"[""normal_le_2"", ""wide_gt_2""]",exploratory_insufficient_sessions,"[""close_after_300m""]","[""high_gt_5"", ""low_le_1"", ""medium_le_5"", ""zero""]"
0.0,cluster__06ca194a0a433de6,,,,1,not_supplied,1,ofi,0.0,0.0,"[""ccz_ofi_w5__m5__average""]",boosted_tree__d3__l8__lr0.05__n50__stop35,False,not_supplied,,"[""insufficient_distinct_sessions"", ""insufficient_eligible_folds"", ""positive_fold_fraction_below_gate"", ""nonpositive_median_delta""]",1.0,"[""wide_gt_2""]",exploratory_insufficient_sessions,"[""close_after_300m""]","[""high_gt_5"", ""low_le_1"", ""medium_le_5"", ""zero""]"
0.07366598485928742,cluster__06ca194a0a433de6,positive,,1.0,1,not_supplied,1,ofi,1.0,0.0004738952220194603,"[""ccz_ofi_w5__m5__average""]",elastic_net__a1__l10.5,True,not_supplied,,"[""insufficient_distinct_sessions"", ""insufficient_eligible_folds"", ""one_session_dominance""]",1.0,"[""normal_le_2"", ""wide_gt_2""]",exploratory_insufficient_sessions,"[""close_after_300m""]","[""high_gt_5"", ""low_le_1"", ""medium_le_5"", ""zero""]"
2.2472370394642433e-10,cluster__06ca194a0a433de6,positive,,1.0,1,not_supplied,1,ofi,1.0,5.019318294330333e-13,"[""ccz_ofi_w5__m5__average""]",elastic_net__a1__l10.9,True,not_supplied,,"[""insufficient_distinct_sessions"", ""insufficient_eligible_folds"", ""one_session_dominance""]",1.0,"[""wide_gt_2""]",exploratory_insufficient_sessions,"[""close_after_300m""]","[""high_gt_5"", ""low_le_1"", ""medium_le_5"", ""zero""]"
-2.585115093770484e-12,cluster__06ca194a0a433de6,negative,,1.0,1,not_supplied,1,ofi,0.0,-7.882583474838611e-15,"[""ccz_ofi_w5__m5__average""]",elastic_net__a1__l11,False,not_supplied,,"[""insufficient_distinct_sessions"", ""insufficient_eligible_folds"", ""positive_fold_fraction_below_gate"", ""nonpositive_median_delta""]",1.0,"[""normal_le_2"", ""wide_gt_2""]",exploratory_insufficient_sessions,"[""close_after_300m""]","[""high_gt_5"", ""low_le_1"", ""medium_le_5"", ""zero""]"
0.0,cluster__09e103f2030ca53e,,,,1,not_supplied,1,surface_quality,0.0,0.0,"[""quality__packets_per_second""]",boosted_tree__d2__l4__lr0.05__n50__stop24,False,not_supplied,,"[""insufficient_distinct_sessions"", ""insufficient_eligible_folds"", ""positive_fold_fraction_below_gate"", ""nonpositive_median_delta""]",1.0,"[""normal_le_2"", ""wide_gt_2""]",exploratory_insufficient_sessions,"[""close_after_300m""]","[""high_gt_5"", ""low_le_1"", ""medium_le_5"", ""zero""]"
0.15334773606937455,cluster__09e103f2030ca53e,positive,,1.0,1,not_supplied,1,surface_quality,1.0,0.0009864900275151633,"[""quality__packets_per_second""]",boosted_tree__d3__l8__lr0.05__n25__stop24,True,not_supplied,,"[""insufficient_distinct_sessions"", ""insufficient_eligible_folds"", ""one_session_dominance""]",1.0,"[""normal_le_2"", ""wide_gt_2""]",exploratory_insufficient_sessions,"[""close_after_300m""]","[""high_gt_5"", ""low_le_1"", ""medium_le_5"", ""zero""]"
0.0,cluster__09e103f2030ca53e,,,,1,not_supplied,1,surface_quality,0.0,0.0,"[""quality__packets_per_second""]",boosted_tree__d3__l8__lr0.05__n50__stop35,False,not_supplied,,"[""insufficient_distinct_sessions"", ""insufficient_eligible_folds"", ""positive_fold_fraction_below_gate"", ""nonpositive_median_delta""]",1.0,"[""wide_gt_2""]",exploratory_insufficient_sessions,"[""close_after_300m""]","[""high_gt_5"", ""low_le_1"", ""medium_le_5"", ""zero""]"
-1.0624782017066378e-15,cluster__09e103f2030ca53e,,,,1,not_supplied,1,surface_quality,0.0,0.0,"[""quality__packets_per_second""]",elastic_net__a1__l10.5,False,not_supplied,,"[""insufficient_distinct_sessions"", ""insufficient_eligible_folds"", ""positive_fold_fraction_below_gate"", ""nonpositive_median_delta""]",1.0,"[""normal_le_2"", ""wide_gt_2""]",exploratory_insufficient_sessions,"[""close_after_300m""]","[""high_gt_5"", ""low_le_1"", ""medium_le_5"", ""zero""]"
-1.5116991075631371e-15,cluster__09e103f2030ca53e,,,,1,not_supplied,1,surface_quality,0.0,-2.220446049250313e-16,"[""quality__packets_per_second""]",elastic_net__a1__l10.9,False,not_supplied,,"[""insufficient_distinct_sessions"", ""insufficient_eligible_folds"", ""positive_fold_fraction_below_gate"", ""nonpositive_median_delta""]",1.0,"[""wide_gt_2""]",exploratory_insufficient_sessions,"[""close_after_300m""]","[""high_gt_5"", ""low_le_1"", ""medium_le_5"", ""zero""]"
-7.116437192690063e-17,cluster__09e103f2030ca53e,,,,1,not_supplied,1,surface_quality,1.0,1.1102230246251565e-16,"[""quality__packets_per_second""]",elastic_net__a1__l11,True,not_supplied,,"[""insufficient_distinct_sessions"", ""insufficient_eligible_folds"", ""one_session_dominance""]",1.0,"[""normal_le_2"", ""wide_gt_2""]",exploratory_insufficient_sessions,"[""close_after_300m""]","[""high_gt_5"", ""low_le_1"", ""medium_le_5"", ""zero""]"
0.0,cluster__0ddaa772748cd2a8,,,,1,not_supplied,1,ofi,0.0,0.0,"[""ccz_ofi_w10__m5__average""]",boosted_tree__d2__l4__lr0.05__n50__stop24,False,not_supplied,,"[""insufficient_distinct_sessions"", ""insufficient_eligible_folds"", ""positive_fold_fraction_below_gate"", ""nonpositive_median_delta""]",1.0,"[""normal_le_2"", ""wide_gt_2""]",exploratory_insufficient_sessions,"[""close_after_300m""]","[""high_gt_5"", ""low_le_1"", ""medium_le_5"", ""zero""]"
-1.070028279733334,cluster__0ddaa772748cd2a8,negative,,1.0,1,not_supplied,1,ofi,0.0,-0.006883520123432074,"[""ccz_ofi_w10__m5__average""]",boosted_tree__d3__l8__lr0.05__n25__stop24,False,not_supplied,,"[""insufficient_distinct_sessions"", ""insufficient_eligible_folds"", ""positive_fold_fraction_below_gate"", ""nonpositive_median_delta""]",1.0,"[""normal_le_2"", ""wide_gt_2""]",exploratory_insufficient_sessions,"[""close_after_300m""]","[""high_gt_5"", ""low_le_1"", ""medium_le_5"", ""zero""]"
1.2396921761778994,cluster__0ddaa772748cd2a8,positive,,1.0,1,not_supplied,1,ofi,1.0,0.002769678450078583,"[""ccz_ofi_w10__m5__average""]",boosted_tree__d3__l8__lr0.05__n50__stop35,True,not_supplied,,"[""insufficient_distinct_sessions"", ""insufficient_eligible_folds"", ""one_session_dominance""]",1.0,"[""wide_gt_2""]",exploratory_insufficient_sessions,"[""close_after_300m""]","[""high_gt_5"", ""low_le_1"", ""medium_le_5"", ""zero""]"
0.31878362808194183,cluster__0ddaa772748cd2a8,positive,,1.0,1,not_supplied,1,ofi,1.0,0.002050743480788708,"[""ccz_ofi_w10__m5__average""]",elastic_net__a1__l10.5,True,not_supplied,,"[""insufficient_distinct_sessions"", ""insufficient_eligible_folds"", ""one_session_dominance""]",1.0,"[""normal_le_2"", ""wide_gt_2""]",exploratory_insufficient_sessions,"[""close_after_300m""]","[""high_gt_5"", ""low_le_1"", ""medium_le_5"", ""zero""]"
2.8346799137903457e-10,cluster__0ddaa772748cd2a8,positive,,1.0,1,not_supplied,1,ofi,1.0,6.331601909437268e-13,"[""ccz_ofi_w10__m5__average""]",elastic_net__a1__l10.9,True,not_supplied,,"[""insufficient_distinct_sessions"", ""insufficient_eligible_folds"", ""one_session_dominance""]",1.0,"[""wide_gt_2""]",exploratory_insufficient_sessions,"[""close_after_300m""]","[""high_gt_5"", ""low_le_1"", ""medium_le_5"", ""zero""]"
1.480541159930362e-11,cluster__0ddaa772748cd2a8,positive,,1.0,1,not_supplied,1,ofi,1.0,4.5075054799781356e-14,"[""ccz_ofi_w10__m5__average""]",elastic_net__a1__l11,True,not_supplied,,"[""insufficient_distinct_sessions"", ""insufficient_eligible_folds"", ""one_session_dominance""]",1.0,"[""normal_le_2"", ""wide_gt_2""]",exploratory_insufficient_sessions,"[""close_after_300m""]","[""high_gt_5"", ""low_le_1"", ""medium_le_5"", ""zero""]"
0.0,cluster__11a9adfe78800106,,,,1,not_supplied,1,time_regime,0.0,0.0,"[""regime__minutes_from_open"", ""regime__minutes_to_close"", ""regime__session_phase_cos""]",boosted_tree__d2__l4__lr0.05__n50__stop24,False,not_supplied,,"[""insufficient_distinct_sessions"", ""insufficient_eligible_folds"", ""positive_fold_fraction_below_gate"", ""nonpositive_median_delta""]",1.0,"[""normal_le_2"", ""wide_gt_2""]",exploratory_insufficient_sessions,"[""close_after_300m""]","[""high_gt_5"", ""low_le_1"", ""medium_le_5"", ""zero""]"
0.0,cluster__11a9adfe78800106,,,,1,not_supplied,1,time_regime,0.0,0.0,"[""regime__minutes_from_open"", ""regime__minutes_to_close"", ""regime__session_phase_cos""]",boosted_tree__d3__l8__lr0.05__n25__stop24,False,not_supplied,,"[""insufficient_distinct_sessions"", ""insufficient_eligible_folds"", ""positive_fold_fraction_below_gate"", ""nonpositive_median_delta""]",1.0,"[""normal_le_2"", ""wide_gt_2""]",exploratory_insufficient_sessions,"[""close_after_300m""]","[""high_gt_5"", ""low_le_1"", ""medium_le_5"", ""zero""]"
-5.427208898639899,cluster__11a9adfe78800106,negative,,1.0,1,not_supplied,1,time_regime,0.0,-0.012125287082944247,"[""regime__minutes_from_open"", ""regime__minutes_to_close"", ""regime__session_phase_cos""]",boosted_tree__d3__l8__lr0.05__n50__stop35,False,not_supplied,,"[""insufficient_distinct_sessions"", ""insufficient_eligible_folds"", ""positive_fold_fraction_below_gate"", ""nonpositive_median_delta""]",1.0,"[""wide_gt_2""]",exploratory_insufficient_sessions,"[""close_after_300m""]","[""high_gt_5"", ""low_le_1"", ""medium_le_5"", ""zero""]"
-8.614788247678471e-16,cluster__11a9adfe78800106,,,,1,not_supplied,1,time_regime,0.0,0.0,"[""regime__minutes_from_open"", ""regime__minutes_to_close"", ""regime__session_phase_cos""]",elastic_net__a1__l10.5,False,not_supplied,,"[""insufficient_distinct_sessions"", ""insufficient_eligible_folds"", ""positive_fold_fraction_below_gate"", ""nonpositive_median_delta""]",1.0,"[""normal_le_2"", ""wide_gt_2""]",exploratory_insufficient_sessions,"[""close_after_300m""]","[""high_gt_5"", ""low_le_1"", ""medium_le_5"", ""zero""]"
-1.5116991075631371e-15,cluster__11a9adfe78800106,,,,1,not_supplied,1,time_regime,0.0,-2.220446049250313e-16,"[""regime__minutes_from_open"", ""regime__minutes_to_close"", ""regime__session_phase_cos""]",elastic_net__a1__l10.9,False,not_supplied,,"[""insufficient_distinct_sessions"", ""insufficient_eligible_folds"", ""positive_fold_fraction_below_gate"", ""nonpositive_median_delta""]",1.0,"[""wide_gt_2""]",exploratory_insufficient_sessions,"[""close_after_300m""]","[""high_gt_5"", ""low_le_1"", ""medium_le_5"", ""zero""]"
-7.116437192690063e-17,cluster__11a9adfe78800106,,,,1,not_supplied,1,time_regime,1.0,1.1102230246251565e-16,"[""regime__minutes_from_open"", ""regime__minutes_to_close"", ""regime__session_phase_cos""]",elastic_net__a1__l11,True,not_supplied,,"[""insufficient_distinct_sessions"", ""insufficient_eligible_folds"", ""one_session_dominance""]",1.0,"[""normal_le_2"", ""wide_gt_2""]",exploratory_insufficient_sessions,"[""close_after_300m""]","[""high_gt_5"", ""low_le_1"", ""medium_le_5"", ""zero""]"
0.0,cluster__183ba54d92e73c9e,,,,1,not_supplied,1,ofi,0.0,0.0,"[""ccz_ofi_w10__m100__average"", ""ccz_ofi_w10__m200__average""]",boosted_tree__d2__l4__lr0.05__n50__stop24,False,not_supplied,,"[""insufficient_distinct_sessions"", ""insufficient_eligible_folds"", ""positive_fold_fraction_below_gate"", ""nonpositive_median_delta""]",1.0,"[""normal_le_2"", ""wide_gt_2""]",exploratory_insufficient_sessions,"[""close_after_300m""]","[""high_gt_5"", ""low_le_1"", ""medium_le_5"", ""zero""]"
0.0,cluster__183ba54d92e73c9e,,,,1,not_supplied,1,ofi,0.0,0.0,"[""ccz_ofi_w10__m100__average"", ""ccz_ofi_w10__m200__average""]",boosted_tree__d3__l8__lr0.05__n25__stop24,False,not_supplied,,"[""insufficient_distinct_sessions"", ""insufficient_eligible_folds"", ""positive_fold_fraction_below_gate"", ""nonpositive_median_delta""]",1.0,"[""normal_le_2"", ""wide_gt_2""]",exploratory_insufficient_sessions,"[""close_after_300m""]","[""high_gt_5"", ""low_le_1"", ""medium_le_5"", ""zero""]"
0.06638225105634539,cluster__183ba54d92e73c9e,positive,,1.0,1,not_supplied,1,ofi,1.0,0.00042703877050698225,"[""ccz_ofi_w10__m100__average"", ""ccz_ofi_w10__m200__average""]",elastic_net__a1__l10.5,True,not_supplied,,"[""insufficient_distinct_sessions"", ""insufficient_eligible_folds"", ""one_session_dominance""]",1.0,"[""normal_le_2"", ""wide_gt_2""]",exploratory_insufficient_sessions,"[""close_after_300m""]","[""high_gt_5"", ""low_le_1"", ""medium_le_5"", ""zero""]"
0.010878559136787282,cluster__183ba54d92e73c9e,positive,,1.0,1,not_supplied,1,ofi,1.0,3.30213165038451e-05,"[""ccz_ofi_w10__m100__average"", ""ccz_ofi_w10__m200__average""]",elastic_net__a1__l11,True,not_supplied,,"[""insufficient_distinct_sessions"", ""insufficient_eligible_folds"", ""one_session_dominance""]",1.0,"[""normal_le_2"", ""wide_gt_2""]",exploratory_insufficient_sessions,"[""close_after_300m""]","[""high_gt_5"", ""low_le_1"", ""medium_le_5"", ""zero""]"
0.0,cluster__18424cecdf110691,,,,1,not_supplied,1,surface_quality,0.0,0.0,"[""quality__weighted_r_squared"", ""quality__weighted_rmse_total_variance""]",boosted_tree__d2__l4__lr0.05__n50__stop24,False,not_supplied,,"[""insufficient_distinct_sessions"", ""insufficient_eligible_folds"", ""positive_fold_fraction_below_gate"", ""nonpositive_median_delta""]",1.0,"[""normal_le_2"", ""wide_gt_2""]",exploratory_insufficient_sessions,"[""close_after_300m""]","[""high_gt_5"", ""low_le_1"", ""medium_le_5"", ""zero""]"
-0.2365772328360386,cluster__18424cecdf110691,negative,,1.0,1,not_supplied,1,surface_quality,0.0,-0.0015219075736749854,"[""quality__weighted_r_squared"", ""quality__weighted_rmse_total_variance""]",boosted_tree__d3__l8__lr0.05__n25__stop24,False,not_supplied,,"[""insufficient_distinct_sessions"", ""insufficient_eligible_folds"", ""positive_fold_fraction_below_gate"", ""nonpositive_median_delta""]",1.0,"[""normal_le_2"", ""wide_gt_2""]",exploratory_insufficient_sessions,"[""close_after_300m""]","[""high_gt_5"", ""low_le_1"", ""medium_le_5"", ""zero""]"
0.166947477785849,cluster__18424cecdf110691,positive,,1.0,1,not_supplied,1,surface_quality,1.0,0.0010739775243897576,"[""quality__weighted_r_squared"", ""quality__weighted_rmse_total_variance""]",elastic_net__a1__l10.5,True,not_supplied,,"[""insufficient_distinct_sessions"", ""insufficient_eligible_folds"", ""one_session_dominance""]",1.0,"[""normal_le_2"", ""wide_gt_2""]",exploratory_insufficient_sessions,"[""close_after_300m""]","[""high_gt_5"", ""low_le_1"", ""medium_le_5"", ""zero""]"
1.1802829462821962e-16,cluster__18424cecdf110691,,,,1,not_supplied,1,surface_quality,1.0,1.1102230246251565e-16,"[""quality__weighted_r_squared"", ""quality__weighted_rmse_total_variance""]",elastic_net__a1__l11,True,not_supplied,,"[""insufficient_distinct_sessions"", ""insufficient_eligible_folds"", ""one_session_dominance""]",1.0,"[""normal_le_2"", ""wide_gt_2""]",exploratory_insufficient_sessions,"[""close_after_300m""]","[""high_gt_5"", ""low_le_1"", ""medium_le_5"", ""zero""]"
0.0,cluster__189d1a90a1a742dc,,,,1,not_supplied,1,surface_quality,0.0,0.0,"[""quality__surface_is_stale""]",boosted_tree__d2__l4__lr0.05__n50__stop24,False,not_supplied,,"[""insufficient_distinct_sessions"", ""insufficient_eligible_folds"", ""positive_fold_fraction_below_gate"", ""nonpositive_median_delta""]",1.0,"[""normal_le_2"", ""wide_gt_2""]",exploratory_insufficient_sessions,"[""close_after_300m""]","[""high_gt_5"", ""low_le_1"", ""medium_le_5"", ""zero""]"
0.0,cluster__189d1a90a1a742dc,,,,1,not_supplied,1,surface_quality,0.0,0.0,"[""quality__surface_is_stale""]",boosted_tree__d3__l8__lr0.05__n25__stop24,False,not_supplied,,"[""insufficient_distinct_sessions"", ""insufficient_eligible_folds"", ""positive_fold_fraction_below_gate"", ""nonpositive_median_delta""]",1.0,"[""normal_le_2"", ""wide_gt_2""]",exploratory_insufficient_sessions,"[""close_after_300m""]","[""high_gt_5"", ""low_le_1"", ""medium_le_5"", ""zero""]"
0.0,cluster__189d1a90a1a742dc,,,,1,not_supplied,1,surface_quality,0.0,0.0,"[""quality__surface_is_stale""]",boosted_tree__d3__l8__lr0.05__n50__stop35,False,not_supplied,,"[""insufficient_distinct_sessions"", ""insufficient_eligible_folds"", ""positive_fold_fraction_below_gate"", ""nonpositive_median_delta""]",1.0,"[""wide_gt_2""]",exploratory_insufficient_sessions,"[""close_after_300m""]","[""high_gt_5"", ""low_le_1"", ""medium_le_5"", ""zero""]"
-1.0686535451075666e-14,cluster__189d1a90a1a742dc,,,,1,not_supplied,1,surface_quality,0.0,-1.1102230246251565e-16,"[""quality__surface_is_stale""]",elastic_net__a1__l10.5,False,not_supplied,,"[""insufficient_distinct_sessions"", ""insufficient_eligible_folds"", ""positive_fold_fraction_below_gate"", ""nonpositive_median_delta""]",1.0,"[""normal_le_2"", ""wide_gt_2""]",exploratory_insufficient_sessions,"[""close_after_300m""]","[""high_gt_5"", ""low_le_1"", ""medium_le_5"", ""zero""]"
4.43572750336619e-13,cluster__189d1a90a1a742dc,,,,1,not_supplied,1,surface_quality,1.0,8.881784197001252e-16,"[""quality__surface_is_stale""]",elastic_net__a1__l10.9,True,not_supplied,,"[""insufficient_distinct_sessions"", ""insufficient_eligible_folds"", ""one_session_dominance""]",1.0,"[""wide_gt_2""]",exploratory_insufficient_sessions,"[""close_after_300m""]","[""high_gt_5"", ""low_le_1"", ""medium_le_5"", ""zero""]"
1.1802829462821962e-16,cluster__189d1a90a1a742dc,,,,1,not_supplied,1,surface_quality,1.0,1.1102230246251565e-16,"[""quality__surface_is_stale""]",elastic_net__a1__l11,True,not_supplied,,"[""insufficient_distinct_sessions"", ""insufficient_eligible_folds"", ""one_session_dominance""]",1.0,"[""normal_le_2"", ""wide_gt_2""]",exploratory_insufficient_sessions,"[""close_after_300m""]","[""high_gt_5"", ""low_le_1"", ""medium_le_5"", ""zero""]"
0.0,cluster__1a13286f866c4155,,,,1,not_supplied,1,ofi,0.0,0.0,"[""ccz_ofi_w30__m5__average""]",boosted_tree__d2__l4__lr0.05__n50__stop24,False,not_supplied,,"[""insufficient_distinct_sessions"", ""insufficient_eligible_folds"", ""positive_fold_fraction_below_gate"", ""nonpositive_median_delta""]",1.0,"[""normal_le_2"", ""wide_gt_2""]",exploratory_insufficient_sessions,"[""close_after_300m""]","[""high_gt_5"", ""low_le_1"", ""medium_le_5"", ""zero""]"
0.3102376454333852,cluster__1a13286f866c4155,positive,,1.0,1,not_supplied,1,ofi,1.0,0.0019957669491865726,"[""ccz_ofi_w30__m5__average""]",boosted_tree__d3__l8__lr0.05__n25__stop24,True,not_supplied,,"[""insufficient_distinct_sessions"", ""insufficient_eligible_folds"", ""one_session_dominance""]",1.0,"[""normal_le_2"", ""wide_gt_2""]",exploratory_insufficient_sessions,"[""close_after_300m""]","[""high_gt_5"", ""low_le_1"", ""medium_le_5"", ""zero""]"
-0.7023664279693967,cluster__1a13286f866c4155,negative,,1.0,1,not_supplied,1,ofi,0.0,-0.0015692033853140774,"[""ccz_ofi_w30__m5__average""]",boosted_tree__d3__l8__lr0.05__n50__stop35,False,not_supplied,,"[""insufficient_distinct_sessions"", ""insufficient_eligible_folds"", ""positive_fold_fraction_below_gate"", ""nonpositive_median_delta""]",1.0,"[""wide_gt_2""]",exploratory_insufficient_sessions,"[""close_after_300m""]","[""high_gt_5"", ""low_le_1"", ""medium_le_5"", ""zero""]"
-0.061003795412522266,cluster__1a13286f866c4155,negative,,1.0,1,not_supplied,1,ofi,0.0,-0.00039243902360464045,"[""ccz_ofi_w30__m5__average""]",elastic_net__a1__l10.5,False,not_supplied,,"[""insufficient_distinct_sessions"", ""insufficient_eligible_folds"", ""positive_fold_fraction_below_gate"", ""nonpositive_median_delta""]",1.0,"[""normal_le_2"", ""wide_gt_2""]",exploratory_insufficient_sessions,"[""close_after_300m""]","[""high_gt_5"", ""low_le_1"", ""medium_le_5"", ""zero""]"
-5.687770277932407,cluster__1a13286f866c4155,negative,,1.0,1,not_supplied,1,ofi,0.0,-0.012707424528849987,"[""ccz_ofi_w30__m5__average""]",elastic_net__a1__l10.9,False,not_supplied,,"[""insufficient_distinct_sessions"", ""insufficient_eligible_folds"", ""positive_fold_fraction_below_gate"", ""nonpositive_median_delta""]",1.0,"[""wide_gt_2""]",exploratory_insufficient_sessions,"[""close_after_300m""]","[""high_gt_5"", ""low_le_1"", ""medium_le_5"", ""zero""]"
0.0028720991076208275,cluster__1a13286f866c4155,positive,,1.0,1,not_supplied,1,ofi,1.0,8.718111697447739e-06,"[""ccz_ofi_w30__m5__average""]",elastic_net__a1__l11,True,not_supplied,,"[""insufficient_distinct_sessions"", ""insufficient_eligible_folds"", ""one_session_dominance""]",1.0,"[""normal_le_2"", ""wide_gt_2""]",exploratory_insufficient_sessions,"[""close_after_300m""]","[""high_gt_5"", ""low_le_1"", ""medium_le_5"", ""zero""]"
0.0,cluster__1ce77120fa004169,,,,1,not_supplied,1,book_liquidity,0.0,0.0,"[""lob__order_count_imbalance_l3""]",boosted_tree__d2__l4__lr0.05__n50__stop24,False,not_supplied,,"[""insufficient_distinct_sessions"", ""insufficient_eligible_folds"", ""positive_fold_fraction_below_gate"", ""nonpositive_median_delta""]",1.0,"[""normal_le_2"", ""wide_gt_2""]",exploratory_insufficient_sessions,"[""close_after_300m""]","[""high_gt_5"", ""low_le_1"", ""medium_le_5"", ""zero""]"
0.0,cluster__1ce77120fa004169,,,,1,not_supplied,1,book_liquidity,0.0,0.0,"[""lob__order_count_imbalance_l3""]",boosted_tree__d3__l8__lr0.05__n25__stop24,False,not_supplied,,"[""insufficient_distinct_sessions"", ""insufficient_eligible_folds"", ""positive_fold_fraction_below_gate"", ""nonpositive_median_delta""]",1.0,"[""normal_le_2"", ""wide_gt_2""]",exploratory_insufficient_sessions,"[""close_after_300m""]","[""high_gt_5"", ""low_le_1"", ""medium_le_5"", ""zero""]"
0.0,cluster__1ce77120fa004169,,,,1,not_supplied,1,book_liquidity,0.0,0.0,"[""lob__order_count_imbalance_l3""]",boosted_tree__d3__l8__lr0.05__n50__stop35,False,not_supplied,,"[""insufficient_distinct_sessions"", ""insufficient_eligible_folds"", ""positive_fold_fraction_below_gate"", ""nonpositive_median_delta""]",1.0,"[""wide_gt_2""]",exploratory_insufficient_sessions,"[""close_after_300m""]","[""high_gt_5"", ""low_le_1"", ""medium_le_5"", ""zero""]"
-1.59116054667257e-13,cluster__1ce77120fa004169,negative,,1.0,1,not_supplied,1,book_liquidity,0.0,-1.1102230246251565e-15,"[""lob__order_count_imbalance_l3""]",elastic_net__a1__l10.5,False,not_supplied,,"[""insufficient_distinct_sessions"", ""insufficient_eligible_folds"", ""positive_fold_fraction_below_gate"", ""nonpositive_median_delta""]",1.0,"[""normal_le_2"", ""wide_gt_2""]",exploratory_insufficient_sessions,"[""close_after_300m""]","[""high_gt_5"", ""low_le_1"", ""medium_le_5"", ""zero""]"
-6.6296180006975045e-12,cluster__1ce77120fa004169,negative,,1.0,1,not_supplied,1,book_liquidity,0.0,-1.4876988529977098e-14,"[""lob__order_count_imbalance_l3""]",elastic_net__a1__l10.9,False,not_supplied,,"[""insufficient_distinct_sessions"", ""insufficient_eligible_folds"", ""positive_fold_fraction_below_gate"", ""nonpositive_median_delta""]",1.0,"[""wide_gt_2""]",exploratory_insufficient_sessions,"[""close_after_300m""]","[""high_gt_5"", ""low_le_1"", ""medium_le_5"", ""zero""]"
-3.5885714245727726e-16,cluster__1ce77120fa004169,,,,1,not_supplied,1,book_liquidity,0.0,0.0,"[""lob__order_count_imbalance_l3""]",elastic_net__a1__l11,False,not_supplied,,"[""insufficient_distinct_sessions"", ""insufficient_eligible_folds"", ""positive_fold_fraction_below_gate"", ""nonpositive_median_delta""]",1.0,"[""normal_le_2"", ""wide_gt_2""]",exploratory_insufficient_sessions,"[""close_after_300m""]","[""high_gt_5"", ""low_le_1"", ""medium_le_5"", ""zero""]"
0.3865807227385565,cluster__1e0e01b9fe15ec55,positive,,1.0,1,not_supplied,1,ofi,1.0,0.001173446247734855,"[""ofi__w30__average_m20_minus_m200""]",boosted_tree__d2__l4__lr0.05__n50__stop24,True,not_supplied,,"[""insufficient_distinct_sessions"", ""insufficient_eligible_folds"", ""one_session_dominance""]",1.0,"[""normal_le_2"", ""wide_gt_2""]",exploratory_insufficient_sessions,"[""close_after_300m""]","[""high_gt_5"", ""low_le_1"", ""medium_le_5"", ""zero""]"
1.5138550075559565,cluster__1e0e01b9fe15ec55,positive,,1.0,1,not_supplied,1,ofi,1.0,0.009738669160282987,"[""ofi__w30__average_m20_minus_m200""]",boosted_tree__d3__l8__lr0.05__n25__stop24,True,not_supplied,,"[""insufficient_distinct_sessions"", ""insufficient_eligible_folds"", ""one_session_dominance""]",1.0,"[""normal_le_2"", ""wide_gt_2""]",exploratory_insufficient_sessions,"[""close_after_300m""]","[""high_gt_5"", ""low_le_1"", ""medium_le_5"", ""zero""]"
1.1298389468875352,cluster__1e0e01b9fe15ec55,positive,,1.0,1,not_supplied,1,ofi,1.0,0.002524248070115087,"[""ofi__w30__average_m20_minus_m200""]",boosted_tree__d3__l8__lr0.05__n50__stop35,True,not_supplied,,"[""insufficient_distinct_sessions"", ""insufficient_eligible_folds"", ""one_session_dominance""]",1.0,"[""wide_gt_2""]",exploratory_insufficient_sessions,"[""close_after_300m""]","[""high_gt_5"", ""low_le_1"", ""medium_le_5"", ""zero""]"
-0.19533950482426485,cluster__1e0e01b9fe15ec55,negative,,1.0,1,not_supplied,1,ofi,0.0,-0.001256624182581656,"[""ofi__w30__average_m20_minus_m200""]",elastic_net__a1__l10.5,False,not_supplied,,"[""insufficient_distinct_sessions"", ""insufficient_eligible_folds"", ""positive_fold_fraction_below_gate"", ""nonpositive_median_delta""]",1.0,"[""normal_le_2"", ""wide_gt_2""]",exploratory_insufficient_sessions,"[""close_after_300m""]","[""high_gt_5"", ""low_le_1"", ""medium_le_5"", ""zero""]"
-0.22168149511051927,cluster__1e0e01b9fe15ec55,negative,,1.0,1,not_supplied,1,ofi,0.0,-0.0004952733199315995,"[""ofi__w30__average_m20_minus_m200""]",elastic_net__a1__l10.9,False,not_supplied,,"[""insufficient_distinct_sessions"", ""insufficient_eligible_folds"", ""positive_fold_fraction_below_gate"", ""nonpositive_median_delta""]",1.0,"[""wide_gt_2""]",exploratory_insufficient_sessions,"[""close_after_300m""]","[""high_gt_5"", ""low_le_1"", ""medium_le_5"", ""zero""]"
1.638809854436534e-11,cluster__1e0e01b9fe15ec55,positive,,1.0,1,not_supplied,1,ofi,1.0,4.973799150320701e-14,"[""ofi__w30__average_m20_minus_m200""]",elastic_net__a1__l11,True,not_supplied,,"[""insufficient_distinct_sessions"", ""insufficient_eligible_folds"", ""one_session_dominance""]",1.0,"[""normal_le_2"", ""wide_gt_2""]",exploratory_insufficient_sessions,"[""close_after_300m""]","[""high_gt_5"", ""low_le_1"", ""medium_le_5"", ""zero""]"
0.0,cluster__1e968c8901c575db,,,,1,not_supplied,1,ofi,0.0,0.0,"[""ccz_ofi_w0p5__m100__average"", ""ccz_ofi_w0p5__m200__average""]",boosted_tree__d2__l4__lr0.05__n50__stop24,False,not_supplied,,"[""insufficient_distinct_sessions"", ""insufficient_eligible_folds"", ""positive_fold_fraction_below_gate"", ""nonpositive_median_delta""]",1.0,"[""normal_le_2"", ""wide_gt_2""]",exploratory_insufficient_sessions,"[""close_after_300m""]","[""high_gt_5"", ""low_le_1"", ""medium_le_5"", ""zero""]"
0.0,cluster__1e968c8901c575db,,,,1,not_supplied,1,ofi,0.0,0.0,"[""ccz_ofi_w0p5__m100__average"", ""ccz_ofi_w0p5__m200__average""]",boosted_tree__d3__l8__lr0.05__n25__stop24,False,not_supplied,,"[""insufficient_distinct_sessions"", ""insufficient_eligible_folds"", ""positive_fold_fraction_below_gate"", ""nonpositive_median_delta""]",1.0,"[""normal_le_2"", ""wide_gt_2""]",exploratory_insufficient_sessions,"[""close_after_300m""]","[""high_gt_5"", ""low_le_1"", ""medium_le_5"", ""zero""]"
0.0,cluster__1e968c8901c575db,,,,1,not_supplied,1,ofi,0.0,0.0,"[""ccz_ofi_w0p5__m100__average"", ""ccz_ofi_w0p5__m200__average""]",boosted_tree__d3__l8__lr0.05__n50__stop35,False,not_supplied,,"[""insufficient_distinct_sessions"", ""insufficient_eligible_folds"", ""positive_fold_fraction_below_gate"", ""nonpositive_median_delta""]",1.0,"[""wide_gt_2""]",exploratory_insufficient_sessions,"[""close_after_300m""]","[""high_gt_5"", ""low_le_1"", ""medium_le_5"", ""zero""]"
-2.491588198865466e-15,cluster__1e968c8901c575db,,,,1,not_supplied,1,ofi,0.0,0.0,"[""ccz_ofi_w0p5__m100__average"", ""ccz_ofi_w0p5__m200__average""]",elastic_net__a1__l10.5,False,not_supplied,,"[""insufficient_distinct_sessions"", ""insufficient_eligible_folds"", ""positive_fold_fraction_below_gate"", ""nonpositive_median_delta""]",1.0,"[""normal_le_2"", ""wide_gt_2""]",exploratory_insufficient_sessions,"[""close_after_300m""]","[""high_gt_5"", ""low_le_1"", ""medium_le_5"", ""zero""]"
2.50006820210014e-15,cluster__1e968c8901c575db,,,,1,not_supplied,1,ofi,0.0,0.0,"[""ccz_ofi_w0p5__m100__average"", ""ccz_ofi_w0p5__m200__average""]",elastic_net__a1__l10.9,False,not_supplied,,"[""insufficient_distinct_sessions"", ""insufficient_eligible_folds"", ""positive_fold_fraction_below_gate"", ""nonpositive_median_delta""]",1.0,"[""wide_gt_2""]",exploratory_insufficient_sessions,"[""close_after_300m""]","[""high_gt_5"", ""low_le_1"", ""medium_le_5"", ""zero""]"
-3.5885714245727726e-16,cluster__1e968c8901c575db,,,,1,not_supplied,1,ofi,0.0,0.0,"[""ccz_ofi_w0p5__m100__average"", ""ccz_ofi_w0p5__m200__average""]",elastic_net__a1__l11,False,not_supplied,,"[""insufficient_distinct_sessions"", ""insufficient_eligible_folds"", ""positive_fold_fraction_below_gate"", ""nonpositive_median_delta""]",1.0,"[""normal_le_2"", ""wide_gt_2""]",exploratory_insufficient_sessions,"[""close_after_300m""]","[""high_gt_5"", ""low_le_1"", ""medium_le_5"", ""zero""]"
0.0,cluster__1f48220de6e92f9d,,,,1,not_supplied,1,book_liquidity,0.0,0.0,"[""lob__average_order_size_log_ratio_proxy_5""]",boosted_tree__d2__l4__lr0.05__n50__stop24,False,not_supplied,,"[""insufficient_distinct_sessions"", ""insufficient_eligible_folds"", ""positive_fold_fraction_below_gate"", ""nonpositive_median_delta""]",1.0,"[""normal_le_2"", ""wide_gt_2""]",exploratory_insufficient_sessions,"[""close_after_300m""]","[""high_gt_5"", ""low_le_1"", ""medium_le_5"", ""zero""]"
0.0,cluster__1f48220de6e92f9d,,,,1,not_supplied,1,book_liquidity,0.0,0.0,"[""lob__average_order_size_log_ratio_proxy_5""]",boosted_tree__d3__l8__lr0.05__n25__stop24,False,not_supplied,,"[""insufficient_distinct_sessions"", ""insufficient_eligible_folds"", ""positive_fold_fraction_below_gate"", ""nonpositive_median_delta""]",1.0,"[""normal_le_2"", ""wide_gt_2""]",exploratory_insufficient_sessions,"[""close_after_300m""]","[""high_gt_5"", ""low_le_1"", ""medium_le_5"", ""zero""]"
-2.8121707917167855,cluster__1f48220de6e92f9d,negative,,1.0,1,not_supplied,1,book_liquidity,0.0,-0.006282857139400466,"[""lob__average_order_size_log_ratio_proxy_5""]",boosted_tree__d3__l8__lr0.05__n50__stop35,False,not_supplied,,"[""insufficient_distinct_sessions"", ""insufficient_eligible_folds"", ""positive_fold_fraction_below_gate"", ""nonpositive_median_delta""]",1.0,"[""wide_gt_2""]",exploratory_insufficient_sessions,"[""close_after_300m""]","[""high_gt_5"", ""low_le_1"", ""medium_le_5"", ""zero""]"
-8.405774400899389e-15,cluster__1f48220de6e92f9d,,,,1,not_supplied,1,book_liquidity,0.0,-1.1102230246251565e-16,"[""lob__average_order_size_log_ratio_proxy_5""]",elastic_net__a1__l10.5,False,not_supplied,,"[""insufficient_distinct_sessions"", ""insufficient_eligible_folds"", ""positive_fold_fraction_below_gate"", ""nonpositive_median_delta""]",1.0,"[""normal_le_2"", ""wide_gt_2""]",exploratory_insufficient_sessions,"[""close_after_300m""]","[""high_gt_5"", ""low_le_1"", ""medium_le_5"", ""zero""]"
2.50006820210014e-15,cluster__1f48220de6e92f9d,,,,1,not_supplied,1,book_liquidity,0.0,0.0,"[""lob__average_order_size_log_ratio_proxy_5""]",elastic_net__a1__l10.9,False,not_supplied,,"[""insufficient_distinct_sessions"", ""insufficient_eligible_folds"", ""positive_fold_fraction_below_gate"", ""nonpositive_median_delta""]",1.0,"[""wide_gt_2""]",exploratory_insufficient_sessions,"[""close_after_300m""]","[""high_gt_5"", ""low_le_1"", ""medium_le_5"", ""zero""]"
-3.5885714245727726e-16,cluster__1f48220de6e92f9d,,,,1,not_supplied,1,book_liquidity,0.0,0.0,"[""lob__average_order_size_log_ratio_proxy_5""]",elastic_net__a1__l11,False,not_supplied,,"[""insufficient_distinct_sessions"", ""insufficient_eligible_folds"", ""positive_fold_fraction_below_gate"", ""nonpositive_median_delta""]",1.0,"[""normal_le_2"", ""wide_gt_2""]",exploratory_insufficient_sessions,"[""close_after_300m""]","[""high_gt_5"", ""low_le_1"", ""medium_le_5"", ""zero""]"
0.0,cluster__20fb49f3528f30d2,,,,1,not_supplied,1,price_path,0.0,0.0,"[""price__displayed_mid_return_lag_1s_ticks""]",boosted_tree__d2__l4__lr0.05__n50__stop24,False,not_supplied,,"[""insufficient_distinct_sessions"", ""insufficient_eligible_folds"", ""positive_fold_fraction_below_gate"", ""nonpositive_median_delta""]",1.0,"[""normal_le_2"", ""wide_gt_2""]",exploratory_insufficient_sessions,"[""close_after_300m""]","[""high_gt_5"", ""low_le_1"", ""medium_le_5"", ""zero""]"
0.0,cluster__20fb49f3528f30d2,,,,1,not_supplied,1,price_path,0.0,0.0,"[""price__displayed_mid_return_lag_1s_ticks""]",boosted_tree__d3__l8__lr0.05__n25__stop24,False,not_supplied,,"[""insufficient_distinct_sessions"", ""insufficient_eligible_folds"", ""positive_fold_fraction_below_gate"", ""nonpositive_median_delta""]",1.0,"[""normal_le_2"", ""wide_gt_2""]",exploratory_insufficient_sessions,"[""close_after_300m""]","[""high_gt_5"", ""low_le_1"", ""medium_le_5"", ""zero""]"
0.0,cluster__20fb49f3528f30d2,,,,1,not_supplied,1,price_path,0.0,0.0,"[""price__displayed_mid_return_lag_1s_ticks""]",boosted_tree__d3__l8__lr0.05__n50__stop35,False,not_supplied,,"[""insufficient_distinct_sessions"", ""insufficient_eligible_folds"", ""positive_fold_fraction_below_gate"", ""nonpositive_median_delta""]",1.0,"[""wide_gt_2""]",exploratory_insufficient_sessions,"[""close_after_300m""]","[""high_gt_5"", ""low_le_1"", ""medium_le_5"", ""zero""]"
0.0037760104661590417,cluster__20fb49f3528f30d2,positive,,1.0,1,not_supplied,1,price_path,1.0,2.4291174843149577e-05,"[""price__displayed_mid_return_lag_1s_ticks""]",elastic_net__a1__l10.5,True,not_supplied,,"[""insufficient_distinct_sessions"", ""insufficient_eligible_folds"", ""one_session_dominance""]",1.0,"[""normal_le_2"", ""wide_gt_2""]",exploratory_insufficient_sessions,"[""close_after_300m""]","[""high_gt_5"", ""low_le_1"", ""medium_le_5"", ""zero""]"
-1.772674919301702e-10,cluster__20fb49f3528f30d2,negative,,1.0,1,not_supplied,1,price_path,0.0,-3.9623859748871837e-13,"[""price__displayed_mid_return_lag_1s_ticks""]",elastic_net__a1__l10.9,False,not_supplied,,"[""insufficient_distinct_sessions"", ""insufficient_eligible_folds"", ""positive_fold_fraction_below_gate"", ""nonpositive_median_delta""]",1.0,"[""wide_gt_2""]",exploratory_insufficient_sessions,"[""close_after_300m""]","[""high_gt_5"", ""low_le_1"", ""medium_le_5"", ""zero""]"
2.4216558469878234e-12,cluster__20fb49f3528f30d2,positive,,1.0,1,not_supplied,1,price_path,1.0,7.438494264988549e-15,"[""price__displayed_mid_return_lag_1s_ticks""]",elastic_net__a1__l11,True,not_supplied,,"[""insufficient_distinct_sessions"", ""insufficient_eligible_folds"", ""one_session_dominance""]",1.0,"[""normal_le_2"", ""wide_gt_2""]",exploratory_insufficient_sessions,"[""close_after_300m""]","[""high_gt_5"", ""low_le_1"", ""medium_le_5"", ""zero""]"
1.2281459136895687,cluster__23a7d3b95c5e30ff,positive,,1.0,1,not_supplied,1,time_regime,1.0,0.0037279748557573766,"[""regime__abs_lag_return_10s_per_sqrt_second""]",boosted_tree__d2__l4__lr0.05__n50__stop24,True,not_supplied,,"[""insufficient_distinct_sessions"", ""insufficient_eligible_folds"", ""one_session_dominance""]",1.0,"[""normal_le_2"", ""wide_gt_2""]",exploratory_insufficient_sessions,"[""close_after_300m""]","[""high_gt_5"", ""low_le_1"", ""medium_le_5"", ""zero""]"
-0.8306158979375506,cluster__23a7d3b95c5e30ff,negative,,1.0,1,not_supplied,1,time_regime,0.0,-0.005343373961780307,"[""regime__abs_lag_return_10s_per_sqrt_second""]",boosted_tree__d3__l8__lr0.05__n25__stop24,False,not_supplied,,"[""insufficient_distinct_sessions"", ""insufficient_eligible_folds"", ""positive_fold_fraction_below_gate"", ""nonpositive_median_delta""]",1.0,"[""normal_le_2"", ""wide_gt_2""]",exploratory_insufficient_sessions,"[""close_after_300m""]","[""high_gt_5"", ""low_le_1"", ""medium_le_5"", ""zero""]"
1.2038340127284213,cluster__23a7d3b95c5e30ff,positive,,1.0,1,not_supplied,1,time_regime,1.0,0.002689565350654455,"[""regime__abs_lag_return_10s_per_sqrt_second""]",boosted_tree__d3__l8__lr0.05__n50__stop35,True,not_supplied,,"[""insufficient_distinct_sessions"", ""insufficient_eligible_folds"", ""one_session_dominance""]",1.0,"[""wide_gt_2""]",exploratory_insufficient_sessions,"[""close_after_300m""]","[""high_gt_5"", ""low_le_1"", ""medium_le_5"", ""zero""]"
-0.018081677524992686,cluster__23a7d3b95c5e30ff,negative,,1.0,1,not_supplied,1,time_regime,0.0,-0.00011631990804927828,"[""regime__abs_lag_return_10s_per_sqrt_second""]",elastic_net__a1__l10.5,False,not_supplied,,"[""insufficient_distinct_sessions"", ""insufficient_eligible_folds"", ""positive_fold_fraction_below_gate"", ""nonpositive_median_delta""]",1.0,"[""normal_le_2"", ""wide_gt_2""]",exploratory_insufficient_sessions,"[""close_after_300m""]","[""high_gt_5"", ""low_le_1"", ""medium_le_5"", ""zero""]"
-7.203279402569125,cluster__23a7d3b95c5e30ff,negative,,1.0,1,not_supplied,1,time_regime,0.0,-0.016093323902954926,"[""regime__abs_lag_return_10s_per_sqrt_second""]",elastic_net__a1__l10.9,False,not_supplied,,"[""insufficient_distinct_sessions"", ""insufficient_eligible_folds"", ""positive_fold_fraction_below_gate"", ""nonpositive_median_delta""]",1.0,"[""wide_gt_2""]",exploratory_insufficient_sessions,"[""close_after_300m""]","[""high_gt_5"", ""low_le_1"", ""medium_le_5"", ""zero""]"
-0.010021512153994407,cluster__23a7d3b95c5e30ff,negative,,1.0,1,not_supplied,1,time_regime,0.0,-3.0419793698999165e-05,"[""regime__abs_lag_return_10s_per_sqrt_second""]",elastic_net__a1__l11,False,not_supplied,,"[""insufficient_distinct_sessions"", ""insufficient_eligible_folds"", ""positive_fold_fraction_below_gate"", ""nonpositive_median_delta""]",1.0,"[""normal_le_2"", ""wide_gt_2""]",exploratory_insufficient_sessions,"[""close_after_300m""]","[""high_gt_5"", ""low_le_1"", ""medium_le_5"", ""zero""]"
-1.3378722754467178,cluster__26090851fa96f8cf,negative,,1.0,1,not_supplied,1,ofi,0.0,-0.004061043681769627,"[""ccz_ofi_w30__m100__average""]",boosted_tree__d2__l4__lr0.05__n50__stop24,False,not_supplied,,"[""insufficient_distinct_sessions"", ""insufficient_eligible_folds"", ""positive_fold_fraction_below_gate"", ""nonpositive_median_delta""]",1.0,"[""normal_le_2"", ""wide_gt_2""]",exploratory_insufficient_sessions,"[""close_after_300m""]","[""high_gt_5"", ""low_le_1"", ""medium_le_5"", ""zero""]"
-0.679019804953544,cluster__26090851fa96f8cf,negative,,1.0,1,not_supplied,1,ofi,0.0,-0.004368152300396888,"[""ccz_ofi_w30__m100__average""]",boosted_tree__d3__l8__lr0.05__n25__stop24,False,not_supplied,,"[""insufficient_distinct_sessions"", ""insufficient_eligible_folds"", ""positive_fold_fraction_below_gate"", ""nonpositive_median_delta""]",1.0,"[""normal_le_2"", ""wide_gt_2""]",exploratory_insufficient_sessions,"[""close_after_300m""]","[""high_gt_5"", ""low_le_1"", ""medium_le_5"", ""zero""]"
4.397198174194728,cluster__26090851fa96f8cf,positive,,1.0,1,not_supplied,1,ofi,1.0,0.009824071860597083,"[""ccz_ofi_w30__m100__average""]",boosted_tree__d3__l8__lr0.05__n50__stop35,True,not_supplied,,"[""insufficient_distinct_sessions"", ""insufficient_eligible_folds"", ""one_session_dominance""]",1.0,"[""wide_gt_2""]",exploratory_insufficient_sessions,"[""close_after_300m""]","[""high_gt_5"", ""low_le_1"", ""medium_le_5"", ""zero""]"
-0.13750580213672212,cluster__26090851fa96f8cf,negative,,1.0,1,not_supplied,1,ofi,0.0,-0.0008845784490225661,"[""ccz_ofi_w30__m100__average""]",elastic_net__a1__l10.5,False,not_supplied,,"[""insufficient_distinct_sessions"", ""insufficient_eligible_folds"", ""positive_fold_fraction_below_gate"", ""nonpositive_median_delta""]",1.0,"[""normal_le_2"", ""wide_gt_2""]",exploratory_insufficient_sessions,"[""close_after_300m""]","[""high_gt_5"", ""low_le_1"", ""medium_le_5"", ""zero""]"
1.2230068383958338e-09,cluster__26090851fa96f8cf,positive,,1.0,1,not_supplied,1,ofi,1.0,2.7323698859049728e-12,"[""ccz_ofi_w30__m100__average""]",elastic_net__a1__l10.9,True,not_supplied,,"[""insufficient_distinct_sessions"", ""insufficient_eligible_folds"", ""one_session_dominance""]",1.0,"[""wide_gt_2""]",exploratory_insufficient_sessions,"[""close_after_300m""]","[""high_gt_5"", ""low_le_1"", ""medium_le_5"", ""zero""]"
7.460395761884535e-11,cluster__26090851fa96f8cf,positive,,1.0,1,not_supplied,1,ofi,1.0,2.2648549702353193e-13,"[""ccz_ofi_w30__m100__average""]",elastic_net__a1__l11,True,not_supplied,,"[""insufficient_distinct_sessions"", ""insufficient_eligible_folds"", ""one_session_dominance""]",1.0,"[""normal_le_2"", ""wide_gt_2""]",exploratory_insufficient_sessions,"[""close_after_300m""]","[""high_gt_5"", ""low_le_1"", ""medium_le_5"", ""zero""]"
0.0,cluster__26ad2c75d43d49ad,,,,1,not_supplied,1,ofi,0.0,0.0,"[""ccz_ofi_w10__m20__average"", ""ccz_ofi_w10__m50__average""]",boosted_tree__d2__l4__lr0.05__n50__stop24,False,not_supplied,,"[""insufficient_distinct_sessions"", ""insufficient_eligible_folds"", ""positive_fold_fraction_below_gate"", ""nonpositive_median_delta""]",1.0,"[""normal_le_2"", ""wide_gt_2""]",exploratory_insufficient_sessions,"[""close_after_300m""]","[""high_gt_5"", ""low_le_1"", ""medium_le_5"", ""zero""]"
0.0,cluster__26ad2c75d43d49ad,,,,1,not_supplied,1,ofi,0.0,0.0,"[""ccz_ofi_w10__m20__average"", ""ccz_ofi_w10__m50__average""]",boosted_tree__d3__l8__lr0.05__n25__stop24,False,not_supplied,,"[""insufficient_distinct_sessions"", ""insufficient_eligible_folds"", ""positive_fold_fraction_below_gate"", ""nonpositive_median_delta""]",1.0,"[""normal_le_2"", ""wide_gt_2""]",exploratory_insufficient_sessions,"[""close_after_300m""]","[""high_gt_5"", ""low_le_1"", ""medium_le_5"", ""zero""]"
0.0,cluster__26ad2c75d43d49ad,,,,1,not_supplied,1,ofi,0.0,0.0,"[""ccz_ofi_w10__m20__average"", ""ccz_ofi_w10__m50__average""]",boosted_tree__d3__l8__lr0.05__n50__stop35,False,not_supplied,,"[""insufficient_distinct_sessions"", ""insufficient_eligible_folds"", ""positive_fold_fraction_below_gate"", ""nonpositive_median_delta""]",1.0,"[""wide_gt_2""]",exploratory_insufficient_sessions,"[""close_after_300m""]","[""high_gt_5"", ""low_le_1"", ""medium_le_5"", ""zero""]"
0.05793856786155782,cluster__26ad2c75d43d49ad,positive,,1.0,1,not_supplied,1,ofi,1.0,0.00037272033398694226,"[""ccz_ofi_w10__m20__average"", ""ccz_ofi_w10__m50__average""]",elastic_net__a1__l10.5,True,not_supplied,,"[""insufficient_distinct_sessions"", ""insufficient_eligible_folds"", ""one_session_dominance""]",1.0,"[""normal_le_2"", ""wide_gt_2""]",exploratory_insufficient_sessions,"[""close_after_300m""]","[""high_gt_5"", ""low_le_1"", ""medium_le_5"", ""zero""]"
0.027636715077733118,cluster__26ad2c75d43d49ad,positive,,1.0,1,not_supplied,1,ofi,1.0,6.174501674893751e-05,"[""ccz_ofi_w10__m20__average"", ""ccz_ofi_w10__m50__average""]",elastic_net__a1__l10.9,True,not_supplied,,"[""insufficient_distinct_sessions"", ""insufficient_eligible_folds"", ""one_session_dominance""]",1.0,"[""wide_gt_2""]",exploratory_insufficient_sessions,"[""close_after_300m""]","[""high_gt_5"", ""low_le_1"", ""medium_le_5"", ""zero""]"
-4.631129535951456e-11,cluster__26ad2c75d43d49ad,negative,,1.0,1,not_supplied,1,ofi,0.0,-1.4066525722000733e-13,"[""ccz_ofi_w10__m20__average"", ""ccz_ofi_w10__m50__average""]",elastic_net__a1__l11,False,not_supplied,,"[""insufficient_distinct_sessions"", ""insufficient_eligible_folds"", ""positive_fold_fraction_below_gate"", ""nonpositive_median_delta""]",1.0,"[""normal_le_2"", ""wide_gt_2""]",exploratory_insufficient_sessions,"[""close_after_300m""]","[""high_gt_5"", ""low_le_1"", ""medium_le_5"", ""zero""]"
0.0,cluster__29963467135cd4cd,,,,1,not_supplied,1,ofi,0.0,0.0,"[""ccz_ofi_w2__m10__average""]",boosted_tree__d2__l4__lr0.05__n50__stop24,False,not_supplied,,"[""insufficient_distinct_sessions"", ""insufficient_eligible_folds"", ""positive_fold_fraction_below_gate"", ""nonpositive_median_delta""]",1.0,"[""normal_le_2"", ""wide_gt_2""]",exploratory_insufficient_sessions,"[""close_after_300m""]","[""high_gt_5"", ""low_le_1"", ""medium_le_5"", ""zero""]"
0.0,cluster__29963467135cd4cd,,,,1,not_supplied,1,ofi,0.0,0.0,"[""ccz_ofi_w2__m10__average""]",boosted_tree__d3__l8__lr0.05__n25__stop24,False,not_supplied,,"[""insufficient_distinct_sessions"", ""insufficient_eligible_folds"", ""positive_fold_fraction_below_gate"", ""nonpositive_median_delta""]",1.0,"[""normal_le_2"", ""wide_gt_2""]",exploratory_insufficient_sessions,"[""close_after_300m""]","[""high_gt_5"", ""low_le_1"", ""medium_le_5"", ""zero""]"
0.0,cluster__29963467135cd4cd,,,,1,not_supplied,1,ofi,0.0,0.0,"[""ccz_ofi_w2__m10__average""]",boosted_tree__d3__l8__lr0.05__n50__stop35,False,not_supplied,,"[""insufficient_distinct_sessions"", ""insufficient_eligible_folds"", ""positive_fold_fraction_below_gate"", ""nonpositive_median_delta""]",1.0,"[""wide_gt_2""]",exploratory_insufficient_sessions,"[""close_after_300m""]","[""high_gt_5"", ""low_le_1"", ""medium_le_5"", ""zero""]"
-7.883465822130583e-16,cluster__29963467135cd4cd,,,,1,not_supplied,1,ofi,0.0,0.0,"[""ccz_ofi_w2__m10__average""]",elastic_net__a1__l10.5,False,not_supplied,,"[""insufficient_distinct_sessions"", ""insufficient_eligible_folds"", ""positive_fold_fraction_below_gate"", ""nonpositive_median_delta""]",1.0,"[""normal_le_2"", ""wide_gt_2""]",exploratory_insufficient_sessions,"[""close_after_300m""]","[""high_gt_5"", ""low_le_1"", ""medium_le_5"", ""zero""]"
-2.347922689323272e-16,cluster__29963467135cd4cd,,,,1,not_supplied,1,ofi,0.0,-2.220446049250313e-16,"[""ccz_ofi_w2__m10__average""]",elastic_net__a1__l10.9,False,not_supplied,,"[""insufficient_distinct_sessions"", ""insufficient_eligible_folds"", ""positive_fold_fraction_below_gate"", ""nonpositive_median_delta""]",1.0,"[""wide_gt_2""]",exploratory_insufficient_sessions,"[""close_after_300m""]","[""high_gt_5"", ""low_le_1"", ""medium_le_5"", ""zero""]"
-6.817254939808967e-16,cluster__29963467135cd4cd,,,,1,not_supplied,1,ofi,1.0,1.1102230246251565e-16,"[""ccz_ofi_w2__m10__average""]",elastic_net__a1__l11,True,not_supplied,,"[""insufficient_distinct_sessions"", ""insufficient_eligible_folds"", ""one_session_dominance""]",1.0,"[""normal_le_2"", ""wide_gt_2""]",exploratory_insufficient_sessions,"[""close_after_300m""]","[""high_gt_5"", ""low_le_1"", ""medium_le_5"", ""zero""]"
0.0,cluster__2d7a1c0d880f88ee,,,,1,not_supplied,1,ofi,0.0,0.0,"[""ofi__w30__average_m5_minus_m20""]",boosted_tree__d2__l4__lr0.05__n50__stop24,False,not_supplied,,"[""insufficient_distinct_sessions"", ""insufficient_eligible_folds"", ""positive_fold_fraction_below_gate"", ""nonpositive_median_delta""]",1.0,"[""normal_le_2"", ""wide_gt_2""]",exploratory_insufficient_sessions,"[""close_after_300m""]","[""high_gt_5"", ""low_le_1"", ""medium_le_5"", ""zero""]"
0.0,cluster__2d7a1c0d880f88ee,,,,1,not_supplied,1,ofi,0.0,0.0,"[""ofi__w30__average_m5_minus_m20""]",boosted_tree__d3__l8__lr0.05__n25__stop24,False,not_supplied,,"[""insufficient_distinct_sessions"", ""insufficient_eligible_folds"", ""positive_fold_fraction_below_gate"", ""nonpositive_median_delta""]",1.0,"[""normal_le_2"", ""wide_gt_2""]",exploratory_insufficient_sessions,"[""close_after_300m""]","[""high_gt_5"", ""low_le_1"", ""medium_le_5"", ""zero""]"
0.0,cluster__2d7a1c0d880f88ee,,,,1,not_supplied,1,ofi,0.0,0.0,"[""ofi__w30__average_m5_minus_m20""]",boosted_tree__d3__l8__lr0.05__n50__stop35,False,not_supplied,,"[""insufficient_distinct_sessions"", ""insufficient_eligible_folds"", ""positive_fold_fraction_below_gate"", ""nonpositive_median_delta""]",1.0,"[""wide_gt_2""]",exploratory_insufficient_sessions,"[""close_after_300m""]","[""high_gt_5"", ""low_le_1"", ""medium_le_5"", ""zero""]"
0.20222167240390757,cluster__2d7a1c0d880f88ee,positive,,1.0,1,not_supplied,1,ofi,1.0,0.0013008973479964325,"[""ofi__w30__average_m5_minus_m20""]",elastic_net__a1__l10.5,True,not_supplied,,"[""insufficient_distinct_sessions"", ""insufficient_eligible_folds"", ""one_session_dominance""]",1.0,"[""normal_le_2"", ""wide_gt_2""]",exploratory_insufficient_sessions,"[""close_after_300m""]","[""high_gt_5"", ""low_le_1"", ""medium_le_5"", ""zero""]"
2.007546571674491e-10,cluster__2d7a1c0d880f88ee,positive,,1.0,1,not_supplied,1,ofi,1.0,4.483080573436382e-13,"[""ofi__w30__average_m5_minus_m20""]",elastic_net__a1__l10.9,True,not_supplied,,"[""insufficient_distinct_sessions"", ""insufficient_eligible_folds"", ""one_session_dominance""]",1.0,"[""wide_gt_2""]",exploratory_insufficient_sessions,"[""close_after_300m""]","[""high_gt_5"", ""low_le_1"", ""medium_le_5"", ""zero""]"
-2.1589107334403758e-11,cluster__2d7a1c0d880f88ee,negative,,1.0,1,not_supplied,1,ofi,0.0,-6.550315845288424e-14,"[""ofi__w30__average_m5_minus_m20""]",elastic_net__a1__l11,False,not_supplied,,"[""insufficient_distinct_sessions"", ""insufficient_eligible_folds"", ""positive_fold_fraction_below_gate"", ""nonpositive_median_delta""]",1.0,"[""normal_le_2"", ""wide_gt_2""]",exploratory_insufficient_sessions,"[""close_after_300m""]","[""high_gt_5"", ""low_le_1"", ""medium_le_5"", ""zero""]"
0.0,cluster__2e6f29d20733c126,,,,1,not_supplied,1,ofi,0.0,0.0,"[""ccz_ofi_w0p5__m5__average""]",boosted_tree__d2__l4__lr0.05__n50__stop24,False,not_supplied,,"[""insufficient_distinct_sessions"", ""insufficient_eligible_folds"", ""positive_fold_fraction_below_gate"", ""nonpositive_median_delta""]",1.0,"[""normal_le_2"", ""wide_gt_2""]",exploratory_insufficient_sessions,"[""close_after_300m""]","[""high_gt_5"", ""low_le_1"", ""medium_le_5"", ""zero""]"
0.0,cluster__2e6f29d20733c126,,,,1,not_supplied,1,ofi,0.0,0.0,"[""ccz_ofi_w0p5__m5__average""]",boosted_tree__d3__l8__lr0.05__n25__stop24,False,not_supplied,,"[""insufficient_distinct_sessions"", ""insufficient_eligible_folds"", ""positive_fold_fraction_below_gate"", ""nonpositive_median_delta""]",1.0,"[""normal_le_2"", ""wide_gt_2""]",exploratory_insufficient_sessions,"[""close_after_300m""]","[""high_gt_5"", ""low_le_1"", ""medium_le_5"", ""zero""]"
0.0,cluster__2e6f29d20733c126,,,,1,not_supplied,1,ofi,0.0,0.0,"[""ccz_ofi_w0p5__m5__average""]",boosted_tree__d3__l8__lr0.05__n50__stop35,False,not_supplied,,"[""insufficient_distinct_sessions"", ""insufficient_eligible_folds"", ""positive_fold_fraction_below_gate"", ""nonpositive_median_delta""]",1.0,"[""wide_gt_2""]",exploratory_insufficient_sessions,"[""close_after_300m""]","[""high_gt_5"", ""low_le_1"", ""medium_le_5"", ""zero""]"
-1.167912000008199e-15,cluster__2e6f29d20733c126,,,,1,not_supplied,1,ofi,0.0,0.0,"[""ccz_ofi_w0p5__m5__average""]",elastic_net__a1__l10.5,False,not_supplied,,"[""insufficient_distinct_sessions"", ""insufficient_eligible_folds"", ""positive_fold_fraction_below_gate"", ""nonpositive_median_delta""]",1.0,"[""normal_le_2"", ""wide_gt_2""]",exploratory_insufficient_sessions,"[""close_after_300m""]","[""high_gt_5"", ""low_le_1"", ""medium_le_5"", ""zero""]"
-2.347922689323272e-16,cluster__2e6f29d20733c126,,,,1,not_supplied,1,ofi,0.0,-2.220446049250313e-16,"[""ccz_ofi_w0p5__m5__average""]",elastic_net__a1__l10.9,False,not_supplied,,"[""insufficient_distinct_sessions"", ""insufficient_eligible_folds"", ""positive_fold_fraction_below_gate"", ""nonpositive_median_delta""]",1.0,"[""wide_gt_2""]",exploratory_insufficient_sessions,"[""close_after_300m""]","[""high_gt_5"", ""low_le_1"", ""medium_le_5"", ""zero""]"
-6.817254939808967e-16,cluster__2e6f29d20733c126,,,,1,not_supplied,1,ofi,1.0,1.1102230246251565e-16,"[""ccz_ofi_w0p5__m5__average""]",elastic_net__a1__l11,True,not_supplied,,"[""insufficient_distinct_sessions"", ""insufficient_eligible_folds"", ""one_session_dominance""]",1.0,"[""normal_le_2"", ""wide_gt_2""]",exploratory_insufficient_sessions,"[""close_after_300m""]","[""high_gt_5"", ""low_le_1"", ""medium_le_5"", ""zero""]"
0.0,cluster__2f6f9b66bf9da773,,,,1,not_supplied,1,ofi,0.0,0.0,"[""ccz_ofi_w2__m1__average""]",boosted_tree__d2__l4__lr0.05__n50__stop24,False,not_supplied,,"[""insufficient_distinct_sessions"", ""insufficient_eligible_folds"", ""positive_fold_fraction_below_gate"", ""nonpositive_median_delta""]",1.0,"[""normal_le_2"", ""wide_gt_2""]",exploratory_insufficient_sessions,"[""close_after_300m""]","[""high_gt_5"", ""low_le_1"", ""medium_le_5"", ""zero""]"
0.0,cluster__2f6f9b66bf9da773,,,,1,not_supplied,1,ofi,0.0,0.0,"[""ccz_ofi_w2__m1__average""]",boosted_tree__d3__l8__lr0.05__n25__stop24,False,not_supplied,,"[""insufficient_distinct_sessions"", ""insufficient_eligible_folds"", ""positive_fold_fraction_below_gate"", ""nonpositive_median_delta""]",1.0,"[""normal_le_2"", ""wide_gt_2""]",exploratory_insufficient_sessions,"[""close_after_300m""]","[""high_gt_5"", ""low_le_1"", ""medium_le_5"", ""zero""]"
0.0,cluster__2f6f9b66bf9da773,,,,1,not_supplied,1,ofi,0.0,0.0,"[""ccz_ofi_w2__m1__average""]",boosted_tree__d3__l8__lr0.05__n50__stop35,False,not_supplied,,"[""insufficient_distinct_sessions"", ""insufficient_eligible_folds"", ""positive_fold_fraction_below_gate"", ""nonpositive_median_delta""]",1.0,"[""wide_gt_2""]",exploratory_insufficient_sessions,"[""close_after_300m""]","[""high_gt_5"", ""low_le_1"", ""medium_le_5"", ""zero""]"
-1.167912000008199e-15,cluster__2f6f9b66bf9da773,,,,1,not_supplied,1,ofi,0.0,0.0,"[""ccz_ofi_w2__m1__average""]",elastic_net__a1__l10.5,False,not_supplied,,"[""insufficient_distinct_sessions"", ""insufficient_eligible_folds"", ""positive_fold_fraction_below_gate"", ""nonpositive_median_delta""]",1.0,"[""normal_le_2"", ""wide_gt_2""]",exploratory_insufficient_sessions,"[""close_after_300m""]","[""high_gt_5"", ""low_le_1"", ""medium_le_5"", ""zero""]"
-2.347922689323272e-16,cluster__2f6f9b66bf9da773,,,,1,not_supplied,1,ofi,0.0,-2.220446049250313e-16,"[""ccz_ofi_w2__m1__average""]",elastic_net__a1__l10.9,False,not_supplied,,"[""insufficient_distinct_sessions"", ""insufficient_eligible_folds"", ""positive_fold_fraction_below_gate"", ""nonpositive_median_delta""]",1.0,"[""wide_gt_2""]",exploratory_insufficient_sessions,"[""close_after_300m""]","[""high_gt_5"", ""low_le_1"", ""medium_le_5"", ""zero""]"
-6.817254939808967e-16,cluster__2f6f9b66bf9da773,,,,1,not_supplied,1,ofi,1.0,1.1102230246251565e-16,"[""ccz_ofi_w2__m1__average""]",elastic_net__a1__l11,True,not_supplied,,"[""insufficient_distinct_sessions"", ""insufficient_eligible_folds"", ""one_session_dominance""]",1.0,"[""normal_le_2"", ""wide_gt_2""]",exploratory_insufficient_sessions,"[""close_after_300m""]","[""high_gt_5"", ""low_le_1"", ""medium_le_5"", ""zero""]"
0.0,cluster__2f97bd40c280c05c,,,,1,not_supplied,1,ofi,0.0,0.0,"[""ccz_ofi_w1__m5__average""]",boosted_tree__d2__l4__lr0.05__n50__stop24,False,not_supplied,,"[""insufficient_distinct_sessions"", ""insufficient_eligible_folds"", ""positive_fold_fraction_below_gate"", ""nonpositive_median_delta""]",1.0,"[""normal_le_2"", ""wide_gt_2""]",exploratory_insufficient_sessions,"[""close_after_300m""]","[""high_gt_5"", ""low_le_1"", ""medium_le_5"", ""zero""]"
0.0,cluster__2f97bd40c280c05c,,,,1,not_supplied,1,ofi,0.0,0.0,"[""ccz_ofi_w1__m5__average""]",boosted_tree__d3__l8__lr0.05__n25__stop24,False,not_supplied,,"[""insufficient_distinct_sessions"", ""insufficient_eligible_folds"", ""positive_fold_fraction_below_gate"", ""nonpositive_median_delta""]",1.0,"[""normal_le_2"", ""wide_gt_2""]",exploratory_insufficient_sessions,"[""close_after_300m""]","[""high_gt_5"", ""low_le_1"", ""medium_le_5"", ""zero""]"
0.0,cluster__2f97bd40c280c05c,,,,1,not_supplied,1,ofi,0.0,0.0,"[""ccz_ofi_w1__m5__average""]",boosted_tree__d3__l8__lr0.05__n50__stop35,False,not_supplied,,"[""insufficient_distinct_sessions"", ""insufficient_eligible_folds"", ""positive_fold_fraction_below_gate"", ""nonpositive_median_delta""]",1.0,"[""wide_gt_2""]",exploratory_insufficient_sessions,"[""close_after_300m""]","[""high_gt_5"", ""low_le_1"", ""medium_le_5"", ""zero""]"
-1.167912000008199e-15,cluster__2f97bd40c280c05c,,,,1,not_supplied,1,ofi,0.0,0.0,"[""ccz_ofi_w1__m5__average""]",elastic_net__a1__l10.5,False,not_supplied,,"[""insufficient_distinct_sessions"", ""insufficient_eligible_folds"", ""positive_fold_fraction_below_gate"", ""nonpositive_median_delta""]",1.0,"[""normal_le_2"", ""wide_gt_2""]",exploratory_insufficient_sessions,"[""close_after_300m""]","[""high_gt_5"", ""low_le_1"", ""medium_le_5"", ""zero""]"
-2.347922689323272e-16,cluster__2f97bd40c280c05c,,,,1,not_supplied,1,ofi,0.0,-2.220446049250313e-16,"[""ccz_ofi_w1__m5__average""]",elastic_net__a1__l10.9,False,not_supplied,,"[""insufficient_distinct_sessions"", ""insufficient_eligible_folds"", ""positive_fold_fraction_below_gate"", ""nonpositive_median_delta""]",1.0,"[""wide_gt_2""]",exploratory_insufficient_sessions,"[""close_after_300m""]","[""high_gt_5"", ""low_le_1"", ""medium_le_5"", ""zero""]"
-6.817254939808967e-16,cluster__2f97bd40c280c05c,,,,1,not_supplied,1,ofi,1.0,1.1102230246251565e-16,"[""ccz_ofi_w1__m5__average""]",elastic_net__a1__l11,True,not_supplied,,"[""insufficient_distinct_sessions"", ""insufficient_eligible_folds"", ""one_session_dominance""]",1.0,"[""normal_le_2"", ""wide_gt_2""]",exploratory_insufficient_sessions,"[""close_after_300m""]","[""high_gt_5"", ""low_le_1"", ""medium_le_5"", ""zero""]"
0.0,cluster__372b2f68b07503c0,,,,1,not_supplied,1,ofi,0.0,0.0,"[""ccz_ofi_w0p5__m50__average""]",boosted_tree__d3__l8__lr0.05__n25__stop24,False,not_supplied,,"[""insufficient_distinct_sessions"", ""insufficient_eligible_folds"", ""positive_fold_fraction_below_gate"", ""nonpositive_median_delta""]",1.0,"[""normal_le_2"", ""wide_gt_2""]",exploratory_insufficient_sessions,"[""close_after_300m""]","[""high_gt_5"", ""low_le_1"", ""medium_le_5"", ""zero""]"
-1.167912000008199e-15,cluster__372b2f68b07503c0,,,,1,not_supplied,1,ofi,0.0,0.0,"[""ccz_ofi_w0p5__m50__average""]",elastic_net__a1__l10.5,False,not_supplied,,"[""insufficient_distinct_sessions"", ""insufficient_eligible_folds"", ""positive_fold_fraction_below_gate"", ""nonpositive_median_delta""]",1.0,"[""normal_le_2"", ""wide_gt_2""]",exploratory_insufficient_sessions,"[""close_after_300m""]","[""high_gt_5"", ""low_le_1"", ""medium_le_5"", ""zero""]"
0.0,cluster__394bc857d8fc4a57,,,,1,not_supplied,1,book_liquidity,0.0,0.0,"[""lob__order_count_imbalance_l5""]",boosted_tree__d2__l4__lr0.05__n50__stop24,False,not_supplied,,"[""insufficient_distinct_sessions"", ""insufficient_eligible_folds"", ""positive_fold_fraction_below_gate"", ""nonpositive_median_delta""]",1.0,"[""normal_le_2"", ""wide_gt_2""]",exploratory_insufficient_sessions,"[""close_after_300m""]","[""high_gt_5"", ""low_le_1"", ""medium_le_5"", ""zero""]"
0.0,cluster__394bc857d8fc4a57,,,,1,not_supplied,1,book_liquidity,0.0,0.0,"[""lob__order_count_imbalance_l5""]",boosted_tree__d3__l8__lr0.05__n25__stop24,False,not_supplied,,"[""insufficient_distinct_sessions"", ""insufficient_eligible_folds"", ""positive_fold_fraction_below_gate"", ""nonpositive_median_delta""]",1.0,"[""normal_le_2"", ""wide_gt_2""]",exploratory_insufficient_sessions,"[""close_after_300m""]","[""high_gt_5"", ""low_le_1"", ""medium_le_5"", ""zero""]"
0.0,cluster__394bc857d8fc4a57,,,,1,not_supplied,1,book_liquidity,0.0,0.0,"[""lob__order_count_imbalance_l5""]",boosted_tree__d3__l8__lr0.05__n50__stop35,False,not_supplied,,"[""insufficient_distinct_sessions"", ""insufficient_eligible_folds"", ""positive_fold_fraction_below_gate"", ""nonpositive_median_delta""]",1.0,"[""wide_gt_2""]",exploratory_insufficient_sessions,"[""close_after_300m""]","[""high_gt_5"", ""low_le_1"", ""medium_le_5"", ""zero""]"
-6.856076829730133e-13,cluster__394bc857d8fc4a57,negative,,1.0,1,not_supplied,1,book_liquidity,0.0,-4.440892098500626e-15,"[""lob__order_count_imbalance_l5""]",elastic_net__a1__l10.5,False,not_supplied,,"[""insufficient_distinct_sessions"", ""insufficient_eligible_folds"", ""positive_fold_fraction_below_gate"", ""nonpositive_median_delta""]",1.0,"[""normal_le_2"", ""wide_gt_2""]",exploratory_insufficient_sessions,"[""close_after_300m""]","[""high_gt_5"", ""low_le_1"", ""medium_le_5"", ""zero""]"
1.9862320702716767e-10,cluster__394bc857d8fc4a57,positive,,1.0,1,not_supplied,1,book_liquidity,1.0,4.4375614294267507e-13,"[""lob__order_count_imbalance_l5""]",elastic_net__a1__l10.9,True,not_supplied,,"[""insufficient_distinct_sessions"", ""insufficient_eligible_folds"", ""one_session_dominance""]",1.0,"[""wide_gt_2""]",exploratory_insufficient_sessions,"[""close_after_300m""]","[""high_gt_5"", ""low_le_1"", ""medium_le_5"", ""zero""]"
-2.2571693420536476e-14,cluster__394bc857d8fc4a57,,,,1,not_supplied,1,book_liquidity,0.0,0.0,"[""lob__order_count_imbalance_l5""]",elastic_net__a1__l11,False,not_supplied,,"[""insufficient_distinct_sessions"", ""insufficient_eligible_folds"", ""positive_fold_fraction_below_gate"", ""nonpositive_median_delta""]",1.0,"[""normal_le_2"", ""wide_gt_2""]",exploratory_insufficient_sessions,"[""close_after_300m""]","[""high_gt_5"", ""low_le_1"", ""medium_le_5"", ""zero""]"
0.0,cluster__3a128293ed568dc0,,,,1,not_supplied,1,book_liquidity,0.0,0.0,"[""lob__bid_average_order_size_proxy_5""]",boosted_tree__d2__l4__lr0.05__n50__stop24,False,not_supplied,,"[""insufficient_distinct_sessions"", ""insufficient_eligible_folds"", ""positive_fold_fraction_below_gate"", ""nonpositive_median_delta""]",1.0,"[""normal_le_2"", ""wide_gt_2""]",exploratory_insufficient_sessions,"[""close_after_300m""]","[""high_gt_5"", ""low_le_1"", ""medium_le_5"", ""zero""]"
0.22865399160805108,cluster__3a128293ed568dc0,positive,,1.0,1,not_supplied,1,book_liquidity,1.0,0.0014709371540433391,"[""lob__bid_average_order_size_proxy_5""]",boosted_tree__d3__l8__lr0.05__n25__stop24,True,not_supplied,,"[""insufficient_distinct_sessions"", ""insufficient_eligible_folds"", ""one_session_dominance""]",1.0,"[""normal_le_2"", ""wide_gt_2""]",exploratory_insufficient_sessions,"[""close_after_300m""]","[""high_gt_5"", ""low_le_1"", ""medium_le_5"", ""zero""]"
1.4137623657001148,cluster__3a128293ed568dc0,positive,,1.0,1,not_supplied,1,book_liquidity,1.0,0.003158580196806593,"[""lob__bid_average_order_size_proxy_5""]",boosted_tree__d3__l8__lr0.05__n50__stop35,True,not_supplied,,"[""insufficient_distinct_sessions"", ""insufficient_eligible_folds"", ""one_session_dominance""]",1.0,"[""wide_gt_2""]",exploratory_insufficient_sessions,"[""close_after_300m""]","[""high_gt_5"", ""low_le_1"", ""medium_le_5"", ""zero""]"
-4.1787331702776727e-13,cluster__3a128293ed568dc0,negative,,1.0,1,not_supplied,1,book_liquidity,0.0,-2.7755575615628914e-15,"[""lob__bid_average_order_size_proxy_5""]",elastic_net__a1__l10.5,False,not_supplied,,"[""insufficient_distinct_sessions"", ""insufficient_eligible_folds"", ""positive_fold_fraction_below_gate"", ""nonpositive_median_delta""]",1.0,"[""normal_le_2"", ""wide_gt_2""]",exploratory_insufficient_sessions,"[""close_after_300m""]","[""high_gt_5"", ""low_le_1"", ""medium_le_5"", ""zero""]"
-2.347922689323272e-16,cluster__3a128293ed568dc0,,,,1,not_supplied,1,book_liquidity,0.0,-2.220446049250313e-16,"[""lob__bid_average_order_size_proxy_5""]",elastic_net__a1__l10.9,False,not_supplied,,"[""insufficient_distinct_sessions"", ""insufficient_eligible_folds"", ""positive_fold_fraction_below_gate"", ""nonpositive_median_delta""]",1.0,"[""wide_gt_2""]",exploratory_insufficient_sessions,"[""close_after_300m""]","[""high_gt_5"", ""low_le_1"", ""medium_le_5"", ""zero""]"
-6.817254939808967e-16,cluster__3a128293ed568dc0,,,,1,not_supplied,1,book_liquidity,1.0,1.1102230246251565e-16,"[""lob__bid_average_order_size_proxy_5""]",elastic_net__a1__l11,True,not_supplied,,"[""insufficient_distinct_sessions"", ""insufficient_eligible_folds"", ""one_session_dominance""]",1.0,"[""normal_le_2"", ""wide_gt_2""]",exploratory_insufficient_sessions,"[""close_after_300m""]","[""high_gt_5"", ""low_le_1"", ""medium_le_5"", ""zero""]"
-0.12001627411103012,cluster__3b5a3dfcf12b13e5,negative,,1.0,1,not_supplied,1,surface_quality,0.0,-0.0002681363119421132,"[""quality__weighted_rmse_total_variance""]",boosted_tree__d3__l8__lr0.05__n50__stop35,False,not_supplied,,"[""insufficient_distinct_sessions"", ""insufficient_eligible_folds"", ""positive_fold_fraction_below_gate"", ""nonpositive_median_delta""]",1.0,"[""wide_gt_2""]",exploratory_insufficient_sessions,"[""close_after_300m""]","[""high_gt_5"", ""low_le_1"", ""medium_le_5"", ""zero""]"
2.716432948549563e-10,cluster__3b5a3dfcf12b13e5,positive,,1.0,1,not_supplied,1,surface_quality,1.0,6.068479052601106e-13,"[""quality__weighted_rmse_total_variance""]",elastic_net__a1__l10.9,True,not_supplied,,"[""insufficient_distinct_sessions"", ""insufficient_eligible_folds"", ""one_session_dominance""]",1.0,"[""wide_gt_2""]",exploratory_insufficient_sessions,"[""close_after_300m""]","[""high_gt_5"", ""low_le_1"", ""medium_le_5"", ""zero""]"
3.7886284115220783,cluster__3c67dd0616449c2d,positive,,1.0,1,not_supplied,1,price_path,1.0,0.011500190082081918,"[""price__displayed_mid_return_lag_30s_ticks""]",boosted_tree__d2__l4__lr0.05__n50__stop24,True,not_supplied,,"[""insufficient_distinct_sessions"", ""insufficient_eligible_folds"", ""one_session_dominance""]",1.0,"[""normal_le_2"", ""wide_gt_2""]",exploratory_insufficient_sessions,"[""close_after_300m""]","[""high_gt_5"", ""low_le_1"", ""medium_le_5"", ""zero""]"
-0.4617872410574861,cluster__3c67dd0616449c2d,negative,,1.0,1,not_supplied,1,price_path,0.0,-0.0029706894918286597,"[""price__displayed_mid_return_lag_30s_ticks""]",boosted_tree__d3__l8__lr0.05__n25__stop24,False,not_supplied,,"[""insufficient_distinct_sessions"", ""insufficient_eligible_folds"", ""positive_fold_fraction_below_gate"", ""nonpositive_median_delta""]",1.0,"[""normal_le_2"", ""wide_gt_2""]",exploratory_insufficient_sessions,"[""close_after_300m""]","[""high_gt_5"", ""low_le_1"", ""medium_le_5"", ""zero""]"
5.003578286916502,cluster__3c67dd0616449c2d,positive,,1.0,1,not_supplied,1,price_path,1.0,0.011178825857625307,"[""price__displayed_mid_return_lag_30s_ticks""]",boosted_tree__d3__l8__lr0.05__n50__stop35,True,not_supplied,,"[""insufficient_distinct_sessions"", ""insufficient_eligible_folds"", ""one_session_dominance""]",1.0,"[""wide_gt_2""]",exploratory_insufficient_sessions,"[""close_after_300m""]","[""high_gt_5"", ""low_le_1"", ""medium_le_5"", ""zero""]"
1.7017489125019518,cluster__3c67dd0616449c2d,positive,,1.0,1,not_supplied,1,price_path,1.0,0.01094739560262381,"[""price__displayed_mid_return_lag_30s_ticks""]",elastic_net__a1__l10.5,True,not_supplied,,"[""insufficient_distinct_sessions"", ""insufficient_eligible_folds"", ""one_session_dominance""]",1.0,"[""normal_le_2"", ""wide_gt_2""]",exploratory_insufficient_sessions,"[""close_after_300m""]","[""high_gt_5"", ""low_le_1"", ""medium_le_5"", ""zero""]"
8.801339842881498,cluster__3c67dd0616449c2d,positive,,1.0,1,not_supplied,1,price_path,1.0,0.01966365664241132,"[""price__displayed_mid_return_lag_30s_ticks""]",elastic_net__a1__l10.9,True,not_supplied,,"[""insufficient_distinct_sessions"", ""insufficient_eligible_folds"", ""one_session_dominance""]",1.0,"[""wide_gt_2""]",exploratory_insufficient_sessions,"[""close_after_300m""]","[""high_gt_5"", ""low_le_1"", ""medium_le_5"", ""zero""]"
0.10138905361294233,cluster__3c67dd0616449c2d,positive,,1.0,1,not_supplied,1,price_path,1.0,0.0003077613484726571,"[""price__displayed_mid_return_lag_30s_ticks""]",elastic_net__a1__l11,True,not_supplied,,"[""insufficient_distinct_sessions"", ""insufficient_eligible_folds"", ""one_session_dominance""]",1.0,"[""normal_le_2"", ""wide_gt_2""]",exploratory_insufficient_sessions,"[""close_after_300m""]","[""high_gt_5"", ""low_le_1"", ""medium_le_5"", ""zero""]"
0.0,cluster__3cf051d5429a5851,,,,1,not_supplied,1,ofi,0.0,0.0,"[""ccz_ofi_w2__m100__average"", ""ccz_ofi_w2__m200__average""]",boosted_tree__d2__l4__lr0.05__n50__stop24,False,not_supplied,,"[""insufficient_distinct_sessions"", ""insufficient_eligible_folds"", ""positive_fold_fraction_below_gate"", ""nonpositive_median_delta""]",1.0,"[""normal_le_2"", ""wide_gt_2""]",exploratory_insufficient_sessions,"[""close_after_300m""]","[""high_gt_5"", ""low_le_1"", ""medium_le_5"", ""zero""]"
0.0,cluster__3cf051d5429a5851,,,,1,not_supplied,1,ofi,0.0,0.0,"[""ccz_ofi_w2__m100__average"", ""ccz_ofi_w2__m200__average""]",boosted_tree__d3__l8__lr0.05__n25__stop24,False,not_supplied,,"[""insufficient_distinct_sessions"", ""insufficient_eligible_folds"", ""positive_fold_fraction_below_gate"", ""nonpositive_median_delta""]",1.0,"[""normal_le_2"", ""wide_gt_2""]",exploratory_insufficient_sessions,"[""close_after_300m""]","[""high_gt_5"", ""low_le_1"", ""medium_le_5"", ""zero""]"
0.0,cluster__3cf051d5429a5851,,,,1,not_supplied,1,ofi,0.0,0.0,"[""ccz_ofi_w2__m100__average"", ""ccz_ofi_w2__m200__average""]",boosted_tree__d3__l8__lr0.05__n50__stop35,False,not_supplied,,"[""insufficient_distinct_sessions"", ""insufficient_eligible_folds"", ""positive_fold_fraction_below_gate"", ""nonpositive_median_delta""]",1.0,"[""wide_gt_2""]",exploratory_insufficient_sessions,"[""close_after_300m""]","[""high_gt_5"", ""low_le_1"", ""medium_le_5"", ""zero""]"
-1.5101800677070955e-15,cluster__3cf051d5429a5851,,,,1,not_supplied,1,ofi,0.0,0.0,"[""ccz_ofi_w2__m100__average"", ""ccz_ofi_w2__m200__average""]",elastic_net__a1__l10.5,False,not_supplied,,"[""insufficient_distinct_sessions"", ""insufficient_eligible_folds"", ""positive_fold_fraction_below_gate"", ""nonpositive_median_delta""]",1.0,"[""normal_le_2"", ""wide_gt_2""]",exploratory_insufficient_sessions,"[""close_after_300m""]","[""high_gt_5"", ""low_le_1"", ""medium_le_5"", ""zero""]"
-8.288004529982233e-16,cluster__3cf051d5429a5851,,,,1,not_supplied,1,ofi,0.0,-2.220446049250313e-16,"[""ccz_ofi_w2__m100__average"", ""ccz_ofi_w2__m200__average""]",elastic_net__a1__l10.9,False,not_supplied,,"[""insufficient_distinct_sessions"", ""insufficient_eligible_folds"", ""positive_fold_fraction_below_gate"", ""nonpositive_median_delta""]",1.0,"[""wide_gt_2""]",exploratory_insufficient_sessions,"[""close_after_300m""]","[""high_gt_5"", ""low_le_1"", ""medium_le_5"", ""zero""]"
-3.103485705223677e-16,cluster__3cf051d5429a5851,,,,1,not_supplied,1,ofi,0.0,0.0,"[""ccz_ofi_w2__m100__average"", ""ccz_ofi_w2__m200__average""]",elastic_net__a1__l11,False,not_supplied,,"[""insufficient_distinct_sessions"", ""insufficient_eligible_folds"", ""positive_fold_fraction_below_gate"", ""nonpositive_median_delta""]",1.0,"[""normal_le_2"", ""wide_gt_2""]",exploratory_insufficient_sessions,"[""close_after_300m""]","[""high_gt_5"", ""low_le_1"", ""medium_le_5"", ""zero""]"
0.0,cluster__3e5336b9c24613b3,,,,1,not_supplied,1,ofi,0.0,0.0,"[""ccz_ofi_w2__m5__average""]",boosted_tree__d2__l4__lr0.05__n50__stop24,False,not_supplied,,"[""insufficient_distinct_sessions"", ""insufficient_eligible_folds"", ""positive_fold_fraction_below_gate"", ""nonpositive_median_delta""]",1.0,"[""normal_le_2"", ""wide_gt_2""]",exploratory_insufficient_sessions,"[""close_after_300m""]","[""high_gt_5"", ""low_le_1"", ""medium_le_5"", ""zero""]"
0.0,cluster__3e5336b9c24613b3,,,,1,not_supplied,1,ofi,0.0,0.0,"[""ccz_ofi_w2__m5__average""]",boosted_tree__d3__l8__lr0.05__n25__stop24,False,not_supplied,,"[""insufficient_distinct_sessions"", ""insufficient_eligible_folds"", ""positive_fold_fraction_below_gate"", ""nonpositive_median_delta""]",1.0,"[""normal_le_2"", ""wide_gt_2""]",exploratory_insufficient_sessions,"[""close_after_300m""]","[""high_gt_5"", ""low_le_1"", ""medium_le_5"", ""zero""]"
0.0,cluster__3e5336b9c24613b3,,,,1,not_supplied,1,ofi,0.0,0.0,"[""ccz_ofi_w2__m5__average""]",boosted_tree__d3__l8__lr0.05__n50__stop35,False,not_supplied,,"[""insufficient_distinct_sessions"", ""insufficient_eligible_folds"", ""positive_fold_fraction_below_gate"", ""nonpositive_median_delta""]",1.0,"[""wide_gt_2""]",exploratory_insufficient_sessions,"[""close_after_300m""]","[""high_gt_5"", ""low_le_1"", ""medium_le_5"", ""zero""]"
-1.5101800677070955e-15,cluster__3e5336b9c24613b3,,,,1,not_supplied,1,ofi,0.0,0.0,"[""ccz_ofi_w2__m5__average""]",elastic_net__a1__l10.5,False,not_supplied,,"[""insufficient_distinct_sessions"", ""insufficient_eligible_folds"", ""positive_fold_fraction_below_gate"", ""nonpositive_median_delta""]",1.0,"[""normal_le_2"", ""wide_gt_2""]",exploratory_insufficient_sessions,"[""close_after_300m""]","[""high_gt_5"", ""low_le_1"", ""medium_le_5"", ""zero""]"
-8.288004529982233e-16,cluster__3e5336b9c24613b3,,,,1,not_supplied,1,ofi,0.0,-2.220446049250313e-16,"[""ccz_ofi_w2__m5__average""]",elastic_net__a1__l10.9,False,not_supplied,,"[""insufficient_distinct_sessions"", ""insufficient_eligible_folds"", ""positive_fold_fraction_below_gate"", ""nonpositive_median_delta""]",1.0,"[""wide_gt_2""]",exploratory_insufficient_sessions,"[""close_after_300m""]","[""high_gt_5"", ""low_le_1"", ""medium_le_5"", ""zero""]"
-3.103485705223677e-16,cluster__3e5336b9c24613b3,,,,1,not_supplied,1,ofi,0.0,0.0,"[""ccz_ofi_w2__m5__average""]",elastic_net__a1__l11,False,not_supplied,,"[""insufficient_distinct_sessions"", ""insufficient_eligible_folds"", ""positive_fold_fraction_below_gate"", ""nonpositive_median_delta""]",1.0,"[""normal_le_2"", ""wide_gt_2""]",exploratory_insufficient_sessions,"[""close_after_300m""]","[""high_gt_5"", ""low_le_1"", ""medium_le_5"", ""zero""]"
0.0,cluster__421a4a1c5073e265,,,,1,not_supplied,1,ofi,0.0,0.0,"[""ofi__w2__average_m20_minus_m200""]",boosted_tree__d2__l4__lr0.05__n50__stop24,False,not_supplied,,"[""insufficient_distinct_sessions"", ""insufficient_eligible_folds"", ""positive_fold_fraction_below_gate"", ""nonpositive_median_delta""]",1.0,"[""normal_le_2"", ""wide_gt_2""]",exploratory_insufficient_sessions,"[""close_after_300m""]","[""high_gt_5"", ""low_le_1"", ""medium_le_5"", ""zero""]"
0.0,cluster__421a4a1c5073e265,,,,1,not_supplied,1,ofi,0.0,0.0,"[""ofi__w2__average_m20_minus_m200""]",boosted_tree__d3__l8__lr0.05__n25__stop24,False,not_supplied,,"[""insufficient_distinct_sessions"", ""insufficient_eligible_folds"", ""positive_fold_fraction_below_gate"", ""nonpositive_median_delta""]",1.0,"[""normal_le_2"", ""wide_gt_2""]",exploratory_insufficient_sessions,"[""close_after_300m""]","[""high_gt_5"", ""low_le_1"", ""medium_le_5"", ""zero""]"
0.0,cluster__421a4a1c5073e265,,,,1,not_supplied,1,ofi,0.0,0.0,"[""ofi__w2__average_m20_minus_m200""]",boosted_tree__d3__l8__lr0.05__n50__stop35,False,not_supplied,,"[""insufficient_distinct_sessions"", ""insufficient_eligible_folds"", ""positive_fold_fraction_below_gate"", ""nonpositive_median_delta""]",1.0,"[""wide_gt_2""]",exploratory_insufficient_sessions,"[""close_after_300m""]","[""high_gt_5"", ""low_le_1"", ""medium_le_5"", ""zero""]"
-1.5101800677070955e-15,cluster__421a4a1c5073e265,,,,1,not_supplied,1,ofi,0.0,0.0,"[""ofi__w2__average_m20_minus_m200""]",elastic_net__a1__l10.5,False,not_supplied,,"[""insufficient_distinct_sessions"", ""insufficient_eligible_folds"", ""positive_fold_fraction_below_gate"", ""nonpositive_median_delta""]",1.0,"[""normal_le_2"", ""wide_gt_2""]",exploratory_insufficient_sessions,"[""close_after_300m""]","[""high_gt_5"", ""low_le_1"", ""medium_le_5"", ""zero""]"
-8.288004529982233e-16,cluster__421a4a1c5073e265,,,,1,not_supplied,1,ofi,0.0,-2.220446049250313e-16,"[""ofi__w2__average_m20_minus_m200""]",elastic_net__a1__l10.9,False,not_supplied,,"[""insufficient_distinct_sessions"", ""insufficient_eligible_folds"", ""positive_fold_fraction_below_gate"", ""nonpositive_median_delta""]",1.0,"[""wide_gt_2""]",exploratory_insufficient_sessions,"[""close_after_300m""]","[""high_gt_5"", ""low_le_1"", ""medium_le_5"", ""zero""]"
-3.103485705223677e-16,cluster__421a4a1c5073e265,,,,1,not_supplied,1,ofi,0.0,0.0,"[""ofi__w2__average_m20_minus_m200""]",elastic_net__a1__l11,False,not_supplied,,"[""insufficient_distinct_sessions"", ""insufficient_eligible_folds"", ""positive_fold_fraction_below_gate"", ""nonpositive_median_delta""]",1.0,"[""normal_le_2"", ""wide_gt_2""]",exploratory_insufficient_sessions,"[""close_after_300m""]","[""high_gt_5"", ""low_le_1"", ""medium_le_5"", ""zero""]"
0.0,cluster__453e45b37c54e768,,,,1,not_supplied,1,ofi,0.0,0.0,"[""ofi__w0p5__average_m20_minus_m200""]",boosted_tree__d2__l4__lr0.05__n50__stop24,False,not_supplied,,"[""insufficient_distinct_sessions"", ""insufficient_eligible_folds"", ""positive_fold_fraction_below_gate"", ""nonpositive_median_delta""]",1.0,"[""normal_le_2"", ""wide_gt_2""]",exploratory_insufficient_sessions,"[""close_after_300m""]","[""high_gt_5"", ""low_le_1"", ""medium_le_5"", ""zero""]"
0.0,cluster__453e45b37c54e768,,,,1,not_supplied,1,ofi,0.0,0.0,"[""ofi__w0p5__average_m20_minus_m200""]",boosted_tree__d3__l8__lr0.05__n25__stop24,False,not_supplied,,"[""insufficient_distinct_sessions"", ""insufficient_eligible_folds"", ""positive_fold_fraction_below_gate"", ""nonpositive_median_delta""]",1.0,"[""normal_le_2"", ""wide_gt_2""]",exploratory_insufficient_sessions,"[""close_after_300m""]","[""high_gt_5"", ""low_le_1"", ""medium_le_5"", ""zero""]"
0.0,cluster__453e45b37c54e768,,,,1,not_supplied,1,ofi,0.0,0.0,"[""ofi__w0p5__average_m20_minus_m200""]",boosted_tree__d3__l8__lr0.05__n50__stop35,False,not_supplied,,"[""insufficient_distinct_sessions"", ""insufficient_eligible_folds"", ""positive_fold_fraction_below_gate"", ""nonpositive_median_delta""]",1.0,"[""wide_gt_2""]",exploratory_insufficient_sessions,"[""close_after_300m""]","[""high_gt_5"", ""low_le_1"", ""medium_le_5"", ""zero""]"
-1.5101800677070955e-15,cluster__453e45b37c54e768,,,,1,not_supplied,1,ofi,0.0,0.0,"[""ofi__w0p5__average_m20_minus_m200""]",elastic_net__a1__l10.5,False,not_supplied,,"[""insufficient_distinct_sessions"", ""insufficient_eligible_folds"", ""positive_fold_fraction_below_gate"", ""nonpositive_median_delta""]",1.0,"[""normal_le_2"", ""wide_gt_2""]",exploratory_insufficient_sessions,"[""close_after_300m""]","[""high_gt_5"", ""low_le_1"", ""medium_le_5"", ""zero""]"
-8.288004529982233e-16,cluster__453e45b37c54e768,,,,1,not_supplied,1,ofi,0.0,-2.220446049250313e-16,"[""ofi__w0p5__average_m20_minus_m200""]",elastic_net__a1__l10.9,False,not_supplied,,"[""insufficient_distinct_sessions"", ""insufficient_eligible_folds"", ""positive_fold_fraction_below_gate"", ""nonpositive_median_delta""]",1.0,"[""wide_gt_2""]",exploratory_insufficient_sessions,"[""close_after_300m""]","[""high_gt_5"", ""low_le_1"", ""medium_le_5"", ""zero""]"
-3.103485705223677e-16,cluster__453e45b37c54e768,,,,1,not_supplied,1,ofi,0.0,0.0,"[""ofi__w0p5__average_m20_minus_m200""]",elastic_net__a1__l11,False,not_supplied,,"[""insufficient_distinct_sessions"", ""insufficient_eligible_folds"", ""positive_fold_fraction_below_gate"", ""nonpositive_median_delta""]",1.0,"[""normal_le_2"", ""wide_gt_2""]",exploratory_insufficient_sessions,"[""close_after_300m""]","[""high_gt_5"", ""low_le_1"", ""medium_le_5"", ""zero""]"
0.0,cluster__477b0804b0e235c3,,,,1,not_supplied,1,interaction,0.0,0.0,"[""interaction__ofi_w10_m10_x_lagged_move_scale""]",boosted_tree__d2__l4__lr0.05__n50__stop24,False,not_supplied,,"[""insufficient_distinct_sessions"", ""insufficient_eligible_folds"", ""positive_fold_fraction_below_gate"", ""nonpositive_median_delta""]",1.0,"[""normal_le_2"", ""wide_gt_2""]",exploratory_insufficient_sessions,"[""close_after_300m""]","[""high_gt_5"", ""low_le_1"", ""medium_le_5"", ""zero""]"
0.23786408686214272,cluster__477b0804b0e235c3,positive,,1.0,1,not_supplied,1,interaction,1.0,0.0015301859395391304,"[""interaction__ofi_w10_m10_x_lagged_move_scale""]",boosted_tree__d3__l8__lr0.05__n25__stop24,True,not_supplied,,"[""insufficient_distinct_sessions"", ""insufficient_eligible_folds"", ""one_session_dominance""]",1.0,"[""normal_le_2"", ""wide_gt_2""]",exploratory_insufficient_sessions,"[""close_after_300m""]","[""high_gt_5"", ""low_le_1"", ""medium_le_5"", ""zero""]"
0.0,cluster__477b0804b0e235c3,,,,1,not_supplied,1,interaction,0.0,0.0,"[""interaction__ofi_w10_m10_x_lagged_move_scale""]",boosted_tree__d3__l8__lr0.05__n50__stop35,False,not_supplied,,"[""insufficient_distinct_sessions"", ""insufficient_eligible_folds"", ""positive_fold_fraction_below_gate"", ""nonpositive_median_delta""]",1.0,"[""wide_gt_2""]",exploratory_insufficient_sessions,"[""close_after_300m""]","[""high_gt_5"", ""low_le_1"", ""medium_le_5"", ""zero""]"
-1.456662634279855e-12,cluster__477b0804b0e235c3,negative,,1.0,1,not_supplied,1,interaction,0.0,-9.43689570931383e-15,"[""interaction__ofi_w10_m10_x_lagged_move_scale""]",elastic_net__a1__l10.5,False,not_supplied,,"[""insufficient_distinct_sessions"", ""insufficient_eligible_folds"", ""positive_fold_fraction_below_gate"", ""nonpositive_median_delta""]",1.0,"[""normal_le_2"", ""wide_gt_2""]",exploratory_insufficient_sessions,"[""close_after_300m""]","[""high_gt_5"", ""low_le_1"", ""medium_le_5"", ""zero""]"
-3.4656033919419436e-11,cluster__477b0804b0e235c3,negative,,1.0,1,not_supplied,1,interaction,0.0,-7.749356711883593e-14,"[""interaction__ofi_w10_m10_x_lagged_move_scale""]",elastic_net__a1__l10.9,False,not_supplied,,"[""insufficient_distinct_sessions"", ""insufficient_eligible_folds"", ""positive_fold_fraction_below_gate"", ""nonpositive_median_delta""]",1.0,"[""wide_gt_2""]",exploratory_insufficient_sessions,"[""close_after_300m""]","[""high_gt_5"", ""low_le_1"", ""medium_le_5"", ""zero""]"
-1.1898103446337734e-12,cluster__477b0804b0e235c3,negative,,1.0,1,not_supplied,1,interaction,0.0,-3.552713678800501e-15,"[""interaction__ofi_w10_m10_x_lagged_move_scale""]",elastic_net__a1__l11,False,not_supplied,,"[""insufficient_distinct_sessions"", ""insufficient_eligible_folds"", ""positive_fold_fraction_below_gate"", ""nonpositive_median_delta""]",1.0,"[""normal_le_2"", ""wide_gt_2""]",exploratory_insufficient_sessions,"[""close_after_300m""]","[""high_gt_5"", ""low_le_1"", ""medium_le_5"", ""zero""]"
0.0,cluster__4a28d5e18578418a,,,,1,not_supplied,1,ofi,0.0,0.0,"[""ccz_ofi_w1__m20__average"", ""ccz_ofi_w1__m50__average""]",boosted_tree__d2__l4__lr0.05__n50__stop24,False,not_supplied,,"[""insufficient_distinct_sessions"", ""insufficient_eligible_folds"", ""positive_fold_fraction_below_gate"", ""nonpositive_median_delta""]",1.0,"[""normal_le_2"", ""wide_gt_2""]",exploratory_insufficient_sessions,"[""close_after_300m""]","[""high_gt_5"", ""low_le_1"", ""medium_le_5"", ""zero""]"
0.0,cluster__4a28d5e18578418a,,,,1,not_supplied,1,ofi,0.0,0.0,"[""ccz_ofi_w1__m20__average"", ""ccz_ofi_w1__m50__average""]",boosted_tree__d3__l8__lr0.05__n25__stop24,False,not_supplied,,"[""insufficient_distinct_sessions"", ""insufficient_eligible_folds"", ""positive_fold_fraction_below_gate"", ""nonpositive_median_delta""]",1.0,"[""normal_le_2"", ""wide_gt_2""]",exploratory_insufficient_sessions,"[""close_after_300m""]","[""high_gt_5"", ""low_le_1"", ""medium_le_5"", ""zero""]"
0.0,cluster__4a28d5e18578418a,,,,1,not_supplied,1,ofi,0.0,0.0,"[""ccz_ofi_w1__m20__average"", ""ccz_ofi_w1__m50__average""]",boosted_tree__d3__l8__lr0.05__n50__stop35,False,not_supplied,,"[""insufficient_distinct_sessions"", ""insufficient_eligible_folds"", ""positive_fold_fraction_below_gate"", ""nonpositive_median_delta""]",1.0,"[""wide_gt_2""]",exploratory_insufficient_sessions,"[""close_after_300m""]","[""high_gt_5"", ""low_le_1"", ""medium_le_5"", ""zero""]"
-1.5101800677070955e-15,cluster__4a28d5e18578418a,,,,1,not_supplied,1,ofi,0.0,0.0,"[""ccz_ofi_w1__m20__average"", ""ccz_ofi_w1__m50__average""]",elastic_net__a1__l10.5,False,not_supplied,,"[""insufficient_distinct_sessions"", ""insufficient_eligible_folds"", ""positive_fold_fraction_below_gate"", ""nonpositive_median_delta""]",1.0,"[""normal_le_2"", ""wide_gt_2""]",exploratory_insufficient_sessions,"[""close_after_300m""]","[""high_gt_5"", ""low_le_1"", ""medium_le_5"", ""zero""]"
-8.288004529982233e-16,cluster__4a28d5e18578418a,,,,1,not_supplied,1,ofi,0.0,-2.220446049250313e-16,"[""ccz_ofi_w1__m20__average"", ""ccz_ofi_w1__m50__average""]",elastic_net__a1__l10.9,False,not_supplied,,"[""insufficient_distinct_sessions"", ""insufficient_eligible_folds"", ""positive_fold_fraction_below_gate"", ""nonpositive_median_delta""]",1.0,"[""wide_gt_2""]",exploratory_insufficient_sessions,"[""close_after_300m""]","[""high_gt_5"", ""low_le_1"", ""medium_le_5"", ""zero""]"
-3.103485705223677e-16,cluster__4a28d5e18578418a,,,,1,not_supplied,1,ofi,0.0,0.0,"[""ccz_ofi_w1__m20__average"", ""ccz_ofi_w1__m50__average""]",elastic_net__a1__l11,False,not_supplied,,"[""insufficient_distinct_sessions"", ""insufficient_eligible_folds"", ""positive_fold_fraction_below_gate"", ""nonpositive_median_delta""]",1.0,"[""normal_le_2"", ""wide_gt_2""]",exploratory_insufficient_sessions,"[""close_after_300m""]","[""high_gt_5"", ""low_le_1"", ""medium_le_5"", ""zero""]"
-1.8310877333137143,cluster__4e66a854583b258d,negative,,1.0,1,not_supplied,1,price_path,0.0,-0.005558174279122974,"[""price__displayed_mid_return_lag_5s_ticks""]",boosted_tree__d2__l4__lr0.05__n50__stop24,False,not_supplied,,"[""insufficient_distinct_sessions"", ""insufficient_eligible_folds"", ""positive_fold_fraction_below_gate"", ""nonpositive_median_delta""]",1.0,"[""normal_le_2"", ""wide_gt_2""]",exploratory_insufficient_sessions,"[""close_after_300m""]","[""high_gt_5"", ""low_le_1"", ""medium_le_5"", ""zero""]"
2.3159228827106357,cluster__4e66a854583b258d,positive,,1.0,1,not_supplied,1,price_path,1.0,0.014898392939136418,"[""price__displayed_mid_return_lag_5s_ticks""]",boosted_tree__d3__l8__lr0.05__n25__stop24,True,not_supplied,,"[""insufficient_distinct_sessions"", ""insufficient_eligible_folds"", ""one_session_dominance""]",1.0,"[""normal_le_2"", ""wide_gt_2""]",exploratory_insufficient_sessions,"[""close_after_300m""]","[""high_gt_5"", ""low_le_1"", ""medium_le_5"", ""zero""]"
-0.9485919112142747,cluster__4e66a854583b258d,negative,,1.0,1,not_supplied,1,price_path,0.0,-0.0021193120557629896,"[""price__displayed_mid_return_lag_5s_ticks""]",boosted_tree__d3__l8__lr0.05__n50__stop35,False,not_supplied,,"[""insufficient_distinct_sessions"", ""insufficient_eligible_folds"", ""positive_fold_fraction_below_gate"", ""nonpositive_median_delta""]",1.0,"[""wide_gt_2""]",exploratory_insufficient_sessions,"[""close_after_300m""]","[""high_gt_5"", ""low_le_1"", ""medium_le_5"", ""zero""]"
-0.256829654017221,cluster__4e66a854583b258d,negative,,1.0,1,not_supplied,1,price_path,0.0,-0.0016521919328733592,"[""price__displayed_mid_return_lag_5s_ticks""]",elastic_net__a1__l10.5,False,not_supplied,,"[""insufficient_distinct_sessions"", ""insufficient_eligible_folds"", ""positive_fold_fraction_below_gate"", ""nonpositive_median_delta""]",1.0,"[""normal_le_2"", ""wide_gt_2""]",exploratory_insufficient_sessions,"[""close_after_300m""]","[""high_gt_5"", ""low_le_1"", ""medium_le_5"", ""zero""]"
-2.1759899291840052,cluster__4e66a854583b258d,negative,,1.0,1,not_supplied,1,price_path,0.0,-0.004861523312206573,"[""price__displayed_mid_return_lag_5s_ticks""]",elastic_net__a1__l10.9,False,not_supplied,,"[""insufficient_distinct_sessions"", ""insufficient_eligible_folds"", ""positive_fold_fraction_below_gate"", ""nonpositive_median_delta""]",1.0,"[""wide_gt_2""]",exploratory_insufficient_sessions,"[""close_after_300m""]","[""high_gt_5"", ""low_le_1"", ""medium_le_5"", ""zero""]"
0.3161717810397075,cluster__4e66a854583b258d,positive,,1.0,1,not_supplied,1,price_path,1.0,0.0009597234633751395,"[""price__displayed_mid_return_lag_5s_ticks""]",elastic_net__a1__l11,True,not_supplied,,"[""insufficient_distinct_sessions"", ""insufficient_eligible_folds"", ""one_session_dominance""]",1.0,"[""normal_le_2"", ""wide_gt_2""]",exploratory_insufficient_sessions,"[""close_after_300m""]","[""high_gt_5"", ""low_le_1"", ""medium_le_5"", ""zero""]"
0.0,cluster__4e7b6658b598876b,,,,1,not_supplied,1,surface_quality,0.0,0.0,"[""quality__worst_instrument_age_seconds""]",boosted_tree__d2__l4__lr0.05__n50__stop24,False,not_supplied,,"[""insufficient_distinct_sessions"", ""insufficient_eligible_folds"", ""positive_fold_fraction_below_gate"", ""nonpositive_median_delta""]",1.0,"[""normal_le_2"", ""wide_gt_2""]",exploratory_insufficient_sessions,"[""close_after_300m""]","[""high_gt_5"", ""low_le_1"", ""medium_le_5"", ""zero""]"
0.0,cluster__4e7b6658b598876b,,,,1,not_supplied,1,surface_quality,0.0,0.0,"[""quality__worst_instrument_age_seconds""]",boosted_tree__d3__l8__lr0.05__n25__stop24,False,not_supplied,,"[""insufficient_distinct_sessions"", ""insufficient_eligible_folds"", ""positive_fold_fraction_below_gate"", ""nonpositive_median_delta""]",1.0,"[""normal_le_2"", ""wide_gt_2""]",exploratory_insufficient_sessions,"[""close_after_300m""]","[""high_gt_5"", ""low_le_1"", ""medium_le_5"", ""zero""]"
3.544231419045112e-13,cluster__4e7b6658b598876b,positive,,1.0,1,not_supplied,1,surface_quality,1.0,2.3314683517128287e-15,"[""quality__worst_instrument_age_seconds""]",elastic_net__a1__l10.5,True,not_supplied,,"[""insufficient_distinct_sessions"", ""insufficient_eligible_folds"", ""one_session_dominance""]",1.0,"[""normal_le_2"", ""wide_gt_2""]",exploratory_insufficient_sessions,"[""close_after_300m""]","[""high_gt_5"", ""low_le_1"", ""medium_le_5"", ""zero""]"
-1.6363033448524487,cluster__4e7b6658b598876b,negative,,1.0,1,not_supplied,1,surface_quality,0.0,-0.004966916111519448,"[""quality__worst_instrument_age_seconds""]",elastic_net__a1__l11,False,not_supplied,,"[""insufficient_distinct_sessions"", ""insufficient_eligible_folds"", ""positive_fold_fraction_below_gate"", ""nonpositive_median_delta""]",1.0,"[""normal_le_2"", ""wide_gt_2""]",exploratory_insufficient_sessions,"[""close_after_300m""]","[""high_gt_5"", ""low_le_1"", ""medium_le_5"", ""zero""]"
0.0,cluster__4f2f17103c6e4b0f,,,,1,not_supplied,1,price_path,0.0,0.0,"[""price__displayed_mid_return_lag_2s_ticks""]",boosted_tree__d2__l4__lr0.05__n50__stop24,False,not_supplied,,"[""insufficient_distinct_sessions"", ""insufficient_eligible_folds"", ""positive_fold_fraction_below_gate"", ""nonpositive_median_delta""]",1.0,"[""normal_le_2"", ""wide_gt_2""]",exploratory_insufficient_sessions,"[""close_after_300m""]","[""high_gt_5"", ""low_le_1"", ""medium_le_5"", ""zero""]"
0.0,cluster__4f2f17103c6e4b0f,,,,1,not_supplied,1,price_path,0.0,0.0,"[""price__displayed_mid_return_lag_2s_ticks""]",boosted_tree__d3__l8__lr0.05__n25__stop24,False,not_supplied,,"[""insufficient_distinct_sessions"", ""insufficient_eligible_folds"", ""positive_fold_fraction_below_gate"", ""nonpositive_median_delta""]",1.0,"[""normal_le_2"", ""wide_gt_2""]",exploratory_insufficient_sessions,"[""close_after_300m""]","[""high_gt_5"", ""low_le_1"", ""medium_le_5"", ""zero""]"
0.0,cluster__4f2f17103c6e4b0f,,,,1,not_supplied,1,price_path,0.0,0.0,"[""price__displayed_mid_return_lag_2s_ticks""]",boosted_tree__d3__l8__lr0.05__n50__stop35,False,not_supplied,,"[""insufficient_distinct_sessions"", ""insufficient_eligible_folds"", ""positive_fold_fraction_below_gate"", ""nonpositive_median_delta""]",1.0,"[""wide_gt_2""]",exploratory_insufficient_sessions,"[""close_after_300m""]","[""high_gt_5"", ""low_le_1"", ""medium_le_5"", ""zero""]"
0.028711414189525167,cluster__4f2f17103c6e4b0f,positive,,1.0,1,not_supplied,1,price_path,1.0,0.00018470128415204456,"[""price__displayed_mid_return_lag_2s_ticks""]",elastic_net__a1__l10.5,True,not_supplied,,"[""insufficient_distinct_sessions"", ""insufficient_eligible_folds"", ""one_session_dominance""]",1.0,"[""normal_le_2"", ""wide_gt_2""]",exploratory_insufficient_sessions,"[""close_after_300m""]","[""high_gt_5"", ""low_le_1"", ""medium_le_5"", ""zero""]"
-2.4321338052658817e-15,cluster__4f2f17103c6e4b0f,,,,1,not_supplied,1,price_path,0.0,-2.220446049250313e-16,"[""price__displayed_mid_return_lag_2s_ticks""]",elastic_net__a1__l10.9,False,not_supplied,,"[""insufficient_distinct_sessions"", ""insufficient_eligible_folds"", ""positive_fold_fraction_below_gate"", ""nonpositive_median_delta""]",1.0,"[""wide_gt_2""]",exploratory_insufficient_sessions,"[""close_after_300m""]","[""high_gt_5"", ""low_le_1"", ""medium_le_5"", ""zero""]"
-1.850097569709905e-15,cluster__4f2f17103c6e4b0f,,,,1,not_supplied,1,price_path,0.0,0.0,"[""price__displayed_mid_return_lag_2s_ticks""]",elastic_net__a1__l11,False,not_supplied,,"[""insufficient_distinct_sessions"", ""insufficient_eligible_folds"", ""positive_fold_fraction_below_gate"", ""nonpositive_median_delta""]",1.0,"[""normal_le_2"", ""wide_gt_2""]",exploratory_insufficient_sessions,"[""close_after_300m""]","[""high_gt_5"", ""low_le_1"", ""medium_le_5"", ""zero""]"
0.180978441717102,cluster__586a389aaf56ab73,positive,,1.0,1,not_supplied,1,ofi,1.0,0.00040433593079391983,"[""ccz_ofi_w10__m200__average""]",boosted_tree__d3__l8__lr0.05__n50__stop35,True,not_supplied,,"[""insufficient_distinct_sessions"", ""insufficient_eligible_folds"", ""one_session_dominance""]",1.0,"[""wide_gt_2""]",exploratory_insufficient_sessions,"[""close_after_300m""]","[""high_gt_5"", ""low_le_1"", ""medium_le_5"", ""zero""]"
-2.4321338052658817e-15,cluster__586a389aaf56ab73,,,,1,not_supplied,1,ofi,0.0,-2.220446049250313e-16,"[""ccz_ofi_w10__m200__average""]",elastic_net__a1__l10.9,False,not_supplied,,"[""insufficient_distinct_sessions"", ""insufficient_eligible_folds"", ""positive_fold_fraction_below_gate"", ""nonpositive_median_delta""]",1.0,"[""wide_gt_2""]",exploratory_insufficient_sessions,"[""close_after_300m""]","[""high_gt_5"", ""low_le_1"", ""medium_le_5"", ""zero""]"
0.0,cluster__5a65732a4a4ff188,,,,1,not_supplied,1,book_liquidity,0.0,0.0,"[""lob__ask_curvature"", ""lob__ask_slope""]",boosted_tree__d2__l4__lr0.05__n50__stop24,False,not_supplied,,"[""insufficient_distinct_sessions"", ""insufficient_eligible_folds"", ""positive_fold_fraction_below_gate"", ""nonpositive_median_delta""]",1.0,"[""normal_le_2"", ""wide_gt_2""]",exploratory_insufficient_sessions,"[""close_after_300m""]","[""high_gt_5"", ""low_le_1"", ""medium_le_5"", ""zero""]"
0.5215765216823268,cluster__5a65732a4a4ff188,positive,,1.0,1,not_supplied,1,book_liquidity,1.0,0.003355315509796286,"[""lob__ask_curvature"", ""lob__ask_slope""]",boosted_tree__d3__l8__lr0.05__n25__stop24,True,not_supplied,,"[""insufficient_distinct_sessions"", ""insufficient_eligible_folds"", ""one_session_dominance""]",1.0,"[""normal_le_2"", ""wide_gt_2""]",exploratory_insufficient_sessions,"[""close_after_300m""]","[""high_gt_5"", ""low_le_1"", ""medium_le_5"", ""zero""]"
-2.1694531965402404,cluster__5a65732a4a4ff188,negative,,1.0,1,not_supplied,1,book_liquidity,0.0,-0.004846919164592123,"[""lob__ask_curvature"", ""lob__ask_slope""]",boosted_tree__d3__l8__lr0.05__n50__stop35,False,not_supplied,,"[""insufficient_distinct_sessions"", ""insufficient_eligible_folds"", ""positive_fold_fraction_below_gate"", ""nonpositive_median_delta""]",1.0,"[""wide_gt_2""]",exploratory_insufficient_sessions,"[""close_after_300m""]","[""high_gt_5"", ""low_le_1"", ""medium_le_5"", ""zero""]"
-1.0336683349934771e-15,cluster__5a65732a4a4ff188,,,,1,not_supplied,1,book_liquidity,0.0,0.0,"[""lob__ask_curvature"", ""lob__ask_slope""]",elastic_net__a1__l10.5,False,not_supplied,,"[""insufficient_distinct_sessions"", ""insufficient_eligible_folds"", ""positive_fold_fraction_below_gate"", ""nonpositive_median_delta""]",1.0,"[""normal_le_2"", ""wide_gt_2""]",exploratory_insufficient_sessions,"[""close_after_300m""]","[""high_gt_5"", ""low_le_1"", ""medium_le_5"", ""zero""]"
-2.4321338052658817e-15,cluster__5a65732a4a4ff188,,,,1,not_supplied,1,book_liquidity,0.0,-2.220446049250313e-16,"[""lob__ask_curvature"", ""lob__ask_slope""]",elastic_net__a1__l10.9,False,not_supplied,,"[""insufficient_distinct_sessions"", ""insufficient_eligible_folds"", ""positive_fold_fraction_below_gate"", ""nonpositive_median_delta""]",1.0,"[""wide_gt_2""]",exploratory_insufficient_sessions,"[""close_after_300m""]","[""high_gt_5"", ""low_le_1"", ""medium_le_5"", ""zero""]"
-1.850097569709905e-15,cluster__5a65732a4a4ff188,,,,1,not_supplied,1,book_liquidity,0.0,0.0,"[""lob__ask_curvature"", ""lob__ask_slope""]",elastic_net__a1__l11,False,not_supplied,,"[""insufficient_distinct_sessions"", ""insufficient_eligible_folds"", ""positive_fold_fraction_below_gate"", ""nonpositive_median_delta""]",1.0,"[""normal_le_2"", ""wide_gt_2""]",exploratory_insufficient_sessions,"[""close_after_300m""]","[""high_gt_5"", ""low_le_1"", ""medium_le_5"", ""zero""]"
0.0,cluster__5c7bb033aa35772f,,,,1,not_supplied,1,book_liquidity,0.0,0.0,"[""lob__quantity_imbalance_l2""]",boosted_tree__d2__l4__lr0.05__n50__stop24,False,not_supplied,,"[""insufficient_distinct_sessions"", ""insufficient_eligible_folds"", ""positive_fold_fraction_below_gate"", ""nonpositive_median_delta""]",1.0,"[""normal_le_2"", ""wide_gt_2""]",exploratory_insufficient_sessions,"[""close_after_300m""]","[""high_gt_5"", ""low_le_1"", ""medium_le_5"", ""zero""]"
0.0,cluster__5c7bb033aa35772f,,,,1,not_supplied,1,book_liquidity,0.0,0.0,"[""lob__quantity_imbalance_l2""]",boosted_tree__d3__l8__lr0.05__n25__stop24,False,not_supplied,,"[""insufficient_distinct_sessions"", ""insufficient_eligible_folds"", ""positive_fold_fraction_below_gate"", ""nonpositive_median_delta""]",1.0,"[""normal_le_2"", ""wide_gt_2""]",exploratory_insufficient_sessions,"[""close_after_300m""]","[""high_gt_5"", ""low_le_1"", ""medium_le_5"", ""zero""]"
0.0,cluster__5c7bb033aa35772f,,,,1,not_supplied,1,book_liquidity,0.0,0.0,"[""lob__quantity_imbalance_l2""]",boosted_tree__d3__l8__lr0.05__n50__stop35,False,not_supplied,,"[""insufficient_distinct_sessions"", ""insufficient_eligible_folds"", ""positive_fold_fraction_below_gate"", ""nonpositive_median_delta""]",1.0,"[""wide_gt_2""]",exploratory_insufficient_sessions,"[""close_after_300m""]","[""high_gt_5"", ""low_le_1"", ""medium_le_5"", ""zero""]"
-1.0336683349934771e-15,cluster__5c7bb033aa35772f,,,,1,not_supplied,1,book_liquidity,0.0,0.0,"[""lob__quantity_imbalance_l2""]",elastic_net__a1__l10.5,False,not_supplied,,"[""insufficient_distinct_sessions"", ""insufficient_eligible_folds"", ""positive_fold_fraction_below_gate"", ""nonpositive_median_delta""]",1.0,"[""normal_le_2"", ""wide_gt_2""]",exploratory_insufficient_sessions,"[""close_after_300m""]","[""high_gt_5"", ""low_le_1"", ""medium_le_5"", ""zero""]"
-2.4321338052658817e-15,cluster__5c7bb033aa35772f,,,,1,not_supplied,1,book_liquidity,0.0,-2.220446049250313e-16,"[""lob__quantity_imbalance_l2""]",elastic_net__a1__l10.9,False,not_supplied,,"[""insufficient_distinct_sessions"", ""insufficient_eligible_folds"", ""positive_fold_fraction_below_gate"", ""nonpositive_median_delta""]",1.0,"[""wide_gt_2""]",exploratory_insufficient_sessions,"[""close_after_300m""]","[""high_gt_5"", ""low_le_1"", ""medium_le_5"", ""zero""]"
-1.850097569709905e-15,cluster__5c7bb033aa35772f,,,,1,not_supplied,1,book_liquidity,0.0,0.0,"[""lob__quantity_imbalance_l2""]",elastic_net__a1__l11,False,not_supplied,,"[""insufficient_distinct_sessions"", ""insufficient_eligible_folds"", ""positive_fold_fraction_below_gate"", ""nonpositive_median_delta""]",1.0,"[""normal_le_2"", ""wide_gt_2""]",exploratory_insufficient_sessions,"[""close_after_300m""]","[""high_gt_5"", ""low_le_1"", ""medium_le_5"", ""zero""]"
0.0,cluster__638294e28a507a16,,,,1,not_supplied,1,surface_quality,0.0,0.0,"[""quality__2026-09-01__support_width""]",boosted_tree__d2__l4__lr0.05__n50__stop24,False,not_supplied,,"[""insufficient_distinct_sessions"", ""insufficient_eligible_folds"", ""positive_fold_fraction_below_gate"", ""nonpositive_median_delta""]",1.0,"[""normal_le_2"", ""wide_gt_2""]",exploratory_insufficient_sessions,"[""close_after_300m""]","[""high_gt_5"", ""low_le_1"", ""medium_le_5"", ""zero""]"
-0.4387159116576027,cluster__638294e28a507a16,negative,,1.0,1,not_supplied,1,surface_quality,0.0,-0.0028222710217691294,"[""quality__2026-09-01__support_width""]",boosted_tree__d3__l8__lr0.05__n25__stop24,False,not_supplied,,"[""insufficient_distinct_sessions"", ""insufficient_eligible_folds"", ""positive_fold_fraction_below_gate"", ""nonpositive_median_delta""]",1.0,"[""normal_le_2"", ""wide_gt_2""]",exploratory_insufficient_sessions,"[""close_after_300m""]","[""high_gt_5"", ""low_le_1"", ""medium_le_5"", ""zero""]"
0.39520514216086494,cluster__638294e28a507a16,positive,,1.0,1,not_supplied,1,surface_quality,1.0,0.0008829539999017921,"[""quality__2026-09-01__support_width""]",boosted_tree__d3__l8__lr0.05__n50__stop35,True,not_supplied,,"[""insufficient_distinct_sessions"", ""insufficient_eligible_folds"", ""one_session_dominance""]",1.0,"[""wide_gt_2""]",exploratory_insufficient_sessions,"[""close_after_300m""]","[""high_gt_5"", ""low_le_1"", ""medium_le_5"", ""zero""]"
-1.0336683349934771e-15,cluster__638294e28a507a16,,,,1,not_supplied,1,surface_quality,0.0,0.0,"[""quality__2026-09-01__support_width""]",elastic_net__a1__l10.5,False,not_supplied,,"[""insufficient_distinct_sessions"", ""insufficient_eligible_folds"", ""positive_fold_fraction_below_gate"", ""nonpositive_median_delta""]",1.0,"[""normal_le_2"", ""wide_gt_2""]",exploratory_insufficient_sessions,"[""close_after_300m""]","[""high_gt_5"", ""low_le_1"", ""medium_le_5"", ""zero""]"
-2.4321338052658817e-15,cluster__638294e28a507a16,,,,1,not_supplied,1,surface_quality,0.0,-2.220446049250313e-16,"[""quality__2026-09-01__support_width""]",elastic_net__a1__l10.9,False,not_supplied,,"[""insufficient_distinct_sessions"", ""insufficient_eligible_folds"", ""positive_fold_fraction_below_gate"", ""nonpositive_median_delta""]",1.0,"[""wide_gt_2""]",exploratory_insufficient_sessions,"[""close_after_300m""]","[""high_gt_5"", ""low_le_1"", ""medium_le_5"", ""zero""]"
-1.850097569709905e-15,cluster__638294e28a507a16,,,,1,not_supplied,1,surface_quality,0.0,0.0,"[""quality__2026-09-01__support_width""]",elastic_net__a1__l11,False,not_supplied,,"[""insufficient_distinct_sessions"", ""insufficient_eligible_folds"", ""positive_fold_fraction_below_gate"", ""nonpositive_median_delta""]",1.0,"[""normal_le_2"", ""wide_gt_2""]",exploratory_insufficient_sessions,"[""close_after_300m""]","[""high_gt_5"", ""low_le_1"", ""medium_le_5"", ""zero""]"
0.0,cluster__6567e1495fb81e67,,,,1,not_supplied,1,surface_quality,0.0,0.0,"[""quality__smoothing_fallback_alpha""]",boosted_tree__d2__l4__lr0.05__n50__stop24,False,not_supplied,,"[""insufficient_distinct_sessions"", ""insufficient_eligible_folds"", ""positive_fold_fraction_below_gate"", ""nonpositive_median_delta""]",1.0,"[""normal_le_2"", ""wide_gt_2""]",exploratory_insufficient_sessions,"[""close_after_300m""]","[""high_gt_5"", ""low_le_1"", ""medium_le_5"", ""zero""]"
0.0,cluster__6567e1495fb81e67,,,,1,not_supplied,1,surface_quality,0.0,0.0,"[""quality__smoothing_fallback_alpha""]",boosted_tree__d3__l8__lr0.05__n25__stop24,False,not_supplied,,"[""insufficient_distinct_sessions"", ""insufficient_eligible_folds"", ""positive_fold_fraction_below_gate"", ""nonpositive_median_delta""]",1.0,"[""normal_le_2"", ""wide_gt_2""]",exploratory_insufficient_sessions,"[""close_after_300m""]","[""high_gt_5"", ""low_le_1"", ""medium_le_5"", ""zero""]"
0.7204269492417297,cluster__6567e1495fb81e67,positive,,1.0,1,not_supplied,1,surface_quality,1.0,0.0016095535928302152,"[""quality__smoothing_fallback_alpha""]",boosted_tree__d3__l8__lr0.05__n50__stop35,True,not_supplied,,"[""insufficient_distinct_sessions"", ""insufficient_eligible_folds"", ""one_session_dominance""]",1.0,"[""wide_gt_2""]",exploratory_insufficient_sessions,"[""close_after_300m""]","[""high_gt_5"", ""low_le_1"", ""medium_le_5"", ""zero""]"
-1.0336683349934771e-15,cluster__6567e1495fb81e67,,,,1,not_supplied,1,surface_quality,0.0,0.0,"[""quality__smoothing_fallback_alpha""]",elastic_net__a1__l10.5,False,not_supplied,,"[""insufficient_distinct_sessions"", ""insufficient_eligible_folds"", ""positive_fold_fraction_below_gate"", ""nonpositive_median_delta""]",1.0,"[""normal_le_2"", ""wide_gt_2""]",exploratory_insufficient_sessions,"[""close_after_300m""]","[""high_gt_5"", ""low_le_1"", ""medium_le_5"", ""zero""]"
-2.4321338052658817e-15,cluster__6567e1495fb81e67,,,,1,not_supplied,1,surface_quality,0.0,-2.220446049250313e-16,"[""quality__smoothing_fallback_alpha""]",elastic_net__a1__l10.9,False,not_supplied,,"[""insufficient_distinct_sessions"", ""insufficient_eligible_folds"", ""positive_fold_fraction_below_gate"", ""nonpositive_median_delta""]",1.0,"[""wide_gt_2""]",exploratory_insufficient_sessions,"[""close_after_300m""]","[""high_gt_5"", ""low_le_1"", ""medium_le_5"", ""zero""]"
-1.850097569709905e-15,cluster__6567e1495fb81e67,,,,1,not_supplied,1,surface_quality,0.0,0.0,"[""quality__smoothing_fallback_alpha""]",elastic_net__a1__l11,False,not_supplied,,"[""insufficient_distinct_sessions"", ""insufficient_eligible_folds"", ""positive_fold_fraction_below_gate"", ""nonpositive_median_delta""]",1.0,"[""normal_le_2"", ""wide_gt_2""]",exploratory_insufficient_sessions,"[""close_after_300m""]","[""high_gt_5"", ""low_le_1"", ""medium_le_5"", ""zero""]"
0.0,cluster__66ae01ac794f63eb,,,,1,not_supplied,1,ofi,0.0,0.0,"[""ccz_ofi_w0p5__m20__average"", ""ccz_ofi_w0p5__m50__average""]",boosted_tree__d2__l4__lr0.05__n50__stop24,False,not_supplied,,"[""insufficient_distinct_sessions"", ""insufficient_eligible_folds"", ""positive_fold_fraction_below_gate"", ""nonpositive_median_delta""]",1.0,"[""normal_le_2"", ""wide_gt_2""]",exploratory_insufficient_sessions,"[""close_after_300m""]","[""high_gt_5"", ""low_le_1"", ""medium_le_5"", ""zero""]"
0.0,cluster__66ae01ac794f63eb,,,,1,not_supplied,1,ofi,0.0,0.0,"[""ccz_ofi_w0p5__m20__average"", ""ccz_ofi_w0p5__m50__average""]",boosted_tree__d3__l8__lr0.05__n50__stop35,False,not_supplied,,"[""insufficient_distinct_sessions"", ""insufficient_eligible_folds"", ""positive_fold_fraction_below_gate"", ""nonpositive_median_delta""]",1.0,"[""wide_gt_2""]",exploratory_insufficient_sessions,"[""close_after_300m""]","[""high_gt_5"", ""low_le_1"", ""medium_le_5"", ""zero""]"
-3.291051361353839e-13,cluster__66ae01ac794f63eb,,,,1,not_supplied,1,ofi,0.0,-9.992007221626409e-16,"[""ccz_ofi_w0p5__m20__average"", ""ccz_ofi_w0p5__m50__average""]",elastic_net__a1__l10.9,False,not_supplied,,"[""insufficient_distinct_sessions"", ""insufficient_eligible_folds"", ""positive_fold_fraction_below_gate"", ""nonpositive_median_delta""]",1.0,"[""wide_gt_2""]",exploratory_insufficient_sessions,"[""close_after_300m""]","[""high_gt_5"", ""low_le_1"", ""medium_le_5"", ""zero""]"
-1.850097569709905e-15,cluster__66ae01ac794f63eb,,,,1,not_supplied,1,ofi,0.0,0.0,"[""ccz_ofi_w0p5__m20__average"", ""ccz_ofi_w0p5__m50__average""]",elastic_net__a1__l11,False,not_supplied,,"[""insufficient_distinct_sessions"", ""insufficient_eligible_folds"", ""positive_fold_fraction_below_gate"", ""nonpositive_median_delta""]",1.0,"[""normal_le_2"", ""wide_gt_2""]",exploratory_insufficient_sessions,"[""close_after_300m""]","[""high_gt_5"", ""low_le_1"", ""medium_le_5"", ""zero""]"
0.0,cluster__6712d3b7bf51390b,,,,1,not_supplied,1,ofi,0.0,0.0,"[""ccz_ofi_w0p5__m10__average""]",boosted_tree__d2__l4__lr0.05__n50__stop24,False,not_supplied,,"[""insufficient_distinct_sessions"", ""insufficient_eligible_folds"", ""positive_fold_fraction_below_gate"", ""nonpositive_median_delta""]",1.0,"[""normal_le_2"", ""wide_gt_2""]",exploratory_insufficient_sessions,"[""close_after_300m""]","[""high_gt_5"", ""low_le_1"", ""medium_le_5"", ""zero""]"
0.0,cluster__6712d3b7bf51390b,,,,1,not_supplied,1,ofi,0.0,0.0,"[""ccz_ofi_w0p5__m10__average""]",boosted_tree__d3__l8__lr0.05__n25__stop24,False,not_supplied,,"[""insufficient_distinct_sessions"", ""insufficient_eligible_folds"", ""positive_fold_fraction_below_gate"", ""nonpositive_median_delta""]",1.0,"[""normal_le_2"", ""wide_gt_2""]",exploratory_insufficient_sessions,"[""close_after_300m""]","[""high_gt_5"", ""low_le_1"", ""medium_le_5"", ""zero""]"
0.0,cluster__6712d3b7bf51390b,,,,1,not_supplied,1,ofi,0.0,0.0,"[""ccz_ofi_w0p5__m10__average""]",boosted_tree__d3__l8__lr0.05__n50__stop35,False,not_supplied,,"[""insufficient_distinct_sessions"", ""insufficient_eligible_folds"", ""positive_fold_fraction_below_gate"", ""nonpositive_median_delta""]",1.0,"[""wide_gt_2""]",exploratory_insufficient_sessions,"[""close_after_300m""]","[""high_gt_5"", ""low_le_1"", ""medium_le_5"", ""zero""]"
-1.0336683349934771e-15,cluster__6712d3b7bf51390b,,,,1,not_supplied,1,ofi,0.0,0.0,"[""ccz_ofi_w0p5__m10__average""]",elastic_net__a1__l10.5,False,not_supplied,,"[""insufficient_distinct_sessions"", ""insufficient_eligible_folds"", ""positive_fold_fraction_below_gate"", ""nonpositive_median_delta""]",1.0,"[""normal_le_2"", ""wide_gt_2""]",exploratory_insufficient_sessions,"[""close_after_300m""]","[""high_gt_5"", ""low_le_1"", ""medium_le_5"", ""zero""]"
-2.4321338052658817e-15,cluster__6712d3b7bf51390b,,,,1,not_supplied,1,ofi,0.0,-2.220446049250313e-16,"[""ccz_ofi_w0p5__m10__average""]",elastic_net__a1__l10.9,False,not_supplied,,"[""insufficient_distinct_sessions"", ""insufficient_eligible_folds"", ""positive_fold_fraction_below_gate"", ""nonpositive_median_delta""]",1.0,"[""wide_gt_2""]",exploratory_insufficient_sessions,"[""close_after_300m""]","[""high_gt_5"", ""low_le_1"", ""medium_le_5"", ""zero""]"
-1.850097569709905e-15,cluster__6712d3b7bf51390b,,,,1,not_supplied,1,ofi,0.0,0.0,"[""ccz_ofi_w0p5__m10__average""]",elastic_net__a1__l11,False,not_supplied,,"[""insufficient_distinct_sessions"", ""insufficient_eligible_folds"", ""positive_fold_fraction_below_gate"", ""nonpositive_median_delta""]",1.0,"[""normal_le_2"", ""wide_gt_2""]",exploratory_insufficient_sessions,"[""close_after_300m""]","[""high_gt_5"", ""low_le_1"", ""medium_le_5"", ""zero""]"
0.0,cluster__69905f0e3a72c606,,,,1,not_supplied,1,ofi,0.0,0.0,"[""ofi__w1__average_m5_minus_m20""]",boosted_tree__d2__l4__lr0.05__n50__stop24,False,not_supplied,,"[""insufficient_distinct_sessions"", ""insufficient_eligible_folds"", ""positive_fold_fraction_below_gate"", ""nonpositive_median_delta""]",1.0,"[""normal_le_2"", ""wide_gt_2""]",exploratory_insufficient_sessions,"[""close_after_300m""]","[""high_gt_5"", ""low_le_1"", ""medium_le_5"", ""zero""]"
0.0,cluster__69905f0e3a72c606,,,,1,not_supplied,1,ofi,0.0,0.0,"[""ofi__w1__average_m5_minus_m20""]",boosted_tree__d3__l8__lr0.05__n25__stop24,False,not_supplied,,"[""insufficient_distinct_sessions"", ""insufficient_eligible_folds"", ""positive_fold_fraction_below_gate"", ""nonpositive_median_delta""]",1.0,"[""normal_le_2"", ""wide_gt_2""]",exploratory_insufficient_sessions,"[""close_after_300m""]","[""high_gt_5"", ""low_le_1"", ""medium_le_5"", ""zero""]"
0.0,cluster__69905f0e3a72c606,,,,1,not_supplied,1,ofi,0.0,0.0,"[""ofi__w1__average_m5_minus_m20""]",boosted_tree__d3__l8__lr0.05__n50__stop35,False,not_supplied,,"[""insufficient_distinct_sessions"", ""insufficient_eligible_folds"", ""positive_fold_fraction_below_gate"", ""nonpositive_median_delta""]",1.0,"[""wide_gt_2""]",exploratory_insufficient_sessions,"[""close_after_300m""]","[""high_gt_5"", ""low_le_1"", ""medium_le_5"", ""zero""]"
-0.021428804159364545,cluster__69905f0e3a72c606,negative,,1.0,1,not_supplied,1,ofi,0.0,-0.00013785206189953492,"[""ofi__w1__average_m5_minus_m20""]",elastic_net__a1__l10.5,False,not_supplied,,"[""insufficient_distinct_sessions"", ""insufficient_eligible_folds"", ""positive_fold_fraction_below_gate"", ""nonpositive_median_delta""]",1.0,"[""normal_le_2"", ""wide_gt_2""]",exploratory_insufficient_sessions,"[""close_after_300m""]","[""high_gt_5"", ""low_le_1"", ""medium_le_5"", ""zero""]"
-1.7430521884278562e-11,cluster__69905f0e3a72c606,negative,,1.0,1,not_supplied,1,ofi,0.0,-3.9190872769268026e-14,"[""ofi__w1__average_m5_minus_m20""]",elastic_net__a1__l10.9,False,not_supplied,,"[""insufficient_distinct_sessions"", ""insufficient_eligible_folds"", ""positive_fold_fraction_below_gate"", ""nonpositive_median_delta""]",1.0,"[""wide_gt_2""]",exploratory_insufficient_sessions,"[""close_after_300m""]","[""high_gt_5"", ""low_le_1"", ""medium_le_5"", ""zero""]"
-1.850097569709905e-15,cluster__69905f0e3a72c606,,,,1,not_supplied,1,ofi,0.0,0.0,"[""ofi__w1__average_m5_minus_m20""]",elastic_net__a1__l11,False,not_supplied,,"[""insufficient_distinct_sessions"", ""insufficient_eligible_folds"", ""positive_fold_fraction_below_gate"", ""nonpositive_median_delta""]",1.0,"[""normal_le_2"", ""wide_gt_2""]",exploratory_insufficient_sessions,"[""close_after_300m""]","[""high_gt_5"", ""low_le_1"", ""medium_le_5"", ""zero""]"
0.0,cluster__6a9c460c39dcad34,,,,1,not_supplied,1,ofi,0.0,0.0,"[""ccz_ofi_w1__m10__average""]",boosted_tree__d2__l4__lr0.05__n50__stop24,False,not_supplied,,"[""insufficient_distinct_sessions"", ""insufficient_eligible_folds"", ""positive_fold_fraction_below_gate"", ""nonpositive_median_delta""]",1.0,"[""normal_le_2"", ""wide_gt_2""]",exploratory_insufficient_sessions,"[""close_after_300m""]","[""high_gt_5"", ""low_le_1"", ""medium_le_5"", ""zero""]"
0.0,cluster__6a9c460c39dcad34,,,,1,not_supplied,1,ofi,0.0,0.0,"[""ccz_ofi_w1__m10__average""]",boosted_tree__d3__l8__lr0.05__n25__stop24,False,not_supplied,,"[""insufficient_distinct_sessions"", ""insufficient_eligible_folds"", ""positive_fold_fraction_below_gate"", ""nonpositive_median_delta""]",1.0,"[""normal_le_2"", ""wide_gt_2""]",exploratory_insufficient_sessions,"[""close_after_300m""]","[""high_gt_5"", ""low_le_1"", ""medium_le_5"", ""zero""]"
0.0,cluster__6a9c460c39dcad34,,,,1,not_supplied,1,ofi,0.0,0.0,"[""ccz_ofi_w1__m10__average""]",boosted_tree__d3__l8__lr0.05__n50__stop35,False,not_supplied,,"[""insufficient_distinct_sessions"", ""insufficient_eligible_folds"", ""positive_fold_fraction_below_gate"", ""nonpositive_median_delta""]",1.0,"[""wide_gt_2""]",exploratory_insufficient_sessions,"[""close_after_300m""]","[""high_gt_5"", ""low_le_1"", ""medium_le_5"", ""zero""]"
-1.1317385960291718e-15,cluster__6a9c460c39dcad34,,,,1,not_supplied,1,ofi,0.0,0.0,"[""ccz_ofi_w1__m10__average""]",elastic_net__a1__l10.5,False,not_supplied,,"[""insufficient_distinct_sessions"", ""insufficient_eligible_folds"", ""positive_fold_fraction_below_gate"", ""nonpositive_median_delta""]",1.0,"[""normal_le_2"", ""wide_gt_2""]",exploratory_insufficient_sessions,"[""close_after_300m""]","[""high_gt_5"", ""low_le_1"", ""medium_le_5"", ""zero""]"
-2.4321338052658817e-15,cluster__6a9c460c39dcad34,,,,1,not_supplied,1,ofi,0.0,-2.220446049250313e-16,"[""ccz_ofi_w1__m10__average""]",elastic_net__a1__l10.9,False,not_supplied,,"[""insufficient_distinct_sessions"", ""insufficient_eligible_folds"", ""positive_fold_fraction_below_gate"", ""nonpositive_median_delta""]",1.0,"[""wide_gt_2""]",exploratory_insufficient_sessions,"[""close_after_300m""]","[""high_gt_5"", ""low_le_1"", ""medium_le_5"", ""zero""]"
-1.850097569709905e-15,cluster__6a9c460c39dcad34,,,,1,not_supplied,1,ofi,0.0,0.0,"[""ccz_ofi_w1__m10__average""]",elastic_net__a1__l11,False,not_supplied,,"[""insufficient_distinct_sessions"", ""insufficient_eligible_folds"", ""positive_fold_fraction_below_gate"", ""nonpositive_median_delta""]",1.0,"[""normal_le_2"", ""wide_gt_2""]",exploratory_insufficient_sessions,"[""close_after_300m""]","[""high_gt_5"", ""low_le_1"", ""medium_le_5"", ""zero""]"
0.0,cluster__71c4d932236b3eeb,,,,1,not_supplied,1,surface_quality,0.0,0.0,"[""quality__used_quote_count""]",boosted_tree__d3__l8__lr0.05__n25__stop24,False,not_supplied,,"[""insufficient_distinct_sessions"", ""insufficient_eligible_folds"", ""positive_fold_fraction_below_gate"", ""nonpositive_median_delta""]",1.0,"[""normal_le_2"", ""wide_gt_2""]",exploratory_insufficient_sessions,"[""close_after_300m""]","[""high_gt_5"", ""low_le_1"", ""medium_le_5"", ""zero""]"
-1.1317385960291718e-15,cluster__71c4d932236b3eeb,,,,1,not_supplied,1,surface_quality,0.0,0.0,"[""quality__used_quote_count""]",elastic_net__a1__l10.5,False,not_supplied,,"[""insufficient_distinct_sessions"", ""insufficient_eligible_folds"", ""positive_fold_fraction_below_gate"", ""nonpositive_median_delta""]",1.0,"[""normal_le_2"", ""wide_gt_2""]",exploratory_insufficient_sessions,"[""close_after_300m""]","[""high_gt_5"", ""low_le_1"", ""medium_le_5"", ""zero""]"
0.0,cluster__724520f09acc991f,,,,1,not_supplied,1,book_liquidity,0.0,0.0,"[""lob__quantity_imbalance_l3""]",boosted_tree__d2__l4__lr0.05__n50__stop24,False,not_supplied,,"[""insufficient_distinct_sessions"", ""insufficient_eligible_folds"", ""positive_fold_fraction_below_gate"", ""nonpositive_median_delta""]",1.0,"[""normal_le_2"", ""wide_gt_2""]",exploratory_insufficient_sessions,"[""close_after_300m""]","[""high_gt_5"", ""low_le_1"", ""medium_le_5"", ""zero""]"
0.0,cluster__724520f09acc991f,,,,1,not_supplied,1,book_liquidity,0.0,0.0,"[""lob__quantity_imbalance_l3""]",boosted_tree__d3__l8__lr0.05__n25__stop24,False,not_supplied,,"[""insufficient_distinct_sessions"", ""insufficient_eligible_folds"", ""positive_fold_fraction_below_gate"", ""nonpositive_median_delta""]",1.0,"[""normal_le_2"", ""wide_gt_2""]",exploratory_insufficient_sessions,"[""close_after_300m""]","[""high_gt_5"", ""low_le_1"", ""medium_le_5"", ""zero""]"
0.0,cluster__724520f09acc991f,,,,1,not_supplied,1,book_liquidity,0.0,0.0,"[""lob__quantity_imbalance_l3""]",boosted_tree__d3__l8__lr0.05__n50__stop35,False,not_supplied,,"[""insufficient_distinct_sessions"", ""insufficient_eligible_folds"", ""positive_fold_fraction_below_gate"", ""nonpositive_median_delta""]",1.0,"[""wide_gt_2""]",exploratory_insufficient_sessions,"[""close_after_300m""]","[""high_gt_5"", ""low_le_1"", ""medium_le_5"", ""zero""]"
-0.030628337173018758,cluster__724520f09acc991f,negative,,1.0,1,not_supplied,1,book_liquidity,0.0,-0.0001970329002243254,"[""lob__quantity_imbalance_l3""]",elastic_net__a1__l10.5,False,not_supplied,,"[""insufficient_distinct_sessions"", ""insufficient_eligible_folds"", ""positive_fold_fraction_below_gate"", ""nonpositive_median_delta""]",1.0,"[""normal_le_2"", ""wide_gt_2""]",exploratory_insufficient_sessions,"[""close_after_300m""]","[""high_gt_5"", ""low_le_1"", ""medium_le_5"", ""zero""]"
1.0639971700520666e-11,cluster__724520f09acc991f,positive,,1.0,1,not_supplied,1,book_liquidity,1.0,2.3647750424515834e-14,"[""lob__quantity_imbalance_l3""]",elastic_net__a1__l10.9,True,not_supplied,,"[""insufficient_distinct_sessions"", ""insufficient_eligible_folds"", ""one_session_dominance""]",1.0,"[""wide_gt_2""]",exploratory_insufficient_sessions,"[""close_after_300m""]","[""high_gt_5"", ""low_le_1"", ""medium_le_5"", ""zero""]"
-1.850097569709905e-15,cluster__724520f09acc991f,,,,1,not_supplied,1,book_liquidity,0.0,0.0,"[""lob__quantity_imbalance_l3""]",elastic_net__a1__l11,False,not_supplied,,"[""insufficient_distinct_sessions"", ""insufficient_eligible_folds"", ""positive_fold_fraction_below_gate"", ""nonpositive_median_delta""]",1.0,"[""normal_le_2"", ""wide_gt_2""]",exploratory_insufficient_sessions,"[""close_after_300m""]","[""high_gt_5"", ""low_le_1"", ""medium_le_5"", ""zero""]"
0.0,cluster__7533afca12d5c845,,,,1,not_supplied,1,mixed:interaction+ofi,0.0,0.0,"[""ccz_ofi_w10__m10__average"", ""interaction__ofi_w10_m10_x_inverse_l1_depth"", ""interaction__ofi_w10_m10_x_spread""]",boosted_tree__d2__l4__lr0.05__n50__stop24,False,not_supplied,,"[""insufficient_distinct_sessions"", ""insufficient_eligible_folds"", ""positive_fold_fraction_below_gate"", ""nonpositive_median_delta""]",1.0,"[""normal_le_2"", ""wide_gt_2""]",exploratory_insufficient_sessions,"[""close_after_300m""]","[""high_gt_5"", ""low_le_1"", ""medium_le_5"", ""zero""]"
0.0,cluster__7533afca12d5c845,,,,1,not_supplied,1,mixed:interaction+ofi,0.0,0.0,"[""ccz_ofi_w10__m10__average"", ""interaction__ofi_w10_m10_x_inverse_l1_depth"", ""interaction__ofi_w10_m10_x_spread""]",boosted_tree__d3__l8__lr0.05__n25__stop24,False,not_supplied,,"[""insufficient_distinct_sessions"", ""insufficient_eligible_folds"", ""positive_fold_fraction_below_gate"", ""nonpositive_median_delta""]",1.0,"[""normal_le_2"", ""wide_gt_2""]",exploratory_insufficient_sessions,"[""close_after_300m""]","[""high_gt_5"", ""low_le_1"", ""medium_le_5"", ""zero""]"
0.8139742939907376,cluster__7533afca12d5c845,positive,,1.0,1,not_supplied,1,mixed:interaction+ofi,1.0,0.0018185539154849106,"[""ccz_ofi_w10__m10__average"", ""interaction__ofi_w10_m10_x_inverse_l1_depth"", ""interaction__ofi_w10_m10_x_spread""]",boosted_tree__d3__l8__lr0.05__n50__stop35,True,not_supplied,,"[""insufficient_distinct_sessions"", ""insufficient_eligible_folds"", ""one_session_dominance""]",1.0,"[""wide_gt_2""]",exploratory_insufficient_sessions,"[""close_after_300m""]","[""high_gt_5"", ""low_le_1"", ""medium_le_5"", ""zero""]"
3.1698600839844146e-13,cluster__7533afca12d5c845,positive,,1.0,1,not_supplied,1,mixed:interaction+ofi,1.0,1.9984014443252818e-15,"[""ccz_ofi_w10__m10__average"", ""interaction__ofi_w10_m10_x_inverse_l1_depth"", ""interaction__ofi_w10_m10_x_spread""]",elastic_net__a1__l10.5,True,not_supplied,,"[""insufficient_distinct_sessions"", ""insufficient_eligible_folds"", ""one_session_dominance""]",1.0,"[""normal_le_2"", ""wide_gt_2""]",exploratory_insufficient_sessions,"[""close_after_300m""]","[""high_gt_5"", ""low_le_1"", ""medium_le_5"", ""zero""]"
6.017444688165369e-11,cluster__7533afca12d5c845,positive,,1.0,1,not_supplied,1,mixed:interaction+ofi,1.0,1.3444800828210646e-13,"[""ccz_ofi_w10__m10__average"", ""interaction__ofi_w10_m10_x_inverse_l1_depth"", ""interaction__ofi_w10_m10_x_spread""]",elastic_net__a1__l10.9,True,not_supplied,,"[""insufficient_distinct_sessions"", ""insufficient_eligible_folds"", ""one_session_dominance""]",1.0,"[""wide_gt_2""]",exploratory_insufficient_sessions,"[""close_after_300m""]","[""high_gt_5"", ""low_le_1"", ""medium_le_5"", ""zero""]"
-1.850097569709905e-15,cluster__7533afca12d5c845,,,,1,not_supplied,1,mixed:interaction+ofi,0.0,0.0,"[""ccz_ofi_w10__m10__average"", ""interaction__ofi_w10_m10_x_inverse_l1_depth"", ""interaction__ofi_w10_m10_x_spread""]",elastic_net__a1__l11,False,not_supplied,,"[""insufficient_distinct_sessions"", ""insufficient_eligible_folds"", ""positive_fold_fraction_below_gate"", ""nonpositive_median_delta""]",1.0,"[""normal_le_2"", ""wide_gt_2""]",exploratory_insufficient_sessions,"[""close_after_300m""]","[""high_gt_5"", ""low_le_1"", ""medium_le_5"", ""zero""]"
0.0,cluster__75ae125737df1102,,,,1,not_supplied,1,ofi,0.0,0.0,"[""ccz_ofi_w2__m20__average"", ""ccz_ofi_w2__m50__average""]",boosted_tree__d2__l4__lr0.05__n50__stop24,False,not_supplied,,"[""insufficient_distinct_sessions"", ""insufficient_eligible_folds"", ""positive_fold_fraction_below_gate"", ""nonpositive_median_delta""]",1.0,"[""normal_le_2"", ""wide_gt_2""]",exploratory_insufficient_sessions,"[""close_after_300m""]","[""high_gt_5"", ""low_le_1"", ""medium_le_5"", ""zero""]"
0.0,cluster__75ae125737df1102,,,,1,not_supplied,1,ofi,0.0,0.0,"[""ccz_ofi_w2__m20__average"", ""ccz_ofi_w2__m50__average""]",boosted_tree__d3__l8__lr0.05__n25__stop24,False,not_supplied,,"[""insufficient_distinct_sessions"", ""insufficient_eligible_folds"", ""positive_fold_fraction_below_gate"", ""nonpositive_median_delta""]",1.0,"[""normal_le_2"", ""wide_gt_2""]",exploratory_insufficient_sessions,"[""close_after_300m""]","[""high_gt_5"", ""low_le_1"", ""medium_le_5"", ""zero""]"
0.0,cluster__75ae125737df1102,,,,1,not_supplied,1,ofi,0.0,0.0,"[""ccz_ofi_w2__m20__average"", ""ccz_ofi_w2__m50__average""]",boosted_tree__d3__l8__lr0.05__n50__stop35,False,not_supplied,,"[""insufficient_distinct_sessions"", ""insufficient_eligible_folds"", ""positive_fold_fraction_below_gate"", ""nonpositive_median_delta""]",1.0,"[""wide_gt_2""]",exploratory_insufficient_sessions,"[""close_after_300m""]","[""high_gt_5"", ""low_le_1"", ""medium_le_5"", ""zero""]"
-1.2384693540955474e-15,cluster__75ae125737df1102,,,,1,not_supplied,1,ofi,0.0,0.0,"[""ccz_ofi_w2__m20__average"", ""ccz_ofi_w2__m50__average""]",elastic_net__a1__l10.5,False,not_supplied,,"[""insufficient_distinct_sessions"", ""insufficient_eligible_folds"", ""positive_fold_fraction_below_gate"", ""nonpositive_median_delta""]",1.0,"[""normal_le_2"", ""wide_gt_2""]",exploratory_insufficient_sessions,"[""close_after_300m""]","[""high_gt_5"", ""low_le_1"", ""medium_le_5"", ""zero""]"
3.460415048250936e-13,cluster__75ae125737df1102,,,,1,not_supplied,1,ofi,1.0,6.661338147750939e-16,"[""ccz_ofi_w2__m20__average"", ""ccz_ofi_w2__m50__average""]",elastic_net__a1__l10.9,True,not_supplied,,"[""insufficient_distinct_sessions"", ""insufficient_eligible_folds"", ""one_session_dominance""]",1.0,"[""wide_gt_2""]",exploratory_insufficient_sessions,"[""close_after_300m""]","[""high_gt_5"", ""low_le_1"", ""medium_le_5"", ""zero""]"
-1.850097569709905e-15,cluster__75ae125737df1102,,,,1,not_supplied,1,ofi,0.0,0.0,"[""ccz_ofi_w2__m20__average"", ""ccz_ofi_w2__m50__average""]",elastic_net__a1__l11,False,not_supplied,,"[""insufficient_distinct_sessions"", ""insufficient_eligible_folds"", ""positive_fold_fraction_below_gate"", ""nonpositive_median_delta""]",1.0,"[""normal_le_2"", ""wide_gt_2""]",exploratory_insufficient_sessions,"[""close_after_300m""]","[""high_gt_5"", ""low_le_1"", ""medium_le_5"", ""zero""]"
0.0,cluster__773984b00b5c1f1c,,,,1,not_supplied,1,ofi,0.0,0.0,"[""ofi__w5__average_m5_minus_m20""]",boosted_tree__d2__l4__lr0.05__n50__stop24,False,not_supplied,,"[""insufficient_distinct_sessions"", ""insufficient_eligible_folds"", ""positive_fold_fraction_below_gate"", ""nonpositive_median_delta""]",1.0,"[""normal_le_2"", ""wide_gt_2""]",exploratory_insufficient_sessions,"[""close_after_300m""]","[""high_gt_5"", ""low_le_1"", ""medium_le_5"", ""zero""]"
0.0,cluster__773984b00b5c1f1c,,,,1,not_supplied,1,ofi,0.0,0.0,"[""ofi__w5__average_m5_minus_m20""]",boosted_tree__d3__l8__lr0.05__n25__stop24,False,not_supplied,,"[""insufficient_distinct_sessions"", ""insufficient_eligible_folds"", ""positive_fold_fraction_below_gate"", ""nonpositive_median_delta""]",1.0,"[""normal_le_2"", ""wide_gt_2""]",exploratory_insufficient_sessions,"[""close_after_300m""]","[""high_gt_5"", ""low_le_1"", ""medium_le_5"", ""zero""]"
0.0,cluster__773984b00b5c1f1c,,,,1,not_supplied,1,ofi,0.0,0.0,"[""ofi__w5__average_m5_minus_m20""]",boosted_tree__d3__l8__lr0.05__n50__stop35,False,not_supplied,,"[""insufficient_distinct_sessions"", ""insufficient_eligible_folds"", ""positive_fold_fraction_below_gate"", ""nonpositive_median_delta""]",1.0,"[""wide_gt_2""]",exploratory_insufficient_sessions,"[""close_after_300m""]","[""high_gt_5"", ""low_le_1"", ""medium_le_5"", ""zero""]"
3.999317526672876e-15,cluster__773984b00b5c1f1c,,,,1,not_supplied,1,ofi,0.0,0.0,"[""ofi__w5__average_m5_minus_m20""]",elastic_net__a1__l10.5,False,not_supplied,,"[""insufficient_distinct_sessions"", ""insufficient_eligible_folds"", ""positive_fold_fraction_below_gate"", ""nonpositive_median_delta""]",1.0,"[""normal_le_2"", ""wide_gt_2""]",exploratory_insufficient_sessions,"[""close_after_300m""]","[""high_gt_5"", ""low_le_1"", ""medium_le_5"", ""zero""]"
3.286971176321345e-10,cluster__773984b00b5c1f1c,positive,,1.0,1,not_supplied,1,ofi,1.0,7.34190486184616e-13,"[""ofi__w5__average_m5_minus_m20""]",elastic_net__a1__l10.9,True,not_supplied,,"[""insufficient_distinct_sessions"", ""insufficient_eligible_folds"", ""one_session_dominance""]",1.0,"[""wide_gt_2""]",exploratory_insufficient_sessions,"[""close_after_300m""]","[""high_gt_5"", ""low_le_1"", ""medium_le_5"", ""zero""]"
-1.850097569709905e-15,cluster__773984b00b5c1f1c,,,,1,not_supplied,1,ofi,0.0,0.0,"[""ofi__w5__average_m5_minus_m20""]",elastic_net__a1__l11,False,not_supplied,,"[""insufficient_distinct_sessions"", ""insufficient_eligible_folds"", ""positive_fold_fraction_below_gate"", ""nonpositive_median_delta""]",1.0,"[""normal_le_2"", ""wide_gt_2""]",exploratory_insufficient_sessions,"[""close_after_300m""]","[""high_gt_5"", ""low_le_1"", ""medium_le_5"", ""zero""]"
0.0,cluster__7cc2e09b9a932b39,,,,1,not_supplied,1,book_liquidity,0.0,0.0,"[""lob__curvature_asymmetry_ask_minus_bid"", ""lob__slope_asymmetry_ask_minus_bid""]",boosted_tree__d2__l4__lr0.05__n50__stop24,False,not_supplied,,"[""insufficient_distinct_sessions"", ""insufficient_eligible_folds"", ""positive_fold_fraction_below_gate"", ""nonpositive_median_delta""]",1.0,"[""normal_le_2"", ""wide_gt_2""]",exploratory_insufficient_sessions,"[""close_after_300m""]","[""high_gt_5"", ""low_le_1"", ""medium_le_5"", ""zero""]"
0.0,cluster__7cc2e09b9a932b39,,,,1,not_supplied,1,book_liquidity,0.0,0.0,"[""lob__curvature_asymmetry_ask_minus_bid"", ""lob__slope_asymmetry_ask_minus_bid""]",boosted_tree__d3__l8__lr0.05__n25__stop24,False,not_supplied,,"[""insufficient_distinct_sessions"", ""insufficient_eligible_folds"", ""positive_fold_fraction_below_gate"", ""nonpositive_median_delta""]",1.0,"[""normal_le_2"", ""wide_gt_2""]",exploratory_insufficient_sessions,"[""close_after_300m""]","[""high_gt_5"", ""low_le_1"", ""medium_le_5"", ""zero""]"
-0.7675693060649532,cluster__7cc2e09b9a932b39,negative,,1.0,1,not_supplied,1,book_liquidity,0.0,-0.0017148774565181046,"[""lob__curvature_asymmetry_ask_minus_bid"", ""lob__slope_asymmetry_ask_minus_bid""]",boosted_tree__d3__l8__lr0.05__n50__stop35,False,not_supplied,,"[""insufficient_distinct_sessions"", ""insufficient_eligible_folds"", ""positive_fold_fraction_below_gate"", ""nonpositive_median_delta""]",1.0,"[""wide_gt_2""]",exploratory_insufficient_sessions,"[""close_after_300m""]","[""high_gt_5"", ""low_le_1"", ""medium_le_5"", ""zero""]"
-1.2384693540955474e-15,cluster__7cc2e09b9a932b39,,,,1,not_supplied,1,book_liquidity,0.0,0.0,"[""lob__curvature_asymmetry_ask_minus_bid"", ""lob__slope_asymmetry_ask_minus_bid""]",elastic_net__a1__l10.5,False,not_supplied,,"[""insufficient_distinct_sessions"", ""insufficient_eligible_folds"", ""positive_fold_fraction_below_gate"", ""nonpositive_median_delta""]",1.0,"[""normal_le_2"", ""wide_gt_2""]",exploratory_insufficient_sessions,"[""close_after_300m""]","[""high_gt_5"", ""low_le_1"", ""medium_le_5"", ""zero""]"
-2.4321338052658817e-15,cluster__7cc2e09b9a932b39,,,,1,not_supplied,1,book_liquidity,0.0,-2.220446049250313e-16,"[""lob__curvature_asymmetry_ask_minus_bid"", ""lob__slope_asymmetry_ask_minus_bid""]",elastic_net__a1__l10.9,False,not_supplied,,"[""insufficient_distinct_sessions"", ""insufficient_eligible_folds"", ""positive_fold_fraction_below_gate"", ""nonpositive_median_delta""]",1.0,"[""wide_gt_2""]",exploratory_insufficient_sessions,"[""close_after_300m""]","[""high_gt_5"", ""low_le_1"", ""medium_le_5"", ""zero""]"
-1.850097569709905e-15,cluster__7cc2e09b9a932b39,,,,1,not_supplied,1,book_liquidity,0.0,0.0,"[""lob__curvature_asymmetry_ask_minus_bid"", ""lob__slope_asymmetry_ask_minus_bid""]",elastic_net__a1__l11,False,not_supplied,,"[""insufficient_distinct_sessions"", ""insufficient_eligible_folds"", ""positive_fold_fraction_below_gate"", ""nonpositive_median_delta""]",1.0,"[""normal_le_2"", ""wide_gt_2""]",exploratory_insufficient_sessions,"[""close_after_300m""]","[""high_gt_5"", ""low_le_1"", ""medium_le_5"", ""zero""]"
0.0,cluster__84da565ba8281d2a,,,,1,not_supplied,1,ofi,0.0,0.0,"[""ofi__w1__average_m20_minus_m200""]",boosted_tree__d2__l4__lr0.05__n50__stop24,False,not_supplied,,"[""insufficient_distinct_sessions"", ""insufficient_eligible_folds"", ""positive_fold_fraction_below_gate"", ""nonpositive_median_delta""]",1.0,"[""normal_le_2"", ""wide_gt_2""]",exploratory_insufficient_sessions,"[""close_after_300m""]","[""high_gt_5"", ""low_le_1"", ""medium_le_5"", ""zero""]"
0.0,cluster__84da565ba8281d2a,,,,1,not_supplied,1,ofi,0.0,0.0,"[""ofi__w1__average_m20_minus_m200""]",boosted_tree__d3__l8__lr0.05__n25__stop24,False,not_supplied,,"[""insufficient_distinct_sessions"", ""insufficient_eligible_folds"", ""positive_fold_fraction_below_gate"", ""nonpositive_median_delta""]",1.0,"[""normal_le_2"", ""wide_gt_2""]",exploratory_insufficient_sessions,"[""close_after_300m""]","[""high_gt_5"", ""low_le_1"", ""medium_le_5"", ""zero""]"
0.0,cluster__84da565ba8281d2a,,,,1,not_supplied,1,ofi,0.0,0.0,"[""ofi__w1__average_m20_minus_m200""]",boosted_tree__d3__l8__lr0.05__n50__stop35,False,not_supplied,,"[""insufficient_distinct_sessions"", ""insufficient_eligible_folds"", ""positive_fold_fraction_below_gate"", ""nonpositive_median_delta""]",1.0,"[""wide_gt_2""]",exploratory_insufficient_sessions,"[""close_after_300m""]","[""high_gt_5"", ""low_le_1"", ""medium_le_5"", ""zero""]"
-1.2384693540955474e-15,cluster__84da565ba8281d2a,,,,1,not_supplied,1,ofi,0.0,0.0,"[""ofi__w1__average_m20_minus_m200""]",elastic_net__a1__l10.5,False,not_supplied,,"[""insufficient_distinct_sessions"", ""insufficient_eligible_folds"", ""positive_fold_fraction_below_gate"", ""nonpositive_median_delta""]",1.0,"[""normal_le_2"", ""wide_gt_2""]",exploratory_insufficient_sessions,"[""close_after_300m""]","[""high_gt_5"", ""low_le_1"", ""medium_le_5"", ""zero""]"
-2.4321338052658817e-15,cluster__84da565ba8281d2a,,,,1,not_supplied,1,ofi,0.0,-2.220446049250313e-16,"[""ofi__w1__average_m20_minus_m200""]",elastic_net__a1__l10.9,False,not_supplied,,"[""insufficient_distinct_sessions"", ""insufficient_eligible_folds"", ""positive_fold_fraction_below_gate"", ""nonpositive_median_delta""]",1.0,"[""wide_gt_2""]",exploratory_insufficient_sessions,"[""close_after_300m""]","[""high_gt_5"", ""low_le_1"", ""medium_le_5"", ""zero""]"
-1.850097569709905e-15,cluster__84da565ba8281d2a,,,,1,not_supplied,1,ofi,0.0,0.0,"[""ofi__w1__average_m20_minus_m200""]",elastic_net__a1__l11,False,not_supplied,,"[""insufficient_distinct_sessions"", ""insufficient_eligible_folds"", ""positive_fold_fraction_below_gate"", ""nonpositive_median_delta""]",1.0,"[""normal_le_2"", ""wide_gt_2""]",exploratory_insufficient_sessions,"[""close_after_300m""]","[""high_gt_5"", ""low_le_1"", ""medium_le_5"", ""zero""]"
-0.7258010471090826,cluster__87f626d156f0ac67,negative,,1.0,1,not_supplied,1,ofi,0.0,-0.0022031323996156704,"[""ccz_ofi_w30__m10__average""]",boosted_tree__d2__l4__lr0.05__n50__stop24,False,not_supplied,,"[""insufficient_distinct_sessions"", ""insufficient_eligible_folds"", ""positive_fold_fraction_below_gate"", ""nonpositive_median_delta""]",1.0,"[""normal_le_2"", ""wide_gt_2""]",exploratory_insufficient_sessions,"[""close_after_300m""]","[""high_gt_5"", ""low_le_1"", ""medium_le_5"", ""zero""]"
0.0,cluster__87f626d156f0ac67,,,,1,not_supplied,1,ofi,0.0,0.0,"[""ccz_ofi_w30__m10__average""]",boosted_tree__d3__l8__lr0.05__n25__stop24,False,not_supplied,,"[""insufficient_distinct_sessions"", ""insufficient_eligible_folds"", ""positive_fold_fraction_below_gate"", ""nonpositive_median_delta""]",1.0,"[""normal_le_2"", ""wide_gt_2""]",exploratory_insufficient_sessions,"[""close_after_300m""]","[""high_gt_5"", ""low_le_1"", ""medium_le_5"", ""zero""]"
-3.8958844300158937,cluster__87f626d156f0ac67,negative,,1.0,1,not_supplied,1,ofi,0.0,-0.008704053600692374,"[""ccz_ofi_w30__m10__average""]",boosted_tree__d3__l8__lr0.05__n50__stop35,False,not_supplied,,"[""insufficient_distinct_sessions"", ""insufficient_eligible_folds"", ""positive_fold_fraction_below_gate"", ""nonpositive_median_delta""]",1.0,"[""wide_gt_2""]",exploratory_insufficient_sessions,"[""close_after_300m""]","[""high_gt_5"", ""low_le_1"", ""medium_le_5"", ""zero""]"
-0.10730743863389301,cluster__87f626d156f0ac67,negative,,1.0,1,not_supplied,1,ofi,0.0,-0.0006903115807505023,"[""ccz_ofi_w30__m10__average""]",elastic_net__a1__l10.5,False,not_supplied,,"[""insufficient_distinct_sessions"", ""insufficient_eligible_folds"", ""positive_fold_fraction_below_gate"", ""nonpositive_median_delta""]",1.0,"[""normal_le_2"", ""wide_gt_2""]",exploratory_insufficient_sessions,"[""close_after_300m""]","[""high_gt_5"", ""low_le_1"", ""medium_le_5"", ""zero""]"
2.000369840256374,cluster__87f626d156f0ac67,positive,,1.0,1,not_supplied,1,ofi,1.0,0.004469158832498432,"[""ccz_ofi_w30__m10__average""]",elastic_net__a1__l10.9,True,not_supplied,,"[""insufficient_distinct_sessions"", ""insufficient_eligible_folds"", ""one_session_dominance""]",1.0,"[""wide_gt_2""]",exploratory_insufficient_sessions,"[""close_after_300m""]","[""high_gt_5"", ""low_le_1"", ""medium_le_5"", ""zero""]"
-8.19942849368086,cluster__87f626d156f0ac67,negative,,1.0,1,not_supplied,1,ofi,0.0,-0.024888950828483525,"[""ccz_ofi_w30__m10__average""]",elastic_net__a1__l11,False,not_supplied,,"[""insufficient_distinct_sessions"", ""insufficient_eligible_folds"", ""positive_fold_fraction_below_gate"", ""nonpositive_median_delta""]",1.0,"[""normal_le_2"", ""wide_gt_2""]",exploratory_insufficient_sessions,"[""close_after_300m""]","[""high_gt_5"", ""low_le_1"", ""medium_le_5"", ""zero""]"
-0.5716471764401287,cluster__8b57524bef0d2ebf,negative,,1.0,1,not_supplied,1,ofi,0.0,-0.0017352061154779497,"[""ccz_ofi_w30__m20__average"", ""ccz_ofi_w30__m50__average""]",boosted_tree__d2__l4__lr0.05__n50__stop24,False,not_supplied,,"[""insufficient_distinct_sessions"", ""insufficient_eligible_folds"", ""positive_fold_fraction_below_gate"", ""nonpositive_median_delta""]",1.0,"[""normal_le_2"", ""wide_gt_2""]",exploratory_insufficient_sessions,"[""close_after_300m""]","[""high_gt_5"", ""low_le_1"", ""medium_le_5"", ""zero""]"
-6.429942118070162,cluster__8b57524bef0d2ebf,negative,,1.0,1,not_supplied,1,ofi,0.0,-0.04136398710253686,"[""ccz_ofi_w30__m20__average"", ""ccz_ofi_w30__m50__average""]",boosted_tree__d3__l8__lr0.05__n25__stop24,False,not_supplied,,"[""insufficient_distinct_sessions"", ""insufficient_eligible_folds"", ""positive_fold_fraction_below_gate"", ""nonpositive_median_delta""]",1.0,"[""normal_le_2"", ""wide_gt_2""]",exploratory_insufficient_sessions,"[""close_after_300m""]","[""high_gt_5"", ""low_le_1"", ""medium_le_5"", ""zero""]"
6.25261650215141,cluster__8b57524bef0d2ebf,positive,,1.0,1,not_supplied,1,ofi,1.0,0.013969384912959848,"[""ccz_ofi_w30__m20__average"", ""ccz_ofi_w30__m50__average""]",boosted_tree__d3__l8__lr0.05__n50__stop35,True,not_supplied,,"[""insufficient_distinct_sessions"", ""insufficient_eligible_folds"", ""one_session_dominance""]",1.0,"[""wide_gt_2""]",exploratory_insufficient_sessions,"[""close_after_300m""]","[""high_gt_5"", ""low_le_1"", ""medium_le_5"", ""zero""]"
0.01885651048394305,cluster__8b57524bef0d2ebf,positive,,1.0,1,not_supplied,1,ofi,1.0,0.00012130442889435322,"[""ccz_ofi_w30__m20__average"", ""ccz_ofi_w30__m50__average""]",elastic_net__a1__l10.5,True,not_supplied,,"[""insufficient_distinct_sessions"", ""insufficient_eligible_folds"", ""one_session_dominance""]",1.0,"[""normal_le_2"", ""wide_gt_2""]",exploratory_insufficient_sessions,"[""close_after_300m""]","[""high_gt_5"", ""low_le_1"", ""medium_le_5"", ""zero""]"
0.5394966542427618,cluster__8b57524bef0d2ebf,positive,,1.0,1,not_supplied,1,ofi,1.0,0.0012053252298102057,"[""ccz_ofi_w30__m20__average"", ""ccz_ofi_w30__m50__average""]",elastic_net__a1__l10.9,True,not_supplied,,"[""insufficient_distinct_sessions"", ""insufficient_eligible_folds"", ""one_session_dominance""]",1.0,"[""wide_gt_2""]",exploratory_insufficient_sessions,"[""close_after_300m""]","[""high_gt_5"", ""low_le_1"", ""medium_le_5"", ""zero""]"
4.296136081538677,cluster__8b57524bef0d2ebf,positive,,1.0,1,not_supplied,1,ofi,1.0,0.01304070396714807,"[""ccz_ofi_w30__m20__average"", ""ccz_ofi_w30__m50__average""]",elastic_net__a1__l11,True,not_supplied,,"[""insufficient_distinct_sessions"", ""insufficient_eligible_folds"", ""one_session_dominance""]",1.0,"[""normal_le_2"", ""wide_gt_2""]",exploratory_insufficient_sessions,"[""close_after_300m""]","[""high_gt_5"", ""low_le_1"", ""medium_le_5"", ""zero""]"
0.0,cluster__8c29a8ea6225c377,,,,1,not_supplied,1,ofi,0.0,0.0,"[""ccz_ofi_w1__m1__average""]",boosted_tree__d2__l4__lr0.05__n50__stop24,False,not_supplied,,"[""insufficient_distinct_sessions"", ""insufficient_eligible_folds"", ""positive_fold_fraction_below_gate"", ""nonpositive_median_delta""]",1.0,"[""normal_le_2"", ""wide_gt_2""]",exploratory_insufficient_sessions,"[""close_after_300m""]","[""high_gt_5"", ""low_le_1"", ""medium_le_5"", ""zero""]"
0.0,cluster__8c29a8ea6225c377,,,,1,not_supplied,1,ofi,0.0,0.0,"[""ccz_ofi_w1__m1__average""]",boosted_tree__d3__l8__lr0.05__n25__stop24,False,not_supplied,,"[""insufficient_distinct_sessions"", ""insufficient_eligible_folds"", ""positive_fold_fraction_below_gate"", ""nonpositive_median_delta""]",1.0,"[""normal_le_2"", ""wide_gt_2""]",exploratory_insufficient_sessions,"[""close_after_300m""]","[""high_gt_5"", ""low_le_1"", ""medium_le_5"", ""zero""]"
0.0,cluster__8c29a8ea6225c377,,,,1,not_supplied,1,ofi,0.0,0.0,"[""ccz_ofi_w1__m1__average""]",boosted_tree__d3__l8__lr0.05__n50__stop35,False,not_supplied,,"[""insufficient_distinct_sessions"", ""insufficient_eligible_folds"", ""positive_fold_fraction_below_gate"", ""nonpositive_median_delta""]",1.0,"[""wide_gt_2""]",exploratory_insufficient_sessions,"[""close_after_300m""]","[""high_gt_5"", ""low_le_1"", ""medium_le_5"", ""zero""]"
-2.5438334395469674e-15,cluster__8c29a8ea6225c377,,,,1,not_supplied,1,ofi,0.0,0.0,"[""ccz_ofi_w1__m1__average""]",elastic_net__a1__l10.5,False,not_supplied,,"[""insufficient_distinct_sessions"", ""insufficient_eligible_folds"", ""positive_fold_fraction_below_gate"", ""nonpositive_median_delta""]",1.0,"[""normal_le_2"", ""wide_gt_2""]",exploratory_insufficient_sessions,"[""close_after_300m""]","[""high_gt_5"", ""low_le_1"", ""medium_le_5"", ""zero""]"
-9.85132050455391e-16,cluster__8c29a8ea6225c377,,,,1,not_supplied,1,ofi,0.0,-2.220446049250313e-16,"[""ccz_ofi_w1__m1__average""]",elastic_net__a1__l10.9,False,not_supplied,,"[""insufficient_distinct_sessions"", ""insufficient_eligible_folds"", ""positive_fold_fraction_below_gate"", ""nonpositive_median_delta""]",1.0,"[""wide_gt_2""]",exploratory_insufficient_sessions,"[""close_after_300m""]","[""high_gt_5"", ""low_le_1"", ""medium_le_5"", ""zero""]"
2.5942486430106807e-15,cluster__8c29a8ea6225c377,,,,1,not_supplied,1,ofi,1.0,1.1102230246251565e-16,"[""ccz_ofi_w1__m1__average""]",elastic_net__a1__l11,True,not_supplied,,"[""insufficient_distinct_sessions"", ""insufficient_eligible_folds"", ""one_session_dominance""]",1.0,"[""normal_le_2"", ""wide_gt_2""]",exploratory_insufficient_sessions,"[""close_after_300m""]","[""high_gt_5"", ""low_le_1"", ""medium_le_5"", ""zero""]"
0.0,cluster__8c9f8f99361a6fed,,,,1,not_supplied,1,ofi,0.0,0.0,"[""ccz_ofi_w5__m10__average""]",boosted_tree__d2__l4__lr0.05__n50__stop24,False,not_supplied,,"[""insufficient_distinct_sessions"", ""insufficient_eligible_folds"", ""positive_fold_fraction_below_gate"", ""nonpositive_median_delta""]",1.0,"[""normal_le_2"", ""wide_gt_2""]",exploratory_insufficient_sessions,"[""close_after_300m""]","[""high_gt_5"", ""low_le_1"", ""medium_le_5"", ""zero""]"
0.0,cluster__8c9f8f99361a6fed,,,,1,not_supplied,1,ofi,0.0,0.0,"[""ccz_ofi_w5__m10__average""]",boosted_tree__d3__l8__lr0.05__n25__stop24,False,not_supplied,,"[""insufficient_distinct_sessions"", ""insufficient_eligible_folds"", ""positive_fold_fraction_below_gate"", ""nonpositive_median_delta""]",1.0,"[""normal_le_2"", ""wide_gt_2""]",exploratory_insufficient_sessions,"[""close_after_300m""]","[""high_gt_5"", ""low_le_1"", ""medium_le_5"", ""zero""]"
-2.5438334395469674e-15,cluster__8c9f8f99361a6fed,,,,1,not_supplied,1,ofi,0.0,0.0,"[""ccz_ofi_w5__m10__average""]",elastic_net__a1__l10.5,False,not_supplied,,"[""insufficient_distinct_sessions"", ""insufficient_eligible_folds"", ""positive_fold_fraction_below_gate"", ""nonpositive_median_delta""]",1.0,"[""normal_le_2"", ""wide_gt_2""]",exploratory_insufficient_sessions,"[""close_after_300m""]","[""high_gt_5"", ""low_le_1"", ""medium_le_5"", ""zero""]"
2.5942486430106807e-15,cluster__8c9f8f99361a6fed,,,,1,not_supplied,1,ofi,1.0,1.1102230246251565e-16,"[""ccz_ofi_w5__m10__average""]",elastic_net__a1__l11,True,not_supplied,,"[""insufficient_distinct_sessions"", ""insufficient_eligible_folds"", ""one_session_dominance""]",1.0,"[""normal_le_2"", ""wide_gt_2""]",exploratory_insufficient_sessions,"[""close_after_300m""]","[""high_gt_5"", ""low_le_1"", ""medium_le_5"", ""zero""]"
0.0,cluster__959b637bd3bb66d4,,,,1,not_supplied,1,ofi,0.0,0.0,"[""ccz_ofi_w1__m100__average"", ""ccz_ofi_w1__m200__average""]",boosted_tree__d2__l4__lr0.05__n50__stop24,False,not_supplied,,"[""insufficient_distinct_sessions"", ""insufficient_eligible_folds"", ""positive_fold_fraction_below_gate"", ""nonpositive_median_delta""]",1.0,"[""normal_le_2"", ""wide_gt_2""]",exploratory_insufficient_sessions,"[""close_after_300m""]","[""high_gt_5"", ""low_le_1"", ""medium_le_5"", ""zero""]"
0.0,cluster__959b637bd3bb66d4,,,,1,not_supplied,1,ofi,0.0,0.0,"[""ccz_ofi_w1__m100__average"", ""ccz_ofi_w1__m200__average""]",boosted_tree__d3__l8__lr0.05__n25__stop24,False,not_supplied,,"[""insufficient_distinct_sessions"", ""insufficient_eligible_folds"", ""positive_fold_fraction_below_gate"", ""nonpositive_median_delta""]",1.0,"[""normal_le_2"", ""wide_gt_2""]",exploratory_insufficient_sessions,"[""close_after_300m""]","[""high_gt_5"", ""low_le_1"", ""medium_le_5"", ""zero""]"
0.0,cluster__959b637bd3bb66d4,,,,1,not_supplied,1,ofi,0.0,0.0,"[""ccz_ofi_w1__m100__average"", ""ccz_ofi_w1__m200__average""]",boosted_tree__d3__l8__lr0.05__n50__stop35,False,not_supplied,,"[""insufficient_distinct_sessions"", ""insufficient_eligible_folds"", ""positive_fold_fraction_below_gate"", ""nonpositive_median_delta""]",1.0,"[""wide_gt_2""]",exploratory_insufficient_sessions,"[""close_after_300m""]","[""high_gt_5"", ""low_le_1"", ""medium_le_5"", ""zero""]"
-2.5438334395469674e-15,cluster__959b637bd3bb66d4,,,,1,not_supplied,1,ofi,0.0,0.0,"[""ccz_ofi_w1__m100__average"", ""ccz_ofi_w1__m200__average""]",elastic_net__a1__l10.5,False,not_supplied,,"[""insufficient_distinct_sessions"", ""insufficient_eligible_folds"", ""positive_fold_fraction_below_gate"", ""nonpositive_median_delta""]",1.0,"[""normal_le_2"", ""wide_gt_2""]",exploratory_insufficient_sessions,"[""close_after_300m""]","[""high_gt_5"", ""low_le_1"", ""medium_le_5"", ""zero""]"
-9.85132050455391e-16,cluster__959b637bd3bb66d4,,,,1,not_supplied,1,ofi,0.0,-2.220446049250313e-16,"[""ccz_ofi_w1__m100__average"", ""ccz_ofi_w1__m200__average""]",elastic_net__a1__l10.9,False,not_supplied,,"[""insufficient_distinct_sessions"", ""insufficient_eligible_folds"", ""positive_fold_fraction_below_gate"", ""nonpositive_median_delta""]",1.0,"[""wide_gt_2""]",exploratory_insufficient_sessions,"[""close_after_300m""]","[""high_gt_5"", ""low_le_1"", ""medium_le_5"", ""zero""]"
2.5942486430106807e-15,cluster__959b637bd3bb66d4,,,,1,not_supplied,1,ofi,1.0,1.1102230246251565e-16,"[""ccz_ofi_w1__m100__average"", ""ccz_ofi_w1__m200__average""]",elastic_net__a1__l11,True,not_supplied,,"[""insufficient_distinct_sessions"", ""insufficient_eligible_folds"", ""one_session_dominance""]",1.0,"[""normal_le_2"", ""wide_gt_2""]",exploratory_insufficient_sessions,"[""close_after_300m""]","[""high_gt_5"", ""low_le_1"", ""medium_le_5"", ""zero""]"
0.0,cluster__962c08b556b1c862,,,,1,not_supplied,1,surface_quality,0.0,0.0,"[""quality__2026-08-25__quote_count"", ""quality__smoothing_component_count""]",boosted_tree__d2__l4__lr0.05__n50__stop24,False,not_supplied,,"[""insufficient_distinct_sessions"", ""insufficient_eligible_folds"", ""positive_fold_fraction_below_gate"", ""nonpositive_median_delta""]",1.0,"[""normal_le_2"", ""wide_gt_2""]",exploratory_insufficient_sessions,"[""close_after_300m""]","[""high_gt_5"", ""low_le_1"", ""medium_le_5"", ""zero""]"
0.0,cluster__962c08b556b1c862,,,,1,not_supplied,1,surface_quality,0.0,0.0,"[""quality__2026-08-25__quote_count"", ""quality__smoothing_component_count""]",boosted_tree__d3__l8__lr0.05__n25__stop24,False,not_supplied,,"[""insufficient_distinct_sessions"", ""insufficient_eligible_folds"", ""positive_fold_fraction_below_gate"", ""nonpositive_median_delta""]",1.0,"[""normal_le_2"", ""wide_gt_2""]",exploratory_insufficient_sessions,"[""close_after_300m""]","[""high_gt_5"", ""low_le_1"", ""medium_le_5"", ""zero""]"
0.0,cluster__962c08b556b1c862,,,,1,not_supplied,1,surface_quality,0.0,0.0,"[""quality__2026-08-25__quote_count"", ""quality__smoothing_component_count""]",boosted_tree__d3__l8__lr0.05__n50__stop35,False,not_supplied,,"[""insufficient_distinct_sessions"", ""insufficient_eligible_folds"", ""positive_fold_fraction_below_gate"", ""nonpositive_median_delta""]",1.0,"[""wide_gt_2""]",exploratory_insufficient_sessions,"[""close_after_300m""]","[""high_gt_5"", ""low_le_1"", ""medium_le_5"", ""zero""]"
-2.5438334395469674e-15,cluster__962c08b556b1c862,,,,1,not_supplied,1,surface_quality,0.0,0.0,"[""quality__2026-08-25__quote_count"", ""quality__smoothing_component_count""]",elastic_net__a1__l10.5,False,not_supplied,,"[""insufficient_distinct_sessions"", ""insufficient_eligible_folds"", ""positive_fold_fraction_below_gate"", ""nonpositive_median_delta""]",1.0,"[""normal_le_2"", ""wide_gt_2""]",exploratory_insufficient_sessions,"[""close_after_300m""]","[""high_gt_5"", ""low_le_1"", ""medium_le_5"", ""zero""]"
-9.85132050455391e-16,cluster__962c08b556b1c862,,,,1,not_supplied,1,surface_quality,0.0,-2.220446049250313e-16,"[""quality__2026-08-25__quote_count"", ""quality__smoothing_component_count""]",elastic_net__a1__l10.9,False,not_supplied,,"[""insufficient_distinct_sessions"", ""insufficient_eligible_folds"", ""positive_fold_fraction_below_gate"", ""nonpositive_median_delta""]",1.0,"[""wide_gt_2""]",exploratory_insufficient_sessions,"[""close_after_300m""]","[""high_gt_5"", ""low_le_1"", ""medium_le_5"", ""zero""]"
2.5942486430106807e-15,cluster__962c08b556b1c862,,,,1,not_supplied,1,surface_quality,1.0,1.1102230246251565e-16,"[""quality__2026-08-25__quote_count"", ""quality__smoothing_component_count""]",elastic_net__a1__l11,True,not_supplied,,"[""insufficient_distinct_sessions"", ""insufficient_eligible_folds"", ""one_session_dominance""]",1.0,"[""normal_le_2"", ""wide_gt_2""]",exploratory_insufficient_sessions,"[""close_after_300m""]","[""high_gt_5"", ""low_le_1"", ""medium_le_5"", ""zero""]"
0.0,cluster__9ca9e2709e5c747a,,,,1,not_supplied,1,surface_quality,0.0,0.0,"[""quality__stale_instrument_count""]",boosted_tree__d2__l4__lr0.05__n50__stop24,False,not_supplied,,"[""insufficient_distinct_sessions"", ""insufficient_eligible_folds"", ""positive_fold_fraction_below_gate"", ""nonpositive_median_delta""]",1.0,"[""normal_le_2"", ""wide_gt_2""]",exploratory_insufficient_sessions,"[""close_after_300m""]","[""high_gt_5"", ""low_le_1"", ""medium_le_5"", ""zero""]"
0.0,cluster__9ca9e2709e5c747a,,,,1,not_supplied,1,surface_quality,0.0,0.0,"[""quality__stale_instrument_count""]",boosted_tree__d3__l8__lr0.05__n25__stop24,False,not_supplied,,"[""insufficient_distinct_sessions"", ""insufficient_eligible_folds"", ""positive_fold_fraction_below_gate"", ""nonpositive_median_delta""]",1.0,"[""normal_le_2"", ""wide_gt_2""]",exploratory_insufficient_sessions,"[""close_after_300m""]","[""high_gt_5"", ""low_le_1"", ""medium_le_5"", ""zero""]"
0.0,cluster__9ca9e2709e5c747a,,,,1,not_supplied,1,surface_quality,0.0,0.0,"[""quality__stale_instrument_count""]",boosted_tree__d3__l8__lr0.05__n50__stop35,False,not_supplied,,"[""insufficient_distinct_sessions"", ""insufficient_eligible_folds"", ""positive_fold_fraction_below_gate"", ""nonpositive_median_delta""]",1.0,"[""wide_gt_2""]",exploratory_insufficient_sessions,"[""close_after_300m""]","[""high_gt_5"", ""low_le_1"", ""medium_le_5"", ""zero""]"
-2.5438334395469674e-15,cluster__9ca9e2709e5c747a,,,,1,not_supplied,1,surface_quality,0.0,0.0,"[""quality__stale_instrument_count""]",elastic_net__a1__l10.5,False,not_supplied,,"[""insufficient_distinct_sessions"", ""insufficient_eligible_folds"", ""positive_fold_fraction_below_gate"", ""nonpositive_median_delta""]",1.0,"[""normal_le_2"", ""wide_gt_2""]",exploratory_insufficient_sessions,"[""close_after_300m""]","[""high_gt_5"", ""low_le_1"", ""medium_le_5"", ""zero""]"
-9.85132050455391e-16,cluster__9ca9e2709e5c747a,,,,1,not_supplied,1,surface_quality,0.0,-2.220446049250313e-16,"[""quality__stale_instrument_count""]",elastic_net__a1__l10.9,False,not_supplied,,"[""insufficient_distinct_sessions"", ""insufficient_eligible_folds"", ""positive_fold_fraction_below_gate"", ""nonpositive_median_delta""]",1.0,"[""wide_gt_2""]",exploratory_insufficient_sessions,"[""close_after_300m""]","[""high_gt_5"", ""low_le_1"", ""medium_le_5"", ""zero""]"
2.5942486430106807e-15,cluster__9ca9e2709e5c747a,,,,1,not_supplied,1,surface_quality,1.0,1.1102230246251565e-16,"[""quality__stale_instrument_count""]",elastic_net__a1__l11,True,not_supplied,,"[""insufficient_distinct_sessions"", ""insufficient_eligible_folds"", ""one_session_dominance""]",1.0,"[""normal_le_2"", ""wide_gt_2""]",exploratory_insufficient_sessions,"[""close_after_300m""]","[""high_gt_5"", ""low_le_1"", ""medium_le_5"", ""zero""]"
0.0,cluster__a1e835b95b16e9e9,,,,1,not_supplied,1,book_liquidity,0.0,0.0,"[""lob__quantity_imbalance_l5""]",boosted_tree__d2__l4__lr0.05__n50__stop24,False,not_supplied,,"[""insufficient_distinct_sessions"", ""insufficient_eligible_folds"", ""positive_fold_fraction_below_gate"", ""nonpositive_median_delta""]",1.0,"[""normal_le_2"", ""wide_gt_2""]",exploratory_insufficient_sessions,"[""close_after_300m""]","[""high_gt_5"", ""low_le_1"", ""medium_le_5"", ""zero""]"
0.0,cluster__a1e835b95b16e9e9,,,,1,not_supplied,1,book_liquidity,0.0,0.0,"[""lob__quantity_imbalance_l5""]",boosted_tree__d3__l8__lr0.05__n25__stop24,False,not_supplied,,"[""insufficient_distinct_sessions"", ""insufficient_eligible_folds"", ""positive_fold_fraction_below_gate"", ""nonpositive_median_delta""]",1.0,"[""normal_le_2"", ""wide_gt_2""]",exploratory_insufficient_sessions,"[""close_after_300m""]","[""high_gt_5"", ""low_le_1"", ""medium_le_5"", ""zero""]"
0.0,cluster__a1e835b95b16e9e9,,,,1,not_supplied,1,book_liquidity,0.0,0.0,"[""lob__quantity_imbalance_l5""]",boosted_tree__d3__l8__lr0.05__n50__stop35,False,not_supplied,,"[""insufficient_distinct_sessions"", ""insufficient_eligible_folds"", ""positive_fold_fraction_below_gate"", ""nonpositive_median_delta""]",1.0,"[""wide_gt_2""]",exploratory_insufficient_sessions,"[""close_after_300m""]","[""high_gt_5"", ""low_le_1"", ""medium_le_5"", ""zero""]"
6.323082370886762e-15,cluster__a1e835b95b16e9e9,,,,1,not_supplied,1,book_liquidity,0.0,0.0,"[""lob__quantity_imbalance_l5""]",elastic_net__a1__l10.5,False,not_supplied,,"[""insufficient_distinct_sessions"", ""insufficient_eligible_folds"", ""positive_fold_fraction_below_gate"", ""nonpositive_median_delta""]",1.0,"[""normal_le_2"", ""wide_gt_2""]",exploratory_insufficient_sessions,"[""close_after_300m""]","[""high_gt_5"", ""low_le_1"", ""medium_le_5"", ""zero""]"
-1.3175203178250144e-11,cluster__a1e835b95b16e9e9,negative,,1.0,1,not_supplied,1,book_liquidity,0.0,-2.964295475749168e-14,"[""lob__quantity_imbalance_l5""]",elastic_net__a1__l10.9,False,not_supplied,,"[""insufficient_distinct_sessions"", ""insufficient_eligible_folds"", ""positive_fold_fraction_below_gate"", ""nonpositive_median_delta""]",1.0,"[""wide_gt_2""]",exploratory_insufficient_sessions,"[""close_after_300m""]","[""high_gt_5"", ""low_le_1"", ""medium_le_5"", ""zero""]"
2.5942486430106807e-15,cluster__a1e835b95b16e9e9,,,,1,not_supplied,1,book_liquidity,1.0,1.1102230246251565e-16,"[""lob__quantity_imbalance_l5""]",elastic_net__a1__l11,True,not_supplied,,"[""insufficient_distinct_sessions"", ""insufficient_eligible_folds"", ""one_session_dominance""]",1.0,"[""normal_le_2"", ""wide_gt_2""]",exploratory_insufficient_sessions,"[""close_after_300m""]","[""high_gt_5"", ""low_le_1"", ""medium_le_5"", ""zero""]"
0.5923971277476084,cluster__a391bd497d5a01b9,positive,,1.0,1,not_supplied,1,surface_quality,1.0,0.0013235136835898498,"[""quality__surface_age_seconds"", ""quality__worst_instrument_age_seconds""]",boosted_tree__d3__l8__lr0.05__n50__stop35,True,not_supplied,,"[""insufficient_distinct_sessions"", ""insufficient_eligible_folds"", ""one_session_dominance""]",1.0,"[""wide_gt_2""]",exploratory_insufficient_sessions,"[""close_after_300m""]","[""high_gt_5"", ""low_le_1"", ""medium_le_5"", ""zero""]"
-1.9527824432684278e-11,cluster__a391bd497d5a01b9,negative,,1.0,1,not_supplied,1,surface_quality,0.0,-4.39648317751562e-14,"[""quality__surface_age_seconds"", ""quality__worst_instrument_age_seconds""]",elastic_net__a1__l10.9,False,not_supplied,,"[""insufficient_distinct_sessions"", ""insufficient_eligible_folds"", ""positive_fold_fraction_below_gate"", ""nonpositive_median_delta""]",1.0,"[""wide_gt_2""]",exploratory_insufficient_sessions,"[""close_after_300m""]","[""high_gt_5"", ""low_le_1"", ""medium_le_5"", ""zero""]"
0.03424651770535888,cluster__a59fb5db9f4fd3e0,positive,,1.0,1,not_supplied,1,price_path,1.0,0.00010395357382186887,"[""price__displayed_mid_return_lag_10s_ticks""]",boosted_tree__d2__l4__lr0.05__n50__stop24,True,not_supplied,,"[""insufficient_distinct_sessions"", ""insufficient_eligible_folds"", ""one_session_dominance""]",1.0,"[""normal_le_2"", ""wide_gt_2""]",exploratory_insufficient_sessions,"[""close_after_300m""]","[""high_gt_5"", ""low_le_1"", ""medium_le_5"", ""zero""]"
-8.40427962269834,cluster__a59fb5db9f4fd3e0,negative,,1.0,1,not_supplied,1,price_path,0.0,-0.05406495230220554,"[""price__displayed_mid_return_lag_10s_ticks""]",boosted_tree__d3__l8__lr0.05__n25__stop24,False,not_supplied,,"[""insufficient_distinct_sessions"", ""insufficient_eligible_folds"", ""positive_fold_fraction_below_gate"", ""nonpositive_median_delta""]",1.0,"[""normal_le_2"", ""wide_gt_2""]",exploratory_insufficient_sessions,"[""close_after_300m""]","[""high_gt_5"", ""low_le_1"", ""medium_le_5"", ""zero""]"
4.1610948155486165,cluster__a59fb5db9f4fd3e0,positive,,1.0,1,not_supplied,1,price_path,1.0,0.00929657769954706,"[""price__displayed_mid_return_lag_10s_ticks""]",boosted_tree__d3__l8__lr0.05__n50__stop35,True,not_supplied,,"[""insufficient_distinct_sessions"", ""insufficient_eligible_folds"", ""one_session_dominance""]",1.0,"[""wide_gt_2""]",exploratory_insufficient_sessions,"[""close_after_300m""]","[""high_gt_5"", ""low_le_1"", ""medium_le_5"", ""zero""]"
0.4473199550249907,cluster__a59fb5db9f4fd3e0,positive,,1.0,1,not_supplied,1,price_path,1.0,0.0028776210595055085,"[""price__displayed_mid_return_lag_10s_ticks""]",elastic_net__a1__l10.5,True,not_supplied,,"[""insufficient_distinct_sessions"", ""insufficient_eligible_folds"", ""one_session_dominance""]",1.0,"[""normal_le_2"", ""wide_gt_2""]",exploratory_insufficient_sessions,"[""close_after_300m""]","[""high_gt_5"", ""low_le_1"", ""medium_le_5"", ""zero""]"
4.859893041485568,cluster__a59fb5db9f4fd3e0,positive,,1.0,1,not_supplied,1,price_path,1.0,0.010857809128221207,"[""price__displayed_mid_return_lag_10s_ticks""]",elastic_net__a1__l10.9,True,not_supplied,,"[""insufficient_distinct_sessions"", ""insufficient_eligible_folds"", ""one_session_dominance""]",1.0,"[""wide_gt_2""]",exploratory_insufficient_sessions,"[""close_after_300m""]","[""high_gt_5"", ""low_le_1"", ""medium_le_5"", ""zero""]"
-0.2065520667023968,cluster__a59fb5db9f4fd3e0,negative,,1.0,1,not_supplied,1,price_path,0.0,-0.0006269783602161905,"[""price__displayed_mid_return_lag_10s_ticks""]",elastic_net__a1__l11,False,not_supplied,,"[""insufficient_distinct_sessions"", ""insufficient_eligible_folds"", ""positive_fold_fraction_below_gate"", ""nonpositive_median_delta""]",1.0,"[""normal_le_2"", ""wide_gt_2""]",exploratory_insufficient_sessions,"[""close_after_300m""]","[""high_gt_5"", ""low_le_1"", ""medium_le_5"", ""zero""]"
0.0,cluster__a7171c841cb9fb67,,,,1,not_supplied,1,ofi,0.0,0.0,"[""ofi__w10__average_m5_minus_m20""]",boosted_tree__d2__l4__lr0.05__n50__stop24,False,not_supplied,,"[""insufficient_distinct_sessions"", ""insufficient_eligible_folds"", ""positive_fold_fraction_below_gate"", ""nonpositive_median_delta""]",1.0,"[""normal_le_2"", ""wide_gt_2""]",exploratory_insufficient_sessions,"[""close_after_300m""]","[""high_gt_5"", ""low_le_1"", ""medium_le_5"", ""zero""]"
0.0,cluster__a7171c841cb9fb67,,,,1,not_supplied,1,ofi,0.0,0.0,"[""ofi__w10__average_m5_minus_m20""]",boosted_tree__d3__l8__lr0.05__n25__stop24,False,not_supplied,,"[""insufficient_distinct_sessions"", ""insufficient_eligible_folds"", ""positive_fold_fraction_below_gate"", ""nonpositive_median_delta""]",1.0,"[""normal_le_2"", ""wide_gt_2""]",exploratory_insufficient_sessions,"[""close_after_300m""]","[""high_gt_5"", ""low_le_1"", ""medium_le_5"", ""zero""]"
0.0,cluster__a7171c841cb9fb67,,,,1,not_supplied,1,ofi,0.0,0.0,"[""ofi__w10__average_m5_minus_m20""]",boosted_tree__d3__l8__lr0.05__n50__stop35,False,not_supplied,,"[""insufficient_distinct_sessions"", ""insufficient_eligible_folds"", ""positive_fold_fraction_below_gate"", ""nonpositive_median_delta""]",1.0,"[""wide_gt_2""]",exploratory_insufficient_sessions,"[""close_after_300m""]","[""high_gt_5"", ""low_le_1"", ""medium_le_5"", ""zero""]"
-1.0861127286219393e-14,cluster__a7171c841cb9fb67,,,,1,not_supplied,1,ofi,0.0,-1.1102230246251565e-16,"[""ofi__w10__average_m5_minus_m20""]",elastic_net__a1__l10.5,False,not_supplied,,"[""insufficient_distinct_sessions"", ""insufficient_eligible_folds"", ""positive_fold_fraction_below_gate"", ""nonpositive_median_delta""]",1.0,"[""normal_le_2"", ""wide_gt_2""]",exploratory_insufficient_sessions,"[""close_after_300m""]","[""high_gt_5"", ""low_le_1"", ""medium_le_5"", ""zero""]"
-1.2777769526567786,cluster__a7171c841cb9fb67,negative,,1.0,1,not_supplied,1,ofi,0.0,-0.002854766173238099,"[""ofi__w10__average_m5_minus_m20""]",elastic_net__a1__l10.9,False,not_supplied,,"[""insufficient_distinct_sessions"", ""insufficient_eligible_folds"", ""positive_fold_fraction_below_gate"", ""nonpositive_median_delta""]",1.0,"[""wide_gt_2""]",exploratory_insufficient_sessions,"[""close_after_300m""]","[""high_gt_5"", ""low_le_1"", ""medium_le_5"", ""zero""]"
1.9814882214438747e-15,cluster__a7171c841cb9fb67,,,,1,not_supplied,1,ofi,1.0,1.1102230246251565e-16,"[""ofi__w10__average_m5_minus_m20""]",elastic_net__a1__l11,True,not_supplied,,"[""insufficient_distinct_sessions"", ""insufficient_eligible_folds"", ""one_session_dominance""]",1.0,"[""normal_le_2"", ""wide_gt_2""]",exploratory_insufficient_sessions,"[""close_after_300m""]","[""high_gt_5"", ""low_le_1"", ""medium_le_5"", ""zero""]"
0.0,cluster__a827e2207d675df1,,,,1,not_supplied,1,ofi,0.0,0.0,"[""ccz_ofi_w0p5__m20__average""]",boosted_tree__d3__l8__lr0.05__n25__stop24,False,not_supplied,,"[""insufficient_distinct_sessions"", ""insufficient_eligible_folds"", ""positive_fold_fraction_below_gate"", ""nonpositive_median_delta""]",1.0,"[""normal_le_2"", ""wide_gt_2""]",exploratory_insufficient_sessions,"[""close_after_300m""]","[""high_gt_5"", ""low_le_1"", ""medium_le_5"", ""zero""]"
-1.3968472448395973e-15,cluster__a827e2207d675df1,,,,1,not_supplied,1,ofi,0.0,0.0,"[""ccz_ofi_w0p5__m20__average""]",elastic_net__a1__l10.5,False,not_supplied,,"[""insufficient_distinct_sessions"", ""insufficient_eligible_folds"", ""positive_fold_fraction_below_gate"", ""nonpositive_median_delta""]",1.0,"[""normal_le_2"", ""wide_gt_2""]",exploratory_insufficient_sessions,"[""close_after_300m""]","[""high_gt_5"", ""low_le_1"", ""medium_le_5"", ""zero""]"
0.0,cluster__a867b4c1b44d375e,,,,1,not_supplied,1,ofi,0.0,0.0,"[""ccz_ofi_w30__m1__average""]",boosted_tree__d2__l4__lr0.05__n50__stop24,False,not_supplied,,"[""insufficient_distinct_sessions"", ""insufficient_eligible_folds"", ""positive_fold_fraction_below_gate"", ""nonpositive_median_delta""]",1.0,"[""normal_le_2"", ""wide_gt_2""]",exploratory_insufficient_sessions,"[""close_after_300m""]","[""high_gt_5"", ""low_le_1"", ""medium_le_5"", ""zero""]"
-0.17182487675990082,cluster__a867b4c1b44d375e,negative,,1.0,1,not_supplied,1,ofi,0.0,-0.001105353960530575,"[""ccz_ofi_w30__m1__average""]",boosted_tree__d3__l8__lr0.05__n25__stop24,False,not_supplied,,"[""insufficient_distinct_sessions"", ""insufficient_eligible_folds"", ""positive_fold_fraction_below_gate"", ""nonpositive_median_delta""]",1.0,"[""normal_le_2"", ""wide_gt_2""]",exploratory_insufficient_sessions,"[""close_after_300m""]","[""high_gt_5"", ""low_le_1"", ""medium_le_5"", ""zero""]"
4.876086789543763,cluster__a867b4c1b44d375e,positive,,1.0,1,not_supplied,1,ofi,1.0,0.010893988653981612,"[""ccz_ofi_w30__m1__average""]",boosted_tree__d3__l8__lr0.05__n50__stop35,True,not_supplied,,"[""insufficient_distinct_sessions"", ""insufficient_eligible_folds"", ""one_session_dominance""]",1.0,"[""wide_gt_2""]",exploratory_insufficient_sessions,"[""close_after_300m""]","[""high_gt_5"", ""low_le_1"", ""medium_le_5"", ""zero""]"
0.19012171947759635,cluster__a867b4c1b44d375e,positive,,1.0,1,not_supplied,1,ofi,1.0,0.0012230580319350093,"[""ccz_ofi_w30__m1__average""]",elastic_net__a1__l10.5,True,not_supplied,,"[""insufficient_distinct_sessions"", ""insufficient_eligible_folds"", ""one_session_dominance""]",1.0,"[""normal_le_2"", ""wide_gt_2""]",exploratory_insufficient_sessions,"[""close_after_300m""]","[""high_gt_5"", ""low_le_1"", ""medium_le_5"", ""zero""]"
-1.7860649950676035,cluster__a867b4c1b44d375e,negative,,1.0,1,not_supplied,1,ofi,0.0,-0.003990366175037119,"[""ccz_ofi_w30__m1__average""]",elastic_net__a1__l10.9,False,not_supplied,,"[""insufficient_distinct_sessions"", ""insufficient_eligible_folds"", ""positive_fold_fraction_below_gate"", ""nonpositive_median_delta""]",1.0,"[""wide_gt_2""]",exploratory_insufficient_sessions,"[""close_after_300m""]","[""high_gt_5"", ""low_le_1"", ""medium_le_5"", ""zero""]"
-2.21134977967914e-12,cluster__a867b4c1b44d375e,negative,,1.0,1,not_supplied,1,ofi,0.0,-6.661338147750939e-15,"[""ccz_ofi_w30__m1__average""]",elastic_net__a1__l11,False,not_supplied,,"[""insufficient_distinct_sessions"", ""insufficient_eligible_folds"", ""positive_fold_fraction_below_gate"", ""nonpositive_median_delta""]",1.0,"[""normal_le_2"", ""wide_gt_2""]",exploratory_insufficient_sessions,"[""close_after_300m""]","[""high_gt_5"", ""low_le_1"", ""medium_le_5"", ""zero""]"
0.0,cluster__ad0a96a048bbc7d8,,,,1,not_supplied,1,book_liquidity,0.0,0.0,"[""lob__l1_total_quantity"", ""lob__log1p_l1_total_quantity""]",boosted_tree__d2__l4__lr0.05__n50__stop24,False,not_supplied,,"[""insufficient_distinct_sessions"", ""insufficient_eligible_folds"", ""positive_fold_fraction_below_gate"", ""nonpositive_median_delta""]",1.0,"[""normal_le_2"", ""wide_gt_2""]",exploratory_insufficient_sessions,"[""close_after_300m""]","[""high_gt_5"", ""low_le_1"", ""medium_le_5"", ""zero""]"
0.0,cluster__ad0a96a048bbc7d8,,,,1,not_supplied,1,book_liquidity,0.0,0.0,"[""lob__l1_total_quantity"", ""lob__log1p_l1_total_quantity""]",boosted_tree__d3__l8__lr0.05__n25__stop24,False,not_supplied,,"[""insufficient_distinct_sessions"", ""insufficient_eligible_folds"", ""positive_fold_fraction_below_gate"", ""nonpositive_median_delta""]",1.0,"[""normal_le_2"", ""wide_gt_2""]",exploratory_insufficient_sessions,"[""close_after_300m""]","[""high_gt_5"", ""low_le_1"", ""medium_le_5"", ""zero""]"
1.3414741541935364,cluster__ad0a96a048bbc7d8,positive,,1.0,1,not_supplied,1,book_liquidity,1.0,0.0029970763126556665,"[""lob__l1_total_quantity"", ""lob__log1p_l1_total_quantity""]",boosted_tree__d3__l8__lr0.05__n50__stop35,True,not_supplied,,"[""insufficient_distinct_sessions"", ""insufficient_eligible_folds"", ""one_session_dominance""]",1.0,"[""wide_gt_2""]",exploratory_insufficient_sessions,"[""close_after_300m""]","[""high_gt_5"", ""low_le_1"", ""medium_le_5"", ""zero""]"
-2.6616212172669648e-15,cluster__ad0a96a048bbc7d8,,,,1,not_supplied,1,book_liquidity,0.0,0.0,"[""lob__l1_total_quantity"", ""lob__log1p_l1_total_quantity""]",elastic_net__a1__l10.5,False,not_supplied,,"[""insufficient_distinct_sessions"", ""insufficient_eligible_folds"", ""positive_fold_fraction_below_gate"", ""nonpositive_median_delta""]",1.0,"[""normal_le_2"", ""wide_gt_2""]",exploratory_insufficient_sessions,"[""close_after_300m""]","[""high_gt_5"", ""low_le_1"", ""medium_le_5"", ""zero""]"
-1.896197932075915e-15,cluster__ad0a96a048bbc7d8,,,,1,not_supplied,1,book_liquidity,0.0,-2.220446049250313e-16,"[""lob__l1_total_quantity"", ""lob__log1p_l1_total_quantity""]",elastic_net__a1__l10.9,False,not_supplied,,"[""insufficient_distinct_sessions"", ""insufficient_eligible_folds"", ""positive_fold_fraction_below_gate"", ""nonpositive_median_delta""]",1.0,"[""wide_gt_2""]",exploratory_insufficient_sessions,"[""close_after_300m""]","[""high_gt_5"", ""low_le_1"", ""medium_le_5"", ""zero""]"
1.9814882214438747e-15,cluster__ad0a96a048bbc7d8,,,,1,not_supplied,1,book_liquidity,1.0,1.1102230246251565e-16,"[""lob__l1_total_quantity"", ""lob__log1p_l1_total_quantity""]",elastic_net__a1__l11,True,not_supplied,,"[""insufficient_distinct_sessions"", ""insufficient_eligible_folds"", ""one_session_dominance""]",1.0,"[""normal_le_2"", ""wide_gt_2""]",exploratory_insufficient_sessions,"[""close_after_300m""]","[""high_gt_5"", ""low_le_1"", ""medium_le_5"", ""zero""]"
0.0,cluster__afbf9ac7f0d6750b,,,,1,not_supplied,1,ofi,0.0,0.0,"[""ccz_ofi_w10__m1__average""]",boosted_tree__d2__l4__lr0.05__n50__stop24,False,not_supplied,,"[""insufficient_distinct_sessions"", ""insufficient_eligible_folds"", ""positive_fold_fraction_below_gate"", ""nonpositive_median_delta""]",1.0,"[""normal_le_2"", ""wide_gt_2""]",exploratory_insufficient_sessions,"[""close_after_300m""]","[""high_gt_5"", ""low_le_1"", ""medium_le_5"", ""zero""]"
0.06505087338829671,cluster__afbf9ac7f0d6750b,positive,,1.0,1,not_supplied,1,ofi,1.0,0.0004184739828809736,"[""ccz_ofi_w10__m1__average""]",boosted_tree__d3__l8__lr0.05__n25__stop24,True,not_supplied,,"[""insufficient_distinct_sessions"", ""insufficient_eligible_folds"", ""one_session_dominance""]",1.0,"[""normal_le_2"", ""wide_gt_2""]",exploratory_insufficient_sessions,"[""close_after_300m""]","[""high_gt_5"", ""low_le_1"", ""medium_le_5"", ""zero""]"
2.139690822320813,cluster__afbf9ac7f0d6750b,positive,,1.0,1,not_supplied,1,ofi,1.0,0.004780425071878813,"[""ccz_ofi_w10__m1__average""]",boosted_tree__d3__l8__lr0.05__n50__stop35,True,not_supplied,,"[""insufficient_distinct_sessions"", ""insufficient_eligible_folds"", ""one_session_dominance""]",1.0,"[""wide_gt_2""]",exploratory_insufficient_sessions,"[""close_after_300m""]","[""high_gt_5"", ""low_le_1"", ""medium_le_5"", ""zero""]"
-2.6616212172669648e-15,cluster__afbf9ac7f0d6750b,,,,1,not_supplied,1,ofi,0.0,0.0,"[""ccz_ofi_w10__m1__average""]",elastic_net__a1__l10.5,False,not_supplied,,"[""insufficient_distinct_sessions"", ""insufficient_eligible_folds"", ""positive_fold_fraction_below_gate"", ""nonpositive_median_delta""]",1.0,"[""normal_le_2"", ""wide_gt_2""]",exploratory_insufficient_sessions,"[""close_after_300m""]","[""high_gt_5"", ""low_le_1"", ""medium_le_5"", ""zero""]"
-1.896197932075915e-15,cluster__afbf9ac7f0d6750b,,,,1,not_supplied,1,ofi,0.0,-2.220446049250313e-16,"[""ccz_ofi_w10__m1__average""]",elastic_net__a1__l10.9,False,not_supplied,,"[""insufficient_distinct_sessions"", ""insufficient_eligible_folds"", ""positive_fold_fraction_below_gate"", ""nonpositive_median_delta""]",1.0,"[""wide_gt_2""]",exploratory_insufficient_sessions,"[""close_after_300m""]","[""high_gt_5"", ""low_le_1"", ""medium_le_5"", ""zero""]"
1.9814882214438747e-15,cluster__afbf9ac7f0d6750b,,,,1,not_supplied,1,ofi,1.0,1.1102230246251565e-16,"[""ccz_ofi_w10__m1__average""]",elastic_net__a1__l11,True,not_supplied,,"[""insufficient_distinct_sessions"", ""insufficient_eligible_folds"", ""one_session_dominance""]",1.0,"[""normal_le_2"", ""wide_gt_2""]",exploratory_insufficient_sessions,"[""close_after_300m""]","[""high_gt_5"", ""low_le_1"", ""medium_le_5"", ""zero""]"
0.0,cluster__b14504afa42d221d,,,,1,not_supplied,1,surface_quality,0.0,0.0,"[""quality__2026-09-01__quote_count"", ""quality__2026-09-29__quote_count"", ""quality__used_quote_count""]",boosted_tree__d2__l4__lr0.05__n50__stop24,False,not_supplied,,"[""insufficient_distinct_sessions"", ""insufficient_eligible_folds"", ""positive_fold_fraction_below_gate"", ""nonpositive_median_delta""]",1.0,"[""normal_le_2"", ""wide_gt_2""]",exploratory_insufficient_sessions,"[""close_after_300m""]","[""high_gt_5"", ""low_le_1"", ""medium_le_5"", ""zero""]"
0.0,cluster__b14504afa42d221d,,,,1,not_supplied,1,surface_quality,0.0,0.0,"[""quality__2026-09-01__quote_count"", ""quality__2026-09-29__quote_count"", ""quality__used_quote_count""]",boosted_tree__d3__l8__lr0.05__n50__stop35,False,not_supplied,,"[""insufficient_distinct_sessions"", ""insufficient_eligible_folds"", ""positive_fold_fraction_below_gate"", ""nonpositive_median_delta""]",1.0,"[""wide_gt_2""]",exploratory_insufficient_sessions,"[""close_after_300m""]","[""high_gt_5"", ""low_le_1"", ""medium_le_5"", ""zero""]"
-1.896197932075915e-15,cluster__b14504afa42d221d,,,,1,not_supplied,1,surface_quality,0.0,-2.220446049250313e-16,"[""quality__2026-09-01__quote_count"", ""quality__2026-09-29__quote_count"", ""quality__used_quote_count""]",elastic_net__a1__l10.9,False,not_supplied,,"[""insufficient_distinct_sessions"", ""insufficient_eligible_folds"", ""positive_fold_fraction_below_gate"", ""nonpositive_median_delta""]",1.0,"[""wide_gt_2""]",exploratory_insufficient_sessions,"[""close_after_300m""]","[""high_gt_5"", ""low_le_1"", ""medium_le_5"", ""zero""]"
1.9814882214438747e-15,cluster__b14504afa42d221d,,,,1,not_supplied,1,surface_quality,1.0,1.1102230246251565e-16,"[""quality__2026-09-01__quote_count"", ""quality__2026-09-29__quote_count"", ""quality__used_quote_count""]",elastic_net__a1__l11,True,not_supplied,,"[""insufficient_distinct_sessions"", ""insufficient_eligible_folds"", ""one_session_dominance""]",1.0,"[""normal_le_2"", ""wide_gt_2""]",exploratory_insufficient_sessions,"[""close_after_300m""]","[""high_gt_5"", ""low_le_1"", ""medium_le_5"", ""zero""]"
0.03989317387285589,cluster__b3049e2f6d60b737,positive,,1.0,1,not_supplied,1,surface_quality,1.0,0.00012109371326052276,"[""quality__2026-09-29__support_width""]",boosted_tree__d2__l4__lr0.05__n50__stop24,True,not_supplied,,"[""insufficient_distinct_sessions"", ""insufficient_eligible_folds"", ""one_session_dominance""]",1.0,"[""normal_le_2"", ""wide_gt_2""]",exploratory_insufficient_sessions,"[""close_after_300m""]","[""high_gt_5"", ""low_le_1"", ""medium_le_5"", ""zero""]"
-1.5321468518409678,cluster__b3049e2f6d60b737,negative,,1.0,1,not_supplied,1,surface_quality,0.0,-0.009856341076638353,"[""quality__2026-09-29__support_width""]",boosted_tree__d3__l8__lr0.05__n25__stop24,False,not_supplied,,"[""insufficient_distinct_sessions"", ""insufficient_eligible_folds"", ""positive_fold_fraction_below_gate"", ""nonpositive_median_delta""]",1.0,"[""normal_le_2"", ""wide_gt_2""]",exploratory_insufficient_sessions,"[""close_after_300m""]","[""high_gt_5"", ""low_le_1"", ""medium_le_5"", ""zero""]"
7.696017028233307,cluster__b3049e2f6d60b737,positive,,1.0,1,not_supplied,1,surface_quality,1.0,0.01719418168811293,"[""quality__2026-09-29__support_width""]",boosted_tree__d3__l8__lr0.05__n50__stop35,True,not_supplied,,"[""insufficient_distinct_sessions"", ""insufficient_eligible_folds"", ""one_session_dominance""]",1.0,"[""wide_gt_2""]",exploratory_insufficient_sessions,"[""close_after_300m""]","[""high_gt_5"", ""low_le_1"", ""medium_le_5"", ""zero""]"
-2.6616212172669648e-15,cluster__b3049e2f6d60b737,,,,1,not_supplied,1,surface_quality,0.0,0.0,"[""quality__2026-09-29__support_width""]",elastic_net__a1__l10.5,False,not_supplied,,"[""insufficient_distinct_sessions"", ""insufficient_eligible_folds"", ""positive_fold_fraction_below_gate"", ""nonpositive_median_delta""]",1.0,"[""normal_le_2"", ""wide_gt_2""]",exploratory_insufficient_sessions,"[""close_after_300m""]","[""high_gt_5"", ""low_le_1"", ""medium_le_5"", ""zero""]"
-1.896197932075915e-15,cluster__b3049e2f6d60b737,,,,1,not_supplied,1,surface_quality,0.0,-2.220446049250313e-16,"[""quality__2026-09-29__support_width""]",elastic_net__a1__l10.9,False,not_supplied,,"[""insufficient_distinct_sessions"", ""insufficient_eligible_folds"", ""positive_fold_fraction_below_gate"", ""nonpositive_median_delta""]",1.0,"[""wide_gt_2""]",exploratory_insufficient_sessions,"[""close_after_300m""]","[""high_gt_5"", ""low_le_1"", ""medium_le_5"", ""zero""]"
1.9814882214438747e-15,cluster__b3049e2f6d60b737,,,,1,not_supplied,1,surface_quality,1.0,1.1102230246251565e-16,"[""quality__2026-09-29__support_width""]",elastic_net__a1__l11,True,not_supplied,,"[""insufficient_distinct_sessions"", ""insufficient_eligible_folds"", ""one_session_dominance""]",1.0,"[""normal_le_2"", ""wide_gt_2""]",exploratory_insufficient_sessions,"[""close_after_300m""]","[""high_gt_5"", ""low_le_1"", ""medium_le_5"", ""zero""]"
0.0,cluster__b31ca2d0bf76f633,,,,1,not_supplied,1,ofi,0.0,0.0,"[""ofi__w2__average_m5_minus_m20""]",boosted_tree__d2__l4__lr0.05__n50__stop24,False,not_supplied,,"[""insufficient_distinct_sessions"", ""insufficient_eligible_folds"", ""positive_fold_fraction_below_gate"", ""nonpositive_median_delta""]",1.0,"[""normal_le_2"", ""wide_gt_2""]",exploratory_insufficient_sessions,"[""close_after_300m""]","[""high_gt_5"", ""low_le_1"", ""medium_le_5"", ""zero""]"
0.0,cluster__b31ca2d0bf76f633,,,,1,not_supplied,1,ofi,0.0,0.0,"[""ofi__w2__average_m5_minus_m20""]",boosted_tree__d3__l8__lr0.05__n25__stop24,False,not_supplied,,"[""insufficient_distinct_sessions"", ""insufficient_eligible_folds"", ""positive_fold_fraction_below_gate"", ""nonpositive_median_delta""]",1.0,"[""normal_le_2"", ""wide_gt_2""]",exploratory_insufficient_sessions,"[""close_after_300m""]","[""high_gt_5"", ""low_le_1"", ""medium_le_5"", ""zero""]"
0.0,cluster__b31ca2d0bf76f633,,,,1,not_supplied,1,ofi,0.0,0.0,"[""ofi__w2__average_m5_minus_m20""]",boosted_tree__d3__l8__lr0.05__n50__stop35,False,not_supplied,,"[""insufficient_distinct_sessions"", ""insufficient_eligible_folds"", ""positive_fold_fraction_below_gate"", ""nonpositive_median_delta""]",1.0,"[""wide_gt_2""]",exploratory_insufficient_sessions,"[""close_after_300m""]","[""high_gt_5"", ""low_le_1"", ""medium_le_5"", ""zero""]"
-2.6616212172669648e-15,cluster__b31ca2d0bf76f633,,,,1,not_supplied,1,ofi,0.0,0.0,"[""ofi__w2__average_m5_minus_m20""]",elastic_net__a1__l10.5,False,not_supplied,,"[""insufficient_distinct_sessions"", ""insufficient_eligible_folds"", ""positive_fold_fraction_below_gate"", ""nonpositive_median_delta""]",1.0,"[""normal_le_2"", ""wide_gt_2""]",exploratory_insufficient_sessions,"[""close_after_300m""]","[""high_gt_5"", ""low_le_1"", ""medium_le_5"", ""zero""]"
-1.896197932075915e-15,cluster__b31ca2d0bf76f633,,,,1,not_supplied,1,ofi,0.0,-2.220446049250313e-16,"[""ofi__w2__average_m5_minus_m20""]",elastic_net__a1__l10.9,False,not_supplied,,"[""insufficient_distinct_sessions"", ""insufficient_eligible_folds"", ""positive_fold_fraction_below_gate"", ""nonpositive_median_delta""]",1.0,"[""wide_gt_2""]",exploratory_insufficient_sessions,"[""close_after_300m""]","[""high_gt_5"", ""low_le_1"", ""medium_le_5"", ""zero""]"
1.9814882214438747e-15,cluster__b31ca2d0bf76f633,,,,1,not_supplied,1,ofi,1.0,1.1102230246251565e-16,"[""ofi__w2__average_m5_minus_m20""]",elastic_net__a1__l11,True,not_supplied,,"[""insufficient_distinct_sessions"", ""insufficient_eligible_folds"", ""one_session_dominance""]",1.0,"[""normal_le_2"", ""wide_gt_2""]",exploratory_insufficient_sessions,"[""close_after_300m""]","[""high_gt_5"", ""low_le_1"", ""medium_le_5"", ""zero""]"
0.0,cluster__b3a7ffd8d4e710b8,,,,1,not_supplied,1,ofi,0.0,0.0,"[""ccz_ofi_w5__m1__average""]",boosted_tree__d2__l4__lr0.05__n50__stop24,False,not_supplied,,"[""insufficient_distinct_sessions"", ""insufficient_eligible_folds"", ""positive_fold_fraction_below_gate"", ""nonpositive_median_delta""]",1.0,"[""normal_le_2"", ""wide_gt_2""]",exploratory_insufficient_sessions,"[""close_after_300m""]","[""high_gt_5"", ""low_le_1"", ""medium_le_5"", ""zero""]"
0.0,cluster__b3a7ffd8d4e710b8,,,,1,not_supplied,1,ofi,0.0,0.0,"[""ccz_ofi_w5__m1__average""]",boosted_tree__d3__l8__lr0.05__n25__stop24,False,not_supplied,,"[""insufficient_distinct_sessions"", ""insufficient_eligible_folds"", ""positive_fold_fraction_below_gate"", ""nonpositive_median_delta""]",1.0,"[""normal_le_2"", ""wide_gt_2""]",exploratory_insufficient_sessions,"[""close_after_300m""]","[""high_gt_5"", ""low_le_1"", ""medium_le_5"", ""zero""]"
0.0,cluster__b3a7ffd8d4e710b8,,,,1,not_supplied,1,ofi,0.0,0.0,"[""ccz_ofi_w5__m1__average""]",boosted_tree__d3__l8__lr0.05__n50__stop35,False,not_supplied,,"[""insufficient_distinct_sessions"", ""insufficient_eligible_folds"", ""positive_fold_fraction_below_gate"", ""nonpositive_median_delta""]",1.0,"[""wide_gt_2""]",exploratory_insufficient_sessions,"[""close_after_300m""]","[""high_gt_5"", ""low_le_1"", ""medium_le_5"", ""zero""]"
-2.6616212172669648e-15,cluster__b3a7ffd8d4e710b8,,,,1,not_supplied,1,ofi,0.0,0.0,"[""ccz_ofi_w5__m1__average""]",elastic_net__a1__l10.5,False,not_supplied,,"[""insufficient_distinct_sessions"", ""insufficient_eligible_folds"", ""positive_fold_fraction_below_gate"", ""nonpositive_median_delta""]",1.0,"[""normal_le_2"", ""wide_gt_2""]",exploratory_insufficient_sessions,"[""close_after_300m""]","[""high_gt_5"", ""low_le_1"", ""medium_le_5"", ""zero""]"
-2.7796203116329856,cluster__b3a7ffd8d4e710b8,negative,,1.0,1,not_supplied,1,ofi,0.0,-0.006210133954596908,"[""ccz_ofi_w5__m1__average""]",elastic_net__a1__l10.9,False,not_supplied,,"[""insufficient_distinct_sessions"", ""insufficient_eligible_folds"", ""positive_fold_fraction_below_gate"", ""nonpositive_median_delta""]",1.0,"[""wide_gt_2""]",exploratory_insufficient_sessions,"[""close_after_300m""]","[""high_gt_5"", ""low_le_1"", ""medium_le_5"", ""zero""]"
1.9814882214438747e-15,cluster__b3a7ffd8d4e710b8,,,,1,not_supplied,1,ofi,1.0,1.1102230246251565e-16,"[""ccz_ofi_w5__m1__average""]",elastic_net__a1__l11,True,not_supplied,,"[""insufficient_distinct_sessions"", ""insufficient_eligible_folds"", ""one_session_dominance""]",1.0,"[""normal_le_2"", ""wide_gt_2""]",exploratory_insufficient_sessions,"[""close_after_300m""]","[""high_gt_5"", ""low_le_1"", ""medium_le_5"", ""zero""]"
0.0,cluster__b7ff184a7303a6f4,,,,1,not_supplied,1,surface_quality,0.0,0.0,"[""quality__weighted_r_squared""]",boosted_tree__d3__l8__lr0.05__n50__stop35,False,not_supplied,,"[""insufficient_distinct_sessions"", ""insufficient_eligible_folds"", ""positive_fold_fraction_below_gate"", ""nonpositive_median_delta""]",1.0,"[""wide_gt_2""]",exploratory_insufficient_sessions,"[""close_after_300m""]","[""high_gt_5"", ""low_le_1"", ""medium_le_5"", ""zero""]"
0.10054786548166011,cluster__b7ff184a7303a6f4,positive,,1.0,1,not_supplied,1,surface_quality,1.0,0.00022464064997529398,"[""quality__weighted_r_squared""]",elastic_net__a1__l10.9,True,not_supplied,,"[""insufficient_distinct_sessions"", ""insufficient_eligible_folds"", ""one_session_dominance""]",1.0,"[""wide_gt_2""]",exploratory_insufficient_sessions,"[""close_after_300m""]","[""high_gt_5"", ""low_le_1"", ""medium_le_5"", ""zero""]"
0.0,cluster__b89a1d7f25394d90,,,,1,not_supplied,1,book_liquidity,0.0,0.0,"[""lob__ask_average_order_size_proxy_5""]",boosted_tree__d2__l4__lr0.05__n50__stop24,False,not_supplied,,"[""insufficient_distinct_sessions"", ""insufficient_eligible_folds"", ""positive_fold_fraction_below_gate"", ""nonpositive_median_delta""]",1.0,"[""normal_le_2"", ""wide_gt_2""]",exploratory_insufficient_sessions,"[""close_after_300m""]","[""high_gt_5"", ""low_le_1"", ""medium_le_5"", ""zero""]"
0.0,cluster__b89a1d7f25394d90,,,,1,not_supplied,1,book_liquidity,0.0,0.0,"[""lob__ask_average_order_size_proxy_5""]",boosted_tree__d3__l8__lr0.05__n25__stop24,False,not_supplied,,"[""insufficient_distinct_sessions"", ""insufficient_eligible_folds"", ""positive_fold_fraction_below_gate"", ""nonpositive_median_delta""]",1.0,"[""normal_le_2"", ""wide_gt_2""]",exploratory_insufficient_sessions,"[""close_after_300m""]","[""high_gt_5"", ""low_le_1"", ""medium_le_5"", ""zero""]"
-0.955496936505529,cluster__b89a1d7f25394d90,negative,,1.0,1,not_supplied,1,book_liquidity,0.0,-0.002134739030389632,"[""lob__ask_average_order_size_proxy_5""]",boosted_tree__d3__l8__lr0.05__n50__stop35,False,not_supplied,,"[""insufficient_distinct_sessions"", ""insufficient_eligible_folds"", ""positive_fold_fraction_below_gate"", ""nonpositive_median_delta""]",1.0,"[""wide_gt_2""]",exploratory_insufficient_sessions,"[""close_after_300m""]","[""high_gt_5"", ""low_le_1"", ""medium_le_5"", ""zero""]"
-2.6616212172669648e-15,cluster__b89a1d7f25394d90,,,,1,not_supplied,1,book_liquidity,0.0,0.0,"[""lob__ask_average_order_size_proxy_5""]",elastic_net__a1__l10.5,False,not_supplied,,"[""insufficient_distinct_sessions"", ""insufficient_eligible_folds"", ""positive_fold_fraction_below_gate"", ""nonpositive_median_delta""]",1.0,"[""normal_le_2"", ""wide_gt_2""]",exploratory_insufficient_sessions,"[""close_after_300m""]","[""high_gt_5"", ""low_le_1"", ""medium_le_5"", ""zero""]"
-1.6125039913532023e-15,cluster__b89a1d7f25394d90,,,,1,not_supplied,1,book_liquidity,0.0,0.0,"[""lob__ask_average_order_size_proxy_5""]",elastic_net__a1__l10.9,False,not_supplied,,"[""insufficient_distinct_sessions"", ""insufficient_eligible_folds"", ""positive_fold_fraction_below_gate"", ""nonpositive_median_delta""]",1.0,"[""wide_gt_2""]",exploratory_insufficient_sessions,"[""close_after_300m""]","[""high_gt_5"", ""low_le_1"", ""medium_le_5"", ""zero""]"
1.9814882214438747e-15,cluster__b89a1d7f25394d90,,,,1,not_supplied,1,book_liquidity,1.0,1.1102230246251565e-16,"[""lob__ask_average_order_size_proxy_5""]",elastic_net__a1__l11,True,not_supplied,,"[""insufficient_distinct_sessions"", ""insufficient_eligible_folds"", ""one_session_dominance""]",1.0,"[""normal_le_2"", ""wide_gt_2""]",exploratory_insufficient_sessions,"[""close_after_300m""]","[""high_gt_5"", ""low_le_1"", ""medium_le_5"", ""zero""]"
0.0,cluster__b8b7a0836024d4d3,,,,1,not_supplied,1,surface_quality,0.0,0.0,"[""quality__surface_age_seconds""]",boosted_tree__d2__l4__lr0.05__n50__stop24,False,not_supplied,,"[""insufficient_distinct_sessions"", ""insufficient_eligible_folds"", ""positive_fold_fraction_below_gate"", ""nonpositive_median_delta""]",1.0,"[""normal_le_2"", ""wide_gt_2""]",exploratory_insufficient_sessions,"[""close_after_300m""]","[""high_gt_5"", ""low_le_1"", ""medium_le_5"", ""zero""]"
-5.249002647050134,cluster__b8b7a0836024d4d3,negative,,1.0,1,not_supplied,1,surface_quality,0.0,-0.03376697236256421,"[""quality__surface_age_seconds""]",boosted_tree__d3__l8__lr0.05__n25__stop24,False,not_supplied,,"[""insufficient_distinct_sessions"", ""insufficient_eligible_folds"", ""positive_fold_fraction_below_gate"", ""nonpositive_median_delta""]",1.0,"[""normal_le_2"", ""wide_gt_2""]",exploratory_insufficient_sessions,"[""close_after_300m""]","[""high_gt_5"", ""low_le_1"", ""medium_le_5"", ""zero""]"
0.03731261867819687,cluster__b8b7a0836024d4d3,positive,,1.0,1,not_supplied,1,surface_quality,1.0,0.00024003305930686558,"[""quality__surface_age_seconds""]",elastic_net__a1__l10.5,True,not_supplied,,"[""insufficient_distinct_sessions"", ""insufficient_eligible_folds"", ""one_session_dominance""]",1.0,"[""normal_le_2"", ""wide_gt_2""]",exploratory_insufficient_sessions,"[""close_after_300m""]","[""high_gt_5"", ""low_le_1"", ""medium_le_5"", ""zero""]"
-2.0698871546111952e-12,cluster__b8b7a0836024d4d3,negative,,1.0,1,not_supplied,1,surface_quality,0.0,-6.217248937900877e-15,"[""quality__surface_age_seconds""]",elastic_net__a1__l11,False,not_supplied,,"[""insufficient_distinct_sessions"", ""insufficient_eligible_folds"", ""positive_fold_fraction_below_gate"", ""nonpositive_median_delta""]",1.0,"[""normal_le_2"", ""wide_gt_2""]",exploratory_insufficient_sessions,"[""close_after_300m""]","[""high_gt_5"", ""low_le_1"", ""medium_le_5"", ""zero""]"
0.886528625167021,cluster__b9449c25001f7b51,positive,,1.0,1,not_supplied,1,book_liquidity,1.0,0.0026910128403253575,"[""lob__microprice_tilt_ticks"", ""lob__quantity_imbalance_l1""]",boosted_tree__d2__l4__lr0.05__n50__stop24,True,not_supplied,,"[""insufficient_distinct_sessions"", ""insufficient_eligible_folds"", ""one_session_dominance""]",1.0,"[""normal_le_2"", ""wide_gt_2""]",exploratory_insufficient_sessions,"[""close_after_300m""]","[""high_gt_5"", ""low_le_1"", ""medium_le_5"", ""zero""]"
0.30336676984546584,cluster__b9449c25001f7b51,positive,,1.0,1,not_supplied,1,book_liquidity,1.0,0.0019515664254519116,"[""lob__microprice_tilt_ticks"", ""lob__quantity_imbalance_l1""]",boosted_tree__d3__l8__lr0.05__n25__stop24,True,not_supplied,,"[""insufficient_distinct_sessions"", ""insufficient_eligible_folds"", ""one_session_dominance""]",1.0,"[""normal_le_2"", ""wide_gt_2""]",exploratory_insufficient_sessions,"[""close_after_300m""]","[""high_gt_5"", ""low_le_1"", ""medium_le_5"", ""zero""]"
0.8843664492890827,cluster__b9449c25001f7b51,positive,,1.0,1,not_supplied,1,book_liquidity,1.0,0.001975821694801816,"[""lob__microprice_tilt_ticks"", ""lob__quantity_imbalance_l1""]",boosted_tree__d3__l8__lr0.05__n50__stop35,True,not_supplied,,"[""insufficient_distinct_sessions"", ""insufficient_eligible_folds"", ""one_session_dominance""]",1.0,"[""wide_gt_2""]",exploratory_insufficient_sessions,"[""close_after_300m""]","[""high_gt_5"", ""low_le_1"", ""medium_le_5"", ""zero""]"
3.996121227745806e-14,cluster__b9449c25001f7b51,,,,1,not_supplied,1,book_liquidity,1.0,1.1102230246251565e-16,"[""lob__microprice_tilt_ticks"", ""lob__quantity_imbalance_l1""]",elastic_net__a1__l10.5,True,not_supplied,,"[""insufficient_distinct_sessions"", ""insufficient_eligible_folds"", ""one_session_dominance""]",1.0,"[""normal_le_2"", ""wide_gt_2""]",exploratory_insufficient_sessions,"[""close_after_300m""]","[""high_gt_5"", ""low_le_1"", ""medium_le_5"", ""zero""]"
-0.14302816549180628,cluster__b9449c25001f7b51,negative,,1.0,1,not_supplied,1,book_liquidity,0.0,-0.00031954870356476484,"[""lob__microprice_tilt_ticks"", ""lob__quantity_imbalance_l1""]",elastic_net__a1__l10.9,False,not_supplied,,"[""insufficient_distinct_sessions"", ""insufficient_eligible_folds"", ""positive_fold_fraction_below_gate"", ""nonpositive_median_delta""]",1.0,"[""wide_gt_2""]",exploratory_insufficient_sessions,"[""close_after_300m""]","[""high_gt_5"", ""low_le_1"", ""medium_le_5"", ""zero""]"
1.9814882214438747e-15,cluster__b9449c25001f7b51,,,,1,not_supplied,1,book_liquidity,1.0,1.1102230246251565e-16,"[""lob__microprice_tilt_ticks"", ""lob__quantity_imbalance_l1""]",elastic_net__a1__l11,True,not_supplied,,"[""insufficient_distinct_sessions"", ""insufficient_eligible_folds"", ""one_session_dominance""]",1.0,"[""normal_le_2"", ""wide_gt_2""]",exploratory_insufficient_sessions,"[""close_after_300m""]","[""high_gt_5"", ""low_le_1"", ""medium_le_5"", ""zero""]"
0.0,cluster__bc09b5bb95952a78,,,,1,not_supplied,1,time_regime,0.0,0.0,"[""regime__session_phase_sin""]",boosted_tree__d2__l4__lr0.05__n50__stop24,False,not_supplied,,"[""insufficient_distinct_sessions"", ""insufficient_eligible_folds"", ""positive_fold_fraction_below_gate"", ""nonpositive_median_delta""]",1.0,"[""normal_le_2"", ""wide_gt_2""]",exploratory_insufficient_sessions,"[""close_after_300m""]","[""high_gt_5"", ""low_le_1"", ""medium_le_5"", ""zero""]"
-0.06145831914382736,cluster__bc09b5bb95952a78,negative,,1.0,1,not_supplied,1,time_regime,0.0,-0.0003953629867468056,"[""regime__session_phase_sin""]",boosted_tree__d3__l8__lr0.05__n25__stop24,False,not_supplied,,"[""insufficient_distinct_sessions"", ""insufficient_eligible_folds"", ""positive_fold_fraction_below_gate"", ""nonpositive_median_delta""]",1.0,"[""normal_le_2"", ""wide_gt_2""]",exploratory_insufficient_sessions,"[""close_after_300m""]","[""high_gt_5"", ""low_le_1"", ""medium_le_5"", ""zero""]"
0.44642826866940094,cluster__bc09b5bb95952a78,positive,,1.0,1,not_supplied,1,time_regime,1.0,0.0009973949815926808,"[""regime__session_phase_sin""]",boosted_tree__d3__l8__lr0.05__n50__stop35,True,not_supplied,,"[""insufficient_distinct_sessions"", ""insufficient_eligible_folds"", ""one_session_dominance""]",1.0,"[""wide_gt_2""]",exploratory_insufficient_sessions,"[""close_after_300m""]","[""high_gt_5"", ""low_le_1"", ""medium_le_5"", ""zero""]"
0.1467409428549787,cluster__bc09b5bb95952a78,positive,,1.0,1,not_supplied,1,time_regime,1.0,0.0009439883526491943,"[""regime__session_phase_sin""]",elastic_net__a1__l10.5,True,not_supplied,,"[""insufficient_distinct_sessions"", ""insufficient_eligible_folds"", ""one_session_dominance""]",1.0,"[""normal_le_2"", ""wide_gt_2""]",exploratory_insufficient_sessions,"[""close_after_300m""]","[""high_gt_5"", ""low_le_1"", ""medium_le_5"", ""zero""]"
1.2347854502358354e-15,cluster__bc09b5bb95952a78,,,,1,not_supplied,1,time_regime,0.0,0.0,"[""regime__session_phase_sin""]",elastic_net__a1__l10.9,False,not_supplied,,"[""insufficient_distinct_sessions"", ""insufficient_eligible_folds"", ""positive_fold_fraction_below_gate"", ""nonpositive_median_delta""]",1.0,"[""wide_gt_2""]",exploratory_insufficient_sessions,"[""close_after_300m""]","[""high_gt_5"", ""low_le_1"", ""medium_le_5"", ""zero""]"
1.9814882214438747e-15,cluster__bc09b5bb95952a78,,,,1,not_supplied,1,time_regime,1.0,1.1102230246251565e-16,"[""regime__session_phase_sin""]",elastic_net__a1__l11,True,not_supplied,,"[""insufficient_distinct_sessions"", ""insufficient_eligible_folds"", ""one_session_dominance""]",1.0,"[""normal_le_2"", ""wide_gt_2""]",exploratory_insufficient_sessions,"[""close_after_300m""]","[""high_gt_5"", ""low_le_1"", ""medium_le_5"", ""zero""]"
-0.14401653862089003,cluster__c2362e322fead508,negative,,1.0,1,not_supplied,1,book_liquidity,0.0,-0.0004371549250030693,"[""lob__spread_ticks""]",boosted_tree__d2__l4__lr0.05__n50__stop24,False,not_supplied,,"[""insufficient_distinct_sessions"", ""insufficient_eligible_folds"", ""positive_fold_fraction_below_gate"", ""nonpositive_median_delta""]",1.0,"[""normal_le_2"", ""wide_gt_2""]",exploratory_insufficient_sessions,"[""close_after_300m""]","[""high_gt_5"", ""low_le_1"", ""medium_le_5"", ""zero""]"
-0.22805796122185085,cluster__c2362e322fead508,negative,,1.0,1,not_supplied,1,book_liquidity,0.0,-0.0014671028748611814,"[""lob__spread_ticks""]",boosted_tree__d3__l8__lr0.05__n25__stop24,False,not_supplied,,"[""insufficient_distinct_sessions"", ""insufficient_eligible_folds"", ""positive_fold_fraction_below_gate"", ""nonpositive_median_delta""]",1.0,"[""normal_le_2"", ""wide_gt_2""]",exploratory_insufficient_sessions,"[""close_after_300m""]","[""high_gt_5"", ""low_le_1"", ""medium_le_5"", ""zero""]"
0.0,cluster__c2362e322fead508,,,,1,not_supplied,1,book_liquidity,0.0,0.0,"[""lob__spread_ticks""]",boosted_tree__d3__l8__lr0.05__n50__stop35,False,not_supplied,,"[""insufficient_distinct_sessions"", ""insufficient_eligible_folds"", ""positive_fold_fraction_below_gate"", ""nonpositive_median_delta""]",1.0,"[""wide_gt_2""]",exploratory_insufficient_sessions,"[""close_after_300m""]","[""high_gt_5"", ""low_le_1"", ""medium_le_5"", ""zero""]"
9.971344452043442e-14,cluster__c2362e322fead508,,,,1,not_supplied,1,book_liquidity,1.0,6.661338147750939e-16,"[""lob__spread_ticks""]",elastic_net__a1__l10.5,True,not_supplied,,"[""insufficient_distinct_sessions"", ""insufficient_eligible_folds"", ""one_session_dominance""]",1.0,"[""normal_le_2"", ""wide_gt_2""]",exploratory_insufficient_sessions,"[""close_after_300m""]","[""high_gt_5"", ""low_le_1"", ""medium_le_5"", ""zero""]"
1.2347854502358354e-15,cluster__c2362e322fead508,,,,1,not_supplied,1,book_liquidity,0.0,0.0,"[""lob__spread_ticks""]",elastic_net__a1__l10.9,False,not_supplied,,"[""insufficient_distinct_sessions"", ""insufficient_eligible_folds"", ""positive_fold_fraction_below_gate"", ""nonpositive_median_delta""]",1.0,"[""wide_gt_2""]",exploratory_insufficient_sessions,"[""close_after_300m""]","[""high_gt_5"", ""low_le_1"", ""medium_le_5"", ""zero""]"
1.9814882214438747e-15,cluster__c2362e322fead508,,,,1,not_supplied,1,book_liquidity,1.0,1.1102230246251565e-16,"[""lob__spread_ticks""]",elastic_net__a1__l11,True,not_supplied,,"[""insufficient_distinct_sessions"", ""insufficient_eligible_folds"", ""one_session_dominance""]",1.0,"[""normal_le_2"", ""wide_gt_2""]",exploratory_insufficient_sessions,"[""close_after_300m""]","[""high_gt_5"", ""low_le_1"", ""medium_le_5"", ""zero""]"
0.0,cluster__c31b8136d504bf03,,,,1,not_supplied,1,book_liquidity,0.0,0.0,"[""lob__order_count_imbalance_l4""]",boosted_tree__d2__l4__lr0.05__n50__stop24,False,not_supplied,,"[""insufficient_distinct_sessions"", ""insufficient_eligible_folds"", ""positive_fold_fraction_below_gate"", ""nonpositive_median_delta""]",1.0,"[""normal_le_2"", ""wide_gt_2""]",exploratory_insufficient_sessions,"[""close_after_300m""]","[""high_gt_5"", ""low_le_1"", ""medium_le_5"", ""zero""]"
0.0,cluster__c31b8136d504bf03,,,,1,not_supplied,1,book_liquidity,0.0,0.0,"[""lob__order_count_imbalance_l4""]",boosted_tree__d3__l8__lr0.05__n25__stop24,False,not_supplied,,"[""insufficient_distinct_sessions"", ""insufficient_eligible_folds"", ""positive_fold_fraction_below_gate"", ""nonpositive_median_delta""]",1.0,"[""normal_le_2"", ""wide_gt_2""]",exploratory_insufficient_sessions,"[""close_after_300m""]","[""high_gt_5"", ""low_le_1"", ""medium_le_5"", ""zero""]"
0.0,cluster__c31b8136d504bf03,,,,1,not_supplied,1,book_liquidity,0.0,0.0,"[""lob__order_count_imbalance_l4""]",boosted_tree__d3__l8__lr0.05__n50__stop35,False,not_supplied,,"[""insufficient_distinct_sessions"", ""insufficient_eligible_folds"", ""positive_fold_fraction_below_gate"", ""nonpositive_median_delta""]",1.0,"[""wide_gt_2""]",exploratory_insufficient_sessions,"[""close_after_300m""]","[""high_gt_5"", ""low_le_1"", ""medium_le_5"", ""zero""]"
-8.008231673807044e-15,cluster__c31b8136d504bf03,,,,1,not_supplied,1,book_liquidity,0.0,-1.1102230246251565e-16,"[""lob__order_count_imbalance_l4""]",elastic_net__a1__l10.5,False,not_supplied,,"[""insufficient_distinct_sessions"", ""insufficient_eligible_folds"", ""positive_fold_fraction_below_gate"", ""nonpositive_median_delta""]",1.0,"[""normal_le_2"", ""wide_gt_2""]",exploratory_insufficient_sessions,"[""close_after_300m""]","[""high_gt_5"", ""low_le_1"", ""medium_le_5"", ""zero""]"
4.87611435402567e-13,cluster__c31b8136d504bf03,positive,,1.0,1,not_supplied,1,book_liquidity,1.0,1.1102230246251565e-15,"[""lob__order_count_imbalance_l4""]",elastic_net__a1__l10.9,True,not_supplied,,"[""insufficient_distinct_sessions"", ""insufficient_eligible_folds"", ""one_session_dominance""]",1.0,"[""wide_gt_2""]",exploratory_insufficient_sessions,"[""close_after_300m""]","[""high_gt_5"", ""low_le_1"", ""medium_le_5"", ""zero""]"
1.9814882214438747e-15,cluster__c31b8136d504bf03,,,,1,not_supplied,1,book_liquidity,1.0,1.1102230246251565e-16,"[""lob__order_count_imbalance_l4""]",elastic_net__a1__l11,True,not_supplied,,"[""insufficient_distinct_sessions"", ""insufficient_eligible_folds"", ""one_session_dominance""]",1.0,"[""normal_le_2"", ""wide_gt_2""]",exploratory_insufficient_sessions,"[""close_after_300m""]","[""high_gt_5"", ""low_le_1"", ""medium_le_5"", ""zero""]"
0.0,cluster__c5e49f1433602139,,,,1,not_supplied,1,book_liquidity,0.0,0.0,"[""lob__order_count_imbalance_l2""]",boosted_tree__d2__l4__lr0.05__n50__stop24,False,not_supplied,,"[""insufficient_distinct_sessions"", ""insufficient_eligible_folds"", ""positive_fold_fraction_below_gate"", ""nonpositive_median_delta""]",1.0,"[""normal_le_2"", ""wide_gt_2""]",exploratory_insufficient_sessions,"[""close_after_300m""]","[""high_gt_5"", ""low_le_1"", ""medium_le_5"", ""zero""]"
0.0,cluster__c5e49f1433602139,,,,1,not_supplied,1,book_liquidity,0.0,0.0,"[""lob__order_count_imbalance_l2""]",boosted_tree__d3__l8__lr0.05__n25__stop24,False,not_supplied,,"[""insufficient_distinct_sessions"", ""insufficient_eligible_folds"", ""positive_fold_fraction_below_gate"", ""nonpositive_median_delta""]",1.0,"[""normal_le_2"", ""wide_gt_2""]",exploratory_insufficient_sessions,"[""close_after_300m""]","[""high_gt_5"", ""low_le_1"", ""medium_le_5"", ""zero""]"
1.1241157047251353,cluster__c5e49f1433602139,positive,,1.0,1,not_supplied,1,book_liquidity,1.0,0.0025114613954984044,"[""lob__order_count_imbalance_l2""]",boosted_tree__d3__l8__lr0.05__n50__stop35,True,not_supplied,,"[""insufficient_distinct_sessions"", ""insufficient_eligible_folds"", ""one_session_dominance""]",1.0,"[""wide_gt_2""]",exploratory_insufficient_sessions,"[""close_after_300m""]","[""high_gt_5"", ""low_le_1"", ""medium_le_5"", ""zero""]"
0.2540508491844541,cluster__c5e49f1433602139,positive,,1.0,1,not_supplied,1,book_liquidity,1.0,0.0016343158081503217,"[""lob__order_count_imbalance_l2""]",elastic_net__a1__l10.5,True,not_supplied,,"[""insufficient_distinct_sessions"", ""insufficient_eligible_folds"", ""one_session_dominance""]",1.0,"[""normal_le_2"", ""wide_gt_2""]",exploratory_insufficient_sessions,"[""close_after_300m""]","[""high_gt_5"", ""low_le_1"", ""medium_le_5"", ""zero""]"
2.9752497149237035e-10,cluster__c5e49f1433602139,positive,,1.0,1,not_supplied,1,book_liquidity,1.0,6.645795025406187e-13,"[""lob__order_count_imbalance_l2""]",elastic_net__a1__l10.9,True,not_supplied,,"[""insufficient_distinct_sessions"", ""insufficient_eligible_folds"", ""one_session_dominance""]",1.0,"[""wide_gt_2""]",exploratory_insufficient_sessions,"[""close_after_300m""]","[""high_gt_5"", ""low_le_1"", ""medium_le_5"", ""zero""]"
1.9814882214438747e-15,cluster__c5e49f1433602139,,,,1,not_supplied,1,book_liquidity,1.0,1.1102230246251565e-16,"[""lob__order_count_imbalance_l2""]",elastic_net__a1__l11,True,not_supplied,,"[""insufficient_distinct_sessions"", ""insufficient_eligible_folds"", ""one_session_dominance""]",1.0,"[""normal_le_2"", ""wide_gt_2""]",exploratory_insufficient_sessions,"[""close_after_300m""]","[""high_gt_5"", ""low_le_1"", ""medium_le_5"", ""zero""]"
0.0,cluster__c9bce3cfeb10e97e,,,,1,not_supplied,1,ofi,0.0,0.0,"[""ofi__w10__average_m20_minus_m200""]",boosted_tree__d2__l4__lr0.05__n50__stop24,False,not_supplied,,"[""insufficient_distinct_sessions"", ""insufficient_eligible_folds"", ""positive_fold_fraction_below_gate"", ""nonpositive_median_delta""]",1.0,"[""normal_le_2"", ""wide_gt_2""]",exploratory_insufficient_sessions,"[""close_after_300m""]","[""high_gt_5"", ""low_le_1"", ""medium_le_5"", ""zero""]"
0.0,cluster__c9bce3cfeb10e97e,,,,1,not_supplied,1,ofi,0.0,0.0,"[""ofi__w10__average_m20_minus_m200""]",boosted_tree__d3__l8__lr0.05__n25__stop24,False,not_supplied,,"[""insufficient_distinct_sessions"", ""insufficient_eligible_folds"", ""positive_fold_fraction_below_gate"", ""nonpositive_median_delta""]",1.0,"[""normal_le_2"", ""wide_gt_2""]",exploratory_insufficient_sessions,"[""close_after_300m""]","[""high_gt_5"", ""low_le_1"", ""medium_le_5"", ""zero""]"
-1.8338226103937671,cluster__c9bce3cfeb10e97e,negative,,1.0,1,not_supplied,1,ofi,0.0,-0.004097064628522329,"[""ofi__w10__average_m20_minus_m200""]",boosted_tree__d3__l8__lr0.05__n50__stop35,False,not_supplied,,"[""insufficient_distinct_sessions"", ""insufficient_eligible_folds"", ""positive_fold_fraction_below_gate"", ""nonpositive_median_delta""]",1.0,"[""wide_gt_2""]",exploratory_insufficient_sessions,"[""close_after_300m""]","[""high_gt_5"", ""low_le_1"", ""medium_le_5"", ""zero""]"
-0.16115898671013743,cluster__c9bce3cfeb10e97e,negative,,1.0,1,not_supplied,1,ofi,0.0,-0.0010367400087479828,"[""ofi__w10__average_m20_minus_m200""]",elastic_net__a1__l10.5,False,not_supplied,,"[""insufficient_distinct_sessions"", ""insufficient_eligible_folds"", ""positive_fold_fraction_below_gate"", ""nonpositive_median_delta""]",1.0,"[""normal_le_2"", ""wide_gt_2""]",exploratory_insufficient_sessions,"[""close_after_300m""]","[""high_gt_5"", ""low_le_1"", ""medium_le_5"", ""zero""]"
1.2347854502358354e-15,cluster__c9bce3cfeb10e97e,,,,1,not_supplied,1,ofi,0.0,0.0,"[""ofi__w10__average_m20_minus_m200""]",elastic_net__a1__l10.9,False,not_supplied,,"[""insufficient_distinct_sessions"", ""insufficient_eligible_folds"", ""positive_fold_fraction_below_gate"", ""nonpositive_median_delta""]",1.0,"[""wide_gt_2""]",exploratory_insufficient_sessions,"[""close_after_300m""]","[""high_gt_5"", ""low_le_1"", ""medium_le_5"", ""zero""]"
1.9814882214438747e-15,cluster__c9bce3cfeb10e97e,,,,1,not_supplied,1,ofi,1.0,1.1102230246251565e-16,"[""ofi__w10__average_m20_minus_m200""]",elastic_net__a1__l11,True,not_supplied,,"[""insufficient_distinct_sessions"", ""insufficient_eligible_folds"", ""one_session_dominance""]",1.0,"[""normal_le_2"", ""wide_gt_2""]",exploratory_insufficient_sessions,"[""close_after_300m""]","[""high_gt_5"", ""low_le_1"", ""medium_le_5"", ""zero""]"
0.0,cluster__d0b21ec5092ce804,,,,1,not_supplied,1,book_liquidity,0.0,0.0,"[""lob__quantity_imbalance_l4""]",boosted_tree__d2__l4__lr0.05__n50__stop24,False,not_supplied,,"[""insufficient_distinct_sessions"", ""insufficient_eligible_folds"", ""positive_fold_fraction_below_gate"", ""nonpositive_median_delta""]",1.0,"[""normal_le_2"", ""wide_gt_2""]",exploratory_insufficient_sessions,"[""close_after_300m""]","[""high_gt_5"", ""low_le_1"", ""medium_le_5"", ""zero""]"
0.0,cluster__d0b21ec5092ce804,,,,1,not_supplied,1,book_liquidity,0.0,0.0,"[""lob__quantity_imbalance_l4""]",boosted_tree__d3__l8__lr0.05__n25__stop24,False,not_supplied,,"[""insufficient_distinct_sessions"", ""insufficient_eligible_folds"", ""positive_fold_fraction_below_gate"", ""nonpositive_median_delta""]",1.0,"[""normal_le_2"", ""wide_gt_2""]",exploratory_insufficient_sessions,"[""close_after_300m""]","[""high_gt_5"", ""low_le_1"", ""medium_le_5"", ""zero""]"
0.0,cluster__d0b21ec5092ce804,,,,1,not_supplied,1,book_liquidity,0.0,0.0,"[""lob__quantity_imbalance_l4""]",boosted_tree__d3__l8__lr0.05__n50__stop35,False,not_supplied,,"[""insufficient_distinct_sessions"", ""insufficient_eligible_folds"", ""positive_fold_fraction_below_gate"", ""nonpositive_median_delta""]",1.0,"[""wide_gt_2""]",exploratory_insufficient_sessions,"[""close_after_300m""]","[""high_gt_5"", ""low_le_1"", ""medium_le_5"", ""zero""]"
-2.32149026626021e-15,cluster__d0b21ec5092ce804,,,,1,not_supplied,1,book_liquidity,0.0,0.0,"[""lob__quantity_imbalance_l4""]",elastic_net__a1__l10.5,False,not_supplied,,"[""insufficient_distinct_sessions"", ""insufficient_eligible_folds"", ""positive_fold_fraction_below_gate"", ""nonpositive_median_delta""]",1.0,"[""normal_le_2"", ""wide_gt_2""]",exploratory_insufficient_sessions,"[""close_after_300m""]","[""high_gt_5"", ""low_le_1"", ""medium_le_5"", ""zero""]"
1.2347854502358354e-15,cluster__d0b21ec5092ce804,,,,1,not_supplied,1,book_liquidity,0.0,0.0,"[""lob__quantity_imbalance_l4""]",elastic_net__a1__l10.9,False,not_supplied,,"[""insufficient_distinct_sessions"", ""insufficient_eligible_folds"", ""positive_fold_fraction_below_gate"", ""nonpositive_median_delta""]",1.0,"[""wide_gt_2""]",exploratory_insufficient_sessions,"[""close_after_300m""]","[""high_gt_5"", ""low_le_1"", ""medium_le_5"", ""zero""]"
1.9814882214438747e-15,cluster__d0b21ec5092ce804,,,,1,not_supplied,1,book_liquidity,1.0,1.1102230246251565e-16,"[""lob__quantity_imbalance_l4""]",elastic_net__a1__l11,True,not_supplied,,"[""insufficient_distinct_sessions"", ""insufficient_eligible_folds"", ""one_session_dominance""]",1.0,"[""normal_le_2"", ""wide_gt_2""]",exploratory_insufficient_sessions,"[""close_after_300m""]","[""high_gt_5"", ""low_le_1"", ""medium_le_5"", ""zero""]"
0.0,cluster__db99c4b3ba8fc30d,,,,1,not_supplied,1,ofi,0.0,0.0,"[""ofi__w5__average_m20_minus_m200""]",boosted_tree__d2__l4__lr0.05__n50__stop24,False,not_supplied,,"[""insufficient_distinct_sessions"", ""insufficient_eligible_folds"", ""positive_fold_fraction_below_gate"", ""nonpositive_median_delta""]",1.0,"[""normal_le_2"", ""wide_gt_2""]",exploratory_insufficient_sessions,"[""close_after_300m""]","[""high_gt_5"", ""low_le_1"", ""medium_le_5"", ""zero""]"
0.0,cluster__db99c4b3ba8fc30d,,,,1,not_supplied,1,ofi,0.0,0.0,"[""ofi__w5__average_m20_minus_m200""]",boosted_tree__d3__l8__lr0.05__n25__stop24,False,not_supplied,,"[""insufficient_distinct_sessions"", ""insufficient_eligible_folds"", ""positive_fold_fraction_below_gate"", ""nonpositive_median_delta""]",1.0,"[""normal_le_2"", ""wide_gt_2""]",exploratory_insufficient_sessions,"[""close_after_300m""]","[""high_gt_5"", ""low_le_1"", ""medium_le_5"", ""zero""]"
0.0,cluster__db99c4b3ba8fc30d,,,,1,not_supplied,1,ofi,0.0,0.0,"[""ofi__w5__average_m20_minus_m200""]",boosted_tree__d3__l8__lr0.05__n50__stop35,False,not_supplied,,"[""insufficient_distinct_sessions"", ""insufficient_eligible_folds"", ""positive_fold_fraction_below_gate"", ""nonpositive_median_delta""]",1.0,"[""wide_gt_2""]",exploratory_insufficient_sessions,"[""close_after_300m""]","[""high_gt_5"", ""low_le_1"", ""medium_le_5"", ""zero""]"
-0.00164129472441715,cluster__db99c4b3ba8fc30d,negative,,1.0,1,not_supplied,1,ofi,0.0,-1.0558492217538351e-05,"[""ofi__w5__average_m20_minus_m200""]",elastic_net__a1__l10.5,False,not_supplied,,"[""insufficient_distinct_sessions"", ""insufficient_eligible_folds"", ""positive_fold_fraction_below_gate"", ""nonpositive_median_delta""]",1.0,"[""normal_le_2"", ""wide_gt_2""]",exploratory_insufficient_sessions,"[""close_after_300m""]","[""high_gt_5"", ""low_le_1"", ""medium_le_5"", ""zero""]"
-0.25180692159867374,cluster__db99c4b3ba8fc30d,negative,,1.0,1,not_supplied,1,ofi,0.0,-0.0005625785317794341,"[""ofi__w5__average_m20_minus_m200""]",elastic_net__a1__l10.9,False,not_supplied,,"[""insufficient_distinct_sessions"", ""insufficient_eligible_folds"", ""positive_fold_fraction_below_gate"", ""nonpositive_median_delta""]",1.0,"[""wide_gt_2""]",exploratory_insufficient_sessions,"[""close_after_300m""]","[""high_gt_5"", ""low_le_1"", ""medium_le_5"", ""zero""]"
1.9814882214438747e-15,cluster__db99c4b3ba8fc30d,,,,1,not_supplied,1,ofi,1.0,1.1102230246251565e-16,"[""ofi__w5__average_m20_minus_m200""]",elastic_net__a1__l11,True,not_supplied,,"[""insufficient_distinct_sessions"", ""insufficient_eligible_folds"", ""one_session_dominance""]",1.0,"[""normal_le_2"", ""wide_gt_2""]",exploratory_insufficient_sessions,"[""close_after_300m""]","[""high_gt_5"", ""low_le_1"", ""medium_le_5"", ""zero""]"
0.048028638722624244,cluster__e11a6d709526da4b,positive,,1.0,1,not_supplied,1,book_liquidity,1.0,0.0001457885056803665,"[""lob__order_count_imbalance_cum5""]",boosted_tree__d2__l4__lr0.05__n50__stop24,True,not_supplied,,"[""insufficient_distinct_sessions"", ""insufficient_eligible_folds"", ""one_session_dominance""]",1.0,"[""normal_le_2"", ""wide_gt_2""]",exploratory_insufficient_sessions,"[""close_after_300m""]","[""high_gt_5"", ""low_le_1"", ""medium_le_5"", ""zero""]"
-0.8892590880105009,cluster__e11a6d709526da4b,negative,,1.0,1,not_supplied,1,book_liquidity,0.0,-0.005720627149023105,"[""lob__order_count_imbalance_cum5""]",boosted_tree__d3__l8__lr0.05__n25__stop24,False,not_supplied,,"[""insufficient_distinct_sessions"", ""insufficient_eligible_folds"", ""positive_fold_fraction_below_gate"", ""nonpositive_median_delta""]",1.0,"[""normal_le_2"", ""wide_gt_2""]",exploratory_insufficient_sessions,"[""close_after_300m""]","[""high_gt_5"", ""low_le_1"", ""medium_le_5"", ""zero""]"
1.718428673250405,cluster__e11a6d709526da4b,positive,,1.0,1,not_supplied,1,book_liquidity,1.0,0.003839255385939877,"[""lob__order_count_imbalance_cum5""]",boosted_tree__d3__l8__lr0.05__n50__stop35,True,not_supplied,,"[""insufficient_distinct_sessions"", ""insufficient_eligible_folds"", ""one_session_dominance""]",1.0,"[""wide_gt_2""]",exploratory_insufficient_sessions,"[""close_after_300m""]","[""high_gt_5"", ""low_le_1"", ""medium_le_5"", ""zero""]"
-0.45114505090459667,cluster__e11a6d709526da4b,negative,,1.0,1,not_supplied,1,book_liquidity,0.0,-0.0029022280021072655,"[""lob__order_count_imbalance_cum5""]",elastic_net__a1__l10.5,False,not_supplied,,"[""insufficient_distinct_sessions"", ""insufficient_eligible_folds"", ""positive_fold_fraction_below_gate"", ""nonpositive_median_delta""]",1.0,"[""normal_le_2"", ""wide_gt_2""]",exploratory_insufficient_sessions,"[""close_after_300m""]","[""high_gt_5"", ""low_le_1"", ""medium_le_5"", ""zero""]"
-3.151118803640704,cluster__e11a6d709526da4b,negative,,1.0,1,not_supplied,1,book_liquidity,0.0,-0.007040123356258365,"[""lob__order_count_imbalance_cum5""]",elastic_net__a1__l10.9,False,not_supplied,,"[""insufficient_distinct_sessions"", ""insufficient_eligible_folds"", ""positive_fold_fraction_below_gate"", ""nonpositive_median_delta""]",1.0,"[""wide_gt_2""]",exploratory_insufficient_sessions,"[""close_after_300m""]","[""high_gt_5"", ""low_le_1"", ""medium_le_5"", ""zero""]"
1.5126839487615729,cluster__e11a6d709526da4b,positive,,1.0,1,not_supplied,1,book_liquidity,1.0,0.0045916756818819016,"[""lob__order_count_imbalance_cum5""]",elastic_net__a1__l11,True,not_supplied,,"[""insufficient_distinct_sessions"", ""insufficient_eligible_folds"", ""one_session_dominance""]",1.0,"[""normal_le_2"", ""wide_gt_2""]",exploratory_insufficient_sessions,"[""close_after_300m""]","[""high_gt_5"", ""low_le_1"", ""medium_le_5"", ""zero""]"
0.0,cluster__e52784991ac5d943,,,,1,not_supplied,1,ofi,0.0,0.0,"[""ccz_ofi_w30__m200__average""]",boosted_tree__d2__l4__lr0.05__n50__stop24,False,not_supplied,,"[""insufficient_distinct_sessions"", ""insufficient_eligible_folds"", ""positive_fold_fraction_below_gate"", ""nonpositive_median_delta""]",1.0,"[""normal_le_2"", ""wide_gt_2""]",exploratory_insufficient_sessions,"[""close_after_300m""]","[""high_gt_5"", ""low_le_1"", ""medium_le_5"", ""zero""]"
0.0,cluster__e52784991ac5d943,,,,1,not_supplied,1,ofi,0.0,0.0,"[""ccz_ofi_w30__m200__average""]",boosted_tree__d3__l8__lr0.05__n25__stop24,False,not_supplied,,"[""insufficient_distinct_sessions"", ""insufficient_eligible_folds"", ""positive_fold_fraction_below_gate"", ""nonpositive_median_delta""]",1.0,"[""normal_le_2"", ""wide_gt_2""]",exploratory_insufficient_sessions,"[""close_after_300m""]","[""high_gt_5"", ""low_le_1"", ""medium_le_5"", ""zero""]"
0.0,cluster__e52784991ac5d943,,,,1,not_supplied,1,ofi,0.0,0.0,"[""ccz_ofi_w30__m200__average""]",boosted_tree__d3__l8__lr0.05__n50__stop35,False,not_supplied,,"[""insufficient_distinct_sessions"", ""insufficient_eligible_folds"", ""positive_fold_fraction_below_gate"", ""nonpositive_median_delta""]",1.0,"[""wide_gt_2""]",exploratory_insufficient_sessions,"[""close_after_300m""]","[""high_gt_5"", ""low_le_1"", ""medium_le_5"", ""zero""]"
-0.00954810153338065,cluster__e52784991ac5d943,negative,,1.0,1,not_supplied,1,ofi,0.0,-6.142318879842623e-05,"[""ccz_ofi_w30__m200__average""]",elastic_net__a1__l10.5,False,not_supplied,,"[""insufficient_distinct_sessions"", ""insufficient_eligible_folds"", ""positive_fold_fraction_below_gate"", ""nonpositive_median_delta""]",1.0,"[""normal_le_2"", ""wide_gt_2""]",exploratory_insufficient_sessions,"[""close_after_300m""]","[""high_gt_5"", ""low_le_1"", ""medium_le_5"", ""zero""]"
-4.234629315738899e-15,cluster__e52784991ac5d943,,,,1,not_supplied,1,ofi,0.0,-2.220446049250313e-16,"[""ccz_ofi_w30__m200__average""]",elastic_net__a1__l10.9,False,not_supplied,,"[""insufficient_distinct_sessions"", ""insufficient_eligible_folds"", ""positive_fold_fraction_below_gate"", ""nonpositive_median_delta""]",1.0,"[""wide_gt_2""]",exploratory_insufficient_sessions,"[""close_after_300m""]","[""high_gt_5"", ""low_le_1"", ""medium_le_5"", ""zero""]"
1.7039324652875856e-15,cluster__e52784991ac5d943,,,,1,not_supplied,1,ofi,1.0,1.1102230246251565e-16,"[""ccz_ofi_w30__m200__average""]",elastic_net__a1__l11,True,not_supplied,,"[""insufficient_distinct_sessions"", ""insufficient_eligible_folds"", ""one_session_dominance""]",1.0,"[""normal_le_2"", ""wide_gt_2""]",exploratory_insufficient_sessions,"[""close_after_300m""]","[""high_gt_5"", ""low_le_1"", ""medium_le_5"", ""zero""]"
0.0,cluster__e6215b6a0fbc0220,,,,1,not_supplied,1,book_liquidity,0.0,0.0,"[""lob__ask_total_quantity_5"", ""lob__log1p_ask_total_quantity_5""]",boosted_tree__d2__l4__lr0.05__n50__stop24,False,not_supplied,,"[""insufficient_distinct_sessions"", ""insufficient_eligible_folds"", ""positive_fold_fraction_below_gate"", ""nonpositive_median_delta""]",1.0,"[""normal_le_2"", ""wide_gt_2""]",exploratory_insufficient_sessions,"[""close_after_300m""]","[""high_gt_5"", ""low_le_1"", ""medium_le_5"", ""zero""]"
0.0,cluster__e6215b6a0fbc0220,,,,1,not_supplied,1,book_liquidity,0.0,0.0,"[""lob__ask_total_quantity_5"", ""lob__log1p_ask_total_quantity_5""]",boosted_tree__d3__l8__lr0.05__n25__stop24,False,not_supplied,,"[""insufficient_distinct_sessions"", ""insufficient_eligible_folds"", ""positive_fold_fraction_below_gate"", ""nonpositive_median_delta""]",1.0,"[""normal_le_2"", ""wide_gt_2""]",exploratory_insufficient_sessions,"[""close_after_300m""]","[""high_gt_5"", ""low_le_1"", ""medium_le_5"", ""zero""]"
0.808159650077656,cluster__e6215b6a0fbc0220,positive,,1.0,1,not_supplied,1,book_liquidity,1.0,0.00180556303415913,"[""lob__ask_total_quantity_5"", ""lob__log1p_ask_total_quantity_5""]",boosted_tree__d3__l8__lr0.05__n50__stop35,True,not_supplied,,"[""insufficient_distinct_sessions"", ""insufficient_eligible_folds"", ""one_session_dominance""]",1.0,"[""wide_gt_2""]",exploratory_insufficient_sessions,"[""close_after_300m""]","[""high_gt_5"", ""low_le_1"", ""medium_le_5"", ""zero""]"
-4.849334912979452e-16,cluster__e6215b6a0fbc0220,,,,1,not_supplied,1,book_liquidity,0.0,0.0,"[""lob__ask_total_quantity_5"", ""lob__log1p_ask_total_quantity_5""]",elastic_net__a1__l10.5,False,not_supplied,,"[""insufficient_distinct_sessions"", ""insufficient_eligible_folds"", ""positive_fold_fraction_below_gate"", ""nonpositive_median_delta""]",1.0,"[""normal_le_2"", ""wide_gt_2""]",exploratory_insufficient_sessions,"[""close_after_300m""]","[""high_gt_5"", ""low_le_1"", ""medium_le_5"", ""zero""]"
-4.234629315738899e-15,cluster__e6215b6a0fbc0220,,,,1,not_supplied,1,book_liquidity,0.0,-2.220446049250313e-16,"[""lob__ask_total_quantity_5"", ""lob__log1p_ask_total_quantity_5""]",elastic_net__a1__l10.9,False,not_supplied,,"[""insufficient_distinct_sessions"", ""insufficient_eligible_folds"", ""positive_fold_fraction_below_gate"", ""nonpositive_median_delta""]",1.0,"[""wide_gt_2""]",exploratory_insufficient_sessions,"[""close_after_300m""]","[""high_gt_5"", ""low_le_1"", ""medium_le_5"", ""zero""]"
1.7039324652875856e-15,cluster__e6215b6a0fbc0220,,,,1,not_supplied,1,book_liquidity,1.0,1.1102230246251565e-16,"[""lob__ask_total_quantity_5"", ""lob__log1p_ask_total_quantity_5""]",elastic_net__a1__l11,True,not_supplied,,"[""insufficient_distinct_sessions"", ""insufficient_eligible_folds"", ""one_session_dominance""]",1.0,"[""normal_le_2"", ""wide_gt_2""]",exploratory_insufficient_sessions,"[""close_after_300m""]","[""high_gt_5"", ""low_le_1"", ""medium_le_5"", ""zero""]"
0.0,cluster__e7f75a569587b0f8,,,,1,not_supplied,1,surface_quality,0.0,0.0,"[""quality__2026-09-01__quote_count"", ""quality__2026-09-29__quote_count""]",boosted_tree__d3__l8__lr0.05__n25__stop24,False,not_supplied,,"[""insufficient_distinct_sessions"", ""insufficient_eligible_folds"", ""positive_fold_fraction_below_gate"", ""nonpositive_median_delta""]",1.0,"[""normal_le_2"", ""wide_gt_2""]",exploratory_insufficient_sessions,"[""close_after_300m""]","[""high_gt_5"", ""low_le_1"", ""medium_le_5"", ""zero""]"
-4.849334912979452e-16,cluster__e7f75a569587b0f8,,,,1,not_supplied,1,surface_quality,0.0,0.0,"[""quality__2026-09-01__quote_count"", ""quality__2026-09-29__quote_count""]",elastic_net__a1__l10.5,False,not_supplied,,"[""insufficient_distinct_sessions"", ""insufficient_eligible_folds"", ""positive_fold_fraction_below_gate"", ""nonpositive_median_delta""]",1.0,"[""normal_le_2"", ""wide_gt_2""]",exploratory_insufficient_sessions,"[""close_after_300m""]","[""high_gt_5"", ""low_le_1"", ""medium_le_5"", ""zero""]"
0.0,cluster__ea16c5febde76055,,,,1,not_supplied,1,interaction,0.0,0.0,"[""interaction__front_atm_skew_ew_innovation_x_ofi_w10_m10""]",boosted_tree__d2__l4__lr0.05__n50__stop24,False,not_supplied,,"[""insufficient_distinct_sessions"", ""insufficient_eligible_folds"", ""positive_fold_fraction_below_gate"", ""nonpositive_median_delta""]",1.0,"[""normal_le_2"", ""wide_gt_2""]",exploratory_insufficient_sessions,"[""close_after_300m""]","[""high_gt_5"", ""low_le_1"", ""medium_le_5"", ""zero""]"
0.0,cluster__ea16c5febde76055,,,,1,not_supplied,1,interaction,0.0,0.0,"[""interaction__front_atm_skew_ew_innovation_x_ofi_w10_m10""]",boosted_tree__d3__l8__lr0.05__n25__stop24,False,not_supplied,,"[""insufficient_distinct_sessions"", ""insufficient_eligible_folds"", ""positive_fold_fraction_below_gate"", ""nonpositive_median_delta""]",1.0,"[""normal_le_2"", ""wide_gt_2""]",exploratory_insufficient_sessions,"[""close_after_300m""]","[""high_gt_5"", ""low_le_1"", ""medium_le_5"", ""zero""]"
1.303928266720713,cluster__ea16c5febde76055,positive,,1.0,1,not_supplied,1,interaction,1.0,0.002913192557138622,"[""interaction__front_atm_skew_ew_innovation_x_ofi_w10_m10""]",boosted_tree__d3__l8__lr0.05__n50__stop35,True,not_supplied,,"[""insufficient_distinct_sessions"", ""insufficient_eligible_folds"", ""one_session_dominance""]",1.0,"[""wide_gt_2""]",exploratory_insufficient_sessions,"[""close_after_300m""]","[""high_gt_5"", ""low_le_1"", ""medium_le_5"", ""zero""]"
0.05039854513207564,cluster__ea16c5febde76055,positive,,1.0,1,not_supplied,1,interaction,1.0,0.000324215169055897,"[""interaction__front_atm_skew_ew_innovation_x_ofi_w10_m10""]",elastic_net__a1__l10.5,True,not_supplied,,"[""insufficient_distinct_sessions"", ""insufficient_eligible_folds"", ""one_session_dominance""]",1.0,"[""normal_le_2"", ""wide_gt_2""]",exploratory_insufficient_sessions,"[""close_after_300m""]","[""high_gt_5"", ""low_le_1"", ""medium_le_5"", ""zero""]"
-4.234629315738899e-15,cluster__ea16c5febde76055,,,,1,not_supplied,1,interaction,0.0,-2.220446049250313e-16,"[""interaction__front_atm_skew_ew_innovation_x_ofi_w10_m10""]",elastic_net__a1__l10.9,False,not_supplied,,"[""insufficient_distinct_sessions"", ""insufficient_eligible_folds"", ""positive_fold_fraction_below_gate"", ""nonpositive_median_delta""]",1.0,"[""wide_gt_2""]",exploratory_insufficient_sessions,"[""close_after_300m""]","[""high_gt_5"", ""low_le_1"", ""medium_le_5"", ""zero""]"
1.7039324652875856e-15,cluster__ea16c5febde76055,,,,1,not_supplied,1,interaction,1.0,1.1102230246251565e-16,"[""interaction__front_atm_skew_ew_innovation_x_ofi_w10_m10""]",elastic_net__a1__l11,True,not_supplied,,"[""insufficient_distinct_sessions"", ""insufficient_eligible_folds"", ""one_session_dominance""]",1.0,"[""normal_le_2"", ""wide_gt_2""]",exploratory_insufficient_sessions,"[""close_after_300m""]","[""high_gt_5"", ""low_le_1"", ""medium_le_5"", ""zero""]"
0.0,cluster__ea1ef3c2c858720d,,,,1,not_supplied,1,ofi,0.0,0.0,"[""ccz_ofi_w10__m100__average""]",boosted_tree__d3__l8__lr0.05__n50__stop35,False,not_supplied,,"[""insufficient_distinct_sessions"", ""insufficient_eligible_folds"", ""positive_fold_fraction_below_gate"", ""nonpositive_median_delta""]",1.0,"[""wide_gt_2""]",exploratory_insufficient_sessions,"[""close_after_300m""]","[""high_gt_5"", ""low_le_1"", ""medium_le_5"", ""zero""]"
-4.234629315738899e-15,cluster__ea1ef3c2c858720d,,,,1,not_supplied,1,ofi,0.0,-2.220446049250313e-16,"[""ccz_ofi_w10__m100__average""]",elastic_net__a1__l10.9,False,not_supplied,,"[""insufficient_distinct_sessions"", ""insufficient_eligible_folds"", ""positive_fold_fraction_below_gate"", ""nonpositive_median_delta""]",1.0,"[""wide_gt_2""]",exploratory_insufficient_sessions,"[""close_after_300m""]","[""high_gt_5"", ""low_le_1"", ""medium_le_5"", ""zero""]"
0.0,cluster__ed8f648abf1108c3,,,,1,not_supplied,1,ofi,0.0,0.0,"[""ccz_ofi_w5__m10__average"", ""ccz_ofi_w5__m20__average"", ""ccz_ofi_w5__m50__average""]",boosted_tree__d3__l8__lr0.05__n50__stop35,False,not_supplied,,"[""insufficient_distinct_sessions"", ""insufficient_eligible_folds"", ""positive_fold_fraction_below_gate"", ""nonpositive_median_delta""]",1.0,"[""wide_gt_2""]",exploratory_insufficient_sessions,"[""close_after_300m""]","[""high_gt_5"", ""low_le_1"", ""medium_le_5"", ""zero""]"
-4.234629315738899e-15,cluster__ed8f648abf1108c3,,,,1,not_supplied,1,ofi,0.0,-2.220446049250313e-16,"[""ccz_ofi_w5__m10__average"", ""ccz_ofi_w5__m20__average"", ""ccz_ofi_w5__m50__average""]",elastic_net__a1__l10.9,False,not_supplied,,"[""insufficient_distinct_sessions"", ""insufficient_eligible_folds"", ""positive_fold_fraction_below_gate"", ""nonpositive_median_delta""]",1.0,"[""wide_gt_2""]",exploratory_insufficient_sessions,"[""close_after_300m""]","[""high_gt_5"", ""low_le_1"", ""medium_le_5"", ""zero""]"
0.0,cluster__efa5f4d4b9a2c999,,,,1,not_supplied,1,ofi,0.0,0.0,"[""ccz_ofi_w5__m20__average"", ""ccz_ofi_w5__m50__average""]",boosted_tree__d2__l4__lr0.05__n50__stop24,False,not_supplied,,"[""insufficient_distinct_sessions"", ""insufficient_eligible_folds"", ""positive_fold_fraction_below_gate"", ""nonpositive_median_delta""]",1.0,"[""normal_le_2"", ""wide_gt_2""]",exploratory_insufficient_sessions,"[""close_after_300m""]","[""high_gt_5"", ""low_le_1"", ""medium_le_5"", ""zero""]"
0.0,cluster__efa5f4d4b9a2c999,,,,1,not_supplied,1,ofi,0.0,0.0,"[""ccz_ofi_w5__m20__average"", ""ccz_ofi_w5__m50__average""]",boosted_tree__d3__l8__lr0.05__n25__stop24,False,not_supplied,,"[""insufficient_distinct_sessions"", ""insufficient_eligible_folds"", ""positive_fold_fraction_below_gate"", ""nonpositive_median_delta""]",1.0,"[""normal_le_2"", ""wide_gt_2""]",exploratory_insufficient_sessions,"[""close_after_300m""]","[""high_gt_5"", ""low_le_1"", ""medium_le_5"", ""zero""]"
0.006380396862155139,cluster__efa5f4d4b9a2c999,positive,,1.0,1,not_supplied,1,ofi,1.0,4.104526116532892e-05,"[""ccz_ofi_w5__m20__average"", ""ccz_ofi_w5__m50__average""]",elastic_net__a1__l10.5,True,not_supplied,,"[""insufficient_distinct_sessions"", ""insufficient_eligible_folds"", ""one_session_dominance""]",1.0,"[""normal_le_2"", ""wide_gt_2""]",exploratory_insufficient_sessions,"[""close_after_300m""]","[""high_gt_5"", ""low_le_1"", ""medium_le_5"", ""zero""]"
1.7039324652875856e-15,cluster__efa5f4d4b9a2c999,,,,1,not_supplied,1,ofi,1.0,1.1102230246251565e-16,"[""ccz_ofi_w5__m20__average"", ""ccz_ofi_w5__m50__average""]",elastic_net__a1__l11,True,not_supplied,,"[""insufficient_distinct_sessions"", ""insufficient_eligible_folds"", ""one_session_dominance""]",1.0,"[""normal_le_2"", ""wide_gt_2""]",exploratory_insufficient_sessions,"[""close_after_300m""]","[""high_gt_5"", ""low_le_1"", ""medium_le_5"", ""zero""]"
-0.5824113728610599,cluster__f03f4701c752ba34,negative,,1.0,1,not_supplied,1,book_liquidity,0.0,-0.0017678802897371781,"[""lob__quantity_imbalance_cum5""]",boosted_tree__d2__l4__lr0.05__n50__stop24,False,not_supplied,,"[""insufficient_distinct_sessions"", ""insufficient_eligible_folds"", ""positive_fold_fraction_below_gate"", ""nonpositive_median_delta""]",1.0,"[""normal_le_2"", ""wide_gt_2""]",exploratory_insufficient_sessions,"[""close_after_300m""]","[""high_gt_5"", ""low_le_1"", ""medium_le_5"", ""zero""]"
-1.6996795630160588,cluster__f03f4701c752ba34,negative,,1.0,1,not_supplied,1,book_liquidity,0.0,-0.010934083422844632,"[""lob__quantity_imbalance_cum5""]",boosted_tree__d3__l8__lr0.05__n25__stop24,False,not_supplied,,"[""insufficient_distinct_sessions"", ""insufficient_eligible_folds"", ""positive_fold_fraction_below_gate"", ""nonpositive_median_delta""]",1.0,"[""normal_le_2"", ""wide_gt_2""]",exploratory_insufficient_sessions,"[""close_after_300m""]","[""high_gt_5"", ""low_le_1"", ""medium_le_5"", ""zero""]"
-2.4828391802691896,cluster__f03f4701c752ba34,negative,,1.0,1,not_supplied,1,book_liquidity,0.0,-0.005547075560163206,"[""lob__quantity_imbalance_cum5""]",boosted_tree__d3__l8__lr0.05__n50__stop35,False,not_supplied,,"[""insufficient_distinct_sessions"", ""insufficient_eligible_folds"", ""positive_fold_fraction_below_gate"", ""nonpositive_median_delta""]",1.0,"[""wide_gt_2""]",exploratory_insufficient_sessions,"[""close_after_300m""]","[""high_gt_5"", ""low_le_1"", ""medium_le_5"", ""zero""]"
-0.03348952905324357,cluster__f03f4701c752ba34,negative,,1.0,1,not_supplied,1,book_liquidity,0.0,-0.0002154390229947012,"[""lob__quantity_imbalance_cum5""]",elastic_net__a1__l10.5,False,not_supplied,,"[""insufficient_distinct_sessions"", ""insufficient_eligible_folds"", ""positive_fold_fraction_below_gate"", ""nonpositive_median_delta""]",1.0,"[""normal_le_2"", ""wide_gt_2""]",exploratory_insufficient_sessions,"[""close_after_300m""]","[""high_gt_5"", ""low_le_1"", ""medium_le_5"", ""zero""]"
-0.08251451923776135,cluster__f03f4701c752ba34,negative,,1.0,1,not_supplied,1,book_liquidity,0.0,-0.00018435115599124696,"[""lob__quantity_imbalance_cum5""]",elastic_net__a1__l10.9,False,not_supplied,,"[""insufficient_distinct_sessions"", ""insufficient_eligible_folds"", ""positive_fold_fraction_below_gate"", ""nonpositive_median_delta""]",1.0,"[""wide_gt_2""]",exploratory_insufficient_sessions,"[""close_after_300m""]","[""high_gt_5"", ""low_le_1"", ""medium_le_5"", ""zero""]"
1.7039324652875856e-15,cluster__f03f4701c752ba34,,,,1,not_supplied,1,book_liquidity,1.0,1.1102230246251565e-16,"[""lob__quantity_imbalance_cum5""]",elastic_net__a1__l11,True,not_supplied,,"[""insufficient_distinct_sessions"", ""insufficient_eligible_folds"", ""one_session_dominance""]",1.0,"[""normal_le_2"", ""wide_gt_2""]",exploratory_insufficient_sessions,"[""close_after_300m""]","[""high_gt_5"", ""low_le_1"", ""medium_le_5"", ""zero""]"
-0.5886735728516289,cluster__f2308f5991ce73f6,negative,,1.0,1,not_supplied,1,book_liquidity,0.0,-0.0017868888813438177,"[""lob__bid_curvature"", ""lob__bid_slope""]",boosted_tree__d2__l4__lr0.05__n50__stop24,False,not_supplied,,"[""insufficient_distinct_sessions"", ""insufficient_eligible_folds"", ""positive_fold_fraction_below_gate"", ""nonpositive_median_delta""]",1.0,"[""normal_le_2"", ""wide_gt_2""]",exploratory_insufficient_sessions,"[""close_after_300m""]","[""high_gt_5"", ""low_le_1"", ""medium_le_5"", ""zero""]"
0.0,cluster__f2308f5991ce73f6,,,,1,not_supplied,1,book_liquidity,0.0,0.0,"[""lob__bid_curvature"", ""lob__bid_slope""]",boosted_tree__d3__l8__lr0.05__n25__stop24,False,not_supplied,,"[""insufficient_distinct_sessions"", ""insufficient_eligible_folds"", ""positive_fold_fraction_below_gate"", ""nonpositive_median_delta""]",1.0,"[""normal_le_2"", ""wide_gt_2""]",exploratory_insufficient_sessions,"[""close_after_300m""]","[""high_gt_5"", ""low_le_1"", ""medium_le_5"", ""zero""]"
2.4454436564887185,cluster__f2308f5991ce73f6,positive,,1.0,1,not_supplied,1,book_liquidity,1.0,0.0054635277421368755,"[""lob__bid_curvature"", ""lob__bid_slope""]",boosted_tree__d3__l8__lr0.05__n50__stop35,True,not_supplied,,"[""insufficient_distinct_sessions"", ""insufficient_eligible_folds"", ""one_session_dominance""]",1.0,"[""wide_gt_2""]",exploratory_insufficient_sessions,"[""close_after_300m""]","[""high_gt_5"", ""low_le_1"", ""medium_le_5"", ""zero""]"
-0.016473202722440166,cluster__f2308f5991ce73f6,negative,,1.0,1,not_supplied,1,book_liquidity,0.0,-0.00010597254725430716,"[""lob__bid_curvature"", ""lob__bid_slope""]",elastic_net__a1__l10.5,False,not_supplied,,"[""insufficient_distinct_sessions"", ""insufficient_eligible_folds"", ""positive_fold_fraction_below_gate"", ""nonpositive_median_delta""]",1.0,"[""normal_le_2"", ""wide_gt_2""]",exploratory_insufficient_sessions,"[""close_after_300m""]","[""high_gt_5"", ""low_le_1"", ""medium_le_5"", ""zero""]"
0.5004237078380837,cluster__f2308f5991ce73f6,positive,,1.0,1,not_supplied,1,book_liquidity,1.0,0.0011180297707296116,"[""lob__bid_curvature"", ""lob__bid_slope""]",elastic_net__a1__l10.9,True,not_supplied,,"[""insufficient_distinct_sessions"", ""insufficient_eligible_folds"", ""one_session_dominance""]",1.0,"[""wide_gt_2""]",exploratory_insufficient_sessions,"[""close_after_300m""]","[""high_gt_5"", ""low_le_1"", ""medium_le_5"", ""zero""]"
0.31840110312670095,cluster__f2308f5991ce73f6,positive,,1.0,1,not_supplied,1,book_liquidity,1.0,0.0009664904579097522,"[""lob__bid_curvature"", ""lob__bid_slope""]",elastic_net__a1__l11,True,not_supplied,,"[""insufficient_distinct_sessions"", ""insufficient_eligible_folds"", ""one_session_dominance""]",1.0,"[""normal_le_2"", ""wide_gt_2""]",exploratory_insufficient_sessions,"[""close_after_300m""]","[""high_gt_5"", ""low_le_1"", ""medium_le_5"", ""zero""]"
0.0,cluster__f3105bf2ea19861a,,,,1,not_supplied,1,price_path,0.0,0.0,"[""price__displayed_mid_return_lag_0p5s_ticks""]",boosted_tree__d2__l4__lr0.05__n50__stop24,False,not_supplied,,"[""insufficient_distinct_sessions"", ""insufficient_eligible_folds"", ""positive_fold_fraction_below_gate"", ""nonpositive_median_delta""]",1.0,"[""normal_le_2"", ""wide_gt_2""]",exploratory_insufficient_sessions,"[""close_after_300m""]","[""high_gt_5"", ""low_le_1"", ""medium_le_5"", ""zero""]"
0.0,cluster__f3105bf2ea19861a,,,,1,not_supplied,1,price_path,0.0,0.0,"[""price__displayed_mid_return_lag_0p5s_ticks""]",boosted_tree__d3__l8__lr0.05__n25__stop24,False,not_supplied,,"[""insufficient_distinct_sessions"", ""insufficient_eligible_folds"", ""positive_fold_fraction_below_gate"", ""nonpositive_median_delta""]",1.0,"[""normal_le_2"", ""wide_gt_2""]",exploratory_insufficient_sessions,"[""close_after_300m""]","[""high_gt_5"", ""low_le_1"", ""medium_le_5"", ""zero""]"
0.0,cluster__f3105bf2ea19861a,,,,1,not_supplied,1,price_path,0.0,0.0,"[""price__displayed_mid_return_lag_0p5s_ticks""]",boosted_tree__d3__l8__lr0.05__n50__stop35,False,not_supplied,,"[""insufficient_distinct_sessions"", ""insufficient_eligible_folds"", ""positive_fold_fraction_below_gate"", ""nonpositive_median_delta""]",1.0,"[""wide_gt_2""]",exploratory_insufficient_sessions,"[""close_after_300m""]","[""high_gt_5"", ""low_le_1"", ""medium_le_5"", ""zero""]"
-9.930521031290728e-16,cluster__f3105bf2ea19861a,,,,1,not_supplied,1,price_path,0.0,0.0,"[""price__displayed_mid_return_lag_0p5s_ticks""]",elastic_net__a1__l10.5,False,not_supplied,,"[""insufficient_distinct_sessions"", ""insufficient_eligible_folds"", ""positive_fold_fraction_below_gate"", ""nonpositive_median_delta""]",1.0,"[""normal_le_2"", ""wide_gt_2""]",exploratory_insufficient_sessions,"[""close_after_300m""]","[""high_gt_5"", ""low_le_1"", ""medium_le_5"", ""zero""]"
-3.352024468541645e-15,cluster__f3105bf2ea19861a,,,,1,not_supplied,1,price_path,0.0,-2.220446049250313e-16,"[""price__displayed_mid_return_lag_0p5s_ticks""]",elastic_net__a1__l10.9,False,not_supplied,,"[""insufficient_distinct_sessions"", ""insufficient_eligible_folds"", ""positive_fold_fraction_below_gate"", ""nonpositive_median_delta""]",1.0,"[""wide_gt_2""]",exploratory_insufficient_sessions,"[""close_after_300m""]","[""high_gt_5"", ""low_le_1"", ""medium_le_5"", ""zero""]"
8.57367807615695e-16,cluster__f3105bf2ea19861a,,,,1,not_supplied,1,price_path,0.0,0.0,"[""price__displayed_mid_return_lag_0p5s_ticks""]",elastic_net__a1__l11,False,not_supplied,,"[""insufficient_distinct_sessions"", ""insufficient_eligible_folds"", ""positive_fold_fraction_below_gate"", ""nonpositive_median_delta""]",1.0,"[""normal_le_2"", ""wide_gt_2""]",exploratory_insufficient_sessions,"[""close_after_300m""]","[""high_gt_5"", ""low_le_1"", ""medium_le_5"", ""zero""]"
-0.13897721446853975,cluster__f344d3ca8bc6155a,negative,,1.0,1,not_supplied,1,surface_quality,0.0,-0.0004218583112045593,"[""quality__2026-08-25__support_width""]",boosted_tree__d2__l4__lr0.05__n50__stop24,False,not_supplied,,"[""insufficient_distinct_sessions"", ""insufficient_eligible_folds"", ""positive_fold_fraction_below_gate"", ""nonpositive_median_delta""]",1.0,"[""normal_le_2"", ""wide_gt_2""]",exploratory_insufficient_sessions,"[""close_after_300m""]","[""high_gt_5"", ""low_le_1"", ""medium_le_5"", ""zero""]"
0.21253614522003192,cluster__f344d3ca8bc6155a,positive,,1.0,1,not_supplied,1,surface_quality,1.0,0.0013672506234538861,"[""quality__2026-08-25__support_width""]",boosted_tree__d3__l8__lr0.05__n25__stop24,True,not_supplied,,"[""insufficient_distinct_sessions"", ""insufficient_eligible_folds"", ""one_session_dominance""]",1.0,"[""normal_le_2"", ""wide_gt_2""]",exploratory_insufficient_sessions,"[""close_after_300m""]","[""high_gt_5"", ""low_le_1"", ""medium_le_5"", ""zero""]"
-0.7369386125326266,cluster__f344d3ca8bc6155a,negative,,1.0,1,not_supplied,1,surface_quality,0.0,-0.001646443394081265,"[""quality__2026-08-25__support_width""]",boosted_tree__d3__l8__lr0.05__n50__stop35,False,not_supplied,,"[""insufficient_distinct_sessions"", ""insufficient_eligible_folds"", ""positive_fold_fraction_below_gate"", ""nonpositive_median_delta""]",1.0,"[""wide_gt_2""]",exploratory_insufficient_sessions,"[""close_after_300m""]","[""high_gt_5"", ""low_le_1"", ""medium_le_5"", ""zero""]"
-9.725008384626142e-14,cluster__f344d3ca8bc6155a,,,,1,not_supplied,1,surface_quality,0.0,-7.771561172376096e-16,"[""quality__2026-08-25__support_width""]",elastic_net__a1__l10.5,False,not_supplied,,"[""insufficient_distinct_sessions"", ""insufficient_eligible_folds"", ""positive_fold_fraction_below_gate"", ""nonpositive_median_delta""]",1.0,"[""normal_le_2"", ""wide_gt_2""]",exploratory_insufficient_sessions,"[""close_after_300m""]","[""high_gt_5"", ""low_le_1"", ""medium_le_5"", ""zero""]"
-3.352024468541645e-15,cluster__f344d3ca8bc6155a,,,,1,not_supplied,1,surface_quality,0.0,-2.220446049250313e-16,"[""quality__2026-08-25__support_width""]",elastic_net__a1__l10.9,False,not_supplied,,"[""insufficient_distinct_sessions"", ""insufficient_eligible_folds"", ""positive_fold_fraction_below_gate"", ""nonpositive_median_delta""]",1.0,"[""wide_gt_2""]",exploratory_insufficient_sessions,"[""close_after_300m""]","[""high_gt_5"", ""low_le_1"", ""medium_le_5"", ""zero""]"
8.57367807615695e-16,cluster__f344d3ca8bc6155a,,,,1,not_supplied,1,surface_quality,0.0,0.0,"[""quality__2026-08-25__support_width""]",elastic_net__a1__l11,False,not_supplied,,"[""insufficient_distinct_sessions"", ""insufficient_eligible_folds"", ""positive_fold_fraction_below_gate"", ""nonpositive_median_delta""]",1.0,"[""normal_le_2"", ""wide_gt_2""]",exploratory_insufficient_sessions,"[""close_after_300m""]","[""high_gt_5"", ""low_le_1"", ""medium_le_5"", ""zero""]"
0.0,cluster__fb3b9bf085ae4374,,,,1,not_supplied,1,ofi,0.0,0.0,"[""ccz_ofi_w5__m100__average"", ""ccz_ofi_w5__m200__average""]",boosted_tree__d2__l4__lr0.05__n50__stop24,False,not_supplied,,"[""insufficient_distinct_sessions"", ""insufficient_eligible_folds"", ""positive_fold_fraction_below_gate"", ""nonpositive_median_delta""]",1.0,"[""normal_le_2"", ""wide_gt_2""]",exploratory_insufficient_sessions,"[""close_after_300m""]","[""high_gt_5"", ""low_le_1"", ""medium_le_5"", ""zero""]"
0.0,cluster__fb3b9bf085ae4374,,,,1,not_supplied,1,ofi,0.0,0.0,"[""ccz_ofi_w5__m100__average"", ""ccz_ofi_w5__m200__average""]",boosted_tree__d3__l8__lr0.05__n25__stop24,False,not_supplied,,"[""insufficient_distinct_sessions"", ""insufficient_eligible_folds"", ""positive_fold_fraction_below_gate"", ""nonpositive_median_delta""]",1.0,"[""normal_le_2"", ""wide_gt_2""]",exploratory_insufficient_sessions,"[""close_after_300m""]","[""high_gt_5"", ""low_le_1"", ""medium_le_5"", ""zero""]"
0.0,cluster__fb3b9bf085ae4374,,,,1,not_supplied,1,ofi,0.0,0.0,"[""ccz_ofi_w5__m100__average"", ""ccz_ofi_w5__m200__average""]",boosted_tree__d3__l8__lr0.05__n50__stop35,False,not_supplied,,"[""insufficient_distinct_sessions"", ""insufficient_eligible_folds"", ""positive_fold_fraction_below_gate"", ""nonpositive_median_delta""]",1.0,"[""wide_gt_2""]",exploratory_insufficient_sessions,"[""close_after_300m""]","[""high_gt_5"", ""low_le_1"", ""medium_le_5"", ""zero""]"
-9.930521031290728e-16,cluster__fb3b9bf085ae4374,,,,1,not_supplied,1,ofi,0.0,0.0,"[""ccz_ofi_w5__m100__average"", ""ccz_ofi_w5__m200__average""]",elastic_net__a1__l10.5,False,not_supplied,,"[""insufficient_distinct_sessions"", ""insufficient_eligible_folds"", ""positive_fold_fraction_below_gate"", ""nonpositive_median_delta""]",1.0,"[""normal_le_2"", ""wide_gt_2""]",exploratory_insufficient_sessions,"[""close_after_300m""]","[""high_gt_5"", ""low_le_1"", ""medium_le_5"", ""zero""]"
-3.352024468541645e-15,cluster__fb3b9bf085ae4374,,,,1,not_supplied,1,ofi,0.0,-2.220446049250313e-16,"[""ccz_ofi_w5__m100__average"", ""ccz_ofi_w5__m200__average""]",elastic_net__a1__l10.9,False,not_supplied,,"[""insufficient_distinct_sessions"", ""insufficient_eligible_folds"", ""positive_fold_fraction_below_gate"", ""nonpositive_median_delta""]",1.0,"[""wide_gt_2""]",exploratory_insufficient_sessions,"[""close_after_300m""]","[""high_gt_5"", ""low_le_1"", ""medium_le_5"", ""zero""]"
8.57367807615695e-16,cluster__fb3b9bf085ae4374,,,,1,not_supplied,1,ofi,0.0,0.0,"[""ccz_ofi_w5__m100__average"", ""ccz_ofi_w5__m200__average""]",elastic_net__a1__l11,False,not_supplied,,"[""insufficient_distinct_sessions"", ""insufficient_eligible_folds"", ""positive_fold_fraction_below_gate"", ""nonpositive_median_delta""]",1.0,"[""normal_le_2"", ""wide_gt_2""]",exploratory_insufficient_sessions,"[""close_after_300m""]","[""high_gt_5"", ""low_le_1"", ""medium_le_5"", ""zero""]"
0.0,cluster__fc5bdd24bfb709b8,,,,1,not_supplied,1,ofi,0.0,0.0,"[""ofi__w0p5__average_m5_minus_m20""]",boosted_tree__d2__l4__lr0.05__n50__stop24,False,not_supplied,,"[""insufficient_distinct_sessions"", ""insufficient_eligible_folds"", ""positive_fold_fraction_below_gate"", ""nonpositive_median_delta""]",1.0,"[""normal_le_2"", ""wide_gt_2""]",exploratory_insufficient_sessions,"[""close_after_300m""]","[""high_gt_5"", ""low_le_1"", ""medium_le_5"", ""zero""]"
0.0,cluster__fc5bdd24bfb709b8,,,,1,not_supplied,1,ofi,0.0,0.0,"[""ofi__w0p5__average_m5_minus_m20""]",boosted_tree__d3__l8__lr0.05__n25__stop24,False,not_supplied,,"[""insufficient_distinct_sessions"", ""insufficient_eligible_folds"", ""positive_fold_fraction_below_gate"", ""nonpositive_median_delta""]",1.0,"[""normal_le_2"", ""wide_gt_2""]",exploratory_insufficient_sessions,"[""close_after_300m""]","[""high_gt_5"", ""low_le_1"", ""medium_le_5"", ""zero""]"
0.0,cluster__fc5bdd24bfb709b8,,,,1,not_supplied,1,ofi,0.0,0.0,"[""ofi__w0p5__average_m5_minus_m20""]",boosted_tree__d3__l8__lr0.05__n50__stop35,False,not_supplied,,"[""insufficient_distinct_sessions"", ""insufficient_eligible_folds"", ""positive_fold_fraction_below_gate"", ""nonpositive_median_delta""]",1.0,"[""wide_gt_2""]",exploratory_insufficient_sessions,"[""close_after_300m""]","[""high_gt_5"", ""low_le_1"", ""medium_le_5"", ""zero""]"
-9.930521031290728e-16,cluster__fc5bdd24bfb709b8,,,,1,not_supplied,1,ofi,0.0,0.0,"[""ofi__w0p5__average_m5_minus_m20""]",elastic_net__a1__l10.5,False,not_supplied,,"[""insufficient_distinct_sessions"", ""insufficient_eligible_folds"", ""positive_fold_fraction_below_gate"", ""nonpositive_median_delta""]",1.0,"[""normal_le_2"", ""wide_gt_2""]",exploratory_insufficient_sessions,"[""close_after_300m""]","[""high_gt_5"", ""low_le_1"", ""medium_le_5"", ""zero""]"
-3.352024468541645e-15,cluster__fc5bdd24bfb709b8,,,,1,not_supplied,1,ofi,0.0,-2.220446049250313e-16,"[""ofi__w0p5__average_m5_minus_m20""]",elastic_net__a1__l10.9,False,not_supplied,,"[""insufficient_distinct_sessions"", ""insufficient_eligible_folds"", ""positive_fold_fraction_below_gate"", ""nonpositive_median_delta""]",1.0,"[""wide_gt_2""]",exploratory_insufficient_sessions,"[""close_after_300m""]","[""high_gt_5"", ""low_le_1"", ""medium_le_5"", ""zero""]"
8.57367807615695e-16,cluster__fc5bdd24bfb709b8,,,,1,not_supplied,1,ofi,0.0,0.0,"[""ofi__w0p5__average_m5_minus_m20""]",elastic_net__a1__l11,False,not_supplied,,"[""insufficient_distinct_sessions"", ""insufficient_eligible_folds"", ""positive_fold_fraction_below_gate"", ""nonpositive_median_delta""]",1.0,"[""normal_le_2"", ""wide_gt_2""]",exploratory_insufficient_sessions,"[""close_after_300m""]","[""high_gt_5"", ""low_le_1"", ""medium_le_5"", ""zero""]"
0.0,cluster__fd3291f0b03d2dd6,,,,1,not_supplied,1,book_liquidity,0.0,0.0,"[""lob__bid_total_quantity_5"", ""lob__log1p_bid_total_quantity_5""]",boosted_tree__d2__l4__lr0.05__n50__stop24,False,not_supplied,,"[""insufficient_distinct_sessions"", ""insufficient_eligible_folds"", ""positive_fold_fraction_below_gate"", ""nonpositive_median_delta""]",1.0,"[""normal_le_2"", ""wide_gt_2""]",exploratory_insufficient_sessions,"[""close_after_300m""]","[""high_gt_5"", ""low_le_1"", ""medium_le_5"", ""zero""]"
-0.5080355957554785,cluster__fd3291f0b03d2dd6,negative,,1.0,1,not_supplied,1,book_liquidity,0.0,-0.0032682063764466474,"[""lob__bid_total_quantity_5"", ""lob__log1p_bid_total_quantity_5""]",boosted_tree__d3__l8__lr0.05__n25__stop24,False,not_supplied,,"[""insufficient_distinct_sessions"", ""insufficient_eligible_folds"", ""positive_fold_fraction_below_gate"", ""nonpositive_median_delta""]",1.0,"[""normal_le_2"", ""wide_gt_2""]",exploratory_insufficient_sessions,"[""close_after_300m""]","[""high_gt_5"", ""low_le_1"", ""medium_le_5"", ""zero""]"
0.0,cluster__fd3291f0b03d2dd6,,,,1,not_supplied,1,book_liquidity,0.0,0.0,"[""lob__bid_total_quantity_5"", ""lob__log1p_bid_total_quantity_5""]",boosted_tree__d3__l8__lr0.05__n50__stop35,False,not_supplied,,"[""insufficient_distinct_sessions"", ""insufficient_eligible_folds"", ""positive_fold_fraction_below_gate"", ""nonpositive_median_delta""]",1.0,"[""wide_gt_2""]",exploratory_insufficient_sessions,"[""close_after_300m""]","[""high_gt_5"", ""low_le_1"", ""medium_le_5"", ""zero""]"
0.637466382588061,cluster__fd3291f0b03d2dd6,positive,,1.0,1,not_supplied,1,book_liquidity,1.0,0.00410083803920569,"[""lob__bid_total_quantity_5"", ""lob__log1p_bid_total_quantity_5""]",elastic_net__a1__l10.5,True,not_supplied,,"[""insufficient_distinct_sessions"", ""insufficient_eligible_folds"", ""one_session_dominance""]",1.0,"[""normal_le_2"", ""wide_gt_2""]",exploratory_insufficient_sessions,"[""close_after_300m""]","[""high_gt_5"", ""low_le_1"", ""medium_le_5"", ""zero""]"
-3.352024468541645e-15,cluster__fd3291f0b03d2dd6,,,,1,not_supplied,1,book_liquidity,0.0,-2.220446049250313e-16,"[""lob__bid_total_quantity_5"", ""lob__log1p_bid_total_quantity_5""]",elastic_net__a1__l10.9,False,not_supplied,,"[""insufficient_distinct_sessions"", ""insufficient_eligible_folds"", ""positive_fold_fraction_below_gate"", ""nonpositive_median_delta""]",1.0,"[""wide_gt_2""]",exploratory_insufficient_sessions,"[""close_after_300m""]","[""high_gt_5"", ""low_le_1"", ""medium_le_5"", ""zero""]"
8.57367807615695e-16,cluster__fd3291f0b03d2dd6,,,,1,not_supplied,1,book_liquidity,0.0,0.0,"[""lob__bid_total_quantity_5"", ""lob__log1p_bid_total_quantity_5""]",elastic_net__a1__l11,False,not_supplied,,"[""insufficient_distinct_sessions"", ""insufficient_eligible_folds"", ""positive_fold_fraction_below_gate"", ""nonpositive_median_delta""]",1.0,"[""normal_le_2"", ""wide_gt_2""]",exploratory_insufficient_sessions,"[""close_after_300m""]","[""high_gt_5"", ""low_le_1"", ""medium_le_5"", ""zero""]"
0.0,cluster__feb3f6ac5faeccec,,,,1,not_supplied,1,ofi,0.0,0.0,"[""ccz_ofi_w0p5__m1__average""]",boosted_tree__d2__l4__lr0.05__n50__stop24,False,not_supplied,,"[""insufficient_distinct_sessions"", ""insufficient_eligible_folds"", ""positive_fold_fraction_below_gate"", ""nonpositive_median_delta""]",1.0,"[""normal_le_2"", ""wide_gt_2""]",exploratory_insufficient_sessions,"[""close_after_300m""]","[""high_gt_5"", ""low_le_1"", ""medium_le_5"", ""zero""]"
0.0,cluster__feb3f6ac5faeccec,,,,1,not_supplied,1,ofi,0.0,0.0,"[""ccz_ofi_w0p5__m1__average""]",boosted_tree__d3__l8__lr0.05__n25__stop24,False,not_supplied,,"[""insufficient_distinct_sessions"", ""insufficient_eligible_folds"", ""positive_fold_fraction_below_gate"", ""nonpositive_median_delta""]",1.0,"[""normal_le_2"", ""wide_gt_2""]",exploratory_insufficient_sessions,"[""close_after_300m""]","[""high_gt_5"", ""low_le_1"", ""medium_le_5"", ""zero""]"
0.0,cluster__feb3f6ac5faeccec,,,,1,not_supplied,1,ofi,0.0,0.0,"[""ccz_ofi_w0p5__m1__average""]",boosted_tree__d3__l8__lr0.05__n50__stop35,False,not_supplied,,"[""insufficient_distinct_sessions"", ""insufficient_eligible_folds"", ""positive_fold_fraction_below_gate"", ""nonpositive_median_delta""]",1.0,"[""wide_gt_2""]",exploratory_insufficient_sessions,"[""close_after_300m""]","[""high_gt_5"", ""low_le_1"", ""medium_le_5"", ""zero""]"
-1.563162688500488e-15,cluster__feb3f6ac5faeccec,,,,1,not_supplied,1,ofi,0.0,0.0,"[""ccz_ofi_w0p5__m1__average""]",elastic_net__a1__l10.5,False,not_supplied,,"[""insufficient_distinct_sessions"", ""insufficient_eligible_folds"", ""positive_fold_fraction_below_gate"", ""nonpositive_median_delta""]",1.0,"[""normal_le_2"", ""wide_gt_2""]",exploratory_insufficient_sessions,"[""close_after_300m""]","[""high_gt_5"", ""low_le_1"", ""medium_le_5"", ""zero""]"
-3.352024468541645e-15,cluster__feb3f6ac5faeccec,,,,1,not_supplied,1,ofi,0.0,-2.220446049250313e-16,"[""ccz_ofi_w0p5__m1__average""]",elastic_net__a1__l10.9,False,not_supplied,,"[""insufficient_distinct_sessions"", ""insufficient_eligible_folds"", ""positive_fold_fraction_below_gate"", ""nonpositive_median_delta""]",1.0,"[""wide_gt_2""]",exploratory_insufficient_sessions,"[""close_after_300m""]","[""high_gt_5"", ""low_le_1"", ""medium_le_5"", ""zero""]"
8.57367807615695e-16,cluster__feb3f6ac5faeccec,,,,1,not_supplied,1,ofi,0.0,0.0,"[""ccz_ofi_w0p5__m1__average""]",elastic_net__a1__l11,False,not_supplied,,"[""insufficient_distinct_sessions"", ""insufficient_eligible_folds"", ""positive_fold_fraction_below_gate"", ""nonpositive_median_delta""]",1.0,"[""normal_le_2"", ""wide_gt_2""]",exploratory_insufficient_sessions,"[""close_after_300m""]","[""high_gt_5"", ""low_le_1"", ""medium_le_5"", ""zero""]"
