base_plus_handcrafted_latent_skill,base_plus_handcrafted_skill,base_plus_latent_skill,base_plus_pca_latent_skill,base_plus_pca_skill,base_skill,block_rows,block_seconds,ci_high,ci_low,correction_event_frequencies,diagnostic,draws,feature,increment_beyond_handcrafted,increment_beyond_pca,large_event_samples,large_threshold,mapping_alpha,mean_forward_change_large,mean_source_progress_large,mean_target_progress_large,paired_intervals,quintile_monotonic,quintile_samples,quintile_target_means,samples,seed,source_subsystem,spearman,target,target_subsystem
,,,,,,12,60,0.05474587882043104,-0.07424744582216744,"{""not_large"":2277,""source_led_correction"":33,""persistent_disagreement"":8,""both_correct"":23,""target_led_correction"":1}",diagnostic_1,500,call_to_put_disequilibrium,,,65,7.273935022179557,100.0,-0.41988066342582164,-0.05584953764020563,0.321148548303819,,False,"[0,0,926,1351,65]","[null,null,1.5147837214815565e-06,2.805065524955311e-07,9.156143865906276e-06]",2342,1,call,-0.006718476229582387,call_relative_move,put
,,,,,,24,120,0.05433138114504238,-0.07440648124041059,"{""not_large"":2277,""source_led_correction"":33,""persistent_disagreement"":8,""both_correct"":23,""target_led_correction"":1}",diagnostic_1,500,call_to_put_disequilibrium,,,65,7.273935022179557,100.0,-0.41988066342582164,-0.05584953764020563,0.321148548303819,,False,"[0,0,926,1351,65]","[null,null,1.5147837214815565e-06,2.805065524955311e-07,9.156143865906276e-06]",2342,1,call,-0.006718476229582387,call_relative_move,put
,,,,,,60,300,0.062306200723200755,-0.06279009232946231,"{""not_large"":2277,""source_led_correction"":33,""persistent_disagreement"":8,""both_correct"":23,""target_led_correction"":1}",diagnostic_1,500,call_to_put_disequilibrium,,,65,7.273935022179557,100.0,-0.41988066342582164,-0.05584953764020563,0.321148548303819,,False,"[0,0,926,1351,65]","[null,null,1.5147837214815565e-06,2.805065524955311e-07,9.156143865906276e-06]",2342,1,call,-0.006718476229582387,call_relative_move,put
,,,,,,12,60,0.08320851398649613,-0.04173480891228594,"{""not_large"":2277,""source_led_correction"":33,""persistent_disagreement"":8,""both_correct"":23,""target_led_correction"":1}",diagnostic_1,500,call_to_put_disequilibrium,,,65,7.273935022179557,100.0,-0.41988066342582164,-0.05584953764020563,0.321148548303819,,False,"[0,0,926,1351,65]","[null,null,-3.6167856869056466e-06,-2.006344051878599e-06,-9.751266155105371e-06]",2342,1,call,0.014594630091867001,put_relative_move,put
,,,,,,24,120,0.08128522265705584,-0.04409195172303398,"{""not_large"":2277,""source_led_correction"":33,""persistent_disagreement"":8,""both_correct"":23,""target_led_correction"":1}",diagnostic_1,500,call_to_put_disequilibrium,,,65,7.273935022179557,100.0,-0.41988066342582164,-0.05584953764020563,0.321148548303819,,False,"[0,0,926,1351,65]","[null,null,-3.6167856869056466e-06,-2.006344051878599e-06,-9.751266155105371e-06]",2342,1,call,0.014594630091867001,put_relative_move,put
,,,,,,60,300,0.07840700670109474,-0.0566940232497993,"{""not_large"":2277,""source_led_correction"":33,""persistent_disagreement"":8,""both_correct"":23,""target_led_correction"":1}",diagnostic_1,500,call_to_put_disequilibrium,,,65,7.273935022179557,100.0,-0.41988066342582164,-0.05584953764020563,0.321148548303819,,False,"[0,0,926,1351,65]","[null,null,-3.6167856869056466e-06,-2.006344051878599e-06,-9.751266155105371e-06]",2342,1,call,0.014594630091867001,put_relative_move,put
,,,,,,12,60,0.10430445238910813,-0.0367241591514103,"{""not_large"":2277,""source_led_correction"":33,""persistent_disagreement"":8,""both_correct"":23,""target_led_correction"":1}",diagnostic_1,500,call_to_put_disequilibrium,,,65,7.273935022179557,100.0,-0.41988066342582164,-0.05584953764020563,0.321148548303819,,False,"[0,0,926,1351,65]","[null,null,9.853580926864792e-05,0.00010757334780245798,0.00010878869977134924]",2342,1,call,0.03143990766500969,call_put_relative_correction,put
,,,,,,24,120,0.11088095491500526,-0.030789307434775155,"{""not_large"":2277,""source_led_correction"":33,""persistent_disagreement"":8,""both_correct"":23,""target_led_correction"":1}",diagnostic_1,500,call_to_put_disequilibrium,,,65,7.273935022179557,100.0,-0.41988066342582164,-0.05584953764020563,0.321148548303819,,False,"[0,0,926,1351,65]","[null,null,9.853580926864792e-05,0.00010757334780245798,0.00010878869977134924]",2342,1,call,0.03143990766500969,call_put_relative_correction,put
,,,,,,60,300,0.12219194250281491,-0.022220564091399914,"{""not_large"":2277,""source_led_correction"":33,""persistent_disagreement"":8,""both_correct"":23,""target_led_correction"":1}",diagnostic_1,500,call_to_put_disequilibrium,,,65,7.273935022179557,100.0,-0.41988066342582164,-0.05584953764020563,0.321148548303819,,False,"[0,0,926,1351,65]","[null,null,9.853580926864792e-05,0.00010757334780245798,0.00010878869977134924]",2342,1,call,0.03143990766500969,call_put_relative_correction,put
,,,,,,12,60,0.03995885273570443,-0.03891422599171211,"{""not_large"":2277,""source_led_correction"":33,""persistent_disagreement"":8,""both_correct"":23,""target_led_correction"":1}",diagnostic_1,500,call_to_put_disequilibrium,,,65,7.273935022179557,100.0,-0.41988066342582164,-0.05584953764020563,0.321148548303819,,False,"[0,0,926,1351,65]","[null,null,-2.7045366187332516e-06,-1.3266180639881103e-05,-1.0516781073350172e-05]",2342,1,call,0.002626447379589749,signed_atm_iv_change,put
,,,,,,24,120,0.03695743476247764,-0.03604814457357217,"{""not_large"":2277,""source_led_correction"":33,""persistent_disagreement"":8,""both_correct"":23,""target_led_correction"":1}",diagnostic_1,500,call_to_put_disequilibrium,,,65,7.273935022179557,100.0,-0.41988066342582164,-0.05584953764020563,0.321148548303819,,False,"[0,0,926,1351,65]","[null,null,-2.7045366187332516e-06,-1.3266180639881103e-05,-1.0516781073350172e-05]",2342,1,call,0.002626447379589749,signed_atm_iv_change,put
,,,,,,60,300,0.0379699530794904,-0.035263340863052675,"{""not_large"":2277,""source_led_correction"":33,""persistent_disagreement"":8,""both_correct"":23,""target_led_correction"":1}",diagnostic_1,500,call_to_put_disequilibrium,,,65,7.273935022179557,100.0,-0.41988066342582164,-0.05584953764020563,0.321148548303819,,False,"[0,0,926,1351,65]","[null,null,-2.7045366187332516e-06,-1.3266180639881103e-05,-1.0516781073350172e-05]",2342,1,call,0.002626447379589749,signed_atm_iv_change,put
,,,,,,12,60,0.018571887637892765,-0.09042875458739334,"{""not_large"":2277,""source_led_correction"":33,""persistent_disagreement"":8,""both_correct"":23,""target_led_correction"":1}",diagnostic_1,500,call_to_put_disequilibrium,,,65,7.273935022179557,100.0,-0.41988066342582164,-0.05584953764020563,0.321148548303819,,False,"[0,0,926,1351,65]","[null,null,8.575513673204271e-07,3.1817790921270806e-08,1.4745075112352005e-07]",2342,1,call,-0.03865356503576828,parity_restoration,put
,,,,,,24,120,0.011748579576412763,-0.09899768310294628,"{""not_large"":2277,""source_led_correction"":33,""persistent_disagreement"":8,""both_correct"":23,""target_led_correction"":1}",diagnostic_1,500,call_to_put_disequilibrium,,,65,7.273935022179557,100.0,-0.41988066342582164,-0.05584953764020563,0.321148548303819,,False,"[0,0,926,1351,65]","[null,null,8.575513673204271e-07,3.1817790921270806e-08,1.4745075112352005e-07]",2342,1,call,-0.03865356503576828,parity_restoration,put
,,,,,,60,300,0.02057053534255159,-0.09453218854115386,"{""not_large"":2277,""source_led_correction"":33,""persistent_disagreement"":8,""both_correct"":23,""target_led_correction"":1}",diagnostic_1,500,call_to_put_disequilibrium,,,65,7.273935022179557,100.0,-0.41988066342582164,-0.05584953764020563,0.321148548303819,,False,"[0,0,926,1351,65]","[null,null,8.575513673204271e-07,3.1817790921270806e-08,1.4745075112352005e-07]",2342,1,call,-0.03865356503576828,parity_restoration,put
,,,,,,12,60,0.11565605509316525,-0.015789285035954108,"{""not_large"":2277,""source_led_correction"":33,""persistent_disagreement"":8,""both_correct"":23,""target_led_correction"":1}",diagnostic_1,500,call_to_put_disequilibrium,,,65,7.273935022179557,100.0,-0.41988066342582164,-0.05584953764020563,0.321148548303819,,False,"[0,0,926,1351,65]","[null,null,-6.910534193397341e-06,-1.7929924231472057e-07,-6.308922400841346e-06]",2342,1,call,0.050665988998151806,signed_futures_return,put
,,,,,,24,120,0.12440614298900883,-0.021559083896206296,"{""not_large"":2277,""source_led_correction"":33,""persistent_disagreement"":8,""both_correct"":23,""target_led_correction"":1}",diagnostic_1,500,call_to_put_disequilibrium,,,65,7.273935022179557,100.0,-0.41988066342582164,-0.05584953764020563,0.321148548303819,,False,"[0,0,926,1351,65]","[null,null,-6.910534193397341e-06,-1.7929924231472057e-07,-6.308922400841346e-06]",2342,1,call,0.050665988998151806,signed_futures_return,put
,,,,,,60,300,0.1170086230234919,-0.01479185620834443,"{""not_large"":2277,""source_led_correction"":33,""persistent_disagreement"":8,""both_correct"":23,""target_led_correction"":1}",diagnostic_1,500,call_to_put_disequilibrium,,,65,7.273935022179557,100.0,-0.41988066342582164,-0.05584953764020563,0.321148548303819,,False,"[0,0,926,1351,65]","[null,null,-6.910534193397341e-06,-1.7929924231472057e-07,-6.308922400841346e-06]",2342,1,call,0.050665988998151806,signed_futures_return,put
,,,,,,12,60,0.03328486830581181,-0.05668072481550547,"{""not_large"":2277,""source_led_correction"":33,""persistent_disagreement"":8,""both_correct"":23,""target_led_correction"":1}",diagnostic_1,500,call_to_put_disequilibrium,,,65,7.273935022179557,100.0,-0.41988066342582164,-0.05584953764020563,0.321148548303819,,False,"[0,0,926,1351,65]","[null,null,8.08234710532837e-06,-2.1548819402732551e-07,-2.7225764530997437e-05]",2342,1,call,-0.01221757971255761,surface_residual_restoration,put
,,,,,,24,120,0.026451580005114488,-0.056429169955102,"{""not_large"":2277,""source_led_correction"":33,""persistent_disagreement"":8,""both_correct"":23,""target_led_correction"":1}",diagnostic_1,500,call_to_put_disequilibrium,,,65,7.273935022179557,100.0,-0.41988066342582164,-0.05584953764020563,0.321148548303819,,False,"[0,0,926,1351,65]","[null,null,8.08234710532837e-06,-2.1548819402732551e-07,-2.7225764530997437e-05]",2342,1,call,-0.01221757971255761,surface_residual_restoration,put
,,,,,,60,300,0.0225774139211438,-0.05195803658314563,"{""not_large"":2277,""source_led_correction"":33,""persistent_disagreement"":8,""both_correct"":23,""target_led_correction"":1}",diagnostic_1,500,call_to_put_disequilibrium,,,65,7.273935022179557,100.0,-0.41988066342582164,-0.05584953764020563,0.321148548303819,,False,"[0,0,926,1351,65]","[null,null,8.08234710532837e-06,-2.1548819402732551e-07,-2.7225764530997437e-05]",2342,1,call,-0.01221757971255761,surface_residual_restoration,put
-12.191581144140745,-12.283314325037784,-15.19719504159438,-13.533109985089022,-13.539999958284415,-15.249422490424635,,,,,,diagnostic_1,,call_to_put_increment,0.09173318089703919,0.00688997319539375,,,,,,,"{""base_to_candidate"":{""60s"":{""mean_mae_reduction"":3.812441997597027e-06,""ci_low"":3.197498993169165e-06,""ci_high"":4.400967599799219e-06,""positive_probability"":1.0,""block_rows"":12,""draws"":500},""120s"":{""mean_mae_reduction"":3.812441997597027e-06,""ci_low"":3.0054370419304835e-06,""ci_high"":4.5891488763121804e-06,""positive_probability"":1.0,""block_rows"":24,""draws"":500},""300s"":{""mean_mae_reduction"":3.812441997597027e-06,""ci_low"":2.8142093244976234e-06,""ci_high"":4.8000421750322525e-06,""positive_probability"":1.0,""block_rows"":60,""draws"":500}},""base_pca_to_candidate"":{""60s"":{""mean_mae_reduction"":5.029467025626482e-07,""ci_low"":-5.623500951168757e-08,""ci_high"":1.1144914986878123e-06,""positive_probability"":0.964,""block_rows"":12,""draws"":500},""120s"":{""mean_mae_reduction"":5.029467025626482e-07,""ci_low"":-2.374462843841743e-07,""ci_high"":1.3223148983804807e-06,""positive_probability"":0.894,""block_rows"":24,""draws"":500},""300s"":{""mean_mae_reduction"":5.029467025626482e-07,""ci_low"":-5.955772553581474e-07,""ci_high"":1.4648043384411663e-06,""positive_probability"":0.848,""block_rows"":60,""draws"":500}},""comparator_to_candidate"":{""60s"":{""mean_mae_reduction"":6.69623807514843e-06,""ci_low"":5.98509512625587e-06,""ci_high"":7.376104018900502e-06,""positive_probability"":1.0,""block_rows"":12,""draws"":500},""120s"":{""mean_mae_reduction"":6.69623807514843e-06,""ci_low"":5.786472158571346e-06,""ci_high"":7.635998405449724e-06,""positive_probability"":1.0,""block_rows"":24,""draws"":500},""300s"":{""mean_mae_reduction"":6.69623807514843e-06,""ci_low"":5.56726306590533e-06,""ci_high"":7.95060267112109e-06,""positive_probability"":1.0,""block_rows"":60,""draws"":500}}}",,,,,1,call,,call_put_relative_correction,put
-18.03859611515596,-18.032999617814426,-1.549521732014691,-2.8763756093358337,-1.530886564034113,-1.550979653461845,,,,,,diagnostic_1,,call_to_put_increment,-0.005596497341535667,-1.3454890453017208,,,,,,,"{""base_to_candidate"":{""60s"":{""mean_mae_reduction"":1.959204465719531e-08,""ci_low"":1.6143466178109725e-08,""ci_high"":2.334252379920189e-08,""positive_probability"":1.0,""block_rows"":12,""draws"":500},""120s"":{""mean_mae_reduction"":1.959204465719531e-08,""ci_low"":1.5410192249864997e-08,""ci_high"":2.3416940296509747e-08,""positive_probability"":1.0,""block_rows"":24,""draws"":500},""300s"":{""mean_mae_reduction"":1.959204465719531e-08,""ci_low"":1.4735487220799019e-08,""ci_high"":2.453075328646773e-08,""positive_probability"":1.0,""block_rows"":60,""draws"":500}},""base_pca_to_candidate"":{""60s"":{""mean_mae_reduction"":-1.8081139771129263e-05,""ci_low"":-2.0662731504651184e-05,""ci_high"":-1.564577144687748e-05,""positive_probability"":0.0,""block_rows"":12,""draws"":500},""120s"":{""mean_mae_reduction"":-1.8081139771129263e-05,""ci_low"":-2.1286935736737775e-05,""ci_high"":-1.5672691944651992e-05,""positive_probability"":0.0,""block_rows"":24,""draws"":500},""300s"":{""mean_mae_reduction"":-1.8081139771129263e-05,""ci_low"":-2.1669713656107285e-05,""ci_high"":-1.4677009980295707e-05,""positive_probability"":0.0,""block_rows"":60,""draws"":500}},""comparator_to_candidate"":{""60s"":{""mean_mae_reduction"":-7.520763622299311e-08,""ci_low"":-8.098478578293472e-08,""ci_high"":-6.94965539304239e-08,""positive_probability"":0.0,""block_rows"":12,""draws"":500},""120s"":{""mean_mae_reduction"":-7.520763622299311e-08,""ci_low"":-8.308557653209158e-08,""ci_high"":-6.717461646555848e-08,""positive_probability"":0.0,""block_rows"":24,""draws"":500},""300s"":{""mean_mae_reduction"":-7.520763622299311e-08,""ci_low"":-8.588988969025996e-08,""ci_high"":-6.511932025495648e-08,""positive_probability"":0.0,""block_rows"":60,""draws"":500}}}",,,,,1,call,,parity_restoration,put
,,,,,,12,60,-0.04898812196142009,-0.14368200469718567,"{""not_large"":4212,""both_correct"":76,""source_led_correction"":116,""persistent_disagreement"":51,""target_led_correction"":22}",diagnostic_2,500,call_to_put_disequilibrium,,,265,7.273935022179557,100.0,-0.33787793859574067,-0.06579181304693753,0.24958266690258907,,False,"[0,0,520,3692,265]","[null,null,3.3519783755764365e-05,1.1106725176241358e-06,-6.325371071415128e-05]",4477,1,call,-0.09298961896254075,call_relative_move,put
,,,,,,24,120,-0.04260335176324178,-0.14401470468548858,"{""not_large"":4212,""both_correct"":76,""source_led_correction"":116,""persistent_disagreement"":51,""target_led_correction"":22}",diagnostic_2,500,call_to_put_disequilibrium,,,265,7.273935022179557,100.0,-0.33787793859574067,-0.06579181304693753,0.24958266690258907,,False,"[0,0,520,3692,265]","[null,null,3.3519783755764365e-05,1.1106725176241358e-06,-6.325371071415128e-05]",4477,1,call,-0.09298961896254075,call_relative_move,put
,,,,,,60,300,-0.05339561394304241,-0.136097568624379,"{""not_large"":4212,""both_correct"":76,""source_led_correction"":116,""persistent_disagreement"":51,""target_led_correction"":22}",diagnostic_2,500,call_to_put_disequilibrium,,,265,7.273935022179557,100.0,-0.33787793859574067,-0.06579181304693753,0.24958266690258907,,False,"[0,0,520,3692,265]","[null,null,3.3519783755764365e-05,1.1106725176241358e-06,-6.325371071415128e-05]",4477,1,call,-0.09298961896254075,call_relative_move,put
,,,,,,12,60,0.1471421536455717,0.05537823742432663,"{""not_large"":4212,""both_correct"":76,""source_led_correction"":116,""persistent_disagreement"":51,""target_led_correction"":22}",diagnostic_2,500,call_to_put_disequilibrium,,,265,7.273935022179557,100.0,-0.33787793859574067,-0.06579181304693753,0.24958266690258907,,False,"[0,0,520,3692,265]","[null,null,-4.311482860850027e-05,-8.908442861298634e-07,8.224068420394411e-05]",4477,1,call,0.09950224387583836,put_relative_move,put
,,,,,,24,120,0.1467691059702424,0.0490686476030939,"{""not_large"":4212,""both_correct"":76,""source_led_correction"":116,""persistent_disagreement"":51,""target_led_correction"":22}",diagnostic_2,500,call_to_put_disequilibrium,,,265,7.273935022179557,100.0,-0.33787793859574067,-0.06579181304693753,0.24958266690258907,,False,"[0,0,520,3692,265]","[null,null,-4.311482860850027e-05,-8.908442861298634e-07,8.224068420394411e-05]",4477,1,call,0.09950224387583836,put_relative_move,put
,,,,,,60,300,0.1452551918144289,0.05576963557904138,"{""not_large"":4212,""both_correct"":76,""source_led_correction"":116,""persistent_disagreement"":51,""target_led_correction"":22}",diagnostic_2,500,call_to_put_disequilibrium,,,265,7.273935022179557,100.0,-0.33787793859574067,-0.06579181304693753,0.24958266690258907,,False,"[0,0,520,3692,265]","[null,null,-4.311482860850027e-05,-8.908442861298634e-07,8.224068420394411e-05]",4477,1,call,0.09950224387583836,put_relative_move,put
,,,,,,12,60,0.05897727631056919,-0.025601399791715152,"{""not_large"":4212,""both_correct"":76,""source_led_correction"":116,""persistent_disagreement"":51,""target_led_correction"":22}",diagnostic_2,500,call_to_put_disequilibrium,,,265,7.273935022179557,100.0,-0.33787793859574067,-0.06579181304693753,0.24958266690258907,,False,"[0,0,520,3692,265]","[null,null,0.00018753084945134245,0.0001721441643784289,0.00025978386138548267]",4477,1,call,0.012599590047942172,call_put_relative_correction,put
,,,,,,24,120,0.05539079328176022,-0.023363004200641926,"{""not_large"":4212,""both_correct"":76,""source_led_correction"":116,""persistent_disagreement"":51,""target_led_correction"":22}",diagnostic_2,500,call_to_put_disequilibrium,,,265,7.273935022179557,100.0,-0.33787793859574067,-0.06579181304693753,0.24958266690258907,,False,"[0,0,520,3692,265]","[null,null,0.00018753084945134245,0.0001721441643784289,0.00025978386138548267]",4477,1,call,0.012599590047942172,call_put_relative_correction,put
,,,,,,60,300,0.06493128207663632,-0.025379973307131043,"{""not_large"":4212,""both_correct"":76,""source_led_correction"":116,""persistent_disagreement"":51,""target_led_correction"":22}",diagnostic_2,500,call_to_put_disequilibrium,,,265,7.273935022179557,100.0,-0.33787793859574067,-0.06579181304693753,0.24958266690258907,,False,"[0,0,520,3692,265]","[null,null,0.00018753084945134245,0.0001721441643784289,0.00025978386138548267]",4477,1,call,0.012599590047942172,call_put_relative_correction,put
,,,,,,12,60,0.042316218985096916,-0.013608630610963427,"{""not_large"":4212,""both_correct"":76,""source_led_correction"":116,""persistent_disagreement"":51,""target_led_correction"":22}",diagnostic_2,500,call_to_put_disequilibrium,,,265,7.273935022179557,100.0,-0.33787793859574067,-0.06579181304693753,0.24958266690258907,,False,"[0,0,520,3692,265]","[null,null,-0.000557598786858412,0.00012946182524912534,-0.0006105355215522478]",4477,1,call,0.015311543815519508,signed_atm_iv_change,put
,,,,,,24,120,0.04460608738150497,-0.014380813572164102,"{""not_large"":4212,""both_correct"":76,""source_led_correction"":116,""persistent_disagreement"":51,""target_led_correction"":22}",diagnostic_2,500,call_to_put_disequilibrium,,,265,7.273935022179557,100.0,-0.33787793859574067,-0.06579181304693753,0.24958266690258907,,False,"[0,0,520,3692,265]","[null,null,-0.000557598786858412,0.00012946182524912534,-0.0006105355215522478]",4477,1,call,0.015311543815519508,signed_atm_iv_change,put
,,,,,,60,300,0.03577869769357943,-0.007383307556052534,"{""not_large"":4212,""both_correct"":76,""source_led_correction"":116,""persistent_disagreement"":51,""target_led_correction"":22}",diagnostic_2,500,call_to_put_disequilibrium,,,265,7.273935022179557,100.0,-0.33787793859574067,-0.06579181304693753,0.24958266690258907,,False,"[0,0,520,3692,265]","[null,null,-0.000557598786858412,0.00012946182524912534,-0.0006105355215522478]",4477,1,call,0.015311543815519508,signed_atm_iv_change,put
,,,,,,12,60,0.00016718588689064928,-0.08552736987723643,"{""not_large"":4212,""both_correct"":76,""source_led_correction"":116,""persistent_disagreement"":51,""target_led_correction"":22}",diagnostic_2,500,call_to_put_disequilibrium,,,265,7.273935022179557,100.0,-0.33787793859574067,-0.06579181304693753,0.24958266690258907,,False,"[0,0,520,3692,265]","[null,null,1.8909667512791481e-06,5.571258734089458e-08,-3.016083236324671e-06]",4477,1,call,-0.040622319983969236,parity_restoration,put
,,,,,,24,120,0.00024873496422319426,-0.07619118302851659,"{""not_large"":4212,""both_correct"":76,""source_led_correction"":116,""persistent_disagreement"":51,""target_led_correction"":22}",diagnostic_2,500,call_to_put_disequilibrium,,,265,7.273935022179557,100.0,-0.33787793859574067,-0.06579181304693753,0.24958266690258907,,False,"[0,0,520,3692,265]","[null,null,1.8909667512791481e-06,5.571258734089458e-08,-3.016083236324671e-06]",4477,1,call,-0.040622319983969236,parity_restoration,put
,,,,,,60,300,-0.005048831612418757,-0.0720725623452362,"{""not_large"":4212,""both_correct"":76,""source_led_correction"":116,""persistent_disagreement"":51,""target_led_correction"":22}",diagnostic_2,500,call_to_put_disequilibrium,,,265,7.273935022179557,100.0,-0.33787793859574067,-0.06579181304693753,0.24958266690258907,,False,"[0,0,520,3692,265]","[null,null,1.8909667512791481e-06,5.571258734089458e-08,-3.016083236324671e-06]",4477,1,call,-0.040622319983969236,parity_restoration,put
,,,,,,12,60,0.06499951688548813,-0.02659358066495439,"{""not_large"":4212,""both_correct"":76,""source_led_correction"":116,""persistent_disagreement"":51,""target_led_correction"":22}",diagnostic_2,500,call_to_put_disequilibrium,,,265,7.273935022179557,100.0,-0.33787793859574067,-0.06579181304693753,0.24958266690258907,,False,"[0,0,520,3692,265]","[null,null,-9.158941415640025e-06,-6.875909162626752e-06,-2.1952503132370283e-07]",4477,1,call,0.01632218921066062,signed_futures_return,put
,,,,,,24,120,0.06297505981576816,-0.023894909764601315,"{""not_large"":4212,""both_correct"":76,""source_led_correction"":116,""persistent_disagreement"":51,""target_led_correction"":22}",diagnostic_2,500,call_to_put_disequilibrium,,,265,7.273935022179557,100.0,-0.33787793859574067,-0.06579181304693753,0.24958266690258907,,False,"[0,0,520,3692,265]","[null,null,-9.158941415640025e-06,-6.875909162626752e-06,-2.1952503132370283e-07]",4477,1,call,0.01632218921066062,signed_futures_return,put
,,,,,,60,300,0.06221423775249444,-0.025692022724732925,"{""not_large"":4212,""both_correct"":76,""source_led_correction"":116,""persistent_disagreement"":51,""target_led_correction"":22}",diagnostic_2,500,call_to_put_disequilibrium,,,265,7.273935022179557,100.0,-0.33787793859574067,-0.06579181304693753,0.24958266690258907,,False,"[0,0,520,3692,265]","[null,null,-9.158941415640025e-06,-6.875909162626752e-06,-2.1952503132370283e-07]",4477,1,call,0.01632218921066062,signed_futures_return,put
,,,,,,12,60,0.0264059168822208,-0.03778426858711041,"{""not_large"":4212,""both_correct"":76,""source_led_correction"":116,""persistent_disagreement"":51,""target_led_correction"":22}",diagnostic_2,500,call_to_put_disequilibrium,,,265,7.273935022179557,100.0,-0.33787793859574067,-0.06579181304693753,0.24958266690258907,,False,"[0,0,520,3692,265]","[null,null,-2.0783757414532234e-05,7.902402131930362e-06,-6.282508260963643e-05]",4477,1,call,-0.005429793809618504,surface_residual_restoration,put
,,,,,,24,120,0.02327664457938113,-0.034774976437128985,"{""not_large"":4212,""both_correct"":76,""source_led_correction"":116,""persistent_disagreement"":51,""target_led_correction"":22}",diagnostic_2,500,call_to_put_disequilibrium,,,265,7.273935022179557,100.0,-0.33787793859574067,-0.06579181304693753,0.24958266690258907,,False,"[0,0,520,3692,265]","[null,null,-2.0783757414532234e-05,7.902402131930362e-06,-6.282508260963643e-05]",4477,1,call,-0.005429793809618504,surface_residual_restoration,put
,,,,,,60,300,0.01620564537009971,-0.02846464208417722,"{""not_large"":4212,""both_correct"":76,""source_led_correction"":116,""persistent_disagreement"":51,""target_led_correction"":22}",diagnostic_2,500,call_to_put_disequilibrium,,,265,7.273935022179557,100.0,-0.33787793859574067,-0.06579181304693753,0.24958266690258907,,False,"[0,0,520,3692,265]","[null,null,-2.0783757414532234e-05,7.902402131930362e-06,-6.282508260963643e-05]",4477,1,call,-0.005429793809618504,surface_residual_restoration,put
-8.860007379228113,-8.908911274676063,-10.213917567329066,-9.380772652396036,-9.392235627771093,-10.24420262862541,,,,,,diagnostic_2,,call_to_put_increment,0.04890389544794971,0.011462975375057027,,,,,,,"{""base_to_candidate"":{""60s"":{""mean_mae_reduction"":4.423560245260279e-06,""ci_low"":4.0465818031314626e-06,""ci_high"":4.802589480918695e-06,""positive_probability"":1.0,""block_rows"":12,""draws"":500},""120s"":{""mean_mae_reduction"":4.423560245260279e-06,""ci_low"":3.9572003423283944e-06,""ci_high"":4.92316521428088e-06,""positive_probability"":1.0,""block_rows"":24,""draws"":500},""300s"":{""mean_mae_reduction"":4.423560245260279e-06,""ci_low"":3.806179980772512e-06,""ci_high"":5.059782743088778e-06,""positive_probability"":1.0,""block_rows"":60,""draws"":500}},""base_pca_to_candidate"":{""60s"":{""mean_mae_reduction"":1.6743291903993153e-06,""ci_low"":1.2857227082047497e-06,""ci_high"":2.0728910059543973e-06,""positive_probability"":1.0,""block_rows"":12,""draws"":500},""120s"":{""mean_mae_reduction"":1.6743291903993153e-06,""ci_low"":1.2321606344627694e-06,""ci_high"":2.1961659095552137e-06,""positive_probability"":1.0,""block_rows"":24,""draws"":500},""300s"":{""mean_mae_reduction"":1.6743291903993153e-06,""ci_low"":1.0597690735793758e-06,""ci_high"":2.341380603651004e-06,""positive_probability"":1.0,""block_rows"":60,""draws"":500}},""comparator_to_candidate"":{""60s"":{""mean_mae_reduction"":7.143103513151031e-06,""ci_low"":6.586847358227986e-06,""ci_high"":7.664610559635112e-06,""positive_probability"":1.0,""block_rows"":12,""draws"":500},""120s"":{""mean_mae_reduction"":7.143103513151031e-06,""ci_low"":6.483694539278726e-06,""ci_high"":7.810525831178097e-06,""positive_probability"":1.0,""block_rows"":24,""draws"":500},""300s"":{""mean_mae_reduction"":7.143103513151031e-06,""ci_low"":6.27301842367631e-06,""ci_high"":8.04994235281089e-06,""positive_probability"":1.0,""block_rows"":60,""draws"":500}}}",,,,,1,call,,call_put_relative_correction,put
-18.61160709159814,-18.60553046310387,-1.286154139897639,-2.413138937706704,-1.3735838574380579,-1.2866054086850411,,,,,,diagnostic_2,,call_to_put_increment,-0.006076628494270153,-1.039555080268646,,,,,,,"{""base_to_candidate"":{""60s"":{""mean_mae_reduction"":6.5427273092199695e-09,""ci_low"":3.901227860673884e-09,""ci_high"":9.455505467942668e-09,""positive_probability"":1.0,""block_rows"":12,""draws"":500},""120s"":{""mean_mae_reduction"":6.5427273092199695e-09,""ci_low"":2.7860827297530567e-09,""ci_high"":9.973178270641335e-09,""positive_probability"":1.0,""block_rows"":24,""draws"":500},""300s"":{""mean_mae_reduction"":6.5427273092199695e-09,""ci_low"":1.7942908795068072e-09,""ci_high"":1.1674823742360623e-08,""positive_probability"":0.998,""block_rows"":60,""draws"":500}},""base_pca_to_candidate"":{""60s"":{""mean_mae_reduction"":-1.5072004984601062e-05,""ci_low"":-1.7671317867284774e-05,""ci_high"":-1.2738113011271427e-05,""positive_probability"":0.0,""block_rows"":12,""draws"":500},""120s"":{""mean_mae_reduction"":-1.5072004984601062e-05,""ci_low"":-1.7619911673024046e-05,""ci_high"":-1.235946416580034e-05,""positive_probability"":0.0,""block_rows"":24,""draws"":500},""300s"":{""mean_mae_reduction"":-1.5072004984601062e-05,""ci_low"":-1.877326080827226e-05,""ci_high"":-1.133592626059381e-05,""positive_probability"":0.0,""block_rows"":60,""draws"":500}},""comparator_to_candidate"":{""60s"":{""mean_mae_reduction"":-8.81020897243629e-08,""ci_low"":-9.204601360311542e-08,""ci_high"":-8.434629991722112e-08,""positive_probability"":0.0,""block_rows"":12,""draws"":500},""120s"":{""mean_mae_reduction"":-8.81020897243629e-08,""ci_low"":-9.354393957806132e-08,""ci_high"":-8.322459851925713e-08,""positive_probability"":0.0,""block_rows"":24,""draws"":500},""300s"":{""mean_mae_reduction"":-8.81020897243629e-08,""ci_low"":-9.542511219041236e-08,""ci_high"":-8.111436669313757e-08,""positive_probability"":0.0,""block_rows"":60,""draws"":500}}}",,,,,1,call,,parity_restoration,put
,,,,,,12,60,0.05677697512212914,-0.07265513553616804,"{""not_large"":1825,""source_led_correction"":165,""both_correct"":197,""persistent_disagreement"":88,""target_led_correction"":67}",diagnostic_1,500,call_to_put_disequilibrium,,,517,7.402167237840094,100.0,-0.3934753201206865,0.020188516819033796,0.29366997311234294,,False,"[0,0,288,1537,517]","[null,null,7.051526659375263e-07,-1.2127702108056575e-06,7.809956046451798e-06]",2342,7,call,-0.011956642578394128,call_relative_move,put
,,,,,,24,120,0.0519601704886391,-0.07392814060363156,"{""not_large"":1825,""source_led_correction"":165,""both_correct"":197,""persistent_disagreement"":88,""target_led_correction"":67}",diagnostic_1,500,call_to_put_disequilibrium,,,517,7.402167237840094,100.0,-0.3934753201206865,0.020188516819033796,0.29366997311234294,,False,"[0,0,288,1537,517]","[null,null,7.051526659375263e-07,-1.2127702108056575e-06,7.809956046451798e-06]",2342,7,call,-0.011956642578394128,call_relative_move,put
,,,,,,60,300,0.05925444662077688,-0.06762033270426283,"{""not_large"":1825,""source_led_correction"":165,""both_correct"":197,""persistent_disagreement"":88,""target_led_correction"":67}",diagnostic_1,500,call_to_put_disequilibrium,,,517,7.402167237840094,100.0,-0.3934753201206865,0.020188516819033796,0.29366997311234294,,False,"[0,0,288,1537,517]","[null,null,7.051526659375263e-07,-1.2127702108056575e-06,7.809956046451798e-06]",2342,7,call,-0.011956642578394128,call_relative_move,put
,,,,,,12,60,0.08096216573564254,-0.04488100907128541,"{""not_large"":1825,""source_led_correction"":165,""both_correct"":197,""persistent_disagreement"":88,""target_led_correction"":67}",diagnostic_1,500,call_to_put_disequilibrium,,,517,7.402167237840094,100.0,-0.3934753201206865,0.020188516819033796,0.29366997311234294,,False,"[0,0,288,1537,517]","[null,null,-4.171054267014067e-06,-2.460391245535154e-07,-9.891916628444218e-06]",2342,7,call,0.019365796972580326,put_relative_move,put
,,,,,,24,120,0.08187073937045257,-0.0432129908904757,"{""not_large"":1825,""source_led_correction"":165,""both_correct"":197,""persistent_disagreement"":88,""target_led_correction"":67}",diagnostic_1,500,call_to_put_disequilibrium,,,517,7.402167237840094,100.0,-0.3934753201206865,0.020188516819033796,0.29366997311234294,,False,"[0,0,288,1537,517]","[null,null,-4.171054267014067e-06,-2.460391245535154e-07,-9.891916628444218e-06]",2342,7,call,0.019365796972580326,put_relative_move,put
,,,,,,60,300,0.07489945485394743,-0.045763832622493006,"{""not_large"":1825,""source_led_correction"":165,""both_correct"":197,""persistent_disagreement"":88,""target_led_correction"":67}",diagnostic_1,500,call_to_put_disequilibrium,,,517,7.402167237840094,100.0,-0.3934753201206865,0.020188516819033796,0.29366997311234294,,False,"[0,0,288,1537,517]","[null,null,-4.171054267014067e-06,-2.460391245535154e-07,-9.891916628444218e-06]",2342,7,call,0.019365796972580326,put_relative_move,put
,,,,,,12,60,0.07793147888766622,-0.03942554273037419,"{""not_large"":1825,""source_led_correction"":165,""both_correct"":197,""persistent_disagreement"":88,""target_led_correction"":67}",diagnostic_1,500,call_to_put_disequilibrium,,,517,7.402167237840094,100.0,-0.3934753201206865,0.020188516819033796,0.29366997311234294,,False,"[0,0,288,1537,517]","[null,null,0.00010765940613863576,9.926216803774694e-05,0.00011619952902723846]",2342,7,call,0.011610171064494265,call_put_relative_correction,put
,,,,,,24,120,0.09748027216881698,-0.055457325553052154,"{""not_large"":1825,""source_led_correction"":165,""both_correct"":197,""persistent_disagreement"":88,""target_led_correction"":67}",diagnostic_1,500,call_to_put_disequilibrium,,,517,7.402167237840094,100.0,-0.3934753201206865,0.020188516819033796,0.29366997311234294,,False,"[0,0,288,1537,517]","[null,null,0.00010765940613863576,9.926216803774694e-05,0.00011619952902723846]",2342,7,call,0.011610171064494265,call_put_relative_correction,put
,,,,,,60,300,0.11538422994804015,-0.04637116864745402,"{""not_large"":1825,""source_led_correction"":165,""both_correct"":197,""persistent_disagreement"":88,""target_led_correction"":67}",diagnostic_1,500,call_to_put_disequilibrium,,,517,7.402167237840094,100.0,-0.3934753201206865,0.020188516819033796,0.29366997311234294,,False,"[0,0,288,1537,517]","[null,null,0.00010765940613863576,9.926216803774694e-05,0.00011619952902723846]",2342,7,call,0.011610171064494265,call_put_relative_correction,put
,,,,,,12,60,0.008574971283472387,-0.07247387292275206,"{""not_large"":1825,""source_led_correction"":165,""both_correct"":197,""persistent_disagreement"":88,""target_led_correction"":67}",diagnostic_1,500,call_to_put_disequilibrium,,,517,7.402167237840094,100.0,-0.3934753201206865,0.020188516819033796,0.29366997311234294,,False,"[0,0,288,1537,517]","[null,null,0.0007594619463715288,-5.693983822266002e-06,-0.00044697096546106687]",2342,7,call,-0.03549679858554345,signed_atm_iv_change,put
,,,,,,24,120,0.0014102597155435089,-0.07820263657895021,"{""not_large"":1825,""source_led_correction"":165,""both_correct"":197,""persistent_disagreement"":88,""target_led_correction"":67}",diagnostic_1,500,call_to_put_disequilibrium,,,517,7.402167237840094,100.0,-0.3934753201206865,0.020188516819033796,0.29366997311234294,,False,"[0,0,288,1537,517]","[null,null,0.0007594619463715288,-5.693983822266002e-06,-0.00044697096546106687]",2342,7,call,-0.03549679858554345,signed_atm_iv_change,put
,,,,,,60,300,0.003544753858322363,-0.07231425450317028,"{""not_large"":1825,""source_led_correction"":165,""both_correct"":197,""persistent_disagreement"":88,""target_led_correction"":67}",diagnostic_1,500,call_to_put_disequilibrium,,,517,7.402167237840094,100.0,-0.3934753201206865,0.020188516819033796,0.29366997311234294,,False,"[0,0,288,1537,517]","[null,null,0.0007594619463715288,-5.693983822266002e-06,-0.00044697096546106687]",2342,7,call,-0.03549679858554345,signed_atm_iv_change,put
,,,,,,12,60,0.0685006872954527,-0.04145210538206164,"{""not_large"":1825,""source_led_correction"":165,""both_correct"":197,""persistent_disagreement"":88,""target_led_correction"":67}",diagnostic_1,500,call_to_put_disequilibrium,,,517,7.402167237840094,100.0,-0.3934753201206865,0.020188516819033796,0.29366997311234294,,False,"[0,0,288,1537,517]","[null,null,-1.336050180119249e-07,1.1348237360822474e-07,1.3746973645028512e-06]",2342,7,call,0.014546410208466238,parity_restoration,put
,,,,,,24,120,0.06916847310793046,-0.04398608455052041,"{""not_large"":1825,""source_led_correction"":165,""both_correct"":197,""persistent_disagreement"":88,""target_led_correction"":67}",diagnostic_1,500,call_to_put_disequilibrium,,,517,7.402167237840094,100.0,-0.3934753201206865,0.020188516819033796,0.29366997311234294,,False,"[0,0,288,1537,517]","[null,null,-1.336050180119249e-07,1.1348237360822474e-07,1.3746973645028512e-06]",2342,7,call,0.014546410208466238,parity_restoration,put
,,,,,,60,300,0.06999931608756056,-0.031936807468569736,"{""not_large"":1825,""source_led_correction"":165,""both_correct"":197,""persistent_disagreement"":88,""target_led_correction"":67}",diagnostic_1,500,call_to_put_disequilibrium,,,517,7.402167237840094,100.0,-0.3934753201206865,0.020188516819033796,0.29366997311234294,,False,"[0,0,288,1537,517]","[null,null,-1.336050180119249e-07,1.1348237360822474e-07,1.3746973645028512e-06]",2342,7,call,0.014546410208466238,parity_restoration,put
,,,,,,12,60,0.054596454986377205,-0.07704751286459925,"{""not_large"":1825,""source_led_correction"":165,""both_correct"":197,""persistent_disagreement"":88,""target_led_correction"":67}",diagnostic_1,500,call_to_put_disequilibrium,,,517,7.402167237840094,100.0,-0.3934753201206865,0.020188516819033796,0.29366997311234294,,False,"[0,0,288,1537,517]","[null,null,5.0763289133707685e-06,-1.828547957351476e-06,-1.1030894414138055e-05]",2342,7,call,-0.01533756071523884,signed_futures_return,put
,,,,,,24,120,0.05379445122128445,-0.08482303046906832,"{""not_large"":1825,""source_led_correction"":165,""both_correct"":197,""persistent_disagreement"":88,""target_led_correction"":67}",diagnostic_1,500,call_to_put_disequilibrium,,,517,7.402167237840094,100.0,-0.3934753201206865,0.020188516819033796,0.29366997311234294,,False,"[0,0,288,1537,517]","[null,null,5.0763289133707685e-06,-1.828547957351476e-06,-1.1030894414138055e-05]",2342,7,call,-0.01533756071523884,signed_futures_return,put
,,,,,,60,300,0.04931232517659929,-0.09141486908627801,"{""not_large"":1825,""source_led_correction"":165,""both_correct"":197,""persistent_disagreement"":88,""target_led_correction"":67}",diagnostic_1,500,call_to_put_disequilibrium,,,517,7.402167237840094,100.0,-0.3934753201206865,0.020188516819033796,0.29366997311234294,,False,"[0,0,288,1537,517]","[null,null,5.0763289133707685e-06,-1.828547957351476e-06,-1.1030894414138055e-05]",2342,7,call,-0.01533756071523884,signed_futures_return,put
,,,,,,12,60,0.01926218535963178,-0.06849101323103468,"{""not_large"":1825,""source_led_correction"":165,""both_correct"":197,""persistent_disagreement"":88,""target_led_correction"":67}",diagnostic_1,500,call_to_put_disequilibrium,,,517,7.402167237840094,100.0,-0.3934753201206865,0.020188516819033796,0.29366997311234294,,False,"[0,0,288,1537,517]","[null,null,3.5390119516402288e-06,1.0875823871235902e-05,-2.3814163553720788e-05]",2342,7,call,-0.022748256149827797,surface_residual_restoration,put
,,,,,,24,120,0.020570288242998797,-0.07272109687250829,"{""not_large"":1825,""source_led_correction"":165,""both_correct"":197,""persistent_disagreement"":88,""target_led_correction"":67}",diagnostic_1,500,call_to_put_disequilibrium,,,517,7.402167237840094,100.0,-0.3934753201206865,0.020188516819033796,0.29366997311234294,,False,"[0,0,288,1537,517]","[null,null,3.5390119516402288e-06,1.0875823871235902e-05,-2.3814163553720788e-05]",2342,7,call,-0.022748256149827797,surface_residual_restoration,put
,,,,,,60,300,0.01261285994789396,-0.06258160254960932,"{""not_large"":1825,""source_led_correction"":165,""both_correct"":197,""persistent_disagreement"":88,""target_led_correction"":67}",diagnostic_1,500,call_to_put_disequilibrium,,,517,7.402167237840094,100.0,-0.3934753201206865,0.020188516819033796,0.29366997311234294,,False,"[0,0,288,1537,517]","[null,null,3.5390119516402288e-06,1.0875823871235902e-05,-2.3814163553720788e-05]",2342,7,call,-0.022748256149827797,surface_residual_restoration,put
-12.313698426759561,-12.283314325037784,-15.273839473387813,-13.552618368508211,-13.539999958284415,-15.249422490424635,,,,,,diagnostic_1,,call_to_put_increment,-0.030384101721777412,-0.012618410223796062,,,,,,,"{""base_to_candidate"":{""60s"":{""mean_mae_reduction"":-1.7823641282186543e-06,""ci_low"":-1.952516553672042e-06,""ci_high"":-1.6057339172557688e-06,""positive_probability"":0.0,""block_rows"":12,""draws"":500},""120s"":{""mean_mae_reduction"":-1.7823641282186543e-06,""ci_low"":-1.9899273516590454e-06,""ci_high"":-1.5482087655384768e-06,""positive_probability"":0.0,""block_rows"":24,""draws"":500},""300s"":{""mean_mae_reduction"":-1.7823641282186543e-06,""ci_low"":-2.053389098386029e-06,""ci_high"":-1.5139925540673943e-06,""positive_probability"":0.0,""block_rows"":60,""draws"":500}},""base_pca_to_candidate"":{""60s"":{""mean_mae_reduction"":-9.211048626261832e-07,""ci_low"":-1.0192747220666068e-06,""ci_high"":-8.234278561178573e-07,""positive_probability"":0.0,""block_rows"":12,""draws"":500},""120s"":{""mean_mae_reduction"":-9.211048626261832e-07,""ci_low"":-1.065426443251452e-06,""ci_high"":-7.916653773767404e-07,""positive_probability"":0.0,""block_rows"":24,""draws"":500},""300s"":{""mean_mae_reduction"":-9.211048626261832e-07,""ci_low"":-1.0897714968955593e-06,""ci_high"":-7.476351060175846e-07,""positive_probability"":0.0,""block_rows"":60,""draws"":500}},""comparator_to_candidate"":{""60s"":{""mean_mae_reduction"":-2.217945315304421e-06,""ci_low"":-2.3844553136720755e-06,""ci_high"":-2.0277631226093468e-06,""positive_probability"":0.0,""block_rows"":12,""draws"":500},""120s"":{""mean_mae_reduction"":-2.217945315304421e-06,""ci_low"":-2.448300217575881e-06,""ci_high"":-2.004388101458698e-06,""positive_probability"":0.0,""block_rows"":24,""draws"":500},""300s"":{""mean_mae_reduction"":-2.217945315304421e-06,""ci_low"":-2.516660769680716e-06,""ci_high"":-1.9552897286469245e-06,""positive_probability"":0.0,""block_rows"":60,""draws"":500}}}",,,,,7,call,,call_put_relative_correction,put
-18.0704784308047,-18.032999617814426,-1.5396894824657594,-2.673669540836934,-1.530886564034113,-1.550979653461845,,,,,,diagnostic_1,,call_to_put_increment,-0.03747881299027611,-1.1427829768028213,,,,,,,"{""base_to_candidate"":{""60s"":{""mean_mae_reduction"":1.517211608173297e-07,""ci_low"":1.315771641658098e-07,""ci_high"":1.7326873121311512e-07,""positive_probability"":1.0,""block_rows"":12,""draws"":500},""120s"":{""mean_mae_reduction"":1.517211608173297e-07,""ci_low"":1.2919384305708547e-07,""ci_high"":1.773793219953993e-07,""positive_probability"":1.0,""block_rows"":24,""draws"":500},""300s"":{""mean_mae_reduction"":1.517211608173297e-07,""ci_low"":1.2158138392978788e-07,""ci_high"":1.818099649664326e-07,""positive_probability"":1.0,""block_rows"":60,""draws"":500}},""base_pca_to_candidate"":{""60s"":{""mean_mae_reduction"":-1.5357106625127092e-05,""ci_low"":-1.79458423998333e-05,""ci_high"":-1.288626724448549e-05,""positive_probability"":0.0,""block_rows"":12,""draws"":500},""120s"":{""mean_mae_reduction"":-1.5357106625127092e-05,""ci_low"":-1.855320073343911e-05,""ci_high"":-1.2998191314145349e-05,""positive_probability"":0.0,""block_rows"":24,""draws"":500},""300s"":{""mean_mae_reduction"":-1.5357106625127092e-05,""ci_low"":-1.9003531595290947e-05,""ci_high"":-1.1966738049972378e-05,""positive_probability"":0.0,""block_rows"":60,""draws"":500}},""comparator_to_candidate"":{""60s"":{""mean_mae_reduction"":-5.036530460797878e-07,""ci_low"":-5.241601061779032e-07,""ci_high"":-4.821467147223501e-07,""positive_probability"":0.0,""block_rows"":12,""draws"":500},""120s"":{""mean_mae_reduction"":-5.036530460797878e-07,""ci_low"":-5.343153526672748e-07,""ci_high"":-4.7301456025406345e-07,""positive_probability"":0.0,""block_rows"":24,""draws"":500},""300s"":{""mean_mae_reduction"":-5.036530460797878e-07,""ci_low"":-5.456161909968554e-07,""ci_high"":-4.662784907190034e-07,""positive_probability"":0.0,""block_rows"":60,""draws"":500}}}",,,,,7,call,,parity_restoration,put
,,,,,,12,60,0.018954502134223103,-0.06553687566268422,"{""not_large"":3014,""source_led_correction"":490,""persistent_disagreement"":224,""both_correct"":535,""target_led_correction"":214}",diagnostic_2,500,call_to_put_disequilibrium,,,1463,7.402167237840094,100.0,-0.35642850687166167,0.016520836198037944,0.25520689850936906,,False,"[0,0,338,2676,1463]","[null,null,-1.9238385876100622e-05,5.384286157703319e-06,-2.144304978179345e-06]",4477,7,call,-0.024784814780632426,call_relative_move,put
,,,,,,24,120,0.016501154770077586,-0.0687154038805782,"{""not_large"":3014,""source_led_correction"":490,""persistent_disagreement"":224,""both_correct"":535,""target_led_correction"":214}",diagnostic_2,500,call_to_put_disequilibrium,,,1463,7.402167237840094,100.0,-0.35642850687166167,0.016520836198037944,0.25520689850936906,,False,"[0,0,338,2676,1463]","[null,null,-1.9238385876100622e-05,5.384286157703319e-06,-2.144304978179345e-06]",4477,7,call,-0.024784814780632426,call_relative_move,put
,,,,,,60,300,0.015888656042391692,-0.06265088330659527,"{""not_large"":3014,""source_led_correction"":490,""persistent_disagreement"":224,""both_correct"":535,""target_led_correction"":214}",diagnostic_2,500,call_to_put_disequilibrium,,,1463,7.402167237840094,100.0,-0.35642850687166167,0.016520836198037944,0.25520689850936906,,False,"[0,0,338,2676,1463]","[null,null,-1.9238385876100622e-05,5.384286157703319e-06,-2.144304978179345e-06]",4477,7,call,-0.024784814780632426,call_relative_move,put
,,,,,,12,60,0.06187796959767644,-0.021633411028252104,"{""not_large"":3014,""source_led_correction"":490,""persistent_disagreement"":224,""both_correct"":535,""target_led_correction"":214}",diagnostic_2,500,call_to_put_disequilibrium,,,1463,7.402167237840094,100.0,-0.35642850687166167,0.016520836198037944,0.25520689850936906,,False,"[0,0,338,2676,1463]","[null,null,2.560869049413141e-05,-7.363234128752899e-06,4.875837645085397e-06]",4477,7,call,0.02275636215857881,put_relative_move,put
,,,,,,24,120,0.06304833657883911,-0.020109859258157572,"{""not_large"":3014,""source_led_correction"":490,""persistent_disagreement"":224,""both_correct"":535,""target_led_correction"":214}",diagnostic_2,500,call_to_put_disequilibrium,,,1463,7.402167237840094,100.0,-0.35642850687166167,0.016520836198037944,0.25520689850936906,,False,"[0,0,338,2676,1463]","[null,null,2.560869049413141e-05,-7.363234128752899e-06,4.875837645085397e-06]",4477,7,call,0.02275636215857881,put_relative_move,put
,,,,,,60,300,0.06215278775545311,-0.018765810617142865,"{""not_large"":3014,""source_led_correction"":490,""persistent_disagreement"":224,""both_correct"":535,""target_led_correction"":214}",diagnostic_2,500,call_to_put_disequilibrium,,,1463,7.402167237840094,100.0,-0.35642850687166167,0.016520836198037944,0.25520689850936906,,False,"[0,0,338,2676,1463]","[null,null,2.560869049413141e-05,-7.363234128752899e-06,4.875837645085397e-06]",4477,7,call,0.02275636215857881,put_relative_move,put
,,,,,,12,60,0.031214611301335987,-0.05477038549354633,"{""not_large"":3014,""source_led_correction"":490,""persistent_disagreement"":224,""both_correct"":535,""target_led_correction"":214}",diagnostic_2,500,call_to_put_disequilibrium,,,1463,7.402167237840094,100.0,-0.35642850687166167,0.016520836198037944,0.25520689850936906,,False,"[0,0,338,2676,1463]","[null,null,0.00017959287234433217,0.0001763227989622886,0.00018412359466270803]",4477,7,call,-0.014461789647552577,call_put_relative_correction,put
,,,,,,24,120,0.03457372903989178,-0.05827956140881902,"{""not_large"":3014,""source_led_correction"":490,""persistent_disagreement"":224,""both_correct"":535,""target_led_correction"":214}",diagnostic_2,500,call_to_put_disequilibrium,,,1463,7.402167237840094,100.0,-0.35642850687166167,0.016520836198037944,0.25520689850936906,,False,"[0,0,338,2676,1463]","[null,null,0.00017959287234433217,0.0001763227989622886,0.00018412359466270803]",4477,7,call,-0.014461789647552577,call_put_relative_correction,put
,,,,,,60,300,0.03275288122930984,-0.06199950085077425,"{""not_large"":3014,""source_led_correction"":490,""persistent_disagreement"":224,""both_correct"":535,""target_led_correction"":214}",diagnostic_2,500,call_to_put_disequilibrium,,,1463,7.402167237840094,100.0,-0.35642850687166167,0.016520836198037944,0.25520689850936906,,False,"[0,0,338,2676,1463]","[null,null,0.00017959287234433217,0.0001763227989622886,0.00018412359466270803]",4477,7,call,-0.014461789647552577,call_put_relative_correction,put
,,,,,,12,60,0.025964228178483397,-0.031690529378516775,"{""not_large"":3014,""source_led_correction"":490,""persistent_disagreement"":224,""both_correct"":535,""target_led_correction"":214}",diagnostic_2,500,call_to_put_disequilibrium,,,1463,7.402167237840094,100.0,-0.35642850687166167,0.016520836198037944,0.25520689850936906,,False,"[0,0,338,2676,1463]","[null,null,-0.0006318842474172807,0.00021916868440773456,-0.00023697111921121384]",4477,7,call,-0.006415876380076632,signed_atm_iv_change,put
,,,,,,24,120,0.020858582702424605,-0.03250000559916756,"{""not_large"":3014,""source_led_correction"":490,""persistent_disagreement"":224,""both_correct"":535,""target_led_correction"":214}",diagnostic_2,500,call_to_put_disequilibrium,,,1463,7.402167237840094,100.0,-0.35642850687166167,0.016520836198037944,0.25520689850936906,,False,"[0,0,338,2676,1463]","[null,null,-0.0006318842474172807,0.00021916868440773456,-0.00023697111921121384]",4477,7,call,-0.006415876380076632,signed_atm_iv_change,put
,,,,,,60,300,0.02265343398613423,-0.03129426948291814,"{""not_large"":3014,""source_led_correction"":490,""persistent_disagreement"":224,""both_correct"":535,""target_led_correction"":214}",diagnostic_2,500,call_to_put_disequilibrium,,,1463,7.402167237840094,100.0,-0.35642850687166167,0.016520836198037944,0.25520689850936906,,False,"[0,0,338,2676,1463]","[null,null,-0.0006318842474172807,0.00021916868440773456,-0.00023697111921121384]",4477,7,call,-0.006415876380076632,signed_atm_iv_change,put
,,,,,,12,60,0.015491807763094013,-0.06411676959144545,"{""not_large"":3014,""source_led_correction"":490,""persistent_disagreement"":224,""both_correct"":535,""target_led_correction"":214}",diagnostic_2,500,call_to_put_disequilibrium,,,1463,7.402167237840094,100.0,-0.35642850687166167,0.016520836198037944,0.25520689850936906,,False,"[0,0,338,2676,1463]","[null,null,3.034029897105551e-06,2.2966564253634464e-07,-8.546519748101384e-07]",4477,7,call,-0.023548096873836067,parity_restoration,put
,,,,,,24,120,0.015228185407341005,-0.05726077575252779,"{""not_large"":3014,""source_led_correction"":490,""persistent_disagreement"":224,""both_correct"":535,""target_led_correction"":214}",diagnostic_2,500,call_to_put_disequilibrium,,,1463,7.402167237840094,100.0,-0.35642850687166167,0.016520836198037944,0.25520689850936906,,False,"[0,0,338,2676,1463]","[null,null,3.034029897105551e-06,2.2966564253634464e-07,-8.546519748101384e-07]",4477,7,call,-0.023548096873836067,parity_restoration,put
,,,,,,60,300,0.015033605591631805,-0.05791049082728677,"{""not_large"":3014,""source_led_correction"":490,""persistent_disagreement"":224,""both_correct"":535,""target_led_correction"":214}",diagnostic_2,500,call_to_put_disequilibrium,,,1463,7.402167237840094,100.0,-0.35642850687166167,0.016520836198037944,0.25520689850936906,,False,"[0,0,338,2676,1463]","[null,null,3.034029897105551e-06,2.2966564253634464e-07,-8.546519748101384e-07]",4477,7,call,-0.023548096873836067,parity_restoration,put
,,,,,,12,60,0.04464122982382022,-0.039518791812525135,"{""not_large"":3014,""source_led_correction"":490,""persistent_disagreement"":224,""both_correct"":535,""target_led_correction"":214}",diagnostic_2,500,call_to_put_disequilibrium,,,1463,7.402167237840094,100.0,-0.35642850687166167,0.016520836198037944,0.25520689850936906,,False,"[0,0,338,2676,1463]","[null,null,-1.2267976117557322e-05,-5.055970675207574e-06,-8.564816707629336e-06]",4477,7,call,0.0024147370996281015,signed_futures_return,put
,,,,,,24,120,0.048593887875597444,-0.03628932188534269,"{""not_large"":3014,""source_led_correction"":490,""persistent_disagreement"":224,""both_correct"":535,""target_led_correction"":214}",diagnostic_2,500,call_to_put_disequilibrium,,,1463,7.402167237840094,100.0,-0.35642850687166167,0.016520836198037944,0.25520689850936906,,False,"[0,0,338,2676,1463]","[null,null,-1.2267976117557322e-05,-5.055970675207574e-06,-8.564816707629336e-06]",4477,7,call,0.0024147370996281015,signed_futures_return,put
,,,,,,60,300,0.0435701395159538,-0.036089855026460074,"{""not_large"":3014,""source_led_correction"":490,""persistent_disagreement"":224,""both_correct"":535,""target_led_correction"":214}",diagnostic_2,500,call_to_put_disequilibrium,,,1463,7.402167237840094,100.0,-0.35642850687166167,0.016520836198037944,0.25520689850936906,,False,"[0,0,338,2676,1463]","[null,null,-1.2267976117557322e-05,-5.055970675207574e-06,-8.564816707629336e-06]",4477,7,call,0.0024147370996281015,signed_futures_return,put
,,,,,,12,60,0.02090703731843235,-0.04211988112088958,"{""not_large"":3014,""source_led_correction"":490,""persistent_disagreement"":224,""both_correct"":535,""target_led_correction"":214}",diagnostic_2,500,call_to_put_disequilibrium,,,1463,7.402167237840094,100.0,-0.35642850687166167,0.016520836198037944,0.25520689850936906,,False,"[0,0,338,2676,1463]","[null,null,-4.05511882975174e-05,1.290701737988292e-05,-1.3064531059486897e-05]",4477,7,call,-0.01343844611066919,surface_residual_restoration,put
,,,,,,24,120,0.018605473943409244,-0.04406888937429019,"{""not_large"":3014,""source_led_correction"":490,""persistent_disagreement"":224,""both_correct"":535,""target_led_correction"":214}",diagnostic_2,500,call_to_put_disequilibrium,,,1463,7.402167237840094,100.0,-0.35642850687166167,0.016520836198037944,0.25520689850936906,,False,"[0,0,338,2676,1463]","[null,null,-4.05511882975174e-05,1.290701737988292e-05,-1.3064531059486897e-05]",4477,7,call,-0.01343844611066919,surface_residual_restoration,put
,,,,,,60,300,0.018676567881384037,-0.039032227720548596,"{""not_large"":3014,""source_led_correction"":490,""persistent_disagreement"":224,""both_correct"":535,""target_led_correction"":214}",diagnostic_2,500,call_to_put_disequilibrium,,,1463,7.402167237840094,100.0,-0.35642850687166167,0.016520836198037944,0.25520689850936906,,False,"[0,0,338,2676,1463]","[null,null,-4.05511882975174e-05,1.290701737988292e-05,-1.3064531059486897e-05]",4477,7,call,-0.01343844611066919,surface_residual_restoration,put
-8.924388949942383,-8.908911274676063,-10.25702104096379,-9.399608727446296,-9.392235627771093,-10.24420262862541,,,,,,diagnostic_2,,call_to_put_increment,-0.015477675266319935,-0.00737309967520261,,,,,,,"{""base_to_candidate"":{""60s"":{""mean_mae_reduction"":-1.8723098716082135e-06,""ci_low"":-2.006007830152039e-06,""ci_high"":-1.7426615688670564e-06,""positive_probability"":0.0,""block_rows"":12,""draws"":500},""120s"":{""mean_mae_reduction"":-1.8723098716082135e-06,""ci_low"":-2.041733132625724e-06,""ci_high"":-1.6991505335629222e-06,""positive_probability"":0.0,""block_rows"":24,""draws"":500},""300s"":{""mean_mae_reduction"":-1.8723098716082135e-06,""ci_low"":-2.114651465598568e-06,""ci_high"":-1.630371602043697e-06,""positive_probability"":0.0,""block_rows"":60,""draws"":500}},""base_pca_to_candidate"":{""60s"":{""mean_mae_reduction"":-1.0769451740058451e-06,""ci_low"":-1.1548122947265515e-06,""ci_high"":-9.817477381108898e-07,""positive_probability"":0.0,""block_rows"":12,""draws"":500},""120s"":{""mean_mae_reduction"":-1.0769451740058451e-06,""ci_low"":-1.188646022865768e-06,""ci_high"":-9.70141281832894e-07,""positive_probability"":0.0,""block_rows"":24,""draws"":500},""300s"":{""mean_mae_reduction"":-1.0769451740058451e-06,""ci_low"":-1.244506016848831e-06,""ci_high"":-9.351713596437314e-07,""positive_probability"":0.0,""block_rows"":60,""draws"":500}},""comparator_to_candidate"":{""60s"":{""mean_mae_reduction"":-2.2607327199104406e-06,""ci_low"":-2.3972689117976127e-06,""ci_high"":-2.096758775467257e-06,""positive_probability"":0.0,""block_rows"":12,""draws"":500},""120s"":{""mean_mae_reduction"":-2.2607327199104406e-06,""ci_low"":-2.441385312671801e-06,""ci_high"":-2.082315119338842e-06,""positive_probability"":0.0,""block_rows"":24,""draws"":500},""300s"":{""mean_mae_reduction"":-2.2607327199104406e-06,""ci_low"":-2.5201082863915507e-06,""ci_high"":-2.0114948590413693e-06,""positive_probability"":0.0,""block_rows"":60,""draws"":500}}}",,,,,7,call,,call_put_relative_correction,put
-18.643222245315656,-18.60553046310387,-1.2815602383851274,-2.3775091069573615,-1.3735838574380579,-1.2866054086850411,,,,,,diagnostic_2,,call_to_put_increment,-0.03769178221178393,-1.0039252495193036,,,,,,,"{""base_to_candidate"":{""60s"":{""mean_mae_reduction"":7.314747756204311e-08,""ci_low"":5.83554350035098e-08,""ci_high"":8.911080892157387e-08,""positive_probability"":1.0,""block_rows"":12,""draws"":500},""120s"":{""mean_mae_reduction"":7.314747756204311e-08,""ci_low"":5.441691897823985e-08,""ci_high"":9.163851129744452e-08,""positive_probability"":1.0,""block_rows"":24,""draws"":500},""300s"":{""mean_mae_reduction"":7.314747756204311e-08,""ci_low"":4.8670055525919335e-08,""ci_high"":1.0081839180403971e-07,""positive_probability"":1.0,""block_rows"":60,""draws"":500}},""base_pca_to_candidate"":{""60s"":{""mean_mae_reduction"":-1.4555425346977817e-05,""ci_low"":-1.7204148275123262e-05,""ci_high"":-1.215149263351649e-05,""positive_probability"":0.0,""block_rows"":12,""draws"":500},""120s"":{""mean_mae_reduction"":-1.4555425346977817e-05,""ci_low"":-1.7216040320528487e-05,""ci_high"":-1.1753599093374602e-05,""positive_probability"":0.0,""block_rows"":24,""draws"":500},""300s"":{""mean_mae_reduction"":-1.4555425346977817e-05,""ci_low"":-1.846702650459286e-05,""ci_high"":-1.0751680764755805e-05,""positive_probability"":0.0,""block_rows"":60,""draws"":500}},""comparator_to_candidate"":{""60s"":{""mean_mae_reduction"":-5.46474871949772e-07,""ci_low"":-5.623279090204415e-07,""ci_high"":-5.316748398271655e-07,""positive_probability"":0.0,""block_rows"":12,""draws"":500},""120s"":{""mean_mae_reduction"":-5.46474871949772e-07,""ci_low"":-5.676523720240805e-07,""ci_high"":-5.267241778254003e-07,""positive_probability"":0.0,""block_rows"":24,""draws"":500},""300s"":{""mean_mae_reduction"":-5.46474871949772e-07,""ci_low"":-5.793963943555222e-07,""ci_high"":-5.16937584913418e-07,""positive_probability"":0.0,""block_rows"":60,""draws"":500}}}",,,,,7,call,,parity_restoration,put
,,,,,,12,60,0.04028263304104451,-0.08250302564808157,"{""both_correct"":471,""persistent_disagreement"":730,""target_led_correction"":561,""source_led_correction"":551,""not_large"":29}",diagnostic_1,500,call_to_put_disequilibrium,,,2313,7.233962512024868,1.0,-0.011903527366481634,-0.012463109950022935,-0.02383521315727832,,False,"[0,0,0,29,2313]","[null,null,null,-2.2200100798288296e-05,1.3059257902929756e-06]",2342,23,call,-0.017687692999270456,call_relative_move,put
,,,,,,24,120,0.03892109714974194,-0.08152639790616001,"{""both_correct"":471,""persistent_disagreement"":730,""target_led_correction"":561,""source_led_correction"":551,""not_large"":29}",diagnostic_1,500,call_to_put_disequilibrium,,,2313,7.233962512024868,1.0,-0.011903527366481634,-0.012463109950022935,-0.02383521315727832,,False,"[0,0,0,29,2313]","[null,null,null,-2.2200100798288296e-05,1.3059257902929756e-06]",2342,23,call,-0.017687692999270456,call_relative_move,put
,,,,,,60,300,0.0480291812911326,-0.08000202542780549,"{""both_correct"":471,""persistent_disagreement"":730,""target_led_correction"":561,""source_led_correction"":551,""not_large"":29}",diagnostic_1,500,call_to_put_disequilibrium,,,2313,7.233962512024868,1.0,-0.011903527366481634,-0.012463109950022935,-0.02383521315727832,,False,"[0,0,0,29,2313]","[null,null,null,-2.2200100798288296e-05,1.3059257902929756e-06]",2342,23,call,-0.017687692999270456,call_relative_move,put
,,,,,,12,60,0.07215070909934897,-0.045631627124608026,"{""both_correct"":471,""persistent_disagreement"":730,""target_led_correction"":561,""source_led_correction"":551,""not_large"":29}",diagnostic_1,500,call_to_put_disequilibrium,,,2313,7.233962512024868,1.0,-0.011903527366481634,-0.012463109950022935,-0.02383521315727832,,False,"[0,0,0,29,2313]","[null,null,null,2.49413484386329e-05,-3.2065913380738516e-06]",2342,23,call,0.01225921377509044,put_relative_move,put
,,,,,,24,120,0.07067489242868796,-0.040042004471602714,"{""both_correct"":471,""persistent_disagreement"":730,""target_led_correction"":561,""source_led_correction"":551,""not_large"":29}",diagnostic_1,500,call_to_put_disequilibrium,,,2313,7.233962512024868,1.0,-0.011903527366481634,-0.012463109950022935,-0.02383521315727832,,False,"[0,0,0,29,2313]","[null,null,null,2.49413484386329e-05,-3.2065913380738516e-06]",2342,23,call,0.01225921377509044,put_relative_move,put
,,,,,,60,300,0.07355664374787693,-0.05457217937745564,"{""both_correct"":471,""persistent_disagreement"":730,""target_led_correction"":561,""source_led_correction"":551,""not_large"":29}",diagnostic_1,500,call_to_put_disequilibrium,,,2313,7.233962512024868,1.0,-0.011903527366481634,-0.012463109950022935,-0.02383521315727832,,False,"[0,0,0,29,2313]","[null,null,null,2.49413484386329e-05,-3.2065913380738516e-06]",2342,23,call,0.01225921377509044,put_relative_move,put
,,,,,,12,60,0.015477503881787914,-0.08957752371257965,"{""both_correct"":471,""persistent_disagreement"":730,""target_led_correction"":561,""source_led_correction"":551,""not_large"":29}",diagnostic_1,500,call_to_put_disequilibrium,,,2313,7.233962512024868,1.0,-0.011903527366481634,-0.012463109950022935,-0.02383521315727832,,False,"[0,0,0,29,2313]","[null,null,null,9.178916586498762e-05,0.00010418725980931334]",2342,23,call,-0.04120743438629585,call_put_relative_correction,put
,,,,,,24,120,0.014446508670680687,-0.09419079942124665,"{""both_correct"":471,""persistent_disagreement"":730,""target_led_correction"":561,""source_led_correction"":551,""not_large"":29}",diagnostic_1,500,call_to_put_disequilibrium,,,2313,7.233962512024868,1.0,-0.011903527366481634,-0.012463109950022935,-0.02383521315727832,,False,"[0,0,0,29,2313]","[null,null,null,9.178916586498762e-05,0.00010418725980931334]",2342,23,call,-0.04120743438629585,call_put_relative_correction,put
,,,,,,60,300,0.025524034846047518,-0.08524843359944942,"{""both_correct"":471,""persistent_disagreement"":730,""target_led_correction"":561,""source_led_correction"":551,""not_large"":29}",diagnostic_1,500,call_to_put_disequilibrium,,,2313,7.233962512024868,1.0,-0.011903527366481634,-0.012463109950022935,-0.02383521315727832,,False,"[0,0,0,29,2313]","[null,null,null,9.178916586498762e-05,0.00010418725980931334]",2342,23,call,-0.04120743438629585,call_put_relative_correction,put
,,,,,,12,60,0.05744415227487278,-0.030170797410013446,"{""both_correct"":471,""persistent_disagreement"":730,""target_led_correction"":561,""source_led_correction"":551,""not_large"":29}",diagnostic_1,500,call_to_put_disequilibrium,,,2313,7.233962512024868,1.0,-0.011903527366481634,-0.012463109950022935,-0.02383521315727832,,False,"[0,0,0,29,2313]","[null,null,null,0.0012608817939100594,-2.4935656613309922e-05]",2342,23,call,0.0129814618188209,signed_atm_iv_change,put
,,,,,,24,120,0.049787847802239174,-0.02892658181792437,"{""both_correct"":471,""persistent_disagreement"":730,""target_led_correction"":561,""source_led_correction"":551,""not_large"":29}",diagnostic_1,500,call_to_put_disequilibrium,,,2313,7.233962512024868,1.0,-0.011903527366481634,-0.012463109950022935,-0.02383521315727832,,False,"[0,0,0,29,2313]","[null,null,null,0.0012608817939100594,-2.4935656613309922e-05]",2342,23,call,0.0129814618188209,signed_atm_iv_change,put
,,,,,,60,300,0.047924266763489244,-0.026544509162866138,"{""both_correct"":471,""persistent_disagreement"":730,""target_led_correction"":561,""source_led_correction"":551,""not_large"":29}",diagnostic_1,500,call_to_put_disequilibrium,,,2313,7.233962512024868,1.0,-0.011903527366481634,-0.012463109950022935,-0.02383521315727832,,False,"[0,0,0,29,2313]","[null,null,null,0.0012608817939100594,-2.4935656613309922e-05]",2342,23,call,0.0129814618188209,signed_atm_iv_change,put
,,,,,,12,60,-0.003108245158420035,-0.10776654623644791,"{""both_correct"":471,""persistent_disagreement"":730,""target_led_correction"":561,""source_led_correction"":551,""not_large"":29}",diagnostic_1,500,call_to_put_disequilibrium,,,2313,7.233962512024868,1.0,-0.011903527366481634,-0.012463109950022935,-0.02383521315727832,,False,"[0,0,0,29,2313]","[null,null,null,2.3933391338655855e-06,3.3603798772774714e-07]",2342,23,call,-0.05414169733888333,parity_restoration,put
,,,,,,24,120,0.004793858008088019,-0.10822341342394189,"{""both_correct"":471,""persistent_disagreement"":730,""target_led_correction"":561,""source_led_correction"":551,""not_large"":29}",diagnostic_1,500,call_to_put_disequilibrium,,,2313,7.233962512024868,1.0,-0.011903527366481634,-0.012463109950022935,-0.02383521315727832,,False,"[0,0,0,29,2313]","[null,null,null,2.3933391338655855e-06,3.3603798772774714e-07]",2342,23,call,-0.05414169733888333,parity_restoration,put
,,,,,,60,300,0.008011302911017374,-0.09290733265970975,"{""both_correct"":471,""persistent_disagreement"":730,""target_led_correction"":561,""source_led_correction"":551,""not_large"":29}",diagnostic_1,500,call_to_put_disequilibrium,,,2313,7.233962512024868,1.0,-0.011903527366481634,-0.012463109950022935,-0.02383521315727832,,False,"[0,0,0,29,2313]","[null,null,null,2.3933391338655855e-06,3.3603798772774714e-07]",2342,23,call,-0.05414169733888333,parity_restoration,put
,,,,,,12,60,0.1287233838345562,0.01042332914122122,"{""both_correct"":471,""persistent_disagreement"":730,""target_led_correction"":561,""source_led_correction"":551,""not_large"":29}",diagnostic_1,500,call_to_put_disequilibrium,,,2313,7.233962512024868,1.0,-0.011903527366481634,-0.012463109950022935,-0.02383521315727832,,False,"[0,0,0,29,2313]","[null,null,null,-6.649411957839439e-05,-2.214932307710495e-06]",2342,23,call,0.07259302309732167,signed_futures_return,put
,,,,,,24,120,0.13213668357471645,0.013160512144435062,"{""both_correct"":471,""persistent_disagreement"":730,""target_led_correction"":561,""source_led_correction"":551,""not_large"":29}",diagnostic_1,500,call_to_put_disequilibrium,,,2313,7.233962512024868,1.0,-0.011903527366481634,-0.012463109950022935,-0.02383521315727832,,False,"[0,0,0,29,2313]","[null,null,null,-6.649411957839439e-05,-2.214932307710495e-06]",2342,23,call,0.07259302309732167,signed_futures_return,put
,,,,,,60,300,0.13183031482750404,0.006378108151079913,"{""both_correct"":471,""persistent_disagreement"":730,""target_led_correction"":561,""source_led_correction"":551,""not_large"":29}",diagnostic_1,500,call_to_put_disequilibrium,,,2313,7.233962512024868,1.0,-0.011903527366481634,-0.012463109950022935,-0.02383521315727832,,False,"[0,0,0,29,2313]","[null,null,null,-6.649411957839439e-05,-2.214932307710495e-06]",2342,23,call,0.07259302309732167,signed_futures_return,put
,,,,,,12,60,0.026937067921230053,-0.07105766199769849,"{""both_correct"":471,""persistent_disagreement"":730,""target_led_correction"":561,""source_led_correction"":551,""not_large"":29}",diagnostic_1,500,call_to_put_disequilibrium,,,2313,7.233962512024868,1.0,-0.011903527366481634,-0.012463109950022935,-0.02383521315727832,,False,"[0,0,0,29,2313]","[null,null,null,7.736973227644018e-05,1.3747219796245375e-06]",2342,23,call,-0.019331638975316093,surface_residual_restoration,put
,,,,,,24,120,0.02359573492027038,-0.06455546027147589,"{""both_correct"":471,""persistent_disagreement"":730,""target_led_correction"":561,""source_led_correction"":551,""not_large"":29}",diagnostic_1,500,call_to_put_disequilibrium,,,2313,7.233962512024868,1.0,-0.011903527366481634,-0.012463109950022935,-0.02383521315727832,,False,"[0,0,0,29,2313]","[null,null,null,7.736973227644018e-05,1.3747219796245375e-06]",2342,23,call,-0.019331638975316093,surface_residual_restoration,put
,,,,,,60,300,0.0288554926463332,-0.06976883970696339,"{""both_correct"":471,""persistent_disagreement"":730,""target_led_correction"":561,""source_led_correction"":551,""not_large"":29}",diagnostic_1,500,call_to_put_disequilibrium,,,2313,7.233962512024868,1.0,-0.011903527366481634,-0.012463109950022935,-0.02383521315727832,,False,"[0,0,0,29,2313]","[null,null,null,7.736973227644018e-05,1.3747219796245375e-06]",2342,23,call,-0.019331638975316093,surface_residual_restoration,put
-12.32035203745904,-12.283314325037784,-15.356403490710242,-13.660232902752574,-13.539999958284415,-15.249422490424635,,,,,,diagnostic_1,,call_to_put_increment,-0.037037712421255975,-0.12023294446815846,,,,,,,"{""base_to_candidate"":{""60s"":{""mean_mae_reduction"":-7.809281662586e-06,""ci_low"":-8.395821229785718e-06,""ci_high"":-7.2991431123936525e-06,""positive_probability"":0.0,""block_rows"":12,""draws"":500},""120s"":{""mean_mae_reduction"":-7.809281662586e-06,""ci_low"":-8.573392361707874e-06,""ci_high"":-7.143808440097675e-06,""positive_probability"":0.0,""block_rows"":24,""draws"":500},""300s"":{""mean_mae_reduction"":-7.809281662586e-06,""ci_low"":-8.630528755599203e-06,""ci_high"":-6.842281242077116e-06,""positive_probability"":0.0,""block_rows"":60,""draws"":500}},""base_pca_to_candidate"":{""60s"":{""mean_mae_reduction"":-8.776632541921247e-06,""ci_low"":-9.332800209315263e-06,""ci_high"":-8.17907757312788e-06,""positive_probability"":0.0,""block_rows"":12,""draws"":500},""120s"":{""mean_mae_reduction"":-8.776632541921247e-06,""ci_low"":-9.577596682319995e-06,""ci_high"":-8.037548782210515e-06,""positive_probability"":0.0,""block_rows"":24,""draws"":500},""300s"":{""mean_mae_reduction"":-8.776632541921247e-06,""ci_low"":-9.65046151145968e-06,""ci_high"":-7.944518354324216e-06,""positive_probability"":0.0,""block_rows"":60,""draws"":500}},""comparator_to_candidate"":{""60s"":{""mean_mae_reduction"":-2.7036382877640922e-06,""ci_low"":-3.1953750545931224e-06,""ci_high"":-2.211058904004151e-06,""positive_probability"":0.0,""block_rows"":12,""draws"":500},""120s"":{""mean_mae_reduction"":-2.7036382877640922e-06,""ci_low"":-3.3896690857227375e-06,""ci_high"":-2.0281666167980435e-06,""positive_probability"":0.0,""block_rows"":24,""draws"":500},""300s"":{""mean_mae_reduction"":-2.7036382877640922e-06,""ci_low"":-3.5762485268206464e-06,""ci_high"":-1.8410552050429288e-06,""positive_probability"":0.0,""block_rows"":60,""draws"":500}}}",,,,,23,call,,call_put_relative_correction,put
-18.019766475284722,-18.032999617814426,-1.5710798075841308,-2.8038819067009015,-1.530886564034113,-1.550979653461845,,,,,,diagnostic_1,,call_to_put_increment,0.013233142529703201,-1.2729953426667886,,,,,,,"{""base_to_candidate"":{""60s"":{""mean_mae_reduction"":-2.7011271282761537e-07,""ci_low"":-3.110752771166571e-07,""ci_high"":-2.3383142514497573e-07,""positive_probability"":0.0,""block_rows"":12,""draws"":500},""120s"":{""mean_mae_reduction"":-2.7011271282761537e-07,""ci_low"":-3.207896822757579e-07,""ci_high"":-2.2755457501643233e-07,""positive_probability"":0.0,""block_rows"":24,""draws"":500},""300s"":{""mean_mae_reduction"":-2.7011271282761537e-07,""ci_low"":-3.4041279104418804e-07,""ci_high"":-2.0480132965889286e-07,""positive_probability"":0.0,""block_rows"":60,""draws"":500}},""base_pca_to_candidate"":{""60s"":{""mean_mae_reduction"":-1.710694471956349e-05,""ci_low"":-1.9702647640456938e-05,""ci_high"":-1.4662622681302011e-05,""positive_probability"":0.0,""block_rows"":12,""draws"":500},""120s"":{""mean_mae_reduction"":-1.710694471956349e-05,""ci_low"":-2.0307929290295486e-05,""ci_high"":-1.4706547462621865e-05,""positive_probability"":0.0,""block_rows"":24,""draws"":500},""300s"":{""mean_mae_reduction"":-1.710694471956349e-05,""ci_low"":-2.07189094676919e-05,""ci_high"":-1.3693585823112956e-05,""positive_probability"":0.0,""block_rows"":60,""draws"":500}},""comparator_to_candidate"":{""60s"":{""mean_mae_reduction"":1.7783147363876602e-07,""ci_low"":1.4227796788306603e-07,""ci_high"":2.1273948211730502e-07,""positive_probability"":1.0,""block_rows"":12,""draws"":500},""120s"":{""mean_mae_reduction"":1.7783147363876602e-07,""ci_low"":1.29842541970767e-07,""ci_high"":2.2841743981095893e-07,""positive_probability"":1.0,""block_rows"":24,""draws"":500},""300s"":{""mean_mae_reduction"":1.7783147363876602e-07,""ci_low"":1.1305896400611479e-07,""ci_high"":2.3678842795319066e-07,""positive_probability"":1.0,""block_rows"":60,""draws"":500}}}",,,,,23,call,,parity_restoration,put
,,,,,,12,60,0.015844260153721017,-0.057801890767871573,"{""persistent_disagreement"":1443,""source_led_correction"":1082,""both_correct"":910,""target_led_correction"":1025,""not_large"":17}",diagnostic_2,500,call_to_put_disequilibrium,,,4460,7.233962512024868,1.0,-0.00558753380002733,-0.015881883861636702,-0.024409020907229163,,False,"[0,0,0,17,4460]","[null,null,null,8.958327474401278e-05,7.277447260465189e-07]",4477,23,call,-0.01837716362944167,call_relative_move,put
,,,,,,24,120,0.02347634673356484,-0.06507367808792242,"{""persistent_disagreement"":1443,""source_led_correction"":1082,""both_correct"":910,""target_led_correction"":1025,""not_large"":17}",diagnostic_2,500,call_to_put_disequilibrium,,,4460,7.233962512024868,1.0,-0.00558753380002733,-0.015881883861636702,-0.024409020907229163,,False,"[0,0,0,17,4460]","[null,null,null,8.958327474401278e-05,7.277447260465189e-07]",4477,23,call,-0.01837716362944167,call_relative_move,put
,,,,,,60,300,0.024841771860592107,-0.05741461454078203,"{""persistent_disagreement"":1443,""source_led_correction"":1082,""both_correct"":910,""target_led_correction"":1025,""not_large"":17}",diagnostic_2,500,call_to_put_disequilibrium,,,4460,7.233962512024868,1.0,-0.00558753380002733,-0.015881883861636702,-0.024409020907229163,,False,"[0,0,0,17,4460]","[null,null,null,8.958327474401278e-05,7.277447260465189e-07]",4477,23,call,-0.01837716362944167,call_relative_move,put
,,,,,,12,60,0.06237898503310242,-0.011430113692113242,"{""persistent_disagreement"":1443,""source_led_correction"":1082,""both_correct"":910,""target_led_correction"":1025,""not_large"":17}",diagnostic_2,500,call_to_put_disequilibrium,,,4460,7.233962512024868,1.0,-0.00558753380002733,-0.015881883861636702,-0.024409020907229163,,False,"[0,0,0,17,4460]","[null,null,null,-9.120272143798716e-05,-5.301525565741308e-07]",4477,23,call,0.023707096398269577,put_relative_move,put
,,,,,,24,120,0.06652579252517873,-0.0181286800700333,"{""persistent_disagreement"":1443,""source_led_correction"":1082,""both_correct"":910,""target_led_correction"":1025,""not_large"":17}",diagnostic_2,500,call_to_put_disequilibrium,,,4460,7.233962512024868,1.0,-0.00558753380002733,-0.015881883861636702,-0.024409020907229163,,False,"[0,0,0,17,4460]","[null,null,null,-9.120272143798716e-05,-5.301525565741308e-07]",4477,23,call,0.023707096398269577,put_relative_move,put
,,,,,,60,300,0.06341016114051283,-0.017184780337948055,"{""persistent_disagreement"":1443,""source_led_correction"":1082,""both_correct"":910,""target_led_correction"":1025,""not_large"":17}",diagnostic_2,500,call_to_put_disequilibrium,,,4460,7.233962512024868,1.0,-0.00558753380002733,-0.015881883861636702,-0.024409020907229163,,False,"[0,0,0,17,4460]","[null,null,null,-9.120272143798716e-05,-5.301525565741308e-07]",4477,23,call,0.023707096398269577,put_relative_move,put
,,,,,,12,60,-0.0030652579550950916,-0.08231769983284189,"{""persistent_disagreement"":1443,""source_led_correction"":1082,""both_correct"":910,""target_led_correction"":1025,""not_large"":17}",diagnostic_2,500,call_to_put_disequilibrium,,,4460,7.233962512024868,1.0,-0.00558753380002733,-0.015881883861636702,-0.024409020907229163,,False,"[0,0,0,17,4460]","[null,null,null,0.00029142325579681815,0.00017869076782925212]",4477,23,call,-0.04370298278064993,call_put_relative_correction,put
,,,,,,24,120,-0.008944646283677986,-0.07957244485912081,"{""persistent_disagreement"":1443,""source_led_correction"":1082,""both_correct"":910,""target_led_correction"":1025,""not_large"":17}",diagnostic_2,500,call_to_put_disequilibrium,,,4460,7.233962512024868,1.0,-0.00558753380002733,-0.015881883861636702,-0.024409020907229163,,False,"[0,0,0,17,4460]","[null,null,null,0.00029142325579681815,0.00017869076782925212]",4477,23,call,-0.04370298278064993,call_put_relative_correction,put
,,,,,,60,300,-0.004005560324691139,-0.07880871631614159,"{""persistent_disagreement"":1443,""source_led_correction"":1082,""both_correct"":910,""target_led_correction"":1025,""not_large"":17}",diagnostic_2,500,call_to_put_disequilibrium,,,4460,7.233962512024868,1.0,-0.00558753380002733,-0.015881883861636702,-0.024409020907229163,,False,"[0,0,0,17,4460]","[null,null,null,0.00029142325579681815,0.00017869076782925212]",4477,23,call,-0.04370298278064993,call_put_relative_correction,put
,,,,,,12,60,0.06525267817719917,0.013546817448051323,"{""persistent_disagreement"":1443,""source_led_correction"":1082,""both_correct"":910,""target_led_correction"":1025,""not_large"":17}",diagnostic_2,500,call_to_put_disequilibrium,,,4460,7.233962512024868,1.0,-0.00558753380002733,-0.015881883861636702,-0.024409020907229163,,False,"[0,0,0,17,4460]","[null,null,null,-0.0001428710187182707,6.425691426067609e-06]",4477,23,call,0.03839298754106614,signed_atm_iv_change,put
,,,,,,24,120,0.06964595315015372,0.016383356978839702,"{""persistent_disagreement"":1443,""source_led_correction"":1082,""both_correct"":910,""target_led_correction"":1025,""not_large"":17}",diagnostic_2,500,call_to_put_disequilibrium,,,4460,7.233962512024868,1.0,-0.00558753380002733,-0.015881883861636702,-0.024409020907229163,,False,"[0,0,0,17,4460]","[null,null,null,-0.0001428710187182707,6.425691426067609e-06]",4477,23,call,0.03839298754106614,signed_atm_iv_change,put
,,,,,,60,300,0.0670904636044746,0.013445271781424755,"{""persistent_disagreement"":1443,""source_led_correction"":1082,""both_correct"":910,""target_led_correction"":1025,""not_large"":17}",diagnostic_2,500,call_to_put_disequilibrium,,,4460,7.233962512024868,1.0,-0.00558753380002733,-0.015881883861636702,-0.024409020907229163,,False,"[0,0,0,17,4460]","[null,null,null,-0.0001428710187182707,6.425691426067609e-06]",4477,23,call,0.03839298754106614,signed_atm_iv_change,put
,,,,,,12,60,-0.057812292135653275,-0.12713942040546808,"{""persistent_disagreement"":1443,""source_led_correction"":1082,""both_correct"":910,""target_led_correction"":1025,""not_large"":17}",diagnostic_2,500,call_to_put_disequilibrium,,,4460,7.233962512024868,1.0,-0.00558753380002733,-0.015881883861636702,-0.024409020907229163,,False,"[0,0,0,17,4460]","[null,null,null,1.1148781542193747e-05,4.488839445838751e-08]",4477,23,call,-0.09207654069318368,parity_restoration,put
,,,,,,24,120,-0.0608776687093896,-0.12443819804890861,"{""persistent_disagreement"":1443,""source_led_correction"":1082,""both_correct"":910,""target_led_correction"":1025,""not_large"":17}",diagnostic_2,500,call_to_put_disequilibrium,,,4460,7.233962512024868,1.0,-0.00558753380002733,-0.015881883861636702,-0.024409020907229163,,False,"[0,0,0,17,4460]","[null,null,null,1.1148781542193747e-05,4.488839445838751e-08]",4477,23,call,-0.09207654069318368,parity_restoration,put
,,,,,,60,300,-0.05897421707610875,-0.13056821344826935,"{""persistent_disagreement"":1443,""source_led_correction"":1082,""both_correct"":910,""target_led_correction"":1025,""not_large"":17}",diagnostic_2,500,call_to_put_disequilibrium,,,4460,7.233962512024868,1.0,-0.00558753380002733,-0.015881883861636702,-0.024409020907229163,,False,"[0,0,0,17,4460]","[null,null,null,1.1148781542193747e-05,4.488839445838751e-08]",4477,23,call,-0.09207654069318368,parity_restoration,put
,,,,,,12,60,0.10923919735177297,0.031009864034726397,"{""persistent_disagreement"":1443,""source_led_correction"":1082,""both_correct"":910,""target_led_correction"":1025,""not_large"":17}",diagnostic_2,500,call_to_put_disequilibrium,,,4460,7.233962512024868,1.0,-0.00558753380002733,-0.015881883861636702,-0.024409020907229163,,False,"[0,0,0,17,4460]","[null,null,null,-0.0001447902006261489,-6.220907373813236e-06]",4477,23,call,0.06978998028200399,signed_futures_return,put
,,,,,,24,120,0.11332492918574301,0.03339260880343374,"{""persistent_disagreement"":1443,""source_led_correction"":1082,""both_correct"":910,""target_led_correction"":1025,""not_large"":17}",diagnostic_2,500,call_to_put_disequilibrium,,,4460,7.233962512024868,1.0,-0.00558753380002733,-0.015881883861636702,-0.024409020907229163,,False,"[0,0,0,17,4460]","[null,null,null,-0.0001447902006261489,-6.220907373813236e-06]",4477,23,call,0.06978998028200399,signed_futures_return,put
,,,,,,60,300,0.1100397229981808,0.028223575345574327,"{""persistent_disagreement"":1443,""source_led_correction"":1082,""both_correct"":910,""target_led_correction"":1025,""not_large"":17}",diagnostic_2,500,call_to_put_disequilibrium,,,4460,7.233962512024868,1.0,-0.00558753380002733,-0.015881883861636702,-0.024409020907229163,,False,"[0,0,0,17,4460]","[null,null,null,-0.0001447902006261489,-6.220907373813236e-06]",4477,23,call,0.06978998028200399,signed_futures_return,put
,,,,,,12,60,0.0213484959590229,-0.03988896288753519,"{""persistent_disagreement"":1443,""source_led_correction"":1082,""both_correct"":910,""target_led_correction"":1025,""not_large"":17}",diagnostic_2,500,call_to_put_disequilibrium,,,4460,7.233962512024868,1.0,-0.00558753380002733,-0.015881883861636702,-0.024409020907229163,,False,"[0,0,0,17,4460]","[null,null,null,-2.811704860719414e-05,4.927035314571258e-07]",4477,23,call,-0.009229966892237996,surface_residual_restoration,put
,,,,,,24,120,0.020256916233581248,-0.03859471331686809,"{""persistent_disagreement"":1443,""source_led_correction"":1082,""both_correct"":910,""target_led_correction"":1025,""not_large"":17}",diagnostic_2,500,call_to_put_disequilibrium,,,4460,7.233962512024868,1.0,-0.00558753380002733,-0.015881883861636702,-0.024409020907229163,,False,"[0,0,0,17,4460]","[null,null,null,-2.811704860719414e-05,4.927035314571258e-07]",4477,23,call,-0.009229966892237996,surface_residual_restoration,put
,,,,,,60,300,0.018254489063947946,-0.03903923380817392,"{""persistent_disagreement"":1443,""source_led_correction"":1082,""both_correct"":910,""target_led_correction"":1025,""not_large"":17}",diagnostic_2,500,call_to_put_disequilibrium,,,4460,7.233962512024868,1.0,-0.00558753380002733,-0.015881883861636702,-0.024409020907229163,,False,"[0,0,0,17,4460]","[null,null,null,-2.811704860719414e-05,4.927035314571258e-07]",4477,23,call,-0.009229966892237996,surface_residual_restoration,put
-8.9229163028258,-8.908911274676063,-10.287563853579865,-9.439994155123717,-9.392235627771093,-10.24420262862541,,,,,,diagnostic_2,,call_to_put_increment,-0.014005028149737697,-0.04775852735262376,,,,,,,"{""base_to_candidate"":{""60s"":{""mean_mae_reduction"":-6.3335183316092455e-06,""ci_low"":-6.7741405746358635e-06,""ci_high"":-5.97153309209616e-06,""positive_probability"":0.0,""block_rows"":12,""draws"":500},""120s"":{""mean_mae_reduction"":-6.3335183316092455e-06,""ci_low"":-6.85306563227768e-06,""ci_high"":-5.867489289684511e-06,""positive_probability"":0.0,""block_rows"":24,""draws"":500},""300s"":{""mean_mae_reduction"":-6.3335183316092455e-06,""ci_low"":-7.030594975878488e-06,""ci_high"":-5.734940369451184e-06,""positive_probability"":0.0,""block_rows"":60,""draws"":500}},""base_pca_to_candidate"":{""60s"":{""mean_mae_reduction"":-6.975806352247277e-06,""ci_low"":-7.412854497458863e-06,""ci_high"":-6.5330808749824685e-06,""positive_probability"":0.0,""block_rows"":12,""draws"":500},""120s"":{""mean_mae_reduction"":-6.975806352247277e-06,""ci_low"":-7.522152723695142e-06,""ci_high"":-6.384455053464888e-06,""positive_probability"":0.0,""block_rows"":24,""draws"":500},""300s"":{""mean_mae_reduction"":-6.975806352247277e-06,""ci_low"":-7.654893491508243e-06,""ci_high"":-6.333669141061878e-06,""positive_probability"":0.0,""block_rows"":60,""draws"":500}},""comparator_to_candidate"":{""60s"":{""mean_mae_reduction"":-2.0456318430631492e-06,""ci_low"":-2.4099777984764395e-06,""ci_high"":-1.6464807863383067e-06,""positive_probability"":0.0,""block_rows"":12,""draws"":500},""120s"":{""mean_mae_reduction"":-2.0456318430631492e-06,""ci_low"":-2.5747145327543937e-06,""ci_high"":-1.5429117104240499e-06,""positive_probability"":0.0,""block_rows"":24,""draws"":500},""300s"":{""mean_mae_reduction"":-2.0456318430631492e-06,""ci_low"":-2.6876488307716125e-06,""ci_high"":-1.2691256868796605e-06,""positive_probability"":0.0,""block_rows"":60,""draws"":500}}}",,,,,23,call,,call_put_relative_correction,put
-18.600637125557746,-18.60553046310387,-1.2897444345923526,-2.3982640742606818,-1.3735838574380579,-1.2866054086850411,,,,,,diagnostic_2,,call_to_put_increment,0.004893337546125309,-1.024680216822624,,,,,,,"{""base_to_candidate"":{""60s"":{""mean_mae_reduction"":-4.5511214383718775e-08,""ci_low"":-7.295818052723111e-08,""ci_high"":-1.8658816838065134e-08,""positive_probability"":0.0,""block_rows"":12,""draws"":500},""120s"":{""mean_mae_reduction"":-4.5511214383718775e-08,""ci_low"":-7.698494501082285e-08,""ci_high"":-1.5566126467715916e-08,""positive_probability"":0.002,""block_rows"":24,""draws"":500},""300s"":{""mean_mae_reduction"":-4.5511214383718775e-08,""ci_low"":-8.31128652656214e-08,""ci_high"":-7.054801851469893e-09,""positive_probability"":0.01,""block_rows"":60,""draws"":500}},""base_pca_to_candidate"":{""60s"":{""mean_mae_reduction"":-1.4856341552947427e-05,""ci_low"":-1.7487620940680605e-05,""ci_high"":-1.2505499433240252e-05,""positive_probability"":0.0,""block_rows"":12,""draws"":500},""120s"":{""mean_mae_reduction"":-1.4856341552947427e-05,""ci_low"":-1.743223112368601e-05,""ci_high"":-1.2105876106806479e-05,""positive_probability"":0.0,""block_rows"":24,""draws"":500},""300s"":{""mean_mae_reduction"":-1.4856341552947427e-05,""ci_low"":-1.86161688313432e-05,""ci_high"":-1.1112682714544641e-05,""positive_probability"":0.0,""block_rows"":60,""draws"":500}},""comparator_to_candidate"":{""60s"":{""mean_mae_reduction"":7.09461280949561e-08,""ci_low"":4.17642826958253e-08,""ci_high"":9.770613066158301e-08,""positive_probability"":1.0,""block_rows"":12,""draws"":500},""120s"":{""mean_mae_reduction"":7.09461280949561e-08,""ci_low"":3.3295058525192125e-08,""ci_high"":1.1042939310617576e-07,""positive_probability"":1.0,""block_rows"":24,""draws"":500},""300s"":{""mean_mae_reduction"":7.09461280949561e-08,""ci_low"":1.7415326274751457e-08,""ci_high"":1.1829613991450456e-07,""positive_probability"":0.994,""block_rows"":60,""draws"":500}}}",,,,,23,call,,parity_restoration,put
,,,,,,12,60,0.059987813720432964,-0.07058233646135605,"{""not_large"":2204,""source_led_correction"":69,""both_correct"":43,""persistent_disagreement"":18,""target_led_correction"":8}",diagnostic_1,500,call_to_put_disequilibrium,,,138,7.576865558018131,100.0,-0.569882326283216,-0.06903650153209068,0.4529992594511948,,False,"[0,0,988,1216,138]","[null,null,2.0801509176248965e-07,1.876287569757551e-06,-7.991388818060142e-07]",2342,42,call,-0.010348529514514261,call_relative_move,put
,,,,,,24,120,0.06325257588214668,-0.07952218624355704,"{""not_large"":2204,""source_led_correction"":69,""both_correct"":43,""persistent_disagreement"":18,""target_led_correction"":8}",diagnostic_1,500,call_to_put_disequilibrium,,,138,7.576865558018131,100.0,-0.569882326283216,-0.06903650153209068,0.4529992594511948,,False,"[0,0,988,1216,138]","[null,null,2.0801509176248965e-07,1.876287569757551e-06,-7.991388818060142e-07]",2342,42,call,-0.010348529514514261,call_relative_move,put
,,,,,,60,300,0.06899612935216906,-0.06797787089183675,"{""not_large"":2204,""source_led_correction"":69,""both_correct"":43,""persistent_disagreement"":18,""target_led_correction"":8}",diagnostic_1,500,call_to_put_disequilibrium,,,138,7.576865558018131,100.0,-0.569882326283216,-0.06903650153209068,0.4529992594511948,,False,"[0,0,988,1216,138]","[null,null,2.0801509176248965e-07,1.876287569757551e-06,-7.991388818060142e-07]",2342,42,call,-0.010348529514514261,call_relative_move,put
,,,,,,12,60,0.06955104997571449,-0.05753814433499751,"{""not_large"":2204,""source_led_correction"":69,""both_correct"":43,""persistent_disagreement"":18,""target_led_correction"":8}",diagnostic_1,500,call_to_put_disequilibrium,,,138,7.576865558018131,100.0,-0.569882326283216,-0.06903650153209068,0.4529992594511948,,False,"[0,0,988,1216,138]","[null,null,-2.631924194302636e-06,-3.1307905661187282e-06,-2.0736538251672965e-06]",2342,42,call,0.011541857911270915,put_relative_move,put
,,,,,,24,120,0.08090011915561002,-0.059960532914858394,"{""not_large"":2204,""source_led_correction"":69,""both_correct"":43,""persistent_disagreement"":18,""target_led_correction"":8}",diagnostic_1,500,call_to_put_disequilibrium,,,138,7.576865558018131,100.0,-0.569882326283216,-0.06903650153209068,0.4529992594511948,,False,"[0,0,988,1216,138]","[null,null,-2.631924194302636e-06,-3.1307905661187282e-06,-2.0736538251672965e-06]",2342,42,call,0.011541857911270915,put_relative_move,put
,,,,,,60,300,0.07015300106912983,-0.06674970670009668,"{""not_large"":2204,""source_led_correction"":69,""both_correct"":43,""persistent_disagreement"":18,""target_led_correction"":8}",diagnostic_1,500,call_to_put_disequilibrium,,,138,7.576865558018131,100.0,-0.569882326283216,-0.06903650153209068,0.4529992594511948,,False,"[0,0,988,1216,138]","[null,null,-2.631924194302636e-06,-3.1307905661187282e-06,-2.0736538251672965e-06]",2342,42,call,0.011541857911270915,put_relative_move,put
,,,,,,12,60,0.036734925423985335,-0.09657033974013322,"{""not_large"":2204,""source_led_correction"":69,""both_correct"":43,""persistent_disagreement"":18,""target_led_correction"":8}",diagnostic_1,500,call_to_put_disequilibrium,,,138,7.576865558018131,100.0,-0.569882326283216,-0.06903650153209068,0.4529992594511948,,False,"[0,0,988,1216,138]","[null,null,9.952685918266837e-05,0.00010846704734783423,9.723587899698296e-05]",2342,42,call,-0.038874072285001046,call_put_relative_correction,put
,,,,,,24,120,0.035272256726080475,-0.09756919015734725,"{""not_large"":2204,""source_led_correction"":69,""both_correct"":43,""persistent_disagreement"":18,""target_led_correction"":8}",diagnostic_1,500,call_to_put_disequilibrium,,,138,7.576865558018131,100.0,-0.569882326283216,-0.06903650153209068,0.4529992594511948,,False,"[0,0,988,1216,138]","[null,null,9.952685918266837e-05,0.00010846704734783423,9.723587899698296e-05]",2342,42,call,-0.038874072285001046,call_put_relative_correction,put
,,,,,,60,300,0.043030565747950854,-0.09292069666127378,"{""not_large"":2204,""source_led_correction"":69,""both_correct"":43,""persistent_disagreement"":18,""target_led_correction"":8}",diagnostic_1,500,call_to_put_disequilibrium,,,138,7.576865558018131,100.0,-0.569882326283216,-0.06903650153209068,0.4529992594511948,,False,"[0,0,988,1216,138]","[null,null,9.952685918266837e-05,0.00010846704734783423,9.723587899698296e-05]",2342,42,call,-0.038874072285001046,call_put_relative_correction,put
,,,,,,12,60,0.02303889878203117,-0.0610597871376532,"{""not_large"":2204,""source_led_correction"":69,""both_correct"":43,""persistent_disagreement"":18,""target_led_correction"":8}",diagnostic_1,500,call_to_put_disequilibrium,,,138,7.576865558018131,100.0,-0.569882326283216,-0.06903650153209068,0.4529992594511948,,False,"[0,0,988,1216,138]","[null,null,-3.7753177799193966e-06,6.464784229664426e-05,-0.0006955968405025593]",2342,42,call,-0.015905749812551547,signed_atm_iv_change,put
,,,,,,24,120,0.023458049948951606,-0.051723462985645834,"{""not_large"":2204,""source_led_correction"":69,""both_correct"":43,""persistent_disagreement"":18,""target_led_correction"":8}",diagnostic_1,500,call_to_put_disequilibrium,,,138,7.576865558018131,100.0,-0.569882326283216,-0.06903650153209068,0.4529992594511948,,False,"[0,0,988,1216,138]","[null,null,-3.7753177799193966e-06,6.464784229664426e-05,-0.0006955968405025593]",2342,42,call,-0.015905749812551547,signed_atm_iv_change,put
,,,,,,60,300,0.017287641999748523,-0.05107030460691492,"{""not_large"":2204,""source_led_correction"":69,""both_correct"":43,""persistent_disagreement"":18,""target_led_correction"":8}",diagnostic_1,500,call_to_put_disequilibrium,,,138,7.576865558018131,100.0,-0.569882326283216,-0.06903650153209068,0.4529992594511948,,False,"[0,0,988,1216,138]","[null,null,-3.7753177799193966e-06,6.464784229664426e-05,-0.0006955968405025593]",2342,42,call,-0.015905749812551547,signed_atm_iv_change,put
,,,,,,12,60,0.0013259817254846614,-0.10699831495116247,"{""not_large"":2204,""source_led_correction"":69,""both_correct"":43,""persistent_disagreement"":18,""target_led_correction"":8}",diagnostic_1,500,call_to_put_disequilibrium,,,138,7.576865558018131,100.0,-0.569882326283216,-0.06903650153209068,0.4529992594511948,,False,"[0,0,988,1216,138]","[null,null,1.9746564795436437e-06,-6.313758614408615e-07,-2.4387308244974744e-06]",2342,42,call,-0.05601467614850119,parity_restoration,put
,,,,,,24,120,-0.010692564382191443,-0.10910766240775734,"{""not_large"":2204,""source_led_correction"":69,""both_correct"":43,""persistent_disagreement"":18,""target_led_correction"":8}",diagnostic_1,500,call_to_put_disequilibrium,,,138,7.576865558018131,100.0,-0.569882326283216,-0.06903650153209068,0.4529992594511948,,False,"[0,0,988,1216,138]","[null,null,1.9746564795436437e-06,-6.313758614408615e-07,-2.4387308244974744e-06]",2342,42,call,-0.05601467614850119,parity_restoration,put
,,,,,,60,300,-0.0013460037871513967,-0.10786473835464094,"{""not_large"":2204,""source_led_correction"":69,""both_correct"":43,""persistent_disagreement"":18,""target_led_correction"":8}",diagnostic_1,500,call_to_put_disequilibrium,,,138,7.576865558018131,100.0,-0.569882326283216,-0.06903650153209068,0.4529992594511948,,False,"[0,0,988,1216,138]","[null,null,1.9746564795436437e-06,-6.313758614408615e-07,-2.4387308244974744e-06]",2342,42,call,-0.05601467614850119,parity_restoration,put
,,,,,,12,60,0.14205480739294885,0.016438411610682047,"{""not_large"":2204,""source_led_correction"":69,""both_correct"":43,""persistent_disagreement"":18,""target_led_correction"":8}",diagnostic_1,500,call_to_put_disequilibrium,,,138,7.576865558018131,100.0,-0.569882326283216,-0.06903650153209068,0.4529992594511948,,False,"[0,0,988,1216,138]","[null,null,-1.0151612131219162e-05,1.8046090477391294e-06,5.680581797724185e-06]",2342,42,call,0.08114863645729473,signed_futures_return,put
,,,,,,24,120,0.1487839188832428,0.016564620179725646,"{""not_large"":2204,""source_led_correction"":69,""both_correct"":43,""persistent_disagreement"":18,""target_led_correction"":8}",diagnostic_1,500,call_to_put_disequilibrium,,,138,7.576865558018131,100.0,-0.569882326283216,-0.06903650153209068,0.4529992594511948,,False,"[0,0,988,1216,138]","[null,null,-1.0151612131219162e-05,1.8046090477391294e-06,5.680581797724185e-06]",2342,42,call,0.08114863645729473,signed_futures_return,put
,,,,,,60,300,0.1487119141581449,0.025091803164349252,"{""not_large"":2204,""source_led_correction"":69,""both_correct"":43,""persistent_disagreement"":18,""target_led_correction"":8}",diagnostic_1,500,call_to_put_disequilibrium,,,138,7.576865558018131,100.0,-0.569882326283216,-0.06903650153209068,0.4529992594511948,,False,"[0,0,988,1216,138]","[null,null,-1.0151612131219162e-05,1.8046090477391294e-06,5.680581797724185e-06]",2342,42,call,0.08114863645729473,signed_futures_return,put
,,,,,,12,60,0.004740686378848586,-0.08706707881748596,"{""not_large"":2204,""source_led_correction"":69,""both_correct"":43,""persistent_disagreement"":18,""target_led_correction"":8}",diagnostic_1,500,call_to_put_disequilibrium,,,138,7.576865558018131,100.0,-0.569882326283216,-0.06903650153209068,0.4529992594511948,,False,"[0,0,988,1216,138]","[null,null,2.1637824870171618e-05,-1.029330391139937e-05,-2.4913472757823225e-05]",2342,42,call,-0.04118144045802592,surface_residual_restoration,put
,,,,,,24,120,0.002402849821439645,-0.08904740720340121,"{""not_large"":2204,""source_led_correction"":69,""both_correct"":43,""persistent_disagreement"":18,""target_led_correction"":8}",diagnostic_1,500,call_to_put_disequilibrium,,,138,7.576865558018131,100.0,-0.569882326283216,-0.06903650153209068,0.4529992594511948,,False,"[0,0,988,1216,138]","[null,null,2.1637824870171618e-05,-1.029330391139937e-05,-2.4913472757823225e-05]",2342,42,call,-0.04118144045802592,surface_residual_restoration,put
,,,,,,60,300,0.00012571975341491712,-0.08944210950393525,"{""not_large"":2204,""source_led_correction"":69,""both_correct"":43,""persistent_disagreement"":18,""target_led_correction"":8}",diagnostic_1,500,call_to_put_disequilibrium,,,138,7.576865558018131,100.0,-0.569882326283216,-0.06903650153209068,0.4529992594511948,,False,"[0,0,988,1216,138]","[null,null,2.1637824870171618e-05,-1.029330391139937e-05,-2.4913472757823225e-05]",2342,42,call,-0.04118144045802592,surface_residual_restoration,put
-12.223547677531384,-12.283314325037784,-15.205476594576815,-13.489374810428506,-13.539999958284415,-15.249422490424635,,,,,,diagnostic_1,,call_to_put_increment,0.05976664750640026,0.05062514785590899,,,,,,,"{""base_to_candidate"":{""60s"":{""mean_mae_reduction"":3.207914280798524e-06,""ci_low"":2.994536333634252e-06,""ci_high"":3.405411476175824e-06,""positive_probability"":1.0,""block_rows"":12,""draws"":500},""120s"":{""mean_mae_reduction"":3.207914280798524e-06,""ci_low"":2.9376250142326956e-06,""ci_high"":3.4462492597126658e-06,""positive_probability"":1.0,""block_rows"":24,""draws"":500},""300s"":{""mean_mae_reduction"":3.207914280798524e-06,""ci_low"":2.9001587589963025e-06,""ci_high"":3.506447089576392e-06,""positive_probability"":1.0,""block_rows"":60,""draws"":500}},""base_pca_to_candidate"":{""60s"":{""mean_mae_reduction"":3.6954789893663802e-06,""ci_low"":3.4181417985098e-06,""ci_high"":3.948984045826868e-06,""positive_probability"":1.0,""block_rows"":12,""draws"":500},""120s"":{""mean_mae_reduction"":3.6954789893663802e-06,""ci_low"":3.4003121869015495e-06,""ci_high"":4.03040766845994e-06,""positive_probability"":1.0,""block_rows"":24,""draws"":500},""300s"":{""mean_mae_reduction"":3.6954789893663802e-06,""ci_low"":3.319168960722012e-06,""ci_high"":4.088136380763973e-06,""positive_probability"":1.0,""block_rows"":60,""draws"":500}},""comparator_to_candidate"":{""60s"":{""mean_mae_reduction"":4.3627801493717025e-06,""ci_low"":3.990827484254839e-06,""ci_high"":4.6681579957397594e-06,""positive_probability"":1.0,""block_rows"":12,""draws"":500},""120s"":{""mean_mae_reduction"":4.3627801493717025e-06,""ci_low"":3.990151647623617e-06,""ci_high"":4.760799431954327e-06,""positive_probability"":1.0,""block_rows"":24,""draws"":500},""300s"":{""mean_mae_reduction"":4.3627801493717025e-06,""ci_low"":3.878667124665973e-06,""ci_high"":4.84855461348657e-06,""positive_probability"":1.0,""block_rows"":60,""draws"":500}}}",,,,,42,call,,call_put_relative_correction,put
-18.046255502649757,-18.032999617814426,-1.5466794935365606,-2.8037547287194236,-1.530886564034113,-1.550979653461845,,,,,,diagnostic_1,,call_to_put_increment,-0.013255884835331244,-1.2728681646853106,,,,,,,"{""base_to_candidate"":{""60s"":{""mean_mae_reduction"":5.778701277337226e-08,""ci_low"":5.0444557915584945e-08,""ci_high"":6.542914451324572e-08,""positive_probability"":1.0,""block_rows"":12,""draws"":500},""120s"":{""mean_mae_reduction"":5.778701277337226e-08,""ci_low"":5.0195260308966706e-08,""ci_high"":6.635503901891918e-08,""positive_probability"":1.0,""block_rows"":24,""draws"":500},""300s"":{""mean_mae_reduction"":5.778701277337226e-08,""ci_low"":4.6537048837005616e-08,""ci_high"":6.835563223487494e-08,""positive_probability"":1.0,""block_rows"":60,""draws"":500}},""base_pca_to_candidate"":{""60s"":{""mean_mae_reduction"":-1.710523565855929e-05,""ci_low"":-1.968763972523616e-05,""ci_high"":-1.4670687704056665e-05,""positive_probability"":0.0,""block_rows"":12,""draws"":500},""120s"":{""mean_mae_reduction"":-1.710523565855929e-05,""ci_low"":-2.029418695510819e-05,""ci_high"":-1.4707804148021761e-05,""positive_probability"":0.0,""block_rows"":24,""draws"":500},""300s"":{""mean_mae_reduction"":-1.710523565855929e-05,""ci_low"":-2.0697402343429452e-05,""ci_high"":-1.371728970425039e-05,""positive_probability"":0.0,""block_rows"":60,""draws"":500}},""comparator_to_candidate"":{""60s"":{""mean_mae_reduction"":-1.7813709248283794e-07,""ci_low"":-1.8412924214571786e-07,""ci_high"":-1.7203371300587376e-07,""positive_probability"":0.0,""block_rows"":12,""draws"":500},""120s"":{""mean_mae_reduction"":-1.7813709248283794e-07,""ci_low"":-1.8622867487478357e-07,""ci_high"":-1.69706141310882e-07,""positive_probability"":0.0,""block_rows"":24,""draws"":500},""300s"":{""mean_mae_reduction"":-1.7813709248283794e-07,""ci_low"":-1.8916692694398655e-07,""ci_high"":-1.6788620436458534e-07,""positive_probability"":0.0,""block_rows"":60,""draws"":500}}}",,,,,42,call,,parity_restoration,put
,,,,,,12,60,0.032433411299929764,-0.06876860836114923,"{""not_large"":3837,""source_led_correction"":273,""persistent_disagreement"":128,""both_correct"":165,""target_led_correction"":74}",diagnostic_2,500,call_to_put_disequilibrium,,,640,7.576865558018131,100.0,-0.33187961293640456,-0.05287101609119062,0.26565593192290793,,False,"[0,0,947,2890,640]","[null,null,-3.306330363595624e-07,4.373274132880063e-06,-1.1807805640273727e-05]",4477,42,call,-0.01461351480680071,call_relative_move,put
,,,,,,24,120,0.03381771565580184,-0.06661284991984212,"{""not_large"":3837,""source_led_correction"":273,""persistent_disagreement"":128,""both_correct"":165,""target_led_correction"":74}",diagnostic_2,500,call_to_put_disequilibrium,,,640,7.576865558018131,100.0,-0.33187961293640456,-0.05287101609119062,0.26565593192290793,,False,"[0,0,947,2890,640]","[null,null,-3.306330363595624e-07,4.373274132880063e-06,-1.1807805640273727e-05]",4477,42,call,-0.01461351480680071,call_relative_move,put
,,,,,,60,300,0.04084073436539744,-0.07135742507792947,"{""not_large"":3837,""source_led_correction"":273,""persistent_disagreement"":128,""both_correct"":165,""target_led_correction"":74}",diagnostic_2,500,call_to_put_disequilibrium,,,640,7.576865558018131,100.0,-0.33187961293640456,-0.05287101609119062,0.26565593192290793,,False,"[0,0,947,2890,640]","[null,null,-3.306330363595624e-07,4.373274132880063e-06,-1.1807805640273727e-05]",4477,42,call,-0.01461351480680071,call_relative_move,put
,,,,,,12,60,0.059491122132922666,-0.04714325748304089,"{""not_large"":3837,""source_led_correction"":273,""persistent_disagreement"":128,""both_correct"":165,""target_led_correction"":74}",diagnostic_2,500,call_to_put_disequilibrium,,,640,7.576865558018131,100.0,-0.33187961293640456,-0.05287101609119062,0.26565593192290793,,False,"[0,0,947,2890,640]","[null,null,1.8744071534467976e-06,-5.22815740013102e-06,1.4717788508278317e-05]",4477,42,call,0.0025885264388801656,put_relative_move,put
,,,,,,24,120,0.05607277015811704,-0.04026810293439296,"{""not_large"":3837,""source_led_correction"":273,""persistent_disagreement"":128,""both_correct"":165,""target_led_correction"":74}",diagnostic_2,500,call_to_put_disequilibrium,,,640,7.576865558018131,100.0,-0.33187961293640456,-0.05287101609119062,0.26565593192290793,,False,"[0,0,947,2890,640]","[null,null,1.8744071534467976e-06,-5.22815740013102e-06,1.4717788508278317e-05]",4477,42,call,0.0025885264388801656,put_relative_move,put
,,,,,,60,300,0.05550137313782647,-0.050287816582746565,"{""not_large"":3837,""source_led_correction"":273,""persistent_disagreement"":128,""both_correct"":165,""target_led_correction"":74}",diagnostic_2,500,call_to_put_disequilibrium,,,640,7.576865558018131,100.0,-0.33187961293640456,-0.05287101609119062,0.26565593192290793,,False,"[0,0,947,2890,640]","[null,null,1.8744071534467976e-06,-5.22815740013102e-06,1.4717788508278317e-05]",4477,42,call,0.0025885264388801656,put_relative_move,put
,,,,,,12,60,0.012123547819993115,-0.07963370734569884,"{""not_large"":3837,""source_led_correction"":273,""persistent_disagreement"":128,""both_correct"":165,""target_led_correction"":74}",diagnostic_2,500,call_to_put_disequilibrium,,,640,7.576865558018131,100.0,-0.33187961293640456,-0.05287101609119062,0.26565593192290793,,False,"[0,0,947,2890,640]","[null,null,0.00018277128842691747,0.0001808503696253478,0.0001658953773585381]",4477,42,call,-0.03613488380905915,call_put_relative_correction,put
,,,,,,24,120,0.017350512551356556,-0.07679074897814316,"{""not_large"":3837,""source_led_correction"":273,""persistent_disagreement"":128,""both_correct"":165,""target_led_correction"":74}",diagnostic_2,500,call_to_put_disequilibrium,,,640,7.576865558018131,100.0,-0.33187961293640456,-0.05287101609119062,0.26565593192290793,,False,"[0,0,947,2890,640]","[null,null,0.00018277128842691747,0.0001808503696253478,0.0001658953773585381]",4477,42,call,-0.03613488380905915,call_put_relative_correction,put
,,,,,,60,300,0.013769788309100367,-0.08695663673764178,"{""not_large"":3837,""source_led_correction"":273,""persistent_disagreement"":128,""both_correct"":165,""target_led_correction"":74}",diagnostic_2,500,call_to_put_disequilibrium,,,640,7.576865558018131,100.0,-0.33187961293640456,-0.05287101609119062,0.26565593192290793,,False,"[0,0,947,2890,640]","[null,null,0.00018277128842691747,0.0001808503696253478,0.0001658953773585381]",4477,42,call,-0.03613488380905915,call_put_relative_correction,put
,,,,,,12,60,0.025815808437400112,-0.02283679630147273,"{""not_large"":3837,""source_led_correction"":273,""persistent_disagreement"":128,""both_correct"":165,""target_led_correction"":74}",diagnostic_2,500,call_to_put_disequilibrium,,,640,7.576865558018131,100.0,-0.33187961293640456,-0.05287101609119062,0.26565593192290793,,False,"[0,0,947,2890,640]","[null,null,-6.762967536416703e-05,8.495866118005403e-05,-0.00024258664343506097]",4477,42,call,0.0020902959336580704,signed_atm_iv_change,put
,,,,,,24,120,0.02698351886483982,-0.023738539161819398,"{""not_large"":3837,""source_led_correction"":273,""persistent_disagreement"":128,""both_correct"":165,""target_led_correction"":74}",diagnostic_2,500,call_to_put_disequilibrium,,,640,7.576865558018131,100.0,-0.33187961293640456,-0.05287101609119062,0.26565593192290793,,False,"[0,0,947,2890,640]","[null,null,-6.762967536416703e-05,8.495866118005403e-05,-0.00024258664343506097]",4477,42,call,0.0020902959336580704,signed_atm_iv_change,put
,,,,,,60,300,0.024170046586385906,-0.020175188774714123,"{""not_large"":3837,""source_led_correction"":273,""persistent_disagreement"":128,""both_correct"":165,""target_led_correction"":74}",diagnostic_2,500,call_to_put_disequilibrium,,,640,7.576865558018131,100.0,-0.33187961293640456,-0.05287101609119062,0.26565593192290793,,False,"[0,0,947,2890,640]","[null,null,-6.762967536416703e-05,8.495866118005403e-05,-0.00024258664343506097]",4477,42,call,0.0020902959336580704,signed_atm_iv_change,put
,,,,,,12,60,-0.027789070464902726,-0.11153282582570273,"{""not_large"":3837,""source_led_correction"":273,""persistent_disagreement"":128,""both_correct"":165,""target_led_correction"":74}",diagnostic_2,500,call_to_put_disequilibrium,,,640,7.576865558018131,100.0,-0.33187961293640456,-0.05287101609119062,0.26565593192290793,,False,"[0,0,947,2890,640]","[null,null,3.092642145929858e-06,-4.1696645129531634e-07,-2.0843242850787647e-06]",4477,42,call,-0.06631605595648804,parity_restoration,put
,,,,,,24,120,-0.02682060790212644,-0.10626689648714145,"{""not_large"":3837,""source_led_correction"":273,""persistent_disagreement"":128,""both_correct"":165,""target_led_correction"":74}",diagnostic_2,500,call_to_put_disequilibrium,,,640,7.576865558018131,100.0,-0.33187961293640456,-0.05287101609119062,0.26565593192290793,,False,"[0,0,947,2890,640]","[null,null,3.092642145929858e-06,-4.1696645129531634e-07,-2.0843242850787647e-06]",4477,42,call,-0.06631605595648804,parity_restoration,put
,,,,,,60,300,-0.030506426663029478,-0.10491341062220134,"{""not_large"":3837,""source_led_correction"":273,""persistent_disagreement"":128,""both_correct"":165,""target_led_correction"":74}",diagnostic_2,500,call_to_put_disequilibrium,,,640,7.576865558018131,100.0,-0.33187961293640456,-0.05287101609119062,0.26565593192290793,,False,"[0,0,947,2890,640]","[null,null,3.092642145929858e-06,-4.1696645129531634e-07,-2.0843242850787647e-06]",4477,42,call,-0.06631605595648804,parity_restoration,put
,,,,,,12,60,0.14167997591854584,0.037870835096823284,"{""not_large"":3837,""source_led_correction"":273,""persistent_disagreement"":128,""both_correct"":165,""target_led_correction"":74}",diagnostic_2,500,call_to_put_disequilibrium,,,640,7.576865558018131,100.0,-0.33187961293640456,-0.05287101609119062,0.26565593192290793,,False,"[0,0,947,2890,640]","[null,null,-2.2331286131265674e-05,-4.980885858766761e-06,8.337199687957764e-06]",4477,42,call,0.08672043607585057,signed_futures_return,put
,,,,,,24,120,0.14081889767618405,0.04088444874073267,"{""not_large"":3837,""source_led_correction"":273,""persistent_disagreement"":128,""both_correct"":165,""target_led_correction"":74}",diagnostic_2,500,call_to_put_disequilibrium,,,640,7.576865558018131,100.0,-0.33187961293640456,-0.05287101609119062,0.26565593192290793,,False,"[0,0,947,2890,640]","[null,null,-2.2331286131265674e-05,-4.980885858766761e-06,8.337199687957764e-06]",4477,42,call,0.08672043607585057,signed_futures_return,put
,,,,,,60,300,0.13651658981735654,0.03987882660032383,"{""not_large"":3837,""source_led_correction"":273,""persistent_disagreement"":128,""both_correct"":165,""target_led_correction"":74}",diagnostic_2,500,call_to_put_disequilibrium,,,640,7.576865558018131,100.0,-0.33187961293640456,-0.05287101609119062,0.26565593192290793,,False,"[0,0,947,2890,640]","[null,null,-2.2331286131265674e-05,-4.980885858766761e-06,8.337199687957764e-06]",4477,42,call,0.08672043607585057,signed_futures_return,put
,,,,,,12,60,0.0006186205893079466,-0.06145941295797863,"{""not_large"":3837,""source_led_correction"":273,""persistent_disagreement"":128,""both_correct"":165,""target_led_correction"":74}",diagnostic_2,500,call_to_put_disequilibrium,,,640,7.576865558018131,100.0,-0.33187961293640456,-0.05287101609119062,0.26565593192290793,,False,"[0,0,947,2890,640]","[null,null,3.1153305390572624e-05,5.637192912863014e-07,-4.595603286361438e-05]",4477,42,call,-0.026338316599791523,surface_residual_restoration,put
,,,,,,24,120,0.0007503266532413903,-0.05574580373242617,"{""not_large"":3837,""source_led_correction"":273,""persistent_disagreement"":128,""both_correct"":165,""target_led_correction"":74}",diagnostic_2,500,call_to_put_disequilibrium,,,640,7.576865558018131,100.0,-0.33187961293640456,-0.05287101609119062,0.26565593192290793,,False,"[0,0,947,2890,640]","[null,null,3.1153305390572624e-05,5.637192912863014e-07,-4.595603286361438e-05]",4477,42,call,-0.026338316599791523,surface_residual_restoration,put
,,,,,,60,300,-0.002360670696019278,-0.053763830233984664,"{""not_large"":3837,""source_led_correction"":273,""persistent_disagreement"":128,""both_correct"":165,""target_led_correction"":74}",diagnostic_2,500,call_to_put_disequilibrium,,,640,7.576865558018131,100.0,-0.33187961293640456,-0.05287101609119062,0.26565593192290793,,False,"[0,0,947,2890,640]","[null,null,3.1153305390572624e-05,5.637192912863014e-07,-4.595603286361438e-05]",4477,42,call,-0.026338316599791523,surface_residual_restoration,put
-8.879971520434554,-8.908911274676063,-10.223303226945678,-9.367150830495776,-9.392235627771093,-10.24420262862541,,,,,,diagnostic_2,,call_to_put_increment,0.02893975424150952,0.025084797275317428,,,,,,,"{""base_to_candidate"":{""60s"":{""mean_mae_reduction"":3.0526523131504052e-06,""ci_low"":2.882931502124775e-06,""ci_high"":3.2209359838118473e-06,""positive_probability"":1.0,""block_rows"":12,""draws"":500},""120s"":{""mean_mae_reduction"":3.0526523131504052e-06,""ci_low"":2.8131611350801642e-06,""ci_high"":3.2749283148996733e-06,""positive_probability"":1.0,""block_rows"":24,""draws"":500},""300s"":{""mean_mae_reduction"":3.0526523131504052e-06,""ci_low"":2.7459203830449806e-06,""ci_high"":3.3413338311213393e-06,""positive_probability"":1.0,""block_rows"":60,""draws"":500}},""base_pca_to_candidate"":{""60s"":{""mean_mae_reduction"":3.6639883572200727e-06,""ci_low"":3.405031008605659e-06,""ci_high"":3.869392732827947e-06,""positive_probability"":1.0,""block_rows"":12,""draws"":500},""120s"":{""mean_mae_reduction"":3.6639883572200727e-06,""ci_low"":3.396129060774706e-06,""ci_high"":3.968697708115774e-06,""positive_probability"":1.0,""block_rows"":24,""draws"":500},""300s"":{""mean_mae_reduction"":3.6639883572200727e-06,""ci_low"":3.2774011098997644e-06,""ci_high"":4.08085176508582e-06,""positive_probability"":1.0,""block_rows"":60,""draws"":500}},""comparator_to_candidate"":{""60s"":{""mean_mae_reduction"":4.227059180025445e-06,""ci_low"":3.958443175131026e-06,""ci_high"":4.4819626827492764e-06,""positive_probability"":1.0,""block_rows"":12,""draws"":500},""120s"":{""mean_mae_reduction"":4.227059180025445e-06,""ci_low"":3.904982798072726e-06,""ci_high"":4.5533597674542245e-06,""positive_probability"":1.0,""block_rows"":24,""draws"":500},""300s"":{""mean_mae_reduction"":4.227059180025445e-06,""ci_low"":3.778249494242844e-06,""ci_high"":4.644449526400934e-06,""positive_probability"":1.0,""block_rows"":60,""draws"":500}}}",,,,,42,call,,call_put_relative_correction,put
-18.6186202160286,-18.60553046310387,-1.2856615692255922,-2.3944279360833547,-1.3735838574380579,-1.2866054086850411,,,,,,diagnostic_2,,call_to_put_increment,-0.013089752924727804,-1.0208440786452968,,,,,,,"{""base_to_candidate"":{""60s"":{""mean_mae_reduction"":1.3684270614882675e-08,""ci_low"":7.825530264247908e-09,""ci_high"":2.0303447796016987e-08,""positive_probability"":1.0,""block_rows"":12,""draws"":500},""120s"":{""mean_mae_reduction"":1.3684270614882675e-08,""ci_low"":5.6193686708564085e-09,""ci_high"":2.1479727252128456e-08,""positive_probability"":1.0,""block_rows"":24,""draws"":500},""300s"":{""mean_mae_reduction"":1.3684270614882675e-08,""ci_low"":2.7315520383778795e-09,""ci_high"":2.4786934206749097e-08,""positive_probability"":0.994,""block_rows"":60,""draws"":500}},""base_pca_to_candidate"":{""60s"":{""mean_mae_reduction"":-1.4800723245819971e-05,""ci_low"":-1.7423853542397855e-05,""ci_high"":-1.246462313161491e-05,""positive_probability"":0.0,""block_rows"":12,""draws"":500},""120s"":{""mean_mae_reduction"":-1.4800723245819971e-05,""ci_low"":-1.7363999105947873e-05,""ci_high"":-1.2062137425542643e-05,""positive_probability"":0.0,""block_rows"":24,""draws"":500},""300s"":{""mean_mae_reduction"":-1.4800723245819971e-05,""ci_low"":-1.854190623457225e-05,""ci_high"":-1.1070932649606308e-05,""positive_probability"":0.0,""block_rows"":60,""draws"":500}},""comparator_to_candidate"":{""60s"":{""mean_mae_reduction"":-1.8978197988100072e-07,""ci_low"":-1.9409487671754746e-07,""ci_high"":-1.8577694706808967e-07,""positive_probability"":0.0,""block_rows"":12,""draws"":500},""120s"":{""mean_mae_reduction"":-1.8978197988100072e-07,""ci_low"":-1.9577628494637571e-07,""ci_high"":-1.8409218337563098e-07,""positive_probability"":0.0,""block_rows"":24,""draws"":500},""300s"":{""mean_mae_reduction"":-1.8978197988100072e-07,""ci_low"":-1.9795654416291068e-07,""ci_high"":-1.8250758257091633e-07,""positive_probability"":0.0,""block_rows"":60,""draws"":500}}}",,,,,42,call,,parity_restoration,put
,,,,,,12,60,0.06874182967122058,-0.06679845208271923,"{""not_large"":2238,""both_correct"":48,""target_led_correction"":9,""source_led_correction"":41,""persistent_disagreement"":6}",diagnostic_1,500,call_to_put_disequilibrium,,,104,7.500700794231023,100.0,-0.4805736486566407,-0.010211318867827104,0.43300993589125625,,False,"[0,0,440,1798,104]","[null,null,1.0008288716728038e-06,1.8243796012889556e-09,1.8588062420559043e-05]",2342,101,call,0.000144937521609703,call_relative_move,put
,,,,,,24,120,0.06841971377361725,-0.06430255431550544,"{""not_large"":2238,""both_correct"":48,""target_led_correction"":9,""source_led_correction"":41,""persistent_disagreement"":6}",diagnostic_1,500,call_to_put_disequilibrium,,,104,7.500700794231023,100.0,-0.4805736486566407,-0.010211318867827104,0.43300993589125625,,False,"[0,0,440,1798,104]","[null,null,1.0008288716728038e-06,1.8243796012889556e-09,1.8588062420559043e-05]",2342,101,call,0.000144937521609703,call_relative_move,put
,,,,,,60,300,0.07587076227196436,-0.05750665994117706,"{""not_large"":2238,""both_correct"":48,""target_led_correction"":9,""source_led_correction"":41,""persistent_disagreement"":6}",diagnostic_1,500,call_to_put_disequilibrium,,,104,7.500700794231023,100.0,-0.4805736486566407,-0.010211318867827104,0.43300993589125625,,False,"[0,0,440,1798,104]","[null,null,1.0008288716728038e-06,1.8243796012889556e-09,1.8588062420559043e-05]",2342,101,call,0.000144937521609703,call_relative_move,put
,,,,,,12,60,0.07006623717861754,-0.055090226682998775,"{""not_large"":2238,""both_correct"":48,""target_led_correction"":9,""source_led_correction"":41,""persistent_disagreement"":6}",diagnostic_1,500,call_to_put_disequilibrium,,,104,7.500700794231023,100.0,-0.4805736486566407,-0.010211318867827104,0.43300993589125625,,False,"[0,0,440,1798,104]","[null,null,-2.7277760884978555e-06,-1.6548391379772357e-06,-2.4210811646368642e-05]",2342,101,call,0.003459289079116271,put_relative_move,put
,,,,,,24,120,0.06859813960740675,-0.05708358674387542,"{""not_large"":2238,""both_correct"":48,""target_led_correction"":9,""source_led_correction"":41,""persistent_disagreement"":6}",diagnostic_1,500,call_to_put_disequilibrium,,,104,7.500700794231023,100.0,-0.4805736486566407,-0.010211318867827104,0.43300993589125625,,False,"[0,0,440,1798,104]","[null,null,-2.7277760884978555e-06,-1.6548391379772357e-06,-2.4210811646368642e-05]",2342,101,call,0.003459289079116271,put_relative_move,put
,,,,,,60,300,0.06633261991173724,-0.06460305044082433,"{""not_large"":2238,""both_correct"":48,""target_led_correction"":9,""source_led_correction"":41,""persistent_disagreement"":6}",diagnostic_1,500,call_to_put_disequilibrium,,,104,7.500700794231023,100.0,-0.4805736486566407,-0.010211318867827104,0.43300993589125625,,False,"[0,0,440,1798,104]","[null,null,-2.7277760884978555e-06,-1.6548391379772357e-06,-2.4210811646368642e-05]",2342,101,call,0.003459289079116271,put_relative_move,put
,,,,,,12,60,0.08652490113455251,-0.03461938034151994,"{""not_large"":2238,""both_correct"":48,""target_led_correction"":9,""source_led_correction"":41,""persistent_disagreement"":6}",diagnostic_1,500,call_to_put_disequilibrium,,,104,7.500700794231023,100.0,-0.4805736486566407,-0.010211318867827104,0.43300993589125625,,False,"[0,0,440,1798,104]","[null,null,0.00010398374341258949,0.00010221256042889695,0.00013573064419548385]",2342,101,call,0.026023764937488918,call_put_relative_correction,put
,,,,,,24,120,0.10361369567624662,-0.024462543455175085,"{""not_large"":2238,""both_correct"":48,""target_led_correction"":9,""source_led_correction"":41,""persistent_disagreement"":6}",diagnostic_1,500,call_to_put_disequilibrium,,,104,7.500700794231023,100.0,-0.4805736486566407,-0.010211318867827104,0.43300993589125625,,False,"[0,0,440,1798,104]","[null,null,0.00010398374341258949,0.00010221256042889695,0.00013573064419548385]",2342,101,call,0.026023764937488918,call_put_relative_correction,put
,,,,,,60,300,0.11407226549748563,-0.01788771026174647,"{""not_large"":2238,""both_correct"":48,""target_led_correction"":9,""source_led_correction"":41,""persistent_disagreement"":6}",diagnostic_1,500,call_to_put_disequilibrium,,,104,7.500700794231023,100.0,-0.4805736486566407,-0.010211318867827104,0.43300993589125625,,False,"[0,0,440,1798,104]","[null,null,0.00010398374341258949,0.00010221256042889695,0.00013573064419548385]",2342,101,call,0.026023764937488918,call_put_relative_correction,put
,,,,,,12,60,0.023653816800051852,-0.05845147350369273,"{""not_large"":2238,""both_correct"":48,""target_led_correction"":9,""source_led_correction"":41,""persistent_disagreement"":6}",diagnostic_1,500,call_to_put_disequilibrium,,,104,7.500700794231023,100.0,-0.4805736486566407,-0.010211318867827104,0.43300993589125625,,False,"[0,0,440,1798,104]","[null,null,1.0125931691039693e-05,1.4330702807932462e-05,-0.0004935828395760977]",2342,101,call,-0.02068709107917577,signed_atm_iv_change,put
,,,,,,24,120,0.01937880779883726,-0.06190314667761291,"{""not_large"":2238,""both_correct"":48,""target_led_correction"":9,""source_led_correction"":41,""persistent_disagreement"":6}",diagnostic_1,500,call_to_put_disequilibrium,,,104,7.500700794231023,100.0,-0.4805736486566407,-0.010211318867827104,0.43300993589125625,,False,"[0,0,440,1798,104]","[null,null,1.0125931691039693e-05,1.4330702807932462e-05,-0.0004935828395760977]",2342,101,call,-0.02068709107917577,signed_atm_iv_change,put
,,,,,,60,300,0.015666427224955495,-0.05802298433399224,"{""not_large"":2238,""both_correct"":48,""target_led_correction"":9,""source_led_correction"":41,""persistent_disagreement"":6}",diagnostic_1,500,call_to_put_disequilibrium,,,104,7.500700794231023,100.0,-0.4805736486566407,-0.010211318867827104,0.43300993589125625,,False,"[0,0,440,1798,104]","[null,null,1.0125931691039693e-05,1.4330702807932462e-05,-0.0004935828395760977]",2342,101,call,-0.02068709107917577,signed_atm_iv_change,put
,,,,,,12,60,0.026084543450570742,-0.08491162361300006,"{""not_large"":2238,""both_correct"":48,""target_led_correction"":9,""source_led_correction"":41,""persistent_disagreement"":6}",diagnostic_1,500,call_to_put_disequilibrium,,,104,7.500700794231023,100.0,-0.4805736486566407,-0.010211318867827104,0.43300993589125625,,False,"[0,0,440,1798,104]","[null,null,1.839280598274358e-06,-1.149127738558334e-08,5.580822499513698e-07]",2342,101,call,-0.028268144668115745,parity_restoration,put
,,,,,,24,120,0.028718582274315244,-0.08133962367275875,"{""not_large"":2238,""both_correct"":48,""target_led_correction"":9,""source_led_correction"":41,""persistent_disagreement"":6}",diagnostic_1,500,call_to_put_disequilibrium,,,104,7.500700794231023,100.0,-0.4805736486566407,-0.010211318867827104,0.43300993589125625,,False,"[0,0,440,1798,104]","[null,null,1.839280598274358e-06,-1.149127738558334e-08,5.580822499513698e-07]",2342,101,call,-0.028268144668115745,parity_restoration,put
,,,,,,60,300,0.030831751501616423,-0.0802592022336048,"{""not_large"":2238,""both_correct"":48,""target_led_correction"":9,""source_led_correction"":41,""persistent_disagreement"":6}",diagnostic_1,500,call_to_put_disequilibrium,,,104,7.500700794231023,100.0,-0.4805736486566407,-0.010211318867827104,0.43300993589125625,,False,"[0,0,440,1798,104]","[null,null,1.839280598274358e-06,-1.149127738558334e-08,5.580822499513698e-07]",2342,101,call,-0.028268144668115745,parity_restoration,put
,,,,,,12,60,0.12403482624746405,-0.0019871025048416014,"{""not_large"":2238,""both_correct"":48,""target_led_correction"":9,""source_led_correction"":41,""persistent_disagreement"":6}",diagnostic_1,500,call_to_put_disequilibrium,,,104,7.500700794231023,100.0,-0.4805736486566407,-0.010211318867827104,0.43300993589125625,,False,"[0,0,440,1798,104]","[null,null,-2.2836164994673295e-05,2.7045524690519847e-06,-1.794558305006761e-05]",2342,101,call,0.06033234242346193,signed_futures_return,put
,,,,,,24,120,0.12962141914812514,0.0008383032715221991,"{""not_large"":2238,""both_correct"":48,""target_led_correction"":9,""source_led_correction"":41,""persistent_disagreement"":6}",diagnostic_1,500,call_to_put_disequilibrium,,,104,7.500700794231023,100.0,-0.4805736486566407,-0.010211318867827104,0.43300993589125625,,False,"[0,0,440,1798,104]","[null,null,-2.2836164994673295e-05,2.7045524690519847e-06,-1.794558305006761e-05]",2342,101,call,0.06033234242346193,signed_futures_return,put
,,,,,,60,300,0.1300473933498803,-0.00447683563624262,"{""not_large"":2238,""both_correct"":48,""target_led_correction"":9,""source_led_correction"":41,""persistent_disagreement"":6}",diagnostic_1,500,call_to_put_disequilibrium,,,104,7.500700794231023,100.0,-0.4805736486566407,-0.010211318867827104,0.43300993589125625,,False,"[0,0,440,1798,104]","[null,null,-2.2836164994673295e-05,2.7045524690519847e-06,-1.794558305006761e-05]",2342,101,call,0.06033234242346193,signed_futures_return,put
,,,,,,12,60,0.02123482733335099,-0.059989728721003464,"{""not_large"":2238,""both_correct"":48,""target_led_correction"":9,""source_led_correction"":41,""persistent_disagreement"":6}",diagnostic_1,500,call_to_put_disequilibrium,,,104,7.500700794231023,100.0,-0.4805736486566407,-0.010211318867827104,0.43300993589125625,,False,"[0,0,440,1798,104]","[null,null,2.383216763271114e-05,-3.160447003341226e-06,5.959462774066756e-06]",2342,101,call,-0.019000467579581425,surface_residual_restoration,put
,,,,,,24,120,0.019106253634768686,-0.062467616208347655,"{""not_large"":2238,""both_correct"":48,""target_led_correction"":9,""source_led_correction"":41,""persistent_disagreement"":6}",diagnostic_1,500,call_to_put_disequilibrium,,,104,7.500700794231023,100.0,-0.4805736486566407,-0.010211318867827104,0.43300993589125625,,False,"[0,0,440,1798,104]","[null,null,2.383216763271114e-05,-3.160447003341226e-06,5.959462774066756e-06]",2342,101,call,-0.019000467579581425,surface_residual_restoration,put
,,,,,,60,300,0.01426475255222914,-0.05785843274039984,"{""not_large"":2238,""both_correct"":48,""target_led_correction"":9,""source_led_correction"":41,""persistent_disagreement"":6}",diagnostic_1,500,call_to_put_disequilibrium,,,104,7.500700794231023,100.0,-0.4805736486566407,-0.010211318867827104,0.43300993589125625,,False,"[0,0,440,1798,104]","[null,null,2.383216763271114e-05,-3.160447003341226e-06,5.959462774066756e-06]",2342,101,call,-0.019000467579581425,surface_residual_restoration,put
-12.123652995844248,-12.283314325037784,-15.135696429722547,-13.426227905846444,-13.539999958284415,-15.249422490424635,,,,,,diagnostic_1,,call_to_put_increment,0.15966132919353626,0.11377205243797128,,,,,,,"{""base_to_candidate"":{""60s"":{""mean_mae_reduction"":8.301650181135098e-06,""ci_low"":7.792254327325036e-06,""ci_high"":8.788802596155493e-06,""positive_probability"":1.0,""block_rows"":12,""draws"":500},""120s"":{""mean_mae_reduction"":8.301650181135098e-06,""ci_low"":7.67351098476802e-06,""ci_high"":8.903369924443162e-06,""positive_probability"":1.0,""block_rows"":24,""draws"":500},""300s"":{""mean_mae_reduction"":8.301650181135098e-06,""ci_low"":7.547920536317901e-06,""ci_high"":8.969365699184671e-06,""positive_probability"":1.0,""block_rows"":60,""draws"":500}},""base_pca_to_candidate"":{""60s"":{""mean_mae_reduction"":8.305007435401366e-06,""ci_low"":7.708252240287678e-06,""ci_high"":8.871473908402276e-06,""positive_probability"":1.0,""block_rows"":12,""draws"":500},""120s"":{""mean_mae_reduction"":8.305007435401366e-06,""ci_low"":7.609380697344641e-06,""ci_high"":9.051803771524629e-06,""positive_probability"":1.0,""block_rows"":24,""draws"":500},""300s"":{""mean_mae_reduction"":8.305007435401366e-06,""ci_low"":7.459369002236789e-06,""ci_high"":9.142121134198322e-06,""positive_probability"":1.0,""block_rows"":60,""draws"":500}},""comparator_to_candidate"":{""60s"":{""mean_mae_reduction"":1.1654782503122298e-05,""ci_low"":1.0687612767548807e-05,""ci_high"":1.2433267799661171e-05,""positive_probability"":1.0,""block_rows"":12,""draws"":500},""120s"":{""mean_mae_reduction"":1.1654782503122298e-05,""ci_low"":1.0682009562937121e-05,""ci_high"":1.2649063450554532e-05,""positive_probability"":1.0,""block_rows"":24,""draws"":500},""300s"":{""mean_mae_reduction"":1.1654782503122298e-05,""ci_low"":1.0389892646071943e-05,""ci_high"":1.2835877165092638e-05,""positive_probability"":1.0,""block_rows"":60,""draws"":500}}}",,,,,101,call,,call_put_relative_correction,put
-18.207861145642024,-18.032999617814426,-1.4870384361678948,-2.3183494557909405,-1.530886564034113,-1.550979653461845,,,,,,diagnostic_1,,call_to_put_increment,-0.17486152782759845,-0.7874628917568276,,,,,,,"{""base_to_candidate"":{""60s"":{""mean_mae_reduction"":8.592638424408801e-07,""ci_low"":7.552709999856739e-07,""ci_high"":9.683555292061143e-07,""positive_probability"":1.0,""block_rows"":12,""draws"":500},""120s"":{""mean_mae_reduction"":8.592638424408801e-07,""ci_low"":7.496807586403425e-07,""ci_high"":9.862287766215561e-07,""positive_probability"":1.0,""block_rows"":24,""draws"":500},""300s"":{""mean_mae_reduction"":8.592638424408801e-07,""ci_low"":6.890323730524106e-07,""ci_high"":1.0161716428950745e-06,""positive_probability"":1.0,""block_rows"":60,""draws"":500}},""base_pca_to_candidate"":{""60s"":{""mean_mae_reduction"":-1.0582194377688127e-05,""ci_low"":-1.3141921507169228e-05,""ci_high"":-8.199404490045332e-06,""positive_probability"":0.0,""block_rows"":12,""draws"":500},""120s"":{""mean_mae_reduction"":-1.0582194377688127e-05,""ci_low"":-1.3757370505026437e-05,""ci_high"":-8.12687070685062e-06,""positive_probability"":0.0,""block_rows"":24,""draws"":500},""300s"":{""mean_mae_reduction"":-1.0582194377688127e-05,""ci_low"":-1.4074554268265146e-05,""ci_high"":-7.371064985605522e-06,""positive_probability"":0.0,""block_rows"":60,""draws"":500}},""comparator_to_candidate"":{""60s"":{""mean_mae_reduction"":-2.349848730678463e-06,""ci_low"":-2.41229042631259e-06,""ci_high"":-2.290109754286469e-06,""positive_probability"":0.0,""block_rows"":12,""draws"":500},""120s"":{""mean_mae_reduction"":-2.349848730678463e-06,""ci_low"":-2.430915371160875e-06,""ci_high"":-2.2649466600359353e-06,""positive_probability"":0.0,""block_rows"":24,""draws"":500},""300s"":{""mean_mae_reduction"":-2.349848730678463e-06,""ci_low"":-2.4632906237685894e-06,""ci_high"":-2.252587372930719e-06,""positive_probability"":0.0,""block_rows"":60,""draws"":500}}}",,,,,101,call,,parity_restoration,put
,,,,,,12,60,0.04490728441424152,-0.05589296746965627,"{""not_large"":4027,""source_led_correction"":148,""both_correct"":198,""persistent_disagreement"":55,""target_led_correction"":49}",diagnostic_2,500,call_to_put_disequilibrium,,,450,7.500700794231023,100.0,-0.3313670634511224,0.03330045520517944,0.3106519441760994,,False,"[0,0,462,3565,450]","[null,null,-1.6779972197995946e-05,2.8165500757361526e-06,5.5111184095342955e-06]",4477,101,call,-0.006401439185095495,call_relative_move,put
,,,,,,24,120,0.04669705621931066,-0.059406300967420604,"{""not_large"":4027,""source_led_correction"":148,""both_correct"":198,""persistent_disagreement"":55,""target_led_correction"":49}",diagnostic_2,500,call_to_put_disequilibrium,,,450,7.500700794231023,100.0,-0.3313670634511224,0.03330045520517944,0.3106519441760994,,False,"[0,0,462,3565,450]","[null,null,-1.6779972197995946e-05,2.8165500757361526e-06,5.5111184095342955e-06]",4477,101,call,-0.006401439185095495,call_relative_move,put
,,,,,,60,300,0.048477889246829116,-0.05126203941360885,"{""not_large"":4027,""source_led_correction"":148,""both_correct"":198,""persistent_disagreement"":55,""target_led_correction"":49}",diagnostic_2,500,call_to_put_disequilibrium,,,450,7.500700794231023,100.0,-0.3313670634511224,0.03330045520517944,0.3106519441760994,,False,"[0,0,462,3565,450]","[null,null,-1.6779972197995946e-05,2.8165500757361526e-06,5.5111184095342955e-06]",4477,101,call,-0.006401439185095495,call_relative_move,put
,,,,,,12,60,0.057060221246418616,-0.043544112364607444,"{""not_large"":4027,""source_led_correction"":148,""both_correct"":198,""persistent_disagreement"":55,""target_led_correction"":49}",diagnostic_2,500,call_to_put_disequilibrium,,,450,7.500700794231023,100.0,-0.3313670634511224,0.03330045520517944,0.3106519441760994,,False,"[0,0,462,3565,450]","[null,null,2.1888877998924617e-05,-3.3669409487098663e-06,-4.498764044708676e-06]",4477,101,call,0.008923418720674254,put_relative_move,put
,,,,,,24,120,0.0576970683793159,-0.040451241687399817,"{""not_large"":4027,""source_led_correction"":148,""both_correct"":198,""persistent_disagreement"":55,""target_led_correction"":49}",diagnostic_2,500,call_to_put_disequilibrium,,,450,7.500700794231023,100.0,-0.3313670634511224,0.03330045520517944,0.3106519441760994,,False,"[0,0,462,3565,450]","[null,null,2.1888877998924617e-05,-3.3669409487098663e-06,-4.498764044708676e-06]",4477,101,call,0.008923418720674254,put_relative_move,put
,,,,,,60,300,0.05419323038883641,-0.04476324042093165,"{""not_large"":4027,""source_led_correction"":148,""both_correct"":198,""persistent_disagreement"":55,""target_led_correction"":49}",diagnostic_2,500,call_to_put_disequilibrium,,,450,7.500700794231023,100.0,-0.3313670634511224,0.03330045520517944,0.3106519441760994,,False,"[0,0,462,3565,450]","[null,null,2.1888877998924617e-05,-3.3669409487098663e-06,-4.498764044708676e-06]",4477,101,call,0.008923418720674254,put_relative_move,put
,,,,,,12,60,0.029698584434173496,-0.055020488042414856,"{""not_large"":4027,""source_led_correction"":148,""both_correct"":198,""persistent_disagreement"":55,""target_led_correction"":49}",diagnostic_2,500,call_to_put_disequilibrium,,,450,7.500700794231023,100.0,-0.3313670634511224,0.03330045520517944,0.3106519441760994,,False,"[0,0,462,3565,450]","[null,null,0.00020073741967729353,0.00017554045009569147,0.00018527250529991256]",4477,101,call,-0.01762012083709482,call_put_relative_correction,put
,,,,,,24,120,0.027853515359606562,-0.06177344716015047,"{""not_large"":4027,""source_led_correction"":148,""both_correct"":198,""persistent_disagreement"":55,""target_led_correction"":49}",diagnostic_2,500,call_to_put_disequilibrium,,,450,7.500700794231023,100.0,-0.3313670634511224,0.03330045520517944,0.3106519441760994,,False,"[0,0,462,3565,450]","[null,null,0.00020073741967729353,0.00017554045009569147,0.00018527250529991256]",4477,101,call,-0.01762012083709482,call_put_relative_correction,put
,,,,,,60,300,0.03424776099016375,-0.05869508530879714,"{""not_large"":4027,""source_led_correction"":148,""both_correct"":198,""persistent_disagreement"":55,""target_led_correction"":49}",diagnostic_2,500,call_to_put_disequilibrium,,,450,7.500700794231023,100.0,-0.3313670634511224,0.03330045520517944,0.3106519441760994,,False,"[0,0,462,3565,450]","[null,null,0.00020073741967729353,0.00017554045009569147,0.00018527250529991256]",4477,101,call,-0.01762012083709482,call_put_relative_correction,put
,,,,,,12,60,0.013829313487166366,-0.0376853811983674,"{""not_large"":4027,""source_led_correction"":148,""both_correct"":198,""persistent_disagreement"":55,""target_led_correction"":49}",diagnostic_2,500,call_to_put_disequilibrium,,,450,7.500700794231023,100.0,-0.3313670634511224,0.03330045520517944,0.3106519441760994,,False,"[0,0,462,3565,450]","[null,null,-8.86159154759857e-05,4.35165925079442e-05,-0.00019548071755303277]",4477,101,call,-0.013031276657974789,signed_atm_iv_change,put
,,,,,,24,120,0.015268739097960428,-0.03917177323009338,"{""not_large"":4027,""source_led_correction"":148,""both_correct"":198,""persistent_disagreement"":55,""target_led_correction"":49}",diagnostic_2,500,call_to_put_disequilibrium,,,450,7.500700794231023,100.0,-0.3313670634511224,0.03330045520517944,0.3106519441760994,,False,"[0,0,462,3565,450]","[null,null,-8.86159154759857e-05,4.35165925079442e-05,-0.00019548071755303277]",4477,101,call,-0.013031276657974789,signed_atm_iv_change,put
,,,,,,60,300,0.012292997418500434,-0.03791806177215548,"{""not_large"":4027,""source_led_correction"":148,""both_correct"":198,""persistent_disagreement"":55,""target_led_correction"":49}",diagnostic_2,500,call_to_put_disequilibrium,,,450,7.500700794231023,100.0,-0.3313670634511224,0.03330045520517944,0.3106519441760994,,False,"[0,0,462,3565,450]","[null,null,-8.86159154759857e-05,4.35165925079442e-05,-0.00019548071755303277]",4477,101,call,-0.013031276657974789,signed_atm_iv_change,put
,,,,,,12,60,-0.002654816043989092,-0.08639075749183642,"{""not_large"":4027,""source_led_correction"":148,""both_correct"":198,""persistent_disagreement"":55,""target_led_correction"":49}",diagnostic_2,500,call_to_put_disequilibrium,,,450,7.500700794231023,100.0,-0.3313670634511224,0.03330045520517944,0.3106519441760994,,False,"[0,0,462,3565,450]","[null,null,2.842208379968417e-06,4.7314003800423385e-08,-2.4267625990938137e-06]",4477,101,call,-0.045067488583729796,parity_restoration,put
,,,,,,24,120,-0.005536794808142552,-0.08057644824590783,"{""not_large"":4027,""source_led_correction"":148,""both_correct"":198,""persistent_disagreement"":55,""target_led_correction"":49}",diagnostic_2,500,call_to_put_disequilibrium,,,450,7.500700794231023,100.0,-0.3313670634511224,0.03330045520517944,0.3106519441760994,,False,"[0,0,462,3565,450]","[null,null,2.842208379968417e-06,4.7314003800423385e-08,-2.4267625990938137e-06]",4477,101,call,-0.045067488583729796,parity_restoration,put
,,,,,,60,300,-0.007055326210992781,-0.07735384705451986,"{""not_large"":4027,""source_led_correction"":148,""both_correct"":198,""persistent_disagreement"":55,""target_led_correction"":49}",diagnostic_2,500,call_to_put_disequilibrium,,,450,7.500700794231023,100.0,-0.3313670634511224,0.03330045520517944,0.3106519441760994,,False,"[0,0,462,3565,450]","[null,null,2.842208379968417e-06,4.7314003800423385e-08,-2.4267625990938137e-06]",4477,101,call,-0.045067488583729796,parity_restoration,put
,,,,,,12,60,0.0657653204214003,-0.023452524866962542,"{""not_large"":4027,""source_led_correction"":148,""both_correct"":198,""persistent_disagreement"":55,""target_led_correction"":49}",diagnostic_2,500,call_to_put_disequilibrium,,,450,7.500700794231023,100.0,-0.3313670634511224,0.03330045520517944,0.3106519441760994,,False,"[0,0,462,3565,450]","[null,null,-1.7401459929230926e-05,-5.4954646513137714e-06,-5.724165174696181e-06]",4477,101,call,0.02012539298300551,signed_futures_return,put
,,,,,,24,120,0.06887235617604526,-0.02837362772312316,"{""not_large"":4027,""source_led_correction"":148,""both_correct"":198,""persistent_disagreement"":55,""target_led_correction"":49}",diagnostic_2,500,call_to_put_disequilibrium,,,450,7.500700794231023,100.0,-0.3313670634511224,0.03330045520517944,0.3106519441760994,,False,"[0,0,462,3565,450]","[null,null,-1.7401459929230926e-05,-5.4954646513137714e-06,-5.724165174696181e-06]",4477,101,call,0.02012539298300551,signed_futures_return,put
,,,,,,60,300,0.07241311596311092,-0.02425898869605156,"{""not_large"":4027,""source_led_correction"":148,""both_correct"":198,""persistent_disagreement"":55,""target_led_correction"":49}",diagnostic_2,500,call_to_put_disequilibrium,,,450,7.500700794231023,100.0,-0.3313670634511224,0.03330045520517944,0.3106519441760994,,False,"[0,0,462,3565,450]","[null,null,-1.7401459929230926e-05,-5.4954646513137714e-06,-5.724165174696181e-06]",4477,101,call,0.02012539298300551,signed_futures_return,put
,,,,,,12,60,0.01968491397110382,-0.04090528116216485,"{""not_large"":4027,""source_led_correction"":148,""both_correct"":198,""persistent_disagreement"":55,""target_led_correction"":49}",diagnostic_2,500,call_to_put_disequilibrium,,,450,7.500700794231023,100.0,-0.3313670634511224,0.03330045520517944,0.3106519441760994,,False,"[0,0,462,3565,450]","[null,null,-5.776883987785474e-06,4.281590983818898e-06,-2.416774117995778e-05]",4477,101,call,-0.010202085794058333,surface_residual_restoration,put
,,,,,,24,120,0.018970553479591763,-0.04143614769425544,"{""not_large"":4027,""source_led_correction"":148,""both_correct"":198,""persistent_disagreement"":55,""target_led_correction"":49}",diagnostic_2,500,call_to_put_disequilibrium,,,450,7.500700794231023,100.0,-0.3313670634511224,0.03330045520517944,0.3106519441760994,,False,"[0,0,462,3565,450]","[null,null,-5.776883987785474e-06,4.281590983818898e-06,-2.416774117995778e-05]",4477,101,call,-0.010202085794058333,surface_residual_restoration,put
,,,,,,60,300,0.015584930407531351,-0.037354085710890786,"{""not_large"":4027,""source_led_correction"":148,""both_correct"":198,""persistent_disagreement"":55,""target_led_correction"":49}",diagnostic_2,500,call_to_put_disequilibrium,,,450,7.500700794231023,100.0,-0.3313670634511224,0.03330045520517944,0.3106519441760994,,False,"[0,0,462,3565,450]","[null,null,-5.776883987785474e-06,4.281590983818898e-06,-2.416774117995778e-05]",4477,101,call,-0.010202085794058333,surface_residual_restoration,put
-8.829805666692787,-8.908911274676063,-10.188252469299789,-9.333192152508438,-9.392235627771093,-10.24420262862541,,,,,,diagnostic_2,,call_to_put_increment,0.07910560798327637,0.059043475262654965,,,,,,,"{""base_to_candidate"":{""60s"":{""mean_mae_reduction"":8.172309710288215e-06,""ci_low"":7.70310583124801e-06,""ci_high"":8.651020666728099e-06,""positive_probability"":1.0,""block_rows"":12,""draws"":500},""120s"":{""mean_mae_reduction"":8.172309710288215e-06,""ci_low"":7.535348540568233e-06,""ci_high"":8.744848583198906e-06,""positive_probability"":1.0,""block_rows"":24,""draws"":500},""300s"":{""mean_mae_reduction"":8.172309710288215e-06,""ci_low"":7.357635335306846e-06,""ci_high"":8.909500105597287e-06,""positive_probability"":1.0,""block_rows"":60,""draws"":500}},""base_pca_to_candidate"":{""60s"":{""mean_mae_reduction"":8.624132121053741e-06,""ci_low"":8.007948839850885e-06,""ci_high"":9.16014099357978e-06,""positive_probability"":1.0,""block_rows"":12,""draws"":500},""120s"":{""mean_mae_reduction"":8.624132121053741e-06,""ci_low"":7.938048139335868e-06,""ci_high"":9.31595238637974e-06,""positive_probability"":1.0,""block_rows"":24,""draws"":500},""300s"":{""mean_mae_reduction"":8.624132121053741e-06,""ci_low"":7.711587018300737e-06,""ci_high"":9.575910662059818e-06,""positive_probability"":1.0,""block_rows"":60,""draws"":500}},""comparator_to_candidate"":{""60s"":{""mean_mae_reduction"":1.1554489496582085e-05,""ci_low"":1.0757351001132467e-05,""ci_high"":1.2249538405217427e-05,""positive_probability"":1.0,""block_rows"":12,""draws"":500},""120s"":{""mean_mae_reduction"":1.1554489496582085e-05,""ci_low"":1.0644687330155909e-05,""ci_high"":1.2440717210648023e-05,""positive_probability"":1.0,""block_rows"":24,""draws"":500},""300s"":{""mean_mae_reduction"":1.1554489496582085e-05,""ci_low"":1.029233626740252e-05,""ci_high"":1.2743809667799479e-05,""positive_probability"":1.0,""block_rows"":60,""draws"":500}}}",,,,,101,call,,call_put_relative_correction,put
-18.784419696520562,-18.60553046310387,-1.2713780783294828,-2.351345351712737,-1.3735838574380579,-1.2866054086850411,,,,,,diagnostic_2,,call_to_put_increment,-0.17888923341669027,-0.9777614942746791,,,,,,,"{""base_to_candidate"":{""60s"":{""mean_mae_reduction"":2.207736784488888e-07,""ci_low"":1.2322832883493882e-07,""ci_high"":3.2932536174179917e-07,""positive_probability"":1.0,""block_rows"":12,""draws"":500},""120s"":{""mean_mae_reduction"":2.207736784488888e-07,""ci_low"":9.501386717577736e-08,""ci_high"":3.413596062335657e-07,""positive_probability"":1.0,""block_rows"":24,""draws"":500},""300s"":{""mean_mae_reduction"":2.207736784488888e-07,""ci_low"":3.3746531545522276e-08,""ci_high"":3.970006510547436e-07,""positive_probability"":0.996,""block_rows"":60,""draws"":500}},""base_pca_to_candidate"":{""60s"":{""mean_mae_reduction"":-1.4176089747597217e-05,""ci_low"":-1.693399405848767e-05,""ci_high"":-1.1620390062063892e-05,""positive_probability"":0.0,""block_rows"":12,""draws"":500},""120s"":{""mean_mae_reduction"":-1.4176089747597217e-05,""ci_low"":-1.7024241501971143e-05,""ci_high"":-1.1203643854512223e-05,""positive_probability"":0.0,""block_rows"":24,""draws"":500},""300s"":{""mean_mae_reduction"":-1.4176089747597217e-05,""ci_low"":-1.8413171443627457e-05,""ci_high"":-1.0298608121539984e-05,""positive_probability"":0.0,""block_rows"":60,""draws"":500}},""comparator_to_candidate"":{""60s"":{""mean_mae_reduction"":-2.5936282443553185e-06,""ci_low"":-2.632184850862777e-06,""ci_high"":-2.5533924206135026e-06,""positive_probability"":0.0,""block_rows"":12,""draws"":500},""120s"":{""mean_mae_reduction"":-2.5936282443553185e-06,""ci_low"":-2.647738884954374e-06,""ci_high"":-2.5442096613836923e-06,""positive_probability"":0.0,""block_rows"":24,""draws"":500},""300s"":{""mean_mae_reduction"":-2.5936282443553185e-06,""ci_low"":-2.664373971379847e-06,""ci_high"":-2.531741496926203e-06,""positive_probability"":0.0,""block_rows"":60,""draws"":500}}}",,,,,101,call,,parity_restoration,put
