base_plus_handcrafted_latent_skill,base_plus_handcrafted_skill,base_plus_latent_skill,base_plus_pca_latent_skill,base_plus_pca_skill,base_skill,block_rows,block_seconds,ci_high,ci_low,correction_event_frequencies,diagnostic,draws,feature,increment_beyond_handcrafted,increment_beyond_pca,large_event_samples,large_threshold,mapping_alpha,mean_forward_change_large,mean_source_progress_large,mean_target_progress_large,paired_intervals,quintile_monotonic,quintile_samples,quintile_target_means,samples,seed,source_subsystem,spearman,target,target_subsystem
,,,,,,12,60,-0.006373183823995813,-0.147416814699843,"{""not_large"":1464,""both_correct"":209,""target_led_correction"":179,""persistent_disagreement"":283,""source_led_correction"":207}",diagnostic_1,500,futures_to_options_disequilibrium,,,878,8.590440270630435,100.0,-0.7746985682009051,-0.026816965867482112,0.02385412955332136,,False,"[0,58,775,631,878]","[null,-1.2677291343952047e-05,7.309452179939516e-06,2.218690802669374e-06,-1.5240323842250675e-05]",2342,1,futures,-0.07738556673779938,signed_futures_return,options
,,,,,,24,120,-0.0033463447314195545,-0.14703513165171248,"{""not_large"":1464,""both_correct"":209,""target_led_correction"":179,""persistent_disagreement"":283,""source_led_correction"":207}",diagnostic_1,500,futures_to_options_disequilibrium,,,878,8.590440270630435,100.0,-0.7746985682009051,-0.026816965867482112,0.02385412955332136,,False,"[0,58,775,631,878]","[null,-1.2677291343952047e-05,7.309452179939516e-06,2.218690802669374e-06,-1.5240323842250675e-05]",2342,1,futures,-0.07738556673779938,signed_futures_return,options
,,,,,,60,300,0.0014770713268812152,-0.1502877391451214,"{""not_large"":1464,""both_correct"":209,""target_led_correction"":179,""persistent_disagreement"":283,""source_led_correction"":207}",diagnostic_1,500,futures_to_options_disequilibrium,,,878,8.590440270630435,100.0,-0.7746985682009051,-0.026816965867482112,0.02385412955332136,,False,"[0,58,775,631,878]","[null,-1.2677291343952047e-05,7.309452179939516e-06,2.218690802669374e-06,-1.5240323842250675e-05]",2342,1,futures,-0.07738556673779938,signed_futures_return,options
,,,,,,12,60,-0.006192631959775173,-0.09170990421929828,"{""not_large"":1464,""both_correct"":209,""target_led_correction"":179,""persistent_disagreement"":283,""source_led_correction"":207}",diagnostic_1,500,futures_to_options_disequilibrium,,,878,8.590440270630435,100.0,-0.7746985682009051,-0.026816965867482112,0.02385412955332136,,False,"[0,58,775,631,878]","[null,-0.002326513544238847,0.0004946274430521072,0.00022715507237544718,-0.0004702094933845459]",2342,1,futures,-0.054417315731930135,signed_atm_iv_change,options
,,,,,,24,120,-0.013445702308657659,-0.09334284762024894,"{""not_large"":1464,""both_correct"":209,""target_led_correction"":179,""persistent_disagreement"":283,""source_led_correction"":207}",diagnostic_1,500,futures_to_options_disequilibrium,,,878,8.590440270630435,100.0,-0.7746985682009051,-0.026816965867482112,0.02385412955332136,,False,"[0,58,775,631,878]","[null,-0.002326513544238847,0.0004946274430521072,0.00022715507237544718,-0.0004702094933845459]",2342,1,futures,-0.054417315731930135,signed_atm_iv_change,options
,,,,,,60,300,-0.01269905341221034,-0.08443383587686903,"{""not_large"":1464,""both_correct"":209,""target_led_correction"":179,""persistent_disagreement"":283,""source_led_correction"":207}",diagnostic_1,500,futures_to_options_disequilibrium,,,878,8.590440270630435,100.0,-0.7746985682009051,-0.026816965867482112,0.02385412955332136,,False,"[0,58,775,631,878]","[null,-0.002326513544238847,0.0004946274430521072,0.00022715507237544718,-0.0004702094933845459]",2342,1,futures,-0.054417315731930135,signed_atm_iv_change,options
,,,,,,12,60,0.13258375799553687,0.049523958662304975,"{""not_large"":1464,""both_correct"":209,""target_led_correction"":179,""persistent_disagreement"":283,""source_led_correction"":207}",diagnostic_1,500,futures_to_options_disequilibrium,,,878,8.590440270630435,100.0,-0.7746985682009051,-0.026816965867482112,0.02385412955332136,,False,"[0,58,775,631,878]","[null,0.04359209887990807,0.041498217337962114,0.04321445284997387,0.046188816077784745]",2342,1,futures,0.09203174132374939,surface_displacement,options
,,,,,,24,120,0.13498814071593115,0.05025751193686806,"{""not_large"":1464,""both_correct"":209,""target_led_correction"":179,""persistent_disagreement"":283,""source_led_correction"":207}",diagnostic_1,500,futures_to_options_disequilibrium,,,878,8.590440270630435,100.0,-0.7746985682009051,-0.026816965867482112,0.02385412955332136,,False,"[0,58,775,631,878]","[null,0.04359209887990807,0.041498217337962114,0.04321445284997387,0.046188816077784745]",2342,1,futures,0.09203174132374939,surface_displacement,options
,,,,,,60,300,0.12417844409357183,0.0416617908978132,"{""not_large"":1464,""both_correct"":209,""target_led_correction"":179,""persistent_disagreement"":283,""source_led_correction"":207}",diagnostic_1,500,futures_to_options_disequilibrium,,,878,8.590440270630435,100.0,-0.7746985682009051,-0.026816965867482112,0.02385412955332136,,False,"[0,58,775,631,878]","[null,0.04359209887990807,0.041498217337962114,0.04321445284997387,0.046188816077784745]",2342,1,futures,0.09203174132374939,surface_displacement,options
,,,,,,12,60,0.12095024381291576,-0.00734374156349571,"{""not_large"":1464,""both_correct"":209,""target_led_correction"":179,""persistent_disagreement"":283,""source_led_correction"":207}",diagnostic_1,500,futures_to_options_disequilibrium,,,878,8.590440270630435,100.0,-0.7746985682009051,-0.026816965867482112,0.02385412955332136,,False,"[0,58,775,631,878]","[null,2.771164245445859e-06,-2.1980770038827624e-06,5.295121927658744e-07,2.340914189788605e-06]",2342,1,futures,0.062223135831486094,parity_restoration,options
,,,,,,24,120,0.12066011768917415,-0.005319491164681895,"{""not_large"":1464,""both_correct"":209,""target_led_correction"":179,""persistent_disagreement"":283,""source_led_correction"":207}",diagnostic_1,500,futures_to_options_disequilibrium,,,878,8.590440270630435,100.0,-0.7746985682009051,-0.026816965867482112,0.02385412955332136,,False,"[0,58,775,631,878]","[null,2.771164245445859e-06,-2.1980770038827624e-06,5.295121927658744e-07,2.340914189788605e-06]",2342,1,futures,0.062223135831486094,parity_restoration,options
,,,,,,60,300,0.11687817661729863,0.006768666952760979,"{""not_large"":1464,""both_correct"":209,""target_led_correction"":179,""persistent_disagreement"":283,""source_led_correction"":207}",diagnostic_1,500,futures_to_options_disequilibrium,,,878,8.590440270630435,100.0,-0.7746985682009051,-0.026816965867482112,0.02385412955332136,,False,"[0,58,775,631,878]","[null,2.771164245445859e-06,-2.1980770038827624e-06,5.295121927658744e-07,2.340914189788605e-06]",2342,1,futures,0.062223135831486094,parity_restoration,options
,,,,,,12,60,0.0669671769837795,-0.05134404545877652,"{""not_large"":1464,""both_correct"":209,""target_led_correction"":179,""persistent_disagreement"":283,""source_led_correction"":207}",diagnostic_1,500,futures_to_options_disequilibrium,,,878,8.590440270630435,100.0,-0.7746985682009051,-0.026816965867482112,0.02385412955332136,,False,"[0,58,775,631,878]","[null,4.430452425932062e-05,4.280257489412062e-05,4.3586299425543014e-05,5.1384585949853235e-05]",2342,1,futures,0.013029048893463709,absolute_atm_straddle_change,options
,,,,,,24,120,0.06915565117422143,-0.05460413105603614,"{""not_large"":1464,""both_correct"":209,""target_led_correction"":179,""persistent_disagreement"":283,""source_led_correction"":207}",diagnostic_1,500,futures_to_options_disequilibrium,,,878,8.590440270630435,100.0,-0.7746985682009051,-0.026816965867482112,0.02385412955332136,,False,"[0,58,775,631,878]","[null,4.430452425932062e-05,4.280257489412062e-05,4.3586299425543014e-05,5.1384585949853235e-05]",2342,1,futures,0.013029048893463709,absolute_atm_straddle_change,options
,,,,,,60,300,0.07882193802754316,-0.05376069468041094,"{""not_large"":1464,""both_correct"":209,""target_led_correction"":179,""persistent_disagreement"":283,""source_led_correction"":207}",diagnostic_1,500,futures_to_options_disequilibrium,,,878,8.590440270630435,100.0,-0.7746985682009051,-0.026816965867482112,0.02385412955332136,,False,"[0,58,775,631,878]","[null,4.430452425932062e-05,4.280257489412062e-05,4.3586299425543014e-05,5.1384585949853235e-05]",2342,1,futures,0.013029048893463709,absolute_atm_straddle_change,options
,,,,,,12,60,0.029986127958259196,-0.04333719691239774,"{""not_large"":1464,""both_correct"":209,""target_led_correction"":179,""persistent_disagreement"":283,""source_led_correction"":207}",diagnostic_1,500,futures_to_options_disequilibrium,,,878,8.590440270630435,100.0,-0.7746985682009051,-0.026816965867482112,0.02385412955332136,,False,"[0,58,775,631,878]","[null,5.3240457732342825e-05,-1.4485133898204132e-05,1.3920715942694e-05,-5.520534688916592e-06]",2342,1,futures,-0.009452387817034884,near_atm_spread_change,options
,,,,,,24,120,0.019798155320271904,-0.042122077432133115,"{""not_large"":1464,""both_correct"":209,""target_led_correction"":179,""persistent_disagreement"":283,""source_led_correction"":207}",diagnostic_1,500,futures_to_options_disequilibrium,,,878,8.590440270630435,100.0,-0.7746985682009051,-0.026816965867482112,0.02385412955332136,,False,"[0,58,775,631,878]","[null,5.3240457732342825e-05,-1.4485133898204132e-05,1.3920715942694e-05,-5.520534688916592e-06]",2342,1,futures,-0.009452387817034884,near_atm_spread_change,options
,,,,,,60,300,0.017574168186772182,-0.042265325677750085,"{""not_large"":1464,""both_correct"":209,""target_led_correction"":179,""persistent_disagreement"":283,""source_led_correction"":207}",diagnostic_1,500,futures_to_options_disequilibrium,,,878,8.590440270630435,100.0,-0.7746985682009051,-0.026816965867482112,0.02385412955332136,,False,"[0,58,775,631,878]","[null,5.3240457732342825e-05,-1.4485133898204132e-05,1.3920715942694e-05,-5.520534688916592e-06]",2342,1,futures,-0.009452387817034884,near_atm_spread_change,options
,,,,,,12,60,0.06983654160732868,-0.08379323712240654,"{""not_large"":1464,""both_correct"":209,""target_led_correction"":179,""persistent_disagreement"":283,""source_led_correction"":207}",diagnostic_1,500,futures_to_options_disequilibrium,,,878,8.590440270630435,100.0,-0.7746985682009051,-0.026816965867482112,0.02385412955332136,,False,"[0,58,775,631,878]","[null,0.00010743984235180734,0.00011374632785100317,0.0001150411102600205,0.00011401749643926721]",2342,1,futures,-0.013208141875534153,realized_futures_volatility,options
,,,,,,24,120,0.07309527689270828,-0.09417431539408294,"{""not_large"":1464,""both_correct"":209,""target_led_correction"":179,""persistent_disagreement"":283,""source_led_correction"":207}",diagnostic_1,500,futures_to_options_disequilibrium,,,878,8.590440270630435,100.0,-0.7746985682009051,-0.026816965867482112,0.02385412955332136,,False,"[0,58,775,631,878]","[null,0.00010743984235180734,0.00011374632785100317,0.0001150411102600205,0.00011401749643926721]",2342,1,futures,-0.013208141875534153,realized_futures_volatility,options
,,,,,,60,300,0.08871596714258373,-0.08582848439623518,"{""not_large"":1464,""both_correct"":209,""target_led_correction"":179,""persistent_disagreement"":283,""source_led_correction"":207}",diagnostic_1,500,futures_to_options_disequilibrium,,,878,8.590440270630435,100.0,-0.7746985682009051,-0.026816965867482112,0.02385412955332136,,False,"[0,58,775,631,878]","[null,0.00010743984235180734,0.00011374632785100317,0.0001150411102600205,0.00011401749643926721]",2342,1,futures,-0.013208141875534153,realized_futures_volatility,options
-0.14064512534326212,-0.15290242237290497,-0.08280715832903329,-0.009928433138334025,-0.004032467533416906,-0.08200533791537845,,,,,,diagnostic_1,,futures_to_options_increment,0.012257297029642844,-0.005895965604917119,,,,,,,"{""base_to_candidate"":{""60s"":{""mean_mae_reduction"":-1.537468351757065e-05,""ci_low"":-4.249535222753747e-05,""ci_high"":9.576239109759798e-06,""positive_probability"":0.114,""block_rows"":12,""draws"":500},""120s"":{""mean_mae_reduction"":-1.537468351757065e-05,""ci_low"":-4.869090981138937e-05,""ci_high"":1.7149689263810223e-05,""positive_probability"":0.158,""block_rows"":24,""draws"":500},""300s"":{""mean_mae_reduction"":-1.537468351757065e-05,""ci_low"":-5.629819570395001e-05,""ci_high"":2.8167129246883768e-05,""positive_probability"":0.214,""block_rows"":60,""draws"":500}},""base_pca_to_candidate"":{""60s"":{""mean_mae_reduction"":-0.00011305350133565477,""ci_low"":-0.00014240731149401317,""ci_high"":-9.005268343049496e-05,""positive_probability"":0.0,""block_rows"":12,""draws"":500},""120s"":{""mean_mae_reduction"":-0.00011305350133565477,""ci_low"":-0.0001422126680928609,""ci_high"":-8.59174011316845e-05,""positive_probability"":0.0,""block_rows"":24,""draws"":500},""300s"":{""mean_mae_reduction"":-0.00011305350133565477,""ci_low"":-0.00014722114298190448,""ci_high"":-7.77725058618932e-05,""positive_probability"":0.0,""block_rows"":60,""draws"":500}},""comparator_to_candidate"":{""60s"":{""mean_mae_reduction"":0.0002350302628896865,""ci_low"":0.00020629791601971189,""ci_high"":0.00026276799777584243,""positive_probability"":1.0,""block_rows"":12,""draws"":500},""120s"":{""mean_mae_reduction"":0.0002350302628896865,""ci_low"":0.0001996665508697,""ci_high"":0.00027366726139131366,""positive_probability"":1.0,""block_rows"":24,""draws"":500},""300s"":{""mean_mae_reduction"":0.0002350302628896865,""ci_low"":0.00019191490414494653,""ci_high"":0.0002879681951329807,""positive_probability"":1.0,""block_rows"":60,""draws"":500}}}",,,,,1,futures,,surface_displacement,options
-0.5186938603383409,-0.5293804988603081,0.029451264088547036,0.036743335649207176,0.037140299171189994,0.029302902911803264,,,,,,diagnostic_1,,futures_to_options_increment,0.010686638521967273,-0.00039696352198281826,,,,,,,"{""base_to_candidate"":{""60s"":{""mean_mae_reduction"":6.751682866290271e-07,""ci_low"":-1.668835565639903e-07,""ci_high"":1.5123053577540916e-06,""positive_probability"":0.948,""block_rows"":12,""draws"":500},""120s"":{""mean_mae_reduction"":6.751682866290271e-07,""ci_low"":-2.8955355625216857e-07,""ci_high"":1.6540076938794332e-06,""positive_probability"":0.91,""block_rows"":24,""draws"":500},""300s"":{""mean_mae_reduction"":6.751682866290271e-07,""ci_low"":-6.258585752030972e-07,""ci_high"":1.842003989013541e-06,""positive_probability"":0.864,""block_rows"":60,""draws"":500}},""base_pca_to_candidate"":{""60s"":{""mean_mae_reduction"":-1.8065183013064269e-06,""ci_low"":-2.629905693021064e-06,""ci_high"":-1.0018059442475704e-06,""positive_probability"":0.0,""block_rows"":12,""draws"":500},""120s"":{""mean_mae_reduction"":-1.8065183013064269e-06,""ci_low"":-2.6748460566178186e-06,""ci_high"":-1.0076398248307972e-06,""positive_probability"":0.0,""block_rows"":24,""draws"":500},""300s"":{""mean_mae_reduction"":-1.8065183013064269e-06,""ci_low"":-2.871939360375155e-06,""ci_high"":-8.65224111143028e-07,""positive_probability"":0.0,""block_rows"":60,""draws"":500}},""comparator_to_candidate"":{""60s"":{""mean_mae_reduction"":4.8633204312984486e-05,""ci_low"":4.644357286475947e-05,""ci_high"":5.0604740389430766e-05,""positive_probability"":1.0,""block_rows"":12,""draws"":500},""120s"":{""mean_mae_reduction"":4.8633204312984486e-05,""ci_low"":4.661100904386338e-05,""ci_high"":5.064216012967709e-05,""positive_probability"":1.0,""block_rows"":24,""draws"":500},""300s"":{""mean_mae_reduction"":4.8633204312984486e-05,""ci_low"":4.649367095124932e-05,""ci_high"":5.119529609991854e-05,""positive_probability"":1.0,""block_rows"":60,""draws"":500}}}",,,,,1,futures,,signed_atm_iv_change,options
,,,,,,12,60,0.04286382455782577,-0.06429183779581646,"{""not_large"":3216,""source_led_correction"":384,""target_led_correction"":274,""persistent_disagreement"":366,""both_correct"":237}",diagnostic_2,500,futures_to_options_disequilibrium,,,1261,8.590440270630435,100.0,-0.7409836322790715,-0.2548897335569084,0.023446801566193155,,False,"[0,238,1786,1192,1261]","[null,-3.0593711788914786e-05,-2.982768606632314e-06,3.858700694653812e-06,-1.7603269935505054e-05]",4477,1,futures,-0.012818828270618168,signed_futures_return,options
,,,,,,24,120,0.04984544961545733,-0.0612392897830647,"{""not_large"":3216,""source_led_correction"":384,""target_led_correction"":274,""persistent_disagreement"":366,""both_correct"":237}",diagnostic_2,500,futures_to_options_disequilibrium,,,1261,8.590440270630435,100.0,-0.7409836322790715,-0.2548897335569084,0.023446801566193155,,False,"[0,238,1786,1192,1261]","[null,-3.0593711788914786e-05,-2.982768606632314e-06,3.858700694653812e-06,-1.7603269935505054e-05]",4477,1,futures,-0.012818828270618168,signed_futures_return,options
,,,,,,60,300,0.04291791717246899,-0.06283339463187569,"{""not_large"":3216,""source_led_correction"":384,""target_led_correction"":274,""persistent_disagreement"":366,""both_correct"":237}",diagnostic_2,500,futures_to_options_disequilibrium,,,1261,8.590440270630435,100.0,-0.7409836322790715,-0.2548897335569084,0.023446801566193155,,False,"[0,238,1786,1192,1261]","[null,-3.0593711788914786e-05,-2.982768606632314e-06,3.858700694653812e-06,-1.7603269935505054e-05]",4477,1,futures,-0.012818828270618168,signed_futures_return,options
,,,,,,12,60,0.05347282686996698,-0.0031846515669358938,"{""not_large"":3216,""source_led_correction"":384,""target_led_correction"":274,""persistent_disagreement"":366,""both_correct"":237}",diagnostic_2,500,futures_to_options_disequilibrium,,,1261,8.590440270630435,100.0,-0.7409836322790715,-0.2548897335569084,0.023446801566193155,,False,"[0,238,1786,1192,1261]","[null,-0.0033792509313891918,0.00014074364508119436,0.0009004254106607213,-0.00039189828827114546]",4477,1,futures,0.02562677057187516,signed_atm_iv_change,options
,,,,,,24,120,0.056057834788758254,-0.0047235008233467695,"{""not_large"":3216,""source_led_correction"":384,""target_led_correction"":274,""persistent_disagreement"":366,""both_correct"":237}",diagnostic_2,500,futures_to_options_disequilibrium,,,1261,8.590440270630435,100.0,-0.7409836322790715,-0.2548897335569084,0.023446801566193155,,False,"[0,238,1786,1192,1261]","[null,-0.0033792509313891918,0.00014074364508119436,0.0009004254106607213,-0.00039189828827114546]",4477,1,futures,0.02562677057187516,signed_atm_iv_change,options
,,,,,,60,300,0.059339978319676356,-0.007762596986886603,"{""not_large"":3216,""source_led_correction"":384,""target_led_correction"":274,""persistent_disagreement"":366,""both_correct"":237}",diagnostic_2,500,futures_to_options_disequilibrium,,,1261,8.590440270630435,100.0,-0.7409836322790715,-0.2548897335569084,0.023446801566193155,,False,"[0,238,1786,1192,1261]","[null,-0.0033792509313891918,0.00014074364508119436,0.0009004254106607213,-0.00039189828827114546]",4477,1,futures,0.02562677057187516,signed_atm_iv_change,options
,,,,,,12,60,0.07909003346564511,0.00820830423291819,"{""not_large"":3216,""source_led_correction"":384,""target_led_correction"":274,""persistent_disagreement"":366,""both_correct"":237}",diagnostic_2,500,futures_to_options_disequilibrium,,,1261,8.590440270630435,100.0,-0.7409836322790715,-0.2548897335569084,0.023446801566193155,,False,"[0,238,1786,1192,1261]","[null,0.04560091029283693,0.04285421217606508,0.043033163796941915,0.0454832340199977]",4477,1,futures,0.047388347984258304,surface_displacement,options
,,,,,,24,120,0.084971415729783,0.002431756281732805,"{""not_large"":3216,""source_led_correction"":384,""target_led_correction"":274,""persistent_disagreement"":366,""both_correct"":237}",diagnostic_2,500,futures_to_options_disequilibrium,,,1261,8.590440270630435,100.0,-0.7409836322790715,-0.2548897335569084,0.023446801566193155,,False,"[0,238,1786,1192,1261]","[null,0.04560091029283693,0.04285421217606508,0.043033163796941915,0.0454832340199977]",4477,1,futures,0.047388347984258304,surface_displacement,options
,,,,,,60,300,0.08342425888014836,-0.007222200625875272,"{""not_large"":3216,""source_led_correction"":384,""target_led_correction"":274,""persistent_disagreement"":366,""both_correct"":237}",diagnostic_2,500,futures_to_options_disequilibrium,,,1261,8.590440270630435,100.0,-0.7409836322790715,-0.2548897335569084,0.023446801566193155,,False,"[0,238,1786,1192,1261]","[null,0.04560091029283693,0.04285421217606508,0.043033163796941915,0.0454832340199977]",4477,1,futures,0.047388347984258304,surface_displacement,options
,,,,,,12,60,0.11908710899107405,0.025709337571847766,"{""not_large"":3216,""source_led_correction"":384,""target_led_correction"":274,""persistent_disagreement"":366,""both_correct"":237}",diagnostic_2,500,futures_to_options_disequilibrium,,,1261,8.590440270630435,100.0,-0.7409836322790715,-0.2548897335569084,0.023446801566193155,,False,"[0,238,1786,1192,1261]","[null,4.7324354210188573e-07,-1.0730093509834668e-06,-1.7661167515711132e-06,3.408965449017202e-06]",4477,1,futures,0.07366607610284087,parity_restoration,options
,,,,,,24,120,0.11650081203262286,0.02705256110053881,"{""not_large"":3216,""source_led_correction"":384,""target_led_correction"":274,""persistent_disagreement"":366,""both_correct"":237}",diagnostic_2,500,futures_to_options_disequilibrium,,,1261,8.590440270630435,100.0,-0.7409836322790715,-0.2548897335569084,0.023446801566193155,,False,"[0,238,1786,1192,1261]","[null,4.7324354210188573e-07,-1.0730093509834668e-06,-1.7661167515711132e-06,3.408965449017202e-06]",4477,1,futures,0.07366607610284087,parity_restoration,options
,,,,,,60,300,0.1191259970451199,0.031629510181348075,"{""not_large"":3216,""source_led_correction"":384,""target_led_correction"":274,""persistent_disagreement"":366,""both_correct"":237}",diagnostic_2,500,futures_to_options_disequilibrium,,,1261,8.590440270630435,100.0,-0.7409836322790715,-0.2548897335569084,0.023446801566193155,,False,"[0,238,1786,1192,1261]","[null,4.7324354210188573e-07,-1.0730093509834668e-06,-1.7661167515711132e-06,3.408965449017202e-06]",4477,1,futures,0.07366607610284087,parity_restoration,options
,,,,,,12,60,0.11699355351419806,0.026131884417456955,"{""not_large"":3216,""source_led_correction"":384,""target_led_correction"":274,""persistent_disagreement"":366,""both_correct"":237}",diagnostic_2,500,futures_to_options_disequilibrium,,,1261,8.590440270630435,100.0,-0.7409836322790715,-0.2548897335569084,0.023446801566193155,,False,"[0,238,1786,1192,1261]","[null,6.583652326038905e-05,5.732393173828371e-05,8.157020725384854e-05,8.67418720313805e-05]",4477,1,futures,0.0704765032406548,absolute_atm_straddle_change,options
,,,,,,24,120,0.11395658564635458,0.019630248393978846,"{""not_large"":3216,""source_led_correction"":384,""target_led_correction"":274,""persistent_disagreement"":366,""both_correct"":237}",diagnostic_2,500,futures_to_options_disequilibrium,,,1261,8.590440270630435,100.0,-0.7409836322790715,-0.2548897335569084,0.023446801566193155,,False,"[0,238,1786,1192,1261]","[null,6.583652326038905e-05,5.732393173828371e-05,8.157020725384854e-05,8.67418720313805e-05]",4477,1,futures,0.0704765032406548,absolute_atm_straddle_change,options
,,,,,,60,300,0.11939355149356255,0.02376474994006853,"{""not_large"":3216,""source_led_correction"":384,""target_led_correction"":274,""persistent_disagreement"":366,""both_correct"":237}",diagnostic_2,500,futures_to_options_disequilibrium,,,1261,8.590440270630435,100.0,-0.7409836322790715,-0.2548897335569084,0.023446801566193155,,False,"[0,238,1786,1192,1261]","[null,6.583652326038905e-05,5.732393173828371e-05,8.157020725384854e-05,8.67418720313805e-05]",4477,1,futures,0.0704765032406548,absolute_atm_straddle_change,options
,,,,,,12,60,0.04236463135230713,-0.01728105877435019,"{""not_large"":3216,""source_led_correction"":384,""target_led_correction"":274,""persistent_disagreement"":366,""both_correct"":237}",diagnostic_2,500,futures_to_options_disequilibrium,,,1261,8.590440270630435,100.0,-0.7409836322790715,-0.2548897335569084,0.023446801566193155,,False,"[0,238,1786,1192,1261]","[null,3.2769254726228626e-05,-9.009350338389665e-06,-1.0849780945795675e-05,1.6084258086129308e-05]",4477,1,futures,0.010525095193096481,near_atm_spread_change,options
,,,,,,24,120,0.0360527661094145,-0.015348989524052477,"{""not_large"":3216,""source_led_correction"":384,""target_led_correction"":274,""persistent_disagreement"":366,""both_correct"":237}",diagnostic_2,500,futures_to_options_disequilibrium,,,1261,8.590440270630435,100.0,-0.7409836322790715,-0.2548897335569084,0.023446801566193155,,False,"[0,238,1786,1192,1261]","[null,3.2769254726228626e-05,-9.009350338389665e-06,-1.0849780945795675e-05,1.6084258086129308e-05]",4477,1,futures,0.010525095193096481,near_atm_spread_change,options
,,,,,,60,300,0.035888345570550303,-0.015691793213191065,"{""not_large"":3216,""source_led_correction"":384,""target_led_correction"":274,""persistent_disagreement"":366,""both_correct"":237}",diagnostic_2,500,futures_to_options_disequilibrium,,,1261,8.590440270630435,100.0,-0.7409836322790715,-0.2548897335569084,0.023446801566193155,,False,"[0,238,1786,1192,1261]","[null,3.2769254726228626e-05,-9.009350338389665e-06,-1.0849780945795675e-05,1.6084258086129308e-05]",4477,1,futures,0.010525095193096481,near_atm_spread_change,options
,,,,,,12,60,0.09868264820454078,-0.020114362533447755,"{""not_large"":3216,""source_led_correction"":384,""target_led_correction"":274,""persistent_disagreement"":366,""both_correct"":237}",diagnostic_2,500,futures_to_options_disequilibrium,,,1261,8.590440270630435,100.0,-0.7409836322790715,-0.2548897335569084,0.023446801566193155,,False,"[0,238,1786,1192,1261]","[null,0.0001222844973658516,0.00012124342381716029,0.00012710051904254332,0.0001302285436766593]",4477,1,futures,0.04488823589934176,realized_futures_volatility,options
,,,,,,24,120,0.1097099682649643,-0.019028161980414036,"{""not_large"":3216,""source_led_correction"":384,""target_led_correction"":274,""persistent_disagreement"":366,""both_correct"":237}",diagnostic_2,500,futures_to_options_disequilibrium,,,1261,8.590440270630435,100.0,-0.7409836322790715,-0.2548897335569084,0.023446801566193155,,False,"[0,238,1786,1192,1261]","[null,0.0001222844973658516,0.00012124342381716029,0.00012710051904254332,0.0001302285436766593]",4477,1,futures,0.04488823589934176,realized_futures_volatility,options
,,,,,,60,300,0.11224516204445739,-0.019214195629273147,"{""not_large"":3216,""source_led_correction"":384,""target_led_correction"":274,""persistent_disagreement"":366,""both_correct"":237}",diagnostic_2,500,futures_to_options_disequilibrium,,,1261,8.590440270630435,100.0,-0.7409836322790715,-0.2548897335569084,0.023446801566193155,,False,"[0,238,1786,1192,1261]","[null,0.0001222844973658516,0.00012124342381716029,0.00012710051904254332,0.0001302285436766593]",4477,1,futures,0.04488823589934176,realized_futures_volatility,options
-0.2838438403747985,-0.3020625343218233,-0.21768849811793278,-0.13216504466609735,-0.126077985639794,-0.2206168077093067,,,,,,diagnostic_2,,futures_to_options_increment,0.0182186939470248,-0.006087059026303354,,,,,,,"{""base_to_candidate"":{""60s"":{""mean_mae_reduction"":5.631341287674253e-05,""ci_low"":3.6662584723498416e-05,""ci_high"":7.276047463186527e-05,""positive_probability"":1.0,""block_rows"":12,""draws"":500},""120s"":{""mean_mae_reduction"":5.631341287674253e-05,""ci_low"":3.190689482242602e-05,""ci_high"":7.888511009564358e-05,""positive_probability"":1.0,""block_rows"":24,""draws"":500},""300s"":{""mean_mae_reduction"":5.631341287674253e-05,""ci_low"":2.1134121676675752e-05,""ci_high"":8.53930570360807e-05,""positive_probability"":1.0,""block_rows"":60,""draws"":500}},""base_pca_to_candidate"":{""60s"":{""mean_mae_reduction"":-0.0001170583428620619,""ci_low"":-0.00014003630400993028,""ci_high"":-9.743841768253186e-05,""positive_probability"":0.0,""block_rows"":12,""draws"":500},""120s"":{""mean_mae_reduction"":-0.0001170583428620619,""ci_low"":-0.0001419056947096345,""ci_high"":-9.082840293920741e-05,""positive_probability"":0.0,""block_rows"":24,""draws"":500},""300s"":{""mean_mae_reduction"":-0.0001170583428620619,""ci_low"":-0.0001583155462734969,""ci_high"":-8.02228120987459e-05,""positive_probability"":0.0,""block_rows"":60,""draws"":500}},""comparator_to_candidate"":{""60s"":{""mean_mae_reduction"":0.0003503580486626114,""ci_low"":0.00032906107551873814,""ci_high"":0.00037230754194300187,""positive_probability"":1.0,""block_rows"":12,""draws"":500},""120s"":{""mean_mae_reduction"":0.0003503580486626114,""ci_low"":0.0003239672201882371,""ci_high"":0.00037361723480014604,""positive_probability"":1.0,""block_rows"":24,""draws"":500},""300s"":{""mean_mae_reduction"":0.0003503580486626114,""ci_low"":0.0003203874963936237,""ci_high"":0.00038143932829801797,""positive_probability"":1.0,""block_rows"":60,""draws"":500}}}",,,,,1,futures,,surface_displacement,options
-0.10532689359019698,-0.1131143848399574,0.06659694739641953,0.07183790404471435,0.0721085956719355,0.06622437172131068,,,,,,diagnostic_2,,futures_to_options_increment,0.007787491249760414,-0.0002706916272211535,,,,,,,"{""base_to_candidate"":{""60s"":{""mean_mae_reduction"":1.9830185512096732e-06,""ci_low"":1.3310103614424994e-06,""ci_high"":2.5884118091687493e-06,""positive_probability"":1.0,""block_rows"":12,""draws"":500},""120s"":{""mean_mae_reduction"":1.9830185512096732e-06,""ci_low"":1.3207457539594236e-06,""ci_high"":2.7195397560986367e-06,""positive_probability"":1.0,""block_rows"":24,""draws"":500},""300s"":{""mean_mae_reduction"":1.9830185512096732e-06,""ci_low"":9.802172837400002e-07,""ci_high"":2.7556618608985443e-06,""positive_probability"":1.0,""block_rows"":60,""draws"":500}},""base_pca_to_candidate"":{""60s"":{""mean_mae_reduction"":-1.4407449393466498e-06,""ci_low"":-2.0925853374400223e-06,""ci_high"":-8.330914217713871e-07,""positive_probability"":0.0,""block_rows"":12,""draws"":500},""120s"":{""mean_mae_reduction"":-1.4407449393466498e-06,""ci_low"":-2.11214509890502e-06,""ci_high"":-7.620489780482938e-07,""positive_probability"":0.0,""block_rows"":24,""draws"":500},""300s"":{""mean_mae_reduction"":-1.4407449393466498e-06,""ci_low"":-2.4272828158501492e-06,""ci_high"":-5.616261214106916e-07,""positive_probability"":0.0,""block_rows"":60,""draws"":500}},""comparator_to_candidate"":{""60s"":{""mean_mae_reduction"":4.14485986267018e-05,""ci_low"":3.940140007030846e-05,""ci_high"":4.3202622577145034e-05,""positive_probability"":1.0,""block_rows"":12,""draws"":500},""120s"":{""mean_mae_reduction"":4.14485986267018e-05,""ci_low"":3.8974301556700715e-05,""ci_high"":4.3619039528569454e-05,""positive_probability"":1.0,""block_rows"":24,""draws"":500},""300s"":{""mean_mae_reduction"":4.14485986267018e-05,""ci_low"":3.8985455270447434e-05,""ci_high"":4.395488591300686e-05,""positive_probability"":1.0,""block_rows"":60,""draws"":500}}}",,,,,1,futures,,signed_atm_iv_change,options
,,,,,,12,60,-0.003374881317235194,-0.15875828648485674,"{""source_led_correction"":471,""not_large"":569,""both_correct"":264,""target_led_correction"":433,""persistent_disagreement"":605}",diagnostic_1,500,futures_to_options_disequilibrium,,,1773,8.595365773849416,100.0,-0.33494449493353806,-0.056388966474484936,0.00043744346108107467,,False,"[0,0,39,530,1773]","[null,null,1.897567357772436e-05,9.043711536335495e-06,-7.097961804453962e-06]",2342,7,futures,-0.07806675858423705,signed_futures_return,options
,,,,,,24,120,-0.0032204810699436436,-0.14634777184748232,"{""source_led_correction"":471,""not_large"":569,""both_correct"":264,""target_led_correction"":433,""persistent_disagreement"":605}",diagnostic_1,500,futures_to_options_disequilibrium,,,1773,8.595365773849416,100.0,-0.33494449493353806,-0.056388966474484936,0.00043744346108107467,,False,"[0,0,39,530,1773]","[null,null,1.897567357772436e-05,9.043711536335495e-06,-7.097961804453962e-06]",2342,7,futures,-0.07806675858423705,signed_futures_return,options
,,,,,,60,300,-0.008385371244210444,-0.15317817933070038,"{""source_led_correction"":471,""not_large"":569,""both_correct"":264,""target_led_correction"":433,""persistent_disagreement"":605}",diagnostic_1,500,futures_to_options_disequilibrium,,,1773,8.595365773849416,100.0,-0.33494449493353806,-0.056388966474484936,0.00043744346108107467,,False,"[0,0,39,530,1773]","[null,null,1.897567357772436e-05,9.043711536335495e-06,-7.097961804453962e-06]",2342,7,futures,-0.07806675858423705,signed_futures_return,options
,,,,,,12,60,-0.01231782787921557,-0.08860462982421756,"{""source_led_correction"":471,""not_large"":569,""both_correct"":264,""target_led_correction"":433,""persistent_disagreement"":605}",diagnostic_1,500,futures_to_options_disequilibrium,,,1773,8.595365773849416,100.0,-0.33494449493353806,-0.056388966474484936,0.00043744346108107467,,False,"[0,0,39,530,1773]","[null,null,-0.0004707620694087102,0.00021662491391289909,-6.630687275244837e-05]",2342,7,futures,-0.053008466655407135,signed_atm_iv_change,options
,,,,,,24,120,-0.01004375974022138,-0.08798307980349972,"{""source_led_correction"":471,""not_large"":569,""both_correct"":264,""target_led_correction"":433,""persistent_disagreement"":605}",diagnostic_1,500,futures_to_options_disequilibrium,,,1773,8.595365773849416,100.0,-0.33494449493353806,-0.056388966474484936,0.00043744346108107467,,False,"[0,0,39,530,1773]","[null,null,-0.0004707620694087102,0.00021662491391289909,-6.630687275244837e-05]",2342,7,futures,-0.053008466655407135,signed_atm_iv_change,options
,,,,,,60,300,-0.013083558003927511,-0.08514851200998955,"{""source_led_correction"":471,""not_large"":569,""both_correct"":264,""target_led_correction"":433,""persistent_disagreement"":605}",diagnostic_1,500,futures_to_options_disequilibrium,,,1773,8.595365773849416,100.0,-0.33494449493353806,-0.056388966474484936,0.00043744346108107467,,False,"[0,0,39,530,1773]","[null,null,-0.0004707620694087102,0.00021662491391289909,-6.630687275244837e-05]",2342,7,futures,-0.053008466655407135,signed_atm_iv_change,options
,,,,,,12,60,0.12857890371714545,0.054416504573019026,"{""source_led_correction"":471,""not_large"":569,""both_correct"":264,""target_led_correction"":433,""persistent_disagreement"":605}",diagnostic_1,500,futures_to_options_disequilibrium,,,1773,8.595365773849416,100.0,-0.33494449493353806,-0.056388966474484936,0.00043744346108107467,,False,"[0,0,39,530,1773]","[null,null,0.03982701375518246,0.0413214864341022,0.044589914884409214]",2342,7,futures,0.09484029779930557,surface_displacement,options
,,,,,,24,120,0.1342817370698642,0.04928349337831212,"{""source_led_correction"":471,""not_large"":569,""both_correct"":264,""target_led_correction"":433,""persistent_disagreement"":605}",diagnostic_1,500,futures_to_options_disequilibrium,,,1773,8.595365773849416,100.0,-0.33494449493353806,-0.056388966474484936,0.00043744346108107467,,False,"[0,0,39,530,1773]","[null,null,0.03982701375518246,0.0413214864341022,0.044589914884409214]",2342,7,futures,0.09484029779930557,surface_displacement,options
,,,,,,60,300,0.12931716546388394,0.04407069244711843,"{""source_led_correction"":471,""not_large"":569,""both_correct"":264,""target_led_correction"":433,""persistent_disagreement"":605}",diagnostic_1,500,futures_to_options_disequilibrium,,,1773,8.595365773849416,100.0,-0.33494449493353806,-0.056388966474484936,0.00043744346108107467,,False,"[0,0,39,530,1773]","[null,null,0.03982701375518246,0.0413214864341022,0.044589914884409214]",2342,7,futures,0.09484029779930557,surface_displacement,options
,,,,,,12,60,0.11908026805073485,-0.014473936649485394,"{""source_led_correction"":471,""not_large"":569,""both_correct"":264,""target_led_correction"":433,""persistent_disagreement"":605}",diagnostic_1,500,futures_to_options_disequilibrium,,,1773,8.595365773849416,100.0,-0.33494449493353806,-0.056388966474484936,0.00043744346108107467,,False,"[0,0,39,530,1773]","[null,null,-1.0441076600004751e-06,-2.7277764927003893e-06,1.3159077497843237e-06]",2342,7,futures,0.05689936645456484,parity_restoration,options
,,,,,,24,120,0.12239732454294287,-0.013502734257836319,"{""source_led_correction"":471,""not_large"":569,""both_correct"":264,""target_led_correction"":433,""persistent_disagreement"":605}",diagnostic_1,500,futures_to_options_disequilibrium,,,1773,8.595365773849416,100.0,-0.33494449493353806,-0.056388966474484936,0.00043744346108107467,,False,"[0,0,39,530,1773]","[null,null,-1.0441076600004751e-06,-2.7277764927003893e-06,1.3159077497843237e-06]",2342,7,futures,0.05689936645456484,parity_restoration,options
,,,,,,60,300,0.11924444211481888,-0.011733637110913617,"{""source_led_correction"":471,""not_large"":569,""both_correct"":264,""target_led_correction"":433,""persistent_disagreement"":605}",diagnostic_1,500,futures_to_options_disequilibrium,,,1773,8.595365773849416,100.0,-0.33494449493353806,-0.056388966474484936,0.00043744346108107467,,False,"[0,0,39,530,1773]","[null,null,-1.0441076600004751e-06,-2.7277764927003893e-06,1.3159077497843237e-06]",2342,7,futures,0.05689936645456484,parity_restoration,options
,,,,,,12,60,0.056874311100785786,-0.06256607418161052,"{""source_led_correction"":471,""not_large"":569,""both_correct"":264,""target_led_correction"":433,""persistent_disagreement"":605}",diagnostic_1,500,futures_to_options_disequilibrium,,,1773,8.595365773849416,100.0,-0.33494449493353806,-0.056388966474484936,0.00043744346108107467,,False,"[0,0,39,530,1773]","[null,null,4.4314310145683776e-05,4.270455606703488e-05,4.737654063184585e-05]",2342,7,futures,-0.0016113901038174662,absolute_atm_straddle_change,options
,,,,,,24,120,0.057300346881649554,-0.07133411049828588,"{""source_led_correction"":471,""not_large"":569,""both_correct"":264,""target_led_correction"":433,""persistent_disagreement"":605}",diagnostic_1,500,futures_to_options_disequilibrium,,,1773,8.595365773849416,100.0,-0.33494449493353806,-0.056388966474484936,0.00043744346108107467,,False,"[0,0,39,530,1773]","[null,null,4.4314310145683776e-05,4.270455606703488e-05,4.737654063184585e-05]",2342,7,futures,-0.0016113901038174662,absolute_atm_straddle_change,options
,,,,,,60,300,0.07251014493552799,-0.06759220721658729,"{""source_led_correction"":471,""not_large"":569,""both_correct"":264,""target_led_correction"":433,""persistent_disagreement"":605}",diagnostic_1,500,futures_to_options_disequilibrium,,,1773,8.595365773849416,100.0,-0.33494449493353806,-0.056388966474484936,0.00043744346108107467,,False,"[0,0,39,530,1773]","[null,null,4.4314310145683776e-05,4.270455606703488e-05,4.737654063184585e-05]",2342,7,futures,-0.0016113901038174662,absolute_atm_straddle_change,options
,,,,,,12,60,0.02237779148176242,-0.053411307609983666,"{""source_led_correction"":471,""not_large"":569,""both_correct"":264,""target_led_correction"":433,""persistent_disagreement"":605}",diagnostic_1,500,futures_to_options_disequilibrium,,,1773,8.595365773849416,100.0,-0.33494449493353806,-0.056388966474484936,0.00043744346108107467,,False,"[0,0,39,530,1773]","[null,null,4.1200528637720985e-05,-2.5226384756058667e-05,4.265128812283588e-06]",2342,7,futures,-0.01461158272285873,near_atm_spread_change,options
,,,,,,24,120,0.019334559432082454,-0.05452891889615523,"{""source_led_correction"":471,""not_large"":569,""both_correct"":264,""target_led_correction"":433,""persistent_disagreement"":605}",diagnostic_1,500,futures_to_options_disequilibrium,,,1773,8.595365773849416,100.0,-0.33494449493353806,-0.056388966474484936,0.00043744346108107467,,False,"[0,0,39,530,1773]","[null,null,4.1200528637720985e-05,-2.5226384756058667e-05,4.265128812283588e-06]",2342,7,futures,-0.01461158272285873,near_atm_spread_change,options
,,,,,,60,300,0.00805616074304664,-0.04702535484941666,"{""source_led_correction"":471,""not_large"":569,""both_correct"":264,""target_led_correction"":433,""persistent_disagreement"":605}",diagnostic_1,500,futures_to_options_disequilibrium,,,1773,8.595365773849416,100.0,-0.33494449493353806,-0.056388966474484936,0.00043744346108107467,,False,"[0,0,39,530,1773]","[null,null,4.1200528637720985e-05,-2.5226384756058667e-05,4.265128812283588e-06]",2342,7,futures,-0.01461158272285873,near_atm_spread_change,options
,,,,,,12,60,0.05433818290700341,-0.11086545039966443,"{""source_led_correction"":471,""not_large"":569,""both_correct"":264,""target_led_correction"":433,""persistent_disagreement"":605}",diagnostic_1,500,futures_to_options_disequilibrium,,,1773,8.595365773849416,100.0,-0.33494449493353806,-0.056388966474484936,0.00043744346108107467,,False,"[0,0,39,530,1773]","[null,null,9.941326842202291e-05,0.00010846674423075272,0.0001160286099706283]",2342,7,futures,-0.02727732541859625,realized_futures_volatility,options
,,,,,,24,120,0.06602183369646797,-0.11209447689150084,"{""source_led_correction"":471,""not_large"":569,""both_correct"":264,""target_led_correction"":433,""persistent_disagreement"":605}",diagnostic_1,500,futures_to_options_disequilibrium,,,1773,8.595365773849416,100.0,-0.33494449493353806,-0.056388966474484936,0.00043744346108107467,,False,"[0,0,39,530,1773]","[null,null,9.941326842202291e-05,0.00010846674423075272,0.0001160286099706283]",2342,7,futures,-0.02727732541859625,realized_futures_volatility,options
,,,,,,60,300,0.08235638548951081,-0.1148117480795099,"{""source_led_correction"":471,""not_large"":569,""both_correct"":264,""target_led_correction"":433,""persistent_disagreement"":605}",diagnostic_1,500,futures_to_options_disequilibrium,,,1773,8.595365773849416,100.0,-0.33494449493353806,-0.056388966474484936,0.00043744346108107467,,False,"[0,0,39,530,1773]","[null,null,9.941326842202291e-05,0.00010846674423075272,0.0001160286099706283]",2342,7,futures,-0.02727732541859625,realized_futures_volatility,options
-0.14759844187708016,-0.15290242237290497,-0.0864660917902218,-0.014977622116375544,-0.004032467533416906,-0.08200533791537845,,,,,,diagnostic_1,,futures_to_options_increment,0.005303980495824812,-0.010945154582958638,,,,,,,"{""base_to_candidate"":{""60s"":{""mean_mae_reduction"":-8.55337154150024e-05,""ci_low"":-0.00011230095440697936,""ci_high"":-6.106811877190016e-05,""positive_probability"":0.0,""block_rows"":12,""draws"":500},""120s"":{""mean_mae_reduction"":-8.55337154150024e-05,""ci_low"":-0.00011548895382871868,""ci_high"":-5.7498084987637354e-05,""positive_probability"":0.0,""block_rows"":24,""draws"":500},""300s"":{""mean_mae_reduction"":-8.55337154150024e-05,""ci_low"":-0.00012353344421063643,""ci_high"":-4.570506816777226e-05,""positive_probability"":0.0,""block_rows"":60,""draws"":500}},""base_pca_to_candidate"":{""60s"":{""mean_mae_reduction"":-0.00020987029626351887,""ci_low"":-0.0002414787237335388,""ci_high"":-0.0001841595299276382,""positive_probability"":0.0,""block_rows"":12,""draws"":500},""120s"":{""mean_mae_reduction"":-0.00020987029626351887,""ci_low"":-0.00024047342443246115,""ci_high"":-0.0001783040863084958,""positive_probability"":0.0,""block_rows"":24,""draws"":500},""300s"":{""mean_mae_reduction"":-0.00020987029626351887,""ci_low"":-0.000247663886034448,""ci_high"":-0.00016978114480423136,""positive_probability"":0.0,""block_rows"":60,""draws"":500}},""comparator_to_candidate"":{""60s"":{""mean_mae_reduction"":0.00010170235144671123,""ci_low"":7.581698566141583e-05,""ci_high"":0.0001252663353769599,""positive_probability"":1.0,""block_rows"":12,""draws"":500},""120s"":{""mean_mae_reduction"":0.00010170235144671123,""ci_low"":7.030703305172273e-05,""ci_high"":0.0001324036232253898,""positive_probability"":1.0,""block_rows"":24,""draws"":500},""300s"":{""mean_mae_reduction"":0.00010170235144671123,""ci_low"":6.232925640824757e-05,""ci_high"":0.00014444588801222922,""positive_probability"":1.0,""block_rows"":60,""draws"":500}}}",,,,,7,futures,,surface_displacement,options
-0.5278299451705093,-0.5293804988603081,0.02915331639966756,0.03657080613280539,0.037140299171189994,0.029302902911803264,,,,,,diagnostic_1,,futures_to_options_increment,0.0015505536897988392,-0.0005694930383846053,,,,,,,"{""base_to_candidate"":{""60s"":{""mean_mae_reduction"":-6.807445944957571e-07,""ci_low"":-1.2146792487991964e-06,""ci_high"":-1.661310846120766e-07,""positive_probability"":0.006,""block_rows"":12,""draws"":500},""120s"":{""mean_mae_reduction"":-6.807445944957571e-07,""ci_low"":-1.284111054600784e-06,""ci_high"":-1.1068935359680646e-07,""positive_probability"":0.014,""block_rows"":24,""draws"":500},""300s"":{""mean_mae_reduction"":-6.807445944957571e-07,""ci_low"":-1.4266434364906682e-06,""ci_high"":1.808295880705389e-08,""positive_probability"":0.028,""block_rows"":60,""draws"":500}},""base_pca_to_candidate"":{""60s"":{""mean_mae_reduction"":-2.5916728851297234e-06,""ci_low"":-3.2401561403069004e-06,""ci_high"":-1.9325723090572206e-06,""positive_probability"":0.0,""block_rows"":12,""draws"":500},""120s"":{""mean_mae_reduction"":-2.5916728851297234e-06,""ci_low"":-3.26937380469467e-06,""ci_high"":-2.002835792018149e-06,""positive_probability"":0.0,""block_rows"":24,""draws"":500},""300s"":{""mean_mae_reduction"":-2.5916728851297234e-06,""ci_low"":-3.3341297592357213e-06,""ci_high"":-1.9775443428902196e-06,""positive_probability"":0.0,""block_rows"":60,""draws"":500}},""comparator_to_candidate"":{""60s"":{""mean_mae_reduction"":7.056324983691728e-06,""ci_low"":6.718089816312612e-06,""ci_high"":7.359187852780726e-06,""positive_probability"":1.0,""block_rows"":12,""draws"":500},""120s"":{""mean_mae_reduction"":7.056324983691728e-06,""ci_low"":6.707102428723854e-06,""ci_high"":7.3918926580411715e-06,""positive_probability"":1.0,""block_rows"":24,""draws"":500},""300s"":{""mean_mae_reduction"":7.056324983691728e-06,""ci_low"":6.672960783532755e-06,""ci_high"":7.509965443332987e-06,""positive_probability"":1.0,""block_rows"":60,""draws"":500}}}",,,,,7,futures,,signed_atm_iv_change,options
,,,,,,12,60,0.007425592630016057,-0.0977459528170174,"{""not_large"":1306,""persistent_disagreement"":1156,""target_led_correction"":732,""source_led_correction"":821,""both_correct"":462}",diagnostic_2,500,futures_to_options_disequilibrium,,,3171,8.595365773849416,100.0,-0.3252442960871741,-0.11689421328909974,0.004055080149235209,,False,"[0,0,91,1215,3171]","[null,null,-1.2670244489397322e-05,8.54774757667824e-07,-9.489826357578938e-06]",4477,7,futures,-0.048013102419724105,signed_futures_return,options
,,,,,,24,120,0.0064552019833828585,-0.10380266465631395,"{""not_large"":1306,""persistent_disagreement"":1156,""target_led_correction"":732,""source_led_correction"":821,""both_correct"":462}",diagnostic_2,500,futures_to_options_disequilibrium,,,3171,8.595365773849416,100.0,-0.3252442960871741,-0.11689421328909974,0.004055080149235209,,False,"[0,0,91,1215,3171]","[null,null,-1.2670244489397322e-05,8.54774757667824e-07,-9.489826357578938e-06]",4477,7,futures,-0.048013102419724105,signed_futures_return,options
,,,,,,60,300,0.005659532810922078,-0.10058584814655662,"{""not_large"":1306,""persistent_disagreement"":1156,""target_led_correction"":732,""source_led_correction"":821,""both_correct"":462}",diagnostic_2,500,futures_to_options_disequilibrium,,,3171,8.595365773849416,100.0,-0.3252442960871741,-0.11689421328909974,0.004055080149235209,,False,"[0,0,91,1215,3171]","[null,null,-1.2670244489397322e-05,8.54774757667824e-07,-9.489826357578938e-06]",4477,7,futures,-0.048013102419724105,signed_futures_return,options
,,,,,,12,60,0.04143778735752296,-0.011701757477149525,"{""not_large"":1306,""persistent_disagreement"":1156,""target_led_correction"":732,""source_led_correction"":821,""both_correct"":462}",diagnostic_2,500,futures_to_options_disequilibrium,,,3171,8.595365773849416,100.0,-0.3252442960871741,-0.11689421328909974,0.004055080149235209,,False,"[0,0,91,1215,3171]","[null,null,-0.0042421291326428506,-0.00016210950573775993,0.00019212443298137138]",4477,7,futures,0.015424843912247063,signed_atm_iv_change,options
,,,,,,24,120,0.04398748865912943,-0.00969248184907781,"{""not_large"":1306,""persistent_disagreement"":1156,""target_led_correction"":732,""source_led_correction"":821,""both_correct"":462}",diagnostic_2,500,futures_to_options_disequilibrium,,,3171,8.595365773849416,100.0,-0.3252442960871741,-0.11689421328909974,0.004055080149235209,,False,"[0,0,91,1215,3171]","[null,null,-0.0042421291326428506,-0.00016210950573775993,0.00019212443298137138]",4477,7,futures,0.015424843912247063,signed_atm_iv_change,options
,,,,,,60,300,0.04297904764061823,-0.009831009069961132,"{""not_large"":1306,""persistent_disagreement"":1156,""target_led_correction"":732,""source_led_correction"":821,""both_correct"":462}",diagnostic_2,500,futures_to_options_disequilibrium,,,3171,8.595365773849416,100.0,-0.3252442960871741,-0.11689421328909974,0.004055080149235209,,False,"[0,0,91,1215,3171]","[null,null,-0.0042421291326428506,-0.00016210950573775993,0.00019212443298137138]",4477,7,futures,0.015424843912247063,signed_atm_iv_change,options
,,,,,,12,60,0.08888481321377399,0.022462853246467494,"{""not_large"":1306,""persistent_disagreement"":1156,""target_led_correction"":732,""source_led_correction"":821,""both_correct"":462}",diagnostic_2,500,futures_to_options_disequilibrium,,,3171,8.595365773849416,100.0,-0.3252442960871741,-0.11689421328909974,0.004055080149235209,,False,"[0,0,91,1215,3171]","[null,null,0.0486459727079956,0.04220908251266021,0.04425408709303359]",4477,7,futures,0.059149094669352004,surface_displacement,options
,,,,,,24,120,0.09513653156807832,0.015180400036850068,"{""not_large"":1306,""persistent_disagreement"":1156,""target_led_correction"":732,""source_led_correction"":821,""both_correct"":462}",diagnostic_2,500,futures_to_options_disequilibrium,,,3171,8.595365773849416,100.0,-0.3252442960871741,-0.11689421328909974,0.004055080149235209,,False,"[0,0,91,1215,3171]","[null,null,0.0486459727079956,0.04220908251266021,0.04425408709303359]",4477,7,futures,0.059149094669352004,surface_displacement,options
,,,,,,60,300,0.09633731586580262,0.00391978320923476,"{""not_large"":1306,""persistent_disagreement"":1156,""target_led_correction"":732,""source_led_correction"":821,""both_correct"":462}",diagnostic_2,500,futures_to_options_disequilibrium,,,3171,8.595365773849416,100.0,-0.3252442960871741,-0.11689421328909974,0.004055080149235209,,False,"[0,0,91,1215,3171]","[null,null,0.0486459727079956,0.04220908251266021,0.04425408709303359]",4477,7,futures,0.059149094669352004,surface_displacement,options
,,,,,,12,60,0.12023816375471545,0.027436138714508625,"{""not_large"":1306,""persistent_disagreement"":1156,""target_led_correction"":732,""source_led_correction"":821,""both_correct"":462}",diagnostic_2,500,futures_to_options_disequilibrium,,,3171,8.595365773849416,100.0,-0.3252442960871741,-0.11689421328909974,0.004055080149235209,,False,"[0,0,91,1215,3171]","[null,null,-2.2253195441278095e-06,-1.5505693908354436e-06,7.808821866548081e-07]",4477,7,futures,0.07637633427613646,parity_restoration,options
,,,,,,24,120,0.12482991099818153,0.02865109517209221,"{""not_large"":1306,""persistent_disagreement"":1156,""target_led_correction"":732,""source_led_correction"":821,""both_correct"":462}",diagnostic_2,500,futures_to_options_disequilibrium,,,3171,8.595365773849416,100.0,-0.3252442960871741,-0.11689421328909974,0.004055080149235209,,False,"[0,0,91,1215,3171]","[null,null,-2.2253195441278095e-06,-1.5505693908354436e-06,7.808821866548081e-07]",4477,7,futures,0.07637633427613646,parity_restoration,options
,,,,,,60,300,0.1233191834503677,0.03550693475681695,"{""not_large"":1306,""persistent_disagreement"":1156,""target_led_correction"":732,""source_led_correction"":821,""both_correct"":462}",diagnostic_2,500,futures_to_options_disequilibrium,,,3171,8.595365773849416,100.0,-0.3252442960871741,-0.11689421328909974,0.004055080149235209,,False,"[0,0,91,1215,3171]","[null,null,-2.2253195441278095e-06,-1.5505693908354436e-06,7.808821866548081e-07]",4477,7,futures,0.07637633427613646,parity_restoration,options
,,,,,,12,60,0.10667843566679537,0.008812627545607857,"{""not_large"":1306,""persistent_disagreement"":1156,""target_led_correction"":732,""source_led_correction"":821,""both_correct"":462}",diagnostic_2,500,futures_to_options_disequilibrium,,,3171,8.595365773849416,100.0,-0.3252442960871741,-0.11689421328909974,0.004055080149235209,,False,"[0,0,91,1215,3171]","[null,null,8.548715325829747e-05,5.5409305625491675e-05,7.870109902782343e-05]",4477,7,futures,0.058190462430853684,absolute_atm_straddle_change,options
,,,,,,24,120,0.11250801507439503,0.010270403221079388,"{""not_large"":1306,""persistent_disagreement"":1156,""target_led_correction"":732,""source_led_correction"":821,""both_correct"":462}",diagnostic_2,500,futures_to_options_disequilibrium,,,3171,8.595365773849416,100.0,-0.3252442960871741,-0.11689421328909974,0.004055080149235209,,False,"[0,0,91,1215,3171]","[null,null,8.548715325829747e-05,5.5409305625491675e-05,7.870109902782343e-05]",4477,7,futures,0.058190462430853684,absolute_atm_straddle_change,options
,,,,,,60,300,0.11051098721560645,0.0071263271158509625,"{""not_large"":1306,""persistent_disagreement"":1156,""target_led_correction"":732,""source_led_correction"":821,""both_correct"":462}",diagnostic_2,500,futures_to_options_disequilibrium,,,3171,8.595365773849416,100.0,-0.3252442960871741,-0.11689421328909974,0.004055080149235209,,False,"[0,0,91,1215,3171]","[null,null,8.548715325829747e-05,5.5409305625491675e-05,7.870109902782343e-05]",4477,7,futures,0.058190462430853684,absolute_atm_straddle_change,options
,,,,,,12,60,0.020250625775308992,-0.04082685600691966,"{""not_large"":1306,""persistent_disagreement"":1156,""target_led_correction"":732,""source_led_correction"":821,""both_correct"":462}",diagnostic_2,500,futures_to_options_disequilibrium,,,3171,8.595365773849416,100.0,-0.3252442960871741,-0.11689421328909974,0.004055080149235209,,False,"[0,0,91,1215,3171]","[null,null,7.10878677916928e-05,3.0468055562100877e-05,-1.4011349731093512e-05]",4477,7,futures,-0.012792391874865866,near_atm_spread_change,options
,,,,,,24,120,0.013975054236548474,-0.04023328688542992,"{""not_large"":1306,""persistent_disagreement"":1156,""target_led_correction"":732,""source_led_correction"":821,""both_correct"":462}",diagnostic_2,500,futures_to_options_disequilibrium,,,3171,8.595365773849416,100.0,-0.3252442960871741,-0.11689421328909974,0.004055080149235209,,False,"[0,0,91,1215,3171]","[null,null,7.10878677916928e-05,3.0468055562100877e-05,-1.4011349731093512e-05]",4477,7,futures,-0.012792391874865866,near_atm_spread_change,options
,,,,,,60,300,0.009369423420767504,-0.03501430211549434,"{""not_large"":1306,""persistent_disagreement"":1156,""target_led_correction"":732,""source_led_correction"":821,""both_correct"":462}",diagnostic_2,500,futures_to_options_disequilibrium,,,3171,8.595365773849416,100.0,-0.3252442960871741,-0.11689421328909974,0.004055080149235209,,False,"[0,0,91,1215,3171]","[null,null,7.10878677916928e-05,3.0468055562100877e-05,-1.4011349731093512e-05]",4477,7,futures,-0.012792391874865866,near_atm_spread_change,options
,,,,,,12,60,0.11428409961378526,-0.006699171655901705,"{""not_large"":1306,""persistent_disagreement"":1156,""target_led_correction"":732,""source_led_correction"":821,""both_correct"":462}",diagnostic_2,500,futures_to_options_disequilibrium,,,3171,8.595365773849416,100.0,-0.3252442960871741,-0.11689421328909974,0.004055080149235209,,False,"[0,0,91,1215,3171]","[null,null,9.674846516508233e-05,0.00012068111209631772,0.00012801476381534262]",4477,7,futures,0.05235678573045182,realized_futures_volatility,options
,,,,,,24,120,0.12342707681489715,-0.013726906101853925,"{""not_large"":1306,""persistent_disagreement"":1156,""target_led_correction"":732,""source_led_correction"":821,""both_correct"":462}",diagnostic_2,500,futures_to_options_disequilibrium,,,3171,8.595365773849416,100.0,-0.3252442960871741,-0.11689421328909974,0.004055080149235209,,False,"[0,0,91,1215,3171]","[null,null,9.674846516508233e-05,0.00012068111209631772,0.00012801476381534262]",4477,7,futures,0.05235678573045182,realized_futures_volatility,options
,,,,,,60,300,0.13894538874603624,-0.01140908305249146,"{""not_large"":1306,""persistent_disagreement"":1156,""target_led_correction"":732,""source_led_correction"":821,""both_correct"":462}",diagnostic_2,500,futures_to_options_disequilibrium,,,3171,8.595365773849416,100.0,-0.3252442960871741,-0.11689421328909974,0.004055080149235209,,False,"[0,0,91,1215,3171]","[null,null,9.674846516508233e-05,0.00012068111209631772,0.00012801476381534262]",4477,7,futures,0.05235678573045182,realized_futures_volatility,options
-0.2928946455052097,-0.3020625343218233,-0.22290805320195806,-0.13889567409349057,-0.126077985639794,-0.2206168077093067,,,,,,diagnostic_2,,futures_to_options_increment,0.009167888816613567,-0.012817688453696574,,,,,,,"{""base_to_candidate"":{""60s"":{""mean_mae_reduction"":-4.406223092316932e-05,""ci_low"":-6.150712260217142e-05,""ci_high"":-2.813073252701006e-05,""positive_probability"":0.0,""block_rows"":12,""draws"":500},""120s"":{""mean_mae_reduction"":-4.406223092316932e-05,""ci_low"":-6.481678738072229e-05,""ci_high"":-2.4031737850349464e-05,""positive_probability"":0.0,""block_rows"":24,""draws"":500},""300s"":{""mean_mae_reduction"":-4.406223092316932e-05,""ci_low"":-7.155880377440392e-05,""ci_high"":-1.769559819516379e-05,""positive_probability"":0.0,""block_rows"":60,""draws"":500}},""base_pca_to_candidate"":{""60s"":{""mean_mae_reduction"":-0.0002464929883591247,""ci_low"":-0.00026971571750459444,""ci_high"":-0.0002242037142640724,""positive_probability"":0.0,""block_rows"":12,""draws"":500},""120s"":{""mean_mae_reduction"":-0.0002464929883591247,""ci_low"":-0.0002733727195063846,""ci_high"":-0.00022015758550078646,""positive_probability"":0.0,""block_rows"":24,""draws"":500},""300s"":{""mean_mae_reduction"":-0.0002464929883591247,""ci_low"":-0.00028783818277613115,""ci_high"":-0.00021094611387237268,""positive_probability"":0.0,""block_rows"":60,""draws"":500}},""comparator_to_candidate"":{""60s"":{""mean_mae_reduction"":0.0001763048243460412,""ci_low"":0.00016036697107218236,""ci_high"":0.00019531145429837378,""positive_probability"":1.0,""block_rows"":12,""draws"":500},""120s"":{""mean_mae_reduction"":0.0001763048243460412,""ci_low"":0.0001567237414506731,""ci_high"":0.00019808979633562877,""positive_probability"":1.0,""block_rows"":24,""draws"":500},""300s"":{""mean_mae_reduction"":0.0001763048243460412,""ci_low"":0.0001513271899910004,""ci_high"":0.00020482312509853746,""positive_probability"":1.0,""block_rows"":60,""draws"":500}}}",,,,,7,futures,,surface_displacement,options
-0.11193612594198288,-0.1131143848399574,0.06619271552915917,0.07163812132481628,0.0721085956719355,0.06622437172131068,,,,,,diagnostic_2,,futures_to_options_increment,0.0011782588979745157,-0.00047047434711922076,,,,,,,"{""base_to_candidate"":{""60s"":{""mean_mae_reduction"":-1.6848876749348142e-07,""ci_low"":-5.202662780836246e-07,""ci_high"":1.611552216532492e-07,""positive_probability"":0.168,""block_rows"":12,""draws"":500},""120s"":{""mean_mae_reduction"":-1.6848876749348142e-07,""ci_low"":-5.643129977661881e-07,""ci_high"":2.578842022368069e-07,""positive_probability"":0.2,""block_rows"":24,""draws"":500},""300s"":{""mean_mae_reduction"":-1.6848876749348142e-07,""ci_low"":-7.021730149243143e-07,""ci_high"":2.8953043532697803e-07,""positive_probability"":0.228,""block_rows"":60,""draws"":500}},""base_pca_to_candidate"":{""60s"":{""mean_mae_reduction"":-2.5040801655485803e-06,""ci_low"":-2.9927092730950195e-06,""ci_high"":-1.9858797022654014e-06,""positive_probability"":0.0,""block_rows"":12,""draws"":500},""120s"":{""mean_mae_reduction"":-2.5040801655485803e-06,""ci_low"":-2.9686079638201287e-06,""ci_high"":-2.0304179400793983e-06,""positive_probability"":0.0,""block_rows"":24,""draws"":500},""300s"":{""mean_mae_reduction"":-2.5040801655485803e-06,""ci_low"":-3.1168715169519344e-06,""ci_high"":-1.964965649579393e-06,""positive_probability"":0.0,""block_rows"":60,""draws"":500}},""comparator_to_candidate"":{""60s"":{""mean_mae_reduction"":6.271234030856555e-06,""ci_low"":5.925155951176225e-06,""ci_high"":6.566349134111309e-06,""positive_probability"":1.0,""block_rows"":12,""draws"":500},""120s"":{""mean_mae_reduction"":6.271234030856555e-06,""ci_low"":5.842447314123002e-06,""ci_high"":6.652343812190963e-06,""positive_probability"":1.0,""block_rows"":24,""draws"":500},""300s"":{""mean_mae_reduction"":6.271234030856555e-06,""ci_low"":5.78560967698102e-06,""ci_high"":6.7777564275592935e-06,""positive_probability"":1.0,""block_rows"":60,""draws"":500}}}",,,,,7,futures,,signed_atm_iv_change,options
,,,,,,12,60,-0.001956752064783256,-0.14890135893273654,"{""persistent_disagreement"":718,""target_led_correction"":551,""both_correct"":353,""source_led_correction"":505,""not_large"":215}",diagnostic_1,500,futures_to_options_disequilibrium,,,2127,8.924436952553458,100.0,-0.09492953062676408,0.06615595568482588,0.010187662629001086,,False,"[0,0,3,212,2127]","[null,null,-5.4995218912760414e-05,1.89520278066959e-05,-5.126615953826546e-06]",2342,23,futures,-0.07617557160367426,signed_futures_return,options
,,,,,,24,120,0.004743791830728748,-0.14832687104177195,"{""persistent_disagreement"":718,""target_led_correction"":551,""both_correct"":353,""source_led_correction"":505,""not_large"":215}",diagnostic_1,500,futures_to_options_disequilibrium,,,2127,8.924436952553458,100.0,-0.09492953062676408,0.06615595568482588,0.010187662629001086,,False,"[0,0,3,212,2127]","[null,null,-5.4995218912760414e-05,1.89520278066959e-05,-5.126615953826546e-06]",2342,23,futures,-0.07617557160367426,signed_futures_return,options
,,,,,,60,300,-0.0002162828325619219,-0.15685625539947362,"{""persistent_disagreement"":718,""target_led_correction"":551,""both_correct"":353,""source_led_correction"":505,""not_large"":215}",diagnostic_1,500,futures_to_options_disequilibrium,,,2127,8.924436952553458,100.0,-0.09492953062676408,0.06615595568482588,0.010187662629001086,,False,"[0,0,3,212,2127]","[null,null,-5.4995218912760414e-05,1.89520278066959e-05,-5.126615953826546e-06]",2342,23,futures,-0.07617557160367426,signed_futures_return,options
,,,,,,12,60,-0.020838943083059284,-0.10472418194716827,"{""persistent_disagreement"":718,""target_led_correction"":551,""both_correct"":353,""source_led_correction"":505,""not_large"":215}",diagnostic_1,500,futures_to_options_disequilibrium,,,2127,8.924436952553458,100.0,-0.09492953062676408,0.06615595568482588,0.010187662629001086,,False,"[0,0,3,212,2127]","[null,null,-0.003796932597955068,-0.0005151512769033324,4.677586590229316e-05]",2342,23,futures,-0.06747051252987958,signed_atm_iv_change,options
,,,,,,24,120,-0.024328315246522635,-0.10346565263409958,"{""persistent_disagreement"":718,""target_led_correction"":551,""both_correct"":353,""source_led_correction"":505,""not_large"":215}",diagnostic_1,500,futures_to_options_disequilibrium,,,2127,8.924436952553458,100.0,-0.09492953062676408,0.06615595568482588,0.010187662629001086,,False,"[0,0,3,212,2127]","[null,null,-0.003796932597955068,-0.0005151512769033324,4.677586590229316e-05]",2342,23,futures,-0.06747051252987958,signed_atm_iv_change,options
,,,,,,60,300,-0.025013099967170577,-0.09948496959558985,"{""persistent_disagreement"":718,""target_led_correction"":551,""both_correct"":353,""source_led_correction"":505,""not_large"":215}",diagnostic_1,500,futures_to_options_disequilibrium,,,2127,8.924436952553458,100.0,-0.09492953062676408,0.06615595568482588,0.010187662629001086,,False,"[0,0,3,212,2127]","[null,null,-0.003796932597955068,-0.0005151512769033324,4.677586590229316e-05]",2342,23,futures,-0.06747051252987958,signed_atm_iv_change,options
,,,,,,12,60,0.11729634556254488,0.03317167533678146,"{""persistent_disagreement"":718,""target_led_correction"":551,""both_correct"":353,""source_led_correction"":505,""not_large"":215}",diagnostic_1,500,futures_to_options_disequilibrium,,,2127,8.924436952553458,100.0,-0.09492953062676408,0.06615595568482588,0.010187662629001086,,False,"[0,0,3,212,2127]","[null,null,0.044469648074113376,0.041683276980731966,0.043978042676279416]",2342,23,futures,0.0772784471963801,surface_displacement,options
,,,,,,24,120,0.11885813261652799,0.03302596087650841,"{""persistent_disagreement"":718,""target_led_correction"":551,""both_correct"":353,""source_led_correction"":505,""not_large"":215}",diagnostic_1,500,futures_to_options_disequilibrium,,,2127,8.924436952553458,100.0,-0.09492953062676408,0.06615595568482588,0.010187662629001086,,False,"[0,0,3,212,2127]","[null,null,0.044469648074113376,0.041683276980731966,0.043978042676279416]",2342,23,futures,0.0772784471963801,surface_displacement,options
,,,,,,60,300,0.11485595484753335,0.02422037863941622,"{""persistent_disagreement"":718,""target_led_correction"":551,""both_correct"":353,""source_led_correction"":505,""not_large"":215}",diagnostic_1,500,futures_to_options_disequilibrium,,,2127,8.924436952553458,100.0,-0.09492953062676408,0.06615595568482588,0.010187662629001086,,False,"[0,0,3,212,2127]","[null,null,0.044469648074113376,0.041683276980731966,0.043978042676279416]",2342,23,futures,0.0772784471963801,surface_displacement,options
,,,,,,12,60,0.10991617747090714,-0.02033735039456543,"{""persistent_disagreement"":718,""target_led_correction"":551,""both_correct"":353,""source_led_correction"":505,""not_large"":215}",diagnostic_1,500,futures_to_options_disequilibrium,,,2127,8.924436952553458,100.0,-0.09492953062676408,0.06615595568482588,0.010187662629001086,,False,"[0,0,3,212,2127]","[null,null,7.98675379580042e-06,-2.4830711687550405e-06,6.342799844311465e-07]",2342,23,futures,0.05198231855653468,parity_restoration,options
,,,,,,24,120,0.11201357749349206,-0.023157489022797653,"{""persistent_disagreement"":718,""target_led_correction"":551,""both_correct"":353,""source_led_correction"":505,""not_large"":215}",diagnostic_1,500,futures_to_options_disequilibrium,,,2127,8.924436952553458,100.0,-0.09492953062676408,0.06615595568482588,0.010187662629001086,,False,"[0,0,3,212,2127]","[null,null,7.98675379580042e-06,-2.4830711687550405e-06,6.342799844311465e-07]",2342,23,futures,0.05198231855653468,parity_restoration,options
,,,,,,60,300,0.11107508763734729,-0.01182093411149295,"{""persistent_disagreement"":718,""target_led_correction"":551,""both_correct"":353,""source_led_correction"":505,""not_large"":215}",diagnostic_1,500,futures_to_options_disequilibrium,,,2127,8.924436952553458,100.0,-0.09492953062676408,0.06615595568482588,0.010187662629001086,,False,"[0,0,3,212,2127]","[null,null,7.98675379580042e-06,-2.4830711687550405e-06,6.342799844311465e-07]",2342,23,futures,0.05198231855653468,parity_restoration,options
,,,,,,12,60,0.05665669458500129,-0.06813903237944659,"{""persistent_disagreement"":718,""target_led_correction"":551,""both_correct"":353,""source_led_correction"":505,""not_large"":215}",diagnostic_1,500,futures_to_options_disequilibrium,,,2127,8.924436952553458,100.0,-0.09492953062676408,0.06615595568482588,0.010187662629001086,,False,"[0,0,3,212,2127]","[null,null,7.442540178696315e-05,4.520272959094002e-05,4.6334755276367036e-05]",2342,23,futures,0.0011532375811696583,absolute_atm_straddle_change,options
,,,,,,24,120,0.05879700013821911,-0.05984774018857443,"{""persistent_disagreement"":718,""target_led_correction"":551,""both_correct"":353,""source_led_correction"":505,""not_large"":215}",diagnostic_1,500,futures_to_options_disequilibrium,,,2127,8.924436952553458,100.0,-0.09492953062676408,0.06615595568482588,0.010187662629001086,,False,"[0,0,3,212,2127]","[null,null,7.442540178696315e-05,4.520272959094002e-05,4.6334755276367036e-05]",2342,23,futures,0.0011532375811696583,absolute_atm_straddle_change,options
,,,,,,60,300,0.0691602324161227,-0.06663430212277477,"{""persistent_disagreement"":718,""target_led_correction"":551,""both_correct"":353,""source_led_correction"":505,""not_large"":215}",diagnostic_1,500,futures_to_options_disequilibrium,,,2127,8.924436952553458,100.0,-0.09492953062676408,0.06615595568482588,0.010187662629001086,,False,"[0,0,3,212,2127]","[null,null,7.442540178696315e-05,4.520272959094002e-05,4.6334755276367036e-05]",2342,23,futures,0.0011532375811696583,absolute_atm_straddle_change,options
,,,,,,12,60,0.009148116237334797,-0.06919881624493956,"{""persistent_disagreement"":718,""target_led_correction"":551,""both_correct"":353,""source_led_correction"":505,""not_large"":215}",diagnostic_1,500,futures_to_options_disequilibrium,,,2127,8.924436952553458,100.0,-0.09492953062676408,0.06615595568482588,0.010187662629001086,,False,"[0,0,3,212,2127]","[null,null,-0.00029482026972497505,4.2454395369068665e-05,-5.7907667742025405e-06]",2342,23,futures,-0.028494388558559767,near_atm_spread_change,options
,,,,,,24,120,0.008774184201468723,-0.06602895537037246,"{""persistent_disagreement"":718,""target_led_correction"":551,""both_correct"":353,""source_led_correction"":505,""not_large"":215}",diagnostic_1,500,futures_to_options_disequilibrium,,,2127,8.924436952553458,100.0,-0.09492953062676408,0.06615595568482588,0.010187662629001086,,False,"[0,0,3,212,2127]","[null,null,-0.00029482026972497505,4.2454395369068665e-05,-5.7907667742025405e-06]",2342,23,futures,-0.028494388558559767,near_atm_spread_change,options
,,,,,,60,300,-0.00042685723623570667,-0.06615352793826297,"{""persistent_disagreement"":718,""target_led_correction"":551,""both_correct"":353,""source_led_correction"":505,""not_large"":215}",diagnostic_1,500,futures_to_options_disequilibrium,,,2127,8.924436952553458,100.0,-0.09492953062676408,0.06615595568482588,0.010187662629001086,,False,"[0,0,3,212,2127]","[null,null,-0.00029482026972497505,4.2454395369068665e-05,-5.7907667742025405e-06]",2342,23,futures,-0.028494388558559767,near_atm_spread_change,options
,,,,,,12,60,0.02735122401374834,-0.12317372850153145,"{""persistent_disagreement"":718,""target_led_correction"":551,""both_correct"":353,""source_led_correction"":505,""not_large"":215}",diagnostic_1,500,futures_to_options_disequilibrium,,,2127,8.924436952553458,100.0,-0.09492953062676408,0.06615595568482588,0.010187662629001086,,False,"[0,0,3,212,2127]","[null,null,0.000147490385463831,0.00011697862259444088,0.00011370064797473852]",2342,23,futures,-0.05293110863797059,realized_futures_volatility,options
,,,,,,24,120,0.03372458204123234,-0.13256368523444698,"{""persistent_disagreement"":718,""target_led_correction"":551,""both_correct"":353,""source_led_correction"":505,""not_large"":215}",diagnostic_1,500,futures_to_options_disequilibrium,,,2127,8.924436952553458,100.0,-0.09492953062676408,0.06615595568482588,0.010187662629001086,,False,"[0,0,3,212,2127]","[null,null,0.000147490385463831,0.00011697862259444088,0.00011370064797473852]",2342,23,futures,-0.05293110863797059,realized_futures_volatility,options
,,,,,,60,300,0.03865637258301298,-0.11711502931748566,"{""persistent_disagreement"":718,""target_led_correction"":551,""both_correct"":353,""source_led_correction"":505,""not_large"":215}",diagnostic_1,500,futures_to_options_disequilibrium,,,2127,8.924436952553458,100.0,-0.09492953062676408,0.06615595568482588,0.010187662629001086,,False,"[0,0,3,212,2127]","[null,null,0.000147490385463831,0.00011697862259444088,0.00011370064797473852]",2342,23,futures,-0.05293110863797059,realized_futures_volatility,options
-0.14676473701133919,-0.15290242237290497,-0.0828852784924361,-0.009001440775531888,-0.004032467533416906,-0.08200533791537845,,,,,,diagnostic_1,,futures_to_options_increment,0.006137685361565781,-0.004968973242114982,,,,,,,"{""base_to_candidate"":{""60s"":{""mean_mae_reduction"":-1.687261593261589e-05,""ci_low"":-3.07737873349186e-05,""ci_high"":-3.832340822275623e-06,""positive_probability"":0.006,""block_rows"":12,""draws"":500},""120s"":{""mean_mae_reduction"":-1.687261593261589e-05,""ci_low"":-3.5001491980342966e-05,""ci_high"":-7.814411798450961e-07,""positive_probability"":0.022,""block_rows"":24,""draws"":500},""300s"":{""mean_mae_reduction"":-1.687261593261589e-05,""ci_low"":-3.8395605961644985e-05,""ci_high"":5.544665070101685e-06,""positive_probability"":0.074,""block_rows"":60,""draws"":500}},""base_pca_to_candidate"":{""60s"":{""mean_mae_reduction"":-9.527868049225985e-05,""ci_low"":-0.00011344874836885028,""ci_high"":-8.044247560140755e-05,""positive_probability"":0.0,""block_rows"":12,""draws"":500},""120s"":{""mean_mae_reduction"":-9.527868049225985e-05,""ci_low"":-0.0001134645610631854,""ci_high"":-7.783716421310727e-05,""positive_probability"":0.0,""block_rows"":24,""draws"":500},""300s"":{""mean_mae_reduction"":-9.527868049225985e-05,""ci_low"":-0.00011655218285945436,""ci_high"":-7.170011611433133e-05,""positive_probability"":0.0,""block_rows"":60,""draws"":500}},""comparator_to_candidate"":{""60s"":{""mean_mae_reduction"":0.00011768841046883183,""ci_low"":0.0001027580122552155,""ci_high"":0.00013215591923198937,""positive_probability"":1.0,""block_rows"":12,""draws"":500},""120s"":{""mean_mae_reduction"":0.00011768841046883183,""ci_low"":0.00010028472604757626,""ci_high"":0.00013836671104397005,""positive_probability"":1.0,""block_rows"":24,""draws"":500},""300s"":{""mean_mae_reduction"":0.00011768841046883183,""ci_low"":9.508479196354655e-05,""ci_high"":0.00014469726060588288,""positive_probability"":1.0,""block_rows"":60,""draws"":500}}}",,,,,23,futures,,surface_displacement,options
-0.516003079301673,-0.5293804988603081,0.029410131074842694,0.03621717672344671,0.037140299171189994,0.029302902911803264,,,,,,diagnostic_1,,futures_to_options_increment,0.01337741955863514,-0.0009231224477432853,,,,,,,"{""base_to_candidate"":{""60s"":{""mean_mae_reduction"":4.879784368566979e-07,""ci_low"":-7.127227263420221e-07,""ci_high"":1.673973765270602e-06,""positive_probability"":0.78,""block_rows"":12,""draws"":500},""120s"":{""mean_mae_reduction"":4.879784368566979e-07,""ci_low"":-9.117496996997133e-07,""ci_high"":1.8442711960383632e-06,""positive_probability"":0.76,""block_rows"":24,""draws"":500},""300s"":{""mean_mae_reduction"":4.879784368566979e-07,""ci_low"":-1.2493995741509815e-06,""ci_high"":2.1031215140784536e-06,""positive_probability"":0.752,""block_rows"":60,""draws"":500}},""base_pca_to_candidate"":{""60s"":{""mean_mae_reduction"":-4.200984483072895e-06,""ci_low"":-5.579823956163465e-06,""ci_high"":-2.8500755705036697e-06,""positive_probability"":0.0,""block_rows"":12,""draws"":500},""120s"":{""mean_mae_reduction"":-4.200984483072895e-06,""ci_low"":-5.582790424769524e-06,""ci_high"":-2.9978522821524545e-06,""positive_probability"":0.0,""block_rows"":24,""draws"":500},""300s"":{""mean_mae_reduction"":-4.200984483072895e-06,""ci_low"":-5.812236861731274e-06,""ci_high"":-2.795809254180942e-06,""positive_probability"":0.0,""block_rows"":60,""draws"":500}},""comparator_to_candidate"":{""60s"":{""mean_mae_reduction"":6.087852389114587e-05,""ci_low"":5.7959759404005864e-05,""ci_high"":6.348068635603777e-05,""positive_probability"":1.0,""block_rows"":12,""draws"":500},""120s"":{""mean_mae_reduction"":6.087852389114587e-05,""ci_low"":5.804162737189513e-05,""ci_high"":6.367689724644138e-05,""positive_probability"":1.0,""block_rows"":24,""draws"":500},""300s"":{""mean_mae_reduction"":6.087852389114587e-05,""ci_low"":5.757481595276804e-05,""ci_high"":6.468884768986782e-05,""positive_probability"":1.0,""block_rows"":60,""draws"":500}}}",,,,,23,futures,,signed_atm_iv_change,options
,,,,,,12,60,0.009309256281319544,-0.09487039031508804,"{""not_large"":463,""both_correct"":668,""target_led_correction"":1025,""source_led_correction"":1000,""persistent_disagreement"":1321}",diagnostic_2,500,futures_to_options_disequilibrium,,,4014,8.924436952553458,100.0,-0.10376797018366707,0.07496370253140008,0.011780277766503523,,False,"[0,0,1,462,4014]","[null,null,1.621246337890625e-05,-5.222502208891369e-06,-6.928275221904e-06]",4477,23,futures,-0.042377770828657825,signed_futures_return,options
,,,,,,24,120,0.011493552671593795,-0.0951106061654137,"{""not_large"":463,""both_correct"":668,""target_led_correction"":1025,""source_led_correction"":1000,""persistent_disagreement"":1321}",diagnostic_2,500,futures_to_options_disequilibrium,,,4014,8.924436952553458,100.0,-0.10376797018366707,0.07496370253140008,0.011780277766503523,,False,"[0,0,1,462,4014]","[null,null,1.621246337890625e-05,-5.222502208891369e-06,-6.928275221904e-06]",4477,23,futures,-0.042377770828657825,signed_futures_return,options
,,,,,,60,300,0.018916183196029397,-0.10179368914194875,"{""not_large"":463,""both_correct"":668,""target_led_correction"":1025,""source_led_correction"":1000,""persistent_disagreement"":1321}",diagnostic_2,500,futures_to_options_disequilibrium,,,4014,8.924436952553458,100.0,-0.10376797018366707,0.07496370253140008,0.011780277766503523,,False,"[0,0,1,462,4014]","[null,null,1.621246337890625e-05,-5.222502208891369e-06,-6.928275221904e-06]",4477,23,futures,-0.042377770828657825,signed_futures_return,options
,,,,,,12,60,0.04410268708223754,-0.02198031283928912,"{""not_large"":463,""both_correct"":668,""target_led_correction"":1025,""source_led_correction"":1000,""persistent_disagreement"":1321}",diagnostic_2,500,futures_to_options_disequilibrium,,,4014,8.924436952553458,100.0,-0.10376797018366707,0.07496370253140008,0.011780277766503523,,False,"[0,0,1,462,4014]","[null,null,0.0036105960607528687,-0.0018197546080077366,0.00021508365951192635]",4477,23,futures,0.011765571833694897,signed_atm_iv_change,options
,,,,,,24,120,0.0455640047718138,-0.01746142011085784,"{""not_large"":463,""both_correct"":668,""target_led_correction"":1025,""source_led_correction"":1000,""persistent_disagreement"":1321}",diagnostic_2,500,futures_to_options_disequilibrium,,,4014,8.924436952553458,100.0,-0.10376797018366707,0.07496370253140008,0.011780277766503523,,False,"[0,0,1,462,4014]","[null,null,0.0036105960607528687,-0.0018197546080077366,0.00021508365951192635]",4477,23,futures,0.011765571833694897,signed_atm_iv_change,options
,,,,,,60,300,0.05276340021183944,-0.0224694393097346,"{""not_large"":463,""both_correct"":668,""target_led_correction"":1025,""source_led_correction"":1000,""persistent_disagreement"":1321}",diagnostic_2,500,futures_to_options_disequilibrium,,,4014,8.924436952553458,100.0,-0.10376797018366707,0.07496370253140008,0.011780277766503523,,False,"[0,0,1,462,4014]","[null,null,0.0036105960607528687,-0.0018197546080077366,0.00021508365951192635]",4477,23,futures,0.011765571833694897,signed_atm_iv_change,options
,,,,,,12,60,0.07849899859817351,0.0037653760965357945,"{""not_large"":463,""both_correct"":668,""target_led_correction"":1025,""source_led_correction"":1000,""persistent_disagreement"":1321}",diagnostic_2,500,futures_to_options_disequilibrium,,,4014,8.924436952553458,100.0,-0.10376797018366707,0.07496370253140008,0.011780277766503523,,False,"[0,0,1,462,4014]","[null,null,0.028375332118659245,0.04626149811202362,0.04350755891416186]",4477,23,futures,0.04074722580120159,surface_displacement,options
,,,,,,24,120,0.07729947260255486,-0.001688942933590088,"{""not_large"":463,""both_correct"":668,""target_led_correction"":1025,""source_led_correction"":1000,""persistent_disagreement"":1321}",diagnostic_2,500,futures_to_options_disequilibrium,,,4014,8.924436952553458,100.0,-0.10376797018366707,0.07496370253140008,0.011780277766503523,,False,"[0,0,1,462,4014]","[null,null,0.028375332118659245,0.04626149811202362,0.04350755891416186]",4477,23,futures,0.04074722580120159,surface_displacement,options
,,,,,,60,300,0.0791162887089933,-0.015493929083042094,"{""not_large"":463,""both_correct"":668,""target_led_correction"":1025,""source_led_correction"":1000,""persistent_disagreement"":1321}",diagnostic_2,500,futures_to_options_disequilibrium,,,4014,8.924436952553458,100.0,-0.10376797018366707,0.07496370253140008,0.011780277766503523,,False,"[0,0,1,462,4014]","[null,null,0.028375332118659245,0.04626149811202362,0.04350755891416186]",4477,23,futures,0.04074722580120159,surface_displacement,options
,,,,,,12,60,0.13877177273939825,0.043339990296258596,"{""not_large"":463,""both_correct"":668,""target_led_correction"":1025,""source_led_correction"":1000,""persistent_disagreement"":1321}",diagnostic_2,500,futures_to_options_disequilibrium,,,4014,8.924436952553458,100.0,-0.10376797018366707,0.07496370253140008,0.011780277766503523,,False,"[0,0,1,462,4014]","[null,null,-3.0129303922876716e-06,-3.058379657587462e-06,4.498544737666659e-07]",4477,23,futures,0.09151095804671384,parity_restoration,options
,,,,,,24,120,0.14139327915172495,0.04810215154595679,"{""not_large"":463,""both_correct"":668,""target_led_correction"":1025,""source_led_correction"":1000,""persistent_disagreement"":1321}",diagnostic_2,500,futures_to_options_disequilibrium,,,4014,8.924436952553458,100.0,-0.10376797018366707,0.07496370253140008,0.011780277766503523,,False,"[0,0,1,462,4014]","[null,null,-3.0129303922876716e-06,-3.058379657587462e-06,4.498544737666659e-07]",4477,23,futures,0.09151095804671384,parity_restoration,options
,,,,,,60,300,0.13746454491562982,0.045947110309178765,"{""not_large"":463,""both_correct"":668,""target_led_correction"":1025,""source_led_correction"":1000,""persistent_disagreement"":1321}",diagnostic_2,500,futures_to_options_disequilibrium,,,4014,8.924436952553458,100.0,-0.10376797018366707,0.07496370253140008,0.011780277766503523,,False,"[0,0,1,462,4014]","[null,null,-3.0129303922876716e-06,-3.058379657587462e-06,4.498544737666659e-07]",4477,23,futures,0.09151095804671384,parity_restoration,options
,,,,,,12,60,0.09242655416507084,-0.005985361369164377,"{""not_large"":463,""both_correct"":668,""target_led_correction"":1025,""source_led_correction"":1000,""persistent_disagreement"":1321}",diagnostic_2,500,futures_to_options_disequilibrium,,,4014,8.924436952553458,100.0,-0.10376797018366707,0.07496370253140008,0.011780277766503523,,False,"[0,0,1,462,4014]","[null,null,3.82130965590477e-05,7.24127794337737e-05,7.253859120671228e-05]",4477,23,futures,0.04314829104230713,absolute_atm_straddle_change,options
,,,,,,24,120,0.09108517465386831,-0.00810646115512606,"{""not_large"":463,""both_correct"":668,""target_led_correction"":1025,""source_led_correction"":1000,""persistent_disagreement"":1321}",diagnostic_2,500,futures_to_options_disequilibrium,,,4014,8.924436952553458,100.0,-0.10376797018366707,0.07496370253140008,0.011780277766503523,,False,"[0,0,1,462,4014]","[null,null,3.82130965590477e-05,7.24127794337737e-05,7.253859120671228e-05]",4477,23,futures,0.04314829104230713,absolute_atm_straddle_change,options
,,,,,,60,300,0.10037088262088738,-0.004781685119840755,"{""not_large"":463,""both_correct"":668,""target_led_correction"":1025,""source_led_correction"":1000,""persistent_disagreement"":1321}",diagnostic_2,500,futures_to_options_disequilibrium,,,4014,8.924436952553458,100.0,-0.10376797018366707,0.07496370253140008,0.011780277766503523,,False,"[0,0,1,462,4014]","[null,null,3.82130965590477e-05,7.24127794337737e-05,7.253859120671228e-05]",4477,23,futures,0.04314829104230713,absolute_atm_straddle_change,options
,,,,,,12,60,0.012652498879196105,-0.0463530042685375,"{""not_large"":463,""both_correct"":668,""target_led_correction"":1025,""source_led_correction"":1000,""persistent_disagreement"":1321}",diagnostic_2,500,futures_to_options_disequilibrium,,,4014,8.924436952553458,100.0,-0.10376797018366707,0.07496370253140008,0.011780277766503523,,False,"[0,0,1,462,4014]","[null,null,0.0001847295498009771,7.47695777643859e-05,-8.886542351083254e-06]",4477,23,futures,-0.018877171431044087,near_atm_spread_change,options
,,,,,,24,120,0.01333035306622489,-0.050129844627890864,"{""not_large"":463,""both_correct"":668,""target_led_correction"":1025,""source_led_correction"":1000,""persistent_disagreement"":1321}",diagnostic_2,500,futures_to_options_disequilibrium,,,4014,8.924436952553458,100.0,-0.10376797018366707,0.07496370253140008,0.011780277766503523,,False,"[0,0,1,462,4014]","[null,null,0.0001847295498009771,7.47695777643859e-05,-8.886542351083254e-06]",4477,23,futures,-0.018877171431044087,near_atm_spread_change,options
,,,,,,60,300,0.008862304712524863,-0.048149465813142424,"{""not_large"":463,""both_correct"":668,""target_led_correction"":1025,""source_led_correction"":1000,""persistent_disagreement"":1321}",diagnostic_2,500,futures_to_options_disequilibrium,,,4014,8.924436952553458,100.0,-0.10376797018366707,0.07496370253140008,0.011780277766503523,,False,"[0,0,1,462,4014]","[null,null,0.0001847295498009771,7.47695777643859e-05,-8.886542351083254e-06]",4477,23,futures,-0.018877171431044087,near_atm_spread_change,options
,,,,,,12,60,0.07340862074056138,-0.04663605402585806,"{""not_large"":463,""both_correct"":668,""target_led_correction"":1025,""source_led_correction"":1000,""persistent_disagreement"":1321}",diagnostic_2,500,futures_to_options_disequilibrium,,,4014,8.924436952553458,100.0,-0.10376797018366707,0.07496370253140008,0.011780277766503523,,False,"[0,0,1,462,4014]","[null,null,0.00010842987600204403,0.00011960163526082606,0.00012605931545067172]",4477,23,futures,0.012761726432442668,realized_futures_volatility,options
,,,,,,24,120,0.07551236844930062,-0.05025670169429459,"{""not_large"":463,""both_correct"":668,""target_led_correction"":1025,""source_led_correction"":1000,""persistent_disagreement"":1321}",diagnostic_2,500,futures_to_options_disequilibrium,,,4014,8.924436952553458,100.0,-0.10376797018366707,0.07496370253140008,0.011780277766503523,,False,"[0,0,1,462,4014]","[null,null,0.00010842987600204403,0.00011960163526082606,0.00012605931545067172]",4477,23,futures,0.012761726432442668,realized_futures_volatility,options
,,,,,,60,300,0.09399555951578104,-0.04640096355569827,"{""not_large"":463,""both_correct"":668,""target_led_correction"":1025,""source_led_correction"":1000,""persistent_disagreement"":1321}",diagnostic_2,500,futures_to_options_disequilibrium,,,4014,8.924436952553458,100.0,-0.10376797018366707,0.07496370253140008,0.011780277766503523,,False,"[0,0,1,462,4014]","[null,null,0.00010842987600204403,0.00011960163526082606,0.00012605931545067172]",4477,23,futures,0.012761726432442668,realized_futures_volatility,options
-0.2935592197054324,-0.3020625343218233,-0.22025257657576192,-0.1321256873894343,-0.126077985639794,-0.2206168077093067,,,,,,diagnostic_2,,futures_to_options_increment,0.008503314616390867,-0.006047701749640311,,,,,,,"{""base_to_candidate"":{""60s"":{""mean_mae_reduction"":7.004415880854452e-06,""ci_low"":-2.1477251875363004e-06,""ci_high"":1.5586563198103008e-05,""positive_probability"":0.926,""block_rows"":12,""draws"":500},""120s"":{""mean_mae_reduction"":7.004415880854452e-06,""ci_low"":-3.938669103008962e-06,""ci_high"":1.786339268330666e-05,""positive_probability"":0.888,""block_rows"":24,""draws"":500},""300s"":{""mean_mae_reduction"":7.004415880854452e-06,""ci_low"":-8.88902916271609e-06,""ci_high"":2.1348088150162896e-05,""positive_probability"":0.828,""block_rows"":60,""draws"":500}},""base_pca_to_candidate"":{""60s"":{""mean_mae_reduction"":-0.00011630147529007967,""ci_low"":-0.00012989800137164258,""ci_high"":-0.00010433987286048606,""positive_probability"":0.0,""block_rows"":12,""draws"":500},""120s"":{""mean_mae_reduction"":-0.00011630147529007967,""ci_low"":-0.00013228983395355336,""ci_high"":-0.00010012268181555776,""positive_probability"":0.0,""block_rows"":24,""draws"":500},""300s"":{""mean_mae_reduction"":-0.00011630147529007967,""ci_low"":-0.000141505597272176,""ci_high"":-9.54444409213583e-05,""positive_probability"":0.0,""block_rows"":60,""draws"":500}},""comparator_to_candidate"":{""60s"":{""mean_mae_reduction"":0.00016352460416897599,""ci_low"":0.000153491765334822,""ci_high"":0.00017513222221417693,""positive_probability"":1.0,""block_rows"":12,""draws"":500},""120s"":{""mean_mae_reduction"":0.00016352460416897599,""ci_low"":0.00015095589757466635,""ci_high"":0.00017513960639077575,""positive_probability"":1.0,""block_rows"":24,""draws"":500},""300s"":{""mean_mae_reduction"":0.00016352460416897599,""ci_low"":0.00014964714613238718,""ci_high"":0.00017859327012359827,""positive_probability"":1.0,""block_rows"":60,""draws"":500}}}",,,,,23,futures,,surface_displacement,options
-0.10300459168487763,-0.1131143848399574,0.06658950213041015,0.07136878789730783,0.0721085956719355,0.06622437172131068,,,,,,diagnostic_2,,futures_to_options_increment,0.01010979315507976,-0.0007398077746276766,,,,,,,"{""base_to_candidate"":{""60s"":{""mean_mae_reduction"":1.9433914322056665e-06,""ci_low"":1.1089693609704483e-06,""ci_high"":2.7292661758694146e-06,""positive_probability"":1.0,""block_rows"":12,""draws"":500},""120s"":{""mean_mae_reduction"":1.9433914322056665e-06,""ci_low"":1.0362455978124169e-06,""ci_high"":2.9462661360028736e-06,""positive_probability"":1.0,""block_rows"":24,""draws"":500},""300s"":{""mean_mae_reduction"":1.9433914322056665e-06,""ci_low"":7.763355046653964e-07,""ci_high"":3.004880362180521e-06,""positive_probability"":1.0,""block_rows"":60,""draws"":500}},""base_pca_to_candidate"":{""60s"":{""mean_mae_reduction"":-3.937596143353969e-06,""ci_low"":-4.966597730125956e-06,""ci_high"":-2.9283588722387143e-06,""positive_probability"":0.0,""block_rows"":12,""draws"":500},""120s"":{""mean_mae_reduction"":-3.937596143353969e-06,""ci_low"":-5.021548616795087e-06,""ci_high"":-2.8936198398159513e-06,""positive_probability"":0.0,""block_rows"":24,""draws"":500},""300s"":{""mean_mae_reduction"":-3.937596143353969e-06,""ci_low"":-5.390208246412608e-06,""ci_high"":-2.6838527746683508e-06,""positive_probability"":0.0,""block_rows"":60,""draws"":500}},""comparator_to_candidate"":{""60s"":{""mean_mae_reduction"":5.3808954032118724e-05,""ci_low"":5.093794256512532e-05,""ci_high"":5.6181864514994676e-05,""positive_probability"":1.0,""block_rows"":12,""draws"":500},""120s"":{""mean_mae_reduction"":5.3808954032118724e-05,""ci_low"":5.0451464288167586e-05,""ci_high"":5.684356853751706e-05,""positive_probability"":1.0,""block_rows"":24,""draws"":500},""300s"":{""mean_mae_reduction"":5.3808954032118724e-05,""ci_low"":5.019089754118388e-05,""ci_high"":5.748439832848402e-05,""positive_probability"":1.0,""block_rows"":60,""draws"":500}}}",,,,,23,futures,,signed_atm_iv_change,options
,,,,,,12,60,0.007292195904733636,-0.11341724734034102,"{""persistent_disagreement"":425,""not_large"":771,""both_correct"":367,""target_led_correction"":406,""source_led_correction"":373}",diagnostic_1,500,futures_to_options_disequilibrium,,,1571,8.813108219143924,10.0,-0.36835962217251983,0.19745528294169756,0.010247575661946935,,False,"[0,1,72,698,1571]","[null,-1.811981201171875e-05,1.3245476616753473e-07,5.850477683168428e-06,-7.08244318874075e-06]",2342,42,futures,-0.055056347314626726,signed_futures_return,options
,,,,,,24,120,0.01431057216017884,-0.12073961420493451,"{""persistent_disagreement"":425,""not_large"":771,""both_correct"":367,""target_led_correction"":406,""source_led_correction"":373}",diagnostic_1,500,futures_to_options_disequilibrium,,,1571,8.813108219143924,10.0,-0.36835962217251983,0.19745528294169756,0.010247575661946935,,False,"[0,1,72,698,1571]","[null,-1.811981201171875e-05,1.3245476616753473e-07,5.850477683168428e-06,-7.08244318874075e-06]",2342,42,futures,-0.055056347314626726,signed_futures_return,options
,,,,,,60,300,0.010995273163980482,-0.1248346486849304,"{""persistent_disagreement"":425,""not_large"":771,""both_correct"":367,""target_led_correction"":406,""source_led_correction"":373}",diagnostic_1,500,futures_to_options_disequilibrium,,,1571,8.813108219143924,10.0,-0.36835962217251983,0.19745528294169756,0.010247575661946935,,False,"[0,1,72,698,1571]","[null,-1.811981201171875e-05,1.3245476616753473e-07,5.850477683168428e-06,-7.08244318874075e-06]",2342,42,futures,-0.055056347314626726,signed_futures_return,options
,,,,,,12,60,-0.022340700296948023,-0.10323049386046307,"{""persistent_disagreement"":425,""not_large"":771,""both_correct"":367,""target_led_correction"":406,""source_led_correction"":373}",diagnostic_1,500,futures_to_options_disequilibrium,,,1571,8.813108219143924,10.0,-0.36835962217251983,0.19745528294169756,0.010247575661946935,,False,"[0,1,72,698,1571]","[null,-0.009644314646720886,-0.00023459643125534058,0.00042916519465965663,-0.00018722638440390137]",2342,42,futures,-0.06294588881110323,signed_atm_iv_change,options
,,,,,,24,120,-0.018236548752080767,-0.10227375252927139,"{""persistent_disagreement"":425,""not_large"":771,""both_correct"":367,""target_led_correction"":406,""source_led_correction"":373}",diagnostic_1,500,futures_to_options_disequilibrium,,,1571,8.813108219143924,10.0,-0.36835962217251983,0.19745528294169756,0.010247575661946935,,False,"[0,1,72,698,1571]","[null,-0.009644314646720886,-0.00023459643125534058,0.00042916519465965663,-0.00018722638440390137]",2342,42,futures,-0.06294588881110323,signed_atm_iv_change,options
,,,,,,60,300,-0.016347629468291488,-0.10218261379264125,"{""persistent_disagreement"":425,""not_large"":771,""both_correct"":367,""target_led_correction"":406,""source_led_correction"":373}",diagnostic_1,500,futures_to_options_disequilibrium,,,1571,8.813108219143924,10.0,-0.36835962217251983,0.19745528294169756,0.010247575661946935,,False,"[0,1,72,698,1571]","[null,-0.009644314646720886,-0.00023459643125534058,0.00042916519465965663,-0.00018722638440390137]",2342,42,futures,-0.06294588881110323,signed_atm_iv_change,options
,,,,,,12,60,0.12568243890066352,0.04147441563724839,"{""persistent_disagreement"":425,""not_large"":771,""both_correct"":367,""target_led_correction"":406,""source_led_correction"":373}",diagnostic_1,500,futures_to_options_disequilibrium,,,1571,8.813108219143924,10.0,-0.36835962217251983,0.19745528294169756,0.010247575661946935,,False,"[0,1,72,698,1571]","[null,0.06665222964076041,0.03870671357674149,0.04210951972706313,0.04472665821764965]",2342,42,futures,0.08446479259187095,surface_displacement,options
,,,,,,24,120,0.12547994957355763,0.04118394503587042,"{""persistent_disagreement"":425,""not_large"":771,""both_correct"":367,""target_led_correction"":406,""source_led_correction"":373}",diagnostic_1,500,futures_to_options_disequilibrium,,,1571,8.813108219143924,10.0,-0.36835962217251983,0.19745528294169756,0.010247575661946935,,False,"[0,1,72,698,1571]","[null,0.06665222964076041,0.03870671357674149,0.04210951972706313,0.04472665821764965]",2342,42,futures,0.08446479259187095,surface_displacement,options
,,,,,,60,300,0.11869620930488907,0.030572451054412333,"{""persistent_disagreement"":425,""not_large"":771,""both_correct"":367,""target_led_correction"":406,""source_led_correction"":373}",diagnostic_1,500,futures_to_options_disequilibrium,,,1571,8.813108219143924,10.0,-0.36835962217251983,0.19745528294169756,0.010247575661946935,,False,"[0,1,72,698,1571]","[null,0.06665222964076041,0.03870671357674149,0.04210951972706313,0.04472665821764965]",2342,42,futures,0.08446479259187095,surface_displacement,options
,,,,,,12,60,0.11729955193584767,-0.010167228835980193,"{""persistent_disagreement"":425,""not_large"":771,""both_correct"":367,""target_led_correction"":406,""source_led_correction"":373}",diagnostic_1,500,futures_to_options_disequilibrium,,,1571,8.813108219143924,10.0,-0.36835962217251983,0.19745528294169756,0.010247575661946935,,False,"[0,1,72,698,1571]","[null,6.069094524718821e-06,1.2788481298129127e-06,-2.5293085221824122e-06,1.6002379943402014e-06]",2342,42,futures,0.05882169499887189,parity_restoration,options
,,,,,,24,120,0.10953291132155653,-0.015057389163523564,"{""persistent_disagreement"":425,""not_large"":771,""both_correct"":367,""target_led_correction"":406,""source_led_correction"":373}",diagnostic_1,500,futures_to_options_disequilibrium,,,1571,8.813108219143924,10.0,-0.36835962217251983,0.19745528294169756,0.010247575661946935,,False,"[0,1,72,698,1571]","[null,6.069094524718821e-06,1.2788481298129127e-06,-2.5293085221824122e-06,1.6002379943402014e-06]",2342,42,futures,0.05882169499887189,parity_restoration,options
,,,,,,60,300,0.11879279470659371,-0.002746764103850601,"{""persistent_disagreement"":425,""not_large"":771,""both_correct"":367,""target_led_correction"":406,""source_led_correction"":373}",diagnostic_1,500,futures_to_options_disequilibrium,,,1571,8.813108219143924,10.0,-0.36835962217251983,0.19745528294169756,0.010247575661946935,,False,"[0,1,72,698,1571]","[null,6.069094524718821e-06,1.2788481298129127e-06,-2.5293085221824122e-06,1.6002379943402014e-06]",2342,42,futures,0.05882169499887189,parity_restoration,options
,,,,,,12,60,0.04676327340903721,-0.05965068181361466,"{""persistent_disagreement"":425,""not_large"":771,""both_correct"":367,""target_led_correction"":406,""source_led_correction"":373}",diagnostic_1,500,futures_to_options_disequilibrium,,,1571,8.813108219143924,10.0,-0.36835962217251983,0.19745528294169756,0.010247575661946935,,False,"[0,1,72,698,1571]","[null,1.8224120140075684e-05,4.741894857337078e-05,4.336388013125491e-05,4.752380814922607e-05]",2342,42,futures,-0.003169816212608869,absolute_atm_straddle_change,options
,,,,,,24,120,0.05172324741811038,-0.06611114887288039,"{""persistent_disagreement"":425,""not_large"":771,""both_correct"":367,""target_led_correction"":406,""source_led_correction"":373}",diagnostic_1,500,futures_to_options_disequilibrium,,,1571,8.813108219143924,10.0,-0.36835962217251983,0.19745528294169756,0.010247575661946935,,False,"[0,1,72,698,1571]","[null,1.8224120140075684e-05,4.741894857337078e-05,4.336388013125491e-05,4.752380814922607e-05]",2342,42,futures,-0.003169816212608869,absolute_atm_straddle_change,options
,,,,,,60,300,0.05403639254136482,-0.06596302241616632,"{""persistent_disagreement"":425,""not_large"":771,""both_correct"":367,""target_led_correction"":406,""source_led_correction"":373}",diagnostic_1,500,futures_to_options_disequilibrium,,,1571,8.813108219143924,10.0,-0.36835962217251983,0.19745528294169756,0.010247575661946935,,False,"[0,1,72,698,1571]","[null,1.8224120140075684e-05,4.741894857337078e-05,4.336388013125491e-05,4.752380814922607e-05]",2342,42,futures,-0.003169816212608869,absolute_atm_straddle_change,options
,,,,,,12,60,0.033662060125930586,-0.044975404788820374,"{""persistent_disagreement"":425,""not_large"":771,""both_correct"":367,""target_led_correction"":406,""source_led_correction"":373}",diagnostic_1,500,futures_to_options_disequilibrium,,,1571,8.813108219143924,10.0,-0.36835962217251983,0.19745528294169756,0.010247575661946935,,False,"[0,1,72,698,1571]","[null,0.0005884207203052938,5.608188641619765e-05,-1.2102648665038414e-05,-2.417299132628152e-07]",2342,42,futures,-0.006116221322109163,near_atm_spread_change,options
,,,,,,24,120,0.028586967387032907,-0.04337506149530507,"{""persistent_disagreement"":425,""not_large"":771,""both_correct"":367,""target_led_correction"":406,""source_led_correction"":373}",diagnostic_1,500,futures_to_options_disequilibrium,,,1571,8.813108219143924,10.0,-0.36835962217251983,0.19745528294169756,0.010247575661946935,,False,"[0,1,72,698,1571]","[null,0.0005884207203052938,5.608188641619765e-05,-1.2102648665038414e-05,-2.417299132628152e-07]",2342,42,futures,-0.006116221322109163,near_atm_spread_change,options
,,,,,,60,300,0.02411436637210779,-0.041501010045201,"{""persistent_disagreement"":425,""not_large"":771,""both_correct"":367,""target_led_correction"":406,""source_led_correction"":373}",diagnostic_1,500,futures_to_options_disequilibrium,,,1571,8.813108219143924,10.0,-0.36835962217251983,0.19745528294169756,0.010247575661946935,,False,"[0,1,72,698,1571]","[null,0.0005884207203052938,5.608188641619765e-05,-1.2102648665038414e-05,-2.417299132628152e-07]",2342,42,futures,-0.006116221322109163,near_atm_spread_change,options
,,,,,,12,60,0.027615724057956422,-0.11662985836454637,"{""persistent_disagreement"":425,""not_large"":771,""both_correct"":367,""target_led_correction"":406,""source_led_correction"":373}",diagnostic_1,500,futures_to_options_disequilibrium,,,1571,8.813108219143924,10.0,-0.36835962217251983,0.19745528294169756,0.010247575661946935,,False,"[0,1,72,698,1571]","[null,1.811981201171875e-05,0.00010767036116251965,0.00011431497990357716,0.00011427178586904634]",2342,42,futures,-0.04281268184552968,realized_futures_volatility,options
,,,,,,24,120,0.04737525767700332,-0.13056028590714278,"{""persistent_disagreement"":425,""not_large"":771,""both_correct"":367,""target_led_correction"":406,""source_led_correction"":373}",diagnostic_1,500,futures_to_options_disequilibrium,,,1571,8.813108219143924,10.0,-0.36835962217251983,0.19745528294169756,0.010247575661946935,,False,"[0,1,72,698,1571]","[null,1.811981201171875e-05,0.00010767036116251965,0.00011431497990357716,0.00011427178586904634]",2342,42,futures,-0.04281268184552968,realized_futures_volatility,options
,,,,,,60,300,0.04969455673405576,-0.11248777736590641,"{""persistent_disagreement"":425,""not_large"":771,""both_correct"":367,""target_led_correction"":406,""source_led_correction"":373}",diagnostic_1,500,futures_to_options_disequilibrium,,,1571,8.813108219143924,10.0,-0.36835962217251983,0.19745528294169756,0.010247575661946935,,False,"[0,1,72,698,1571]","[null,1.811981201171875e-05,0.00010767036116251965,0.00011431497990357716,0.00011427178586904634]",2342,42,futures,-0.04281268184552968,realized_futures_volatility,options
-0.12597325071963472,-0.15290242237290497,-0.07502059579051124,-0.007851966369179175,-0.004032467533416906,-0.08200533791537845,,,,,,diagnostic_1,,futures_to_options_increment,0.026929171653270245,-0.0038194988357622695,,,,,,,"{""base_to_candidate"":{""60s"":{""mean_mae_reduction"":0.00013393048841470504,""ci_low"":9.757282698218517e-05,""ci_high"":0.00016849251948107492,""positive_probability"":1.0,""block_rows"":12,""draws"":500},""120s"":{""mean_mae_reduction"":0.00013393048841470504,""ci_low"":8.94067301441225e-05,""ci_high"":0.0001756865368086151,""positive_probability"":1.0,""block_rows"":24,""draws"":500},""300s"":{""mean_mae_reduction"":0.00013393048841470504,""ci_low"":7.889408971073444e-05,""ci_high"":0.00019395033305252932,""positive_probability"":1.0,""block_rows"":60,""draws"":500}},""base_pca_to_candidate"":{""60s"":{""mean_mae_reduction"":-7.323782831607265e-05,""ci_low"":-0.00010701113712181859,""ci_high"":-4.341673294462163e-05,""positive_probability"":0.0,""block_rows"":12,""draws"":500},""120s"":{""mean_mae_reduction"":-7.323782831607265e-05,""ci_low"":-0.00010906174058590566,""ci_high"":-3.822761171739075e-05,""positive_probability"":0.0,""block_rows"":24,""draws"":500},""300s"":{""mean_mae_reduction"":-7.323782831607265e-05,""ci_low"":-0.00011565373063726656,""ci_high"":-2.898737986638724e-05,""positive_probability"":0.0,""block_rows"":60,""draws"":500}},""comparator_to_candidate"":{""60s"":{""mean_mae_reduction"":0.0005163593798668093,""ci_low"":0.00046983338997597725,""ci_high"":0.0005598400176927411,""positive_probability"":1.0,""block_rows"":12,""draws"":500},""120s"":{""mean_mae_reduction"":0.0005163593798668093,""ci_low"":0.00046447377794895035,""ci_high"":0.0005740346183472725,""positive_probability"":1.0,""block_rows"":24,""draws"":500},""300s"":{""mean_mae_reduction"":0.0005163593798668093,""ci_low"":0.0004530326589244875,""ci_high"":0.0005926943292683374,""positive_probability"":1.0,""block_rows"":60,""draws"":500}}}",,,,,42,futures,,surface_displacement,options
-0.509416264888841,-0.5293804988603081,0.030262667602783844,0.03708313438981037,0.037140299171189994,0.029302902911803264,,,,,,diagnostic_1,,futures_to_options_increment,0.019964233971467182,-5.7164781379626106e-05,,,,,,,"{""base_to_candidate"":{""60s"":{""mean_mae_reduction"":4.36773754561805e-06,""ci_low"":3.181485208249676e-06,""ci_high"":5.559990200474976e-06,""positive_probability"":1.0,""block_rows"":12,""draws"":500},""120s"":{""mean_mae_reduction"":4.36773754561805e-06,""ci_low"":3.0256655675722968e-06,""ci_high"":5.722042818564287e-06,""positive_probability"":1.0,""block_rows"":24,""draws"":500},""300s"":{""mean_mae_reduction"":4.36773754561805e-06,""ci_low"":2.888917222446966e-06,""ci_high"":5.886051095042785e-06,""positive_probability"":1.0,""block_rows"":60,""draws"":500}},""base_pca_to_candidate"":{""60s"":{""mean_mae_reduction"":-2.60147892774435e-07,""ci_low"":-1.1854749540997732e-06,""ci_high"":6.546563733275958e-07,""positive_probability"":0.29,""block_rows"":12,""draws"":500},""120s"":{""mean_mae_reduction"":-2.60147892774435e-07,""ci_low"":-1.1468555093891126e-06,""ci_high"":7.293889020544216e-07,""positive_probability"":0.282,""block_rows"":24,""draws"":500},""300s"":{""mean_mae_reduction"":-2.60147892774435e-07,""ci_low"":-1.514967069653651e-06,""ci_high"":9.017498305575703e-07,""positive_probability"":0.302,""block_rows"":60,""draws"":500}},""comparator_to_candidate"":{""60s"":{""mean_mae_reduction"":9.085407611484013e-05,""ci_low"":8.686754709012114e-05,""ci_high"":9.443298660143867e-05,""positive_probability"":1.0,""block_rows"":12,""draws"":500},""120s"":{""mean_mae_reduction"":9.085407611484013e-05,""ci_low"":8.700534005743632e-05,""ci_high"":9.474208794564965e-05,""positive_probability"":1.0,""block_rows"":24,""draws"":500},""300s"":{""mean_mae_reduction"":9.085407611484013e-05,""ci_low"":8.688674513819817e-05,""ci_high"":9.548271172105185e-05,""positive_probability"":1.0,""block_rows"":60,""draws"":500}}}",,,,,42,futures,,signed_atm_iv_change,options
,,,,,,12,60,0.051935864666163414,-0.044777142405682695,"{""not_large"":1822,""both_correct"":642,""target_led_correction"":721,""source_led_correction"":586,""persistent_disagreement"":706}",diagnostic_2,500,futures_to_options_disequilibrium,,,2655,8.813108219143924,10.0,-0.384231176267039,0.1899802748478712,0.013121512607023239,,False,"[0,0,141,1681,2655]","[null,null,-3.396703841838431e-05,-6.045421484607376e-06,-5.745753056585452e-06]",4477,42,futures,0.001593388225104256,signed_futures_return,options
,,,,,,24,120,0.050866770963924696,-0.05927513002413602,"{""not_large"":1822,""both_correct"":642,""target_led_correction"":721,""source_led_correction"":586,""persistent_disagreement"":706}",diagnostic_2,500,futures_to_options_disequilibrium,,,2655,8.813108219143924,10.0,-0.384231176267039,0.1899802748478712,0.013121512607023239,,False,"[0,0,141,1681,2655]","[null,null,-3.396703841838431e-05,-6.045421484607376e-06,-5.745753056585452e-06]",4477,42,futures,0.001593388225104256,signed_futures_return,options
,,,,,,60,300,0.05512021392456602,-0.049404069880139595,"{""not_large"":1822,""both_correct"":642,""target_led_correction"":721,""source_led_correction"":586,""persistent_disagreement"":706}",diagnostic_2,500,futures_to_options_disequilibrium,,,2655,8.813108219143924,10.0,-0.384231176267039,0.1899802748478712,0.013121512607023239,,False,"[0,0,141,1681,2655]","[null,null,-3.396703841838431e-05,-6.045421484607376e-06,-5.745753056585452e-06]",4477,42,futures,0.001593388225104256,signed_futures_return,options
,,,,,,12,60,0.01235149538423066,-0.047246351023293866,"{""not_large"":1822,""both_correct"":642,""target_led_correction"":721,""source_led_correction"":586,""persistent_disagreement"":706}",diagnostic_2,500,futures_to_options_disequilibrium,,,2655,8.813108219143924,10.0,-0.384231176267039,0.1899802748478712,0.013121512607023239,,False,"[0,0,141,1681,2655]","[null,null,-0.0010791343788728645,0.0002068045822230923,-6.37479393046679e-05]",4477,42,futures,-0.016957001997210352,signed_atm_iv_change,options
,,,,,,24,120,0.012770651025694668,-0.04782838245169537,"{""not_large"":1822,""both_correct"":642,""target_led_correction"":721,""source_led_correction"":586,""persistent_disagreement"":706}",diagnostic_2,500,futures_to_options_disequilibrium,,,2655,8.813108219143924,10.0,-0.384231176267039,0.1899802748478712,0.013121512607023239,,False,"[0,0,141,1681,2655]","[null,null,-0.0010791343788728645,0.0002068045822230923,-6.37479393046679e-05]",4477,42,futures,-0.016957001997210352,signed_atm_iv_change,options
,,,,,,60,300,0.016107225913063506,-0.04845122117643343,"{""not_large"":1822,""both_correct"":642,""target_led_correction"":721,""source_led_correction"":586,""persistent_disagreement"":706}",diagnostic_2,500,futures_to_options_disequilibrium,,,2655,8.813108219143924,10.0,-0.384231176267039,0.1899802748478712,0.013121512607023239,,False,"[0,0,141,1681,2655]","[null,null,-0.0010791343788728645,0.0002068045822230923,-6.37479393046679e-05]",4477,42,futures,-0.016957001997210352,signed_atm_iv_change,options
,,,,,,12,60,0.07660163994517342,0.0011796432336556271,"{""not_large"":1822,""both_correct"":642,""target_led_correction"":721,""source_led_correction"":586,""persistent_disagreement"":706}",diagnostic_2,500,futures_to_options_disequilibrium,,,2655,8.813108219143924,10.0,-0.384231176267039,0.1899802748478712,0.013121512607023239,,False,"[0,0,141,1681,2655]","[null,null,0.04411766801426216,0.043021262926978325,0.04425657053523833]",4477,42,futures,0.04243037274092122,surface_displacement,options
,,,,,,24,120,0.07937219900644596,-0.0031084232034542902,"{""not_large"":1822,""both_correct"":642,""target_led_correction"":721,""source_led_correction"":586,""persistent_disagreement"":706}",diagnostic_2,500,futures_to_options_disequilibrium,,,2655,8.813108219143924,10.0,-0.384231176267039,0.1899802748478712,0.013121512607023239,,False,"[0,0,141,1681,2655]","[null,null,0.04411766801426216,0.043021262926978325,0.04425657053523833]",4477,42,futures,0.04243037274092122,surface_displacement,options
,,,,,,60,300,0.07705386423368174,-0.009518894925030016,"{""not_large"":1822,""both_correct"":642,""target_led_correction"":721,""source_led_correction"":586,""persistent_disagreement"":706}",diagnostic_2,500,futures_to_options_disequilibrium,,,2655,8.813108219143924,10.0,-0.384231176267039,0.1899802748478712,0.013121512607023239,,False,"[0,0,141,1681,2655]","[null,null,0.04411766801426216,0.043021262926978325,0.04425657053523833]",4477,42,futures,0.04243037274092122,surface_displacement,options
,,,,,,12,60,0.12218878626882812,0.031048621231321096,"{""not_large"":1822,""both_correct"":642,""target_led_correction"":721,""source_led_correction"":586,""persistent_disagreement"":706}",diagnostic_2,500,futures_to_options_disequilibrium,,,2655,8.813108219143924,10.0,-0.384231176267039,0.1899802748478712,0.013121512607023239,,False,"[0,0,141,1681,2655]","[null,null,-3.5542316964112474e-07,-1.5658731741871496e-06,1.1570919014047831e-06]",4477,42,futures,0.07861671667293965,parity_restoration,options
,,,,,,24,120,0.121955617816346,0.03581429801717363,"{""not_large"":1822,""both_correct"":642,""target_led_correction"":721,""source_led_correction"":586,""persistent_disagreement"":706}",diagnostic_2,500,futures_to_options_disequilibrium,,,2655,8.813108219143924,10.0,-0.384231176267039,0.1899802748478712,0.013121512607023239,,False,"[0,0,141,1681,2655]","[null,null,-3.5542316964112474e-07,-1.5658731741871496e-06,1.1570919014047831e-06]",4477,42,futures,0.07861671667293965,parity_restoration,options
,,,,,,60,300,0.12284735619801254,0.0339287029260151,"{""not_large"":1822,""both_correct"":642,""target_led_correction"":721,""source_led_correction"":586,""persistent_disagreement"":706}",diagnostic_2,500,futures_to_options_disequilibrium,,,2655,8.813108219143924,10.0,-0.384231176267039,0.1899802748478712,0.013121512607023239,,False,"[0,0,141,1681,2655]","[null,null,-3.5542316964112474e-07,-1.5658731741871496e-06,1.1570919014047831e-06]",4477,42,futures,0.07861671667293965,parity_restoration,options
,,,,,,12,60,0.08530335481760576,-0.004974967400782054,"{""not_large"":1822,""both_correct"":642,""target_led_correction"":721,""source_led_correction"":586,""persistent_disagreement"":706}",diagnostic_2,500,futures_to_options_disequilibrium,,,2655,8.813108219143924,10.0,-0.384231176267039,0.1899802748478712,0.013121512607023239,,False,"[0,0,141,1681,2655]","[null,null,7.978132562645783e-05,6.346151638268574e-05,7.786623214541631e-05]",4477,42,futures,0.04076404550971046,absolute_atm_straddle_change,options
,,,,,,24,120,0.08841385870888549,-0.007252704259530791,"{""not_large"":1822,""both_correct"":642,""target_led_correction"":721,""source_led_correction"":586,""persistent_disagreement"":706}",diagnostic_2,500,futures_to_options_disequilibrium,,,2655,8.813108219143924,10.0,-0.384231176267039,0.1899802748478712,0.013121512607023239,,False,"[0,0,141,1681,2655]","[null,null,7.978132562645783e-05,6.346151638268574e-05,7.786623214541631e-05]",4477,42,futures,0.04076404550971046,absolute_atm_straddle_change,options
,,,,,,60,300,0.08736480542620767,-0.006936153142365384,"{""not_large"":1822,""both_correct"":642,""target_led_correction"":721,""source_led_correction"":586,""persistent_disagreement"":706}",diagnostic_2,500,futures_to_options_disequilibrium,,,2655,8.813108219143924,10.0,-0.384231176267039,0.1899802748478712,0.013121512607023239,,False,"[0,0,141,1681,2655]","[null,null,7.978132562645783e-05,6.346151638268574e-05,7.786623214541631e-05]",4477,42,futures,0.04076404550971046,absolute_atm_straddle_change,options
,,,,,,12,60,0.04107175127086532,-0.017901853910161292,"{""not_large"":1822,""both_correct"":642,""target_led_correction"":721,""source_led_correction"":586,""persistent_disagreement"":706}",diagnostic_2,500,futures_to_options_disequilibrium,,,2655,8.813108219143924,10.0,-0.384231176267039,0.1899802748478712,0.013121512607023239,,False,"[0,0,141,1681,2655]","[null,null,3.297124518302818e-05,-3.85186534159158e-06,3.3285632697083125e-07]",4477,42,futures,0.010790189851535284,near_atm_spread_change,options
,,,,,,24,120,0.040661005763637265,-0.01557250638692825,"{""not_large"":1822,""both_correct"":642,""target_led_correction"":721,""source_led_correction"":586,""persistent_disagreement"":706}",diagnostic_2,500,futures_to_options_disequilibrium,,,2655,8.813108219143924,10.0,-0.384231176267039,0.1899802748478712,0.013121512607023239,,False,"[0,0,141,1681,2655]","[null,null,3.297124518302818e-05,-3.85186534159158e-06,3.3285632697083125e-07]",4477,42,futures,0.010790189851535284,near_atm_spread_change,options
,,,,,,60,300,0.03630321384454678,-0.016116023317449702,"{""not_large"":1822,""both_correct"":642,""target_led_correction"":721,""source_led_correction"":586,""persistent_disagreement"":706}",diagnostic_2,500,futures_to_options_disequilibrium,,,2655,8.813108219143924,10.0,-0.384231176267039,0.1899802748478712,0.013121512607023239,,False,"[0,0,141,1681,2655]","[null,null,3.297124518302818e-05,-3.85186534159158e-06,3.3285632697083125e-07]",4477,42,futures,0.010790189851535284,near_atm_spread_change,options
,,,,,,12,60,0.06410629130340527,-0.04909884345011899,"{""not_large"":1822,""both_correct"":642,""target_led_correction"":721,""source_led_correction"":586,""persistent_disagreement"":706}",diagnostic_2,500,futures_to_options_disequilibrium,,,2655,8.813108219143924,10.0,-0.384231176267039,0.1899802748478712,0.013121512607023239,,False,"[0,0,141,1681,2655]","[null,null,0.00012718956538318384,0.0001241083137313715,0.00012610420846856328]",4477,42,futures,0.002464234777864678,realized_futures_volatility,options
,,,,,,24,120,0.0660071002974441,-0.05793937906564578,"{""not_large"":1822,""both_correct"":642,""target_led_correction"":721,""source_led_correction"":586,""persistent_disagreement"":706}",diagnostic_2,500,futures_to_options_disequilibrium,,,2655,8.813108219143924,10.0,-0.384231176267039,0.1899802748478712,0.013121512607023239,,False,"[0,0,141,1681,2655]","[null,null,0.00012718956538318384,0.0001241083137313715,0.00012610420846856328]",4477,42,futures,0.002464234777864678,realized_futures_volatility,options
,,,,,,60,300,0.07247536268579821,-0.05580148575059554,"{""not_large"":1822,""both_correct"":642,""target_led_correction"":721,""source_led_correction"":586,""persistent_disagreement"":706}",diagnostic_2,500,futures_to_options_disequilibrium,,,2655,8.813108219143924,10.0,-0.384231176267039,0.1899802748478712,0.013121512607023239,,False,"[0,0,141,1681,2655]","[null,null,0.00012718956538318384,0.0001241083137313715,0.00012610420846856328]",4477,42,futures,0.002464234777864678,realized_futures_volatility,options
-0.2667473371082705,-0.3020625343218233,-0.2083500676263086,-0.13022473173540328,-0.126077985639794,-0.2206168077093067,,,,,,diagnostic_2,,futures_to_options_increment,0.03531519721355281,-0.004146746095609277,,,,,,,"{""base_to_candidate"":{""60s"":{""mean_mae_reduction"":0.0002358978712429916,""ci_low"":0.00021153459563659288,""ci_high"":0.0002599404329960494,""positive_probability"":1.0,""block_rows"":12,""draws"":500},""120s"":{""mean_mae_reduction"":0.0002358978712429916,""ci_low"":0.0002070143600081337,""ci_high"":0.0002642500578516974,""positive_probability"":1.0,""block_rows"":24,""draws"":500},""300s"":{""mean_mae_reduction"":0.0002358978712429916,""ci_low"":0.00020109268797025923,""ci_high"":0.00027107587591675917,""positive_probability"":1.0,""block_rows"":60,""draws"":500}},""base_pca_to_candidate"":{""60s"":{""mean_mae_reduction"":-7.974478711709314e-05,""ci_low"":-0.00010363833904154642,""ci_high"":-5.811985235598396e-05,""positive_probability"":0.0,""block_rows"":12,""draws"":500},""120s"":{""mean_mae_reduction"":-7.974478711709314e-05,""ci_low"":-0.00010678383544729274,""ci_high"":-4.987446786063551e-05,""positive_probability"":0.0,""block_rows"":24,""draws"":500},""300s"":{""mean_mae_reduction"":-7.974478711709314e-05,""ci_low"":-0.0001244805618577758,""ci_high"":-4.270236211447716e-05,""positive_probability"":0.0,""block_rows"":60,""draws"":500}},""comparator_to_candidate"":{""60s"":{""mean_mae_reduction"":0.0006791355966488615,""ci_low"":0.0006484842257754228,""ci_high"":0.0007138814243919909,""positive_probability"":1.0,""block_rows"":12,""draws"":500},""120s"":{""mean_mae_reduction"":0.0006791355966488615,""ci_low"":0.0006421618554679387,""ci_high"":0.0007108200605504329,""positive_probability"":1.0,""block_rows"":24,""draws"":500},""300s"":{""mean_mae_reduction"":0.0006791355966488615,""ci_low"":0.0006424744844124549,""ci_high"":0.0007145068488098939,""positive_probability"":1.0,""block_rows"":60,""draws"":500}}}",,,,,42,futures,,surface_displacement,options
-0.0991745383063396,-0.1131143848399574,0.06742616041534433,0.07217587671559189,0.0721085956719355,0.06622437172131068,,,,,,diagnostic_2,,futures_to_options_increment,0.013939846533617795,6.728104365638643e-05,,,,,,,"{""base_to_candidate"":{""60s"":{""mean_mae_reduction"":6.396470392776519e-06,""ci_low"":5.55910548722519e-06,""ci_high"":7.266497360785868e-06,""positive_probability"":1.0,""block_rows"":12,""draws"":500},""120s"":{""mean_mae_reduction"":6.396470392776519e-06,""ci_low"":5.535791336348561e-06,""ci_high"":7.324547898642722e-06,""positive_probability"":1.0,""block_rows"":24,""draws"":500},""300s"":{""mean_mae_reduction"":6.396470392776519e-06,""ci_low"":5.58537038821074e-06,""ci_high"":7.262472038605299e-06,""positive_probability"":1.0,""block_rows"":60,""draws"":500}},""base_pca_to_candidate"":{""60s"":{""mean_mae_reduction"":3.581005595082538e-07,""ci_low"":-2.828919090709372e-07,""ci_high"":9.316104550887659e-07,""positive_probability"":0.876,""block_rows"":12,""draws"":500},""120s"":{""mean_mae_reduction"":3.581005595082538e-07,""ci_low"":-3.3589582321502347e-07,""ci_high"":1.1016035505097636e-06,""positive_probability"":0.85,""block_rows"":24,""draws"":500},""300s"":{""mean_mae_reduction"":3.581005595082538e-07,""ci_low"":-5.772235826024023e-07,""ci_high"":1.2741569090277387e-06,""positive_probability"":0.786,""block_rows"":60,""draws"":500}},""comparator_to_candidate"":{""60s"":{""mean_mae_reduction"":7.419425401056071e-05,""ci_low"":7.050464056161391e-05,""ci_high"":7.729749599621539e-05,""positive_probability"":1.0,""block_rows"":12,""draws"":500},""120s"":{""mean_mae_reduction"":7.419425401056071e-05,""ci_low"":6.986904467059728e-05,""ci_high"":7.810816729148941e-05,""positive_probability"":1.0,""block_rows"":24,""draws"":500},""300s"":{""mean_mae_reduction"":7.419425401056071e-05,""ci_low"":6.967831263743281e-05,""ci_high"":7.884926043767521e-05,""positive_probability"":1.0,""block_rows"":60,""draws"":500}}}",,,,,42,futures,,signed_atm_iv_change,options
,,,,,,12,60,-0.022882281914503276,-0.15866356595069325,"{""not_large"":1164,""both_correct"":182,""source_led_correction"":303,""persistent_disagreement"":472,""target_led_correction"":221}",diagnostic_1,500,futures_to_options_disequilibrium,,,1178,9.011329123515967,100.0,-0.5637890546156321,-0.21614151463399753,0.013744323000945479,,False,"[0,0,233,931,1178]","[null,null,2.528260194180861e-05,1.7014533185293033e-06,-1.2331381313667232e-05]",2342,101,futures,-0.0887012218992582,signed_futures_return,options
,,,,,,24,120,-0.001509748182185587,-0.15909253321958522,"{""not_large"":1164,""both_correct"":182,""source_led_correction"":303,""persistent_disagreement"":472,""target_led_correction"":221}",diagnostic_1,500,futures_to_options_disequilibrium,,,1178,9.011329123515967,100.0,-0.5637890546156321,-0.21614151463399753,0.013744323000945479,,False,"[0,0,233,931,1178]","[null,null,2.528260194180861e-05,1.7014533185293033e-06,-1.2331381313667232e-05]",2342,101,futures,-0.0887012218992582,signed_futures_return,options
,,,,,,60,300,-0.011201251661203416,-0.16053382220743684,"{""not_large"":1164,""both_correct"":182,""source_led_correction"":303,""persistent_disagreement"":472,""target_led_correction"":221}",diagnostic_1,500,futures_to_options_disequilibrium,,,1178,9.011329123515967,100.0,-0.5637890546156321,-0.21614151463399753,0.013744323000945479,,False,"[0,0,233,931,1178]","[null,null,2.528260194180861e-05,1.7014533185293033e-06,-1.2331381313667232e-05]",2342,101,futures,-0.0887012218992582,signed_futures_return,options
,,,,,,12,60,-0.0068115630529761145,-0.08459912047929635,"{""not_large"":1164,""both_correct"":182,""source_led_correction"":303,""persistent_disagreement"":472,""target_led_correction"":221}",diagnostic_1,500,futures_to_options_disequilibrium,,,1178,9.011329123515967,100.0,-0.5637890546156321,-0.21614151463399753,0.013744323000945479,,False,"[0,0,233,931,1178]","[null,null,-0.00026552139305761446,0.00026157347907569304,-0.00017212990336183377]",2342,101,futures,-0.04602952830604968,signed_atm_iv_change,options
,,,,,,24,120,0.0006212501608584487,-0.07592805848939528,"{""not_large"":1164,""both_correct"":182,""source_led_correction"":303,""persistent_disagreement"":472,""target_led_correction"":221}",diagnostic_1,500,futures_to_options_disequilibrium,,,1178,9.011329123515967,100.0,-0.5637890546156321,-0.21614151463399753,0.013744323000945479,,False,"[0,0,233,931,1178]","[null,null,-0.00026552139305761446,0.00026157347907569304,-0.00017212990336183377]",2342,101,futures,-0.04602952830604968,signed_atm_iv_change,options
,,,,,,60,300,-0.00447796242442579,-0.0790820964290746,"{""not_large"":1164,""both_correct"":182,""source_led_correction"":303,""persistent_disagreement"":472,""target_led_correction"":221}",diagnostic_1,500,futures_to_options_disequilibrium,,,1178,9.011329123515967,100.0,-0.5637890546156321,-0.21614151463399753,0.013744323000945479,,False,"[0,0,233,931,1178]","[null,null,-0.00026552139305761446,0.00026157347907569304,-0.00017212990336183377]",2342,101,futures,-0.04602952830604968,signed_atm_iv_change,options
,,,,,,12,60,0.12788150722845623,0.03233765513047385,"{""not_large"":1164,""both_correct"":182,""source_led_correction"":303,""persistent_disagreement"":472,""target_led_correction"":221}",diagnostic_1,500,futures_to_options_disequilibrium,,,1178,9.011329123515967,100.0,-0.5637890546156321,-0.21614151463399753,0.013744323000945479,,False,"[0,0,233,931,1178]","[null,null,0.04101627387485249,0.04249705171585039,0.04532259208513284]",2342,101,futures,0.08140820577716133,surface_displacement,options
,,,,,,24,120,0.12016429677792148,0.035757614057277794,"{""not_large"":1164,""both_correct"":182,""source_led_correction"":303,""persistent_disagreement"":472,""target_led_correction"":221}",diagnostic_1,500,futures_to_options_disequilibrium,,,1178,9.011329123515967,100.0,-0.5637890546156321,-0.21614151463399753,0.013744323000945479,,False,"[0,0,233,931,1178]","[null,null,0.04101627387485249,0.04249705171585039,0.04532259208513284]",2342,101,futures,0.08140820577716133,surface_displacement,options
,,,,,,60,300,0.1230134201170138,0.02730920919846642,"{""not_large"":1164,""both_correct"":182,""source_led_correction"":303,""persistent_disagreement"":472,""target_led_correction"":221}",diagnostic_1,500,futures_to_options_disequilibrium,,,1178,9.011329123515967,100.0,-0.5637890546156321,-0.21614151463399753,0.013744323000945479,,False,"[0,0,233,931,1178]","[null,null,0.04101627387485249,0.04249705171585039,0.04532259208513284]",2342,101,futures,0.08140820577716133,surface_displacement,options
,,,,,,12,60,0.12594436323297725,0.0004610794407467584,"{""not_large"":1164,""both_correct"":182,""source_led_correction"":303,""persistent_disagreement"":472,""target_led_correction"":221}",diagnostic_1,500,futures_to_options_disequilibrium,,,1178,9.011329123515967,100.0,-0.5637890546156321,-0.21614151463399753,0.013744323000945479,,False,"[0,0,233,931,1178]","[null,null,-2.081624703827042e-06,-7.727505663594518e-07,1.7411816925031677e-06]",2342,101,futures,0.06772884101855224,parity_restoration,options
,,,,,,24,120,0.12059033240716027,-5.464746174440292e-05,"{""not_large"":1164,""both_correct"":182,""source_led_correction"":303,""persistent_disagreement"":472,""target_led_correction"":221}",diagnostic_1,500,futures_to_options_disequilibrium,,,1178,9.011329123515967,100.0,-0.5637890546156321,-0.21614151463399753,0.013744323000945479,,False,"[0,0,233,931,1178]","[null,null,-2.081624703827042e-06,-7.727505663594518e-07,1.7411816925031677e-06]",2342,101,futures,0.06772884101855224,parity_restoration,options
,,,,,,60,300,0.12045936621040901,0.008341169566265126,"{""not_large"":1164,""both_correct"":182,""source_led_correction"":303,""persistent_disagreement"":472,""target_led_correction"":221}",diagnostic_1,500,futures_to_options_disequilibrium,,,1178,9.011329123515967,100.0,-0.5637890546156321,-0.21614151463399753,0.013744323000945479,,False,"[0,0,233,931,1178]","[null,null,-2.081624703827042e-06,-7.727505663594518e-07,1.7411816925031677e-06]",2342,101,futures,0.06772884101855224,parity_restoration,options
,,,,,,12,60,0.0644143566010919,-0.0583122897101293,"{""not_large"":1164,""both_correct"":182,""source_led_correction"":303,""persistent_disagreement"":472,""target_led_correction"":221}",diagnostic_1,500,futures_to_options_disequilibrium,,,1178,9.011329123515967,100.0,-0.5637890546156321,-0.21614151463399753,0.013744323000945479,,False,"[0,0,233,931,1178]","[null,null,4.471293670552994e-05,4.303241378670732e-05,4.9133266437741816e-05]",2342,101,futures,0.007830749598199257,absolute_atm_straddle_change,options
,,,,,,24,120,0.06511467290373069,-0.06155648088427845,"{""not_large"":1164,""both_correct"":182,""source_led_correction"":303,""persistent_disagreement"":472,""target_led_correction"":221}",diagnostic_1,500,futures_to_options_disequilibrium,,,1178,9.011329123515967,100.0,-0.5637890546156321,-0.21614151463399753,0.013744323000945479,,False,"[0,0,233,931,1178]","[null,null,4.471293670552994e-05,4.303241378670732e-05,4.9133266437741816e-05]",2342,101,futures,0.007830749598199257,absolute_atm_straddle_change,options
,,,,,,60,300,0.08101251199739128,-0.06871414632821353,"{""not_large"":1164,""both_correct"":182,""source_led_correction"":303,""persistent_disagreement"":472,""target_led_correction"":221}",diagnostic_1,500,futures_to_options_disequilibrium,,,1178,9.011329123515967,100.0,-0.5637890546156321,-0.21614151463399753,0.013744323000945479,,False,"[0,0,233,931,1178]","[null,null,4.471293670552994e-05,4.303241378670732e-05,4.9133266437741816e-05]",2342,101,futures,0.007830749598199257,absolute_atm_straddle_change,options
,,,,,,12,60,0.033858570834346666,-0.04826378195112714,"{""not_large"":1164,""both_correct"":182,""source_led_correction"":303,""persistent_disagreement"":472,""target_led_correction"":221}",diagnostic_1,500,futures_to_options_disequilibrium,,,1178,9.011329123515967,100.0,-0.5637890546156321,-0.21614151463399753,0.013744323000945479,,False,"[0,0,233,931,1178]","[null,null,1.0615823699996803e-05,1.006820442947278e-07,-5.745595776739235e-06]",2342,101,futures,-0.008329244166593933,near_atm_spread_change,options
,,,,,,24,120,0.028950008148820577,-0.043379478536247025,"{""not_large"":1164,""both_correct"":182,""source_led_correction"":303,""persistent_disagreement"":472,""target_led_correction"":221}",diagnostic_1,500,futures_to_options_disequilibrium,,,1178,9.011329123515967,100.0,-0.5637890546156321,-0.21614151463399753,0.013744323000945479,,False,"[0,0,233,931,1178]","[null,null,1.0615823699996803e-05,1.006820442947278e-07,-5.745595776739235e-06]",2342,101,futures,-0.008329244166593933,near_atm_spread_change,options
,,,,,,60,300,0.02011074576228905,-0.04067469188424638,"{""not_large"":1164,""both_correct"":182,""source_led_correction"":303,""persistent_disagreement"":472,""target_led_correction"":221}",diagnostic_1,500,futures_to_options_disequilibrium,,,1178,9.011329123515967,100.0,-0.5637890546156321,-0.21614151463399753,0.013744323000945479,,False,"[0,0,233,931,1178]","[null,null,1.0615823699996803e-05,1.006820442947278e-07,-5.745595776739235e-06]",2342,101,futures,-0.008329244166593933,near_atm_spread_change,options
,,,,,,12,60,0.061728695801702656,-0.09063559566097001,"{""not_large"":1164,""both_correct"":182,""source_led_correction"":303,""persistent_disagreement"":472,""target_led_correction"":221}",diagnostic_1,500,futures_to_options_disequilibrium,,,1178,9.011329123515967,100.0,-0.5637890546156321,-0.21614151463399753,0.013744323000945479,,False,"[0,0,233,931,1178]","[null,null,0.00010971175145057004,0.00011410512212194712,0.00011484593429980155]",2342,101,futures,-0.014378293867360052,realized_futures_volatility,options
,,,,,,24,120,0.07152940937990047,-0.09753674760821286,"{""not_large"":1164,""both_correct"":182,""source_led_correction"":303,""persistent_disagreement"":472,""target_led_correction"":221}",diagnostic_1,500,futures_to_options_disequilibrium,,,1178,9.011329123515967,100.0,-0.5637890546156321,-0.21614151463399753,0.013744323000945479,,False,"[0,0,233,931,1178]","[null,null,0.00010971175145057004,0.00011410512212194712,0.00011484593429980155]",2342,101,futures,-0.014378293867360052,realized_futures_volatility,options
,,,,,,60,300,0.08930030029182305,-0.08685557579248196,"{""not_large"":1164,""both_correct"":182,""source_led_correction"":303,""persistent_disagreement"":472,""target_led_correction"":221}",diagnostic_1,500,futures_to_options_disequilibrium,,,1178,9.011329123515967,100.0,-0.5637890546156321,-0.21614151463399753,0.013744323000945479,,False,"[0,0,233,931,1178]","[null,null,0.00010971175145057004,0.00011410512212194712,0.00011484593429980155]",2342,101,futures,-0.014378293867360052,realized_futures_volatility,options
-0.13895814154215547,-0.15290242237290497,-0.08309295694632213,-0.0131778241762317,-0.004032467533416906,-0.08200533791537845,,,,,,diagnostic_1,,futures_to_options_increment,0.0139442808307495,-0.009145356642814795,,,,,,,"{""base_to_candidate"":{""60s"":{""mean_mae_reduction"":-2.085479254914953e-05,""ci_low"":-5.501433597043807e-05,""ci_high"":9.104140470064125e-06,""positive_probability"":0.096,""block_rows"":12,""draws"":500},""120s"":{""mean_mae_reduction"":-2.085479254914953e-05,""ci_low"":-6.184595701501109e-05,""ci_high"":1.7193120501221644e-05,""positive_probability"":0.136,""block_rows"":24,""draws"":500},""300s"":{""mean_mae_reduction"":-2.085479254914953e-05,""ci_low"":-7.274849908445953e-05,""ci_high"":3.176297702096193e-05,""positive_probability"":0.194,""block_rows"":60,""draws"":500}},""base_pca_to_candidate"":{""60s"":{""mean_mae_reduction"":-0.00017535967112346115,""ci_low"":-0.0002107482613969061,""ci_high"":-0.00014797437293078404,""positive_probability"":0.0,""block_rows"":12,""draws"":500},""120s"":{""mean_mae_reduction"":-0.00017535967112346115,""ci_low"":-0.00021114282737709318,""ci_high"":-0.00014299294945809804,""positive_probability"":0.0,""block_rows"":24,""draws"":500},""300s"":{""mean_mae_reduction"":-0.00017535967112346115,""ci_low"":-0.0002196528807423659,""ci_high"":-0.00013022910407889922,""positive_probability"":0.0,""block_rows"":60,""draws"":500}},""comparator_to_candidate"":{""60s"":{""mean_mae_reduction"":0.00026737770827719206,""ci_low"":0.0002321788139180481,""ci_high"":0.0003025193100900995,""positive_probability"":1.0,""block_rows"":12,""draws"":500},""120s"":{""mean_mae_reduction"":0.00026737770827719206,""ci_low"":0.00022555908012761566,""ci_high"":0.00031315256293963303,""positive_probability"":1.0,""block_rows"":24,""draws"":500},""300s"":{""mean_mae_reduction"":0.00026737770827719206,""ci_low"":0.00021659936942228288,""ci_high"":0.0003288990216648112,""positive_probability"":1.0,""block_rows"":60,""draws"":500}}}",,,,,101,futures,,surface_displacement,options
-0.5278248789811693,-0.5293804988603081,0.029423303092505293,0.036814118303445054,0.037140299171189994,0.029302902911803264,,,,,,diagnostic_1,,futures_to_options_increment,0.0015556198791388809,-0.0003261808677449407,,,,,,,"{""base_to_candidate"":{""60s"":{""mean_mae_reduction"":5.479222091550185e-07,""ci_low"":-3.107223478263943e-08,""ci_high"":1.0974187940932614e-06,""positive_probability"":0.968,""block_rows"":12,""draws"":500},""120s"":{""mean_mae_reduction"":5.479222091550185e-07,""ci_low"":-1.0230805410971438e-07,""ci_high"":1.1631402528330368e-06,""positive_probability"":0.944,""block_rows"":24,""draws"":500},""300s"":{""mean_mae_reduction"":5.479222091550185e-07,""ci_low"":-2.6996535533300826e-07,""ci_high"":1.3171235066807907e-06,""positive_probability"":0.906,""block_rows"":60,""draws"":500}},""base_pca_to_candidate"":{""60s"":{""mean_mae_reduction"":-1.4843976196448937e-06,""ci_low"":-2.0246580843056746e-06,""ci_high"":-9.252773997557306e-07,""positive_probability"":0.0,""block_rows"":12,""draws"":500},""120s"":{""mean_mae_reduction"":-1.4843976196448937e-06,""ci_low"":-2.0576584547527896e-06,""ci_high"":-9.775607912358478e-07,""positive_probability"":0.0,""block_rows"":24,""draws"":500},""300s"":{""mean_mae_reduction"":-1.4843976196448937e-06,""ci_low"":-2.168461878939613e-06,""ci_high"":-9.000192150433656e-07,""positive_probability"":0.0,""block_rows"":60,""draws"":500}},""comparator_to_candidate"":{""60s"":{""mean_mae_reduction"":7.079380411341318e-06,""ci_low"":6.7580137430015246e-06,""ci_high"":7.400180980275291e-06,""positive_probability"":1.0,""block_rows"":12,""draws"":500},""120s"":{""mean_mae_reduction"":7.079380411341318e-06,""ci_low"":6.7388009335377e-06,""ci_high"":7.427585298114338e-06,""positive_probability"":1.0,""block_rows"":24,""draws"":500},""300s"":{""mean_mae_reduction"":7.079380411341318e-06,""ci_low"":6.645876061757547e-06,""ci_high"":7.560415698751694e-06,""positive_probability"":1.0,""block_rows"":60,""draws"":500}}}",,,,,101,futures,,signed_atm_iv_change,options
,,,,,,12,60,0.03505232820812305,-0.06878369359564257,"{""not_large"":2596,""target_led_correction"":389,""both_correct"":328,""source_led_correction"":533,""persistent_disagreement"":631}",diagnostic_2,500,futures_to_options_disequilibrium,,,1881,9.011329123515967,100.0,-0.5649795451564783,-0.13851555589633543,0.03197138141514135,,False,"[0,0,398,2198,1881]","[null,null,-9.884187324562265e-06,-4.244241202495877e-06,-9.007938107171634e-06]",4477,101,futures,-0.01491443265544018,signed_futures_return,options
,,,,,,24,120,0.04452070235961779,-0.06385196344879915,"{""not_large"":2596,""target_led_correction"":389,""both_correct"":328,""source_led_correction"":533,""persistent_disagreement"":631}",diagnostic_2,500,futures_to_options_disequilibrium,,,1881,9.011329123515967,100.0,-0.5649795451564783,-0.13851555589633543,0.03197138141514135,,False,"[0,0,398,2198,1881]","[null,null,-9.884187324562265e-06,-4.244241202495877e-06,-9.007938107171634e-06]",4477,101,futures,-0.01491443265544018,signed_futures_return,options
,,,,,,60,300,0.03960031905298139,-0.06816699146066187,"{""not_large"":2596,""target_led_correction"":389,""both_correct"":328,""source_led_correction"":533,""persistent_disagreement"":631}",diagnostic_2,500,futures_to_options_disequilibrium,,,1881,9.011329123515967,100.0,-0.5649795451564783,-0.13851555589633543,0.03197138141514135,,False,"[0,0,398,2198,1881]","[null,null,-9.884187324562265e-06,-4.244241202495877e-06,-9.007938107171634e-06]",4477,101,futures,-0.01491443265544018,signed_futures_return,options
,,,,,,12,60,0.04248574504260483,-0.019305217183784435,"{""not_large"":2596,""target_led_correction"":389,""both_correct"":328,""source_led_correction"":533,""persistent_disagreement"":631}",diagnostic_2,500,futures_to_options_disequilibrium,,,1881,9.011329123515967,100.0,-0.5649795451564783,-0.13851555589633543,0.03197138141514135,,False,"[0,0,398,2198,1881]","[null,null,-0.0018736206406923994,0.00046130590432334534,-0.00012866538344768057]",4477,101,futures,0.010797008271889187,signed_atm_iv_change,options
,,,,,,24,120,0.04334490004547628,-0.020722736458765528,"{""not_large"":2596,""target_led_correction"":389,""both_correct"":328,""source_led_correction"":533,""persistent_disagreement"":631}",diagnostic_2,500,futures_to_options_disequilibrium,,,1881,9.011329123515967,100.0,-0.5649795451564783,-0.13851555589633543,0.03197138141514135,,False,"[0,0,398,2198,1881]","[null,null,-0.0018736206406923994,0.00046130590432334534,-0.00012866538344768057]",4477,101,futures,0.010797008271889187,signed_atm_iv_change,options
,,,,,,60,300,0.04746601003221749,-0.019187542144080378,"{""not_large"":2596,""target_led_correction"":389,""both_correct"":328,""source_led_correction"":533,""persistent_disagreement"":631}",diagnostic_2,500,futures_to_options_disequilibrium,,,1881,9.011329123515967,100.0,-0.5649795451564783,-0.13851555589633543,0.03197138141514135,,False,"[0,0,398,2198,1881]","[null,null,-0.0018736206406923994,0.00046130590432334534,-0.00012866538344768057]",4477,101,futures,0.010797008271889187,signed_atm_iv_change,options
,,,,,,12,60,0.07267271704981704,-0.004039107571829087,"{""not_large"":2596,""target_led_correction"":389,""both_correct"":328,""source_led_correction"":533,""persistent_disagreement"":631}",diagnostic_2,500,futures_to_options_disequilibrium,,,1881,9.011329123515967,100.0,-0.5649795451564783,-0.13851555589633543,0.03197138141514135,,False,"[0,0,398,2198,1881]","[null,null,0.045820285216931114,0.04296687709387202,0.04431837297854864]",4477,101,futures,0.03665155449626272,surface_displacement,options
,,,,,,24,120,0.0743558471432289,-0.008546040149574953,"{""not_large"":2596,""target_led_correction"":389,""both_correct"":328,""source_led_correction"":533,""persistent_disagreement"":631}",diagnostic_2,500,futures_to_options_disequilibrium,,,1881,9.011329123515967,100.0,-0.5649795451564783,-0.13851555589633543,0.03197138141514135,,False,"[0,0,398,2198,1881]","[null,null,0.045820285216931114,0.04296687709387202,0.04431837297854864]",4477,101,futures,0.03665155449626272,surface_displacement,options
,,,,,,60,300,0.07697594737898569,-0.020503608604873016,"{""not_large"":2596,""target_led_correction"":389,""both_correct"":328,""source_led_correction"":533,""persistent_disagreement"":631}",diagnostic_2,500,futures_to_options_disequilibrium,,,1881,9.011329123515967,100.0,-0.5649795451564783,-0.13851555589633543,0.03197138141514135,,False,"[0,0,398,2198,1881]","[null,null,0.045820285216931114,0.04296687709387202,0.04431837297854864]",4477,101,futures,0.03665155449626272,surface_displacement,options
,,,,,,12,60,0.1338329549011104,0.04641112342995307,"{""not_large"":2596,""target_led_correction"":389,""both_correct"":328,""source_led_correction"":533,""persistent_disagreement"":631}",diagnostic_2,500,futures_to_options_disequilibrium,,,1881,9.011329123515967,100.0,-0.5649795451564783,-0.13851555589633543,0.03197138141514135,,False,"[0,0,398,2198,1881]","[null,null,-2.2207177105188914e-06,-1.5401016883385767e-06,2.476725510503143e-06]",4477,101,futures,0.0916484540204945,parity_restoration,options
,,,,,,24,120,0.1345625752764051,0.050737858995297744,"{""not_large"":2596,""target_led_correction"":389,""both_correct"":328,""source_led_correction"":533,""persistent_disagreement"":631}",diagnostic_2,500,futures_to_options_disequilibrium,,,1881,9.011329123515967,100.0,-0.5649795451564783,-0.13851555589633543,0.03197138141514135,,False,"[0,0,398,2198,1881]","[null,null,-2.2207177105188914e-06,-1.5401016883385767e-06,2.476725510503143e-06]",4477,101,futures,0.0916484540204945,parity_restoration,options
,,,,,,60,300,0.13829628423521168,0.04526893918474237,"{""not_large"":2596,""target_led_correction"":389,""both_correct"":328,""source_led_correction"":533,""persistent_disagreement"":631}",diagnostic_2,500,futures_to_options_disequilibrium,,,1881,9.011329123515967,100.0,-0.5649795451564783,-0.13851555589633543,0.03197138141514135,,False,"[0,0,398,2198,1881]","[null,null,-2.2207177105188914e-06,-1.5401016883385767e-06,2.476725510503143e-06]",4477,101,futures,0.0916484540204945,parity_restoration,options
,,,,,,12,60,0.10050783930752394,0.0030839547270022204,"{""not_large"":2596,""target_led_correction"":389,""both_correct"":328,""source_led_correction"":533,""persistent_disagreement"":631}",diagnostic_2,500,futures_to_options_disequilibrium,,,1881,9.011329123515967,100.0,-0.5649795451564783,-0.13851555589633543,0.03197138141514135,,False,"[0,0,398,2198,1881]","[null,null,6.538067696307173e-05,6.758708428859276e-05,7.978995300429353e-05]",4477,101,futures,0.053195074430888445,absolute_atm_straddle_change,options
,,,,,,24,120,0.10089471278091212,0.00863000144384428,"{""not_large"":2596,""target_led_correction"":389,""both_correct"":328,""source_led_correction"":533,""persistent_disagreement"":631}",diagnostic_2,500,futures_to_options_disequilibrium,,,1881,9.011329123515967,100.0,-0.5649795451564783,-0.13851555589633543,0.03197138141514135,,False,"[0,0,398,2198,1881]","[null,null,6.538067696307173e-05,6.758708428859276e-05,7.978995300429353e-05]",4477,101,futures,0.053195074430888445,absolute_atm_straddle_change,options
,,,,,,60,300,0.10568702632421637,0.00690036706757885,"{""not_large"":2596,""target_led_correction"":389,""both_correct"":328,""source_led_correction"":533,""persistent_disagreement"":631}",diagnostic_2,500,futures_to_options_disequilibrium,,,1881,9.011329123515967,100.0,-0.5649795451564783,-0.13851555589633543,0.03197138141514135,,False,"[0,0,398,2198,1881]","[null,null,6.538067696307173e-05,6.758708428859276e-05,7.978995300429353e-05]",4477,101,futures,0.053195074430888445,absolute_atm_straddle_change,options
,,,,,,12,60,0.030305012529472992,-0.029283500158915003,"{""not_large"":2596,""target_led_correction"":389,""both_correct"":328,""source_led_correction"":533,""persistent_disagreement"":631}",diagnostic_2,500,futures_to_options_disequilibrium,,,1881,9.011329123515967,100.0,-0.5649795451564783,-0.13851555589633543,0.03197138141514135,,False,"[0,0,398,2198,1881]","[null,null,5.396202860497191e-05,-1.8446628093345342e-05,9.636626605046957e-06]",4477,101,futures,0.0001689710942856034,near_atm_spread_change,options
,,,,,,24,120,0.028838480374103366,-0.02917705181507245,"{""not_large"":2596,""target_led_correction"":389,""both_correct"":328,""source_led_correction"":533,""persistent_disagreement"":631}",diagnostic_2,500,futures_to_options_disequilibrium,,,1881,9.011329123515967,100.0,-0.5649795451564783,-0.13851555589633543,0.03197138141514135,,False,"[0,0,398,2198,1881]","[null,null,5.396202860497191e-05,-1.8446628093345342e-05,9.636626605046957e-06]",4477,101,futures,0.0001689710942856034,near_atm_spread_change,options
,,,,,,60,300,0.028150233732666487,-0.028620665963866577,"{""not_large"":2596,""target_led_correction"":389,""both_correct"":328,""source_led_correction"":533,""persistent_disagreement"":631}",diagnostic_2,500,futures_to_options_disequilibrium,,,1881,9.011329123515967,100.0,-0.5649795451564783,-0.13851555589633543,0.03197138141514135,,False,"[0,0,398,2198,1881]","[null,null,5.396202860497191e-05,-1.8446628093345342e-05,9.636626605046957e-06]",4477,101,futures,0.0001689710942856034,near_atm_spread_change,options
,,,,,,12,60,0.0883390827707064,-0.012339749603881052,"{""not_large"":2596,""target_led_correction"":389,""both_correct"":328,""source_led_correction"":533,""persistent_disagreement"":631}",diagnostic_2,500,futures_to_options_disequilibrium,,,1881,9.011329123515967,100.0,-0.5649795451564783,-0.13851555589633543,0.03197138141514135,,False,"[0,0,398,2198,1881]","[null,null,0.00011863147202815323,0.00012277435442942827,0.00012987406734843785]",4477,101,futures,0.03814245785876165,realized_futures_volatility,options
,,,,,,24,120,0.09578652954573441,-0.015765397390874514,"{""not_large"":2596,""target_led_correction"":389,""both_correct"":328,""source_led_correction"":533,""persistent_disagreement"":631}",diagnostic_2,500,futures_to_options_disequilibrium,,,1881,9.011329123515967,100.0,-0.5649795451564783,-0.13851555589633543,0.03197138141514135,,False,"[0,0,398,2198,1881]","[null,null,0.00011863147202815323,0.00012277435442942827,0.00012987406734843785]",4477,101,futures,0.03814245785876165,realized_futures_volatility,options
,,,,,,60,300,0.10320321127511967,-0.01098797605712345,"{""not_large"":2596,""target_led_correction"":389,""both_correct"":328,""source_led_correction"":533,""persistent_disagreement"":631}",diagnostic_2,500,futures_to_options_disequilibrium,,,1881,9.011329123515967,100.0,-0.5649795451564783,-0.13851555589633543,0.03197138141514135,,False,"[0,0,398,2198,1881]","[null,null,0.00011863147202815323,0.00012277435442942827,0.00012987406734843785]",4477,101,futures,0.03814245785876165,realized_futures_volatility,options
-0.28306060670866184,-0.3020625343218233,-0.21912330386110224,-0.1377987620212593,-0.126077985639794,-0.2206168077093067,,,,,,diagnostic_2,,futures_to_options_increment,0.01900192761316144,-0.011720776381465292,,,,,,,"{""base_to_candidate"":{""60s"":{""mean_mae_reduction"":2.872110895811657e-05,""ci_low"":5.208676508445482e-06,""ci_high"":4.851782393722626e-05,""positive_probability"":0.988,""block_rows"":12,""draws"":500},""120s"":{""mean_mae_reduction"":2.872110895811657e-05,""ci_low"":4.228450564798854e-07,""ci_high"":5.5442113155736234e-05,""positive_probability"":0.976,""block_rows"":24,""draws"":500},""300s"":{""mean_mae_reduction"":2.872110895811657e-05,""ci_low"":-1.1674770993169517e-05,""ci_high"":6.244781501314721e-05,""positive_probability"":0.932,""block_rows"":60,""draws"":500}},""base_pca_to_candidate"":{""60s"":{""mean_mae_reduction"":-0.00022539861275245297,""ci_low"":-0.0002517779116213383,""ci_high"":-0.00020075103348778157,""positive_probability"":0.0,""block_rows"":12,""draws"":500},""120s"":{""mean_mae_reduction"":-0.00022539861275245297,""ci_low"":-0.0002566956223016226,""ci_high"":-0.0001949349298585114,""positive_probability"":0.0,""block_rows"":24,""draws"":500},""300s"":{""mean_mae_reduction"":-0.00022539861275245297,""ci_low"":-0.00027357845053680677,""ci_high"":-0.00018245960273900567,""positive_probability"":0.0,""block_rows"":60,""draws"":500}},""comparator_to_candidate"":{""60s"":{""mean_mae_reduction"":0.0003654201721996977,""ci_low"":0.0003404439710323523,""ci_high"":0.0003912106425879975,""positive_probability"":1.0,""block_rows"":12,""draws"":500},""120s"":{""mean_mae_reduction"":0.0003654201721996977,""ci_low"":0.0003345013898300927,""ci_high"":0.0003933952044620932,""positive_probability"":1.0,""block_rows"":24,""draws"":500},""300s"":{""mean_mae_reduction"":0.0003654201721996977,""ci_low"":0.00033219704785558517,""ci_high"":0.00040073934059089327,""positive_probability"":1.0,""block_rows"":60,""draws"":500}}}",,,,,101,futures,,surface_displacement,options
-0.11201128038544894,-0.1131143848399574,0.0664805344909275,0.07186274286195926,0.0721085956719355,0.06622437172131068,,,,,,diagnostic_2,,futures_to_options_increment,0.0011031044545084523,-0.0002458528099762436,,,,,,,"{""base_to_candidate"":{""60s"":{""mean_mae_reduction"":1.3634156983832074e-06,""ci_low"":9.368299366432686e-07,""ci_high"":1.771936647807794e-06,""positive_probability"":1.0,""block_rows"":12,""draws"":500},""120s"":{""mean_mae_reduction"":1.3634156983832074e-06,""ci_low"":9.185167457415484e-07,""ci_high"":1.8550770739367422e-06,""positive_probability"":1.0,""block_rows"":24,""draws"":500},""300s"":{""mean_mae_reduction"":1.3634156983832074e-06,""ci_low"":7.293221972385861e-07,""ci_high"":1.8833360157778102e-06,""positive_probability"":1.0,""block_rows"":60,""draws"":500}},""base_pca_to_candidate"":{""60s"":{""mean_mae_reduction"":-1.308541366548737e-06,""ci_low"":-1.7622986012803647e-06,""ci_high"":-8.676685526609644e-07,""positive_probability"":0.0,""block_rows"":12,""draws"":500},""120s"":{""mean_mae_reduction"":-1.308541366548737e-06,""ci_low"":-1.7576578715790583e-06,""ci_high"":-8.638819181923056e-07,""positive_probability"":0.0,""block_rows"":24,""draws"":500},""300s"":{""mean_mae_reduction"":-1.308541366548737e-06,""ci_low"":-1.93715861105002e-06,""ci_high"":-7.419197280972102e-07,""positive_probability"":0.0,""block_rows"":60,""draws"":500}},""comparator_to_candidate"":{""60s"":{""mean_mae_reduction"":5.871227627981804e-06,""ci_low"":5.554266123882691e-06,""ci_high"":6.153281644179796e-06,""positive_probability"":1.0,""block_rows"":12,""draws"":500},""120s"":{""mean_mae_reduction"":5.871227627981804e-06,""ci_low"":5.462617091452975e-06,""ci_high"":6.221265479159093e-06,""positive_probability"":1.0,""block_rows"":24,""draws"":500},""300s"":{""mean_mae_reduction"":5.871227627981804e-06,""ci_low"":5.434018174362147e-06,""ci_high"":6.331518930547837e-06,""positive_probability"":1.0,""block_rows"":60,""draws"":500}}}",,,,,101,futures,,signed_atm_iv_change,options
