base_plus_metric_skill,base_plus_pca_metric_skill,base_plus_velocity_metric_skill,base_plus_velocity_skill,base_skill,block_rows,block_seconds,ci_high,ci_low,diagnostic,draws,feature,increment_beyond_velocity,paired_increment_beyond_velocity,paired_intervals,quintile_monotonic,quintile_samples,quintile_target_means,samples,seed,spearman,target
,,,,,12,60,0.23185803538982414,0.14849393280293288,diagnostic_1,500,velocity_5s,,,,False,"[715,1571,56,0,0]","[0.039924781087487364,0.04521015025311828,0.05250349841752761,null,null]",2342,1,0.19058633296678984,surface_displacement
,,,,,24,120,0.24143136664420412,0.1496996856674914,diagnostic_1,500,velocity_5s,,,,False,"[715,1571,56,0,0]","[0.039924781087487364,0.04521015025311828,0.05250349841752761,null,null]",2342,1,0.19058633296678984,surface_displacement
,,,,,60,300,0.24190723556170565,0.14718438106991355,diagnostic_1,500,velocity_5s,,,,False,"[715,1571,56,0,0]","[0.039924781087487364,0.04521015025311828,0.05250349841752761,null,null]",2342,1,0.19058633296678984,surface_displacement
,,,,,12,60,0.16119189668980013,0.0825458343843492,diagnostic_1,500,velocity_5s,,,,False,"[715,1571,56,0,0]","[0.004102964761790695,0.004691540502500261,0.00631919556430408,null,null]",2342,1,0.1204891914361059,absolute_atm_iv_change
,,,,,24,120,0.16435256556426467,0.08186870532267794,diagnostic_1,500,velocity_5s,,,,False,"[715,1571,56,0,0]","[0.004102964761790695,0.004691540502500261,0.00631919556430408,null,null]",2342,1,0.1204891914361059,absolute_atm_iv_change
,,,,,60,300,0.16279315692858592,0.08487848410135727,diagnostic_1,500,velocity_5s,,,,False,"[715,1571,56,0,0]","[0.004102964761790695,0.004691540502500261,0.00631919556430408,null,null]",2342,1,0.1204891914361059,absolute_atm_iv_change
,,,,,12,60,0.12675016719233115,-0.010426863504875919,diagnostic_1,500,velocity_5s,,,,False,"[715,1571,56,0,0]","[0.00010849565638248227,0.00011621044427336206,0.00012396812717419995,null,null]",2342,1,0.0522365046317532,realized_futures_volatility
,,,,,24,120,0.1232403278878485,-0.009255057589298881,diagnostic_1,500,velocity_5s,,,,False,"[715,1571,56,0,0]","[0.00010849565638248227,0.00011621044427336206,0.00012396812717419995,null,null]",2342,1,0.0522365046317532,realized_futures_volatility
,,,,,60,300,0.12987414752738202,-0.005234832657809894,diagnostic_1,500,velocity_5s,,,,False,"[715,1571,56,0,0]","[0.00010849565638248227,0.00011621044427336206,0.00012396812717419995,null,null]",2342,1,0.0522365046317532,realized_futures_volatility
,,,,,12,60,0.13503483332518457,0.01413556419789774,diagnostic_1,500,velocity_5s,,,,False,"[715,1571,56,0,0]","[7.933503264313811e-05,8.87633432331243e-05,0.00011592251913888114,null,null]",2342,1,0.07189014941524327,absolute_futures_return
,,,,,24,120,0.13146839732628626,0.018826726928457452,diagnostic_1,500,velocity_5s,,,,False,"[715,1571,56,0,0]","[7.933503264313811e-05,8.87633432331243e-05,0.00011592251913888114,null,null]",2342,1,0.07189014941524327,absolute_futures_return
,,,,,60,300,0.14053828920350278,0.021144945085704435,diagnostic_1,500,velocity_5s,,,,False,"[715,1571,56,0,0]","[7.933503264313811e-05,8.87633432331243e-05,0.00011592251913888114,null,null]",2342,1,0.07189014941524327,absolute_futures_return
,,,,,12,60,0.09829176566201253,0.023226644151307207,diagnostic_1,500,velocity_5s,,,,False,"[715,1571,56,0,0]","[-3.721648839406565e-05,1.2593413306694219e-05,4.6865124594270515e-05,null,null]",2342,1,0.06185336966993247,near_atm_spread_change
,,,,,24,120,0.10223900524837858,0.022248159915962157,diagnostic_1,500,velocity_5s,,,,False,"[715,1571,56,0,0]","[-3.721648839406565e-05,1.2593413306694219e-05,4.6865124594270515e-05,null,null]",2342,1,0.06185336966993247,near_atm_spread_change
,,,,,60,300,0.1035984683437173,0.019402705187262198,diagnostic_1,500,velocity_5s,,,,False,"[715,1571,56,0,0]","[-3.721648839406565e-05,1.2593413306694219e-05,4.6865124594270515e-05,null,null]",2342,1,0.06185336966993247,near_atm_spread_change
,,,,,12,60,0.0427772097772474,-0.05905303429018155,diagnostic_1,500,velocity_5s,,,,False,"[715,1571,56,0,0]","[4.5376722993967416e-05,4.6589976754027666e-05,4.862623089658362e-05,null,null]",2342,1,-0.006387000809714035,absolute_atm_straddle_change
,,,,,24,120,0.044385467075913,-0.06380747996371658,diagnostic_1,500,velocity_5s,,,,False,"[715,1571,56,0,0]","[4.5376722993967416e-05,4.6589976754027666e-05,4.862623089658362e-05,null,null]",2342,1,-0.006387000809714035,absolute_atm_straddle_change
,,,,,60,300,0.045086906674840235,-0.05647059141905802,diagnostic_1,500,velocity_5s,,,,False,"[715,1571,56,0,0]","[4.5376722993967416e-05,4.6589976754027666e-05,4.862623089658362e-05,null,null]",2342,1,-0.006387000809714035,absolute_atm_straddle_change
,,,,,12,60,0.08495323995934896,-0.01653119381715639,diagnostic_1,500,velocity_5s,,,,False,"[715,1571,56,0,0]","[-5.968771089813542e-07,6.512539612155934e-07,4.469818934792004e-06,null,null]",2342,1,0.03263391470248762,parity_restoration
,,,,,24,120,0.07982936869831267,-0.01660012804265051,diagnostic_1,500,velocity_5s,,,,False,"[715,1571,56,0,0]","[-5.968771089813542e-07,6.512539612155934e-07,4.469818934792004e-06,null,null]",2342,1,0.03263391470248762,parity_restoration
,,,,,60,300,0.07962734366547514,-0.006067763175741034,diagnostic_1,500,velocity_5s,,,,False,"[715,1571,56,0,0]","[-5.968771089813542e-07,6.512539612155934e-07,4.469818934792004e-06,null,null]",2342,1,0.03263391470248762,parity_restoration
,,,,,12,60,0.18663372186123656,0.10533315641074703,diagnostic_1,500,acceleration_5s,,,,False,"[700,1601,41,0,0]","[0.04000903968731565,0.045566550687832344,0.03788256107910422,null,null]",2342,1,0.1445408669902691,surface_displacement
,,,,,24,120,0.19545915509003806,0.10030490330820045,diagnostic_1,500,acceleration_5s,,,,False,"[700,1601,41,0,0]","[0.04000903968731565,0.045566550687832344,0.03788256107910422,null,null]",2342,1,0.1445408669902691,surface_displacement
,,,,,60,300,0.19477836646782903,0.0959155966493286,diagnostic_1,500,acceleration_5s,,,,False,"[700,1601,41,0,0]","[0.04000903968731565,0.045566550687832344,0.03788256107910422,null,null]",2342,1,0.1445408669902691,surface_displacement
,,,,,12,60,0.11387081362848717,0.031819707676561594,diagnostic_1,500,acceleration_5s,,,,False,"[700,1601,41,0,0]","[0.004255224817565509,0.004710664052392899,0.0033530333056682494,null,null]",2342,1,0.07045349419695257,absolute_atm_iv_change
,,,,,24,120,0.11535596793099503,0.02894398866316174,diagnostic_1,500,acceleration_5s,,,,False,"[700,1601,41,0,0]","[0.004255224817565509,0.004710664052392899,0.0033530333056682494,null,null]",2342,1,0.07045349419695257,absolute_atm_iv_change
,,,,,60,300,0.11342717058025058,0.030756747218427895,diagnostic_1,500,acceleration_5s,,,,False,"[700,1601,41,0,0]","[0.004255224817565509,0.004710664052392899,0.0033530333056682494,null,null]",2342,1,0.07045349419695257,absolute_atm_iv_change
,,,,,12,60,0.10589667624404707,-0.03194866968303309,diagnostic_1,500,acceleration_5s,,,,False,"[700,1601,41,0,0]","[0.00011022178055161587,0.00011582070558481909,0.00010973222832330187,null,null]",2342,1,0.034282529490353375,realized_futures_volatility
,,,,,24,120,0.1148232810725371,-0.03465976215648239,diagnostic_1,500,acceleration_5s,,,,False,"[700,1601,41,0,0]","[0.00011022178055161587,0.00011582070558481909,0.00010973222832330187,null,null]",2342,1,0.034282529490353375,realized_futures_volatility
,,,,,60,300,0.12282755494041538,-0.027797045336811314,diagnostic_1,500,acceleration_5s,,,,False,"[700,1601,41,0,0]","[0.00011022178055161587,0.00011582070558481909,0.00010973222832330187,null,null]",2342,1,0.034282529490353375,realized_futures_volatility
,,,,,12,60,0.11085091357099172,-0.020717474697135103,diagnostic_1,500,acceleration_5s,,,,False,"[700,1601,41,0,0]","[7.97625950404576e-05,8.940056366595829e-05,9.02268944717035e-05,null,null]",2342,1,0.041718425197134944,absolute_futures_return
,,,,,24,120,0.10866990469166808,-0.016504810484952583,diagnostic_1,500,acceleration_5s,,,,False,"[700,1601,41,0,0]","[7.97625950404576e-05,8.940056366595829e-05,9.02268944717035e-05,null,null]",2342,1,0.041718425197134944,absolute_futures_return
,,,,,60,300,0.11295261760530788,-0.01216193354326097,diagnostic_1,500,acceleration_5s,,,,False,"[700,1601,41,0,0]","[7.97625950404576e-05,8.940056366595829e-05,9.02268944717035e-05,null,null]",2342,1,0.041718425197134944,absolute_futures_return
,,,,,12,60,0.08299071567925699,0.0033030124721251247,diagnostic_1,500,acceleration_5s,,,,False,"[700,1601,41,0,0]","[-3.399468363828159e-05,1.3914684315522125e-05,-6.542002346378001e-05,null,null]",2342,1,0.04250744320470185,near_atm_spread_change
,,,,,24,120,0.08322760276332981,0.004185079483969987,diagnostic_1,500,acceleration_5s,,,,False,"[700,1601,41,0,0]","[-3.399468363828159e-05,1.3914684315522125e-05,-6.542002346378001e-05,null,null]",2342,1,0.04250744320470185,near_atm_spread_change
,,,,,60,300,0.08485985515519189,0.006453465482158223,diagnostic_1,500,acceleration_5s,,,,False,"[700,1601,41,0,0]","[-3.399468363828159e-05,1.3914684315522125e-05,-6.542002346378001e-05,null,null]",2342,1,0.04250744320470185,near_atm_spread_change
,,,,,12,60,0.03649126931414215,-0.0723396260043262,diagnostic_1,500,acceleration_5s,,,,False,"[700,1601,41,0,0]","[4.4948566438896314e-05,4.7135589147529924e-05,3.49318199768299e-05,null,null]",2342,1,-0.017461001768995517,absolute_atm_straddle_change
,,,,,24,120,0.04147415694209827,-0.07984552275255904,diagnostic_1,500,acceleration_5s,,,,False,"[700,1601,41,0,0]","[4.4948566438896314e-05,4.7135589147529924e-05,3.49318199768299e-05,null,null]",2342,1,-0.017461001768995517,absolute_atm_straddle_change
,,,,,60,300,0.03687180914246707,-0.07019518732558973,diagnostic_1,500,acceleration_5s,,,,False,"[700,1601,41,0,0]","[4.4948566438896314e-05,4.7135589147529924e-05,3.49318199768299e-05,null,null]",2342,1,-0.017461001768995517,absolute_atm_straddle_change
,,,,,12,60,0.08256161265397843,-0.028438520887082673,diagnostic_1,500,acceleration_5s,,,,False,"[700,1601,41,0,0]","[5.434925229305268e-07,2.4654056561609346e-07,1.7440607047230914e-06,null,null]",2342,1,0.022076682002293516,parity_restoration
,,,,,24,120,0.07531305239161187,-0.03421505247372762,diagnostic_1,500,acceleration_5s,,,,False,"[700,1601,41,0,0]","[5.434925229305268e-07,2.4654056561609346e-07,1.7440607047230914e-06,null,null]",2342,1,0.022076682002293516,parity_restoration
,,,,,60,300,0.07556742180450032,-0.021070464319141696,diagnostic_1,500,acceleration_5s,,,,False,"[700,1601,41,0,0]","[5.434925229305268e-07,2.4654056561609346e-07,1.7440607047230914e-06,null,null]",2342,1,0.022076682002293516,parity_restoration
,,,,,12,60,0.015410202878711494,-0.06436488247616677,diagnostic_1,500,curvature_5s,,,,False,"[626,355,317,325,719]","[0.04563128738015635,0.04310286378498114,0.04103835326004826,0.042812253173678476,0.044119217841525504]",2342,1,-0.025200462850776775,surface_displacement
,,,,,24,120,0.02179891437220076,-0.06192167096593706,diagnostic_1,500,curvature_5s,,,,False,"[626,355,317,325,719]","[0.04563128738015635,0.04310286378498114,0.04103835326004826,0.042812253173678476,0.044119217841525504]",2342,1,-0.025200462850776775,surface_displacement
,,,,,60,300,0.017677673856882254,-0.07531365776152936,diagnostic_1,500,curvature_5s,,,,False,"[626,355,317,325,719]","[0.04563128738015635,0.04310286378498114,0.04103835326004826,0.042812253173678476,0.044119217841525504]",2342,1,-0.025200462850776775,surface_displacement
,,,,,12,60,-0.006340553755326356,-0.08186087455415407,diagnostic_1,500,curvature_5s,,,,False,"[626,355,317,325,719]","[0.0048564126530584815,0.004445127639132487,0.004439952833231315,0.0043100458383560185,0.004494492778028666]",2342,1,-0.04597786280272107,absolute_atm_iv_change
,,,,,24,120,-0.003030586241280532,-0.08968615585305256,diagnostic_1,500,curvature_5s,,,,False,"[626,355,317,325,719]","[0.0048564126530584815,0.004445127639132487,0.004439952833231315,0.0043100458383560185,0.004494492778028666]",2342,1,-0.04597786280272107,absolute_atm_iv_change
,,,,,60,300,0.002883891394734185,-0.09380246188655343,diagnostic_1,500,curvature_5s,,,,False,"[626,355,317,325,719]","[0.0048564126530584815,0.004445127639132487,0.004439952833231315,0.0043100458383560185,0.004494492778028666]",2342,1,-0.04597786280272107,absolute_atm_iv_change
,,,,,12,60,0.0459559574844265,-0.0304528812346972,diagnostic_1,500,curvature_5s,,,,False,"[626,355,317,325,719]","[0.00011404817759426373,0.00011241871305443731,0.00011549774988995158,0.00011070210916205995,0.00011570158955154849]",2342,1,0.008737216112971735,realized_futures_volatility
,,,,,24,120,0.044160598877764454,-0.033296157421402836,diagnostic_1,500,curvature_5s,,,,False,"[626,355,317,325,719]","[0.00011404817759426373,0.00011241871305443731,0.00011549774988995158,0.00011070210916205995,0.00011570158955154849]",2342,1,0.008737216112971735,realized_futures_volatility
,,,,,60,300,0.04473907091551115,-0.02966569638406302,diagnostic_1,500,curvature_5s,,,,False,"[626,355,317,325,719]","[0.00011404817759426373,0.00011241871305443731,0.00011549774988995158,0.00011070210916205995,0.00011570158955154849]",2342,1,0.008737216112971735,realized_futures_volatility
,,,,,12,60,0.05631518838702307,-0.016028023691524493,diagnostic_1,500,curvature_5s,,,,False,"[626,355,317,325,719]","[8.466068548135483e-05,8.385349327409771e-05,8.855633179096017e-05,8.920522836538461e-05,8.73905229634801e-05]",2342,1,0.01815484075618128,absolute_futures_return
,,,,,24,120,0.061763074163211217,-0.021811225191944016,diagnostic_1,500,curvature_5s,,,,False,"[626,355,317,325,719]","[8.466068548135483e-05,8.385349327409771e-05,8.855633179096017e-05,8.920522836538461e-05,8.73905229634801e-05]",2342,1,0.01815484075618128,absolute_futures_return
,,,,,60,300,0.05710919587922621,-0.024047891956644984,diagnostic_1,500,curvature_5s,,,,False,"[626,355,317,325,719]","[8.466068548135483e-05,8.385349327409771e-05,8.855633179096017e-05,8.920522836538461e-05,8.73905229634801e-05]",2342,1,0.01815484075618128,absolute_futures_return
,,,,,12,60,0.03192707072968417,-0.04789419812135523,diagnostic_1,500,curvature_5s,,,,False,"[626,355,317,325,719]","[2.0137176471063122e-05,-3.0729691719334626e-05,-6.855057467256999e-06,1.143515629407305e-05,-1.0349505436211638e-05]",2342,1,-0.009529717472474645,near_atm_spread_change
,,,,,24,120,0.03705010543349789,-0.05186737548963086,diagnostic_1,500,curvature_5s,,,,False,"[626,355,317,325,719]","[2.0137176471063122e-05,-3.0729691719334626e-05,-6.855057467256999e-06,1.143515629407305e-05,-1.0349505436211638e-05]",2342,1,-0.009529717472474645,near_atm_spread_change
,,,,,60,300,0.0349388349991296,-0.048011625235052764,diagnostic_1,500,curvature_5s,,,,False,"[626,355,317,325,719]","[2.0137176471063122e-05,-3.0729691719334626e-05,-6.855057467256999e-06,1.143515629407305e-05,-1.0349505436211638e-05]",2342,1,-0.009529717472474645,near_atm_spread_change
,,,,,12,60,0.04590286880501445,-0.024070846334532162,diagnostic_1,500,curvature_5s,,,,False,"[626,355,317,325,719]","[4.476760796750316e-05,4.870121327924057e-05,4.603426715458981e-05,5.039346905855032e-05,4.4612080553062104e-05]",2342,1,0.013503012518953179,absolute_atm_straddle_change
,,,,,24,120,0.04786849359353461,-0.0242614627230459,diagnostic_1,500,curvature_5s,,,,False,"[626,355,317,325,719]","[4.476760796750316e-05,4.870121327924057e-05,4.603426715458981e-05,5.039346905855032e-05,4.4612080553062104e-05]",2342,1,0.013503012518953179,absolute_atm_straddle_change
,,,,,60,300,0.04742588099187746,-0.025341424632005328,diagnostic_1,500,curvature_5s,,,,False,"[626,355,317,325,719]","[4.476760796750316e-05,4.870121327924057e-05,4.603426715458981e-05,5.039346905855032e-05,4.4612080553062104e-05]",2342,1,0.013503012518953179,absolute_atm_straddle_change
,,,,,12,60,0.03073091741555646,-0.041800806115066896,diagnostic_1,500,curvature_5s,,,,False,"[626,355,317,325,719]","[4.7642840135508935e-07,-7.590873485216281e-07,1.0072381088487387e-06,1.5139239649915208e-06,9.1443127204155e-09]",2342,1,-0.0033086840136716715,parity_restoration
,,,,,24,120,0.029751002731028216,-0.041249593656170855,diagnostic_1,500,curvature_5s,,,,False,"[626,355,317,325,719]","[4.7642840135508935e-07,-7.590873485216281e-07,1.0072381088487387e-06,1.5139239649915208e-06,9.1443127204155e-09]",2342,1,-0.0033086840136716715,parity_restoration
,,,,,60,300,0.030284466539843912,-0.04165605559218901,diagnostic_1,500,curvature_5s,,,,False,"[626,355,317,325,719]","[4.7642840135508935e-07,-7.590873485216281e-07,1.0072381088487387e-06,1.5139239649915208e-06,9.1443127204155e-09]",2342,1,-0.0033086840136716715,parity_restoration
-0.08323318797578705,-0.005521574810084973,-0.08291735419357193,-0.09330757253473743,-0.08200533791537845,,,,,diagnostic_1,,acceleration_increment_5s,0.010390218341165491,"{""60s"":{""mean_mae_reduction"":0.000199229548105074,""ci_low"":0.0001798618550059656,""ci_high"":0.00022079858065850717,""positive_probability"":1.0,""block_rows"":12,""draws"":500},""120s"":{""mean_mae_reduction"":0.000199229548105074,""ci_low"":0.00017838427615327098,""ci_high"":0.00022016242954229248,""positive_probability"":1.0,""block_rows"":24,""draws"":500},""300s"":{""mean_mae_reduction"":0.000199229548105074,""ci_low"":0.0001760184468274761,""ci_high"":0.00022389568597627613,""positive_probability"":1.0,""block_rows"":60,""draws"":500}}","{""base_to_candidate"":{""60s"":{""mean_mae_reduction"":-1.7487658584524562e-05,""ci_low"":-3.240451244270047e-05,""ci_high"":-2.4679703981783016e-06,""positive_probability"":0.01,""block_rows"":12,""draws"":500},""120s"":{""mean_mae_reduction"":-1.7487658584524562e-05,""ci_low"":-3.737245052897613e-05,""ci_high"":2.174013045351774e-06,""positive_probability"":0.046,""block_rows"":24,""draws"":500},""300s"":{""mean_mae_reduction"":-1.7487658584524562e-05,""ci_low"":-4.2121521930333546e-05,""ci_high"":8.639207712047579e-06,""positive_probability"":0.102,""block_rows"":60,""draws"":500}},""base_pca_to_candidate"":{""60s"":{""mean_mae_reduction"":5.3067759846414025e-05,""ci_low"":3.8037731592988246e-05,""ci_high"":6.733562706292434e-05,""positive_probability"":1.0,""block_rows"":12,""draws"":500},""120s"":{""mean_mae_reduction"":5.3067759846414025e-05,""ci_low"":3.274490113204873e-05,""ci_high"":7.415386245189013e-05,""positive_probability"":1.0,""block_rows"":24,""draws"":500},""300s"":{""mean_mae_reduction"":5.3067759846414025e-05,""ci_low"":2.925593963418266e-05,""ci_high"":7.727866533379349e-05,""positive_probability"":1.0,""block_rows"":60,""draws"":500}}}",,,,,1,,surface_displacement
-0.07824784529057371,-8.689173212061974e-06,-0.08782197587982288,-0.09330757253473743,-0.08200533791537845,,,,,diagnostic_1,,curvature_increment_5s,0.0054855966549145485,"{""60s"":{""mean_mae_reduction"":0.00010518479080611371,""ci_low"":9.48920265250334e-05,""ci_high"":0.0001166777521651848,""positive_probability"":1.0,""block_rows"":12,""draws"":500},""120s"":{""mean_mae_reduction"":0.00010518479080611371,""ci_low"":9.308543403871806e-05,""ci_high"":0.00011821121744787809,""positive_probability"":1.0,""block_rows"":24,""draws"":500},""300s"":{""mean_mae_reduction"":0.00010518479080611371,""ci_low"":9.00415870308405e-05,""ci_high"":0.00011882544359099316,""positive_probability"":1.0,""block_rows"":60,""draws"":500}}","{""base_to_candidate"":{""60s"":{""mean_mae_reduction"":-0.00011153241588348487,""ci_low"":-0.0001348403596530327,""ci_high"":-8.817410837366063e-05,""positive_probability"":0.0,""block_rows"":12,""draws"":500},""120s"":{""mean_mae_reduction"":-0.00011153241588348487,""ci_low"":-0.00013969617835660143,""ci_high"":-8.323628387409025e-05,""positive_probability"":0.0,""block_rows"":24,""draws"":500},""300s"":{""mean_mae_reduction"":-0.00011153241588348487,""ci_low"":-0.00014819987641641542,""ci_high"":-7.57064266666198e-05,""positive_probability"":0.0,""block_rows"":60,""draws"":500}},""base_pca_to_candidate"":{""60s"":{""mean_mae_reduction"":-2.2272405464794047e-05,""ci_low"":-4.4177024937706096e-05,""ci_high"":-1.4496869733999755e-06,""positive_probability"":0.016,""block_rows"":12,""draws"":500},""120s"":{""mean_mae_reduction"":-2.2272405464794047e-05,""ci_low"":-4.8415571023939975e-05,""ci_high"":4.012674988432109e-06,""positive_probability"":0.04,""block_rows"":24,""draws"":500},""300s"":{""mean_mae_reduction"":-2.2272405464794047e-05,""ci_low"":-5.57566503761216e-05,""ci_high"":1.3884142873295993e-05,""positive_probability"":0.112,""block_rows"":60,""draws"":500}}}",,,,,1,,surface_displacement
0.17258916252615364,0.14257269361657732,0.1725589485136102,0.1711693877813215,0.1716380222591154,,,,,diagnostic_1,,acceleration_increment_5s,0.001389560732288686,"{""60s"":{""mean_mae_reduction"":6.0352707361000585e-06,""ci_low"":5.6635705401523776e-06,""ci_high"":6.384780756941776e-06,""positive_probability"":1.0,""block_rows"":12,""draws"":500},""120s"":{""mean_mae_reduction"":6.0352707361000585e-06,""ci_low"":5.635114046485019e-06,""ci_high"":6.459982299480205e-06,""positive_probability"":1.0,""block_rows"":24,""draws"":500},""300s"":{""mean_mae_reduction"":6.0352707361000585e-06,""ci_low"":5.587469946884631e-06,""ci_high"":6.456424964867593e-06,""positive_probability"":1.0,""block_rows"":60,""draws"":500}}","{""base_to_candidate"":{""60s"":{""mean_mae_reduction"":3.99985343908282e-06,""ci_low"":3.6987437012871805e-06,""ci_high"":4.300989399077264e-06,""positive_probability"":1.0,""block_rows"":12,""draws"":500},""120s"":{""mean_mae_reduction"":3.99985343908282e-06,""ci_low"":3.7032286773187835e-06,""ci_high"":4.299209301000493e-06,""positive_probability"":1.0,""block_rows"":24,""draws"":500},""300s"":{""mean_mae_reduction"":3.99985343908282e-06,""ci_low"":3.666317296317295e-06,""ci_high"":4.3206611347964446e-06,""positive_probability"":1.0,""block_rows"":60,""draws"":500}},""base_pca_to_candidate"":{""60s"":{""mean_mae_reduction"":6.827760415990755e-06,""ci_low"":6.477789749648991e-06,""ci_high"":7.178636568503753e-06,""positive_probability"":1.0,""block_rows"":12,""draws"":500},""120s"":{""mean_mae_reduction"":6.827760415990755e-06,""ci_low"":6.442556808631774e-06,""ci_high"":7.181502676469855e-06,""positive_probability"":1.0,""block_rows"":24,""draws"":500},""300s"":{""mean_mae_reduction"":6.827760415990755e-06,""ci_low"":6.40715638389023e-06,""ci_high"":7.243996469886187e-06,""positive_probability"":1.0,""block_rows"":60,""draws"":500}}}",,,,,1,,absolute_atm_iv_change
0.17364177772323486,0.1434427592500408,0.17293417820239887,0.1711693877813215,0.1716380222591154,,,,,diagnostic_1,,curvature_increment_5s,0.0017647904210773557,"{""60s"":{""mean_mae_reduction"":7.665003577162812e-06,""ci_low"":7.031677031409149e-06,""ci_high"":8.301519160576415e-06,""positive_probability"":1.0,""block_rows"":12,""draws"":500},""120s"":{""mean_mae_reduction"":7.665003577162812e-06,""ci_low"":7.000000415907108e-06,""ci_high"":8.357049894658517e-06,""positive_probability"":1.0,""block_rows"":24,""draws"":500},""300s"":{""mean_mae_reduction"":7.665003577162812e-06,""ci_low"":6.910861177382615e-06,""ci_high"":8.393912090693251e-06,""positive_probability"":1.0,""block_rows"":60,""draws"":500}}","{""base_to_candidate"":{""60s"":{""mean_mae_reduction"":5.629586280145576e-06,""ci_low"":4.976744345274518e-06,""ci_high"":6.29529665589291e-06,""positive_probability"":1.0,""block_rows"":12,""draws"":500},""120s"":{""mean_mae_reduction"":5.629586280145576e-06,""ci_low"":5.0071637264538276e-06,""ci_high"":6.2745096121740944e-06,""positive_probability"":1.0,""block_rows"":24,""draws"":500},""300s"":{""mean_mae_reduction"":5.629586280145576e-06,""ci_low"":4.93815177253662e-06,""ci_high"":6.370319895108419e-06,""positive_probability"":1.0,""block_rows"":60,""draws"":500}},""base_pca_to_candidate"":{""60s"":{""mean_mae_reduction"":7.243244471269e-06,""ci_low"":6.605314248263077e-06,""ci_high"":7.90046716339847e-06,""positive_probability"":1.0,""block_rows"":12,""draws"":500},""120s"":{""mean_mae_reduction"":7.243244471269e-06,""ci_low"":6.586337551933051e-06,""ci_high"":7.965045391201996e-06,""positive_probability"":1.0,""block_rows"":24,""draws"":500},""300s"":{""mean_mae_reduction"":7.243244471269e-06,""ci_low"":6.540195293941357e-06,""ci_high"":8.050321557995182e-06,""positive_probability"":1.0,""block_rows"":60,""draws"":500}}}",,,,,1,,absolute_atm_iv_change
,,,,,12,60,0.2192234216345699,0.16145357946964983,diagnostic_2,500,velocity_5s,,,,False,"[887,3421,169,0,0]","[0.03894877401911798,0.04415911309563053,0.06168426323200927,null,null]",4477,1,0.1914829880754116,surface_displacement
,,,,,24,120,0.21797649712513992,0.1572241648037434,diagnostic_2,500,velocity_5s,,,,False,"[887,3421,169,0,0]","[0.03894877401911798,0.04415911309563053,0.06168426323200927,null,null]",4477,1,0.1914829880754116,surface_displacement
,,,,,60,300,0.21516750547268773,0.15110095033879697,diagnostic_2,500,velocity_5s,,,,False,"[887,3421,169,0,0]","[0.03894877401911798,0.04415911309563053,0.06168426323200927,null,null]",4477,1,0.1914829880754116,surface_displacement
,,,,,12,60,0.17513576096072694,0.1196716021972669,diagnostic_2,500,velocity_5s,,,,False,"[887,3421,169,0,0]","[0.00472815548990598,0.005306095346586289,0.008773039166743938,null,null]",4477,1,0.1509102130692746,absolute_atm_iv_change
,,,,,24,120,0.17969868577964984,0.11728408976173374,diagnostic_2,500,velocity_5s,,,,False,"[887,3421,169,0,0]","[0.00472815548990598,0.005306095346586289,0.008773039166743938,null,null]",4477,1,0.1509102130692746,absolute_atm_iv_change
,,,,,60,300,0.17553985719225337,0.11857092479967087,diagnostic_2,500,velocity_5s,,,,False,"[887,3421,169,0,0]","[0.00472815548990598,0.005306095346586289,0.008773039166743938,null,null]",4477,1,0.1509102130692746,absolute_atm_iv_change
,,,,,12,60,0.052282575852899346,-0.03166156117716516,diagnostic_2,500,velocity_5s,,,,False,"[887,3421,169,0,0]","[0.00012870993433977137,0.00012446377593536414,0.0001266875050369354,null,null]",4477,1,0.008014683268308476,realized_futures_volatility
,,,,,24,120,0.053006638495026265,-0.03829066868985079,diagnostic_2,500,velocity_5s,,,,False,"[887,3421,169,0,0]","[0.00012870993433977137,0.00012446377593536414,0.0001266875050369354,null,null]",4477,1,0.008014683268308476,realized_futures_volatility
,,,,,60,300,0.0559599518451618,-0.0325963726376582,diagnostic_2,500,velocity_5s,,,,False,"[887,3421,169,0,0]","[0.00012870993433977137,0.00012446377593536414,0.0001266875050369354,null,null]",4477,1,0.008014683268308476,realized_futures_volatility
,,,,,12,60,0.05500061470475323,-0.019047067715215544,diagnostic_2,500,velocity_5s,,,,False,"[887,3421,169,0,0]","[8.968731730739589e-05,9.239936077047669e-05,8.509709284855769e-05,null,null]",4477,1,0.016309052308067243,absolute_futures_return
,,,,,24,120,0.05240559750834684,-0.023503093998161837,diagnostic_2,500,velocity_5s,,,,False,"[887,3421,169,0,0]","[8.968731730739589e-05,9.239936077047669e-05,8.509709284855769e-05,null,null]",4477,1,0.016309052308067243,absolute_futures_return
,,,,,60,300,0.055680555187912636,-0.01956989513068999,diagnostic_2,500,velocity_5s,,,,False,"[887,3421,169,0,0]","[8.968731730739589e-05,9.239936077047669e-05,8.509709284855769e-05,null,null]",4477,1,0.016309052308067243,absolute_futures_return
,,,,,12,60,0.060160543746737155,0.002322114700845788,diagnostic_2,500,velocity_5s,,,,False,"[887,3421,169,0,0]","[-1.5638560844688198e-05,-1.1596178231478823e-06,9.997721610607347e-05,null,null]",4477,1,0.03013894957049874,near_atm_spread_change
,,,,,24,120,0.05977942547974105,0.004805553153768011,diagnostic_2,500,velocity_5s,,,,False,"[887,3421,169,0,0]","[-1.5638560844688198e-05,-1.1596178231478823e-06,9.997721610607347e-05,null,null]",4477,1,0.03013894957049874,near_atm_spread_change
,,,,,60,300,0.05965704661088064,0.006018669507100757,diagnostic_2,500,velocity_5s,,,,False,"[887,3421,169,0,0]","[-1.5638560844688198e-05,-1.1596178231478823e-06,9.997721610607347e-05,null,null]",4477,1,0.03013894957049874,near_atm_spread_change
,,,,,12,60,0.06853140716154886,-0.0066610448047090525,diagnostic_2,500,velocity_5s,,,,False,"[887,3421,169,0,0]","[7.187839274073131e-05,7.29638333406514e-05,6.684860401957698e-05,null,null]",4477,1,0.029584995247213898,absolute_atm_straddle_change
,,,,,24,120,0.07033776016337416,-0.007863398178378384,diagnostic_2,500,velocity_5s,,,,False,"[887,3421,169,0,0]","[7.187839274073131e-05,7.29638333406514e-05,6.684860401957698e-05,null,null]",4477,1,0.029584995247213898,absolute_atm_straddle_change
,,,,,60,300,0.06753415229163313,-0.012147328392717488,diagnostic_2,500,velocity_5s,,,,False,"[887,3421,169,0,0]","[7.187839274073131e-05,7.29638333406514e-05,6.684860401957698e-05,null,null]",4477,1,0.029584995247213898,absolute_atm_straddle_change
,,,,,12,60,0.05667748082432076,-0.011347790947089027,diagnostic_2,500,velocity_5s,,,,False,"[887,3421,169,0,0]","[-1.1314175498891405e-06,3.552292796236259e-07,1.0536066666328122e-06,null,null]",4477,1,0.020809614690598423,parity_restoration
,,,,,24,120,0.05470029887394826,-0.013510449764732436,diagnostic_2,500,velocity_5s,,,,False,"[887,3421,169,0,0]","[-1.1314175498891405e-06,3.552292796236259e-07,1.0536066666328122e-06,null,null]",4477,1,0.020809614690598423,parity_restoration
,,,,,60,300,0.05030292822743845,-0.016178906917421857,diagnostic_2,500,velocity_5s,,,,False,"[887,3421,169,0,0]","[-1.1314175498891405e-06,3.552292796236259e-07,1.0536066666328122e-06,null,null]",4477,1,0.020809614690598423,parity_restoration
,,,,,12,60,0.1594656310952713,0.0999740420837133,diagnostic_2,500,acceleration_5s,,,,False,"[791,3548,137,1,0]","[0.03878069628362687,0.044716496482985875,0.04871826816806114,0.03646592031219261,null]",4477,1,0.13091546601978135,surface_displacement
,,,,,24,120,0.16087144675621032,0.09521675292959422,diagnostic_2,500,acceleration_5s,,,,False,"[791,3548,137,1,0]","[0.03878069628362687,0.044716496482985875,0.04871826816806114,0.03646592031219261,null]",4477,1,0.13091546601978135,surface_displacement
,,,,,60,300,0.15589462362624917,0.08498367306063201,diagnostic_2,500,acceleration_5s,,,,False,"[791,3548,137,1,0]","[0.03878069628362687,0.044716496482985875,0.04871826816806114,0.03646592031219261,null]",4477,1,0.13091546601978135,surface_displacement
,,,,,12,60,0.12088611010878954,0.06672544703012266,diagnostic_2,500,acceleration_5s,,,,False,"[791,3548,137,1,0]","[0.004770260582078724,0.005406380491383718,0.006369635789063725,0.0009155124425888062,null]",4477,1,0.09478811575846414,absolute_atm_iv_change
,,,,,24,120,0.12046679152227702,0.06281656319697254,diagnostic_2,500,acceleration_5s,,,,False,"[791,3548,137,1,0]","[0.004770260582078724,0.005406380491383718,0.006369635789063725,0.0009155124425888062,null]",4477,1,0.09478811575846414,absolute_atm_iv_change
,,,,,60,300,0.12111868372510826,0.060703612120148936,diagnostic_2,500,acceleration_5s,,,,False,"[791,3548,137,1,0]","[0.004770260582078724,0.005406380491383718,0.006369635789063725,0.0009155124425888062,null]",4477,1,0.09478811575846414,absolute_atm_iv_change
,,,,,12,60,0.06245315449715684,-0.0319971588721996,diagnostic_2,500,acceleration_5s,,,,False,"[791,3548,137,1,0]","[0.00012643016001745756,0.00012534727298114462,0.00012106188950223017,4.261761278439394e-05,null]",4477,1,0.015524781829841114,realized_futures_volatility
,,,,,24,120,0.06636226174753224,-0.034045219198167234,diagnostic_2,500,acceleration_5s,,,,False,"[791,3548,137,1,0]","[0.00012643016001745756,0.00012534727298114462,0.00012106188950223017,4.261761278439394e-05,null]",4477,1,0.015524781829841114,realized_futures_volatility
,,,,,60,300,0.06858189934976297,-0.03372776194869678,diagnostic_2,500,acceleration_5s,,,,False,"[791,3548,137,1,0]","[0.00012643016001745756,0.00012534727298114462,0.00012106188950223017,4.261761278439394e-05,null]",4477,1,0.015524781829841114,realized_futures_volatility
,,,,,12,60,0.05410820725599772,-0.0241347908187219,diagnostic_2,500,acceleration_5s,,,,False,"[791,3548,137,1,0]","[9.051948672751561e-05,9.21868149027346e-05,8.280259849381273e-05,8.58306884765625e-06,null]",4477,1,0.014290927872467532,absolute_futures_return
,,,,,24,120,0.054250503578712805,-0.02795247190875786,diagnostic_2,500,acceleration_5s,,,,False,"[791,3548,137,1,0]","[9.051948672751561e-05,9.21868149027346e-05,8.280259849381273e-05,8.58306884765625e-06,null]",4477,1,0.014290927872467532,absolute_futures_return
,,,,,60,300,0.05609276720335907,-0.024448817495478174,diagnostic_2,500,acceleration_5s,,,,False,"[791,3548,137,1,0]","[9.051948672751561e-05,9.21868149027346e-05,8.280259849381273e-05,8.58306884765625e-06,null]",4477,1,0.014290927872467532,absolute_futures_return
,,,,,12,60,0.053485873026168876,-0.010719730019415029,diagnostic_2,500,acceleration_5s,,,,False,"[791,3548,137,1,0]","[-1.3850072070434642e-05,4.632055166755197e-06,-4.171346980028099e-05,-0.0007066858815960586,null]",4477,1,0.018958218448847042,near_atm_spread_change
,,,,,24,120,0.04989550203768892,-0.007094163958861398,diagnostic_2,500,acceleration_5s,,,,False,"[791,3548,137,1,0]","[-1.3850072070434642e-05,4.632055166755197e-06,-4.171346980028099e-05,-0.0007066858815960586,null]",4477,1,0.018958218448847042,near_atm_spread_change
,,,,,60,300,0.05074452913472608,-0.008786711006351939,diagnostic_2,500,acceleration_5s,,,,False,"[791,3548,137,1,0]","[-1.3850072070434642e-05,4.632055166755197e-06,-4.171346980028099e-05,-0.0007066858815960586,null]",4477,1,0.018958218448847042,near_atm_spread_change
,,,,,12,60,0.061611292628109535,-0.018376581309229652,diagnostic_2,500,acceleration_5s,,,,False,"[791,3548,137,1,0]","[7.124686691387264e-05,7.299737051431733e-05,6.706198255946166e-05,0.00012438837438821793,null]",4477,1,0.02034231461447015,absolute_atm_straddle_change
,,,,,24,120,0.06619157126992178,-0.015812825762348503,diagnostic_2,500,acceleration_5s,,,,False,"[791,3548,137,1,0]","[7.124686691387264e-05,7.299737051431733e-05,6.706198255946166e-05,0.00012438837438821793,null]",4477,1,0.02034231461447015,absolute_atm_straddle_change
,,,,,60,300,0.06381250681099589,-0.025162296670866252,diagnostic_2,500,acceleration_5s,,,,False,"[791,3548,137,1,0]","[7.124686691387264e-05,7.299737051431733e-05,6.706198255946166e-05,0.00012438837438821793,null]",4477,1,0.02034231461447015,absolute_atm_straddle_change
,,,,,12,60,0.0557386779199543,-0.021212106694460987,diagnostic_2,500,acceleration_5s,,,,False,"[791,3548,137,1,0]","[-1.2414900719809378e-06,3.8294192132974606e-07,-1.3521721285562214e-07,3.1596993721905164e-05,null]",4477,1,0.014643470982186022,parity_restoration
,,,,,24,120,0.05146054018404629,-0.023619707220047238,diagnostic_2,500,acceleration_5s,,,,False,"[791,3548,137,1,0]","[-1.2414900719809378e-06,3.8294192132974606e-07,-1.3521721285562214e-07,3.1596993721905164e-05,null]",4477,1,0.014643470982186022,parity_restoration
,,,,,60,300,0.04932542432244785,-0.019308829636260537,diagnostic_2,500,acceleration_5s,,,,False,"[791,3548,137,1,0]","[-1.2414900719809378e-06,3.8294192132974606e-07,-1.3521721285562214e-07,3.1596993721905164e-05,null]",4477,1,0.014643470982186022,parity_restoration
,,,,,12,60,-0.017168851661436193,-0.07967202924108217,diagnostic_2,500,curvature_5s,,,,False,"[1331,579,497,563,1507]","[0.04581335389167028,0.04433263802860663,0.04180908689524259,0.0409605985181181,0.04349994979449691]",4477,1,-0.04497236128624483,surface_displacement
,,,,,24,120,-0.016910409763491074,-0.07659087371553891,diagnostic_2,500,curvature_5s,,,,False,"[1331,579,497,563,1507]","[0.04581335389167028,0.04433263802860663,0.04180908689524259,0.0409605985181181,0.04349994979449691]",4477,1,-0.04497236128624483,surface_displacement
,,,,,60,300,-0.016755339847182624,-0.07985682934988805,diagnostic_2,500,curvature_5s,,,,False,"[1331,579,497,563,1507]","[0.04581335389167028,0.04433263802860663,0.04180908689524259,0.0409605985181181,0.04349994979449691]",4477,1,-0.04497236128624483,surface_displacement
,,,,,12,60,-0.017995697387262265,-0.0767450256399488,diagnostic_2,500,curvature_5s,,,,False,"[1331,579,497,563,1507]","[0.005723628360333074,0.005295334740932741,0.004965638430785365,0.004977269756539888,0.005225213260625322]",4477,1,-0.04805006215966713,absolute_atm_iv_change
,,,,,24,120,-0.018028418439182677,-0.07814339867526846,diagnostic_2,500,curvature_5s,,,,False,"[1331,579,497,563,1507]","[0.005723628360333074,0.005295334740932741,0.004965638430785365,0.004977269756539888,0.005225213260625322]",4477,1,-0.04805006215966713,absolute_atm_iv_change
,,,,,60,300,-0.018110248562611213,-0.08176649784179549,diagnostic_2,500,curvature_5s,,,,False,"[1331,579,497,563,1507]","[0.005723628360333074,0.005295334740932741,0.004965638430785365,0.004977269756539888,0.005225213260625322]",4477,1,-0.04805006215966713,absolute_atm_iv_change
,,,,,12,60,0.034036567917540644,-0.01763695160323681,diagnostic_2,500,curvature_5s,,,,False,"[1331,579,497,563,1507]","[0.00012169677610065883,0.00013255571064490346,0.00012674633721715755,0.0001302500345756638,0.00012363278903058922]",4477,1,0.007017170928293919,realized_futures_volatility
,,,,,24,120,0.03543322787120522,-0.020705492749272858,diagnostic_2,500,curvature_5s,,,,False,"[1331,579,497,563,1507]","[0.00012169677610065883,0.00013255571064490346,0.00012674633721715755,0.0001302500345756638,0.00012363278903058922]",4477,1,0.007017170928293919,realized_futures_volatility
,,,,,60,300,0.03559900313851534,-0.02153288183640429,diagnostic_2,500,curvature_5s,,,,False,"[1331,579,497,563,1507]","[0.00012169677610065883,0.00013255571064490346,0.00012674633721715755,0.0001302500345756638,0.00012363278903058922]",4477,1,0.007017170928293919,realized_futures_volatility
,,,,,12,60,0.022646676642421655,-0.027567687893605655,diagnostic_2,500,curvature_5s,,,,False,"[1331,579,497,563,1507]","[9.021572740699544e-05,0.00010186197020641056,9.187318429620692e-05,9.073287936764543e-05,8.907330771827825e-05]",4477,1,-0.0037108692208628583,absolute_futures_return
,,,,,24,120,0.022169222587859777,-0.031128327115164733,diagnostic_2,500,curvature_5s,,,,False,"[1331,579,497,563,1507]","[9.021572740699544e-05,0.00010186197020641056,9.187318429620692e-05,9.073287936764543e-05,8.907330771827825e-05]",4477,1,-0.0037108692208628583,absolute_futures_return
,,,,,60,300,0.02133728293569081,-0.032974187388399044,diagnostic_2,500,curvature_5s,,,,False,"[1331,579,497,563,1507]","[9.021572740699544e-05,0.00010186197020641056,9.187318429620692e-05,9.073287936764543e-05,8.907330771827825e-05]",4477,1,-0.0037108692208628583,absolute_futures_return
,,,,,12,60,-0.0015337562251220736,-0.062064110072134436,diagnostic_2,500,curvature_5s,,,,False,"[1331,579,497,563,1507]","[2.7395887789736306e-05,-1.656087151598282e-05,8.945901997872747e-06,1.0614161927387e-05,-2.5374502334935318e-05]",4477,1,-0.03366269915512144,near_atm_spread_change
,,,,,24,120,-0.0049537146928007245,-0.05849038720128976,diagnostic_2,500,curvature_5s,,,,False,"[1331,579,497,563,1507]","[2.7395887789736306e-05,-1.656087151598282e-05,8.945901997872747e-06,1.0614161927387e-05,-2.5374502334935318e-05]",4477,1,-0.03366269915512144,near_atm_spread_change
,,,,,60,300,0.0008032961212133174,-0.05970885956380082,diagnostic_2,500,curvature_5s,,,,False,"[1331,579,497,563,1507]","[2.7395887789736306e-05,-1.656087151598282e-05,8.945901997872747e-06,1.0614161927387e-05,-2.5374502334935318e-05]",4477,1,-0.03366269915512144,near_atm_spread_change
,,,,,12,60,0.019336227791631633,-0.040164237436957004,diagnostic_2,500,curvature_5s,,,,False,"[1331,579,497,563,1507]","[7.359192732534043e-05,8.31164638407284e-05,7.017561697384242e-05,6.878501727356581e-05,6.96644247537349e-05]",4477,1,-0.009654707663980168,absolute_atm_straddle_change
,,,,,24,120,0.017057466880022874,-0.03533917972260833,diagnostic_2,500,curvature_5s,,,,False,"[1331,579,497,563,1507]","[7.359192732534043e-05,8.31164638407284e-05,7.017561697384242e-05,6.878501727356581e-05,6.96644247537349e-05]",4477,1,-0.009654707663980168,absolute_atm_straddle_change
,,,,,60,300,0.01975985193070381,-0.03936497467938632,diagnostic_2,500,curvature_5s,,,,False,"[1331,579,497,563,1507]","[7.359192732534043e-05,8.31164638407284e-05,7.017561697384242e-05,6.878501727356581e-05,6.96644247537349e-05]",4477,1,-0.009654707663980168,absolute_atm_straddle_change
,,,,,12,60,0.026914188934717358,-0.026010299485446076,diagnostic_2,500,curvature_5s,,,,False,"[1331,579,497,563,1507]","[-2.0883907676595008e-07,1.0413591404289044e-06,5.429981343472288e-07,-1.0099152426827173e-06,2.411822184662529e-07]",4477,1,0.0005735888313692703,parity_restoration
,,,,,24,120,0.02590776526890186,-0.025413931073519868,diagnostic_2,500,curvature_5s,,,,False,"[1331,579,497,563,1507]","[-2.0883907676595008e-07,1.0413591404289044e-06,5.429981343472288e-07,-1.0099152426827173e-06,2.411822184662529e-07]",4477,1,0.0005735888313692703,parity_restoration
,,,,,60,300,0.028192315253846387,-0.023321600103152235,diagnostic_2,500,curvature_5s,,,,False,"[1331,579,497,563,1507]","[-2.0883907676595008e-07,1.0413591404289044e-06,5.429981343472288e-07,-1.0099152426827173e-06,2.411822184662529e-07]",4477,1,0.0005735888313692703,parity_restoration
-0.22183548358167338,-0.12773761402655004,-0.21746609512801163,-0.22924296349624074,-0.2206168077093067,,,,,diagnostic_2,,acceleration_increment_5s,0.01177686836822911,"{""60s"":{""mean_mae_reduction"":0.00022647730034034945,""ci_low"":0.00021259124233107297,""ci_high"":0.00024073693827040925,""positive_probability"":1.0,""block_rows"":12,""draws"":500},""120s"":{""mean_mae_reduction"":0.00022647730034034945,""ci_low"":0.00021007780523032244,""ci_high"":0.00024314501730990896,""positive_probability"":1.0,""block_rows"":24,""draws"":500},""300s"":{""mean_mae_reduction"":0.00022647730034034945,""ci_low"":0.00020728159784158017,""ci_high"":0.00024470524348560235,""positive_probability"":1.0,""block_rows"":60,""draws"":500}}","{""base_to_candidate"":{""60s"":{""mean_mae_reduction"":6.0590375747521755e-05,""ci_low"":5.109190583370569e-05,""ci_high"":7.172239085264923e-05,""positive_probability"":1.0,""block_rows"":12,""draws"":500},""120s"":{""mean_mae_reduction"":6.0590375747521755e-05,""ci_low"":4.993986217653381e-05,""ci_high"":7.385531150586395e-05,""positive_probability"":1.0,""block_rows"":24,""draws"":500},""300s"":{""mean_mae_reduction"":6.0590375747521755e-05,""ci_low"":4.409165699133084e-05,""ci_high"":7.781212726634344e-05,""positive_probability"":1.0,""block_rows"":60,""draws"":500}},""base_pca_to_candidate"":{""60s"":{""mean_mae_reduction"":0.0001199292792236978,""ci_low"":0.00010821391168579788,""ci_high"":0.00013258830703994045,""positive_probability"":1.0,""block_rows"":12,""draws"":500},""120s"":{""mean_mae_reduction"":0.0001199292792236978,""ci_low"":0.00010645689999491892,""ci_high"":0.00013240330320800844,""positive_probability"":1.0,""block_rows"":24,""draws"":500},""300s"":{""mean_mae_reduction"":0.0001199292792236978,""ci_low"":0.00010155702175214554,""ci_high"":0.0001352526293818848,""positive_probability"":1.0,""block_rows"":60,""draws"":500}}}",,,,,1,,surface_displacement
-0.2159319797133843,-0.12050035097933876,-0.22191110584150175,-0.22924296349624074,-0.2206168077093067,,,,,diagnostic_2,,curvature_increment_5s,0.007331857654738982,"{""60s"":{""mean_mae_reduction"":0.0001409966789307574,""ci_low"":0.00013286841349548158,""ci_high"":0.00015113862859950295,""positive_probability"":1.0,""block_rows"":12,""draws"":500},""120s"":{""mean_mae_reduction"":0.0001409966789307574,""ci_low"":0.00013191978372585104,""ci_high"":0.0001501753452697922,""positive_probability"":1.0,""block_rows"":24,""draws"":500},""300s"":{""mean_mae_reduction"":0.0001409966789307574,""ci_low"":0.00012828394553230594,""ci_high"":0.00015352998526141682,""positive_probability"":1.0,""block_rows"":60,""draws"":500}}","{""base_to_candidate"":{""60s"":{""mean_mae_reduction"":-2.489024566207026e-05,""ci_low"":-3.958372380306643e-05,""ci_high"":-7.548199065325006e-06,""positive_probability"":0.004,""block_rows"":12,""draws"":500},""120s"":{""mean_mae_reduction"":-2.489024566207026e-05,""ci_low"":-4.5832903241447725e-05,""ci_high"":-3.215209641724991e-06,""positive_probability"":0.012,""block_rows"":24,""draws"":500},""300s"":{""mean_mae_reduction"":-2.489024566207026e-05,""ci_low"":-5.219268687555878e-05,""ci_high"":2.533590344739224e-06,""positive_probability"":0.034,""block_rows"":60,""draws"":500}},""base_pca_to_candidate"":{""60s"":{""mean_mae_reduction"":5.3579565332254666e-05,""ci_low"":3.838150208288091e-05,""ci_high"":7.076055091488104e-05,""positive_probability"":1.0,""block_rows"":12,""draws"":500},""120s"":{""mean_mae_reduction"":5.3579565332254666e-05,""ci_low"":3.341857679461071e-05,""ci_high"":7.216348519592901e-05,""positive_probability"":1.0,""block_rows"":24,""draws"":500},""300s"":{""mean_mae_reduction"":5.3579565332254666e-05,""ci_low"":2.6439262918875773e-05,""ci_high"":7.961430462635337e-05,""positive_probability"":1.0,""block_rows"":60,""draws"":500}}}",,,,,1,,surface_displacement
0.19026709675450904,0.1663448258808431,0.19047706447782786,0.18911681610694242,0.1894451971199771,,,,,diagnostic_2,,acceleration_increment_5s,0.0013602483708854418,"{""60s"":{""mean_mae_reduction"":6.955371401858101e-06,""ci_low"":6.567486943466913e-06,""ci_high"":7.295658169115862e-06,""positive_probability"":1.0,""block_rows"":12,""draws"":500},""120s"":{""mean_mae_reduction"":6.955371401858101e-06,""ci_low"":6.539084138409097e-06,""ci_high"":7.356719796146026e-06,""positive_probability"":1.0,""block_rows"":24,""draws"":500},""300s"":{""mean_mae_reduction"":6.955371401858101e-06,""ci_low"":6.333482126225171e-06,""ci_high"":7.516531506030713e-06,""positive_probability"":1.0,""block_rows"":60,""draws"":500}}","{""base_to_candidate"":{""60s"":{""mean_mae_reduction"":5.2762575312889805e-06,""ci_low"":5.007364999210261e-06,""ci_high"":5.5241158091634065e-06,""positive_probability"":1.0,""block_rows"":12,""draws"":500},""120s"":{""mean_mae_reduction"":5.2762575312889805e-06,""ci_low"":4.9554448311862944e-06,""ci_high"":5.5713648526786e-06,""positive_probability"":1.0,""block_rows"":24,""draws"":500},""300s"":{""mean_mae_reduction"":5.2762575312889805e-06,""ci_low"":4.873271043058909e-06,""ci_high"":5.682190024981749e-06,""positive_probability"":1.0,""block_rows"":60,""draws"":500}},""base_pca_to_candidate"":{""60s"":{""mean_mae_reduction"":8.380748938276469e-06,""ci_low"":8.032184948139156e-06,""ci_high"":8.707200772915716e-06,""positive_probability"":1.0,""block_rows"":12,""draws"":500},""120s"":{""mean_mae_reduction"":8.380748938276469e-06,""ci_low"":8.044989594955461e-06,""ci_high"":8.714717580957963e-06,""positive_probability"":1.0,""block_rows"":24,""draws"":500},""300s"":{""mean_mae_reduction"":8.380748938276469e-06,""ci_low"":7.899091489601106e-06,""ci_high"":8.858006678599855e-06,""positive_probability"":1.0,""block_rows"":60,""draws"":500}}}",,,,,1,,absolute_atm_iv_change
0.19142856350977044,0.16746716102108727,0.190987428049603,0.18911681610694242,0.1894451971199771,,,,,diagnostic_2,,curvature_increment_5s,0.0018706119426605827,"{""60s"":{""mean_mae_reduction"":9.565018483709633e-06,""ci_low"":9.078231652418736e-06,""ci_high"":1.0137207356136855e-05,""positive_probability"":1.0,""block_rows"":12,""draws"":500},""120s"":{""mean_mae_reduction"":9.565018483709633e-06,""ci_low"":9.022784060902578e-06,""ci_high"":1.0055587419247182e-05,""positive_probability"":1.0,""block_rows"":24,""draws"":500},""300s"":{""mean_mae_reduction"":9.565018483709633e-06,""ci_low"":8.939940340241883e-06,""ci_high"":1.008035017357477e-05,""positive_probability"":1.0,""block_rows"":60,""draws"":500}}","{""base_to_candidate"":{""60s"":{""mean_mae_reduction"":7.88590461314051e-06,""ci_low"":7.374784313366228e-06,""ci_high"":8.416343029637495e-06,""positive_probability"":1.0,""block_rows"":12,""draws"":500},""120s"":{""mean_mae_reduction"":7.88590461314051e-06,""ci_low"":7.373886304916229e-06,""ci_high"":8.341417728799358e-06,""positive_probability"":1.0,""block_rows"":24,""draws"":500},""300s"":{""mean_mae_reduction"":7.88590461314051e-06,""ci_low"":7.3046963106430124e-06,""ci_high"":8.443371368569878e-06,""positive_probability"":1.0,""block_rows"":60,""draws"":500}},""base_pca_to_candidate"":{""60s"":{""mean_mae_reduction"":1.0153348810063352e-05,""ci_low"":9.625957532766082e-06,""ci_high"":1.0662320544682833e-05,""positive_probability"":1.0,""block_rows"":12,""draws"":500},""120s"":{""mean_mae_reduction"":1.0153348810063352e-05,""ci_low"":9.605778133418238e-06,""ci_high"":1.062826805834884e-05,""positive_probability"":1.0,""block_rows"":24,""draws"":500},""300s"":{""mean_mae_reduction"":1.0153348810063352e-05,""ci_low"":9.596660115069505e-06,""ci_high"":1.076677292311061e-05,""positive_probability"":1.0,""block_rows"":60,""draws"":500}}}",,,,,1,,absolute_atm_iv_change
,,,,,12,60,0.2519977035066041,0.16568225208714732,diagnostic_1,500,velocity_30s,,,,False,"[819,1522,1,0,0]","[0.03900006068403608,0.04631399834458143,0.08060525590534846,null,null]",2342,1,0.20948211452109913,surface_displacement
,,,,,24,120,0.25577459920026796,0.16935650940984368,diagnostic_1,500,velocity_30s,,,,False,"[819,1522,1,0,0]","[0.03900006068403608,0.04631399834458143,0.08060525590534846,null,null]",2342,1,0.20948211452109913,surface_displacement
,,,,,60,300,0.2518147588333619,0.16480860596220914,diagnostic_1,500,velocity_30s,,,,False,"[819,1522,1,0,0]","[0.03900006068403608,0.04631399834458143,0.08060525590534846,null,null]",2342,1,0.20948211452109913,surface_displacement
,,,,,12,60,0.1946277184951009,0.1160799352202939,diagnostic_1,500,velocity_30s,,,,False,"[819,1522,1,0,0]","[0.003953329591087369,0.004873268991591269,0.00301254540681839,null,null]",2342,1,0.15715292423731628,absolute_atm_iv_change
,,,,,24,120,0.20662634137851166,0.12154584328587724,diagnostic_1,500,velocity_30s,,,,False,"[819,1522,1,0,0]","[0.003953329591087369,0.004873268991591269,0.00301254540681839,null,null]",2342,1,0.15715292423731628,absolute_atm_iv_change
,,,,,60,300,0.20504950659686094,0.12321004007731166,diagnostic_1,500,velocity_30s,,,,False,"[819,1522,1,0,0]","[0.003953329591087369,0.004873268991591269,0.00301254540681839,null,null]",2342,1,0.15715292423731628,absolute_atm_iv_change
,,,,,12,60,0.11863797572792577,-0.008084082678570541,diagnostic_1,500,velocity_30s,,,,False,"[819,1522,1,0,0]","[0.00010698859834338237,0.00011784399795177824,0.00010099046284516978,null,null]",2342,1,0.05112880068455799,realized_futures_volatility
,,,,,24,120,0.1357394553651284,-0.01496366266938233,diagnostic_1,500,velocity_30s,,,,False,"[819,1522,1,0,0]","[0.00010698859834338237,0.00011784399795177824,0.00010099046284516978,null,null]",2342,1,0.05112880068455799,realized_futures_volatility
,,,,,60,300,0.1486083441927507,-0.006548579347210774,diagnostic_1,500,velocity_30s,,,,False,"[819,1522,1,0,0]","[0.00010698859834338237,0.00011784399795177824,0.00010099046284516978,null,null]",2342,1,0.05112880068455799,realized_futures_volatility
,,,,,12,60,0.11431021580959946,0.0022301743447307974,diagnostic_1,500,velocity_30s,,,,False,"[819,1522,1,0,0]","[7.778791863111931e-05,9.127640692852486e-05,3.24249267578125e-05,null,null]",2342,1,0.05739926716031531,absolute_futures_return
,,,,,24,120,0.11777546706386567,0.000557124428423021,diagnostic_1,500,velocity_30s,,,,False,"[819,1522,1,0,0]","[7.778791863111931e-05,9.127640692852486e-05,3.24249267578125e-05,null,null]",2342,1,0.05739926716031531,absolute_futures_return
,,,,,60,300,0.12866792721361361,0.006258404169233627,diagnostic_1,500,velocity_30s,,,,False,"[819,1522,1,0,0]","[7.778791863111931e-05,9.127640692852486e-05,3.24249267578125e-05,null,null]",2342,1,0.05739926716031531,absolute_futures_return
,,,,,12,60,0.08326981446360573,0.01226615701524814,diagnostic_1,500,velocity_30s,,,,False,"[819,1522,1,0,0]","[-3.180465286370749e-05,1.4488499224737884e-05,-0.00020457504433579743,null,null]",2342,1,0.047695660552361935,near_atm_spread_change
,,,,,24,120,0.08582254011437315,0.014808301613537847,diagnostic_1,500,velocity_30s,,,,False,"[819,1522,1,0,0]","[-3.180465286370749e-05,1.4488499224737884e-05,-0.00020457504433579743,null,null]",2342,1,0.047695660552361935,near_atm_spread_change
,,,,,60,300,0.07731065016482294,0.016361684644870558,diagnostic_1,500,velocity_30s,,,,False,"[819,1522,1,0,0]","[-3.180465286370749e-05,1.4488499224737884e-05,-0.00020457504433579743,null,null]",2342,1,0.047695660552361935,near_atm_spread_change
,,,,,12,60,0.02135879575809152,-0.08473187301136921,diagnostic_1,500,velocity_30s,,,,False,"[819,1522,1,0,0]","[4.448919978916136e-05,4.722283291538661e-05,5.047302693128586e-05,null,null]",2342,1,-0.030346876364354087,absolute_atm_straddle_change
,,,,,24,120,0.02753954935474924,-0.08191010838373826,diagnostic_1,500,velocity_30s,,,,False,"[819,1522,1,0,0]","[4.448919978916136e-05,4.722283291538661e-05,5.047302693128586e-05,null,null]",2342,1,-0.030346876364354087,absolute_atm_straddle_change
,,,,,60,300,0.03755029352125626,-0.08363523126157787,diagnostic_1,500,velocity_30s,,,,False,"[819,1522,1,0,0]","[4.448919978916136e-05,4.722283291538661e-05,5.047302693128586e-05,null,null]",2342,1,-0.030346876364354087,absolute_atm_straddle_change
,,,,,12,60,0.07415494562904028,-0.02206379475423152,diagnostic_1,500,velocity_30s,,,,False,"[819,1522,1,0,0]","[1.269897546478313e-07,5.090794164470397e-07,-3.2160780392587185e-05,null,null]",2342,1,0.02667392721571127,parity_restoration
,,,,,24,120,0.07358401192873465,-0.012885024653905392,diagnostic_1,500,velocity_30s,,,,False,"[819,1522,1,0,0]","[1.269897546478313e-07,5.090794164470397e-07,-3.2160780392587185e-05,null,null]",2342,1,0.02667392721571127,parity_restoration
,,,,,60,300,0.07355116168423208,-0.002154705002293992,diagnostic_1,500,velocity_30s,,,,False,"[819,1522,1,0,0]","[1.269897546478313e-07,5.090794164470397e-07,-3.2160780392587185e-05,null,null]",2342,1,0.02667392721571127,parity_restoration
,,,,,12,60,0.20494714440857376,0.11887151864659418,diagnostic_1,500,acceleration_30s,,,,False,"[751,1588,3,0,0]","[0.0395890787924542,0.04574773708528787,0.04425192400452751,null,null]",2342,1,0.1586559812745576,surface_displacement
,,,,,24,120,0.20423833816986992,0.11607510476106318,diagnostic_1,500,acceleration_30s,,,,False,"[751,1588,3,0,0]","[0.0395890787924542,0.04574773708528787,0.04425192400452751,null,null]",2342,1,0.1586559812745576,surface_displacement
,,,,,60,300,0.199718355478694,0.11807125051506001,diagnostic_1,500,acceleration_30s,,,,False,"[751,1588,3,0,0]","[0.0395890787924542,0.04574773708528787,0.04425192400452751,null,null]",2342,1,0.1586559812745576,surface_displacement
,,,,,12,60,0.15494259652559733,0.07106061350267978,diagnostic_1,500,acceleration_30s,,,,False,"[751,1588,3,0,0]","[0.0040257093354008015,0.004794899524384242,0.006765576700369517,null,null]",2342,1,0.11367199985797051,absolute_atm_iv_change
,,,,,24,120,0.1624048252104794,0.074171365324754,diagnostic_1,500,acceleration_30s,,,,False,"[751,1588,3,0,0]","[0.0040257093354008015,0.004794899524384242,0.006765576700369517,null,null]",2342,1,0.11367199985797051,absolute_atm_iv_change
,,,,,60,300,0.1582466562087829,0.07752778289016041,diagnostic_1,500,acceleration_30s,,,,False,"[751,1588,3,0,0]","[0.0040257093354008015,0.004794899524384242,0.006765576700369517,null,null]",2342,1,0.11367199985797051,absolute_atm_iv_change
,,,,,12,60,0.09766167341246645,-0.03455743551783608,diagnostic_1,500,acceleration_30s,,,,False,"[751,1588,3,0,0]","[0.00011147398044906582,0.00011513421272493151,0.0001777094214140414,null,null]",2342,1,0.024964804250004562,realized_futures_volatility
,,,,,24,120,0.11377820858102942,-0.05038702226630741,diagnostic_1,500,acceleration_30s,,,,False,"[751,1588,3,0,0]","[0.00011147398044906582,0.00011513421272493151,0.0001777094214140414,null,null]",2342,1,0.024964804250004562,realized_futures_volatility
,,,,,60,300,0.1196258245360808,-0.04247189122414598,diagnostic_1,500,acceleration_30s,,,,False,"[751,1588,3,0,0]","[0.00011147398044906582,0.00011513421272493151,0.0001777094214140414,null,null]",2342,1,0.024964804250004562,realized_futures_volatility
,,,,,12,60,0.1005609235768558,-0.012704987697112494,diagnostic_1,500,acceleration_30s,,,,False,"[751,1588,3,0,0]","[8.291506100589839e-05,8.805332616234306e-05,0.0001885096232096354,null,null]",2342,1,0.03695678895762435,absolute_futures_return
,,,,,24,120,0.10063464063250868,-0.017452102134374696,diagnostic_1,500,acceleration_30s,,,,False,"[751,1588,3,0,0]","[8.291506100589839e-05,8.805332616234306e-05,0.0001885096232096354,null,null]",2342,1,0.03695678895762435,absolute_futures_return
,,,,,60,300,0.10966412657808144,-0.01370988391941235,diagnostic_1,500,acceleration_30s,,,,False,"[751,1588,3,0,0]","[8.291506100589839e-05,8.805332616234306e-05,0.0001885096232096354,null,null]",2342,1,0.03695678895762435,absolute_futures_return
,,,,,12,60,0.07211248949494789,0.005959865296748745,diagnostic_1,500,acceleration_30s,,,,False,"[751,1588,3,0,0]","[-4.055508999225278e-05,1.6392427519337983e-05,7.486925460398197e-05,null,null]",2342,1,0.040508783620582786,near_atm_spread_change
,,,,,24,120,0.07142800969815184,0.005084764879735448,diagnostic_1,500,acceleration_30s,,,,False,"[751,1588,3,0,0]","[-4.055508999225278e-05,1.6392427519337983e-05,7.486925460398197e-05,null,null]",2342,1,0.040508783620582786,near_atm_spread_change
,,,,,60,300,0.06669123833416325,0.006728490367639459,diagnostic_1,500,acceleration_30s,,,,False,"[751,1588,3,0,0]","[-4.055508999225278e-05,1.6392427519337983e-05,7.486925460398197e-05,null,null]",2342,1,0.040508783620582786,near_atm_spread_change
,,,,,12,60,0.008120548976320292,-0.10375756895790789,diagnostic_1,500,acceleration_30s,,,,False,"[751,1588,3,0,0]","[4.6584732860287084e-05,4.6140502584671196e-05,3.4675622979799904e-05,null,null]",2342,1,-0.048325685095533366,absolute_atm_straddle_change
,,,,,24,120,0.009321017914185393,-0.09935446913311904,diagnostic_1,500,acceleration_30s,,,,False,"[751,1588,3,0,0]","[4.6584732860287084e-05,4.6140502584671196e-05,3.4675622979799904e-05,null,null]",2342,1,-0.048325685095533366,absolute_atm_straddle_change
,,,,,60,300,0.01820339652596029,-0.10500108162649256,diagnostic_1,500,acceleration_30s,,,,False,"[751,1588,3,0,0]","[4.6584732860287084e-05,4.6140502584671196e-05,3.4675622979799904e-05,null,null]",2342,1,-0.048325685095533366,absolute_atm_straddle_change
,,,,,12,60,0.05448355600040131,-0.0444781748374819,diagnostic_1,500,acceleration_30s,,,,False,"[751,1588,3,0,0]","[1.2202237567676947e-06,-8.98167981903033e-08,2.4301244896681357e-05,null,null]",2342,1,0.004433213021433438,parity_restoration
,,,,,24,120,0.052057386883615414,-0.040373248343458096,diagnostic_1,500,acceleration_30s,,,,False,"[751,1588,3,0,0]","[1.2202237567676947e-06,-8.98167981903033e-08,2.4301244896681357e-05,null,null]",2342,1,0.004433213021433438,parity_restoration
,,,,,60,300,0.05319872649727501,-0.031068988160757736,diagnostic_1,500,acceleration_30s,,,,False,"[751,1588,3,0,0]","[1.2202237567676947e-06,-8.98167981903033e-08,2.4301244896681357e-05,null,null]",2342,1,0.004433213021433438,parity_restoration
,,,,,12,60,-0.007662073054032733,-0.08569076295502476,diagnostic_1,500,curvature_30s,,,,False,"[646,346,365,336,649]","[0.046508638619144296,0.04367646673650188,0.03960473021981924,0.04248765330105519,0.044103766345760236]",2342,1,-0.04445954525442298,surface_displacement
,,,,,24,120,-0.005083819426963724,-0.08516998148639036,diagnostic_1,500,curvature_30s,,,,False,"[646,346,365,336,649]","[0.046508638619144296,0.04367646673650188,0.03960473021981924,0.04248765330105519,0.044103766345760236]",2342,1,-0.04445954525442298,surface_displacement
,,,,,60,300,-0.005632674037582391,-0.0826170660594,diagnostic_1,500,curvature_30s,,,,False,"[646,346,365,336,649]","[0.046508638619144296,0.04367646673650188,0.03960473021981924,0.04248765330105519,0.044103766345760236]",2342,1,-0.04445954525442298,surface_displacement
,,,,,12,60,0.009981004030075265,-0.0740839312831091,diagnostic_1,500,curvature_30s,,,,False,"[646,346,365,336,649]","[0.004786507125609431,0.004680294478904305,0.004136687762116733,0.004443940529156299,0.00453526092742]",2342,1,-0.032144982604073724,absolute_atm_iv_change
,,,,,24,120,0.004802942831795715,-0.07257878819636981,diagnostic_1,500,curvature_30s,,,,False,"[646,346,365,336,649]","[0.004786507125609431,0.004680294478904305,0.004136687762116733,0.004443940529156299,0.00453526092742]",2342,1,-0.032144982604073724,absolute_atm_iv_change
,,,,,60,300,0.008289374214614719,-0.07519565422650461,diagnostic_1,500,curvature_30s,,,,False,"[646,346,365,336,649]","[0.004786507125609431,0.004680294478904305,0.004136687762116733,0.004443940529156299,0.00453526092742]",2342,1,-0.032144982604073724,absolute_atm_iv_change
,,,,,12,60,0.026718340891898062,-0.06092672763014368,diagnostic_1,500,curvature_30s,,,,False,"[646,346,365,336,649]","[0.00011852853196183924,0.00011325785448840316,0.00010998814695153963,0.00011505957631407598,0.00011174249123190242]",2342,1,-0.01573516457380214,realized_futures_volatility
,,,,,24,120,0.02911334964698586,-0.05667960789893252,diagnostic_1,500,curvature_30s,,,,False,"[646,346,365,336,649]","[0.00011852853196183924,0.00011325785448840316,0.00010998814695153963,0.00011505957631407598,0.00011174249123190242]",2342,1,-0.01573516457380214,realized_futures_volatility
,,,,,60,300,0.025878621805763086,-0.05564717579049339,diagnostic_1,500,curvature_30s,,,,False,"[646,346,365,336,649]","[0.00011852853196183924,0.00011325785448840316,0.00010998814695153963,0.00011505957631407598,0.00011174249123190242]",2342,1,-0.01573516457380214,realized_futures_volatility
,,,,,12,60,0.0035193973145104017,-0.07273564873999278,diagnostic_1,500,curvature_30s,,,,False,"[646,346,365,336,649]","[9.20074273927293e-05,8.532077590854182e-05,8.567914570847602e-05,8.636429196312314e-05,8.230253434144477e-05]",2342,1,-0.03407038673368365,absolute_futures_return
,,,,,24,120,0.005138455167548695,-0.07543622455104862,diagnostic_1,500,curvature_30s,,,,False,"[646,346,365,336,649]","[9.20074273927293e-05,8.532077590854182e-05,8.567914570847602e-05,8.636429196312314e-05,8.230253434144477e-05]",2342,1,-0.03407038673368365,absolute_futures_return
,,,,,60,300,-0.0011076103931340498,-0.07048149887367558,diagnostic_1,500,curvature_30s,,,,False,"[646,346,365,336,649]","[9.20074273927293e-05,8.532077590854182e-05,8.567914570847602e-05,8.636429196312314e-05,8.230253434144477e-05]",2342,1,-0.03407038673368365,absolute_futures_return
,,,,,12,60,-0.0027376441025238753,-0.08033500980915459,diagnostic_1,500,curvature_30s,,,,False,"[646,346,365,336,649]","[2.3907561046352477e-05,2.4350435991846886e-06,4.9853743068325294e-05,-3.279730476822893e-05,-4.262653506739074e-05]",2342,1,-0.04243878254180233,near_atm_spread_change
,,,,,24,120,-0.007010416838803822,-0.08416314356287874,diagnostic_1,500,curvature_30s,,,,False,"[646,346,365,336,649]","[2.3907561046352477e-05,2.4350435991846886e-06,4.9853743068325294e-05,-3.279730476822893e-05,-4.262653506739074e-05]",2342,1,-0.04243878254180233,near_atm_spread_change
,,,,,60,300,-0.0013136093742963776,-0.08057738748275127,diagnostic_1,500,curvature_30s,,,,False,"[646,346,365,336,649]","[2.3907561046352477e-05,2.4350435991846886e-06,4.9853743068325294e-05,-3.279730476822893e-05,-4.262653506739074e-05]",2342,1,-0.04243878254180233,near_atm_spread_change
,,,,,12,60,0.009325159321880844,-0.07516836782143992,diagnostic_1,500,curvature_30s,,,,False,"[646,346,365,336,649]","[4.969633129589698e-05,4.489440470933914e-05,4.675728460289028e-05,4.55963364358814e-05,4.366133649057159e-05]",2342,1,-0.03085076949998766,absolute_atm_straddle_change
,,,,,24,120,0.013989477255792658,-0.07116403862610117,diagnostic_1,500,curvature_30s,,,,False,"[646,346,365,336,649]","[4.969633129589698e-05,4.489440470933914e-05,4.675728460289028e-05,4.55963364358814e-05,4.366133649057159e-05]",2342,1,-0.03085076949998766,absolute_atm_straddle_change
,,,,,60,300,0.008865148554899048,-0.07457424862809969,diagnostic_1,500,curvature_30s,,,,False,"[646,346,365,336,649]","[4.969633129589698e-05,4.489440470933914e-05,4.675728460289028e-05,4.55963364358814e-05,4.366133649057159e-05]",2342,1,-0.03085076949998766,absolute_atm_straddle_change
,,,,,12,60,0.04530967157652145,-0.04284007608038857,diagnostic_1,500,curvature_30s,,,,False,"[646,346,365,336,649]","[3.8627571281803996e-07,-1.0188340680763554e-06,1.444297106912653e-06,8.002841262904916e-07,2.366429385417916e-07]",2342,1,-0.00011442649781709934,parity_restoration
,,,,,24,120,0.04859382568637391,-0.04643730952723942,diagnostic_1,500,curvature_30s,,,,False,"[646,346,365,336,649]","[3.8627571281803996e-07,-1.0188340680763554e-06,1.444297106912653e-06,8.002841262904916e-07,2.366429385417916e-07]",2342,1,-0.00011442649781709934,parity_restoration
,,,,,60,300,0.03948531055037106,-0.04246784291857344,diagnostic_1,500,curvature_30s,,,,False,"[646,346,365,336,649]","[3.8627571281803996e-07,-1.0188340680763554e-06,1.444297106912653e-06,8.002841262904916e-07,2.366429385417916e-07]",2342,1,-0.00011442649781709934,parity_restoration
-0.08200760226494319,-0.00434959061754947,-0.09555944129313532,-0.09074850437727844,-0.08200533791537845,,,,,diagnostic_1,,acceleration_increment_30s,-0.004810936915856878,"{""60s"":{""mean_mae_reduction"":-9.224837787197734e-05,""ci_low"":-0.00010795595086579117,""ci_high"":-7.600287277402876e-05,""positive_probability"":0.0,""block_rows"":12,""draws"":500},""120s"":{""mean_mae_reduction"":-9.224837787197734e-05,""ci_low"":-0.0001100154957918071,""ci_high"":-7.472564335986447e-05,""positive_probability"":0.0,""block_rows"":24,""draws"":500},""300s"":{""mean_mae_reduction"":-9.224837787197734e-05,""ci_low"":-0.00011567866940920252,""ci_high"":-7.11268492512391e-05,""positive_probability"":0.0,""block_rows"":60,""draws"":500}}","{""base_to_candidate"":{""60s"":{""mean_mae_reduction"":-0.0002598961640893729,""ci_low"":-0.0003047756881578091,""ci_high"":-0.00021802155060199238,""positive_probability"":0.0,""block_rows"":12,""draws"":500},""120s"":{""mean_mae_reduction"":-0.0002598961640893729,""ci_low"":-0.000302474807615451,""ci_high"":-0.000212010466564149,""positive_probability"":0.0,""block_rows"":24,""draws"":500},""300s"":{""mean_mae_reduction"":-0.0002598961640893729,""ci_low"":-0.00032558086959167613,""ci_high"":-0.00019911057110494427,""positive_probability"":0.0,""block_rows"":60,""draws"":500}},""base_pca_to_candidate"":{""60s"":{""mean_mae_reduction"":-0.00016735498747980602,""ci_low"":-0.00020531916687161112,""ci_high"":-0.00012892445970537873,""positive_probability"":0.0,""block_rows"":12,""draws"":500},""120s"":{""mean_mae_reduction"":-0.00016735498747980602,""ci_low"":-0.00020970817876896905,""ci_high"":-0.00012683162545343638,""positive_probability"":0.0,""block_rows"":24,""draws"":500},""300s"":{""mean_mae_reduction"":-0.00016735498747980602,""ci_low"":-0.0002195756293627614,""ci_high"":-0.00011407407807212123,""positive_probability"":0.0,""block_rows"":60,""draws"":500}}}",,,,,1,,surface_displacement
-0.07920236991695373,-0.00784958833011884,-0.08736389194478167,-0.09074850437727844,-0.08200533791537845,,,,,diagnostic_1,,curvature_increment_30s,0.0033846124324967697,"{""60s"":{""mean_mae_reduction"":6.489900243631384e-05,""ci_low"":3.5919570606458066e-05,""ci_high"":9.308171669763291e-05,""positive_probability"":1.0,""block_rows"":12,""draws"":500},""120s"":{""mean_mae_reduction"":6.489900243631384e-05,""ci_low"":3.168987322867559e-05,""ci_high"":9.274881424605335e-05,""positive_probability"":1.0,""block_rows"":24,""draws"":500},""300s"":{""mean_mae_reduction"":6.489900243631384e-05,""ci_low"":3.0007486282637187e-05,""ci_high"":0.00010070182881715835,""positive_probability"":1.0,""block_rows"":60,""draws"":500}}","{""base_to_candidate"":{""60s"":{""mean_mae_reduction"":-0.00010274878378108174,""ci_low"":-0.0001599335840801725,""ci_high"":-4.613240811754508e-05,""positive_probability"":0.0,""block_rows"":12,""draws"":500},""120s"":{""mean_mae_reduction"":-0.00010274878378108174,""ci_low"":-0.0001633152535596727,""ci_high"":-3.718618283817099e-05,""positive_probability"":0.002,""block_rows"":24,""draws"":500},""300s"":{""mean_mae_reduction"":-0.00010274878378108174,""ci_low"":-0.0001942535135053381,""ci_high"":-1.8647644849669423e-05,""positive_probability"":0.014,""block_rows"":60,""draws"":500}},""base_pca_to_candidate"":{""60s"":{""mean_mae_reduction"":-0.0001760853899484555,""ci_low"":-0.00022842349672911667,""ci_high"":-0.0001254818630880504,""positive_probability"":0.0,""block_rows"":12,""draws"":500},""120s"":{""mean_mae_reduction"":-0.0001760853899484555,""ci_low"":-0.00023922756774300477,""ci_high"":-0.00011570828777563164,""positive_probability"":0.0,""block_rows"":24,""draws"":500},""300s"":{""mean_mae_reduction"":-0.0001760853899484555,""ci_low"":-0.0002544994460335711,""ci_high"":-9.929218219368059e-05,""positive_probability"":0.0,""block_rows"":60,""draws"":500}}}",,,,,1,,surface_displacement
0.17158295498223874,0.1412881736944268,0.17091411276497714,0.17099761726533114,0.1716380222591154,,,,,diagnostic_1,,acceleration_increment_30s,-8.350450035399248e-05,"{""60s"":{""mean_mae_reduction"":-3.6268459204990845e-07,""ci_low"":-4.6665795509280036e-07,""ci_high"":-2.6232366045257275e-07,""positive_probability"":0.0,""block_rows"":12,""draws"":500},""120s"":{""mean_mae_reduction"":-3.6268459204990845e-07,""ci_low"":-4.754836737418702e-07,""ci_high"":-2.337409630221025e-07,""positive_probability"":0.0,""block_rows"":24,""draws"":500},""300s"":{""mean_mae_reduction"":-3.6268459204990845e-07,""ci_low"":-5.12021864917226e-07,""ci_high"":-2.055537181228392e-07,""positive_probability"":0.0,""block_rows"":60,""draws"":500}}","{""base_to_candidate"":{""60s"":{""mean_mae_reduction"":-3.1441517337360056e-06,""ci_low"":-3.702582521104537e-06,""ci_high"":-2.591130032003645e-06,""positive_probability"":0.0,""block_rows"":12,""draws"":500},""120s"":{""mean_mae_reduction"":-3.1441517337360056e-06,""ci_low"":-3.7554889308287817e-06,""ci_high"":-2.487927259927239e-06,""positive_probability"":0.0,""block_rows"":24,""draws"":500},""300s"":{""mean_mae_reduction"":-3.1441517337360056e-06,""ci_low"":-3.91961085868533e-06,""ci_high"":-2.2417183779544483e-06,""positive_probability"":0.0,""block_rows"":60,""draws"":500}},""base_pca_to_candidate"":{""60s"":{""mean_mae_reduction"":-2.664231328501136e-06,""ci_low"":-3.1788832990536314e-06,""ci_high"":-2.1631653429579504e-06,""positive_probability"":0.0,""block_rows"":12,""draws"":500},""120s"":{""mean_mae_reduction"":-2.664231328501136e-06,""ci_low"":-3.2462658445048735e-06,""ci_high"":-1.9633171563913744e-06,""positive_probability"":0.0,""block_rows"":24,""draws"":500},""300s"":{""mean_mae_reduction"":-2.664231328501136e-06,""ci_low"":-3.5702043982718753e-06,""ci_high"":-1.7606528112967025e-06,""positive_probability"":0.0,""block_rows"":60,""draws"":500}}}",,,,,1,,absolute_atm_iv_change
0.1724027259106523,0.14050995194075544,0.17169625826637447,0.17099761726533114,0.1716380222591154,,,,,diagnostic_1,,curvature_increment_30s,0.0006986410010433319,"{""60s"":{""mean_mae_reduction"":3.0344032402900876e-06,""ci_low"":2.0563543655913377e-06,""ci_high"":3.926323522658092e-06,""positive_probability"":1.0,""block_rows"":12,""draws"":500},""120s"":{""mean_mae_reduction"":3.0344032402900876e-06,""ci_low"":1.8859463341703914e-06,""ci_high"":4.0997649926422765e-06,""positive_probability"":1.0,""block_rows"":24,""draws"":500},""300s"":{""mean_mae_reduction"":3.0344032402900876e-06,""ci_low"":1.681506675972089e-06,""ci_high"":4.5495226014348645e-06,""positive_probability"":1.0,""block_rows"":60,""draws"":500}}","{""base_to_candidate"":{""60s"":{""mean_mae_reduction"":2.5293609860399073e-07,""ci_low"":-9.479674640142794e-07,""ci_high"":1.359306437684697e-06,""positive_probability"":0.656,""block_rows"":12,""draws"":500},""120s"":{""mean_mae_reduction"":2.5293609860399073e-07,""ci_low"":-1.3847336915213104e-06,""ci_high"":1.7712498019186392e-06,""positive_probability"":0.636,""block_rows"":24,""draws"":500},""300s"":{""mean_mae_reduction"":2.5293609860399073e-07,""ci_low"":-1.8867885758066687e-06,""ci_high"":2.311716660889879e-06,""positive_probability"":0.592,""block_rows"":60,""draws"":500}},""base_pca_to_candidate"":{""60s"":{""mean_mae_reduction"":-6.943951442588784e-06,""ci_low"":-8.118746050727453e-06,""ci_high"":-5.613624803435667e-06,""positive_probability"":0.0,""block_rows"":12,""draws"":500},""120s"":{""mean_mae_reduction"":-6.943951442588784e-06,""ci_low"":-8.679371845032922e-06,""ci_high"":-5.064881743477291e-06,""positive_probability"":0.0,""block_rows"":24,""draws"":500},""300s"":{""mean_mae_reduction"":-6.943951442588784e-06,""ci_low"":-9.350773718255038e-06,""ci_high"":-4.612214918671573e-06,""positive_probability"":0.0,""block_rows"":60,""draws"":500}}}",,,,,1,,absolute_atm_iv_change
,,,,,12,60,0.19116979813705395,0.12714322177234946,diagnostic_2,500,velocity_30s,,,,False,"[943,3519,15,0,0]","[0.039499438267362706,0.04490181132499436,0.052205640169407715,null,null]",4477,1,0.16220496759322967,surface_displacement
,,,,,24,120,0.18925617755445076,0.12490603912400784,diagnostic_2,500,velocity_30s,,,,False,"[943,3519,15,0,0]","[0.039499438267362706,0.04490181132499436,0.052205640169407715,null,null]",4477,1,0.16220496759322967,surface_displacement
,,,,,60,300,0.18675333676129324,0.12055564029274526,diagnostic_2,500,velocity_30s,,,,False,"[943,3519,15,0,0]","[0.039499438267362706,0.04490181132499436,0.052205640169407715,null,null]",4477,1,0.16220496759322967,surface_displacement
,,,,,12,60,0.1506434696365485,0.09254253110512346,diagnostic_2,500,velocity_30s,,,,False,"[943,3519,15,0,0]","[0.004796296919074822,0.005458397777556831,0.0065106630325317385,null,null]",4477,1,0.12425942083005352,absolute_atm_iv_change
,,,,,24,120,0.14803859762974744,0.09283634968896928,diagnostic_2,500,velocity_30s,,,,False,"[943,3519,15,0,0]","[0.004796296919074822,0.005458397777556831,0.0065106630325317385,null,null]",4477,1,0.12425942083005352,absolute_atm_iv_change
,,,,,60,300,0.14948697310479708,0.09449874737013958,diagnostic_2,500,velocity_30s,,,,False,"[943,3519,15,0,0]","[0.004796296919074822,0.005458397777556831,0.0065106630325317385,null,null]",4477,1,0.12425942083005352,absolute_atm_iv_change
,,,,,12,60,0.045075000766519,-0.03936716611513618,diagnostic_2,500,velocity_30s,,,,False,"[943,3519,15,0,0]","[0.00012138814378375419,0.0001264176738757453,0.00013557757524480367,null,null]",4477,1,0.0039856468575321215,realized_futures_volatility
,,,,,24,120,0.04779303950602865,-0.036144399762196786,diagnostic_2,500,velocity_30s,,,,False,"[943,3519,15,0,0]","[0.00012138814378375419,0.0001264176738757453,0.00013557757524480367,null,null]",4477,1,0.0039856468575321215,realized_futures_volatility
,,,,,60,300,0.049319705498481047,-0.03572737501465,diagnostic_2,500,velocity_30s,,,,False,"[943,3519,15,0,0]","[0.00012138814378375419,0.0001264176738757453,0.00013557757524480367,null,null]",4477,1,0.0039856468575321215,realized_futures_volatility
,,,,,12,60,0.07519605188275899,-0.0001158485169754054,diagnostic_2,500,velocity_30s,,,,False,"[943,3519,15,0,0]","[8.453316552009462e-05,9.347607243227057e-05,9.167989095052084e-05,null,null]",4477,1,0.03639099035530413,absolute_futures_return
,,,,,24,120,0.07781715804799066,0.0016324693152995,diagnostic_2,500,velocity_30s,,,,False,"[943,3519,15,0,0]","[8.453316552009462e-05,9.347607243227057e-05,9.167989095052084e-05,null,null]",4477,1,0.03639099035530413,absolute_futures_return
,,,,,60,300,0.07572436899584892,-0.0028572588481676616,diagnostic_2,500,velocity_30s,,,,False,"[943,3519,15,0,0]","[8.453316552009462e-05,9.347607243227057e-05,9.167989095052084e-05,null,null]",4477,1,0.03639099035530413,absolute_futures_return
,,,,,12,60,0.08453544434020159,0.030635292196430568,diagnostic_2,500,velocity_30s,,,,False,"[943,3519,15,0,0]","[-4.0317683563763244e-05,9.256543633764921e-06,0.00030023280220727125,null,null]",4477,1,0.0566305073267756,near_atm_spread_change
,,,,,24,120,0.08261300543961371,0.035052477257972316,diagnostic_2,500,velocity_30s,,,,False,"[943,3519,15,0,0]","[-4.0317683563763244e-05,9.256543633764921e-06,0.00030023280220727125,null,null]",4477,1,0.0566305073267756,near_atm_spread_change
,,,,,60,300,0.08041353131895183,0.032732128188817274,diagnostic_2,500,velocity_30s,,,,False,"[943,3519,15,0,0]","[-4.0317683563763244e-05,9.256543633764921e-06,0.00030023280220727125,null,null]",4477,1,0.0566305073267756,near_atm_spread_change
,,,,,12,60,0.10681694524469196,0.03400112646385949,diagnostic_2,500,velocity_30s,,,,False,"[943,3519,15,0,0]","[6.167901322356211e-05,7.519001391554597e-05,0.00012705692400534949,null,null]",4477,1,0.06681280932804882,absolute_atm_straddle_change
,,,,,24,120,0.10358862982080244,0.029737836638181116,diagnostic_2,500,velocity_30s,,,,False,"[943,3519,15,0,0]","[6.167901322356211e-05,7.519001391554597e-05,0.00012705692400534949,null,null]",4477,1,0.06681280932804882,absolute_atm_straddle_change
,,,,,60,300,0.11094557209469816,0.02363913639205656,diagnostic_2,500,velocity_30s,,,,False,"[943,3519,15,0,0]","[6.167901322356211e-05,7.519001391554597e-05,0.00012705692400534949,null,null]",4477,1,0.06681280932804882,absolute_atm_straddle_change
,,,,,12,60,0.046384444859594795,-0.01654149512235391,diagnostic_2,500,velocity_30s,,,,False,"[943,3519,15,0,0]","[-3.665275028884541e-07,2.0987124723388513e-07,-2.113305527018383e-07,null,null]",4477,1,0.015183974014919438,parity_restoration
,,,,,24,120,0.04704172418849632,-0.01722886630627731,diagnostic_2,500,velocity_30s,,,,False,"[943,3519,15,0,0]","[-3.665275028884541e-07,2.0987124723388513e-07,-2.113305527018383e-07,null,null]",4477,1,0.015183974014919438,parity_restoration
,,,,,60,300,0.044003468808702095,-0.0154681717444891,diagnostic_2,500,velocity_30s,,,,False,"[943,3519,15,0,0]","[-3.665275028884541e-07,2.0987124723388513e-07,-2.113305527018383e-07,null,null]",4477,1,0.015183974014919438,parity_restoration
,,,,,12,60,0.1438605190738534,0.08487030153419475,diagnostic_2,500,acceleration_30s,,,,False,"[753,3702,22,0,0]","[0.040051014101641066,0.044526774080790504,0.04745443980441491,null,null]",4477,1,0.11901041904986773,surface_displacement
,,,,,24,120,0.1485662101808505,0.08246271850354688,diagnostic_2,500,acceleration_30s,,,,False,"[753,3702,22,0,0]","[0.040051014101641066,0.044526774080790504,0.04745443980441491,null,null]",4477,1,0.11901041904986773,surface_displacement
,,,,,60,300,0.1482840042034384,0.07643116610017758,diagnostic_2,500,acceleration_30s,,,,False,"[753,3702,22,0,0]","[0.040051014101641066,0.044526774080790504,0.04745443980441491,null,null]",4477,1,0.11901041904986773,surface_displacement
,,,,,12,60,0.10682473692786003,0.05064527000553407,diagnostic_2,500,acceleration_30s,,,,False,"[753,3702,22,0,0]","[0.0047796431528144626,0.005424426485160954,0.0067441626028581095,null,null]",4477,1,0.08108755215731812,absolute_atm_iv_change
,,,,,24,120,0.10981607905252624,0.04923857118207588,diagnostic_2,500,acceleration_30s,,,,False,"[753,3702,22,0,0]","[0.0047796431528144626,0.005424426485160954,0.0067441626028581095,null,null]",4477,1,0.08108755215731812,absolute_atm_iv_change
,,,,,60,300,0.10687766786681432,0.04799638214226253,diagnostic_2,500,acceleration_30s,,,,False,"[753,3702,22,0,0]","[0.0047796431528144626,0.005424426485160954,0.0067441626028581095,null,null]",4477,1,0.08108755215731812,absolute_atm_iv_change
,,,,,12,60,0.03999273910057357,-0.044257441560984136,diagnostic_2,500,acceleration_30s,,,,False,"[753,3702,22,0,0]","[0.0001252339245181682,0.0001255177684843394,0.00010902515883158156,null,null]",4477,1,-0.0022549114723007216,realized_futures_volatility
,,,,,24,120,0.04184951257511736,-0.044344616167696804,diagnostic_2,500,acceleration_30s,,,,False,"[753,3702,22,0,0]","[0.0001252339245181682,0.0001255177684843394,0.00010902515883158156,null,null]",4477,1,-0.0022549114723007216,realized_futures_volatility
,,,,,60,300,0.04127857583715036,-0.036704114226565825,diagnostic_2,500,acceleration_30s,,,,False,"[753,3702,22,0,0]","[0.0001252339245181682,0.0001255177684843394,0.00010902515883158156,null,null]",4477,1,-0.0022549114723007216,realized_futures_volatility
,,,,,12,60,0.05666364732160388,-0.02417301734922211,diagnostic_2,500,acceleration_30s,,,,False,"[753,3702,22,0,0]","[9.371971545783014e-05,9.1140815079502e-05,9.354678067294034e-05,null,null]",4477,1,0.01429629803826649,absolute_futures_return
,,,,,24,120,0.05677997843798266,-0.02484765960975443,diagnostic_2,500,acceleration_30s,,,,False,"[753,3702,22,0,0]","[9.371971545783014e-05,9.1140815079502e-05,9.354678067294034e-05,null,null]",4477,1,0.01429629803826649,absolute_futures_return
,,,,,60,300,0.053859365132543295,-0.027921656182686702,diagnostic_2,500,acceleration_30s,,,,False,"[753,3702,22,0,0]","[9.371971545783014e-05,9.1140815079502e-05,9.354678067294034e-05,null,null]",4477,1,0.01429629803826649,absolute_futures_return
,,,,,12,60,0.05179170521217115,0.004474636030389431,diagnostic_2,500,acceleration_30s,,,,False,"[753,3702,22,0,0]","[-1.1381314158195984e-05,2.8965753064275004e-06,-0.0001406953974351795,null,null]",4477,1,0.028487548147832227,near_atm_spread_change
,,,,,24,120,0.04938513969908682,0.008135709418982583,diagnostic_2,500,acceleration_30s,,,,False,"[753,3702,22,0,0]","[-1.1381314158195984e-05,2.8965753064275004e-06,-0.0001406953974351795,null,null]",4477,1,0.028487548147832227,near_atm_spread_change
,,,,,60,300,0.05122354266213908,0.005614149328521433,diagnostic_2,500,acceleration_30s,,,,False,"[753,3702,22,0,0]","[-1.1381314158195984e-05,2.8965753064275004e-06,-0.0001406953974351795,null,null]",4477,1,0.028487548147832227,near_atm_spread_change
,,,,,12,60,0.0951700819603211,0.021857136627024515,diagnostic_2,500,acceleration_30s,,,,False,"[753,3702,22,0,0]","[6.444591553918869e-05,7.42278066838612e-05,6.107761609283361e-05,null,null]",4477,1,0.05390905229345978,absolute_atm_straddle_change
,,,,,24,120,0.08846875878049011,0.020297057439979387,diagnostic_2,500,acceleration_30s,,,,False,"[753,3702,22,0,0]","[6.444591553918869e-05,7.42278066838612e-05,6.107761609283361e-05,null,null]",4477,1,0.05390905229345978,absolute_atm_straddle_change
,,,,,60,300,0.09846880074442453,0.014708030254134773,diagnostic_2,500,acceleration_30s,,,,False,"[753,3702,22,0,0]","[6.444591553918869e-05,7.42278066838612e-05,6.107761609283361e-05,null,null]",4477,1,0.05390905229345978,absolute_atm_straddle_change
,,,,,12,60,0.05012870952868339,-0.014951471762635948,diagnostic_2,500,acceleration_30s,,,,False,"[753,3702,22,0,0]","[7.041137677337232e-08,1.3121621061572055e-07,-6.775029677638403e-06,null,null]",4477,1,0.01720812161971133,parity_restoration
,,,,,24,120,0.0468867123042142,-0.012771115992423487,diagnostic_2,500,acceleration_30s,,,,False,"[753,3702,22,0,0]","[7.041137677337232e-08,1.3121621061572055e-07,-6.775029677638403e-06,null,null]",4477,1,0.01720812161971133,parity_restoration
,,,,,60,300,0.04306384426761804,-0.009718005553652218,diagnostic_2,500,acceleration_30s,,,,False,"[753,3702,22,0,0]","[7.041137677337232e-08,1.3121621061572055e-07,-6.775029677638403e-06,null,null]",4477,1,0.01720812161971133,parity_restoration
,,,,,12,60,-0.03479254962508775,-0.08930751134377923,diagnostic_2,500,curvature_30s,,,,False,"[1408,530,530,584,1425]","[0.0463069731633887,0.041261431020114606,0.04272374783753896,0.04298565643462463,0.04296459128062513]",4477,1,-0.060544704572424446,surface_displacement
,,,,,24,120,-0.03323887499861474,-0.08755205910719584,diagnostic_2,500,curvature_30s,,,,False,"[1408,530,530,584,1425]","[0.0463069731633887,0.041261431020114606,0.04272374783753896,0.04298565643462463,0.04296459128062513]",4477,1,-0.060544704572424446,surface_displacement
,,,,,60,300,-0.029774625238092184,-0.0910015452044905,diagnostic_2,500,curvature_30s,,,,False,"[1408,530,530,584,1425]","[0.0463069731633887,0.041261431020114606,0.04272374783753896,0.04298565643462463,0.04296459128062513]",4477,1,-0.060544704572424446,surface_displacement
,,,,,12,60,-0.027807870103999422,-0.08511254509213306,diagnostic_2,500,curvature_30s,,,,False,"[1408,530,530,584,1425]","[0.005780625188807872,0.004923827904012968,0.005013627109100234,0.005289116147140118,0.005146564538018745]",4477,1,-0.05608270774230365,absolute_atm_iv_change
,,,,,24,120,-0.02799404996241199,-0.08449344843399524,diagnostic_2,500,curvature_30s,,,,False,"[1408,530,530,584,1425]","[0.005780625188807872,0.004923827904012968,0.005013627109100234,0.005289116147140118,0.005146564538018745]",4477,1,-0.05608270774230365,absolute_atm_iv_change
,,,,,60,300,-0.026949463010980713,-0.08669173950343365,diagnostic_2,500,curvature_30s,,,,False,"[1408,530,530,584,1425]","[0.005780625188807872,0.004923827904012968,0.005013627109100234,0.005289116147140118,0.005146564538018745]",4477,1,-0.05608270774230365,absolute_atm_iv_change
,,,,,12,60,0.011801946630878742,-0.04519441181580836,diagnostic_2,500,curvature_30s,,,,False,"[1408,530,530,584,1425]","[0.0001244112305828776,0.00012828218877903815,0.0001318189939836921,0.00012670606451631344,0.000122347716760024]",4477,1,-0.01727039069705877,realized_futures_volatility
,,,,,24,120,0.012647626744691472,-0.04571014465706462,diagnostic_2,500,curvature_30s,,,,False,"[1408,530,530,584,1425]","[0.0001244112305828776,0.00012828218877903815,0.0001318189939836921,0.00012670606451631344,0.000122347716760024]",4477,1,-0.01727039069705877,realized_futures_volatility
,,,,,60,300,0.01283516729891965,-0.05152353378647922,diagnostic_2,500,curvature_30s,,,,False,"[1408,530,530,584,1425]","[0.0001244112305828776,0.00012828218877903815,0.0001318189939836921,0.00012670606451631344,0.000122347716760024]",4477,1,-0.01727039069705877,realized_futures_volatility
,,,,,12,60,0.014015811470914507,-0.042414600488772075,diagnostic_2,500,curvature_30s,,,,False,"[1408,530,530,584,1425]","[9.321285919709639e-05,9.013661798441185e-05,9.530265376252948e-05,9.669996287724743e-05,8.704068367941338e-05]",4477,1,-0.013716733638289397,absolute_futures_return
,,,,,24,120,0.011212625445213724,-0.04277715939546115,diagnostic_2,500,curvature_30s,,,,False,"[1408,530,530,584,1425]","[9.321285919709639e-05,9.013661798441185e-05,9.530265376252948e-05,9.669996287724743e-05,8.704068367941338e-05]",4477,1,-0.013716733638289397,absolute_futures_return
,,,,,60,300,0.015402356760562768,-0.042376248527463085,diagnostic_2,500,curvature_30s,,,,False,"[1408,530,530,584,1425]","[9.321285919709639e-05,9.013661798441185e-05,9.530265376252948e-05,9.669996287724743e-05,8.704068367941338e-05]",4477,1,-0.013716733638289397,absolute_futures_return
,,,,,12,60,-0.016797896803521655,-0.07401585424951769,diagnostic_2,500,curvature_30s,,,,False,"[1408,530,530,584,1425]","[4.533909666613247e-05,-4.4676470971130324e-05,2.014565746682116e-05,-6.411446171512904e-06,-3.37081676524688e-05]",4477,1,-0.04314357077126004,near_atm_spread_change
,,,,,24,120,-0.015153673960461057,-0.07307083347200519,diagnostic_2,500,curvature_30s,,,,False,"[1408,530,530,584,1425]","[4.533909666613247e-05,-4.4676470971130324e-05,2.014565746682116e-05,-6.411446171512904e-06,-3.37081676524688e-05]",4477,1,-0.04314357077126004,near_atm_spread_change
,,,,,60,300,-0.015189659555340292,-0.07011022555758548,diagnostic_2,500,curvature_30s,,,,False,"[1408,530,530,584,1425]","[4.533909666613247e-05,-4.4676470971130324e-05,2.014565746682116e-05,-6.411446171512904e-06,-3.37081676524688e-05]",4477,1,-0.04314357077126004,near_atm_spread_change
,,,,,12,60,0.030430206281242166,-0.026620228484417904,diagnostic_2,500,curvature_30s,,,,False,"[1408,530,530,584,1425]","[7.713445202997801e-05,7.729711854514086e-05,7.973943819414895e-05,6.739955797332199e-05,6.559073467526519e-05]",4477,1,0.00017268704124915926,absolute_atm_straddle_change
,,,,,24,120,0.03236684270761504,-0.02834524242370913,diagnostic_2,500,curvature_30s,,,,False,"[1408,530,530,584,1425]","[7.713445202997801e-05,7.729711854514086e-05,7.973943819414895e-05,6.739955797332199e-05,6.559073467526519e-05]",4477,1,0.00017268704124915926,absolute_atm_straddle_change
,,,,,60,300,0.027274271929564723,-0.022804877813025433,diagnostic_2,500,curvature_30s,,,,False,"[1408,530,530,584,1425]","[7.713445202997801e-05,7.729711854514086e-05,7.973943819414895e-05,6.739955797332199e-05,6.559073467526519e-05]",4477,1,0.00017268704124915926,absolute_atm_straddle_change
,,,,,12,60,0.02772430232615797,-0.03107719194694391,diagnostic_2,500,curvature_30s,,,,False,"[1408,530,530,584,1425]","[-8.345914569541822e-08,8.567860054169597e-07,1.5950975157809224e-06,-9.297167262297055e-07,-1.7494855822868677e-07]",4477,1,-0.0003197279323897203,parity_restoration
,,,,,24,120,0.024908545454679857,-0.030467013784482272,diagnostic_2,500,curvature_30s,,,,False,"[1408,530,530,584,1425]","[-8.345914569541822e-08,8.567860054169597e-07,1.5950975157809224e-06,-9.297167262297055e-07,-1.7494855822868677e-07]",4477,1,-0.0003197279323897203,parity_restoration
,,,,,60,300,0.023347618268001795,-0.03309158310943362,diagnostic_2,500,curvature_30s,,,,False,"[1408,530,530,584,1425]","[-8.345914569541822e-08,8.567860054169597e-07,1.5950975157809224e-06,-9.297167262297055e-07,-1.7494855822868677e-07]",4477,1,-0.0003197279323897203,parity_restoration
-0.22068096499027767,-0.1273774527416196,-0.22532686955032655,-0.21667644691301047,-0.2206168077093067,,,,,diagnostic_2,,acceleration_increment_30s,-0.00865042263731608,"{""60s"":{""mean_mae_reduction"":-0.0001663535928606908,""ci_low"":-0.00018317988385951813,""ci_high"":-0.0001486173594288927,""positive_probability"":0.0,""block_rows"":12,""draws"":500},""120s"":{""mean_mae_reduction"":-0.0001663535928606908,""ci_low"":-0.00018403894639430673,""ci_high"":-0.00014796822407800502,""positive_probability"":0.0,""block_rows"":24,""draws"":500},""300s"":{""mean_mae_reduction"":-0.0001663535928606908,""ci_low"":-0.00018693962333438016,""ci_high"":-0.00014850105330020734,""positive_probability"":0.0,""block_rows"":60,""draws"":500}}","{""base_to_candidate"":{""60s"":{""mean_mae_reduction"":-9.05777373777864e-05,""ci_low"":-0.00012222162238720964,""ci_high"":-5.4552138370613425e-05,""positive_probability"":0.0,""block_rows"":12,""draws"":500},""120s"":{""mean_mae_reduction"":-9.05777373777864e-05,""ci_low"":-0.00012732074079640872,""ci_high"":-5.8566033740218405e-05,""positive_probability"":0.0,""block_rows"":24,""draws"":500},""300s"":{""mean_mae_reduction"":-9.05777373777864e-05,""ci_low"":-0.0001281015860705157,""ci_high"":-5.1600883700922816e-05,""positive_probability"":0.0,""block_rows"":60,""draws"":500}},""base_pca_to_candidate"":{""60s"":{""mean_mae_reduction"":-7.92136702653753e-05,""ci_low"":-0.0001098953507332425,""ci_high"":-4.365963541634488e-05,""positive_probability"":0.0,""block_rows"":12,""draws"":500},""120s"":{""mean_mae_reduction"":-7.92136702653753e-05,""ci_low"":-0.00011207209795498103,""ci_high"":-4.326478990038531e-05,""positive_probability"":0.0,""block_rows"":24,""draws"":500},""300s"":{""mean_mae_reduction"":-7.92136702653753e-05,""ci_low"":-0.00011467771828207083,""ci_high"":-4.30664963196916e-05,""positive_probability"":0.0,""block_rows"":60,""draws"":500}}}",,,,,1,,surface_displacement
-0.2139115842847643,-0.12849453131360788,-0.20583319357268204,-0.21667644691301047,-0.2206168077093067,,,,,diagnostic_2,,curvature_increment_30s,0.01084325334032843,"{""60s"":{""mean_mae_reduction"":0.00020852323950983832,""ci_low"":0.0001870561024659944,""ci_high"":0.00023393353242912333,""positive_probability"":1.0,""block_rows"":12,""draws"":500},""120s"":{""mean_mae_reduction"":0.00020852323950983832,""ci_low"":0.0001833986677320184,""ci_high"":0.00023258094197079572,""positive_probability"":1.0,""block_rows"":24,""draws"":500},""300s"":{""mean_mae_reduction"":0.00020852323950983832,""ci_low"":0.00018281527037521803,""ci_high"":0.00023765991476116556,""positive_probability"":1.0,""block_rows"":60,""draws"":500}}","{""base_to_candidate"":{""60s"":{""mean_mae_reduction"":0.0002842990949927427,""ci_low"":0.00024608483523973305,""ci_high"":0.0003224746456053411,""positive_probability"":1.0,""block_rows"":12,""draws"":500},""120s"":{""mean_mae_reduction"":0.0002842990949927427,""ci_low"":0.0002419999941427223,""ci_high"":0.0003268455066088728,""positive_probability"":1.0,""block_rows"":24,""draws"":500},""300s"":{""mean_mae_reduction"":0.0002842990949927427,""ci_low"":0.0002266079825778165,""ci_high"":0.0003395014669055054,""positive_probability"":1.0,""block_rows"":60,""draws"":500}},""base_pca_to_candidate"":{""60s"":{""mean_mae_reduction"":0.00010756527294582176,""ci_low"":7.412512570679016e-05,""ci_high"":0.0001396490212240565,""positive_probability"":1.0,""block_rows"":12,""draws"":500},""120s"":{""mean_mae_reduction"":0.00010756527294582176,""ci_low"":6.4509854609013e-05,""ci_high"":0.00015059780068997638,""positive_probability"":1.0,""block_rows"":24,""draws"":500},""300s"":{""mean_mae_reduction"":0.00010756527294582176,""ci_low"":5.949502193003296e-05,""ci_high"":0.0001577700449186205,""positive_probability"":1.0,""block_rows"":60,""draws"":500}}}",,,,,1,,surface_displacement
0.18952963519578636,0.16542893450672214,0.18941896222398635,0.18953774849705507,0.1894451971199771,,,,,diagnostic_2,,acceleration_increment_30s,-0.00011878627306871614,"{""60s"":{""mean_mae_reduction"":-6.073910208748584e-07,""ci_low"":-6.980784916262172e-07,""ci_high"":-5.111787361051064e-07,""positive_probability"":0.0,""block_rows"":12,""draws"":500},""120s"":{""mean_mae_reduction"":-6.073910208748584e-07,""ci_low"":-7.091833465377865e-07,""ci_high"":-5.01173945813779e-07,""positive_probability"":0.0,""block_rows"":24,""draws"":500},""300s"":{""mean_mae_reduction"":-6.073910208748584e-07,""ci_low"":-7.308037261436572e-07,""ci_high"":-4.956107585889994e-07,""positive_probability"":0.0,""block_rows"":60,""draws"":500}}","{""base_to_candidate"":{""60s"":{""mean_mae_reduction"":-1.341471522472093e-07,""ci_low"":-4.2395849764425294e-07,""ci_high"":1.872171301663877e-07,""positive_probability"":0.23,""block_rows"":12,""draws"":500},""120s"":{""mean_mae_reduction"":-1.341471522472093e-07,""ci_low"":-5.100945255234664e-07,""ci_high"":2.0602206537071065e-07,""positive_probability"":0.24,""block_rows"":24,""draws"":500},""300s"":{""mean_mae_reduction"":-1.341471522472093e-07,""ci_low"":-5.797297211373569e-07,""ci_high"":3.028696980183455e-07,""positive_probability"":0.284,""block_rows"":60,""draws"":500}},""base_pca_to_candidate"":{""60s"":{""mean_mae_reduction"":6.421522608691446e-07,""ci_low"":3.320335190979707e-07,""ci_high"":9.824504442814023e-07,""positive_probability"":0.998,""block_rows"":12,""draws"":500},""120s"":{""mean_mae_reduction"":6.421522608691446e-07,""ci_low"":2.7138433097746556e-07,""ci_high"":1.0193419581538234e-06,""positive_probability"":1.0,""block_rows"":24,""draws"":500},""300s"":{""mean_mae_reduction"":6.421522608691446e-07,""ci_low"":1.434445187779718e-07,""ci_high"":1.1510388078580363e-06,""positive_probability"":0.998,""block_rows"":60,""draws"":500}}}",,,,,1,,absolute_atm_iv_change
0.19081981370283452,0.16509598908252676,0.1911988550584196,0.18953774849705507,0.1894451971199771,,,,,diagnostic_2,,curvature_increment_30s,0.0016611065613645337,"{""60s"":{""mean_mae_reduction"":8.493752552582169e-06,""ci_low"":7.859552235899384e-06,""ci_high"":9.138646339459538e-06,""positive_probability"":1.0,""block_rows"":12,""draws"":500},""120s"":{""mean_mae_reduction"":8.493752552582169e-06,""ci_low"":7.868397183689631e-06,""ci_high"":9.146278492447179e-06,""positive_probability"":1.0,""block_rows"":24,""draws"":500},""300s"":{""mean_mae_reduction"":8.493752552582169e-06,""ci_low"":7.782763930007427e-06,""ci_high"":9.417126151446948e-06,""positive_probability"":1.0,""block_rows"":60,""draws"":500}}","{""base_to_candidate"":{""60s"":{""mean_mae_reduction"":8.96699642120982e-06,""ci_low"":8.205690763784782e-06,""ci_high"":9.673624793308906e-06,""positive_probability"":1.0,""block_rows"":12,""draws"":500},""120s"":{""mean_mae_reduction"":8.96699642120982e-06,""ci_low"":8.141272248143968e-06,""ci_high"":9.82892272152482e-06,""positive_probability"":1.0,""block_rows"":24,""draws"":500},""300s"":{""mean_mae_reduction"":8.96699642120982e-06,""ci_low"":7.914688563698601e-06,""ci_high"":9.997867737066527e-06,""positive_probability"":1.0,""block_rows"":60,""draws"":500}},""base_pca_to_candidate"":{""60s"":{""mean_mae_reduction"":1.4635913580863534e-06,""ci_low"":7.356826722028871e-07,""ci_high"":2.2671837634063236e-06,""positive_probability"":1.0,""block_rows"":12,""draws"":500},""120s"":{""mean_mae_reduction"":1.4635913580863534e-06,""ci_low"":5.672989172590937e-07,""ci_high"":2.3447379609099546e-06,""positive_probability"":1.0,""block_rows"":24,""draws"":500},""300s"":{""mean_mae_reduction"":1.4635913580863534e-06,""ci_low"":2.7265616161504333e-07,""ci_high"":2.584036545277749e-06,""positive_probability"":0.992,""block_rows"":60,""draws"":500}}}",,,,,1,,absolute_atm_iv_change
,,,,,12,60,0.22186152092085967,0.1394567227967754,diagnostic_1,500,velocity_60s,,,,False,"[786,1556,0,0,0]","[0.04005564983569753,0.04564769901396245,null,null,null]",2342,1,0.18157376433771905,surface_displacement
,,,,,24,120,0.22687344571269338,0.14204464583745868,diagnostic_1,500,velocity_60s,,,,False,"[786,1556,0,0,0]","[0.04005564983569753,0.04564769901396245,null,null,null]",2342,1,0.18157376433771905,surface_displacement
,,,,,60,300,0.230375500567803,0.1311084395895199,diagnostic_1,500,velocity_60s,,,,False,"[786,1556,0,0,0]","[0.04005564983569753,0.04564769901396245,null,null,null]",2342,1,0.18157376433771905,surface_displacement
,,,,,12,60,0.1713983351062356,0.08884729488859043,diagnostic_1,500,velocity_60s,,,,False,"[786,1556,0,0,0]","[0.004111245843290373,0.004772792836043093,null,null,null]",2342,1,0.12881754301797213,absolute_atm_iv_change
,,,,,24,120,0.17852940593556535,0.0909077922139487,diagnostic_1,500,velocity_60s,,,,False,"[786,1556,0,0,0]","[0.004111245843290373,0.004772792836043093,null,null,null]",2342,1,0.12881754301797213,absolute_atm_iv_change
,,,,,60,300,0.18086835634033618,0.08845382821516362,diagnostic_1,500,velocity_60s,,,,False,"[786,1556,0,0,0]","[0.004111245843290373,0.004772792836043093,null,null,null]",2342,1,0.12881754301797213,absolute_atm_iv_change
,,,,,12,60,0.11648785012931888,-0.023047818993074093,diagnostic_1,500,velocity_60s,,,,False,"[786,1556,0,0,0]","[0.00010904738301132754,0.00011656296551528173,null,null,null]",2342,1,0.040557522694313536,realized_futures_volatility
,,,,,24,120,0.1273723210200354,-0.03354555969250429,diagnostic_1,500,velocity_60s,,,,False,"[786,1556,0,0,0]","[0.00010904738301132754,0.00011656296551528173,null,null,null]",2342,1,0.040557522694313536,realized_futures_volatility
,,,,,60,300,0.12776836994113341,-0.027067078731464998,diagnostic_1,500,velocity_60s,,,,False,"[786,1556,0,0,0]","[0.00010904738301132754,0.00011656296551528173,null,null,null]",2342,1,0.040557522694313536,realized_futures_volatility
,,,,,12,60,0.1282658008955336,0.011561640161843157,diagnostic_1,500,velocity_60s,,,,False,"[786,1556,0,0,0]","[7.786277596277135e-05,9.091470419287987e-05,null,null,null]",2342,1,0.06678174264106389,absolute_futures_return
,,,,,24,120,0.12895384930121553,0.009770927164515858,diagnostic_1,500,velocity_60s,,,,False,"[786,1556,0,0,0]","[7.786277596277135e-05,9.091470419287987e-05,null,null,null]",2342,1,0.06678174264106389,absolute_futures_return
,,,,,60,300,0.14538500208993188,0.021056361948095476,diagnostic_1,500,velocity_60s,,,,False,"[786,1556,0,0,0]","[7.786277596277135e-05,9.091470419287987e-05,null,null,null]",2342,1,0.06678174264106389,absolute_futures_return
,,,,,12,60,0.12223703097958116,0.04415453420812292,diagnostic_1,500,velocity_60s,,,,False,"[786,1556,0,0,0]","[-6.021578996454107e-05,2.7717558478449944e-05,null,null,null]",2342,1,0.08257629740659647,near_atm_spread_change
,,,,,24,120,0.1119935653397012,0.051211681593614396,diagnostic_1,500,velocity_60s,,,,False,"[786,1556,0,0,0]","[-6.021578996454107e-05,2.7717558478449944e-05,null,null,null]",2342,1,0.08257629740659647,near_atm_spread_change
,,,,,60,300,0.1094019714949755,0.0489409780274444,diagnostic_1,500,velocity_60s,,,,False,"[786,1556,0,0,0]","[-6.021578996454107e-05,2.7717558478449944e-05,null,null,null]",2342,1,0.08257629740659647,near_atm_spread_change
,,,,,12,60,0.04421232045713209,-0.06493626075008965,diagnostic_1,500,velocity_60s,,,,False,"[786,1556,0,0,0]","[4.333181012867365e-05,4.775159163903302e-05,null,null,null]",2342,1,-0.013252912082239807,absolute_atm_straddle_change
,,,,,24,120,0.05469270643259245,-0.07430338237979506,diagnostic_1,500,velocity_60s,,,,False,"[786,1556,0,0,0]","[4.333181012867365e-05,4.775159163903302e-05,null,null,null]",2342,1,-0.013252912082239807,absolute_atm_straddle_change
,,,,,60,300,0.05911037860946785,-0.07112754056095907,diagnostic_1,500,velocity_60s,,,,False,"[786,1556,0,0,0]","[4.333181012867365e-05,4.775159163903302e-05,null,null,null]",2342,1,-0.013252912082239807,absolute_atm_straddle_change
,,,,,12,60,0.06684953726513082,-0.03996083896113545,diagnostic_1,500,velocity_60s,,,,False,"[786,1556,0,0,0]","[4.59730747751548e-07,3.118986714419437e-07,null,null,null]",2342,1,0.013752613541860055,parity_restoration
,,,,,24,120,0.06532445691395056,-0.029051311480240052,diagnostic_1,500,velocity_60s,,,,False,"[786,1556,0,0,0]","[4.59730747751548e-07,3.118986714419437e-07,null,null,null]",2342,1,0.013752613541860055,parity_restoration
,,,,,60,300,0.05636511554329795,-0.020749168756440693,diagnostic_1,500,velocity_60s,,,,False,"[786,1556,0,0,0]","[4.59730747751548e-07,3.118986714419437e-07,null,null,null]",2342,1,0.013752613541860055,parity_restoration
,,,,,12,60,0.18441961208362445,0.10739626259406183,diagnostic_1,500,acceleration_60s,,,,False,"[731,1611,0,0,0]","[0.039888160528075124,0.04553278404131651,null,null,null]",2342,1,0.1470294909331565,surface_displacement
,,,,,24,120,0.18560222794175174,0.10472563532281576,diagnostic_1,500,acceleration_60s,,,,False,"[731,1611,0,0,0]","[0.039888160528075124,0.04553278404131651,null,null,null]",2342,1,0.1470294909331565,surface_displacement
,,,,,60,300,0.1933433101139253,0.09499771476592242,diagnostic_1,500,acceleration_60s,,,,False,"[731,1611,0,0,0]","[0.039888160528075124,0.04553278404131651,null,null,null]",2342,1,0.1470294909331565,surface_displacement
,,,,,12,60,0.15226898266326272,0.07258232798330551,diagnostic_1,500,acceleration_60s,,,,False,"[731,1611,0,0,0]","[0.004033896791788198,0.004785304985047867,null,null,null]",2342,1,0.1111856375120834,absolute_atm_iv_change
,,,,,24,120,0.15787343558749697,0.07277989116485718,diagnostic_1,500,acceleration_60s,,,,False,"[731,1611,0,0,0]","[0.004033896791788198,0.004785304985047867,null,null,null]",2342,1,0.1111856375120834,absolute_atm_iv_change
,,,,,60,300,0.15382187470040076,0.072222354269398,diagnostic_1,500,acceleration_60s,,,,False,"[731,1611,0,0,0]","[0.004033896791788198,0.004785304985047867,null,null,null]",2342,1,0.1111856375120834,absolute_atm_iv_change
,,,,,12,60,0.11585997727361054,-0.023414956313481713,diagnostic_1,500,acceleration_60s,,,,False,"[731,1611,0,0,0]","[0.00010908394447318671,0.00011628979142072152,null,null,null]",2342,1,0.039395295638150946,realized_futures_volatility
,,,,,24,120,0.12481762221951614,-0.03500902620411358,diagnostic_1,500,acceleration_60s,,,,False,"[731,1611,0,0,0]","[0.00010908394447318671,0.00011628979142072152,null,null,null]",2342,1,0.039395295638150946,realized_futures_volatility
,,,,,60,300,0.13712529946161733,-0.035036993295366206,diagnostic_1,500,acceleration_60s,,,,False,"[731,1611,0,0,0]","[0.00010908394447318671,0.00011628979142072152,null,null,null]",2342,1,0.039395295638150946,realized_futures_volatility
,,,,,12,60,0.1386177156083465,0.02501043527882936,diagnostic_1,500,acceleration_60s,,,,False,"[731,1611,0,0,0]","[7.949677766103261e-05,8.972767049077873e-05,null,null,null]",2342,1,0.0762502297215196,absolute_futures_return
,,,,,24,120,0.14504598783368727,0.02276356573064307,diagnostic_1,500,acceleration_60s,,,,False,"[731,1611,0,0,0]","[7.949677766103261e-05,8.972767049077873e-05,null,null,null]",2342,1,0.0762502297215196,absolute_futures_return
,,,,,60,300,0.15601721433127425,0.02770244984979371,diagnostic_1,500,acceleration_60s,,,,False,"[731,1611,0,0,0]","[7.949677766103261e-05,8.972767049077873e-05,null,null,null]",2342,1,0.0762502297215196,absolute_futures_return
,,,,,12,60,0.08038368084441538,0.0011843561358192642,diagnostic_1,500,acceleration_60s,,,,False,"[731,1611,0,0,0]","[-2.201294648924794e-05,7.3807411322030245e-06,null,null,null]",2342,1,0.038952680776436314,near_atm_spread_change
,,,,,24,120,0.06805909653222789,0.0053907688342681205,diagnostic_1,500,acceleration_60s,,,,False,"[731,1611,0,0,0]","[-2.201294648924794e-05,7.3807411322030245e-06,null,null,null]",2342,1,0.038952680776436314,near_atm_spread_change
,,,,,60,300,0.0703495057604979,0.0014772334166745643,diagnostic_1,500,acceleration_60s,,,,False,"[731,1611,0,0,0]","[-2.201294648924794e-05,7.3807411322030245e-06,null,null,null]",2342,1,0.038952680776436314,near_atm_spread_change
,,,,,12,60,0.03044201439201928,-0.08179096136073451,diagnostic_1,500,acceleration_60s,,,,False,"[731,1611,0,0,0]","[4.4785037371756764e-05,4.69412892816379e-05,null,null,null]",2342,1,-0.027955201726127955,absolute_atm_straddle_change
,,,,,24,120,0.03345249842419582,-0.08583779519072417,diagnostic_1,500,acceleration_60s,,,,False,"[731,1611,0,0,0]","[4.4785037371756764e-05,4.69412892816379e-05,null,null,null]",2342,1,-0.027955201726127955,absolute_atm_straddle_change
,,,,,60,300,0.042326701148722896,-0.0830746270869103,diagnostic_1,500,acceleration_60s,,,,False,"[731,1611,0,0,0]","[4.4785037371756764e-05,4.69412892816379e-05,null,null,null]",2342,1,-0.027955201726127955,absolute_atm_straddle_change
,,,,,12,60,0.044421437691722805,-0.0517260145034049,diagnostic_1,500,acceleration_60s,,,,False,"[731,1611,0,0,0]","[4.398630794198074e-07,3.259607631536325e-07,null,null,null]",2342,1,-0.0029376259106651133,parity_restoration
,,,,,24,120,0.045812715542585876,-0.045333719819827964,diagnostic_1,500,acceleration_60s,,,,False,"[731,1611,0,0,0]","[4.398630794198074e-07,3.259607631536325e-07,null,null,null]",2342,1,-0.0029376259106651133,parity_restoration
,,,,,60,300,0.04622913377157987,-0.04607568272818903,diagnostic_1,500,acceleration_60s,,,,False,"[731,1611,0,0,0]","[4.398630794198074e-07,3.259607631536325e-07,null,null,null]",2342,1,-0.0029376259106651133,parity_restoration
,,,,,12,60,-0.01951609431943362,-0.09030952362579948,diagnostic_1,500,curvature_60s,,,,True,"[685,305,324,327,701]","[0.04569686954287199,0.044545683334337456,0.04329278682433204,0.04284935840809631,0.04220280777776393]",2342,1,-0.056273955626466005,surface_displacement
,,,,,24,120,-0.024335668281543855,-0.09378431177353445,diagnostic_1,500,curvature_60s,,,,True,"[685,305,324,327,701]","[0.04569686954287199,0.044545683334337456,0.04329278682433204,0.04284935840809631,0.04220280777776393]",2342,1,-0.056273955626466005,surface_displacement
,,,,,60,300,-0.027003983470234708,-0.09318525129471782,diagnostic_1,500,curvature_60s,,,,True,"[685,305,324,327,701]","[0.04569686954287199,0.044545683334337456,0.04329278682433204,0.04284935840809631,0.04220280777776393]",2342,1,-0.056273955626466005,surface_displacement
,,,,,12,60,-0.01740200706209957,-0.08774916255865045,diagnostic_1,500,curvature_60s,,,,False,"[685,305,324,327,701]","[0.00482926032621495,0.004781947101725906,0.004332437329454187,0.004627409012310366,0.004243217196087014]",2342,1,-0.05345650832065178,absolute_atm_iv_change
,,,,,24,120,-0.0199838322980529,-0.08933520282360442,diagnostic_1,500,curvature_60s,,,,False,"[685,305,324,327,701]","[0.00482926032621495,0.004781947101725906,0.004332437329454187,0.004627409012310366,0.004243217196087014]",2342,1,-0.05345650832065178,absolute_atm_iv_change
,,,,,60,300,-0.021396462989506117,-0.09645346663436208,diagnostic_1,500,curvature_60s,,,,False,"[685,305,324,327,701]","[0.00482926032621495,0.004781947101725906,0.004332437329454187,0.004627409012310366,0.004243217196087014]",2342,1,-0.05345650832065178,absolute_atm_iv_change
,,,,,12,60,0.06587427431439566,-0.030665110990546418,diagnostic_1,500,curvature_60s,,,,False,"[685,305,324,327,701]","[0.0001107734214052705,0.00011774005262198508,0.00010897784950229591,0.00011086812114375107,0.00011944366451300373]",2342,1,0.01187713849165762,realized_futures_volatility
,,,,,24,120,0.05737738508488885,-0.0348974670919317,diagnostic_1,500,curvature_60s,,,,False,"[685,305,324,327,701]","[0.0001107734214052705,0.00011774005262198508,0.00010897784950229591,0.00011086812114375107,0.00011944366451300373]",2342,1,0.01187713849165762,realized_futures_volatility
,,,,,60,300,0.05644667620661801,-0.02913428985140252,diagnostic_1,500,curvature_60s,,,,False,"[685,305,324,327,701]","[0.0001107734214052705,0.00011774005262198508,0.00010897784950229591,0.00011086812114375107,0.00011944366451300373]",2342,1,0.01187713849165762,realized_futures_volatility
,,,,,12,60,0.04096662676433702,-0.04648937044429734,diagnostic_1,500,curvature_60s,,,,False,"[685,305,324,327,701]","[8.710318238195712e-05,8.438297959624744e-05,8.498886485158661e-05,8.809384220601586e-05,8.690136135389734e-05]",2342,1,-0.005034449195304561,absolute_futures_return
,,,,,24,120,0.04559214576332317,-0.04754550807635199,diagnostic_1,500,curvature_60s,,,,False,"[685,305,324,327,701]","[8.710318238195712e-05,8.438297959624744e-05,8.498886485158661e-05,8.809384220601586e-05,8.690136135389734e-05]",2342,1,-0.005034449195304561,absolute_futures_return
,,,,,60,300,0.04331825154833492,-0.039612226235558406,diagnostic_1,500,curvature_60s,,,,False,"[685,305,324,327,701]","[8.710318238195712e-05,8.438297959624744e-05,8.498886485158661e-05,8.809384220601586e-05,8.690136135389734e-05]",2342,1,-0.005034449195304561,absolute_futures_return
,,,,,12,60,0.001108942077527253,-0.0737104557067167,diagnostic_1,500,curvature_60s,,,,False,"[685,305,324,327,701]","[2.9725751675577004e-05,1.975997569627266e-05,-1.3196296263399913e-05,-7.243208061698653e-06,-3.4159619656601356e-05]",2342,1,-0.037938881333519886,near_atm_spread_change
,,,,,24,120,0.003006703731223484,-0.07436906204062897,diagnostic_1,500,curvature_60s,,,,False,"[685,305,324,327,701]","[2.9725751675577004e-05,1.975997569627266e-05,-1.3196296263399913e-05,-7.243208061698653e-06,-3.4159619656601356e-05]",2342,1,-0.037938881333519886,near_atm_spread_change
,,,,,60,300,-0.002226824932151415,-0.07546949948644939,diagnostic_1,500,curvature_60s,,,,False,"[685,305,324,327,701]","[2.9725751675577004e-05,1.975997569627266e-05,-1.3196296263399913e-05,-7.243208061698653e-06,-3.4159619656601356e-05]",2342,1,-0.037938881333519886,near_atm_spread_change
,,,,,12,60,0.039120367562473175,-0.04864237784347249,diagnostic_1,500,curvature_60s,,,,False,"[685,305,324,327,701]","[4.637784385768166e-05,4.440249539301044e-05,5.35293028080537e-05,4.587737723774866e-05,4.379928494656137e-05]",2342,1,-0.008762547198224573,absolute_atm_straddle_change
,,,,,24,120,0.03780849858020425,-0.05006351557668082,diagnostic_1,500,curvature_60s,,,,False,"[685,305,324,327,701]","[4.637784385768166e-05,4.440249539301044e-05,5.35293028080537e-05,4.587737723774866e-05,4.379928494656137e-05]",2342,1,-0.008762547198224573,absolute_atm_straddle_change
,,,,,60,300,0.0491813424936744,-0.0480392033332873,diagnostic_1,500,curvature_60s,,,,False,"[685,305,324,327,701]","[4.637784385768166e-05,4.440249539301044e-05,5.35293028080537e-05,4.587737723774866e-05,4.379928494656137e-05]",2342,1,-0.008762547198224573,absolute_atm_straddle_change
,,,,,12,60,0.04038124775604457,-0.04809917037938887,diagnostic_1,500,curvature_60s,,,,False,"[685,305,324,327,701]","[-1.6425503258522e-07,1.1501481926419819e-07,-1.6337135430485767e-08,1.7104792984135573e-06,5.279092428529536e-07]",2342,1,-0.008903195929706597,parity_restoration
,,,,,24,120,0.03551036034973945,-0.05806532342323599,diagnostic_1,500,curvature_60s,,,,False,"[685,305,324,327,701]","[-1.6425503258522e-07,1.1501481926419819e-07,-1.6337135430485767e-08,1.7104792984135573e-06,5.279092428529536e-07]",2342,1,-0.008903195929706597,parity_restoration
,,,,,60,300,0.032875759856658894,-0.051705618493288336,diagnostic_1,500,curvature_60s,,,,False,"[685,305,324,327,701]","[-1.6425503258522e-07,1.1501481926419819e-07,-1.6337135430485767e-08,1.7104792984135573e-06,5.279092428529536e-07]",2342,1,-0.008903195929706597,parity_restoration
-0.08200863332194874,-0.004122816543910668,-0.08972280302584701,-0.08799453125828682,-0.08200533791537845,,,,,diagnostic_1,,acceleration_increment_60s,-0.0017282717675601855,"{""60s"":{""mean_mae_reduction"":-3.3139130665774095e-05,""ci_low"":-6.010967049287663e-05,""ci_high"":-3.502756121206705e-06,""positive_probability"":0.014,""block_rows"":12,""draws"":500},""120s"":{""mean_mae_reduction"":-3.3139130665774095e-05,""ci_low"":-6.336553696127442e-05,""ci_high"":4.096853503296223e-06,""positive_probability"":0.038,""block_rows"":24,""draws"":500},""300s"":{""mean_mae_reduction"":-3.3139130665774095e-05,""ci_low"":-7.894841361363765e-05,""ci_high"":7.216411474383272e-06,""positive_probability"":0.068,""block_rows"":60,""draws"":500}}","{""base_to_candidate"":{""60s"":{""mean_mae_reduction"":-0.0001479802479591464,""ci_low"":-0.00017766485002912737,""ci_high"":-0.00011954527878101469,""positive_probability"":0.0,""block_rows"":12,""draws"":500},""120s"":{""mean_mae_reduction"":-0.0001479802479591464,""ci_low"":-0.00018271278032542618,""ci_high"":-0.00010958954810859379,""positive_probability"":0.0,""block_rows"":24,""draws"":500},""300s"":{""mean_mae_reduction"":-0.0001479802479591464,""ci_low"":-0.00019786179190139715,""ci_high"":-9.862398825120528e-05,""positive_probability"":0.0,""block_rows"":60,""draws"":500}},""base_pca_to_candidate"":{""60s"":{""mean_mae_reduction"":-0.0004590420059732242,""ci_low"":-0.0005079174157755442,""ci_high"":-0.00041268597359702715,""positive_probability"":0.0,""block_rows"":12,""draws"":500},""120s"":{""mean_mae_reduction"":-0.0004590420059732242,""ci_low"":-0.0005103338566550621,""ci_high"":-0.00040435311083389847,""positive_probability"":0.0,""block_rows"":24,""draws"":500},""300s"":{""mean_mae_reduction"":-0.0004590420059732242,""ci_low"":-0.0005139551555264081,""ci_high"":-0.00039492049498356536,""positive_probability"":0.0,""block_rows"":60,""draws"":500}}}",,,,,1,,surface_displacement
-0.09043972836023806,-0.010854003881602514,-0.10107507728693421,-0.08799453125828682,-0.08200533791537845,,,,,diagnostic_1,,curvature_increment_60s,-0.013080546028647388,"{""60s"":{""mean_mae_reduction"":-0.0002508158335739734,""ci_low"":-0.0002772684674770805,""ci_high"":-0.00022478510544486627,""positive_probability"":0.0,""block_rows"":12,""draws"":500},""120s"":{""mean_mae_reduction"":-0.0002508158335739734,""ci_low"":-0.00028411576254503264,""ci_high"":-0.00021939373869055658,""positive_probability"":0.0,""block_rows"":24,""draws"":500},""300s"":{""mean_mae_reduction"":-0.0002508158335739734,""ci_low"":-0.00028439924860898926,""ci_high"":-0.00021208759371768696,""positive_probability"":0.0,""block_rows"":60,""draws"":500}}","{""base_to_candidate"":{""60s"":{""mean_mae_reduction"":-0.0003656569508673457,""ci_low"":-0.0004330744853885505,""ci_high"":-0.0003005099060668598,""positive_probability"":0.0,""block_rows"":12,""draws"":500},""120s"":{""mean_mae_reduction"":-0.0003656569508673457,""ci_low"":-0.00044284878954209194,""ci_high"":-0.0002906095050848684,""positive_probability"":0.0,""block_rows"":24,""draws"":500},""300s"":{""mean_mae_reduction"":-0.0003656569508673457,""ci_low"":-0.00046872904380140963,""ci_high"":-0.00026706311236026514,""positive_probability"":0.0,""block_rows"":60,""draws"":500}},""base_pca_to_candidate"":{""60s"":{""mean_mae_reduction"":-0.0006612719717929874,""ci_low"":-0.0007434024209457204,""ci_high"":-0.0005794260078508321,""positive_probability"":0.0,""block_rows"":12,""draws"":500},""120s"":{""mean_mae_reduction"":-0.0006612719717929874,""ci_low"":-0.0007532423703697592,""ci_high"":-0.0005723771623949087,""positive_probability"":0.0,""block_rows"":24,""draws"":500},""300s"":{""mean_mae_reduction"":-0.0006612719717929874,""ci_low"":-0.0007597595671379756,""ci_high"":-0.0005486218133906318,""positive_probability"":0.0,""block_rows"":60,""draws"":500}}}",,,,,1,,surface_displacement
0.17151775112078482,0.14066145556735787,0.1707410204739881,0.17076881830365598,0.1716380222591154,,,,,diagnostic_1,,acceleration_increment_60s,-2.779782966788602e-05,"{""60s"":{""mean_mae_reduction"":-1.2073414570780736e-07,""ci_low"":-2.984134726532531e-07,""ci_high"":1.0345013598605567e-07,""positive_probability"":0.122,""block_rows"":12,""draws"":500},""120s"":{""mean_mae_reduction"":-1.2073414570780736e-07,""ci_low"":-3.5470220394083826e-07,""ci_high"":1.424247939987145e-07,""positive_probability"":0.2,""block_rows"":24,""draws"":500},""300s"":{""mean_mae_reduction"":-1.2073414570780736e-07,""ci_low"":-4.797949845332879e-07,""ci_high"":1.7085185452019205e-07,""positive_probability"":0.212,""block_rows"":60,""draws"":500}}","{""base_to_candidate"":{""60s"":{""mean_mae_reduction"":-3.895942435773924e-06,""ci_low"":-5.038966276325542e-06,""ci_high"":-2.70183384429225e-06,""positive_probability"":0.0,""block_rows"":12,""draws"":500},""120s"":{""mean_mae_reduction"":-3.895942435773924e-06,""ci_low"":-5.499206377528748e-06,""ci_high"":-2.266817873056712e-06,""positive_probability"":0.0,""block_rows"":24,""draws"":500},""300s"":{""mean_mae_reduction"":-3.895942435773924e-06,""ci_low"":-6.1112847414091625e-06,""ci_high"":-1.6645540563009998e-06,""positive_probability"":0.0,""block_rows"":60,""draws"":500}},""base_pca_to_candidate"":{""60s"":{""mean_mae_reduction"":-1.7775997814042785e-05,""ci_low"":-1.9317043269975356e-05,""ci_high"":-1.6237798780798806e-05,""positive_probability"":0.0,""block_rows"":12,""draws"":500},""120s"":{""mean_mae_reduction"":-1.7775997814042785e-05,""ci_low"":-1.9866799923854937e-05,""ci_high"":-1.5585000088371053e-05,""positive_probability"":0.0,""block_rows"":24,""draws"":500},""300s"":{""mean_mae_reduction"":-1.7775997814042785e-05,""ci_low"":-2.0613294196057524e-05,""ci_high"":-1.492935611388634e-05,""positive_probability"":0.0,""block_rows"":60,""draws"":500}}}",,,,,1,,absolute_atm_iv_change
0.17233583676784725,0.14195177732660214,0.17118560920017545,0.17076881830365598,0.1716380222591154,,,,,diagnostic_1,,curvature_increment_60s,0.00041679089651947,"{""60s"":{""mean_mae_reduction"":1.8102453835849968e-06,""ci_low"":1.6581907078877495e-06,""ci_high"":1.9871802783311425e-06,""positive_probability"":1.0,""block_rows"":12,""draws"":500},""120s"":{""mean_mae_reduction"":1.8102453835849968e-06,""ci_low"":1.6354295381083356e-06,""ci_high"":1.9877515388611572e-06,""positive_probability"":1.0,""block_rows"":24,""draws"":500},""300s"":{""mean_mae_reduction"":1.8102453835849968e-06,""ci_low"":1.5945992113648628e-06,""ci_high"":2.0106786148090014e-06,""positive_probability"":1.0,""block_rows"":60,""draws"":500}}","{""base_to_candidate"":{""60s"":{""mean_mae_reduction"":-1.964962906481119e-06,""ci_low"":-3.2596479857480466e-06,""ci_high"":-6.318629208605883e-07,""positive_probability"":0.0,""block_rows"":12,""draws"":500},""120s"":{""mean_mae_reduction"":-1.964962906481119e-06,""ci_low"":-3.832778369490991e-06,""ci_high"":-2.0718401606953184e-07,""positive_probability"":0.018,""block_rows"":24,""draws"":500},""300s"":{""mean_mae_reduction"":-1.964962906481119e-06,""ci_low"":-4.3918346552212095e-06,""ci_high"":4.791102949035031e-07,""positive_probability"":0.046,""block_rows"":60,""draws"":500}},""base_pca_to_candidate"":{""60s"":{""mean_mae_reduction"":-1.4977008783521188e-05,""ci_low"":-1.653229812245506e-05,""ci_high"":-1.3358587848214838e-05,""positive_probability"":0.0,""block_rows"":12,""draws"":500},""120s"":{""mean_mae_reduction"":-1.4977008783521188e-05,""ci_low"":-1.7199534928435473e-05,""ci_high"":-1.274459083749136e-05,""positive_probability"":0.0,""block_rows"":24,""draws"":500},""300s"":{""mean_mae_reduction"":-1.4977008783521188e-05,""ci_low"":-1.8025613917438927e-05,""ci_high"":-1.2174330444647989e-05,""positive_probability"":0.0,""block_rows"":60,""draws"":500}}}",,,,,1,,absolute_atm_iv_change
,,,,,12,60,0.20701904889877992,0.14884756592849335,diagnostic_2,500,velocity_60s,,,,False,"[926,3542,9,0,0]","[0.039017148509496245,0.044951965032604096,0.07675436400467259,null,null]",4477,1,0.17790268969136006,surface_displacement
,,,,,24,120,0.20747051415760193,0.1463791276877064,diagnostic_2,500,velocity_60s,,,,False,"[926,3542,9,0,0]","[0.039017148509496245,0.044951965032604096,0.07675436400467259,null,null]",4477,1,0.17790268969136006,surface_displacement
,,,,,60,300,0.20392990452764675,0.13836117490657662,diagnostic_2,500,velocity_60s,,,,False,"[926,3542,9,0,0]","[0.039017148509496245,0.044951965032604096,0.07675436400467259,null,null]",4477,1,0.17790268969136006,surface_displacement
,,,,,12,60,0.1646357028057634,0.10512715714034697,diagnostic_2,500,velocity_60s,,,,False,"[926,3542,9,0,0]","[0.004599104609268015,0.005498889520267926,0.01031468560298284,null,null]",4477,1,0.13653704435103287,absolute_atm_iv_change
,,,,,24,120,0.16348869190529267,0.10906991376411884,diagnostic_2,500,velocity_60s,,,,False,"[926,3542,9,0,0]","[0.004599104609268015,0.005498889520267926,0.01031468560298284,null,null]",4477,1,0.13653704435103287,absolute_atm_iv_change
,,,,,60,300,0.16444274038416798,0.10386974222322258,diagnostic_2,500,velocity_60s,,,,False,"[926,3542,9,0,0]","[0.004599104609268015,0.005498889520267926,0.01031468560298284,null,null]",4477,1,0.13653704435103287,absolute_atm_iv_change
,,,,,12,60,0.0656624737358562,-0.01885818337184027,diagnostic_2,500,velocity_60s,,,,False,"[926,3542,9,0,0]","[0.0001232601101751524,0.00012586819314882916,0.00015583060335066362,null,null]",4477,1,0.02174737109183269,realized_futures_volatility
,,,,,24,120,0.0685338097153949,-0.02111897134505328,diagnostic_2,500,velocity_60s,,,,False,"[926,3542,9,0,0]","[0.0001232601101751524,0.00012586819314882916,0.00015583060335066362,null,null]",4477,1,0.02174737109183269,realized_futures_volatility
,,,,,60,300,0.0701596661154517,-0.021966430559092913,diagnostic_2,500,velocity_60s,,,,False,"[926,3542,9,0,0]","[0.0001232601101751524,0.00012586819314882916,0.00015583060335066362,null,null]",4477,1,0.02174737109183269,realized_futures_volatility
,,,,,12,60,0.07611230457474634,0.002043370169168064,diagnostic_2,500,velocity_60s,,,,False,"[926,3542,9,0,0]","[8.300365176108177e-05,9.379368054536963e-05,0.00010596381293402778,null,null]",4477,1,0.03967284490676699,absolute_futures_return
,,,,,24,120,0.07745546944413002,0.0022428465560470623,diagnostic_2,500,velocity_60s,,,,False,"[926,3542,9,0,0]","[8.300365176108177e-05,9.379368054536963e-05,0.00010596381293402778,null,null]",4477,1,0.03967284490676699,absolute_futures_return
,,,,,60,300,0.08152388856049449,0.0013759446175340983,diagnostic_2,500,velocity_60s,,,,False,"[926,3542,9,0,0]","[8.300365176108177e-05,9.379368054536963e-05,0.00010596381293402778,null,null]",4477,1,0.03967284490676699,absolute_futures_return
,,,,,12,60,0.10558962175464205,0.04353378474403017,diagnostic_2,500,velocity_60s,,,,False,"[926,3542,9,0,0]","[-4.778791086488759e-05,1.1710819721984177e-05,0.00020328616503522627,null,null]",4477,1,0.0728405014269985,near_atm_spread_change
,,,,,24,120,0.10229793248030138,0.04423326865020364,diagnostic_2,500,velocity_60s,,,,False,"[926,3542,9,0,0]","[-4.778791086488759e-05,1.1710819721984177e-05,0.00020328616503522627,null,null]",4477,1,0.0728405014269985,near_atm_spread_change
,,,,,60,300,0.0981851486026293,0.044739639526328485,diagnostic_2,500,velocity_60s,,,,False,"[926,3542,9,0,0]","[-4.778791086488759e-05,1.1710819721984177e-05,0.00020328616503522627,null,null]",4477,1,0.0728405014269985,near_atm_spread_change
,,,,,12,60,0.0844319292670712,0.009233054174568623,diagnostic_2,500,velocity_60s,,,,False,"[926,3542,9,0,0]","[6.294107470926919e-05,7.495645224366533e-05,9.818147453996871e-05,null,null]",4477,1,0.045748529855953256,absolute_atm_straddle_change
,,,,,24,120,0.08159632281692496,0.008234906571780252,diagnostic_2,500,velocity_60s,,,,False,"[926,3542,9,0,0]","[6.294107470926919e-05,7.495645224366533e-05,9.818147453996871e-05,null,null]",4477,1,0.045748529855953256,absolute_atm_straddle_change
,,,,,60,300,0.08483605013100845,0.007420399758572759,diagnostic_2,500,velocity_60s,,,,False,"[926,3542,9,0,0]","[6.294107470926919e-05,7.495645224366533e-05,9.818147453996871e-05,null,null]",4477,1,0.045748529855953256,absolute_atm_straddle_change
,,,,,12,60,0.05067476228022196,-0.014394773399438558,diagnostic_2,500,velocity_60s,,,,False,"[926,3542,9,0,0]","[-1.0146074942722348e-06,3.5101909164968974e-07,9.549826952732272e-06,null,null]",4477,1,0.01568201997612697,parity_restoration
,,,,,24,120,0.04983728885595724,-0.016088512466095183,diagnostic_2,500,velocity_60s,,,,False,"[926,3542,9,0,0]","[-1.0146074942722348e-06,3.5101909164968974e-07,9.549826952732272e-06,null,null]",4477,1,0.01568201997612697,parity_restoration
,,,,,60,300,0.048976204474010625,-0.012665145512727398,diagnostic_2,500,velocity_60s,,,,False,"[926,3542,9,0,0]","[-1.0146074942722348e-06,3.5101909164968974e-07,9.549826952732272e-06,null,null]",4477,1,0.01568201997612697,parity_restoration
,,,,,12,60,0.12533544285435955,0.06494170779002634,diagnostic_2,500,acceleration_60s,,,,False,"[762,3709,6,0,0]","[0.041795074795870996,0.04418694291382189,0.050551779916699104,null,null]",4477,1,0.09524841370443508,surface_displacement
,,,,,24,120,0.126646724903671,0.05881375890195755,diagnostic_2,500,acceleration_60s,,,,False,"[762,3709,6,0,0]","[0.041795074795870996,0.04418694291382189,0.050551779916699104,null,null]",4477,1,0.09524841370443508,surface_displacement
,,,,,60,300,0.12338761496571302,0.05055722829191127,diagnostic_2,500,acceleration_60s,,,,False,"[762,3709,6,0,0]","[0.041795074795870996,0.04418694291382189,0.050551779916699104,null,null]",4477,1,0.09524841370443508,surface_displacement
,,,,,12,60,0.08984428888189465,0.03076286950719828,diagnostic_2,500,acceleration_60s,,,,False,"[762,3709,6,0,0]","[0.005097978081055513,0.005368548992043976,0.0053437016904354095,null,null]",4477,1,0.06078758125717817,absolute_atm_iv_change
,,,,,24,120,0.08724676024546188,0.02959819188381283,diagnostic_2,500,acceleration_60s,,,,False,"[762,3709,6,0,0]","[0.005097978081055513,0.005368548992043976,0.0053437016904354095,null,null]",4477,1,0.06078758125717817,absolute_atm_iv_change
,,,,,60,300,0.08358249061930602,0.026592396643809236,diagnostic_2,500,acceleration_60s,,,,False,"[762,3709,6,0,0]","[0.005097978081055513,0.005368548992043976,0.0053437016904354095,null,null]",4477,1,0.06078758125717817,absolute_atm_iv_change
,,,,,12,60,0.03948541690102157,-0.04455840368024774,diagnostic_2,500,acceleration_60s,,,,False,"[762,3709,6,0,0]","[0.0001258334440470001,0.00012527298515334134,0.00014064854799048375,null,null]",4477,1,-0.003806071318304336,realized_futures_volatility
,,,,,24,120,0.03905013619025873,-0.05014892772712526,diagnostic_2,500,acceleration_60s,,,,False,"[762,3709,6,0,0]","[0.0001258334440470001,0.00012527298515334134,0.00014064854799048375,null,null]",4477,1,-0.003806071318304336,realized_futures_volatility
,,,,,60,300,0.04541714075880537,-0.04650635470252782,diagnostic_2,500,acceleration_60s,,,,False,"[762,3709,6,0,0]","[0.0001258334440470001,0.00012527298515334134,0.00014064854799048375,null,null]",4477,1,-0.003806071318304336,realized_futures_volatility
,,,,,12,60,0.051918122875955874,-0.02674149552827074,diagnostic_2,500,acceleration_60s,,,,False,"[762,3709,6,0,0]","[8.977679755744033e-05,9.190628039415842e-05,0.0001236597696940104,null,null]",4477,1,0.012775484415960499,absolute_futures_return
,,,,,24,120,0.0520054020897455,-0.02864588652597018,diagnostic_2,500,acceleration_60s,,,,False,"[762,3709,6,0,0]","[8.977679755744033e-05,9.190628039415842e-05,0.0001236597696940104,null,null]",4477,1,0.012775484415960499,absolute_futures_return
,,,,,60,300,0.06178333046999895,-0.030896916090346192,diagnostic_2,500,acceleration_60s,,,,False,"[762,3709,6,0,0]","[8.977679755744033e-05,9.190628039415842e-05,0.0001236597696940104,null,null]",4477,1,0.012775484415960499,absolute_futures_return
,,,,,12,60,0.0782969092440562,0.019943115042699033,diagnostic_2,500,acceleration_60s,,,,False,"[762,3709,6,0,0]","[-4.452575796624166e-05,8.448053675034026e-06,0.00027541499487900484,null,null]",4477,1,0.04529883368671357,near_atm_spread_change
,,,,,24,120,0.0754244006672494,0.01682604413849374,diagnostic_2,500,acceleration_60s,,,,False,"[762,3709,6,0,0]","[-4.452575796624166e-05,8.448053675034026e-06,0.00027541499487900484,null,null]",4477,1,0.04529883368671357,near_atm_spread_change
,,,,,60,300,0.07475846378393852,0.01449575539322468,diagnostic_2,500,acceleration_60s,,,,False,"[762,3709,6,0,0]","[-4.452575796624166e-05,8.448053675034026e-06,0.00027541499487900484,null,null]",4477,1,0.04529883368671357,near_atm_spread_change
,,,,,12,60,0.062127906816724345,-0.014187300534146527,diagnostic_2,500,acceleration_60s,,,,False,"[762,3709,6,0,0]","[6.481081863322596e-05,7.40975014971864e-05,7.489090785384178e-05,null,null]",4477,1,0.023063819591829827,absolute_atm_straddle_change
,,,,,24,120,0.05864387621651962,-0.01482083306692869,diagnostic_2,500,acceleration_60s,,,,False,"[762,3709,6,0,0]","[6.481081863322596e-05,7.40975014971864e-05,7.489090785384178e-05,null,null]",4477,1,0.023063819591829827,absolute_atm_straddle_change
,,,,,60,300,0.06381385933558134,-0.02220359392522435,diagnostic_2,500,acceleration_60s,,,,False,"[762,3709,6,0,0]","[6.481081863322596e-05,7.40975014971864e-05,7.489090785384178e-05,null,null]",4477,1,0.023063819591829827,absolute_atm_straddle_change
,,,,,12,60,0.027278002517551525,-0.03900375008231947,diagnostic_2,500,acceleration_60s,,,,False,"[762,3709,6,0,0]","[5.355904717758399e-07,7.889356004591102e-09,-7.941672568752741e-06,null,null]",4477,1,-0.008588840172369544,parity_restoration
,,,,,24,120,0.026152147969848633,-0.039495502315840404,diagnostic_2,500,acceleration_60s,,,,False,"[762,3709,6,0,0]","[5.355904717758399e-07,7.889356004591102e-09,-7.941672568752741e-06,null,null]",4477,1,-0.008588840172369544,parity_restoration
,,,,,60,300,0.026574260678946457,-0.03592103081122877,diagnostic_2,500,acceleration_60s,,,,False,"[762,3709,6,0,0]","[5.355904717758399e-07,7.889356004591102e-09,-7.941672568752741e-06,null,null]",4477,1,-0.008588840172369544,parity_restoration
,,,,,12,60,-0.03689652741836399,-0.09953328719199217,diagnostic_2,500,curvature_60s,,,,False,"[1472,547,484,515,1459]","[0.046272183080512,0.04378374899366136,0.04270433837969035,0.041478258141287826,0.04245919261736772]",4477,1,-0.06797426349329949,surface_displacement
,,,,,24,120,-0.039088479334518575,-0.10053261666465967,diagnostic_2,500,curvature_60s,,,,False,"[1472,547,484,515,1459]","[0.046272183080512,0.04378374899366136,0.04270433837969035,0.041478258141287826,0.04245919261736772]",4477,1,-0.06797426349329949,surface_displacement
,,,,,60,300,-0.0418796724345972,-0.0952020055634256,diagnostic_2,500,curvature_60s,,,,False,"[1472,547,484,515,1459]","[0.046272183080512,0.04378374899366136,0.04270433837969035,0.041478258141287826,0.04245919261736772]",4477,1,-0.06797426349329949,surface_displacement
,,,,,12,60,-0.02585226317394934,-0.0850952570875923,diagnostic_2,500,curvature_60s,,,,False,"[1472,547,484,515,1459]","[0.005692777345361917,0.0052635458449558975,0.005176286467097022,0.005081981550721289,0.005104317163220001]",4477,1,-0.055601833365686325,absolute_atm_iv_change
,,,,,24,120,-0.023708052907871983,-0.0880824140784682,diagnostic_2,500,curvature_60s,,,,False,"[1472,547,484,515,1459]","[0.005692777345361917,0.0052635458449558975,0.005176286467097022,0.005081981550721289,0.005104317163220001]",4477,1,-0.055601833365686325,absolute_atm_iv_change
,,,,,60,300,-0.02865319844606858,-0.08273655019971181,diagnostic_2,500,curvature_60s,,,,False,"[1472,547,484,515,1459]","[0.005692777345361917,0.0052635458449558975,0.005176286467097022,0.005081981550721289,0.005104317163220001]",4477,1,-0.055601833365686325,absolute_atm_iv_change
,,,,,12,60,0.013613594258532244,-0.049445665652508665,diagnostic_2,500,curvature_60s,,,,False,"[1472,547,484,515,1459]","[0.00012641505823355207,0.00012486385543334638,0.00013299016553222124,0.00012514820923434852,0.00012211406104892822]",4477,1,-0.01817030071347899,realized_futures_volatility
,,,,,24,120,0.01793579294479967,-0.057150356685766575,diagnostic_2,500,curvature_60s,,,,False,"[1472,547,484,515,1459]","[0.00012641505823355207,0.00012486385543334638,0.00013299016553222124,0.00012514820923434852,0.00012211406104892822]",4477,1,-0.01817030071347899,realized_futures_volatility
,,,,,60,300,0.016858058703136437,-0.06514611880459541,diagnostic_2,500,curvature_60s,,,,False,"[1472,547,484,515,1459]","[0.00012641505823355207,0.00012486385543334638,0.00013299016553222124,0.00012514820923434852,0.00012211406104892822]",4477,1,-0.01817030071347899,realized_futures_volatility
,,,,,12,60,0.019584165171540817,-0.04155327424017026,diagnostic_2,500,curvature_60s,,,,False,"[1472,547,484,515,1459]","[9.212351363638173e-05,9.410865128149281e-05,9.768265337983439e-05,9.028425494444022e-05,8.853614289438668e-05]",4477,1,-0.010513462136333158,absolute_futures_return
,,,,,24,120,0.02235312019575611,-0.04295975202763737,diagnostic_2,500,curvature_60s,,,,False,"[1472,547,484,515,1459]","[9.212351363638173e-05,9.410865128149281e-05,9.768265337983439e-05,9.028425494444022e-05,8.853614289438668e-05]",4477,1,-0.010513462136333158,absolute_futures_return
,,,,,60,300,0.01884759150763463,-0.04717113909707424,diagnostic_2,500,curvature_60s,,,,False,"[1472,547,484,515,1459]","[9.212351363638173e-05,9.410865128149281e-05,9.768265337983439e-05,9.028425494444022e-05,8.853614289438668e-05]",4477,1,-0.010513462136333158,absolute_futures_return
,,,,,12,60,0.01910577133109901,-0.037221648239435044,diagnostic_2,500,curvature_60s,,,,False,"[1472,547,484,515,1459]","[9.51575217463276e-06,8.610512136985673e-06,2.2046109478659002e-06,-3.4015613282551464e-05,-2.1990642347803942e-06]",4477,1,-0.010413784891321071,near_atm_spread_change
,,,,,24,120,0.018455383569838262,-0.040850327227925566,diagnostic_2,500,curvature_60s,,,,False,"[1472,547,484,515,1459]","[9.51575217463276e-06,8.610512136985673e-06,2.2046109478659002e-06,-3.4015613282551464e-05,-2.1990642347803942e-06]",4477,1,-0.010413784891321071,near_atm_spread_change
,,,,,60,300,0.01913270578736526,-0.04031772501133977,diagnostic_2,500,curvature_60s,,,,False,"[1472,547,484,515,1459]","[9.51575217463276e-06,8.610512136985673e-06,2.2046109478659002e-06,-3.4015613282551464e-05,-2.1990642347803942e-06]",4477,1,-0.010413784891321071,near_atm_spread_change
,,,,,12,60,0.0013404658920571615,-0.05755064889304048,diagnostic_2,500,curvature_60s,,,,False,"[1472,547,484,515,1459]","[7.621013260770427e-05,6.476938860725877e-05,6.718352275384852e-05,7.402761251602358e-05,7.2934616911158e-05]",4477,1,-0.028692478237374933,absolute_atm_straddle_change
,,,,,24,120,-0.0006399447213829571,-0.058372302774992835,diagnostic_2,500,curvature_60s,,,,False,"[1472,547,484,515,1459]","[7.621013260770427e-05,6.476938860725877e-05,6.718352275384852e-05,7.402761251602358e-05,7.2934616911158e-05]",4477,1,-0.028692478237374933,absolute_atm_straddle_change
,,,,,60,300,-0.0021763507774797044,-0.05862359233626442,diagnostic_2,500,curvature_60s,,,,False,"[1472,547,484,515,1459]","[7.621013260770427e-05,6.476938860725877e-05,6.718352275384852e-05,7.402761251602358e-05,7.2934616911158e-05]",4477,1,-0.028692478237374933,absolute_atm_straddle_change
,,,,,12,60,0.012285379361037468,-0.054768584235853505,diagnostic_2,500,curvature_60s,,,,False,"[1472,547,484,515,1459]","[5.709287070549576e-07,8.864030918617004e-07,7.4601834704248e-08,-2.2682830886587554e-07,-5.859004328049868e-07]",4477,1,-0.024226364605302846,parity_restoration
,,,,,24,120,0.01207431622048306,-0.05048547409868557,diagnostic_2,500,curvature_60s,,,,False,"[1472,547,484,515,1459]","[5.709287070549576e-07,8.864030918617004e-07,7.4601834704248e-08,-2.2682830886587554e-07,-5.859004328049868e-07]",4477,1,-0.024226364605302846,parity_restoration
,,,,,60,300,0.010903698781356427,-0.04915786776447651,diagnostic_2,500,curvature_60s,,,,False,"[1472,547,484,515,1459]","[5.709287070549576e-07,8.864030918617004e-07,7.4601834704248e-08,-2.2682830886587554e-07,-5.859004328049868e-07]",4477,1,-0.024226364605302846,parity_restoration
-0.21984817922076938,-0.12584229347517972,-0.22396123839657056,-0.21084628096662628,-0.2206168077093067,,,,,diagnostic_2,,acceleration_increment_60s,-0.013114957429944285,"{""60s"":{""mean_mae_reduction"":-0.0002522096757763999,""ci_low"":-0.0002752619658718676,""ci_high"":-0.0002322984632159783,""positive_probability"":0.0,""block_rows"":12,""draws"":500},""120s"":{""mean_mae_reduction"":-0.0002522096757763999,""ci_low"":-0.0002793617773949825,""ci_high"":-0.00022811149718456687,""positive_probability"":0.0,""block_rows"":24,""draws"":500},""300s"":{""mean_mae_reduction"":-0.0002522096757763999,""ci_low"":-0.0002831755518488712,""ci_high"":-0.0002238835058670253,""positive_probability"":0.0,""block_rows"":60,""draws"":500}}","{""base_to_candidate"":{""60s"":{""mean_mae_reduction"":-6.431570851808705e-05,""ci_low"":-8.384892249776955e-05,""ci_high"":-4.29448357638247e-05,""positive_probability"":0.0,""block_rows"":12,""draws"":500},""120s"":{""mean_mae_reduction"":-6.431570851808705e-05,""ci_low"":-9.002558306182328e-05,""ci_high"":-3.6063484666979365e-05,""positive_probability"":0.0,""block_rows"":24,""draws"":500},""300s"":{""mean_mae_reduction"":-6.431570851808705e-05,""ci_low"":-0.00010535636806253131,""ci_high"":-2.8654680349694886e-05,""positive_probability"":0.0,""block_rows"":60,""draws"":500}},""base_pca_to_candidate"":{""60s"":{""mean_mae_reduction"":-0.0005096875218662573,""ci_low"":-0.0005483709571474086,""ci_high"":-0.00047099057708095454,""positive_probability"":0.0,""block_rows"":12,""draws"":500},""120s"":{""mean_mae_reduction"":-0.0005096875218662573,""ci_low"":-0.0005549693382160609,""ci_high"":-0.00046512995808265905,""positive_probability"":0.0,""block_rows"":24,""draws"":500},""300s"":{""mean_mae_reduction"":-0.0005096875218662573,""ci_low"":-0.000574781915934744,""ci_high"":-0.00045467380933776033,""positive_probability"":0.0,""block_rows"":60,""draws"":500}}}",,,,,1,,surface_displacement
-0.23512769344997975,-0.13974404177099942,-0.22947354367056727,-0.21084628096662628,-0.2206168077093067,,,,,diagnostic_2,,curvature_increment_60s,-0.018627262703940994,"{""60s"":{""mean_mae_reduction"":-0.0003582151076172211,""ci_low"":-0.0003888730999681467,""ci_high"":-0.000329400539394189,""positive_probability"":0.0,""block_rows"":12,""draws"":500},""120s"":{""mean_mae_reduction"":-0.0003582151076172211,""ci_low"":-0.0003946374991714925,""ci_high"":-0.00032344695134633566,""positive_probability"":0.0,""block_rows"":24,""draws"":500},""300s"":{""mean_mae_reduction"":-0.0003582151076172211,""ci_low"":-0.000404822417630316,""ci_high"":-0.00030857345681670407,""positive_probability"":0.0,""block_rows"":60,""draws"":500}}","{""base_to_candidate"":{""60s"":{""mean_mae_reduction"":-0.00017032114035890833,""ci_low"":-0.0002163695542602565,""ci_high"":-0.00012391175828585044,""positive_probability"":0.0,""block_rows"":12,""draws"":500},""120s"":{""mean_mae_reduction"":-0.00017032114035890833,""ci_low"":-0.00022794343511001113,""ci_high"":-0.00011514912704462606,""positive_probability"":0.0,""block_rows"":24,""draws"":500},""300s"":{""mean_mae_reduction"":-0.00017032114035890833,""ci_low"":-0.00025733214317625496,""ci_high"":-9.376981156719824e-05,""positive_probability"":0.0,""block_rows"":60,""draws"":500}},""base_pca_to_candidate"":{""60s"":{""mean_mae_reduction"":-0.0006457056904702254,""ci_low"":-0.000711758444838824,""ci_high"":-0.0005808238099707651,""positive_probability"":0.0,""block_rows"":12,""draws"":500},""120s"":{""mean_mae_reduction"":-0.0006457056904702254,""ci_low"":-0.0007248664061136537,""ci_high"":-0.0005709637431556895,""positive_probability"":0.0,""block_rows"":24,""draws"":500},""300s"":{""mean_mae_reduction"":-0.0006457056904702254,""ci_low"":-0.0007661245502774461,""ci_high"":-0.0005487152897718791,""positive_probability"":0.0,""block_rows"":60,""draws"":500}}}",,,,,1,,surface_displacement
0.1902807050300307,0.16584780353080486,0.19004399161154584,0.19040127696132114,0.1894451971199771,,,,,diagnostic_2,,acceleration_increment_60s,-0.0003572853497753048,"{""60s"":{""mean_mae_reduction"":-1.8269107005161784e-06,""ci_low"":-1.9683954873420106e-06,""ci_high"":-1.7031332341407584e-06,""positive_probability"":0.0,""block_rows"":12,""draws"":500},""120s"":{""mean_mae_reduction"":-1.8269107005161784e-06,""ci_low"":-1.977217583390881e-06,""ci_high"":-1.6760660438466362e-06,""positive_probability"":0.0,""block_rows"":24,""draws"":500},""300s"":{""mean_mae_reduction"":-1.8269107005161784e-06,""ci_low"":-2.0259565879231028e-06,""ci_high"":-1.6420964568319847e-06,""positive_probability"":0.0,""block_rows"":60,""draws"":500}}","{""base_to_candidate"":{""60s"":{""mean_mae_reduction"":3.0618217756353357e-06,""ci_low"":2.397493335746043e-06,""ci_high"":3.686283510685038e-06,""positive_probability"":1.0,""block_rows"":12,""draws"":500},""120s"":{""mean_mae_reduction"":3.0618217756353357e-06,""ci_low"":2.2243838622841206e-06,""ci_high"":3.938804867504829e-06,""positive_probability"":1.0,""block_rows"":24,""draws"":500},""300s"":{""mean_mae_reduction"":3.0618217756353357e-06,""ci_low"":1.8903429011321496e-06,""ci_high"":4.225570780811007e-06,""positive_probability"":1.0,""block_rows"":60,""draws"":500}},""base_pca_to_candidate"":{""60s"":{""mean_mae_reduction"":-1.0250778933512904e-05,""ci_low"":-1.1154825734262744e-05,""ci_high"":-9.330630010348592e-06,""positive_probability"":0.0,""block_rows"":12,""draws"":500},""120s"":{""mean_mae_reduction"":-1.0250778933512904e-05,""ci_low"":-1.1389731950531258e-05,""ci_high"":-9.025610880075555e-06,""positive_probability"":0.0,""block_rows"":24,""draws"":500},""300s"":{""mean_mae_reduction"":-1.0250778933512904e-05,""ci_low"":-1.187461967335333e-05,""ci_high"":-8.813713696752062e-06,""positive_probability"":0.0,""block_rows"":60,""draws"":500}}}",,,,,1,,absolute_atm_iv_change
0.1903500894679443,0.1661149991268951,0.1908469756500678,0.19040127696132114,0.1894451971199771,,,,,diagnostic_2,,curvature_increment_60s,0.0004456986887466652,"{""60s"":{""mean_mae_reduction"":2.278995498104892e-06,""ci_low"":2.125679202511762e-06,""ci_high"":2.442514220831055e-06,""positive_probability"":1.0,""block_rows"":12,""draws"":500},""120s"":{""mean_mae_reduction"":2.278995498104892e-06,""ci_low"":2.1038824820088003e-06,""ci_high"":2.467092067153345e-06,""positive_probability"":1.0,""block_rows"":24,""draws"":500},""300s"":{""mean_mae_reduction"":2.278995498104892e-06,""ci_low"":2.0354558967441052e-06,""ci_high"":2.5221928713544005e-06,""positive_probability"":1.0,""block_rows"":60,""draws"":500}}","{""base_to_candidate"":{""60s"":{""mean_mae_reduction"":7.167727974256408e-06,""ci_low"":6.463133949223142e-06,""ci_high"":7.889495347258334e-06,""positive_probability"":1.0,""block_rows"":12,""draws"":500},""120s"":{""mean_mae_reduction"":7.167727974256408e-06,""ci_low"":6.277257696674998e-06,""ci_high"":8.080455733802572e-06,""positive_probability"":1.0,""block_rows"":24,""draws"":500},""300s"":{""mean_mae_reduction"":7.167727974256408e-06,""ci_low"":5.964838550810905e-06,""ci_high"":8.30449254925906e-06,""positive_probability"":1.0,""block_rows"":60,""draws"":500}},""base_pca_to_candidate"":{""60s"":{""mean_mae_reduction"":-5.249941787532073e-06,""ci_low"":-6.168748827878285e-06,""ci_high"":-4.315486773574502e-06,""positive_probability"":0.0,""block_rows"":12,""draws"":500},""120s"":{""mean_mae_reduction"":-5.249941787532073e-06,""ci_low"":-6.351637091127522e-06,""ci_high"":-4.035337053339479e-06,""positive_probability"":0.0,""block_rows"":24,""draws"":500},""300s"":{""mean_mae_reduction"":-5.249941787532073e-06,""ci_low"":-6.795385510148818e-06,""ci_high"":-3.875229458891963e-06,""positive_probability"":0.0,""block_rows"":60,""draws"":500}}}",,,,,1,,absolute_atm_iv_change
,,,,,12,60,0.2295475378344854,0.1472155215422237,diagnostic_1,500,velocity_5s,,,,False,"[201,2055,86,0,0]","[0.03778660118109271,0.04375856733997473,0.05805346180855966,null,null]",2342,7,0.18749859476261482,surface_displacement
,,,,,24,120,0.23480178591662873,0.14889610200692918,diagnostic_1,500,velocity_5s,,,,False,"[201,2055,86,0,0]","[0.03778660118109271,0.04375856733997473,0.05805346180855966,null,null]",2342,7,0.18749859476261482,surface_displacement
,,,,,60,300,0.239596284523591,0.14320168241602543,diagnostic_1,500,velocity_5s,,,,False,"[201,2055,86,0,0]","[0.03778660118109271,0.04375856733997473,0.05805346180855966,null,null]",2342,7,0.18749859476261482,surface_displacement
,,,,,12,60,0.1518749834144837,0.07095356086417408,diagnostic_1,500,velocity_5s,,,,False,"[201,2055,86,0,0]","[0.003906152920046849,0.004516146721776094,0.0068847283201162205,null,null]",2342,7,0.11126243189463603,absolute_atm_iv_change
,,,,,24,120,0.15912995558691329,0.07515446858121325,diagnostic_1,500,velocity_5s,,,,False,"[201,2055,86,0,0]","[0.003906152920046849,0.004516146721776094,0.0068847283201162205,null,null]",2342,7,0.11126243189463603,absolute_atm_iv_change
,,,,,60,300,0.15019144763663655,0.07372556929785325,diagnostic_1,500,velocity_5s,,,,False,"[201,2055,86,0,0]","[0.003906152920046849,0.004516146721776094,0.0068847283201162205,null,null]",2342,7,0.11126243189463603,absolute_atm_iv_change
,,,,,12,60,0.10308460794783736,-0.0140448596844195,diagnostic_1,500,velocity_5s,,,,False,"[201,2055,86,0,0]","[0.00011204417670928757,0.00011424211858293024,0.00011389283932783006,null,null]",2342,7,0.04371964675667267,realized_futures_volatility
,,,,,24,120,0.11165650406953267,-0.008146304104648245,diagnostic_1,500,velocity_5s,,,,False,"[201,2055,86,0,0]","[0.00011204417670928757,0.00011424211858293024,0.00011389283932783006,null,null]",2342,7,0.04371964675667267,realized_futures_volatility
,,,,,60,300,0.11664462055408223,-0.01776138333007045,diagnostic_1,500,velocity_5s,,,,False,"[201,2055,86,0,0]","[0.00011204417670928757,0.00011424211858293024,0.00011389283932783006,null,null]",2342,7,0.04371964675667267,realized_futures_volatility
,,,,,12,60,0.10893838298488742,0.01029713084875547,diagnostic_1,500,velocity_5s,,,,False,"[201,2055,86,0,0]","[8.380472363524176e-05,8.609242682909444e-05,0.00010347366333007812,null,null]",2342,7,0.05701553208280432,absolute_futures_return
,,,,,24,120,0.11451101997207905,-0.0014721603664577087,diagnostic_1,500,velocity_5s,,,,False,"[201,2055,86,0,0]","[8.380472363524176e-05,8.609242682909444e-05,0.00010347366333007812,null,null]",2342,7,0.05701553208280432,absolute_futures_return
,,,,,60,300,0.11362954836960966,-1.5360724378234332e-06,diagnostic_1,500,velocity_5s,,,,False,"[201,2055,86,0,0]","[8.380472363524176e-05,8.609242682909444e-05,0.00010347366333007812,null,null]",2342,7,0.05701553208280432,absolute_futures_return
,,,,,12,60,0.11166737504030427,0.04021459663510168,diagnostic_1,500,velocity_5s,,,,False,"[201,2055,86,0,0]","[-9.910177735702148e-05,2.515037412927407e-06,0.00012267401680853866,null,null]",2342,7,0.07837373516917479,near_atm_spread_change
,,,,,24,120,0.10878508176593821,0.0417936931941118,diagnostic_1,500,velocity_5s,,,,False,"[201,2055,86,0,0]","[-9.910177735702148e-05,2.515037412927407e-06,0.00012267401680853866,null,null]",2342,7,0.07837373516917479,near_atm_spread_change
,,,,,60,300,0.11353631684149364,0.04708242795391972,diagnostic_1,500,velocity_5s,,,,False,"[201,2055,86,0,0]","[-9.910177735702148e-05,2.515037412927407e-06,0.00012267401680853866,null,null]",2342,7,0.07837373516917479,near_atm_spread_change
,,,,,12,60,0.04592450849183198,-0.047049164190842575,diagnostic_1,500,velocity_5s,,,,False,"[201,2055,86,0,0]","[4.638763913764289e-05,4.644528747402549e-05,4.175928053121234e-05,null,null]",2342,7,0.004644613633344143,absolute_atm_straddle_change
,,,,,24,120,0.05060894435738304,-0.03831665465734977,diagnostic_1,500,velocity_5s,,,,False,"[201,2055,86,0,0]","[4.638763913764289e-05,4.644528747402549e-05,4.175928053121234e-05,null,null]",2342,7,0.004644613633344143,absolute_atm_straddle_change
,,,,,60,300,0.05143686617830797,-0.04052564362455945,diagnostic_1,500,velocity_5s,,,,False,"[201,2055,86,0,0]","[4.638763913764289e-05,4.644528747402549e-05,4.175928053121234e-05,null,null]",2342,7,0.004644613633344143,absolute_atm_straddle_change
,,,,,12,60,0.09454902236597043,0.005797142441840646,diagnostic_1,500,velocity_5s,,,,False,"[201,2055,86,0,0]","[1.1310741538905876e-06,2.1363250459312097e-07,2.096534867738482e-06,null,null]",2342,7,0.05240160633797443,parity_restoration
,,,,,24,120,0.10020415233578578,0.003673759745839308,diagnostic_1,500,velocity_5s,,,,False,"[201,2055,86,0,0]","[1.1310741538905876e-06,2.1363250459312097e-07,2.096534867738482e-06,null,null]",2342,7,0.05240160633797443,parity_restoration
,,,,,60,300,0.10302738413969231,0.009148618032654926,diagnostic_1,500,velocity_5s,,,,False,"[201,2055,86,0,0]","[1.1310741538905876e-06,2.1363250459312097e-07,2.096534867738482e-06,null,null]",2342,7,0.05240160633797443,parity_restoration
,,,,,12,60,0.1761872667140608,0.09070657414605725,diagnostic_1,500,acceleration_5s,,,,False,"[180,2106,56,0,0]","[0.03973812857864047,0.04418623697035489,0.04111575415823485,null,null]",2342,7,0.13098068499839075,surface_displacement
,,,,,24,120,0.178285991536872,0.09379996526065026,diagnostic_1,500,acceleration_5s,,,,False,"[180,2106,56,0,0]","[0.03973812857864047,0.04418623697035489,0.04111575415823485,null,null]",2342,7,0.13098068499839075,surface_displacement
,,,,,60,300,0.18258779611536732,0.08108683448721755,diagnostic_1,500,acceleration_5s,,,,False,"[180,2106,56,0,0]","[0.03973812857864047,0.04418623697035489,0.04111575415823485,null,null]",2342,7,0.13098068499839075,surface_displacement
,,,,,12,60,0.10471407326181963,0.020868509915090577,diagnostic_1,500,acceleration_5s,,,,False,"[180,2106,56,0,0]","[0.004319604941540294,0.004583345144166339,0.004068770046745028,null,null]",2342,7,0.060636397281786936,absolute_atm_iv_change
,,,,,24,120,0.10730446068487164,0.019364004613082197,diagnostic_1,500,acceleration_5s,,,,False,"[180,2106,56,0,0]","[0.004319604941540294,0.004583345144166339,0.004068770046745028,null,null]",2342,7,0.060636397281786936,absolute_atm_iv_change
,,,,,60,300,0.10324943662485331,0.023248969188545163,diagnostic_1,500,acceleration_5s,,,,False,"[180,2106,56,0,0]","[0.004319604941540294,0.004583345144166339,0.004068770046745028,null,null]",2342,7,0.060636397281786936,absolute_atm_iv_change
,,,,,12,60,0.08859517147637912,-0.04478081516443759,diagnostic_1,500,acceleration_5s,,,,False,"[180,2106,56,0,0]","[0.00010714058449947038,0.00011461877467187011,0.00011447808428247691,null,null]",2342,7,0.0229840243353247,realized_futures_volatility
,,,,,24,120,0.09900301406400515,-0.033976452160639395,diagnostic_1,500,acceleration_5s,,,,False,"[180,2106,56,0,0]","[0.00010714058449947038,0.00011461877467187011,0.00011447808428247691,null,null]",2342,7,0.0229840243353247,realized_futures_volatility
,,,,,60,300,0.10040967386828423,-0.046705162953618005,diagnostic_1,500,acceleration_5s,,,,False,"[180,2106,56,0,0]","[0.00010714058449947038,0.00011461877467187011,0.00011447808428247691,null,null]",2342,7,0.0229840243353247,realized_futures_volatility
,,,,,12,60,0.074116851680434,-0.03810188815234908,diagnostic_1,500,acceleration_5s,,,,False,"[180,2106,56,0,0]","[7.576412624782986e-05,8.736037121199474e-05,9.008816310337611e-05,null,null]",2342,7,0.020293861458516086,absolute_futures_return
,,,,,24,120,0.08078281295256838,-0.042387155243291556,diagnostic_1,500,acceleration_5s,,,,False,"[180,2106,56,0,0]","[7.576412624782986e-05,8.736037121199474e-05,9.008816310337611e-05,null,null]",2342,7,0.020293861458516086,absolute_futures_return
,,,,,60,300,0.08003165337936974,-0.035518082728702875,diagnostic_1,500,acceleration_5s,,,,False,"[180,2106,56,0,0]","[7.576412624782986e-05,8.736037121199474e-05,9.008816310337611e-05,null,null]",2342,7,0.020293861458516086,absolute_futures_return
,,,,,12,60,0.08366099416851785,0.004151735798846159,diagnostic_1,500,acceleration_5s,,,,False,"[180,2106,56,0,0]","[-9.270050375360168e-06,2.524223576792041e-06,-0.00014015170901464962,null,null]",2342,7,0.04257170771685845,near_atm_spread_change
,,,,,24,120,0.07429105910268331,0.005772618013865291,diagnostic_1,500,acceleration_5s,,,,False,"[180,2106,56,0,0]","[-9.270050375360168e-06,2.524223576792041e-06,-0.00014015170901464962,null,null]",2342,7,0.04257170771685845,near_atm_spread_change
,,,,,60,300,0.07633284253219799,0.01038632093249423,diagnostic_1,500,acceleration_5s,,,,False,"[180,2106,56,0,0]","[-9.270050375360168e-06,2.524223576792041e-06,-0.00014015170901464962,null,null]",2342,7,0.04257170771685845,near_atm_spread_change
,,,,,12,60,0.03429814562113802,-0.06304310568537544,diagnostic_1,500,acceleration_5s,,,,False,"[180,2106,56,0,0]","[4.1412598349981835e-05,4.7002889389297786e-05,3.424868918955326e-05,null,null]",2342,7,-0.0112066122580435,absolute_atm_straddle_change
,,,,,24,120,0.03842686626188316,-0.059077716651930616,diagnostic_1,500,acceleration_5s,,,,False,"[180,2106,56,0,0]","[4.1412598349981835e-05,4.7002889389297786e-05,3.424868918955326e-05,null,null]",2342,7,-0.0112066122580435,absolute_atm_straddle_change
,,,,,60,300,0.027799345731755985,-0.05766416088474556,diagnostic_1,500,acceleration_5s,,,,False,"[180,2106,56,0,0]","[4.1412598349981835e-05,4.7002889389297786e-05,3.424868918955326e-05,null,null]",2342,7,-0.0112066122580435,absolute_atm_straddle_change
,,,,,12,60,0.09709120891543295,0.00012381698127582325,diagnostic_1,500,acceleration_5s,,,,False,"[180,2106,56,0,0]","[-2.2777490408366754e-07,4.025985959804872e-07,7.105275017238455e-07,null,null]",2342,7,0.050751672859484016,parity_restoration
,,,,,24,120,0.1029114205804443,0.00019781204079883258,diagnostic_1,500,acceleration_5s,,,,False,"[180,2106,56,0,0]","[-2.2777490408366754e-07,4.025985959804872e-07,7.105275017238455e-07,null,null]",2342,7,0.050751672859484016,parity_restoration
,,,,,60,300,0.10493391455181104,0.0069168430320716455,diagnostic_1,500,acceleration_5s,,,,False,"[180,2106,56,0,0]","[-2.2777490408366754e-07,4.025985959804872e-07,7.105275017238455e-07,null,null]",2342,7,0.050751672859484016,parity_restoration
,,,,,12,60,-0.0028978789860966084,-0.0838386244211191,diagnostic_1,500,curvature_5s,,,,False,"[636,338,313,362,693]","[0.045797061549761243,0.04378192693071287,0.04237218796403822,0.0420564244705833,0.04343350288204848]",2342,7,-0.03941698940124721,surface_displacement
,,,,,24,120,-0.0035103660972315865,-0.07811415646889004,diagnostic_1,500,curvature_5s,,,,False,"[636,338,313,362,693]","[0.045797061549761243,0.04378192693071287,0.04237218796403822,0.0420564244705833,0.04343350288204848]",2342,7,-0.03941698940124721,surface_displacement
,,,,,60,300,0.001251648003563124,-0.08114768509848216,diagnostic_1,500,curvature_5s,,,,False,"[636,338,313,362,693]","[0.045797061549761243,0.04378192693071287,0.04237218796403822,0.0420564244705833,0.04343350288204848]",2342,7,-0.03941698940124721,surface_displacement
,,,,,12,60,-0.0016524577618325061,-0.08036353488927116,diagnostic_1,500,curvature_5s,,,,False,"[636,338,313,362,693]","[0.004789724325140317,0.0046443220823121495,0.004380174076404815,0.004404226060730317,0.004439444489465303]",2342,7,-0.041792643219218426,absolute_atm_iv_change
,,,,,24,120,-0.005465125376753256,-0.08739142269376718,diagnostic_1,500,curvature_5s,,,,False,"[636,338,313,362,693]","[0.004789724325140317,0.0046443220823121495,0.004380174076404815,0.004404226060730317,0.004439444489465303]",2342,7,-0.041792643219218426,absolute_atm_iv_change
,,,,,60,300,-0.0014307887582264047,-0.08454983933659922,diagnostic_1,500,curvature_5s,,,,False,"[636,338,313,362,693]","[0.004789724325140317,0.0046443220823121495,0.004380174076404815,0.004404226060730317,0.004439444489465303]",2342,7,-0.041792643219218426,absolute_atm_iv_change
,,,,,12,60,0.054984998744127135,-0.018936070317226023,diagnostic_1,500,curvature_5s,,,,False,"[636,338,313,362,693]","[0.00011352266322050257,0.0001062792650486256,0.00011962792665929395,0.00011727154143518817,0.00011409029285730103]",2342,7,0.020711976061184672,realized_futures_volatility
,,,,,24,120,0.060194392949363976,-0.02174975529940757,diagnostic_1,500,curvature_5s,,,,False,"[636,338,313,362,693]","[0.00011352266322050257,0.0001062792650486256,0.00011962792665929395,0.00011727154143518817,0.00011409029285730103]",2342,7,0.020711976061184672,realized_futures_volatility
,,,,,60,300,0.058383757618363,-0.02063554445404888,diagnostic_1,500,curvature_5s,,,,False,"[636,338,313,362,693]","[0.00011352266322050257,0.0001062792650486256,0.00011962792665929395,0.00011727154143518817,0.00011409029285730103]",2342,7,0.020711976061184672,realized_futures_volatility
,,,,,12,60,0.05216257923834359,-0.025554645743454545,diagnostic_1,500,curvature_5s,,,,False,"[636,338,313,362,693]","[8.667190119905292e-05,8.610155455459504e-05,8.478865455895568e-05,8.517207361716592e-05,8.811923160525455e-05]",2342,7,0.011316949174611797,absolute_futures_return
,,,,,24,120,0.05365166329465227,-0.026477815822081467,diagnostic_1,500,curvature_5s,,,,False,"[636,338,313,362,693]","[8.667190119905292e-05,8.610155455459504e-05,8.478865455895568e-05,8.517207361716592e-05,8.811923160525455e-05]",2342,7,0.011316949174611797,absolute_futures_return
,,,,,60,300,0.0493263266290352,-0.03625219056080979,diagnostic_1,500,curvature_5s,,,,False,"[636,338,313,362,693]","[8.667190119905292e-05,8.610155455459504e-05,8.478865455895568e-05,8.517207361716592e-05,8.811923160525455e-05]",2342,7,0.011316949174611797,absolute_futures_return
,,,,,12,60,0.01882229392005999,-0.06064943217668522,diagnostic_1,500,curvature_5s,,,,False,"[636,338,313,362,693]","[2.2961478090058695e-05,-1.4128609227716438e-05,2.0337632729689747e-05,-2.298491134003412e-05,-1.742317634238223e-05]",2342,7,-0.0247701632068301,near_atm_spread_change
,,,,,24,120,0.017933595772844514,-0.06486875514767507,diagnostic_1,500,curvature_5s,,,,False,"[636,338,313,362,693]","[2.2961478090058695e-05,-1.4128609227716438e-05,2.0337632729689747e-05,-2.298491134003412e-05,-1.742317634238223e-05]",2342,7,-0.0247701632068301,near_atm_spread_change
,,,,,60,300,0.014717207385357874,-0.05618799882487936,diagnostic_1,500,curvature_5s,,,,False,"[636,338,313,362,693]","[2.2961478090058695e-05,-1.4128609227716438e-05,2.0337632729689747e-05,-2.298491134003412e-05,-1.742317634238223e-05]",2342,7,-0.0247701632068301,near_atm_spread_change
,,,,,12,60,0.05678098586236264,-0.02189981519689373,diagnostic_1,500,curvature_5s,,,,False,"[636,338,313,362,693]","[4.484682379044452e-05,4.931884823289849e-05,4.8370600437013484e-05,4.56740143220069e-05,4.544579739780481e-05]",2342,7,0.017879931303810517,absolute_atm_straddle_change
,,,,,24,120,0.05678303358339316,-0.022369291565820265,diagnostic_1,500,curvature_5s,,,,False,"[636,338,313,362,693]","[4.484682379044452e-05,4.931884823289849e-05,4.8370600437013484e-05,4.56740143220069e-05,4.544579739780481e-05]",2342,7,0.017879931303810517,absolute_atm_straddle_change
,,,,,60,300,0.05415397041881375,-0.017703097196853267,diagnostic_1,500,curvature_5s,,,,False,"[636,338,313,362,693]","[4.484682379044452e-05,4.931884823289849e-05,4.8370600437013484e-05,4.56740143220069e-05,4.544579739780481e-05]",2342,7,0.017879931303810517,absolute_atm_straddle_change
,,,,,12,60,0.03577358901459537,-0.034869114638166006,diagnostic_1,500,curvature_5s,,,,False,"[636,338,313,362,693]","[1.5898334902931595e-07,-7.581985790658599e-07,-1.2692884812072014e-09,2.308925797870815e-06,2.400960443050212e-07]",2342,7,0.002672836764812116,parity_restoration
,,,,,24,120,0.03569418881193966,-0.03134827720363655,diagnostic_1,500,curvature_5s,,,,False,"[636,338,313,362,693]","[1.5898334902931595e-07,-7.581985790658599e-07,-1.2692884812072014e-09,2.308925797870815e-06,2.400960443050212e-07]",2342,7,0.002672836764812116,parity_restoration
,,,,,60,300,0.0318853230878408,-0.035567437818896354,diagnostic_1,500,curvature_5s,,,,False,"[636,338,313,362,693]","[1.5898334902931595e-07,-7.581985790658599e-07,-1.2692884812072014e-09,2.308925797870815e-06,2.400960443050212e-07]",2342,7,0.002672836764812116,parity_restoration
-0.07934999625443284,-0.0013580493886737877,-0.08228416271270178,-0.09084727481063593,-0.08200533791537845,,,,,diagnostic_1,,acceleration_increment_5s,0.008563112097934145,"{""60s"":{""mean_mae_reduction"":0.0001641952938453059,""ci_low"":0.0001484201145608014,""ci_high"":0.00018100940717994632,""positive_probability"":1.0,""block_rows"":12,""draws"":500},""120s"":{""mean_mae_reduction"":0.0001641952938453059,""ci_low"":0.00014566119094905849,""ci_high"":0.0001816894866777651,""positive_probability"":1.0,""block_rows"":24,""draws"":500},""300s"":{""mean_mae_reduction"":0.0001641952938453059,""ci_low"":0.0001431551521954139,""ci_high"":0.00018815049059095414,""positive_probability"":1.0,""block_rows"":60,""draws"":500}}","{""base_to_candidate"":{""60s"":{""mean_mae_reduction"":-5.346387972531643e-06,""ci_low"":-1.2996479743735784e-05,""ci_high"":2.080571075381533e-06,""positive_probability"":0.084,""block_rows"":12,""draws"":500},""120s"":{""mean_mae_reduction"":-5.346387972531643e-06,""ci_low"":-1.4564154004490174e-05,""ci_high"":4.111887698520635e-06,""positive_probability"":0.128,""block_rows"":24,""draws"":500},""300s"":{""mean_mae_reduction"":-5.346387972531643e-06,""ci_low"":-1.6649387234685607e-05,""ci_high"":6.742718951640692e-06,""positive_probability"":0.21,""block_rows"":60,""draws"":500}},""base_pca_to_candidate"":{""60s"":{""mean_mae_reduction"":1.8850969666757917e-05,""ci_low"":1.1634929790063456e-05,""ci_high"":2.575715640567477e-05,""positive_probability"":1.0,""block_rows"":12,""draws"":500},""120s"":{""mean_mae_reduction"":1.8850969666757917e-05,""ci_low"":1.000144561831808e-05,""ci_high"":2.810420797838859e-05,""positive_probability"":1.0,""block_rows"":24,""draws"":500},""300s"":{""mean_mae_reduction"":1.8850969666757917e-05,""ci_low"":9.722027507804326e-06,""ci_high"":2.9095845187717036e-05,""positive_probability"":1.0,""block_rows"":60,""draws"":500}}}",,,,,7,,surface_displacement
-0.07579156674140819,0.002317667043174154,-0.08477683081595422,-0.09084727481063593,-0.08200533791537845,,,,,diagnostic_1,,curvature_increment_5s,0.006070443994681707,"{""60s"":{""mean_mae_reduction"":0.00011639907595261973,""ci_low"":0.00010359653370695087,""ci_high"":0.00013002602559083475,""positive_probability"":1.0,""block_rows"":12,""draws"":500},""120s"":{""mean_mae_reduction"":0.00011639907595261973,""ci_low"":0.00010122344089901818,""ci_high"":0.00013054392630116717,""positive_probability"":1.0,""block_rows"":24,""draws"":500},""300s"":{""mean_mae_reduction"":0.00011639907595261973,""ci_low"":9.730966970240013e-05,""ci_high"":0.0001329645497934061,""positive_probability"":1.0,""block_rows"":60,""draws"":500}}","{""base_to_candidate"":{""60s"":{""mean_mae_reduction"":-5.3142605865217805e-05,""ci_low"":-6.88029795715163e-05,""ci_high"":-3.7244096874791566e-05,""positive_probability"":0.0,""block_rows"":12,""draws"":500},""120s"":{""mean_mae_reduction"":-5.3142605865217805e-05,""ci_low"":-7.152628292813428e-05,""ci_high"":-3.4335412005559026e-05,""positive_probability"":0.0,""block_rows"":24,""draws"":500},""300s"":{""mean_mae_reduction"":-5.3142605865217805e-05,""ci_low"":-7.669315191427451e-05,""ci_high"":-2.8728307874436536e-05,""positive_probability"":0.0,""block_rows"":60,""draws"":500}},""base_pca_to_candidate"":{""60s"":{""mean_mae_reduction"":-5.081523066248842e-05,""ci_low"":-6.57757619943312e-05,""ci_high"":-3.6475027078527563e-05,""positive_probability"":0.0,""block_rows"":12,""draws"":500},""120s"":{""mean_mae_reduction"":-5.081523066248842e-05,""ci_low"":-6.744636273016218e-05,""ci_high"":-3.340224277581986e-05,""positive_probability"":0.0,""block_rows"":24,""draws"":500},""300s"":{""mean_mae_reduction"":-5.081523066248842e-05,""ci_low"":-7.346705961247473e-05,""ci_high"":-2.526100610204729e-05,""positive_probability"":0.0,""block_rows"":60,""draws"":500}}}",,,,,7,,surface_displacement
0.1721628180538589,0.1424571828247253,0.17188324414121092,0.17107346225275588,0.1716380222591154,,,,,diagnostic_1,,acceleration_increment_5s,0.0008097818884550412,"{""60s"":{""mean_mae_reduction"":3.5171207853341376e-06,""ci_low"":3.283730266972234e-06,""ci_high"":3.7350349492011664e-06,""positive_probability"":1.0,""block_rows"":12,""draws"":500},""120s"":{""mean_mae_reduction"":3.5171207853341376e-06,""ci_low"":3.2291547373152233e-06,""ci_high"":3.7898596150586804e-06,""positive_probability"":1.0,""block_rows"":24,""draws"":500},""300s"":{""mean_mae_reduction"":3.5171207853341376e-06,""ci_low"":3.2140327693599825e-06,""ci_high"":3.829658252834657e-06,""positive_probability"":1.0,""block_rows"":60,""draws"":500}}","{""base_to_candidate"":{""60s"":{""mean_mae_reduction"":1.0650707194532428e-06,""ci_low"":9.259237677889412e-07,""ci_high"":1.2066632111098924e-06,""positive_probability"":1.0,""block_rows"":12,""draws"":500},""120s"":{""mean_mae_reduction"":1.0650707194532428e-06,""ci_low"":9.16772075097603e-07,""ci_high"":1.2122725105017961e-06,""positive_probability"":1.0,""block_rows"":24,""draws"":500},""300s"":{""mean_mae_reduction"":1.0650707194532428e-06,""ci_low"":8.983090556995059e-07,""ci_high"":1.2282781123577062e-06,""positive_probability"":1.0,""block_rows"":60,""draws"":500}},""base_pca_to_candidate"":{""60s"":{""mean_mae_reduction"":3.924132288248694e-06,""ci_low"":3.712918096729296e-06,""ci_high"":4.131836469906165e-06,""positive_probability"":1.0,""block_rows"":12,""draws"":500},""120s"":{""mean_mae_reduction"":3.924132288248694e-06,""ci_low"":3.6803906737645e-06,""ci_high"":4.151163456000325e-06,""positive_probability"":1.0,""block_rows"":24,""draws"":500},""300s"":{""mean_mae_reduction"":3.924132288248694e-06,""ci_low"":3.675806622289497e-06,""ci_high"":4.182149364260055e-06,""positive_probability"":1.0,""block_rows"":60,""draws"":500}}}",,,,,7,,absolute_atm_iv_change
0.17331294093016647,0.1432882869326959,0.17240635046658193,0.17107346225275588,0.1716380222591154,,,,,diagnostic_1,,curvature_increment_5s,0.0013328882138260445,"{""60s"":{""mean_mae_reduction"":5.789125328943657e-06,""ci_low"":5.301474158535422e-06,""ci_high"":6.332106143475316e-06,""positive_probability"":1.0,""block_rows"":12,""draws"":500},""120s"":{""mean_mae_reduction"":5.789125328943657e-06,""ci_low"":5.201567593443443e-06,""ci_high"":6.322565768886941e-06,""positive_probability"":1.0,""block_rows"":24,""draws"":500},""300s"":{""mean_mae_reduction"":5.789125328943657e-06,""ci_low"":5.183326401586421e-06,""ci_high"":6.310829429190213e-06,""positive_probability"":1.0,""block_rows"":60,""draws"":500}}","{""base_to_candidate"":{""60s"":{""mean_mae_reduction"":3.337075263062761e-06,""ci_low"":2.8492052662910676e-06,""ci_high"":3.810802051695511e-06,""positive_probability"":1.0,""block_rows"":12,""draws"":500},""120s"":{""mean_mae_reduction"":3.337075263062761e-06,""ci_low"":2.856629295449329e-06,""ci_high"":3.860172857251683e-06,""positive_probability"":1.0,""block_rows"":24,""draws"":500},""300s"":{""mean_mae_reduction"":3.337075263062761e-06,""ci_low"":2.83241504549003e-06,""ci_high"":3.920435734281495e-06,""positive_probability"":1.0,""block_rows"":60,""draws"":500}},""base_pca_to_candidate"":{""60s"":{""mean_mae_reduction"":4.196417965183072e-06,""ci_low"":3.708571038055849e-06,""ci_high"":4.681310558037888e-06,""positive_probability"":1.0,""block_rows"":12,""draws"":500},""120s"":{""mean_mae_reduction"":4.196417965183072e-06,""ci_low"":3.6827508426056293e-06,""ci_high"":4.741439119028959e-06,""positive_probability"":1.0,""block_rows"":24,""draws"":500},""300s"":{""mean_mae_reduction"":4.196417965183072e-06,""ci_low"":3.619624576846758e-06,""ci_high"":4.7408587968331e-06,""positive_probability"":1.0,""block_rows"":60,""draws"":500}}}",,,,,7,,absolute_atm_iv_change
,,,,,12,60,0.21767172052177397,0.1549788683565488,diagnostic_2,500,velocity_5s,,,,False,"[322,3933,222,0,0]","[0.038567430668370796,0.043451535111338764,0.0573285075369753,null,null]",4477,7,0.18583653201456468,surface_displacement
,,,,,24,120,0.21144021282046488,0.15484126540951262,diagnostic_2,500,velocity_5s,,,,False,"[322,3933,222,0,0]","[0.038567430668370796,0.043451535111338764,0.0573285075369753,null,null]",4477,7,0.18583653201456468,surface_displacement
,,,,,60,300,0.2159625555134943,0.15091911134728123,diagnostic_2,500,velocity_5s,,,,False,"[322,3933,222,0,0]","[0.038567430668370796,0.043451535111338764,0.0573285075369753,null,null]",4477,7,0.18583653201456468,surface_displacement
,,,,,12,60,0.18284666510264957,0.11922781391355443,diagnostic_2,500,velocity_5s,,,,False,"[322,3933,222,0,0]","[0.004728979737677189,0.005214516061151904,0.008095705294394278,null,null]",4477,7,0.15215437469760276,absolute_atm_iv_change
,,,,,24,120,0.17757013958366075,0.12244351728577574,diagnostic_2,500,velocity_5s,,,,False,"[322,3933,222,0,0]","[0.004728979737677189,0.005214516061151904,0.008095705294394278,null,null]",4477,7,0.15215437469760276,absolute_atm_iv_change
,,,,,60,300,0.180080350488271,0.12294557867127374,diagnostic_2,500,velocity_5s,,,,False,"[322,3933,222,0,0]","[0.004728979737677189,0.005214516061151904,0.008095705294394278,null,null]",4477,7,0.15215437469760276,absolute_atm_iv_change
,,,,,12,60,0.048306419403560084,-0.03878890092443652,diagnostic_2,500,velocity_5s,,,,False,"[322,3933,222,0,0]","[0.00013027571814284387,0.00012508656256586762,0.00012365876473849975,null,null]",4477,7,0.003928760812065507,realized_futures_volatility
,,,,,24,120,0.05604671714226586,-0.03881899047553654,diagnostic_2,500,velocity_5s,,,,False,"[322,3933,222,0,0]","[0.00013027571814284387,0.00012508656256586762,0.00012365876473849975,null,null]",4477,7,0.003928760812065507,realized_futures_volatility
,,,,,60,300,0.06125655791999444,-0.03671757353421289,diagnostic_2,500,velocity_5s,,,,False,"[322,3933,222,0,0]","[0.00013027571814284387,0.00012508656256586762,0.00012365876473849975,null,null]",4477,7,0.003928760812065507,realized_futures_volatility
,,,,,12,60,0.041972484845908264,-0.028832599125853186,diagnostic_2,500,velocity_5s,,,,False,"[322,3933,222,0,0]","[9.3066174051036e-05,9.182406963054503e-05,8.522927224099099e-05,null,null]",4477,7,0.006199071093930602,absolute_futures_return
,,,,,24,120,0.04591654920727108,-0.028735301349617277,diagnostic_2,500,velocity_5s,,,,False,"[322,3933,222,0,0]","[9.3066174051036e-05,9.182406963054503e-05,8.522927224099099e-05,null,null]",4477,7,0.006199071093930602,absolute_futures_return
,,,,,60,300,0.046188668093347665,-0.02569993668817497,diagnostic_2,500,velocity_5s,,,,False,"[322,3933,222,0,0]","[9.3066174051036e-05,9.182406963054503e-05,8.522927224099099e-05,null,null]",4477,7,0.006199071093930602,absolute_futures_return
,,,,,12,60,0.08382711762393816,0.024869045990102732,diagnostic_2,500,velocity_5s,,,,False,"[322,3933,222,0,0]","[-6.0589904114184614e-05,-3.197959385598692e-06,0.0001402937696757936,null,null]",4477,7,0.05327657024843268,near_atm_spread_change
,,,,,24,120,0.08261715233028138,0.025798611041389655,diagnostic_2,500,velocity_5s,,,,False,"[322,3933,222,0,0]","[-6.0589904114184614e-05,-3.197959385598692e-06,0.0001402937696757936,null,null]",4477,7,0.05327657024843268,near_atm_spread_change
,,,,,60,300,0.08396519209745971,0.029235435460942656,diagnostic_2,500,velocity_5s,,,,False,"[322,3933,222,0,0]","[-6.0589904114184614e-05,-3.197959385598692e-06,0.0001402937696757936,null,null]",4477,7,0.05327657024843268,near_atm_spread_change
,,,,,12,60,0.05766466959138858,-0.01983039741498731,diagnostic_2,500,velocity_5s,,,,False,"[322,3933,222,0,0]","[8.011723272733807e-05,7.257614632371785e-05,6.046436878072249e-05,null,null]",4477,7,0.01674054465307865,absolute_atm_straddle_change
,,,,,24,120,0.05374812982930106,-0.017821235088860504,diagnostic_2,500,velocity_5s,,,,False,"[322,3933,222,0,0]","[8.011723272733807e-05,7.257614632371785e-05,6.046436878072249e-05,null,null]",4477,7,0.01674054465307865,absolute_atm_straddle_change
,,,,,60,300,0.055995343678672094,-0.021302572817552993,diagnostic_2,500,velocity_5s,,,,False,"[322,3933,222,0,0]","[8.011723272733807e-05,7.257614632371785e-05,6.046436878072249e-05,null,null]",4477,7,0.01674054465307865,absolute_atm_straddle_change
,,,,,12,60,0.06059986312290138,-0.01023560719378585,diagnostic_2,500,velocity_5s,,,,False,"[322,3933,222,0,0]","[-1.824700581174675e-06,1.8256588625485014e-07,1.1678084774757735e-06,null,null]",4477,7,0.022465256605109136,parity_restoration
,,,,,24,120,0.05613440830598858,-0.01162189155797328,diagnostic_2,500,velocity_5s,,,,False,"[322,3933,222,0,0]","[-1.824700581174675e-06,1.8256588625485014e-07,1.1678084774757735e-06,null,null]",4477,7,0.022465256605109136,parity_restoration
,,,,,60,300,0.05787494029507797,-0.014089589766987695,diagnostic_2,500,velocity_5s,,,,False,"[322,3933,222,0,0]","[-1.824700581174675e-06,1.8256588625485014e-07,1.1678084774757735e-06,null,null]",4477,7,0.022465256605109136,parity_restoration
,,,,,12,60,0.15543344157606007,0.09352718497852515,diagnostic_2,500,acceleration_5s,,,,False,"[249,4066,162,0,0]","[0.03845357657444013,0.044072812787853716,0.04484896036339809,null,null]",4477,7,0.12497388644043063,surface_displacement
,,,,,24,120,0.15493310322279857,0.09386826284326764,diagnostic_2,500,acceleration_5s,,,,False,"[249,4066,162,0,0]","[0.03845357657444013,0.044072812787853716,0.04484896036339809,null,null]",4477,7,0.12497388644043063,surface_displacement
,,,,,60,300,0.15648952839877933,0.08667080092250444,diagnostic_2,500,acceleration_5s,,,,False,"[249,4066,162,0,0]","[0.03845357657444013,0.044072812787853716,0.04484896036339809,null,null]",4477,7,0.12497388644043063,surface_displacement
,,,,,12,60,0.12826724318934274,0.07088823999696334,diagnostic_2,500,acceleration_5s,,,,False,"[249,4066,162,0,0]","[0.00456400712331136,0.0053536491940394445,0.005705520510673523,null,null]",4477,7,0.10128400076452054,absolute_atm_iv_change
,,,,,24,120,0.1270263121943654,0.07503152004579638,diagnostic_2,500,acceleration_5s,,,,False,"[249,4066,162,0,0]","[0.00456400712331136,0.0053536491940394445,0.005705520510673523,null,null]",4477,7,0.10128400076452054,absolute_atm_iv_change
,,,,,60,300,0.13023931124958987,0.07337888663816029,diagnostic_2,500,acceleration_5s,,,,False,"[249,4066,162,0,0]","[0.00456400712331136,0.0053536491940394445,0.005705520510673523,null,null]",4477,7,0.10128400076452054,absolute_atm_iv_change
,,,,,12,60,0.059857151568740115,-0.03754536602998797,diagnostic_2,500,acceleration_5s,,,,False,"[249,4066,162,0,0]","[0.0001296023957142709,0.00012536144058184902,0.0001196040965854837,null,null]",4477,7,0.00986372456718453,realized_futures_volatility
,,,,,24,120,0.06441455429116813,-0.03935751256256762,diagnostic_2,500,acceleration_5s,,,,False,"[249,4066,162,0,0]","[0.0001296023957142709,0.00012536144058184902,0.0001196040965854837,null,null]",4477,7,0.00986372456718453,realized_futures_volatility
,,,,,60,300,0.07140446462864454,-0.03683436848526027,diagnostic_2,500,acceleration_5s,,,,False,"[249,4066,162,0,0]","[0.0001296023957142709,0.00012536144058184902,0.0001196040965854837,null,null]",4477,7,0.00986372456718453,realized_futures_volatility
,,,,,12,60,0.04573143323062386,-0.028832890439548738,diagnostic_2,500,acceleration_5s,,,,False,"[249,4066,162,0,0]","[9.649728675443963e-05,9.16071496335849e-05,8.35171452275029e-05,null,null]",4477,7,0.0072756094306179455,absolute_futures_return
,,,,,24,120,0.05045104055604132,-0.029958164075941787,diagnostic_2,500,acceleration_5s,,,,False,"[249,4066,162,0,0]","[9.649728675443963e-05,9.16071496335849e-05,8.35171452275029e-05,null,null]",4477,7,0.0072756094306179455,absolute_futures_return
,,,,,60,300,0.04894229192738747,-0.02847208235723058,diagnostic_2,500,acceleration_5s,,,,False,"[249,4066,162,0,0]","[9.649728675443963e-05,9.16071496335849e-05,8.35171452275029e-05,null,null]",4477,7,0.0072756094306179455,absolute_futures_return
,,,,,12,60,0.07212797165525549,0.008830979764592774,diagnostic_2,500,acceleration_5s,,,,False,"[249,4066,162,0,0]","[-5.2639978692818237e-05,4.195336028438774e-06,-3.0204864922353286e-05,null,null]",4477,7,0.0365654210279495,near_atm_spread_change
,,,,,24,120,0.0661446822497975,0.0076924543287466,diagnostic_2,500,acceleration_5s,,,,False,"[249,4066,162,0,0]","[-5.2639978692818237e-05,4.195336028438774e-06,-3.0204864922353286e-05,null,null]",4477,7,0.0365654210279495,near_atm_spread_change
,,,,,60,300,0.06698721332292262,0.008821801566239875,diagnostic_2,500,acceleration_5s,,,,False,"[249,4066,162,0,0]","[-5.2639978692818237e-05,4.195336028438774e-06,-3.0204864922353286e-05,null,null]",4477,7,0.0365654210279495,near_atm_spread_change
,,,,,12,60,0.050987053470748306,-0.03068107232407576,diagnostic_2,500,acceleration_5s,,,,False,"[249,4066,162,0,0]","[6.83079926244705e-05,7.327079802267784e-05,6.009300848768081e-05,null,null]",4477,7,0.007797969214723786,absolute_atm_straddle_change
,,,,,24,120,0.05122071248222754,-0.03183855840650521,diagnostic_2,500,acceleration_5s,,,,False,"[249,4066,162,0,0]","[6.83079926244705e-05,7.327079802267784e-05,6.009300848768081e-05,null,null]",4477,7,0.007797969214723786,absolute_atm_straddle_change
,,,,,60,300,0.05285392272226146,-0.030957903873308,diagnostic_2,500,acceleration_5s,,,,False,"[249,4066,162,0,0]","[6.83079926244705e-05,7.327079802267784e-05,6.009300848768081e-05,null,null]",4477,7,0.007797969214723786,absolute_atm_straddle_change
,,,,,12,60,0.05706150936879925,-0.020311457616561494,diagnostic_2,500,acceleration_5s,,,,False,"[249,4066,162,0,0]","[-1.8580523470905704e-06,1.8600595000830323e-07,5.931257234166239e-07,null,null]",4477,7,0.015589994684805982,parity_restoration
,,,,,24,120,0.05252558209504344,-0.026790105750043362,diagnostic_2,500,acceleration_5s,,,,False,"[249,4066,162,0,0]","[-1.8580523470905704e-06,1.8600595000830323e-07,5.931257234166239e-07,null,null]",4477,7,0.015589994684805982,parity_restoration
,,,,,60,300,0.054921416062182385,-0.022602962105037882,diagnostic_2,500,acceleration_5s,,,,False,"[249,4066,162,0,0]","[-1.8580523470905704e-06,1.8600595000830323e-07,5.931257234166239e-07,null,null]",4477,7,0.015589994684805982,parity_restoration
,,,,,12,60,-0.03622822664362597,-0.0920175909107207,diagnostic_2,500,curvature_5s,,,,False,"[1311,568,534,596,1468]","[0.04624841708451791,0.04316637534139552,0.04368613939315561,0.042027255713985925,0.042584271190819444]",4477,7,-0.06228849388790637,surface_displacement
,,,,,24,120,-0.03729289334877908,-0.09448927603449354,diagnostic_2,500,curvature_5s,,,,False,"[1311,568,534,596,1468]","[0.04624841708451791,0.04316637534139552,0.04368613939315561,0.042027255713985925,0.042584271190819444]",4477,7,-0.06228849388790637,surface_displacement
,,,,,60,300,-0.03687010708300847,-0.08812161427455255,diagnostic_2,500,curvature_5s,,,,False,"[1311,568,534,596,1468]","[0.04624841708451791,0.04316637534139552,0.04368613939315561,0.042027255713985925,0.042584271190819444]",4477,7,-0.06228849388790637,surface_displacement
,,,,,12,60,-0.032465061816420414,-0.08784179953987983,diagnostic_2,500,curvature_5s,,,,False,"[1311,568,534,596,1468]","[0.005775062195405444,0.005190278665805367,0.0052941055054521735,0.00491774205943482,0.005144045157840206]",4477,7,-0.060245929573971124,absolute_atm_iv_change
,,,,,24,120,-0.03080735281518393,-0.09302857734956509,diagnostic_2,500,curvature_5s,,,,False,"[1311,568,534,596,1468]","[0.005775062195405444,0.005190278665805367,0.0052941055054521735,0.00491774205943482,0.005144045157840206]",4477,7,-0.060245929573971124,absolute_atm_iv_change
,,,,,60,300,-0.029825734003162685,-0.08895596954407536,diagnostic_2,500,curvature_5s,,,,False,"[1311,568,534,596,1468]","[0.005775062195405444,0.005190278665805367,0.0052941055054521735,0.00491774205943482,0.005144045157840206]",4477,7,-0.060245929573971124,absolute_atm_iv_change
,,,,,12,60,0.037610245489439004,-0.0168975940441403,diagnostic_2,500,curvature_5s,,,,False,"[1311,568,534,596,1468]","[0.00012164250873343613,0.00012827096532270932,0.00013272620521677448,0.00013017491142720754,0.00012300762911191624]",4477,7,0.008180333919984312,realized_futures_volatility
,,,,,24,120,0.034060015060362804,-0.01835985456129868,diagnostic_2,500,curvature_5s,,,,False,"[1311,568,534,596,1468]","[0.00012164250873343613,0.00012827096532270932,0.00013272620521677448,0.00013017491142720754,0.00012300762911191624]",4477,7,0.008180333919984312,realized_futures_volatility
,,,,,60,300,0.03637903170291581,-0.016785863077141316,diagnostic_2,500,curvature_5s,,,,False,"[1311,568,534,596,1468]","[0.00012164250873343613,0.00012827096532270932,0.00013272620521677448,0.00013017491142720754,0.00012300762911191624]",4477,7,0.008180333919984312,realized_futures_volatility
,,,,,12,60,0.019933523595873956,-0.026648069565555793,diagnostic_2,500,curvature_5s,,,,False,"[1311,568,534,596,1468]","[8.846256771131293e-05,9.500476675973811e-05,9.635146637534381e-05,9.751799922661494e-05,8.891194003154536e-05]",4477,7,-0.003224577842553203,absolute_futures_return
,,,,,24,120,0.022165779906506422,-0.027038075232837248,diagnostic_2,500,curvature_5s,,,,False,"[1311,568,534,596,1468]","[8.846256771131293e-05,9.500476675973811e-05,9.635146637534381e-05,9.751799922661494e-05,8.891194003154536e-05]",4477,7,-0.003224577842553203,absolute_futures_return
,,,,,60,300,0.023795605357244107,-0.0294264423128374,diagnostic_2,500,curvature_5s,,,,False,"[1311,568,534,596,1468]","[8.846256771131293e-05,9.500476675973811e-05,9.635146637534381e-05,9.751799922661494e-05,8.891194003154536e-05]",4477,7,-0.003224577842553203,absolute_futures_return
,,,,,12,60,-0.002041996005695988,-0.057410826659143925,diagnostic_2,500,curvature_5s,,,,False,"[1311,568,534,596,1468]","[2.8551935552069555e-05,1.1212353161732915e-07,1.9209931407486567e-05,-1.0111857951390589e-05,-2.9066087348495766e-05]",4477,7,-0.032566947652065484,near_atm_spread_change
,,,,,24,120,-0.004052255221229988,-0.0610630448438718,diagnostic_2,500,curvature_5s,,,,False,"[1311,568,534,596,1468]","[2.8551935552069555e-05,1.1212353161732915e-07,1.9209931407486567e-05,-1.0111857951390589e-05,-2.9066087348495766e-05]",4477,7,-0.032566947652065484,near_atm_spread_change
,,,,,60,300,-0.0011000267104430016,-0.05835419427894943,diagnostic_2,500,curvature_5s,,,,False,"[1311,568,534,596,1468]","[2.8551935552069555e-05,1.1212353161732915e-07,1.9209931407486567e-05,-1.0111857951390589e-05,-2.9066087348495766e-05]",4477,7,-0.032566947652065484,near_atm_spread_change
,,,,,12,60,0.014133888297993792,-0.03901439726010765,diagnostic_2,500,curvature_5s,,,,False,"[1311,568,534,596,1468]","[7.265646075993253e-05,7.55663282356002e-05,6.596659299697769e-05,7.905149144814318e-05,7.094528490540442e-05]",4477,7,-0.011095860666152898,absolute_atm_straddle_change
,,,,,24,120,0.01728455062213912,-0.035534447181838694,diagnostic_2,500,curvature_5s,,,,False,"[1311,568,534,596,1468]","[7.265646075993253e-05,7.55663282356002e-05,6.596659299697769e-05,7.905149144814318e-05,7.094528490540442e-05]",4477,7,-0.011095860666152898,absolute_atm_straddle_change
,,,,,60,300,0.016925346470766045,-0.03863669940598707,diagnostic_2,500,curvature_5s,,,,False,"[1311,568,534,596,1468]","[7.265646075993253e-05,7.55663282356002e-05,6.596659299697769e-05,7.905149144814318e-05,7.094528490540442e-05]",4477,7,-0.011095860666152898,absolute_atm_straddle_change
,,,,,12,60,0.03365783688473531,-0.01915835605395163,diagnostic_2,500,curvature_5s,,,,False,"[1311,568,534,596,1468]","[-1.5025008218186217e-07,-7.934710343043906e-07,2.0662167471085114e-06,-1.0981475436788883e-06,4.009108472777177e-07]",4477,7,0.008298994133774098,parity_restoration
,,,,,24,120,0.035781848858930536,-0.021391957255328612,diagnostic_2,500,curvature_5s,,,,False,"[1311,568,534,596,1468]","[-1.5025008218186217e-07,-7.934710343043906e-07,2.0662167471085114e-06,-1.0981475436788883e-06,4.009108472777177e-07]",4477,7,0.008298994133774098,parity_restoration
,,,,,60,300,0.037717031470286655,-0.017348326651664123,diagnostic_2,500,curvature_5s,,,,False,"[1311,568,534,596,1468]","[-1.5025008218186217e-07,-7.934710343043906e-07,2.0662167471085114e-06,-1.0981475436788883e-06,4.009108472777177e-07]",4477,7,0.008298994133774098,parity_restoration
-0.21799341189343613,-0.12303124996887149,-0.21833033714267347,-0.22791515370858506,-0.2206168077093067,,,,,diagnostic_2,,acceleration_increment_5s,0.009584816565911591,"{""60s"":{""mean_mae_reduction"":0.00018432263248872275,""ci_low"":0.0001706906839770984,""ci_high"":0.00019699051431020084,""positive_probability"":1.0,""block_rows"":12,""draws"":500},""120s"":{""mean_mae_reduction"":0.00018432263248872275,""ci_low"":0.00016792413541623848,""ci_high"":0.0002002839743268719,""positive_probability"":1.0,""block_rows"":24,""draws"":500},""300s"":{""mean_mae_reduction"":0.00018432263248872275,""ci_low"":0.0001632870824273067,""ci_high"":0.00020509043150602834,""positive_probability"":1.0,""block_rows"":60,""draws"":500}}","{""base_to_candidate"":{""60s"":{""mean_mae_reduction"":4.3970405802939084e-05,""ci_low"":3.795458426338699e-05,""ci_high"":5.087603699560628e-05,""positive_probability"":1.0,""block_rows"":12,""draws"":500},""120s"":{""mean_mae_reduction"":4.3970405802939084e-05,""ci_low"":3.813684946400018e-05,""ci_high"":5.114566574321167e-05,""positive_probability"":1.0,""block_rows"":24,""draws"":500},""300s"":{""mean_mae_reduction"":4.3970405802939084e-05,""ci_low"":3.588917431977348e-05,""ci_high"":5.144258264094198e-05,""positive_probability"":1.0,""block_rows"":60,""draws"":500}},""base_pca_to_candidate"":{""60s"":{""mean_mae_reduction"":5.401029565551731e-05,""ci_low"":4.671242618763239e-05,""ci_high"":6.0642427305201666e-05,""positive_probability"":1.0,""block_rows"":12,""draws"":500},""120s"":{""mean_mae_reduction"":5.401029565551731e-05,""ci_low"":4.7200702496187146e-05,""ci_high"":6.095099551036048e-05,""positive_probability"":1.0,""block_rows"":24,""draws"":500},""300s"":{""mean_mae_reduction"":5.401029565551731e-05,""ci_low"":4.4711128499723495e-05,""ci_high"":6.261310806680621e-05,""positive_probability"":1.0,""block_rows"":60,""draws"":500}}}",,,,,7,,surface_displacement
-0.21232660111442936,-0.11693745494601493,-0.21891616235531797,-0.22791515370858506,-0.2206168077093067,,,,,diagnostic_2,,curvature_increment_5s,0.008998991353267094,"{""60s"":{""mean_mae_reduction"":0.0001730568096500294,""ci_low"":0.00016325196124379477,""ci_high"":0.0001844590532367881,""positive_probability"":1.0,""block_rows"":12,""draws"":500},""120s"":{""mean_mae_reduction"":0.0001730568096500294,""ci_low"":0.00016292365937773946,""ci_high"":0.00018339625988570514,""positive_probability"":1.0,""block_rows"":24,""draws"":500},""300s"":{""mean_mae_reduction"":0.0001730568096500294,""ci_low"":0.00016068918982143648,""ci_high"":0.0001838870963404171,""positive_probability"":1.0,""block_rows"":60,""draws"":500}}","{""base_to_candidate"":{""60s"":{""mean_mae_reduction"":3.270458296424578e-05,""ci_low"":2.115677403353975e-05,""ci_high"":4.5847388835387564e-05,""positive_probability"":1.0,""block_rows"":12,""draws"":500},""120s"":{""mean_mae_reduction"":3.270458296424578e-05,""ci_low"":1.6984088327173973e-05,""ci_high"":4.92877753066989e-05,""positive_probability"":1.0,""block_rows"":24,""draws"":500},""300s"":{""mean_mae_reduction"":3.270458296424578e-05,""ci_low"":1.0346991118489967e-05,""ci_high"":5.5546557945442485e-05,""positive_probability"":1.0,""block_rows"":60,""draws"":500}},""base_pca_to_candidate"":{""60s"":{""mean_mae_reduction"":1.1081222025278597e-05,""ci_low"":-1.3248062982012806e-06,""ci_high"":2.4287315374532316e-05,""positive_probability"":0.954,""block_rows"":12,""draws"":500},""120s"":{""mean_mae_reduction"":1.1081222025278597e-05,""ci_low"":-4.206937564581017e-06,""ci_high"":2.5699457065752656e-05,""positive_probability"":0.92,""block_rows"":24,""draws"":500},""300s"":{""mean_mae_reduction"":1.1081222025278597e-05,""ci_low"":-8.044612647679215e-06,""ci_high"":3.118685789133601e-05,""positive_probability"":0.856,""block_rows"":60,""draws"":500}}}",,,,,7,,surface_displacement
0.18990050219016563,0.1662474313617518,0.1898069508476662,0.18901679641311542,0.1894451971199771,,,,,diagnostic_2,,acceleration_increment_5s,0.0007901544345507716,"{""60s"":{""mean_mae_reduction"":4.040304458182731e-06,""ci_low"":3.7941849886046263e-06,""ci_high"":4.253112329296496e-06,""positive_probability"":1.0,""block_rows"":12,""draws"":500},""120s"":{""mean_mae_reduction"":4.040304458182731e-06,""ci_low"":3.7465405532913104e-06,""ci_high"":4.323845353823104e-06,""positive_probability"":1.0,""block_rows"":24,""draws"":500},""300s"":{""mean_mae_reduction"":4.040304458182731e-06,""ci_low"":3.612049793367132e-06,""ci_high"":4.4635077864003575e-06,""positive_probability"":1.0,""block_rows"":60,""draws"":500}}","{""base_to_candidate"":{""60s"":{""mean_mae_reduction"":1.8497589013446812e-06,""ci_low"":1.7339765869627061e-06,""ci_high"":1.9606066509019386e-06,""positive_probability"":1.0,""block_rows"":12,""draws"":500},""120s"":{""mean_mae_reduction"":1.8497589013446812e-06,""ci_low"":1.7069133572639174e-06,""ci_high"":1.9963517737581427e-06,""positive_probability"":1.0,""block_rows"":24,""draws"":500},""300s"":{""mean_mae_reduction"":1.8497589013446812e-06,""ci_low"":1.6724645842591977e-06,""ci_high"":2.023298108049321e-06,""positive_probability"":1.0,""block_rows"":60,""draws"":500}},""base_pca_to_candidate"":{""60s"":{""mean_mae_reduction"":4.8741085454383874e-06,""ci_low"":4.667648237339519e-06,""ci_high"":5.056749361689917e-06,""positive_probability"":1.0,""block_rows"":12,""draws"":500},""120s"":{""mean_mae_reduction"":4.8741085454383874e-06,""ci_low"":4.6689602982096105e-06,""ci_high"":5.09143444228104e-06,""positive_probability"":1.0,""block_rows"":24,""draws"":500},""300s"":{""mean_mae_reduction"":4.8741085454383874e-06,""ci_low"":4.574368870701951e-06,""ci_high"":5.1798673711465025e-06,""positive_probability"":1.0,""block_rows"":60,""draws"":500}}}",,,,,7,,absolute_atm_iv_change
0.19127824625372536,0.167438596039594,0.19063916931133484,0.18901679641311542,0.1894451971199771,,,,,diagnostic_2,,curvature_increment_5s,0.0016223728982194263,"{""60s"":{""mean_mae_reduction"":8.295695331050754e-06,""ci_low"":7.88208787308957e-06,""ci_high"":8.787557974744153e-06,""positive_probability"":1.0,""block_rows"":12,""draws"":500},""120s"":{""mean_mae_reduction"":8.295695331050754e-06,""ci_low"":7.889710471185659e-06,""ci_high"":8.705048050841491e-06,""positive_probability"":1.0,""block_rows"":24,""draws"":500},""300s"":{""mean_mae_reduction"":8.295695331050754e-06,""ci_low"":7.817388610979491e-06,""ci_high"":8.740394421427701e-06,""positive_probability"":1.0,""block_rows"":60,""draws"":500}}","{""base_to_candidate"":{""60s"":{""mean_mae_reduction"":6.105149774212702e-06,""ci_low"":5.684742842376736e-06,""ci_high"":6.4845094490678425e-06,""positive_probability"":1.0,""block_rows"":12,""draws"":500},""120s"":{""mean_mae_reduction"":6.105149774212702e-06,""ci_low"":5.687706317650806e-06,""ci_high"":6.432511304101272e-06,""positive_probability"":1.0,""block_rows"":24,""draws"":500},""300s"":{""mean_mae_reduction"":6.105149774212702e-06,""ci_low"":5.681687358362095e-06,""ci_high"":6.507707454898572e-06,""positive_probability"":1.0,""block_rows"":60,""draws"":500}},""base_pca_to_candidate"":{""60s"":{""mean_mae_reduction"":7.302120860027223e-06,""ci_low"":6.934658320162695e-06,""ci_high"":7.685348073321161e-06,""positive_probability"":1.0,""block_rows"":12,""draws"":500},""120s"":{""mean_mae_reduction"":7.302120860027223e-06,""ci_low"":6.896257389333438e-06,""ci_high"":7.685966756938675e-06,""positive_probability"":1.0,""block_rows"":24,""draws"":500},""300s"":{""mean_mae_reduction"":7.302120860027223e-06,""ci_low"":6.855003486625016e-06,""ci_high"":7.71861538783442e-06,""positive_probability"":1.0,""block_rows"":60,""draws"":500}}}",,,,,7,,absolute_atm_iv_change
,,,,,12,60,0.23720124658215472,0.15825175569338165,diagnostic_1,500,velocity_30s,,,,False,"[193,2140,9,0,0]","[0.038830016626094394,0.04409570766274845,0.07250586994065844,null,null]",2342,7,0.19816779852453847,surface_displacement
,,,,,24,120,0.2434671650582997,0.15452638750498696,diagnostic_1,500,velocity_30s,,,,False,"[193,2140,9,0,0]","[0.038830016626094394,0.04409570766274845,0.07250586994065844,null,null]",2342,7,0.19816779852453847,surface_displacement
,,,,,60,300,0.24685003666880345,0.15484452904736953,diagnostic_1,500,velocity_30s,,,,False,"[193,2140,9,0,0]","[0.038830016626094394,0.04409570766274845,0.07250586994065844,null,null]",2342,7,0.19816779852453847,surface_displacement
,,,,,12,60,0.17928166978812562,0.09709064233714694,diagnostic_1,500,velocity_30s,,,,False,"[193,2140,9,0,0]","[0.003958688537382709,0.004583997404742464,0.009347061316172281,null,null]",2342,7,0.14163478815142463,absolute_atm_iv_change
,,,,,24,120,0.18385225698126859,0.09798436358535614,diagnostic_1,500,velocity_30s,,,,False,"[193,2140,9,0,0]","[0.003958688537382709,0.004583997404742464,0.009347061316172281,null,null]",2342,7,0.14163478815142463,absolute_atm_iv_change
,,,,,60,300,0.18288859667893703,0.10318318248991516,diagnostic_1,500,velocity_30s,,,,False,"[193,2140,9,0,0]","[0.003958688537382709,0.004583997404742464,0.009347061316172281,null,null]",2342,7,0.14163478815142463,absolute_atm_iv_change
,,,,,12,60,0.10134195306509235,-0.014870839914234227,diagnostic_1,500,velocity_30s,,,,False,"[193,2140,9,0,0]","[0.00011421535940889955,0.00011391347936983642,0.00014053413014603018,null,null]",2342,7,0.0407934491546715,realized_futures_volatility
,,,,,24,120,0.11707839465941884,-0.012905336962192758,diagnostic_1,500,velocity_30s,,,,False,"[193,2140,9,0,0]","[0.00011421535940889955,0.00011391347936983642,0.00014053413014603018,null,null]",2342,7,0.0407934491546715,realized_futures_volatility
,,,,,60,300,0.12588976894221393,-0.022128035562709515,diagnostic_1,500,velocity_30s,,,,False,"[193,2140,9,0,0]","[0.00011421535940889955,0.00011391347936983642,0.00014053413014603018,null,null]",2342,7,0.0407934491546715,realized_futures_volatility
,,,,,12,60,0.10852452695628996,0.008512074650595627,diagnostic_1,500,velocity_30s,,,,False,"[193,2140,9,0,0]","[8.468430276979436e-05,8.641626233252409e-05,0.00015428331163194444,null,null]",2342,7,0.05516242653282035,absolute_futures_return
,,,,,24,120,0.11264184668735858,0.001049213002824518,diagnostic_1,500,velocity_30s,,,,False,"[193,2140,9,0,0]","[8.468430276979436e-05,8.641626233252409e-05,0.00015428331163194444,null,null]",2342,7,0.05516242653282035,absolute_futures_return
,,,,,60,300,0.1136225048829108,-0.0012284769132790427,diagnostic_1,500,velocity_30s,,,,False,"[193,2140,9,0,0]","[8.468430276979436e-05,8.641626233252409e-05,0.00015428331163194444,null,null]",2342,7,0.05516242653282035,absolute_futures_return
,,,,,12,60,0.09350617381137018,0.0232655766972157,diagnostic_1,500,velocity_30s,,,,False,"[193,2140,9,0,0]","[-9.183421365463132e-05,3.477166754696257e-06,0.000675752940070298,null,null]",2342,7,0.05935651205244918,near_atm_spread_change
,,,,,24,120,0.09306477263264443,0.022626967652754716,diagnostic_1,500,velocity_30s,,,,False,"[193,2140,9,0,0]","[-9.183421365463132e-05,3.477166754696257e-06,0.000675752940070298,null,null]",2342,7,0.05935651205244918,near_atm_spread_change
,,,,,60,300,0.09140736220756904,0.027041303386817716,diagnostic_1,500,velocity_30s,,,,False,"[193,2140,9,0,0]","[-9.183421365463132e-05,3.477166754696257e-06,0.000675752940070298,null,null]",2342,7,0.05935651205244918,near_atm_spread_change
,,,,,12,60,0.03514226603740566,-0.07006628690200464,diagnostic_1,500,velocity_30s,,,,False,"[193,2140,9,0,0]","[4.492840522157096e-05,4.630765015973109e-05,6.563620020945866e-05,null,null]",2342,7,-0.021233959872684435,absolute_atm_straddle_change
,,,,,24,120,0.03404953490836687,-0.06740885930238222,diagnostic_1,500,velocity_30s,,,,False,"[193,2140,9,0,0]","[4.492840522157096e-05,4.630765015973109e-05,6.563620020945866e-05,null,null]",2342,7,-0.021233959872684435,absolute_atm_straddle_change
,,,,,60,300,0.04474237196356594,-0.0689875461080935,diagnostic_1,500,velocity_30s,,,,False,"[193,2140,9,0,0]","[4.492840522157096e-05,4.630765015973109e-05,6.563620020945866e-05,null,null]",2342,7,-0.021233959872684435,absolute_atm_straddle_change
,,,,,12,60,0.08910302418627514,-0.005753908375584137,diagnostic_1,500,velocity_30s,,,,False,"[193,2140,9,0,0]","[-1.4246805391420363e-06,4.854926263310219e-07,9.185758244711906e-06,null,null]",2342,7,0.04115832283319906,parity_restoration
,,,,,24,120,0.08755247656498805,-0.0004341339445965881,diagnostic_1,500,velocity_30s,,,,False,"[193,2140,9,0,0]","[-1.4246805391420363e-06,4.854926263310219e-07,9.185758244711906e-06,null,null]",2342,7,0.04115832283319906,parity_restoration
,,,,,60,300,0.09027726284799968,0.0071580212729352635,diagnostic_1,500,velocity_30s,,,,False,"[193,2140,9,0,0]","[-1.4246805391420363e-06,4.854926263310219e-07,9.185758244711906e-06,null,null]",2342,7,0.04115832283319906,parity_restoration
,,,,,12,60,0.18977167843090906,0.10910715829481533,diagnostic_1,500,acceleration_30s,,,,False,"[178,2143,21,0,0]","[0.03915237462160917,0.044075513027893407,0.05183873024580107,null,null]",2342,7,0.14898762484546732,surface_displacement
,,,,,24,120,0.1946273476150418,0.10429105712811884,diagnostic_1,500,acceleration_30s,,,,False,"[178,2143,21,0,0]","[0.03915237462160917,0.044075513027893407,0.05183873024580107,null,null]",2342,7,0.14898762484546732,surface_displacement
,,,,,60,300,0.19700471305675235,0.1110919144127554,diagnostic_1,500,acceleration_30s,,,,False,"[178,2143,21,0,0]","[0.03915237462160917,0.044075513027893407,0.05183873024580107,null,null]",2342,7,0.14898762484546732,surface_displacement
,,,,,12,60,0.13846180147630732,0.05508667635301523,diagnostic_1,500,acceleration_30s,,,,False,"[178,2143,21,0,0]","[0.004124078857764769,0.0045697355466471955,0.0062321701220103675,null,null]",2342,7,0.09970017710107199,absolute_atm_iv_change
,,,,,24,120,0.15061896830300758,0.056582476390837314,diagnostic_1,500,acceleration_30s,,,,False,"[178,2143,21,0,0]","[0.004124078857764769,0.0045697355466471955,0.0062321701220103675,null,null]",2342,7,0.09970017710107199,absolute_atm_iv_change
,,,,,60,300,0.13988382626195403,0.05937321898562818,diagnostic_1,500,acceleration_30s,,,,False,"[178,2143,21,0,0]","[0.004124078857764769,0.0045697355466471955,0.0062321701220103675,null,null]",2342,7,0.09970017710107199,absolute_atm_iv_change
,,,,,12,60,0.07450986234923587,-0.04733939170058863,diagnostic_1,500,acceleration_30s,,,,False,"[178,2143,21,0,0]","[0.0001087842394562751,0.00011436867559680064,0.00012512147435814788,null,null]",2342,7,0.014403568933285003,realized_futures_volatility
,,,,,24,120,0.09575370192446477,-0.04546951319145051,diagnostic_1,500,acceleration_30s,,,,False,"[178,2143,21,0,0]","[0.0001087842394562751,0.00011436867559680064,0.00012512147435814788,null,null]",2342,7,0.014403568933285003,realized_futures_volatility
,,,,,60,300,0.10635709305451993,-0.05604798336838217,diagnostic_1,500,acceleration_30s,,,,False,"[178,2143,21,0,0]","[0.0001087842394562751,0.00011436867559680064,0.00012512147435814788,null,null]",2342,7,0.014403568933285003,realized_futures_volatility
,,,,,12,60,0.08426326504611006,-0.009813363365220118,diagnostic_1,500,acceleration_30s,,,,False,"[178,2143,21,0,0]","[8.156594265712781e-05,8.66575325642353e-05,0.00011607578822544642,null,null]",2342,7,0.03326853277150489,absolute_futures_return
,,,,,24,120,0.08687845076459168,-0.015761090669595218,diagnostic_1,500,acceleration_30s,,,,False,"[178,2143,21,0,0]","[8.156594265712781e-05,8.66575325642353e-05,0.00011607578822544642,null,null]",2342,7,0.03326853277150489,absolute_futures_return
,,,,,60,300,0.0936896471955781,-0.016685829607841325,diagnostic_1,500,acceleration_30s,,,,False,"[178,2143,21,0,0]","[8.156594265712781e-05,8.66575325642353e-05,0.00011607578822544642,null,null]",2342,7,0.03326853277150489,absolute_futures_return
,,,,,12,60,0.07817800866852931,0.013314930586903896,diagnostic_1,500,acceleration_30s,,,,False,"[178,2143,21,0,0]","[-6.640703270860602e-05,2.8271841374084674e-06,7.431934742877881e-05,null,null]",2342,7,0.04823156029584807,near_atm_spread_change
,,,,,24,120,0.08075141067889083,0.013853187616946,diagnostic_1,500,acceleration_30s,,,,False,"[178,2143,21,0,0]","[-6.640703270860602e-05,2.8271841374084674e-06,7.431934742877881e-05,null,null]",2342,7,0.04823156029584807,near_atm_spread_change
,,,,,60,300,0.0787985636530893,0.014102408854326396,diagnostic_1,500,acceleration_30s,,,,False,"[178,2143,21,0,0]","[-6.640703270860602e-05,2.8271841374084674e-06,7.431934742877881e-05,null,null]",2342,7,0.04823156029584807,near_atm_spread_change
,,,,,12,60,0.009679125604982663,-0.0920857365517448,diagnostic_1,500,acceleration_30s,,,,False,"[178,2143,21,0,0]","[4.980813063095125e-05,4.5989150276152934e-05,4.47468122556096e-05,null,null]",2342,7,-0.04513816657582281,absolute_atm_straddle_change
,,,,,24,120,0.007777637238936831,-0.09151041420731693,diagnostic_1,500,acceleration_30s,,,,False,"[178,2143,21,0,0]","[4.980813063095125e-05,4.5989150276152934e-05,4.47468122556096e-05,null,null]",2342,7,-0.04513816657582281,absolute_atm_straddle_change
,,,,,60,300,0.020568754990754255,-0.09931404913908556,diagnostic_1,500,acceleration_30s,,,,False,"[178,2143,21,0,0]","[4.980813063095125e-05,4.5989150276152934e-05,4.47468122556096e-05,null,null]",2342,7,-0.04513816657582281,absolute_atm_straddle_change
,,,,,12,60,0.04825972117515696,-0.04748926924155854,diagnostic_1,500,acceleration_30s,,,,False,"[178,2143,21,0,0]","[-2.664057442263093e-07,3.63557299625833e-07,5.475220470024007e-06,null,null]",2342,7,0.0018729690009517306,parity_restoration
,,,,,24,120,0.04785149188782821,-0.040255629068696244,diagnostic_1,500,acceleration_30s,,,,False,"[178,2143,21,0,0]","[-2.664057442263093e-07,3.63557299625833e-07,5.475220470024007e-06,null,null]",2342,7,0.0018729690009517306,parity_restoration
,,,,,60,300,0.04691165479652705,-0.032997071522831864,diagnostic_1,500,acceleration_30s,,,,False,"[178,2143,21,0,0]","[-2.664057442263093e-07,3.63557299625833e-07,5.475220470024007e-06,null,null]",2342,7,0.0018729690009517306,parity_restoration
,,,,,12,60,-0.03203164729324235,-0.11170343785662759,diagnostic_1,500,curvature_30s,,,,False,"[640,370,329,360,643]","[0.04685817113952689,0.04328659833370725,0.04193089994215117,0.042142407934883254,0.042830103555659756]",2342,7,-0.07021599179320301,surface_displacement
,,,,,24,120,-0.028976079318277927,-0.11954122601068592,diagnostic_1,500,curvature_30s,,,,False,"[640,370,329,360,643]","[0.04685817113952689,0.04328659833370725,0.04193089994215117,0.042142407934883254,0.042830103555659756]",2342,7,-0.07021599179320301,surface_displacement
,,,,,60,300,-0.02581588193222511,-0.11432675398156686,diagnostic_1,500,curvature_30s,,,,False,"[640,370,329,360,643]","[0.04685817113952689,0.04328659833370725,0.04193089994215117,0.042142407934883254,0.042830103555659756]",2342,7,-0.07021599179320301,surface_displacement
,,,,,12,60,-0.01887198279600758,-0.10215184639481761,diagnostic_1,500,curvature_30s,,,,False,"[640,370,329,360,643]","[0.004938111174851656,0.004476555738900159,0.004225380401662055,0.0045596071829398475,0.00436948580467497]",2342,7,-0.05644526167136803,absolute_atm_iv_change
,,,,,24,120,-0.014246407657376661,-0.101306468770066,diagnostic_1,500,curvature_30s,,,,False,"[640,370,329,360,643]","[0.004938111174851656,0.004476555738900159,0.004225380401662055,0.0045596071829398475,0.00436948580467497]",2342,7,-0.05644526167136803,absolute_atm_iv_change
,,,,,60,300,-0.01948713676504047,-0.1026080405175918,diagnostic_1,500,curvature_30s,,,,False,"[640,370,329,360,643]","[0.004938111174851656,0.004476555738900159,0.004225380401662055,0.0045596071829398475,0.00436948580467497]",2342,7,-0.05644526167136803,absolute_atm_iv_change
,,,,,12,60,0.0031281231782113923,-0.08905462322110767,diagnostic_1,500,curvature_30s,,,,False,"[640,370,329,360,643]","[0.00011864581405111622,0.0001163628321197307,0.00011642556755065918,0.0001071293878012335,0.00011076991785234236]",2342,7,-0.04267172663338415,realized_futures_volatility
,,,,,24,120,0.0029361079299452166,-0.0959650722649149,diagnostic_1,500,curvature_30s,,,,False,"[640,370,329,360,643]","[0.00011864581405111622,0.0001163628321197307,0.00011642556755065918,0.0001071293878012335,0.00011076991785234236]",2342,7,-0.04267172663338415,realized_futures_volatility
,,,,,60,300,0.0013101427550092505,-0.08819841120132374,diagnostic_1,500,curvature_30s,,,,False,"[640,370,329,360,643]","[0.00011864581405111622,0.0001163628321197307,0.00011642556755065918,0.0001071293878012335,0.00011076991785234236]",2342,7,-0.04267172663338415,realized_futures_volatility
,,,,,12,60,-0.002779535648200477,-0.08427836870789798,diagnostic_1,500,curvature_30s,,,,False,"[640,370,329,360,643]","[9.157061576843261e-05,8.60446208232158e-05,8.855257353159432e-05,8.100668589274088e-05,8.386549645597419e-05]",2342,7,-0.0414992639846108,absolute_futures_return
,,,,,24,120,0.004368759021043998,-0.08575449076271847,diagnostic_1,500,curvature_30s,,,,False,"[640,370,329,360,643]","[9.157061576843261e-05,8.60446208232158e-05,8.855257353159432e-05,8.100668589274088e-05,8.386549645597419e-05]",2342,7,-0.0414992639846108,absolute_futures_return
,,,,,60,300,-0.006249108984443374,-0.07714087976608527,diagnostic_1,500,curvature_30s,,,,False,"[640,370,329,360,643]","[9.157061576843261e-05,8.60446208232158e-05,8.855257353159432e-05,8.100668589274088e-05,8.386549645597419e-05]",2342,7,-0.0414992639846108,absolute_futures_return
,,,,,12,60,-0.0003238361045261033,-0.08209617837835018,diagnostic_1,500,curvature_30s,,,,False,"[640,370,329,360,643]","[4.846063143304491e-05,5.466839128702476e-06,-4.176013014211367e-05,-2.622070719048174e-05,-2.186638741695335e-05]",2342,7,-0.04054942699638459,near_atm_spread_change
,,,,,24,120,-0.0054603040360395715,-0.0882742937884541,diagnostic_1,500,curvature_30s,,,,False,"[640,370,329,360,643]","[4.846063143304491e-05,5.466839128702476e-06,-4.176013014211367e-05,-2.622070719048174e-05,-2.186638741695335e-05]",2342,7,-0.04054942699638459,near_atm_spread_change
,,,,,60,300,0.004141349718935915,-0.08209436776528421,diagnostic_1,500,curvature_30s,,,,False,"[640,370,329,360,643]","[4.846063143304491e-05,5.466839128702476e-06,-4.176013014211367e-05,-2.622070719048174e-05,-2.186638741695335e-05]",2342,7,-0.04054942699638459,near_atm_spread_change
,,,,,12,60,0.0037488844641430123,-0.07714114653302022,diagnostic_1,500,curvature_30s,,,,False,"[640,370,329,360,643]","[5.002206889912486e-05,4.575592088135513e-05,4.5995431807809326e-05,4.40919797660576e-05,4.418484408924035e-05]",2342,7,-0.035162264481263666,absolute_atm_straddle_change
,,,,,24,120,0.0025239011388843006,-0.07651580926853357,diagnostic_1,500,curvature_30s,,,,False,"[640,370,329,360,643]","[5.002206889912486e-05,4.575592088135513e-05,4.5995431807809326e-05,4.40919797660576e-05,4.418484408924035e-05]",2342,7,-0.035162264481263666,absolute_atm_straddle_change
,,,,,60,300,-0.001652173710999558,-0.07295670668587745,diagnostic_1,500,curvature_30s,,,,False,"[640,370,329,360,643]","[5.002206889912486e-05,4.575592088135513e-05,4.5995431807809326e-05,4.40919797660576e-05,4.418484408924035e-05]",2342,7,-0.035162264481263666,absolute_atm_straddle_change
,,,,,12,60,0.03897173271987152,-0.0430962931460002,diagnostic_1,500,curvature_30s,,,,False,"[640,370,329,360,643]","[7.686356184422039e-07,5.662879482622737e-07,-1.0209674036695048e-07,-7.571425814805682e-07,7.019759265164241e-07]",2342,7,8.92728741495622e-06,parity_restoration
,,,,,24,120,0.03732932919421535,-0.04243120353906928,diagnostic_1,500,curvature_30s,,,,False,"[640,370,329,360,643]","[7.686356184422039e-07,5.662879482622737e-07,-1.0209674036695048e-07,-7.571425814805682e-07,7.019759265164241e-07]",2342,7,8.92728741495622e-06,parity_restoration
,,,,,60,300,0.042858590732393724,-0.04903641582232759,diagnostic_1,500,curvature_30s,,,,False,"[640,370,329,360,643]","[7.686356184422039e-07,5.662879482622737e-07,-1.0209674036695048e-07,-7.571425814805682e-07,7.019759265164241e-07]",2342,7,8.92728741495622e-06,parity_restoration
-0.08036587519404148,-0.001349120358192346,-0.09930937171459298,-0.09318347254974779,-0.08200533791537845,,,,,diagnostic_1,,acceleration_increment_30s,-0.006125899164845183,"{""60s"":{""mean_mae_reduction"":-0.00011746241342339356,""ci_low"":-0.0001373096888448232,""ci_high"":-9.64133116736551e-05,""positive_probability"":0.0,""block_rows"":12,""draws"":500},""120s"":{""mean_mae_reduction"":-0.00011746241342339356,""ci_low"":-0.00014231371449238074,""ci_high"":-9.176486218516385e-05,""positive_probability"":0.0,""block_rows"":24,""draws"":500},""300s"":{""mean_mae_reduction"":-0.00011746241342339356,""ci_low"":-0.0001496277344529905,""ci_high"":-8.825117288117471e-05,""positive_probability"":0.0,""block_rows"":60,""draws"":500}}","{""base_to_candidate"":{""60s"":{""mean_mae_reduction"":-0.00033180003740187667,""ci_low"":-0.00037173081475054835,""ci_high"":-0.0002887429593638859,""positive_probability"":0.0,""block_rows"":12,""draws"":500},""120s"":{""mean_mae_reduction"":-0.00033180003740187667,""ci_low"":-0.0003736025888254914,""ci_high"":-0.00028578457721750104,""positive_probability"":0.0,""block_rows"":24,""draws"":500},""300s"":{""mean_mae_reduction"":-0.00033180003740187667,""ci_low"":-0.00039296159927524005,""ci_high"":-0.00028142261281138955,""positive_probability"":0.0,""block_rows"":60,""draws"":500}},""base_pca_to_candidate"":{""60s"":{""mean_mae_reduction"":-0.00027075850639386544,""ci_low"":-0.0003105289726677464,""ci_high"":-0.000231709995383625,""positive_probability"":0.0,""block_rows"":12,""draws"":500},""120s"":{""mean_mae_reduction"":-0.00027075850639386544,""ci_low"":-0.0003128706312997828,""ci_high"":-0.00022491184646731405,""positive_probability"":0.0,""block_rows"":24,""draws"":500},""300s"":{""mean_mae_reduction"":-0.00027075850639386544,""ci_low"":-0.00032368969998795215,""ci_high"":-0.00021327361648254065,""positive_probability"":0.0,""block_rows"":60,""draws"":500}}}",,,,,7,,surface_displacement
-0.09076466218986923,-0.021540130506992883,-0.10755633529153674,-0.09318347254974779,-0.08200533791537845,,,,,diagnostic_1,,curvature_increment_30s,-0.01437286274178895,"{""60s"":{""mean_mae_reduction"":-0.00027559564727122165,""ci_low"":-0.0003168164319230765,""ci_high"":-0.00023629528242272534,""positive_probability"":0.0,""block_rows"":12,""draws"":500},""120s"":{""mean_mae_reduction"":-0.00027559564727122165,""ci_low"":-0.00032547997400682104,""ci_high"":-0.00022007940376874384,""positive_probability"":0.0,""block_rows"":24,""draws"":500},""300s"":{""mean_mae_reduction"":-0.00027559564727122165,""ci_low"":-0.000340344067607277,""ci_high"":-0.00020735490810454968,""positive_probability"":0.0,""block_rows"":60,""draws"":500}}","{""base_to_candidate"":{""60s"":{""mean_mae_reduction"":-0.0004899332712497049,""ci_low"":-0.0005605470471481746,""ci_high"":-0.00041699934957608903,""positive_probability"":0.0,""block_rows"":12,""draws"":500},""120s"":{""mean_mae_reduction"":-0.0004899332712497049,""ci_low"":-0.0005695245259220267,""ci_high"":-0.00040762177347249546,""positive_probability"":0.0,""block_rows"":24,""draws"":500},""300s"":{""mean_mae_reduction"":-0.0004899332712497049,""ci_low"":-0.0006067217269433455,""ci_high"":-0.0003848665032284719,""positive_probability"":0.0,""block_rows"":60,""draws"":500}},""base_pca_to_candidate"":{""60s"":{""mean_mae_reduction"":-0.0006800330284412102,""ci_low"":-0.0007686665836996612,""ci_high"":-0.0006035427635420218,""positive_probability"":0.0,""block_rows"":12,""draws"":500},""120s"":{""mean_mae_reduction"":-0.0006800330284412102,""ci_low"":-0.0007687902155217235,""ci_high"":-0.0005842211931035856,""positive_probability"":0.0,""block_rows"":24,""draws"":500},""300s"":{""mean_mae_reduction"":-0.0006800330284412102,""ci_low"":-0.000794669760284781,""ci_high"":-0.0005564962111965869,""positive_probability"":0.0,""block_rows"":60,""draws"":500}}}",,,,,7,,surface_displacement
0.17158349320615873,0.14109109364973005,0.17073334382519378,0.17083340906961353,0.1716380222591154,,,,,diagnostic_1,,acceleration_increment_30s,-0.00010006524441974474,"{""60s"":{""mean_mae_reduction"":-4.3461277172965635e-07,""ci_low"":-5.351786855461402e-07,""ci_high"":-3.330983981553918e-07,""positive_probability"":0.0,""block_rows"":12,""draws"":500},""120s"":{""mean_mae_reduction"":-4.3461277172965635e-07,""ci_low"":-5.457321621534376e-07,""ci_high"":-3.1032890578443864e-07,""positive_probability"":0.0,""block_rows"":24,""draws"":500},""300s"":{""mean_mae_reduction"":-4.3461277172965635e-07,""ci_low"":-6.013926819506337e-07,""ci_high"":-2.760080537004736e-07,""positive_probability"":0.0,""block_rows"":60,""draws"":500}}","{""base_to_candidate"":{""60s"":{""mean_mae_reduction"":-3.9292843781175035e-06,""ci_low"":-4.391331135052609e-06,""ci_high"":-3.4693557227589537e-06,""positive_probability"":0.0,""block_rows"":12,""draws"":500},""120s"":{""mean_mae_reduction"":-3.9292843781175035e-06,""ci_low"":-4.392276212929463e-06,""ci_high"":-3.3857489323402613e-06,""positive_probability"":0.0,""block_rows"":24,""draws"":500},""300s"":{""mean_mae_reduction"":-3.9292843781175035e-06,""ci_low"":-4.605268020470869e-06,""ci_high"":-3.2458003112705587e-06,""positive_probability"":0.0,""block_rows"":60,""draws"":500}},""base_pca_to_candidate"":{""60s"":{""mean_mae_reduction"":-5.711651377098766e-06,""ci_low"":-6.228250807122508e-06,""ci_high"":-5.176559044276534e-06,""positive_probability"":0.0,""block_rows"":12,""draws"":500},""120s"":{""mean_mae_reduction"":-5.711651377098766e-06,""ci_low"":-6.304476903750423e-06,""ci_high"":-5.089187648987041e-06,""positive_probability"":0.0,""block_rows"":24,""draws"":500},""300s"":{""mean_mae_reduction"":-5.711651377098766e-06,""ci_low"":-6.568431340932771e-06,""ci_high"":-4.847937572636082e-06,""positive_probability"":0.0,""block_rows"":60,""draws"":500}}}",,,,,7,,absolute_atm_iv_change
0.1708518060438522,0.1389344514524803,0.16954167516906216,0.17083340906961353,0.1716380222591154,,,,,diagnostic_1,,curvature_increment_30s,-0.0012917339005513728,"{""60s"":{""mean_mae_reduction"":-5.610380048654231e-06,""ci_low"":-6.484534266262976e-06,""ci_high"":-4.649712384821296e-06,""positive_probability"":0.0,""block_rows"":12,""draws"":500},""120s"":{""mean_mae_reduction"":-5.610380048654231e-06,""ci_low"":-6.772880419483874e-06,""ci_high"":-4.473404084676484e-06,""positive_probability"":0.0,""block_rows"":24,""draws"":500},""300s"":{""mean_mae_reduction"":-5.610380048654231e-06,""ci_low"":-7.113313834910608e-06,""ci_high"":-3.905892816398229e-06,""positive_probability"":0.0,""block_rows"":60,""draws"":500}}","{""base_to_candidate"":{""60s"":{""mean_mae_reduction"":-9.105051655042079e-06,""ci_low"":-1.0431433441524313e-05,""ci_high"":-7.850279050540856e-06,""positive_probability"":0.0,""block_rows"":12,""draws"":500},""120s"":{""mean_mae_reduction"":-9.105051655042079e-06,""ci_low"":-1.0634652681592946e-05,""ci_high"":-7.602669331876368e-06,""positive_probability"":0.0,""block_rows"":24,""draws"":500},""300s"":{""mean_mae_reduction"":-9.105051655042079e-06,""ci_low"":-1.1179395845312798e-05,""ci_high"":-7.06688828151556e-06,""positive_probability"":0.0,""block_rows"":60,""draws"":500}},""base_pca_to_candidate"":{""60s"":{""mean_mae_reduction"":-1.9729771726095365e-05,""ci_low"":-2.1208950845521156e-05,""ci_high"":-1.822082643324431e-05,""positive_probability"":0.0,""block_rows"":12,""draws"":500},""120s"":{""mean_mae_reduction"":-1.9729771726095365e-05,""ci_low"":-2.149048280456742e-05,""ci_high"":-1.770159910215187e-05,""positive_probability"":0.0,""block_rows"":24,""draws"":500},""300s"":{""mean_mae_reduction"":-1.9729771726095365e-05,""ci_low"":-2.222172446973998e-05,""ci_high"":-1.7022706406625148e-05,""positive_probability"":0.0,""block_rows"":60,""draws"":500}}}",,,,,7,,absolute_atm_iv_change
,,,,,12,60,0.19616703388702103,0.13684398640254516,diagnostic_2,500,velocity_30s,,,,False,"[280,4161,36,0,0]","[0.03863933256139853,0.0439155272984885,0.06913907597547402,null,null]",4477,7,0.168467601612632,surface_displacement
,,,,,24,120,0.19769141456618025,0.13727852365072735,diagnostic_2,500,velocity_30s,,,,False,"[280,4161,36,0,0]","[0.03863933256139853,0.0439155272984885,0.06913907597547402,null,null]",4477,7,0.168467601612632,surface_displacement
,,,,,60,300,0.19936364361523318,0.12984095617286165,diagnostic_2,500,velocity_30s,,,,False,"[280,4161,36,0,0]","[0.03863933256139853,0.0439155272984885,0.06913907597547402,null,null]",4477,7,0.168467601612632,surface_displacement
,,,,,12,60,0.16443878209975898,0.10758989368692022,diagnostic_2,500,velocity_30s,,,,False,"[280,4161,36,0,0]","[0.004485968314111233,0.00534124095668818,0.00965819362964895,null,null]",4477,7,0.13831340655449548,absolute_atm_iv_change
,,,,,24,120,0.16282531975620554,0.1096712693721129,diagnostic_2,500,velocity_30s,,,,False,"[280,4161,36,0,0]","[0.004485968314111233,0.00534124095668818,0.00965819362964895,null,null]",4477,7,0.13831340655449548,absolute_atm_iv_change
,,,,,60,300,0.1660124710127573,0.10614595903800253,diagnostic_2,500,velocity_30s,,,,False,"[280,4161,36,0,0]","[0.004485968314111233,0.00534124095668818,0.00965819362964895,null,null]",4477,7,0.13831340655449548,absolute_atm_iv_change
,,,,,12,60,0.03680589307568005,-0.0414875521291611,diagnostic_2,500,velocity_30s,,,,False,"[280,4161,36,0,0]","[0.00012085871828446579,0.00012562313373023,0.0001335604726211802,null,null]",4477,7,-0.0038821773165545583,realized_futures_volatility
,,,,,24,120,0.044127061305495416,-0.045582913592056185,diagnostic_2,500,velocity_30s,,,,False,"[280,4161,36,0,0]","[0.00012085871828446579,0.00012562313373023,0.0001335604726211802,null,null]",4477,7,-0.0038821773165545583,realized_futures_volatility
,,,,,60,300,0.048795423258455796,-0.045412149471706416,diagnostic_2,500,velocity_30s,,,,False,"[280,4161,36,0,0]","[0.00012085871828446579,0.00012562313373023,0.0001335604726211802,null,null]",4477,7,-0.0038821773165545583,realized_futures_volatility
,,,,,12,60,0.05801361929989399,-0.010029955342116004,diagnostic_2,500,velocity_30s,,,,False,"[280,4161,36,0,0]","[8.917876652308873e-05,9.149864469976043e-05,0.00012045436435275608,null,null]",4477,7,0.02432222540207212,absolute_futures_return
,,,,,24,120,0.06748047675552503,-0.014520418955306773,diagnostic_2,500,velocity_30s,,,,False,"[280,4161,36,0,0]","[8.917876652308873e-05,9.149864469976043e-05,0.00012045436435275608,null,null]",4477,7,0.02432222540207212,absolute_futures_return
,,,,,60,300,0.06877830315543991,-0.011186794822302904,diagnostic_2,500,velocity_30s,,,,False,"[280,4161,36,0,0]","[8.917876652308873e-05,9.149864469976043e-05,0.00012045436435275608,null,null]",4477,7,0.02432222540207212,absolute_futures_return
,,,,,12,60,0.09875679478376202,0.04244011514517815,diagnostic_2,500,velocity_30s,,,,False,"[280,4161,36,0,0]","[-8.009163284441456e-05,5.265413824478028e-06,-1.1834340208830932e-05,null,null]",4477,7,0.06852026766479496,near_atm_spread_change
,,,,,24,120,0.09413778876860714,0.042591798047770454,diagnostic_2,500,velocity_30s,,,,False,"[280,4161,36,0,0]","[-8.009163284441456e-05,5.265413824478028e-06,-1.1834340208830932e-05,null,null]",4477,7,0.06852026766479496,near_atm_spread_change
,,,,,60,300,0.09649559323766839,0.042221352509862566,diagnostic_2,500,velocity_30s,,,,False,"[280,4161,36,0,0]","[-8.009163284441456e-05,5.265413824478028e-06,-1.1834340208830932e-05,null,null]",4477,7,0.06852026766479496,near_atm_spread_change
,,,,,12,60,0.08173097332432246,0.007091189074862316,diagnostic_2,500,velocity_30s,,,,False,"[280,4161,36,0,0]","[6.220247263887099e-05,7.321962285889825e-05,7.164664566516876e-05,null,null]",4477,7,0.041925005575766124,absolute_atm_straddle_change
,,,,,24,120,0.08182257962465195,0.005376843648366367,diagnostic_2,500,velocity_30s,,,,False,"[280,4161,36,0,0]","[6.220247263887099e-05,7.321962285889825e-05,7.164664566516876e-05,null,null]",4477,7,0.041925005575766124,absolute_atm_straddle_change
,,,,,60,300,0.08067311084571745,0.003547502696226435,diagnostic_2,500,velocity_30s,,,,False,"[280,4161,36,0,0]","[6.220247263887099e-05,7.321962285889825e-05,7.164664566516876e-05,null,null]",4477,7,0.041925005575766124,absolute_atm_straddle_change
,,,,,12,60,0.04204509869699206,-0.029276321809434565,diagnostic_2,500,velocity_30s,,,,False,"[280,4161,36,0,0]","[1.3804050727880426e-09,1.1284341111057276e-07,-2.2276783763825533e-06,null,null]",4477,7,0.007363778275530837,parity_restoration
,,,,,24,120,0.040169743330366776,-0.02482201596157163,diagnostic_2,500,velocity_30s,,,,False,"[280,4161,36,0,0]","[1.3804050727880426e-09,1.1284341111057276e-07,-2.2276783763825533e-06,null,null]",4477,7,0.007363778275530837,parity_restoration
,,,,,60,300,0.040474022759700974,-0.020758132593675545,diagnostic_2,500,velocity_30s,,,,False,"[280,4161,36,0,0]","[1.3804050727880426e-09,1.1284341111057276e-07,-2.2276783763825533e-06,null,null]",4477,7,0.007363778275530837,parity_restoration
,,,,,12,60,0.14997844400935953,0.09708611026018056,diagnostic_2,500,acceleration_30s,,,,False,"[212,4212,53,0,0]","[0.03889137054199584,0.043937187830116,0.05154949520693528,null,null]",4477,7,0.12677922868066854,surface_displacement
,,,,,24,120,0.1578756449305732,0.09341726790225902,diagnostic_2,500,acceleration_30s,,,,False,"[212,4212,53,0,0]","[0.03889137054199584,0.043937187830116,0.05154949520693528,null,null]",4477,7,0.12677922868066854,surface_displacement
,,,,,60,300,0.16017453584348434,0.08884212085165663,diagnostic_2,500,acceleration_30s,,,,False,"[212,4212,53,0,0]","[0.03889137054199584,0.043937187830116,0.05154949520693528,null,null]",4477,7,0.12677922868066854,surface_displacement
,,,,,12,60,0.12862751435453304,0.07052598889669816,diagnostic_2,500,acceleration_30s,,,,False,"[212,4212,53,0,0]","[0.004621402096917045,0.005346253109213181,0.006236120355579088,null,null]",4477,7,0.10107676227410141,absolute_atm_iv_change
,,,,,24,120,0.13075247510914104,0.07476968773602877,diagnostic_2,500,acceleration_30s,,,,False,"[212,4212,53,0,0]","[0.004621402096917045,0.005346253109213181,0.006236120355579088,null,null]",4477,7,0.10107676227410141,absolute_atm_iv_change
,,,,,60,300,0.13223272889402746,0.06643061267272926,diagnostic_2,500,acceleration_30s,,,,False,"[212,4212,53,0,0]","[0.004621402096917045,0.005346253109213181,0.006236120355579088,null,null]",4477,7,0.10107676227410141,absolute_atm_iv_change
,,,,,12,60,0.027258663253995532,-0.05159655079876241,diagnostic_2,500,acceleration_30s,,,,False,"[212,4212,53,0,0]","[0.00013432017142456126,0.0001249805750930811,0.00012212111229123265,null,null]",4477,7,-0.012231416676392128,realized_futures_volatility
,,,,,24,120,0.0322838987428083,-0.04925556814303613,diagnostic_2,500,acceleration_30s,,,,False,"[212,4212,53,0,0]","[0.00013432017142456126,0.0001249805750930811,0.00012212111229123265,null,null]",4477,7,-0.012231416676392128,realized_futures_volatility
,,,,,60,300,0.037633315143472984,-0.05302992613549659,diagnostic_2,500,acceleration_30s,,,,False,"[212,4212,53,0,0]","[0.00013432017142456126,0.0001249805750930811,0.00012212111229123265,null,null]",4477,7,-0.012231416676392128,realized_futures_volatility
,,,,,12,60,0.048856560382845006,-0.025113025446704722,diagnostic_2,500,acceleration_30s,,,,False,"[212,4212,53,0,0]","[0.00010367609419912662,9.076819460616153e-05,0.00010825103183962264,null,null]",4477,7,0.01250077420002665,absolute_futures_return
,,,,,24,120,0.06185575128474365,-0.032080557670270064,diagnostic_2,500,acceleration_30s,,,,False,"[212,4212,53,0,0]","[0.00010367609419912662,9.076819460616153e-05,0.00010825103183962264,null,null]",4477,7,0.01250077420002665,absolute_futures_return
,,,,,60,300,0.0587162639922234,-0.02990761803201857,diagnostic_2,500,acceleration_30s,,,,False,"[212,4212,53,0,0]","[0.00010367609419912662,9.076819460616153e-05,0.00010825103183962264,null,null]",4477,7,0.01250077420002665,absolute_futures_return
,,,,,12,60,0.06129967820085847,0.010075724933227032,diagnostic_2,500,acceleration_30s,,,,False,"[212,4212,53,0,0]","[-4.578131518188319e-05,3.6129423405874275e-06,-0.00012178077057162124,null,null]",4477,7,0.03354694843928584,near_atm_spread_change
,,,,,24,120,0.055141736743535404,0.013275159109879312,diagnostic_2,500,acceleration_30s,,,,False,"[212,4212,53,0,0]","[-4.578131518188319e-05,3.6129423405874275e-06,-0.00012178077057162124,null,null]",4477,7,0.03354694843928584,near_atm_spread_change
,,,,,60,300,0.05324089812923136,0.01192453849492525,diagnostic_2,500,acceleration_30s,,,,False,"[212,4212,53,0,0]","[-4.578131518188319e-05,3.6129423405874275e-06,-0.00012178077057162124,null,null]",4477,7,0.03354694843928584,near_atm_spread_change
,,,,,12,60,0.07809822323587763,0.004109676275359125,diagnostic_2,500,acceleration_30s,,,,False,"[212,4212,53,0,0]","[6.862626551597748e-05,7.296774000396416e-05,5.2338360615496367e-05,null,null]",4477,7,0.038560905484460506,absolute_atm_straddle_change
,,,,,24,120,0.07957279946887443,0.00013830030933713533,diagnostic_2,500,acceleration_30s,,,,False,"[212,4212,53,0,0]","[6.862626551597748e-05,7.296774000396416e-05,5.2338360615496367e-05,null,null]",4477,7,0.038560905484460506,absolute_atm_straddle_change
,,,,,60,300,0.07649680784844945,0.0007513153736633453,diagnostic_2,500,acceleration_30s,,,,False,"[212,4212,53,0,0]","[6.862626551597748e-05,7.296774000396416e-05,5.2338360615496367e-05,null,null]",4477,7,0.038560905484460506,absolute_atm_straddle_change
,,,,,12,60,0.039431212143512945,-0.02698047119345184,diagnostic_2,500,acceleration_30s,,,,False,"[212,4212,53,0,0]","[-5.103327412315302e-07,1.5261019355983293e-07,-2.7334352571930175e-06,null,null]",4477,7,0.007762079806106886,parity_restoration
,,,,,24,120,0.041348765542766355,-0.020761863352766478,diagnostic_2,500,acceleration_30s,,,,False,"[212,4212,53,0,0]","[-5.103327412315302e-07,1.5261019355983293e-07,-2.7334352571930175e-06,null,null]",4477,7,0.007762079806106886,parity_restoration
,,,,,60,300,0.03590522346832602,-0.018007211281509512,diagnostic_2,500,acceleration_30s,,,,False,"[212,4212,53,0,0]","[-5.103327412315302e-07,1.5261019355983293e-07,-2.7334352571930175e-06,null,null]",4477,7,0.007762079806106886,parity_restoration
,,,,,12,60,-0.03167880717360895,-0.0933321379703596,diagnostic_2,500,curvature_30s,,,,False,"[1375,546,538,595,1423]","[0.04588686781798133,0.043796362000373956,0.042526312440422535,0.041114994031350785,0.04335256113688667]",4477,7,-0.05957166522579229,surface_displacement
,,,,,24,120,-0.031038648740896017,-0.09088817892148579,diagnostic_2,500,curvature_30s,,,,False,"[1375,546,538,595,1423]","[0.04588686781798133,0.043796362000373956,0.042526312440422535,0.041114994031350785,0.04335256113688667]",4477,7,-0.05957166522579229,surface_displacement
,,,,,60,300,-0.02821329973178512,-0.09573208648752936,diagnostic_2,500,curvature_30s,,,,False,"[1375,546,538,595,1423]","[0.04588686781798133,0.043796362000373956,0.042526312440422535,0.041114994031350785,0.04335256113688667]",4477,7,-0.05957166522579229,surface_displacement
,,,,,12,60,-0.01368147928572875,-0.07355128872341461,diagnostic_2,500,curvature_30s,,,,False,"[1375,546,538,595,1423]","[0.00562037806077437,0.005429708845776953,0.0051021566926103545,0.004994475778912296,0.005213882970458089]",4477,7,-0.04182622456041054,absolute_atm_iv_change
,,,,,24,120,-0.008829358228730858,-0.07497157782878996,diagnostic_2,500,curvature_30s,,,,False,"[1375,546,538,595,1423]","[0.00562037806077437,0.005429708845776953,0.0051021566926103545,0.004994475778912296,0.005213882970458089]",4477,7,-0.04182622456041054,absolute_atm_iv_change
,,,,,60,300,-0.011729149333875515,-0.07687516959734626,diagnostic_2,500,curvature_30s,,,,False,"[1375,546,538,595,1423]","[0.00562037806077437,0.005429708845776953,0.0051021566926103545,0.004994475778912296,0.005213882970458089]",4477,7,-0.04182622456041054,absolute_atm_iv_change
,,,,,12,60,0.013739286477203455,-0.04925076853306686,diagnostic_2,500,curvature_30s,,,,False,"[1375,546,538,595,1423]","[0.00012529646243830675,0.0001271630842769112,0.00012793573960011938,0.00013066653673643396,0.00012162809589219411]",4477,7,-0.016960721585963918,realized_futures_volatility
,,,,,24,120,0.009082583862496888,-0.04770522566996928,diagnostic_2,500,curvature_30s,,,,False,"[1375,546,538,595,1423]","[0.00012529646243830675,0.0001271630842769112,0.00012793573960011938,0.00013066653673643396,0.00012162809589219411]",4477,7,-0.016960721585963918,realized_futures_volatility
,,,,,60,300,0.012632945009488349,-0.04959856389031379,diagnostic_2,500,curvature_30s,,,,False,"[1375,546,538,595,1423]","[0.00012529646243830675,0.0001271630842769112,0.00012793573960011938,0.00013066653673643396,0.00012162809589219411]",4477,7,-0.016960721585963918,realized_futures_volatility
,,,,,12,60,0.023772053388838296,-0.03246683423663223,diagnostic_2,500,curvature_30s,,,,False,"[1375,546,538,595,1423]","[9.084250710227273e-05,9.207149128337483e-05,9.629097126673589e-05,9.708725103811056e-05,8.804029088077291e-05]",4477,7,-0.003476935314226977,absolute_futures_return
,,,,,24,120,0.024162069893624082,-0.029339071361941978,diagnostic_2,500,curvature_30s,,,,False,"[1375,546,538,595,1423]","[9.084250710227273e-05,9.207149128337483e-05,9.629097126673589e-05,9.708725103811056e-05,8.804029088077291e-05]",4477,7,-0.003476935314226977,absolute_futures_return
,,,,,60,300,0.03013940825428066,-0.03492259612913794,diagnostic_2,500,curvature_30s,,,,False,"[1375,546,538,595,1423]","[9.084250710227273e-05,9.207149128337483e-05,9.629097126673589e-05,9.708725103811056e-05,8.804029088077291e-05]",4477,7,-0.003476935314226977,absolute_futures_return
,,,,,12,60,-0.021771041571939875,-0.0774045327554197,diagnostic_2,500,curvature_30s,,,,False,"[1375,546,538,595,1423]","[6.728209172036837e-05,-6.297169767717588e-05,-1.9929979303133325e-05,4.391998841090738e-06,-3.5814157518926674e-05]",4477,7,-0.050633815261806166,near_atm_spread_change
,,,,,24,120,-0.024142492847695166,-0.07732674244618543,diagnostic_2,500,curvature_30s,,,,False,"[1375,546,538,595,1423]","[6.728209172036837e-05,-6.297169767717588e-05,-1.9929979303133325e-05,4.391998841090738e-06,-3.5814157518926674e-05]",4477,7,-0.050633815261806166,near_atm_spread_change
,,,,,60,300,-0.02229609285165447,-0.07716267674704806,diagnostic_2,500,curvature_30s,,,,False,"[1375,546,538,595,1423]","[6.728209172036837e-05,-6.297169767717588e-05,-1.9929979303133325e-05,4.391998841090738e-06,-3.5814157518926674e-05]",4477,7,-0.050633815261806166,near_atm_spread_change
,,,,,12,60,0.028258983812102616,-0.027257645762694373,diagnostic_2,500,curvature_30s,,,,False,"[1375,546,538,595,1423]","[7.490646365013989e-05,7.663066959479353e-05,8.23668315037254e-05,6.536998856468361e-05,6.789711218272308e-05]",4477,7,0.001437116377600435,absolute_atm_straddle_change
,,,,,24,120,0.029938501199525194,-0.02518481353847164,diagnostic_2,500,curvature_30s,,,,False,"[1375,546,538,595,1423]","[7.490646365013989e-05,7.663066959479353e-05,8.23668315037254e-05,6.536998856468361e-05,6.789711218272308e-05]",4477,7,0.001437116377600435,absolute_atm_straddle_change
,,,,,60,300,0.027107119330837523,-0.02151955435970234,diagnostic_2,500,curvature_30s,,,,False,"[1375,546,538,595,1423]","[7.490646365013989e-05,7.663066959479353e-05,8.23668315037254e-05,6.536998856468361e-05,6.789711218272308e-05]",4477,7,0.001437116377600435,absolute_atm_straddle_change
,,,,,12,60,0.01254668131629542,-0.04505274242645848,diagnostic_2,500,curvature_30s,,,,False,"[1375,546,538,595,1423]","[7.012482588338157e-07,-7.207708865243791e-09,1.4608605182675565e-06,-2.7187566085573785e-07,-8.395828264041834e-07]",4477,7,-0.01572658158059291,parity_restoration
,,,,,24,120,0.011796466480882395,-0.04797509448217612,diagnostic_2,500,curvature_30s,,,,False,"[1375,546,538,595,1423]","[7.012482588338157e-07,-7.207708865243791e-09,1.4608605182675565e-06,-2.7187566085573785e-07,-8.395828264041834e-07]",4477,7,-0.01572658158059291,parity_restoration
,,,,,60,300,0.01258269807919301,-0.045875622281496276,diagnostic_2,500,curvature_30s,,,,False,"[1375,546,538,595,1423]","[7.012482588338157e-07,-7.207708865243791e-09,1.4608605182675565e-06,-2.7187566085573785e-07,-8.395828264041834e-07]",4477,7,-0.01572658158059291,parity_restoration
-0.221550985888622,-0.12636171274475494,-0.2367461917686835,-0.22706466025054195,-0.2206168077093067,,,,,diagnostic_2,,acceleration_increment_30s,-0.00968153151814155,"{""60s"":{""mean_mae_reduction"":-0.00018618252771711823,""ci_low"":-0.00020632707752552156,""ci_high"":-0.00016452776429167553,""positive_probability"":0.0,""block_rows"":12,""draws"":500},""120s"":{""mean_mae_reduction"":-0.00018618252771711823,""ci_low"":-0.00020817481864584766,""ci_high"":-0.00016439650273319693,""positive_probability"":0.0,""block_rows"":24,""draws"":500},""300s"":{""mean_mae_reduction"":-0.00018618252771711823,""ci_low"":-0.00021016333801116206,""ci_high"":-0.00016270078614453204,""positive_probability"":0.0,""block_rows"":60,""draws"":500}}","{""base_to_candidate"":{""60s"":{""mean_mae_reduction"":-0.0003101791786834377,""ci_low"":-0.0003462790308035673,""ci_high"":-0.00027329886400711824,""positive_probability"":0.0,""block_rows"":12,""draws"":500},""120s"":{""mean_mae_reduction"":-0.0003101791786834377,""ci_low"":-0.0003507381076359322,""ci_high"":-0.00026898883266920074,""positive_probability"":0.0,""block_rows"":24,""draws"":500},""300s"":{""mean_mae_reduction"":-0.0003101791786834377,""ci_low"":-0.00035940427638765264,""ci_high"":-0.0002672454052708158,""positive_probability"":0.0,""block_rows"":60,""draws"":500}},""base_pca_to_candidate"":{""60s"":{""mean_mae_reduction"":-0.00030851257012394907,""ci_low"":-0.00034253988181794315,""ci_high"":-0.0002649829379776992,""positive_probability"":0.0,""block_rows"":12,""draws"":500},""120s"":{""mean_mae_reduction"":-0.00030851257012394907,""ci_low"":-0.0003477550601984983,""ci_high"":-0.0002702069275648476,""positive_probability"":0.0,""block_rows"":24,""draws"":500},""300s"":{""mean_mae_reduction"":-0.00030851257012394907,""ci_low"":-0.00034978142763735973,""ci_high"":-0.0002687210035773558,""positive_probability"":0.0,""block_rows"":60,""draws"":500}}}",,,,,7,,surface_displacement
-0.2294948180244587,-0.14748818947539677,-0.24008226938346255,-0.22706466025054195,-0.2206168077093067,,,,,diagnostic_2,,curvature_increment_30s,-0.013017609132920605,"{""60s"":{""mean_mae_reduction"":-0.00025033760089084413,""ci_low"":-0.00028023831682175366,""ci_high"":-0.00022017768031794673,""positive_probability"":0.0,""block_rows"":12,""draws"":500},""120s"":{""mean_mae_reduction"":-0.00025033760089084413,""ci_low"":-0.0002824832590369299,""ci_high"":-0.0002165662073959637,""positive_probability"":0.0,""block_rows"":24,""draws"":500},""300s"":{""mean_mae_reduction"":-0.00025033760089084413,""ci_low"":-0.00028967629553270074,""ci_high"":-0.00021053812701230757,""positive_probability"":0.0,""block_rows"":60,""draws"":500}}","{""base_to_candidate"":{""60s"":{""mean_mae_reduction"":-0.0003743342518571636,""ci_low"":-0.0004144784849038995,""ci_high"":-0.000327850592394835,""positive_probability"":0.0,""block_rows"":12,""draws"":500},""120s"":{""mean_mae_reduction"":-0.0003743342518571636,""ci_low"":-0.00043122068190569896,""ci_high"":-0.0003174946330267749,""positive_probability"":0.0,""block_rows"":24,""draws"":500},""300s"":{""mean_mae_reduction"":-0.0003743342518571636,""ci_low"":-0.0004491980931299969,""ci_high"":-0.00030763963983871815,""positive_probability"":0.0,""block_rows"":60,""draws"":500}},""base_pca_to_candidate"":{""60s"":{""mean_mae_reduction"":-0.0006898448412971154,""ci_low"":-0.0007420991221131619,""ci_high"":-0.0006275471864083817,""positive_probability"":0.0,""block_rows"":12,""draws"":500},""120s"":{""mean_mae_reduction"":-0.0006898448412971154,""ci_low"":-0.000747375111309042,""ci_high"":-0.0006284687930877662,""positive_probability"":0.0,""block_rows"":24,""draws"":500},""300s"":{""mean_mae_reduction"":-0.0006898448412971154,""ci_low"":-0.0007648656502541895,""ci_high"":-0.0006172844538866361,""positive_probability"":0.0,""block_rows"":60,""draws"":500}}}",,,,,7,,surface_displacement
0.18943740522453023,0.16511796646443888,0.18891502046691766,0.18903593086717252,0.1894451971199771,,,,,diagnostic_2,,acceleration_increment_30s,-0.00012091040025485889,"{""60s"":{""mean_mae_reduction"":-6.182523413522447e-07,""ci_low"":-7.02474962265649e-07,""ci_high"":-5.229762952287808e-07,""positive_probability"":0.0,""block_rows"":12,""draws"":500},""120s"":{""mean_mae_reduction"":-6.182523413522447e-07,""ci_low"":-7.076454517243507e-07,""ci_high"":-5.230896695142376e-07,""positive_probability"":0.0,""block_rows"":24,""draws"":500},""300s"":{""mean_mae_reduction"":-6.182523413522447e-07,""ci_low"":-7.33834317980735e-07,""ci_high"":-5.154726353920792e-07,""positive_probability"":0.0,""block_rows"":60,""draws"":500}}","{""base_to_candidate"":{""60s"":{""mean_mae_reduction"":-2.710957505665333e-06,""ci_low"":-3.063160219262583e-06,""ci_high"":-2.374959513646748e-06,""positive_probability"":0.0,""block_rows"":12,""draws"":500},""120s"":{""mean_mae_reduction"":-2.710957505665333e-06,""ci_low"":-3.0837909384925073e-06,""ci_high"":-2.326516044982439e-06,""positive_probability"":0.0,""block_rows"":24,""draws"":500},""300s"":{""mean_mae_reduction"":-2.710957505665333e-06,""ci_low"":-3.209503560132756e-06,""ci_high"":-2.2195085905746806e-06,""positive_probability"":0.0,""block_rows"":60,""draws"":500}},""base_pca_to_candidate"":{""60s"":{""mean_mae_reduction"":-4.318322785247579e-06,""ci_low"":-4.648082085042773e-06,""ci_high"":-3.920785595929187e-06,""positive_probability"":0.0,""block_rows"":12,""draws"":500},""120s"":{""mean_mae_reduction"":-4.318322785247579e-06,""ci_low"":-4.7138126240785485e-06,""ci_high"":-3.885811073848952e-06,""positive_probability"":0.0,""block_rows"":24,""draws"":500},""300s"":{""mean_mae_reduction"":-4.318322785247579e-06,""ci_low"":-4.883309884161491e-06,""ci_high"":-3.758859311154583e-06,""positive_probability"":0.0,""block_rows"":60,""draws"":500}}}",,,,,7,,absolute_atm_iv_change
0.18894616176887913,0.1632715623973502,0.18827509256732466,0.18903593086717252,0.1894451971199771,,,,,diagnostic_2,,curvature_increment_30s,-0.0007608382998478547,"{""60s"":{""mean_mae_reduction"":-3.890401977660303e-06,""ci_low"":-4.491108262021675e-06,""ci_high"":-3.2499566167821345e-06,""positive_probability"":0.0,""block_rows"":12,""draws"":500},""120s"":{""mean_mae_reduction"":-3.890401977660303e-06,""ci_low"":-4.6347074875036395e-06,""ci_high"":-3.1458542712646894e-06,""positive_probability"":0.0,""block_rows"":24,""draws"":500},""300s"":{""mean_mae_reduction"":-3.890401977660303e-06,""ci_low"":-4.75743419777914e-06,""ci_high"":-2.930829306353524e-06,""positive_probability"":0.0,""block_rows"":60,""draws"":500}}","{""base_to_candidate"":{""60s"":{""mean_mae_reduction"":-5.983107141973391e-06,""ci_low"":-6.834680372631254e-06,""ci_high"":-5.125103207793776e-06,""positive_probability"":0.0,""block_rows"":12,""draws"":500},""120s"":{""mean_mae_reduction"":-5.983107141973391e-06,""ci_low"":-6.99232895795375e-06,""ci_high"":-4.951421421052781e-06,""positive_probability"":0.0,""block_rows"":24,""draws"":500},""300s"":{""mean_mae_reduction"":-5.983107141973391e-06,""ci_low"":-7.371710381659045e-06,""ci_high"":-4.74142893146432e-06,""positive_probability"":0.0,""block_rows"":60,""draws"":500}},""base_pca_to_candidate"":{""60s"":{""mean_mae_reduction"":-1.6657848687042375e-05,""ci_low"":-1.7606387262585007e-05,""ci_high"":-1.561817616841416e-05,""positive_probability"":0.0,""block_rows"":12,""draws"":500},""120s"":{""mean_mae_reduction"":-1.6657848687042375e-05,""ci_low"":-1.776019980560451e-05,""ci_high"":-1.5472274583361064e-05,""positive_probability"":0.0,""block_rows"":24,""draws"":500},""300s"":{""mean_mae_reduction"":-1.6657848687042375e-05,""ci_low"":-1.8130935535383968e-05,""ci_high"":-1.5155874583086663e-05,""positive_probability"":0.0,""block_rows"":60,""draws"":500}}}",,,,,7,,absolute_atm_iv_change
,,,,,12,60,0.24151803169882874,0.15270237150507662,diagnostic_1,500,velocity_60s,,,,False,"[214,2128,0,0,0]","[0.03943868732769473,0.04420661717502686,null,null,null]",2342,7,0.19692878650235954,surface_displacement
,,,,,24,120,0.2514275593407678,0.1552099154476415,diagnostic_1,500,velocity_60s,,,,False,"[214,2128,0,0,0]","[0.03943868732769473,0.04420661717502686,null,null,null]",2342,7,0.19692878650235954,surface_displacement
,,,,,60,300,0.24880446789598232,0.1511646379771576,diagnostic_1,500,velocity_60s,,,,False,"[214,2128,0,0,0]","[0.03943868732769473,0.04420661717502686,null,null,null]",2342,7,0.19692878650235954,surface_displacement
,,,,,12,60,0.18554008314036424,0.09507364846012305,diagnostic_1,500,velocity_60s,,,,False,"[214,2128,0,0,0]","[0.004144358405164469,0.004591641065321471,null,null,null]",2342,7,0.13866515516055714,absolute_atm_iv_change
,,,,,24,120,0.18402679053275134,0.09702314695972968,diagnostic_1,500,velocity_60s,,,,False,"[214,2128,0,0,0]","[0.004144358405164469,0.004591641065321471,null,null,null]",2342,7,0.13866515516055714,absolute_atm_iv_change
,,,,,60,300,0.18633478725014996,0.09618669214122029,diagnostic_1,500,velocity_60s,,,,False,"[214,2128,0,0,0]","[0.004144358405164469,0.004591641065321471,null,null,null]",2342,7,0.13866515516055714,absolute_atm_iv_change
,,,,,12,60,0.11790683980974828,-0.00960807856077161,diagnostic_1,500,velocity_60s,,,,False,"[214,2128,0,0,0]","[9.760056032722204e-05,0.00011569393678508285,null,null,null]",2342,7,0.05265617778069886,realized_futures_volatility
,,,,,24,120,0.12876720527894697,-0.009207512469472021,diagnostic_1,500,velocity_60s,,,,False,"[214,2128,0,0,0]","[9.760056032722204e-05,0.00011569393678508285,null,null,null]",2342,7,0.05265617778069886,realized_futures_volatility
,,,,,60,300,0.13871680745790824,-0.007529578472170161,diagnostic_1,500,velocity_60s,,,,False,"[214,2128,0,0,0]","[9.760056032722204e-05,0.00011569393678508285,null,null,null]",2342,7,0.05265617778069886,realized_futures_volatility
,,,,,12,60,0.12220401589703785,0.02155506463454945,diagnostic_1,500,velocity_60s,,,,False,"[214,2128,0,0,0]","[7.311205997645298e-05,8.788413571235829e-05,null,null,null]",2342,7,0.06833688835989433,absolute_futures_return
,,,,,24,120,0.1367821727055943,0.02413578462884953,diagnostic_1,500,velocity_60s,,,,False,"[214,2128,0,0,0]","[7.311205997645298e-05,8.788413571235829e-05,null,null,null]",2342,7,0.06833688835989433,absolute_futures_return
,,,,,60,300,0.13527235196472648,0.014158939298183598,diagnostic_1,500,velocity_60s,,,,False,"[214,2128,0,0,0]","[7.311205997645298e-05,8.788413571235829e-05,null,null,null]",2342,7,0.06833688835989433,absolute_futures_return
,,,,,12,60,0.11859477188190445,0.04337528555214926,diagnostic_1,500,velocity_60s,,,,False,"[214,2128,0,0,0]","[-7.438816855853058e-05,5.506568680387393e-06,null,null,null]",2342,7,0.08020554467165462,near_atm_spread_change
,,,,,24,120,0.11727645935220218,0.045180114674233024,diagnostic_1,500,velocity_60s,,,,False,"[214,2128,0,0,0]","[-7.438816855853058e-05,5.506568680387393e-06,null,null,null]",2342,7,0.08020554467165462,near_atm_spread_change
,,,,,60,300,0.11550160309635121,0.04531843363688492,diagnostic_1,500,velocity_60s,,,,False,"[214,2128,0,0,0]","[-7.438816855853058e-05,5.506568680387393e-06,null,null,null]",2342,7,0.08020554467165462,near_atm_spread_change
,,,,,12,60,0.04495822127429818,-0.04948908458988223,diagnostic_1,500,velocity_60s,,,,False,"[214,2128,0,0,0]","[4.2444769571596216e-05,4.665277192817259e-05,null,null,null]",2342,7,-0.006208330816933641,absolute_atm_straddle_change
,,,,,24,120,0.04889792584420279,-0.05724458746785542,diagnostic_1,500,velocity_60s,,,,False,"[214,2128,0,0,0]","[4.2444769571596216e-05,4.665277192817259e-05,null,null,null]",2342,7,-0.006208330816933641,absolute_atm_straddle_change
,,,,,60,300,0.056637139020340524,-0.05626321926143148,diagnostic_1,500,velocity_60s,,,,False,"[214,2128,0,0,0]","[4.2444769571596216e-05,4.665277192817259e-05,null,null,null]",2342,7,-0.006208330816933641,absolute_atm_straddle_change
,,,,,12,60,0.05461171242170068,-0.0414040072998475,diagnostic_1,500,velocity_60s,,,,False,"[214,2128,0,0,0]","[7.97769567623482e-07,3.17640983564359e-07,null,null,null]",2342,7,0.004795688074498217,parity_restoration
,,,,,24,120,0.049280624239057234,-0.033774180608212565,diagnostic_1,500,velocity_60s,,,,False,"[214,2128,0,0,0]","[7.97769567623482e-07,3.17640983564359e-07,null,null,null]",2342,7,0.004795688074498217,parity_restoration
,,,,,60,300,0.052445328927212286,-0.02832567770240979,diagnostic_1,500,velocity_60s,,,,False,"[214,2128,0,0,0]","[7.97769567623482e-07,3.17640983564359e-07,null,null,null]",2342,7,0.004795688074498217,parity_restoration
,,,,,12,60,0.18588741059098177,0.10532250830756885,diagnostic_1,500,acceleration_60s,,,,False,"[185,2156,1,0,0]","[0.038644380429628075,0.04421021560862126,0.045125204915188115,null,null]",2342,7,0.14423813045056164,surface_displacement
,,,,,24,120,0.19316401241650236,0.1058048920798638,diagnostic_1,500,acceleration_60s,,,,False,"[185,2156,1,0,0]","[0.038644380429628075,0.04421021560862126,0.045125204915188115,null,null]",2342,7,0.14423813045056164,surface_displacement
,,,,,60,300,0.1917150800562838,0.0918517241866461,diagnostic_1,500,acceleration_60s,,,,False,"[185,2156,1,0,0]","[0.038644380429628075,0.04421021560862126,0.045125204915188115,null,null]",2342,7,0.14423813045056164,surface_displacement
,,,,,12,60,0.15403665549545664,0.0709722452562973,diagnostic_1,500,acceleration_60s,,,,False,"[185,2156,1,0,0]","[0.003667068118984635,0.004626227535846504,0.005350716412067413,null,null]",2342,7,0.11294771347124402,absolute_atm_iv_change
,,,,,24,120,0.15926115879037858,0.07592309452030464,diagnostic_1,500,acceleration_60s,,,,False,"[185,2156,1,0,0]","[0.003667068118984635,0.004626227535846504,0.005350716412067413,null,null]",2342,7,0.11294771347124402,absolute_atm_iv_change
,,,,,60,300,0.15756423631417737,0.0745700924688578,diagnostic_1,500,acceleration_60s,,,,False,"[185,2156,1,0,0]","[0.003667068118984635,0.004626227535846504,0.005350716412067413,null,null]",2342,7,0.11294771347124402,absolute_atm_iv_change
,,,,,12,60,0.11631738731981245,-0.012873604092462378,diagnostic_1,500,acceleration_60s,,,,False,"[185,2156,1,0,0]","[0.0001005986699122294,0.00011512912680232718,0.000254066069101976,null,null]",2342,7,0.049765169471320904,realized_futures_volatility
,,,,,24,120,0.12557866461941783,-0.014318433465413147,diagnostic_1,500,acceleration_60s,,,,False,"[185,2156,1,0,0]","[0.0001005986699122294,0.00011512912680232718,0.000254066069101976,null,null]",2342,7,0.049765169471320904,realized_futures_volatility
,,,,,60,300,0.15658486447701897,-0.030050576238826333,diagnostic_1,500,acceleration_60s,,,,False,"[185,2156,1,0,0]","[0.0001005986699122294,0.00011512912680232718,0.000254066069101976,null,null]",2342,7,0.049765169471320904,realized_futures_volatility
,,,,,12,60,0.12903108772589844,0.02081049548153516,diagnostic_1,500,acceleration_60s,,,,False,"[185,2156,1,0,0]","[7.426287676836993e-05,8.761108695686638e-05,3.528594970703125e-05,null,null]",2342,7,0.07083651654408522,absolute_futures_return
,,,,,24,120,0.137297578289485,0.021052865006629583,diagnostic_1,500,acceleration_60s,,,,False,"[185,2156,1,0,0]","[7.426287676836993e-05,8.761108695686638e-05,3.528594970703125e-05,null,null]",2342,7,0.07083651654408522,absolute_futures_return
,,,,,60,300,0.14193306937999298,0.018494322043628362,diagnostic_1,500,acceleration_60s,,,,False,"[185,2156,1,0,0]","[7.426287676836993e-05,8.761108695686638e-05,3.528594970703125e-05,null,null]",2342,7,0.07083651654408522,absolute_futures_return
,,,,,12,60,0.08036835918670562,0.004308498709588249,diagnostic_1,500,acceleration_60s,,,,False,"[185,2156,1,0,0]","[-2.628475076808418e-05,3.0707359721742445e-07,-4.617031663656235e-07,null,null]",2342,7,0.04105814178815593,near_atm_spread_change
,,,,,24,120,0.0806035902674073,0.0033810768583487677,diagnostic_1,500,acceleration_60s,,,,False,"[185,2156,1,0,0]","[-2.628475076808418e-05,3.0707359721742445e-07,-4.617031663656235e-07,null,null]",2342,7,0.04105814178815593,near_atm_spread_change
,,,,,60,300,0.08076620370328152,0.003975724677713417,diagnostic_1,500,acceleration_60s,,,,False,"[185,2156,1,0,0]","[-2.628475076808418e-05,3.0707359721742445e-07,-4.617031663656235e-07,null,null]",2342,7,0.04105814178815593,near_atm_spread_change
,,,,,12,60,0.03063610508627183,-0.060372794256599645,diagnostic_1,500,acceleration_60s,,,,False,"[185,2156,1,0,0]","[4.11852086718018e-05,4.6719406024727394e-05,1.3976357877254486e-05,null,null]",2342,7,-0.015241049785401225,absolute_atm_straddle_change
,,,,,24,120,0.036464934348577276,-0.06196230713514223,diagnostic_1,500,acceleration_60s,,,,False,"[185,2156,1,0,0]","[4.11852086718018e-05,4.6719406024727394e-05,1.3976357877254486e-05,null,null]",2342,7,-0.015241049785401225,absolute_atm_straddle_change
,,,,,60,300,0.04200746067011207,-0.06526315572791391,diagnostic_1,500,acceleration_60s,,,,False,"[185,2156,1,0,0]","[4.11852086718018e-05,4.6719406024727394e-05,1.3976357877254486e-05,null,null]",2342,7,-0.015241049785401225,absolute_atm_straddle_change
,,,,,12,60,0.03613442757036336,-0.058342626655474246,diagnostic_1,500,acceleration_60s,,,,False,"[185,2156,1,0,0]","[1.207123981706949e-06,2.9272420232969115e-07,-7.768616342218593e-06,null,null]",2342,7,-0.012030593840594576,parity_restoration
,,,,,24,120,0.03481177366495278,-0.05727520956572631,diagnostic_1,500,acceleration_60s,,,,False,"[185,2156,1,0,0]","[1.207123981706949e-06,2.9272420232969115e-07,-7.768616342218593e-06,null,null]",2342,7,-0.012030593840594576,parity_restoration
,,,,,60,300,0.03483215398366194,-0.053498805076631566,diagnostic_1,500,acceleration_60s,,,,False,"[185,2156,1,0,0]","[1.207123981706949e-06,2.9272420232969115e-07,-7.768616342218593e-06,null,null]",2342,7,-0.012030593840594576,parity_restoration
,,,,,12,60,-0.03425678237162246,-0.10528441027059189,diagnostic_1,500,curvature_60s,,,,False,"[670,324,340,347,661]","[0.0466377792826912,0.043362727639332424,0.044208254124565034,0.040395134620778074,0.04261241519860046]",2342,7,-0.06989464868092911,surface_displacement
,,,,,24,120,-0.03206516270962816,-0.10407669467291691,diagnostic_1,500,curvature_60s,,,,False,"[670,324,340,347,661]","[0.0466377792826912,0.043362727639332424,0.044208254124565034,0.040395134620778074,0.04261241519860046]",2342,7,-0.06989464868092911,surface_displacement
,,,,,60,300,-0.0328558005063489,-0.10549747919002472,diagnostic_1,500,curvature_60s,,,,False,"[670,324,340,347,661]","[0.0466377792826912,0.043362727639332424,0.044208254124565034,0.040395134620778074,0.04261241519860046]",2342,7,-0.06989464868092911,surface_displacement
,,,,,12,60,-0.014747038397537734,-0.08714538013846722,diagnostic_1,500,curvature_60s,,,,False,"[670,324,340,347,661]","[0.0049722159642781785,0.004379042228798808,0.0046390628990005045,0.003995844884976873,0.004453662551838042]",2342,7,-0.05217343343422761,absolute_atm_iv_change
,,,,,24,120,-0.012870831937061004,-0.08349581105530327,diagnostic_1,500,curvature_60s,,,,False,"[670,324,340,347,661]","[0.0049722159642781785,0.004379042228798808,0.0046390628990005045,0.003995844884976873,0.004453662551838042]",2342,7,-0.05217343343422761,absolute_atm_iv_change
,,,,,60,300,-0.016028608931729003,-0.08753177931763098,diagnostic_1,500,curvature_60s,,,,False,"[670,324,340,347,661]","[0.0049722159642781785,0.004379042228798808,0.0046390628990005045,0.003995844884976873,0.004453662551838042]",2342,7,-0.05217343343422761,absolute_atm_iv_change
,,,,,12,60,0.07060312149496088,-0.02286926829703608,diagnostic_1,500,curvature_60s,,,,False,"[670,324,340,347,661]","[0.00011053442724996139,0.00011030800051302211,0.00011433657408487904,0.00011405470493781797,0.00011926466136566838]",2342,7,0.021165767022679763,realized_futures_volatility
,,,,,24,120,0.06123719915349577,-0.015952451923512936,diagnostic_1,500,curvature_60s,,,,False,"[670,324,340,347,661]","[0.00011053442724996139,0.00011030800051302211,0.00011433657408487904,0.00011405470493781797,0.00011926466136566838]",2342,7,0.021165767022679763,realized_futures_volatility
,,,,,60,300,0.06516470290202733,-0.015625072243852182,diagnostic_1,500,curvature_60s,,,,False,"[670,324,340,347,661]","[0.00011053442724996139,0.00011030800051302211,0.00011433657408487904,0.00011405470493781797,0.00011926466136566838]",2342,7,0.021165767022679763,realized_futures_volatility
,,,,,12,60,0.03221309623773596,-0.06199636683265723,diagnostic_1,500,curvature_60s,,,,False,"[670,324,340,347,661]","[8.721422793260261e-05,8.689915692364728e-05,8.656838360954734e-05,8.207370637129637e-05,8.799052274533732e-05]",2342,7,-0.01880442477349814,absolute_futures_return
,,,,,24,120,0.030654419711882132,-0.06191785811763388,diagnostic_1,500,curvature_60s,,,,False,"[670,324,340,347,661]","[8.721422793260261e-05,8.689915692364728e-05,8.656838360954734e-05,8.207370637129637e-05,8.799052274533732e-05]",2342,7,-0.01880442477349814,absolute_futures_return
,,,,,60,300,0.03424876772718307,-0.05874396763202857,diagnostic_1,500,curvature_60s,,,,False,"[670,324,340,347,661]","[8.721422793260261e-05,8.689915692364728e-05,8.656838360954734e-05,8.207370637129637e-05,8.799052274533732e-05]",2342,7,-0.01880442477349814,absolute_futures_return
,,,,,12,60,-0.019254288963882794,-0.09180166506009352,diagnostic_1,500,curvature_60s,,,,False,"[670,324,340,347,661]","[3.872191265864826e-05,2.2892362867872933e-05,2.5316485227770446e-05,-3.921067995866036e-05,-4.926383661411973e-05]",2342,7,-0.05909693644618315,near_atm_spread_change
,,,,,24,120,-0.015208239564010139,-0.09355481215311649,diagnostic_1,500,curvature_60s,,,,False,"[670,324,340,347,661]","[3.872191265864826e-05,2.2892362867872933e-05,2.5316485227770446e-05,-3.921067995866036e-05,-4.926383661411973e-05]",2342,7,-0.05909693644618315,near_atm_spread_change
,,,,,60,300,-0.015839497305460578,-0.0976987927359326,diagnostic_1,500,curvature_60s,,,,False,"[670,324,340,347,661]","[3.872191265864826e-05,2.2892362867872933e-05,2.5316485227770446e-05,-3.921067995866036e-05,-4.926383661411973e-05]",2342,7,-0.05909693644618315,near_atm_spread_change
,,,,,12,60,0.03001815178735101,-0.05266360733517806,diagnostic_1,500,curvature_60s,,,,False,"[670,324,340,347,661]","[4.5751666288767286e-05,4.821181883690534e-05,4.556272178888321e-05,4.456030682631116e-05,4.709876211481267e-05]",2342,7,-0.011571268574433856,absolute_atm_straddle_change
,,,,,24,120,0.03020246935395453,-0.046516939053587454,diagnostic_1,500,curvature_60s,,,,False,"[670,324,340,347,661]","[4.5751666288767286e-05,4.821181883690534e-05,4.556272178888321e-05,4.456030682631116e-05,4.709876211481267e-05]",2342,7,-0.011571268574433856,absolute_atm_straddle_change
,,,,,60,300,0.03251640755948393,-0.050758772988146454,diagnostic_1,500,curvature_60s,,,,False,"[670,324,340,347,661]","[4.5751666288767286e-05,4.821181883690534e-05,4.556272178888321e-05,4.456030682631116e-05,4.709876211481267e-05]",2342,7,-0.011571268574433856,absolute_atm_straddle_change
,,,,,12,60,0.016737814831677553,-0.06102085822344714,diagnostic_1,500,curvature_60s,,,,False,"[670,324,340,347,661]","[5.579064616459116e-07,-4.901071574918374e-08,-5.795340819210704e-07,3.4226715315290344e-08,1.019530651641625e-06]",2342,7,-0.01998824323002092,parity_restoration
,,,,,24,120,0.020455549138943593,-0.05869055519618297,diagnostic_1,500,curvature_60s,,,,False,"[670,324,340,347,661]","[5.579064616459116e-07,-4.901071574918374e-08,-5.795340819210704e-07,3.4226715315290344e-08,1.019530651641625e-06]",2342,7,-0.01998824323002092,parity_restoration
,,,,,60,300,0.02193924321468096,-0.05919268696006632,diagnostic_1,500,curvature_60s,,,,False,"[670,324,340,347,661]","[5.579064616459116e-07,-4.901071574918374e-08,-5.795340819210704e-07,3.4226715315290344e-08,1.019530651641625e-06]",2342,7,-0.01998824323002092,parity_restoration
-0.0823640814443587,-0.005205179328687803,-0.09331994850080982,-0.09344588019799493,-0.08200533791537845,,,,,diagnostic_1,,acceleration_increment_60s,0.000125931697185111,"{""60s"":{""mean_mae_reduction"":2.4147052832277754e-06,""ci_low"":-1.5780916952020035e-05,""ci_high"":2.2224001965694127e-05,""positive_probability"":0.606,""block_rows"":12,""draws"":500},""120s"":{""mean_mae_reduction"":2.4147052832277754e-06,""ci_low"":-1.8964773962369674e-05,""ci_high"":2.7587253109316924e-05,""positive_probability"":0.598,""block_rows"":24,""draws"":500},""300s"":{""mean_mae_reduction"":2.4147052832277754e-06,""ci_low"":-3.068161782399169e-05,""ci_high"":3.0331558425133908e-05,""positive_probability"":0.53,""block_rows"":60,""draws"":500}}","{""base_to_candidate"":{""60s"":{""mean_mae_reduction"":-0.0002169545123983886,""ci_low"":-0.00024049566947982693,""ci_high"":-0.0001911456119609627,""positive_probability"":0.0,""block_rows"":12,""draws"":500},""120s"":{""mean_mae_reduction"":-0.0002169545123983886,""ci_low"":-0.0002456817872355621,""ci_high"":-0.00018837515171448766,""positive_probability"":0.0,""block_rows"":24,""draws"":500},""300s"":{""mean_mae_reduction"":-0.0002169545123983886,""ci_low"":-0.0002600625509686201,""ci_high"":-0.00017654018115668944,""positive_probability"":0.0,""block_rows"":60,""draws"":500}},""base_pca_to_candidate"":{""60s"":{""mean_mae_reduction"":-0.00042643880264208985,""ci_low"":-0.00046841181178373904,""ci_high"":-0.0003846720231494312,""positive_probability"":0.0,""block_rows"":12,""draws"":500},""120s"":{""mean_mae_reduction"":-0.00042643880264208985,""ci_low"":-0.0004794857147226331,""ci_high"":-0.0003775368342885176,""positive_probability"":0.0,""block_rows"":24,""draws"":500},""300s"":{""mean_mae_reduction"":-0.00042643880264208985,""ci_low"":-0.0004856574445034114,""ci_high"":-0.0003660515060323688,""positive_probability"":0.0,""block_rows"":60,""draws"":500}}}",,,,,7,,surface_displacement
-0.09730410335973039,-0.018116070232345072,-0.1164518738114737,-0.09344588019799493,-0.08200533791537845,,,,,diagnostic_1,,curvature_increment_60s,-0.02300599361347877,"{""60s"":{""mean_mae_reduction"":-0.00044113353163735937,""ci_low"":-0.0004896104996103645,""ci_high"":-0.0003996897044710229,""positive_probability"":0.0,""block_rows"":12,""draws"":500},""120s"":{""mean_mae_reduction"":-0.00044113353163735937,""ci_low"":-0.0004934824212816127,""ci_high"":-0.00038987079992468634,""positive_probability"":0.0,""block_rows"":24,""draws"":500},""300s"":{""mean_mae_reduction"":-0.00044113353163735937,""ci_low"":-0.0005067381086531947,""ci_high"":-0.00038157076123267804,""positive_probability"":0.0,""block_rows"":60,""draws"":500}}","{""base_to_candidate"":{""60s"":{""mean_mae_reduction"":-0.0006605027493189757,""ci_low"":-0.0007270798522041714,""ci_high"":-0.000593557971308177,""positive_probability"":0.0,""block_rows"":12,""draws"":500},""120s"":{""mean_mae_reduction"":-0.0006605027493189757,""ci_low"":-0.0007324022677305142,""ci_high"":-0.0005873265066382083,""positive_probability"":0.0,""block_rows"":24,""draws"":500},""300s"":{""mean_mae_reduction"":-0.0006605027493189757,""ci_low"":-0.0007627625706944015,""ci_high"":-0.0005644021520914399,""positive_probability"":0.0,""block_rows"":60,""draws"":500}},""base_pca_to_candidate"":{""60s"":{""mean_mae_reduction"":-0.0009358540694970205,""ci_low"":-0.001028360855687095,""ci_high"":-0.0008415824164118296,""positive_probability"":0.0,""block_rows"":12,""draws"":500},""120s"":{""mean_mae_reduction"":-0.0009358540694970205,""ci_low"":-0.0010470442375621538,""ci_high"":-0.0008320435818422908,""positive_probability"":0.0,""block_rows"":24,""draws"":500},""300s"":{""mean_mae_reduction"":-0.0009358540694970205,""ci_low"":-0.0010638066749395969,""ci_high"":-0.0007984388051733272,""positive_probability"":0.0,""block_rows"":60,""draws"":500}}}",,,,,7,,surface_displacement
0.17109662606349485,0.1398687630241533,0.16962205420028365,0.16959751554933822,0.1716380222591154,,,,,diagnostic_1,,acceleration_increment_60s,2.4538650945427065e-05,"{""60s"":{""mean_mae_reduction"":1.0657857444649214e-07,""ci_low"":-3.3809332579870195e-08,""ci_high"":2.8325672078347315e-07,""positive_probability"":0.93,""block_rows"":12,""draws"":500},""120s"":{""mean_mae_reduction"":1.0657857444649214e-07,""ci_low"":-8.438252046416585e-08,""ci_high"":3.1224050862619445e-07,""positive_probability"":0.862,""block_rows"":24,""draws"":500},""300s"":{""mean_mae_reduction"":1.0657857444649214e-07,""ci_low"":-1.6332600510721363e-07,""ci_high"":3.2668973836751746e-07,""positive_probability"":0.766,""block_rows"":60,""draws"":500}}","{""base_to_candidate"":{""60s"":{""mean_mae_reduction"":-8.755941894198709e-06,""ci_low"":-9.739929050420621e-06,""ci_high"":-7.806095514510092e-06,""positive_probability"":0.0,""block_rows"":12,""draws"":500},""120s"":{""mean_mae_reduction"":-8.755941894198709e-06,""ci_low"":-1.0046632130725799e-05,""ci_high"":-7.473176679384999e-06,""positive_probability"":0.0,""block_rows"":24,""draws"":500},""300s"":{""mean_mae_reduction"":-8.755941894198709e-06,""ci_low"":-1.0439924371594024e-05,""ci_high"":-7.000747779090971e-06,""positive_probability"":0.0,""block_rows"":60,""draws"":500}},""base_pca_to_candidate"":{""60s"":{""mean_mae_reduction"":-2.3334753419279737e-05,""ci_low"":-2.4689129168925346e-05,""ci_high"":-2.196484838860459e-05,""positive_probability"":0.0,""block_rows"":12,""draws"":500},""120s"":{""mean_mae_reduction"":-2.3334753419279737e-05,""ci_low"":-2.5122544993313097e-05,""ci_high"":-2.1473215655123356e-05,""positive_probability"":0.0,""block_rows"":24,""draws"":500},""300s"":{""mean_mae_reduction"":-2.3334753419279737e-05,""ci_low"":-2.571902878692826e-05,""ci_high"":-2.075379630423968e-05,""positive_probability"":0.0,""block_rows"":60,""draws"":500}}}",,,,,7,,absolute_atm_iv_change
0.17109239472614934,0.14076077039809864,0.1683841735789925,0.16959751554933822,0.1716380222591154,,,,,diagnostic_1,,curvature_increment_60s,-0.001213341970345727,"{""60s"":{""mean_mae_reduction"":-5.269900851651215e-06,""ci_low"":-5.680513047564651e-06,""ci_high"":-4.870125564454869e-06,""positive_probability"":0.0,""block_rows"":12,""draws"":500},""120s"":{""mean_mae_reduction"":-5.269900851651215e-06,""ci_low"":-5.714974994310145e-06,""ci_high"":-4.8741703745771015e-06,""positive_probability"":0.0,""block_rows"":24,""draws"":500},""300s"":{""mean_mae_reduction"":-5.269900851651215e-06,""ci_low"":-5.736461540718992e-06,""ci_high"":-4.85359683872017e-06,""positive_probability"":0.0,""block_rows"":60,""draws"":500}}","{""base_to_candidate"":{""60s"":{""mean_mae_reduction"":-1.4132421320296415e-05,""ci_low"":-1.550454965462104e-05,""ci_high"":-1.2799189867287224e-05,""positive_probability"":0.0,""block_rows"":12,""draws"":500},""120s"":{""mean_mae_reduction"":-1.4132421320296415e-05,""ci_low"":-1.572866687402334e-05,""ci_high"":-1.2592825127584838e-05,""positive_probability"":0.0,""block_rows"":24,""draws"":500},""300s"":{""mean_mae_reduction"":-1.4132421320296415e-05,""ci_low"":-1.6256931209979615e-05,""ci_high"":-1.1965282878243287e-05,""positive_probability"":0.0,""block_rows"":60,""draws"":500}},""base_pca_to_candidate"":{""60s"":{""mean_mae_reduction"":-3.034937468877806e-05,""ci_low"":-3.1947057466345495e-05,""ci_high"":-2.8610122939428734e-05,""positive_probability"":0.0,""block_rows"":12,""draws"":500},""120s"":{""mean_mae_reduction"":-3.034937468877806e-05,""ci_low"":-3.2466956874409546e-05,""ci_high"":-2.8048954346220326e-05,""positive_probability"":0.0,""block_rows"":24,""draws"":500},""300s"":{""mean_mae_reduction"":-3.034937468877806e-05,""ci_low"":-3.3160275803299606e-05,""ci_high"":-2.740154091386794e-05,""positive_probability"":0.0,""block_rows"":60,""draws"":500}}}",,,,,7,,absolute_atm_iv_change
,,,,,12,60,0.2092887150548386,0.15229362283415554,diagnostic_2,500,velocity_60s,,,,False,"[327,4134,16,0,0]","[0.03863435420382396,0.04412007752117736,0.06341841525760461,null,null]",4477,7,0.1798980015507383,surface_displacement
,,,,,24,120,0.21011255484797223,0.14879479925597017,diagnostic_2,500,velocity_60s,,,,False,"[327,4134,16,0,0]","[0.03863435420382396,0.04412007752117736,0.06341841525760461,null,null]",4477,7,0.1798980015507383,surface_displacement
,,,,,60,300,0.2103818406351482,0.1442464707638987,diagnostic_2,500,velocity_60s,,,,False,"[327,4134,16,0,0]","[0.03863435420382396,0.04412007752117736,0.06341841525760461,null,null]",4477,7,0.1798980015507383,surface_displacement
,,,,,12,60,0.16850423364745462,0.1132788587391711,diagnostic_2,500,velocity_60s,,,,False,"[327,4134,16,0,0]","[0.004566891500526977,0.005367707859420177,0.009074494242668152,null,null]",4477,7,0.14102888958639093,absolute_atm_iv_change
,,,,,24,120,0.17140002795239512,0.11449730196798086,diagnostic_2,500,velocity_60s,,,,False,"[327,4134,16,0,0]","[0.004566891500526977,0.005367707859420177,0.009074494242668152,null,null]",4477,7,0.14102888958639093,absolute_atm_iv_change
,,,,,60,300,0.17023714796885284,0.11081135675675614,diagnostic_2,500,velocity_60s,,,,False,"[327,4134,16,0,0]","[0.004566891500526977,0.005367707859420177,0.009074494242668152,null,null]",4477,7,0.14102888958639093,absolute_atm_iv_change
,,,,,12,60,0.054791759706349495,-0.027182458652864974,diagnostic_2,500,velocity_60s,,,,False,"[327,4134,16,0,0]","[0.00012412027513998805,0.0001254130582252613,0.00014509780696834686,null,null]",4477,7,0.014365124565562085,realized_futures_volatility
,,,,,24,120,0.06111799567693807,-0.02307008355875488,diagnostic_2,500,velocity_60s,,,,False,"[327,4134,16,0,0]","[0.00012412027513998805,0.0001254130582252613,0.00014509780696834686,null,null]",4477,7,0.014365124565562085,realized_futures_volatility
,,,,,60,300,0.059442442344671026,-0.024033666672150147,diagnostic_2,500,velocity_60s,,,,False,"[327,4134,16,0,0]","[0.00012412027513998805,0.0001254130582252613,0.00014509780696834686,null,null]",4477,7,0.014365124565562085,realized_futures_volatility
,,,,,12,60,0.06549395588288036,-0.008418248410768098,diagnostic_2,500,velocity_60s,,,,False,"[327,4134,16,0,0]","[8.201015834050077e-05,9.220235867954765e-05,0.00012814998626708984,null,null]",4477,7,0.030648560485303233,absolute_futures_return
,,,,,24,120,0.06838709265997531,-0.008249867075153058,diagnostic_2,500,velocity_60s,,,,False,"[327,4134,16,0,0]","[8.201015834050077e-05,9.220235867954765e-05,0.00012814998626708984,null,null]",4477,7,0.030648560485303233,absolute_futures_return
,,,,,60,300,0.0719622590890613,-0.006400946552004171,diagnostic_2,500,velocity_60s,,,,False,"[327,4134,16,0,0]","[8.201015834050077e-05,9.220235867954765e-05,0.00012814998626708984,null,null]",4477,7,0.030648560485303233,absolute_futures_return
,,,,,12,60,0.1135152923821178,0.0599115266633697,diagnostic_2,500,velocity_60s,,,,False,"[327,4134,16,0,0]","[-8.225207952554665e-05,3.975600858274613e-06,0.0005949368460278492,null,null]",4477,7,0.09006778295472924,near_atm_spread_change
,,,,,24,120,0.12035754476418316,0.0636267160884419,diagnostic_2,500,velocity_60s,,,,False,"[327,4134,16,0,0]","[-8.225207952554665e-05,3.975600858274613e-06,0.0005949368460278492,null,null]",4477,7,0.09006778295472924,near_atm_spread_change
,,,,,60,300,0.1175244198124068,0.06272982937067831,diagnostic_2,500,velocity_60s,,,,False,"[327,4134,16,0,0]","[-8.225207952554665e-05,3.975600858274613e-06,0.0005949368460278492,null,null]",4477,7,0.09006778295472924,near_atm_spread_change
,,,,,12,60,0.07551581421752475,9.221011180297856e-05,diagnostic_2,500,velocity_60s,,,,False,"[327,4134,16,0,0]","[5.699969850913465e-05,7.352388536455727e-05,0.00012976117432117462,null,null]",4477,7,0.03726436568925729,absolute_atm_straddle_change
,,,,,24,120,0.07479312817922255,-0.0030808399413370345,diagnostic_2,500,velocity_60s,,,,False,"[327,4134,16,0,0]","[5.699969850913465e-05,7.352388536455727e-05,0.00012976117432117462,null,null]",4477,7,0.03726436568925729,absolute_atm_straddle_change
,,,,,60,300,0.07449334400245954,0.0009861848232123542,diagnostic_2,500,velocity_60s,,,,False,"[327,4134,16,0,0]","[5.699969850913465e-05,7.352388536455727e-05,0.00012976117432117462,null,null]",4477,7,0.03726436568925729,absolute_atm_straddle_change
,,,,,12,60,0.059367643344966685,-0.009813733074988066,diagnostic_2,500,velocity_60s,,,,False,"[327,4134,16,0,0]","[-1.534924826218778e-06,2.153855734183167e-07,7.799894774507266e-08,null,null]",4477,7,0.02568977898254605,parity_restoration
,,,,,24,120,0.05836058366765982,-0.0021421647053766835,diagnostic_2,500,velocity_60s,,,,False,"[327,4134,16,0,0]","[-1.534924826218778e-06,2.153855734183167e-07,7.799894774507266e-08,null,null]",4477,7,0.02568977898254605,parity_restoration
,,,,,60,300,0.05797482051639871,-0.0010769843643847405,diagnostic_2,500,velocity_60s,,,,False,"[327,4134,16,0,0]","[-1.534924826218778e-06,2.153855734183167e-07,7.799894774507266e-08,null,null]",4477,7,0.02568977898254605,parity_restoration
,,,,,12,60,0.12491616628753215,0.06866008327848268,diagnostic_2,500,acceleration_60s,,,,False,"[220,4243,14,0,0]","[0.04183925377838719,0.0438720360361037,0.04906030063472099,null,null]",4477,7,0.09843102207669052,surface_displacement
,,,,,24,120,0.13051703772529463,0.06513856234575942,diagnostic_2,500,acceleration_60s,,,,False,"[220,4243,14,0,0]","[0.04183925377838719,0.0438720360361037,0.04906030063472099,null,null]",4477,7,0.09843102207669052,surface_displacement
,,,,,60,300,0.12632325130163594,0.06081380784623057,diagnostic_2,500,acceleration_60s,,,,False,"[220,4243,14,0,0]","[0.04183925377838719,0.0438720360361037,0.04906030063472099,null,null]",4477,7,0.09843102207669052,surface_displacement
,,,,,12,60,0.09424460195991166,0.03630543905761727,diagnostic_2,500,acceleration_60s,,,,False,"[220,4243,14,0,0]","[0.00477332669225606,0.0053495219609042315,0.005751154784645353,null,null]",4477,7,0.0687760564544765,absolute_atm_iv_change
,,,,,24,120,0.09938285252851609,0.03926930571699284,diagnostic_2,500,acceleration_60s,,,,False,"[220,4243,14,0,0]","[0.00477332669225606,0.0053495219609042315,0.005751154784645353,null,null]",4477,7,0.0687760564544765,absolute_atm_iv_change
,,,,,60,300,0.09595120710933835,0.03771845245887341,diagnostic_2,500,acceleration_60s,,,,False,"[220,4243,14,0,0]","[0.00477332669225606,0.0053495219609042315,0.005751154784645353,null,null]",4477,7,0.0687760564544765,absolute_atm_iv_change
,,,,,12,60,0.02345193518354546,-0.05318883635091258,diagnostic_2,500,acceleration_60s,,,,False,"[220,4243,14,0,0]","[0.00013232625296238462,0.00012500976296762832,0.0001313055472948887,null,null]",4477,7,-0.01692618691804596,realized_futures_volatility
,,,,,24,120,0.03258273019307767,-0.05990614235795032,diagnostic_2,500,acceleration_60s,,,,False,"[220,4243,14,0,0]","[0.00013232625296238462,0.00012500976296762832,0.0001313055472948887,null,null]",4477,7,-0.01692618691804596,realized_futures_volatility
,,,,,60,300,0.033692698182044234,-0.05451754527229266,diagnostic_2,500,acceleration_60s,,,,False,"[220,4243,14,0,0]","[0.00013232625296238462,0.00012500976296762832,0.0001313055472948887,null,null]",4477,7,-0.01692618691804596,realized_futures_volatility
,,,,,12,60,0.03698336222689702,-0.03492671291569391,diagnostic_2,500,acceleration_60s,,,,False,"[220,4243,14,0,0]","[9.179115295410156e-05,9.149362140181714e-05,0.00011648450578962053,null,null]",4477,7,0.0022179732256883628,absolute_futures_return
,,,,,24,120,0.044026846017641404,-0.03910904964519229,diagnostic_2,500,acceleration_60s,,,,False,"[220,4243,14,0,0]","[9.179115295410156e-05,9.149362140181714e-05,0.00011648450578962053,null,null]",4477,7,0.0022179732256883628,absolute_futures_return
,,,,,60,300,0.04993846594402946,-0.03630567037208734,diagnostic_2,500,acceleration_60s,,,,False,"[220,4243,14,0,0]","[9.179115295410156e-05,9.149362140181714e-05,0.00011648450578962053,null,null]",4477,7,0.0022179732256883628,absolute_futures_return
,,,,,12,60,0.08587956387136872,0.02716940175022329,diagnostic_2,500,acceleration_60s,,,,False,"[220,4243,14,0,0]","[-0.000100537956710799,4.383158783230605e-06,0.00018416437420195768,null,null]",4477,7,0.05826995981652477,near_atm_spread_change
,,,,,24,120,0.0887565314429582,0.030188271276768364,diagnostic_2,500,acceleration_60s,,,,False,"[220,4243,14,0,0]","[-0.000100537956710799,4.383158783230605e-06,0.00018416437420195768,null,null]",4477,7,0.05826995981652477,near_atm_spread_change
,,,,,60,300,0.0841202959965022,0.029764146601861476,diagnostic_2,500,acceleration_60s,,,,False,"[220,4243,14,0,0]","[-0.000100537956710799,4.383158783230605e-06,0.00018416437420195768,null,null]",4477,7,0.05826995981652477,near_atm_spread_change
,,,,,12,60,0.05111151016277136,-0.02318702607007252,diagnostic_2,500,acceleration_60s,,,,False,"[220,4243,14,0,0]","[5.763478323139928e-05,7.31321675086145e-05,0.00012024166062474251,null,null]",4477,7,0.013846618751741315,absolute_atm_straddle_change
,,,,,24,120,0.05631598796845557,-0.021971685028010626,diagnostic_2,500,acceleration_60s,,,,False,"[220,4243,14,0,0]","[5.763478323139928e-05,7.31321675086145e-05,0.00012024166062474251,null,null]",4477,7,0.013846618751741315,absolute_atm_straddle_change
,,,,,60,300,0.05438598067934085,-0.027986350904969644,diagnostic_2,500,acceleration_60s,,,,False,"[220,4243,14,0,0]","[5.763478323139928e-05,7.31321675086145e-05,0.00012024166062474251,null,null]",4477,7,0.013846618751741315,absolute_atm_straddle_change
,,,,,12,60,0.04110501192902196,-0.030302745772559845,diagnostic_2,500,acceleration_60s,,,,False,"[220,4243,14,0,0]","[2.0529755395479943e-06,-1.6712944732819035e-08,6.421379501781692e-07,null,null]",4477,7,0.003024227943088587,parity_restoration
,,,,,24,120,0.04015881772040574,-0.025557196705841206,diagnostic_2,500,acceleration_60s,,,,False,"[220,4243,14,0,0]","[2.0529755395479943e-06,-1.6712944732819035e-08,6.421379501781692e-07,null,null]",4477,7,0.003024227943088587,parity_restoration
,,,,,60,300,0.034264202349741237,-0.02100680917210437,diagnostic_2,500,acceleration_60s,,,,False,"[220,4243,14,0,0]","[2.0529755395479943e-06,-1.6712944732819035e-08,6.421379501781692e-07,null,null]",4477,7,0.003024227943088587,parity_restoration
,,,,,12,60,-0.04133826391755481,-0.10047675491997192,diagnostic_2,500,curvature_60s,,,,False,"[1442,575,531,512,1417]","[0.04655780867654024,0.043636245730008676,0.04183096880523054,0.04170581641142215,0.04251778764768364]",4477,7,-0.07204201615452241,surface_displacement
,,,,,24,120,-0.04453168140612012,-0.1011739014047472,diagnostic_2,500,curvature_60s,,,,False,"[1442,575,531,512,1417]","[0.04655780867654024,0.043636245730008676,0.04183096880523054,0.04170581641142215,0.04251778764768364]",4477,7,-0.07204201615452241,surface_displacement
,,,,,60,300,-0.04708428975614506,-0.10007478635232318,diagnostic_2,500,curvature_60s,,,,False,"[1442,575,531,512,1417]","[0.04655780867654024,0.043636245730008676,0.04183096880523054,0.04170581641142215,0.04251778764768364]",4477,7,-0.07204201615452241,surface_displacement
,,,,,12,60,-0.033892108709886896,-0.09354353368374939,diagnostic_2,500,curvature_60s,,,,False,"[1442,575,531,512,1417]","[0.005795158776512754,0.005249149838219518,0.005081981490673094,0.004809894802747294,0.005146500561846422]",4477,7,-0.06393935807194648,absolute_atm_iv_change
,,,,,24,120,-0.0328873300111625,-0.08961816244102254,diagnostic_2,500,curvature_60s,,,,False,"[1442,575,531,512,1417]","[0.005795158776512754,0.005249149838219518,0.005081981490673094,0.004809894802747294,0.005146500561846422]",4477,7,-0.06393935807194648,absolute_atm_iv_change
,,,,,60,300,-0.04020577113577076,-0.09281919297470445,diagnostic_2,500,curvature_60s,,,,False,"[1442,575,531,512,1417]","[0.005795158776512754,0.005249149838219518,0.005081981490673094,0.004809894802747294,0.005146500561846422]",4477,7,-0.06393935807194648,absolute_atm_iv_change
,,,,,12,60,0.017790000922456747,-0.04764648666776422,diagnostic_2,500,curvature_60s,,,,False,"[1442,575,531,512,1417]","[0.00012587603559920715,0.0001291727190705141,0.00012940358452539528,0.00012451080159241418,0.00012217084473366033]",4477,7,-0.014809579404330543,realized_futures_volatility
,,,,,24,120,0.01723860308517345,-0.05016897646074876,diagnostic_2,500,curvature_60s,,,,False,"[1442,575,531,512,1417]","[0.00012587603559920715,0.0001291727190705141,0.00012940358452539528,0.00012451080159241418,0.00012217084473366033]",4477,7,-0.014809579404330543,realized_futures_volatility
,,,,,60,300,0.021186473539325165,-0.05837707600999866,diagnostic_2,500,curvature_60s,,,,False,"[1442,575,531,512,1417]","[0.00012587603559920715,0.0001291727190705141,0.00012940358452539528,0.00012451080159241418,0.00012217084473366033]",4477,7,-0.014809579404330543,realized_futures_volatility
,,,,,12,60,0.023521609686318487,-0.03828443504195923,diagnostic_2,500,curvature_60s,,,,False,"[1442,575,531,512,1417]","[9.061956207233064e-05,0.00010106459907863451,9.099058736740083e-05,8.972920477390289e-05,8.961846480171026e-05]",4477,7,-0.008694147710011415,absolute_futures_return
,,,,,24,120,0.022904964260491833,-0.040796698213519805,diagnostic_2,500,curvature_60s,,,,False,"[1442,575,531,512,1417]","[9.061956207233064e-05,0.00010106459907863451,9.099058736740083e-05,8.972920477390289e-05,8.961846480171026e-05]",4477,7,-0.008694147710011415,absolute_futures_return
,,,,,60,300,0.0209617396311965,-0.04526892059379937,diagnostic_2,500,curvature_60s,,,,False,"[1442,575,531,512,1417]","[9.061956207233064e-05,0.00010106459907863451,9.099058736740083e-05,8.972920477390289e-05,8.961846480171026e-05]",4477,7,-0.008694147710011415,absolute_futures_return
,,,,,12,60,0.010003916855501447,-0.049788865852640404,diagnostic_2,500,curvature_60s,,,,False,"[1442,575,531,512,1417]","[1.0568972230706772e-05,2.226373484439176e-05,-2.0630606809690624e-05,5.066423597099856e-06,-1.4554388622635674e-05]",4477,7,-0.020420207092733005,near_atm_spread_change
,,,,,24,120,0.009731556104874233,-0.04750472210721037,diagnostic_2,500,curvature_60s,,,,False,"[1442,575,531,512,1417]","[1.0568972230706772e-05,2.226373484439176e-05,-2.0630606809690624e-05,5.066423597099856e-06,-1.4554388622635674e-05]",4477,7,-0.020420207092733005,near_atm_spread_change
,,,,,60,300,0.007838478328202461,-0.050865859161156754,diagnostic_2,500,curvature_60s,,,,False,"[1442,575,531,512,1417]","[1.0568972230706772e-05,2.226373484439176e-05,-2.0630606809690624e-05,5.066423597099856e-06,-1.4554388622635674e-05]",4477,7,-0.020420207092733005,near_atm_spread_change
,,,,,12,60,0.003883409483596033,-0.056440410664794466,diagnostic_2,500,curvature_60s,,,,False,"[1442,575,531,512,1417]","[7.398854153186869e-05,7.579915873382403e-05,6.777212977858362e-05,7.01314475008985e-05,7.233064721588862e-05]",4477,7,-0.025365575322897776,absolute_atm_straddle_change
,,,,,24,120,0.004933041664813659,-0.053434767873124595,diagnostic_2,500,curvature_60s,,,,False,"[1442,575,531,512,1417]","[7.398854153186869e-05,7.579915873382403e-05,6.777212977858362e-05,7.01314475008985e-05,7.233064721588862e-05]",4477,7,-0.025365575322897776,absolute_atm_straddle_change
,,,,,60,300,0.003503679066115733,-0.05500563201348464,diagnostic_2,500,curvature_60s,,,,False,"[1442,575,531,512,1417]","[7.398854153186869e-05,7.579915873382403e-05,6.777212977858362e-05,7.01314475008985e-05,7.233064721588862e-05]",4477,7,-0.025365575322897776,absolute_atm_straddle_change
,,,,,12,60,0.02219461536442178,-0.039779969693245876,diagnostic_2,500,curvature_60s,,,,False,"[1442,575,531,512,1417]","[-3.096520786369658e-08,6.411718799347948e-07,2.4118638044017544e-07,6.303808817165191e-07,-2.7178225488634124e-07]",4477,7,-0.011219993047846101,parity_restoration
,,,,,24,120,0.022771428998439786,-0.039793209210405224,diagnostic_2,500,curvature_60s,,,,False,"[1442,575,531,512,1417]","[-3.096520786369658e-08,6.411718799347948e-07,2.4118638044017544e-07,6.303808817165191e-07,-2.7178225488634124e-07]",4477,7,-0.011219993047846101,parity_restoration
,,,,,60,300,0.025334702601816608,-0.036324812027564,diagnostic_2,500,curvature_60s,,,,False,"[1442,575,531,512,1417]","[-3.096520786369658e-08,6.411718799347948e-07,2.4118638044017544e-07,6.303808817165191e-07,-2.7178225488634124e-07]",4477,7,-0.011219993047846101,parity_restoration
-0.22025254736047728,-0.1262899409361229,-0.2348024673877378,-0.22798577928542096,-0.2206168077093067,,,,,diagnostic_2,,acceleration_increment_60s,-0.006816688102316837,"{""60s"":{""mean_mae_reduction"":-0.00013108961316403412,""ci_low"":-0.00014506770323837706,""ci_high"":-0.00011842499396953623,""positive_probability"":0.0,""block_rows"":12,""draws"":500},""120s"":{""mean_mae_reduction"":-0.00013108961316403412,""ci_low"":-0.00014765388165375427,""ci_high"":-0.00011532884239661879,""positive_probability"":0.0,""block_rows"":24,""draws"":500},""300s"":{""mean_mae_reduction"":-0.00013108961316403412,""ci_low"":-0.00015288821370133566,""ci_high"":-0.00011275505468970684,""positive_probability"":0.0,""block_rows"":60,""draws"":500}}","{""base_to_candidate"":{""60s"":{""mean_mae_reduction"":-0.00027280001839751096,""ci_low"":-0.0002898687760713048,""ci_high"":-0.0002550689377156642,""positive_probability"":0.0,""block_rows"":12,""draws"":500},""120s"":{""mean_mae_reduction"":-0.00027280001839751096,""ci_low"":-0.0002931945517183039,""ci_high"":-0.0002545955408044784,""positive_probability"":0.0,""block_rows"":24,""draws"":500},""300s"":{""mean_mae_reduction"":-0.00027280001839751096,""ci_low"":-0.00029670999846363174,""ci_high"":-0.00024698415280953706,""positive_probability"":0.0,""block_rows"":60,""draws"":500}},""base_pca_to_candidate"":{""60s"":{""mean_mae_reduction"":-0.0005390906808722928,""ci_low"":-0.0005745123035424762,""ci_high"":-0.0005038077718380403,""positive_probability"":0.0,""block_rows"":12,""draws"":500},""120s"":{""mean_mae_reduction"":-0.0005390906808722928,""ci_low"":-0.0005757061811249056,""ci_high"":-0.0005000365173801371,""positive_probability"":0.0,""block_rows"":24,""draws"":500},""300s"":{""mean_mae_reduction"":-0.0005390906808722928,""ci_low"":-0.0005851087040644446,""ci_high"":-0.0004953022977238872,""positive_probability"":0.0,""block_rows"":60,""draws"":500}}}",,,,,7,,surface_displacement
-0.24729311100236528,-0.15240886633024697,-0.2634391371867637,-0.22798577928542096,-0.2206168077093067,,,,,diagnostic_2,,curvature_increment_60s,-0.03545335790134274,"{""60s"":{""mean_mae_reduction"":-0.0006817925219540894,""ci_low"":-0.000727675294527884,""ci_high"":-0.0006394806133827431,""positive_probability"":0.0,""block_rows"":12,""draws"":500},""120s"":{""mean_mae_reduction"":-0.0006817925219540894,""ci_low"":-0.0007341358703493386,""ci_high"":-0.0006312607420161655,""positive_probability"":0.0,""block_rows"":24,""draws"":500},""300s"":{""mean_mae_reduction"":-0.0006817925219540894,""ci_low"":-0.0007505710509705192,""ci_high"":-0.0006137558156625145,""positive_probability"":0.0,""block_rows"":60,""draws"":500}}","{""base_to_candidate"":{""60s"":{""mean_mae_reduction"":-0.0008235029271875662,""ci_low"":-0.0008747651473114618,""ci_high"":-0.0007645160745739922,""positive_probability"":0.0,""block_rows"":12,""draws"":500},""120s"":{""mean_mae_reduction"":-0.0008235029271875662,""ci_low"":-0.0008935471675422947,""ci_high"":-0.0007619667604126014,""positive_probability"":0.0,""block_rows"":24,""draws"":500},""300s"":{""mean_mae_reduction"":-0.0008235029271875662,""ci_low"":-0.0009097331353767603,""ci_high"":-0.0007327050325552611,""positive_probability"":0.0,""block_rows"":60,""draws"":500}},""base_pca_to_candidate"":{""60s"":{""mean_mae_reduction"":-0.0012354654352096765,""ci_low"":-0.001319628896421326,""ci_high"":-0.0011472695445865465,""positive_probability"":0.0,""block_rows"":12,""draws"":500},""120s"":{""mean_mae_reduction"":-0.0012354654352096765,""ci_low"":-0.0013359176207412078,""ci_high"":-0.001127554317771604,""positive_probability"":0.0,""block_rows"":24,""draws"":500},""300s"":{""mean_mae_reduction"":-0.0012354654352096765,""ci_low"":-0.00138241437588252,""ci_high"":-0.0011162471615902333,""positive_probability"":0.0,""block_rows"":60,""draws"":500}}}",,,,,7,,surface_displacement
0.18980778511902496,0.16503333029498957,0.18829493889873616,0.18849641893399882,0.1894451971199771,,,,,diagnostic_2,,acceleration_increment_60s,-0.00020148003526265779,"{""60s"":{""mean_mae_reduction"":-1.030229850155141e-06,""ci_low"":-1.1350440466416146e-06,""ci_high"":-9.452944819161551e-07,""positive_probability"":0.0,""block_rows"":12,""draws"":500},""120s"":{""mean_mae_reduction"":-1.030229850155141e-06,""ci_low"":-1.1399040839636181e-06,""ci_high"":-9.189386568532768e-07,""positive_probability"":0.0,""block_rows"":24,""draws"":500},""300s"":{""mean_mae_reduction"":-1.030229850155141e-06,""ci_low"":-1.1911954839786038e-06,""ci_high"":-8.847946228591369e-07,""positive_probability"":0.0,""block_rows"":60,""draws"":500}}","{""base_to_candidate"":{""60s"":{""mean_mae_reduction"":-5.881626699954591e-06,""ci_low"":-6.397581326687244e-06,""ci_high"":-5.357200801144263e-06,""positive_probability"":0.0,""block_rows"":12,""draws"":500},""120s"":{""mean_mae_reduction"":-5.881626699954591e-06,""ci_low"":-6.618492100613961e-06,""ci_high"":-5.087257127097888e-06,""positive_probability"":0.0,""block_rows"":24,""draws"":500},""300s"":{""mean_mae_reduction"":-5.881626699954591e-06,""ci_low"":-6.830852076586216e-06,""ci_high"":-4.9586187215751564e-06,""positive_probability"":0.0,""block_rows"":60,""draws"":500}},""base_pca_to_candidate"":{""60s"":{""mean_mae_reduction"":-2.0034720865661226e-05,""ci_low"":-2.0932412900754554e-05,""ci_high"":-1.920188884827824e-05,""positive_probability"":0.0,""block_rows"":12,""draws"":500},""120s"":{""mean_mae_reduction"":-2.0034720865661226e-05,""ci_low"":-2.109743602090151e-05,""ci_high"":-1.8900601758542917e-05,""positive_probability"":0.0,""block_rows"":24,""draws"":500},""300s"":{""mean_mae_reduction"":-2.0034720865661226e-05,""ci_low"":-2.1472677983554532e-05,""ci_high"":-1.8663646083995596e-05,""positive_probability"":0.0,""block_rows"":60,""draws"":500}}}",,,,,7,,absolute_atm_iv_change
0.18869750867443003,0.1644535746823551,0.1870415035977453,0.18849641893399882,0.1894451971199771,,,,,diagnostic_2,,curvature_increment_60s,-0.001454915336253526,"{""60s"":{""mean_mae_reduction"":-7.439432928940136e-06,""ci_low"":-7.845828875946519e-06,""ci_high"":-7.074683074922126e-06,""positive_probability"":0.0,""block_rows"":12,""draws"":500},""120s"":{""mean_mae_reduction"":-7.439432928940136e-06,""ci_low"":-7.85903887492787e-06,""ci_high"":-7.085778912631837e-06,""positive_probability"":0.0,""block_rows"":24,""draws"":500},""300s"":{""mean_mae_reduction"":-7.439432928940136e-06,""ci_low"":-7.928774410860387e-06,""ci_high"":-6.935812260586218e-06,""positive_probability"":0.0,""block_rows"":60,""draws"":500}}","{""base_to_candidate"":{""60s"":{""mean_mae_reduction"":-1.2290829778739586e-05,""ci_low"":-1.3005067199019959e-05,""ci_high"":-1.1500534020258945e-05,""positive_probability"":0.0,""block_rows"":12,""draws"":500},""120s"":{""mean_mae_reduction"":-1.2290829778739586e-05,""ci_low"":-1.3312665419576152e-05,""ci_high"":-1.1205690535538385e-05,""positive_probability"":0.0,""block_rows"":24,""draws"":500},""300s"":{""mean_mae_reduction"":-1.2290829778739586e-05,""ci_low"":-1.3567398889753479e-05,""ci_high"":-1.1035539439947766e-05,""positive_probability"":0.0,""block_rows"":60,""draws"":500}},""base_pca_to_candidate"":{""60s"":{""mean_mae_reduction"":-2.8664306987153256e-05,""ci_low"":-2.983369472053762e-05,""ci_high"":-2.7463077063421455e-05,""positive_probability"":0.0,""block_rows"":12,""draws"":500},""120s"":{""mean_mae_reduction"":-2.8664306987153256e-05,""ci_low"":-3.0008633963507902e-05,""ci_high"":-2.72034353517823e-05,""positive_probability"":0.0,""block_rows"":24,""draws"":500},""300s"":{""mean_mae_reduction"":-2.8664306987153256e-05,""ci_low"":-3.051044548122907e-05,""ci_high"":-2.6898772736424655e-05,""positive_probability"":0.0,""block_rows"":60,""draws"":500}}}",,,,,7,,absolute_atm_iv_change
,,,,,12,60,0.2374331779386228,0.1545136044569621,diagnostic_1,500,velocity_5s,,,,False,"[1385,951,6,0,0]","[0.04059171981187167,0.04820110905823328,0.07546229712695281,null,null]",2342,23,0.19563387349067624,surface_displacement
,,,,,24,120,0.24285893790899088,0.15717198967002563,diagnostic_1,500,velocity_5s,,,,False,"[1385,951,6,0,0]","[0.04059171981187167,0.04820110905823328,0.07546229712695281,null,null]",2342,23,0.19563387349067624,surface_displacement
,,,,,60,300,0.2444855611003211,0.15237515974305385,diagnostic_1,500,velocity_5s,,,,False,"[1385,951,6,0,0]","[0.04059171981187167,0.04820110905823328,0.07546229712695281,null,null]",2342,23,0.19563387349067624,surface_displacement
,,,,,12,60,0.16736270912442278,0.08601569669322877,diagnostic_1,500,velocity_5s,,,,False,"[1385,951,6,0,0]","[0.004147383113415232,0.005105259768531651,0.009779538959264755,null,null]",2342,23,0.12494761039617536,absolute_atm_iv_change
,,,,,24,120,0.16731885115381873,0.0846959488759863,diagnostic_1,500,velocity_5s,,,,False,"[1385,951,6,0,0]","[0.004147383113415232,0.005105259768531651,0.009779538959264755,null,null]",2342,23,0.12494761039617536,absolute_atm_iv_change
,,,,,60,300,0.17045974614371057,0.08645516139911358,diagnostic_1,500,velocity_5s,,,,False,"[1385,951,6,0,0]","[0.004147383113415232,0.005105259768531651,0.009779538959264755,null,null]",2342,23,0.12494761039617536,absolute_atm_iv_change
,,,,,12,60,0.10216549692161336,-0.013678479709909751,diagnostic_1,500,velocity_5s,,,,False,"[1385,951,6,0,0]","[0.00011066047899913852,0.00011883737059571629,0.000134019089724796,null,null]",2342,23,0.04416200781891528,realized_futures_volatility
,,,,,24,120,0.12299663234858489,-0.01762083826455126,diagnostic_1,500,velocity_5s,,,,False,"[1385,951,6,0,0]","[0.00011066047899913852,0.00011883737059571629,0.000134019089724796,null,null]",2342,23,0.04416200781891528,realized_futures_volatility
,,,,,60,300,0.11890948374676276,-0.010166541949921953,diagnostic_1,500,velocity_5s,,,,False,"[1385,951,6,0,0]","[0.00011066047899913852,0.00011883737059571629,0.000134019089724796,null,null]",2342,23,0.04416200781891528,realized_futures_volatility
,,,,,12,60,0.11125942422058233,0.0059862760239376735,diagnostic_1,500,velocity_5s,,,,False,"[1385,951,6,0,0]","[8.295520548355708e-05,9.142938848549636e-05,0.00013685226440429688,null,null]",2342,23,0.058348284713959926,absolute_futures_return
,,,,,24,120,0.1303317498297185,0.005635651426281396,diagnostic_1,500,velocity_5s,,,,False,"[1385,951,6,0,0]","[8.295520548355708e-05,9.142938848549636e-05,0.00013685226440429688,null,null]",2342,23,0.058348284713959926,absolute_futures_return
,,,,,60,300,0.11953204863519164,0.001791663912115814,diagnostic_1,500,velocity_5s,,,,False,"[1385,951,6,0,0]","[8.295520548355708e-05,9.142938848549636e-05,0.00013685226440429688,null,null]",2342,23,0.058348284713959926,absolute_futures_return
,,,,,12,60,0.09599150045105641,0.017278484655293972,diagnostic_1,500,velocity_5s,,,,False,"[1385,951,6,0,0]","[-2.2330857607004795e-05,2.4630467878208036e-05,0.0005505954856441045,null,null]",2342,23,0.05722432289260875,near_atm_spread_change
,,,,,24,120,0.09585055676370821,0.019959957089517956,diagnostic_1,500,velocity_5s,,,,False,"[1385,951,6,0,0]","[-2.2330857607004795e-05,2.4630467878208036e-05,0.0005505954856441045,null,null]",2342,23,0.05722432289260875,near_atm_spread_change
,,,,,60,300,0.09396561082229152,0.017792521214389782,diagnostic_1,500,velocity_5s,,,,False,"[1385,951,6,0,0]","[-2.2330857607004795e-05,2.4630467878208036e-05,0.0005505954856441045,null,null]",2342,23,0.05722432289260875,near_atm_spread_change
,,,,,12,60,0.01776764630159706,-0.08633166234640859,diagnostic_1,500,velocity_5s,,,,False,"[1385,951,6,0,0]","[4.623015596117784e-05,4.625078741182915e-05,5.7835752765337624e-05,null,null]",2342,23,-0.03229427073642106,absolute_atm_straddle_change
,,,,,24,120,0.018855488743973945,-0.08741058804344146,diagnostic_1,500,velocity_5s,,,,False,"[1385,951,6,0,0]","[4.623015596117784e-05,4.625078741182915e-05,5.7835752765337624e-05,null,null]",2342,23,-0.03229427073642106,absolute_atm_straddle_change
,,,,,60,300,0.02489550468581514,-0.08443342132055494,diagnostic_1,500,velocity_5s,,,,False,"[1385,951,6,0,0]","[4.623015596117784e-05,4.625078741182915e-05,5.7835752765337624e-05,null,null]",2342,23,-0.03229427073642106,absolute_atm_straddle_change
,,,,,12,60,0.08542422328018925,-0.014612039138453848,diagnostic_1,500,velocity_5s,,,,False,"[1385,951,6,0,0]","[3.922459713960006e-07,3.3127649623697936e-07,-1.940319634741172e-06,null,null]",2342,23,0.03392874457404849,parity_restoration
,,,,,24,120,0.08162402088958795,-0.015076943329965689,diagnostic_1,500,velocity_5s,,,,False,"[1385,951,6,0,0]","[3.922459713960006e-07,3.3127649623697936e-07,-1.940319634741172e-06,null,null]",2342,23,0.03392874457404849,parity_restoration
,,,,,60,300,0.09288264494817353,-0.012902727185115308,diagnostic_1,500,velocity_5s,,,,False,"[1385,951,6,0,0]","[3.922459713960006e-07,3.3127649623697936e-07,-1.940319634741172e-06,null,null]",2342,23,0.03392874457404849,parity_restoration
,,,,,12,60,0.18354270473372908,0.09740209684698602,diagnostic_1,500,acceleration_5s,,,,False,"[1318,1005,19,0,0]","[0.04148345840506735,0.046927304548322016,0.035495851981127646,null,null]",2342,23,0.1369435693112304,surface_displacement
,,,,,24,120,0.18697696992953555,0.09653794064822242,diagnostic_1,500,acceleration_5s,,,,False,"[1318,1005,19,0,0]","[0.04148345840506735,0.046927304548322016,0.035495851981127646,null,null]",2342,23,0.1369435693112304,surface_displacement
,,,,,60,300,0.1850115166036601,0.08895389864796518,diagnostic_1,500,acceleration_5s,,,,False,"[1318,1005,19,0,0]","[0.04148345840506735,0.046927304548322016,0.035495851981127646,null,null]",2342,23,0.1369435693112304,surface_displacement
,,,,,12,60,0.11242341667144815,0.018333315990897214,diagnostic_1,500,acceleration_5s,,,,False,"[1318,1005,19,0,0]","[0.004356503831462903,0.004836322908377766,0.002922542785343371,null,null]",2342,23,0.061050293099525366,absolute_atm_iv_change
,,,,,24,120,0.10718332343707393,0.020150905774192113,diagnostic_1,500,acceleration_5s,,,,False,"[1318,1005,19,0,0]","[0.004356503831462903,0.004836322908377766,0.002922542785343371,null,null]",2342,23,0.061050293099525366,absolute_atm_iv_change
,,,,,60,300,0.10975482376655914,0.01807623017493604,diagnostic_1,500,acceleration_5s,,,,False,"[1318,1005,19,0,0]","[0.004356503831462903,0.004836322908377766,0.002922542785343371,null,null]",2342,23,0.061050293099525366,absolute_atm_iv_change
,,,,,12,60,0.08940870404619446,-0.037706101717709675,diagnostic_1,500,acceleration_5s,,,,False,"[1318,1005,19,0,0]","[0.00011241979289463155,0.00011627411143107005,0.00010833938764905432,null,null]",2342,23,0.027382057691473737,realized_futures_volatility
,,,,,24,120,0.10880680769148182,-0.04765438402672967,diagnostic_1,500,acceleration_5s,,,,False,"[1318,1005,19,0,0]","[0.00011241979289463155,0.00011627411143107005,0.00010833938764905432,null,null]",2342,23,0.027382057691473737,realized_futures_volatility
,,,,,60,300,0.1128802364366641,-0.03468986581301175,diagnostic_1,500,acceleration_5s,,,,False,"[1318,1005,19,0,0]","[0.00011241979289463155,0.00011627411143107005,0.00010833938764905432,null,null]",2342,23,0.027382057691473737,realized_futures_volatility
,,,,,12,60,0.0874760848380927,-0.019212358936582383,diagnostic_1,500,acceleration_5s,,,,False,"[1318,1005,19,0,0]","[8.555428211171638e-05,8.797811631539567e-05,7.815110056023849e-05,null,null]",2342,23,0.03179426240449069,absolute_futures_return
,,,,,24,120,0.10497573710250518,-0.02544320481115072,diagnostic_1,500,acceleration_5s,,,,False,"[1318,1005,19,0,0]","[8.555428211171638e-05,8.797811631539567e-05,7.815110056023849e-05,null,null]",2342,23,0.03179426240449069,absolute_futures_return
,,,,,60,300,0.10001713375838711,-0.026722198932861544,diagnostic_1,500,acceleration_5s,,,,False,"[1318,1005,19,0,0]","[8.555428211171638e-05,8.797811631539567e-05,7.815110056023849e-05,null,null]",2342,23,0.03179426240449069,absolute_futures_return
,,,,,12,60,0.07613788066682402,-0.008357781830153016,diagnostic_1,500,acceleration_5s,,,,False,"[1318,1005,19,0,0]","[-1.536018116590786e-05,1.7657087069231813e-05,-8.956545513539918e-05,null,null]",2342,23,0.03417301118788463,near_atm_spread_change
,,,,,24,120,0.07767132122069813,-0.004136296119663895,diagnostic_1,500,acceleration_5s,,,,False,"[1318,1005,19,0,0]","[-1.536018116590786e-05,1.7657087069231813e-05,-8.956545513539918e-05,null,null]",2342,23,0.03417301118788463,near_atm_spread_change
,,,,,60,300,0.0708019523399397,-0.0014153769592267376,diagnostic_1,500,acceleration_5s,,,,False,"[1318,1005,19,0,0]","[-1.536018116590786e-05,1.7657087069231813e-05,-8.956545513539918e-05,null,null]",2342,23,0.03417301118788463,near_atm_spread_change
,,,,,12,60,0.009492774442199144,-0.10295761292120881,diagnostic_1,500,acceleration_5s,,,,False,"[1318,1005,19,0,0]","[4.7138868089149136e-05,4.532834635445135e-05,3.5592795986878245e-05,null,null]",2342,23,-0.0463228680227785,absolute_atm_straddle_change
,,,,,24,120,0.009361492936292964,-0.10534190855283102,diagnostic_1,500,acceleration_5s,,,,False,"[1318,1005,19,0,0]","[4.7138868089149136e-05,4.532834635445135e-05,3.5592795986878245e-05,null,null]",2342,23,-0.0463228680227785,absolute_atm_straddle_change
,,,,,60,300,0.011410949474682446,-0.10242278573100407,diagnostic_1,500,acceleration_5s,,,,False,"[1318,1005,19,0,0]","[4.7138868089149136e-05,4.532834635445135e-05,3.5592795986878245e-05,null,null]",2342,23,-0.0463228680227785,absolute_atm_straddle_change
,,,,,12,60,0.08111749924487159,-0.019404800731517204,diagnostic_1,500,acceleration_5s,,,,False,"[1318,1005,19,0,0]","[2.9760827761514775e-07,3.8566122113018114e-07,3.517129650725493e-06,null,null]",2342,23,0.030820487574491278,parity_restoration
,,,,,24,120,0.08338338183003965,-0.021275762796713345,diagnostic_1,500,acceleration_5s,,,,False,"[1318,1005,19,0,0]","[2.9760827761514775e-07,3.8566122113018114e-07,3.517129650725493e-06,null,null]",2342,23,0.030820487574491278,parity_restoration
,,,,,60,300,0.08836076381211665,-0.01739964827437541,diagnostic_1,500,acceleration_5s,,,,False,"[1318,1005,19,0,0]","[2.9760827761514775e-07,3.8566122113018114e-07,3.517129650725493e-06,null,null]",2342,23,0.030820487574491278,parity_restoration
,,,,,12,60,0.00494050703856794,-0.07397141011540274,diagnostic_1,500,curvature_5s,,,,False,"[643,353,296,343,707]","[0.04532459537137763,0.042421668544601276,0.04444171187082491,0.04321069673595355,0.04302260385056225]",2342,23,-0.03656304682627644,surface_displacement
,,,,,24,120,0.000679308518561716,-0.07163917766217785,diagnostic_1,500,curvature_5s,,,,False,"[643,353,296,343,707]","[0.04532459537137763,0.042421668544601276,0.04444171187082491,0.04321069673595355,0.04302260385056225]",2342,23,-0.03656304682627644,surface_displacement
,,,,,60,300,0.005621932118651805,-0.07696702793712047,diagnostic_1,500,curvature_5s,,,,False,"[643,353,296,343,707]","[0.04532459537137763,0.042421668544601276,0.04444171187082491,0.04321069673595355,0.04302260385056225]",2342,23,-0.03656304682627644,surface_displacement
,,,,,12,60,-0.010255480086637524,-0.08814166576580745,diagnostic_1,500,curvature_5s,,,,False,"[643,353,296,343,707]","[0.0048289292522388895,0.004410374751340904,0.004723929120479403,0.004467057373711388,0.004336007624400893]",2342,23,-0.05099403941838552,absolute_atm_iv_change
,,,,,24,120,-0.00783320712385304,-0.08919952187525305,diagnostic_1,500,curvature_5s,,,,False,"[643,353,296,343,707]","[0.0048289292522388895,0.004410374751340904,0.004723929120479403,0.004467057373711388,0.004336007624400893]",2342,23,-0.05099403941838552,absolute_atm_iv_change
,,,,,60,300,-0.009326830820767303,-0.09471687919521984,diagnostic_1,500,curvature_5s,,,,False,"[643,353,296,343,707]","[0.0048289292522388895,0.004410374751340904,0.004723929120479403,0.004467057373711388,0.004336007624400893]",2342,23,-0.05099403941838552,absolute_atm_iv_change
,,,,,12,60,0.06594717541503545,-0.014269947943124342,diagnostic_1,500,curvature_5s,,,,False,"[643,353,296,343,707]","[0.00011079980047805291,0.00011486584461090452,0.0001171930333262512,0.00011867292633826966,0.00011300898293500376]",2342,23,0.02622852485069611,realized_futures_volatility
,,,,,24,120,0.06007715752393824,-0.01439363765743384,diagnostic_1,500,curvature_5s,,,,False,"[643,353,296,343,707]","[0.00011079980047805291,0.00011486584461090452,0.0001171930333262512,0.00011867292633826966,0.00011300898293500376]",2342,23,0.02622852485069611,realized_futures_volatility
,,,,,60,300,0.058163434247815525,-0.016740164317712736,diagnostic_1,500,curvature_5s,,,,False,"[643,353,296,343,707]","[0.00011079980047805291,0.00011486584461090452,0.0001171930333262512,0.00011867292633826966,0.00011300898293500376]",2342,23,0.02622852485069611,realized_futures_volatility
,,,,,12,60,0.0657714447240138,-0.005420973119323848,diagnostic_1,500,curvature_5s,,,,False,"[643,353,296,343,707]","[8.597307220031833e-05,7.96466643681945e-05,8.942307652653874e-05,8.717083722439869e-05,8.896553870474939e-05]",2342,23,0.028369263679157562,absolute_futures_return
,,,,,24,120,0.06447144734084302,-0.009326694797637734,diagnostic_1,500,curvature_5s,,,,False,"[643,353,296,343,707]","[8.597307220031833e-05,7.96466643681945e-05,8.942307652653874e-05,8.717083722439869e-05,8.896553870474939e-05]",2342,23,0.028369263679157562,absolute_futures_return
,,,,,60,300,0.06423591512678051,-0.010015941647041013,diagnostic_1,500,curvature_5s,,,,False,"[643,353,296,343,707]","[8.597307220031833e-05,7.96466643681945e-05,8.942307652653874e-05,8.717083722439869e-05,8.896553870474939e-05]",2342,23,0.028369263679157562,absolute_futures_return
,,,,,12,60,0.02516220851554895,-0.05504583907265838,diagnostic_1,500,curvature_5s,,,,False,"[643,353,296,343,707]","[6.910595074433595e-06,2.0027018876722552e-05,-5.174797086117512e-06,-1.5676602422200012e-05,-1.2454491722347449e-05]",2342,23,-0.014446474847155655,near_atm_spread_change
,,,,,24,120,0.030634230571131585,-0.05128812603463408,diagnostic_1,500,curvature_5s,,,,False,"[643,353,296,343,707]","[6.910595074433595e-06,2.0027018876722552e-05,-5.174797086117512e-06,-1.5676602422200012e-05,-1.2454491722347449e-05]",2342,23,-0.014446474847155655,near_atm_spread_change
,,,,,60,300,0.023661739623105454,-0.04747394025050501,diagnostic_1,500,curvature_5s,,,,False,"[643,353,296,343,707]","[6.910595074433595e-06,2.0027018876722552e-05,-5.174797086117512e-06,-1.5676602422200012e-05,-1.2454491722347449e-05]",2342,23,-0.014446474847155655,near_atm_spread_change
,,,,,12,60,0.04399770891145318,-0.031423729013406954,diagnostic_1,500,curvature_5s,,,,False,"[643,353,296,343,707]","[4.558920321484932e-05,4.688550113956246e-05,5.04407358380991e-05,4.843301777850087e-05,4.378056135213021e-05]",2342,23,0.008451916548207036,absolute_atm_straddle_change
,,,,,24,120,0.04379295116893577,-0.03327790663523999,diagnostic_1,500,curvature_5s,,,,False,"[643,353,296,343,707]","[4.558920321484932e-05,4.688550113956246e-05,5.04407358380991e-05,4.843301777850087e-05,4.378056135213021e-05]",2342,23,0.008451916548207036,absolute_atm_straddle_change
,,,,,60,300,0.041623834587278065,-0.028956599680799038,diagnostic_1,500,curvature_5s,,,,False,"[643,353,296,343,707]","[4.558920321484932e-05,4.688550113956246e-05,5.04407358380991e-05,4.843301777850087e-05,4.378056135213021e-05]",2342,23,0.008451916548207036,absolute_atm_straddle_change
,,,,,12,60,0.031294252493999204,-0.042215304887786124,diagnostic_1,500,curvature_5s,,,,False,"[643,353,296,343,707]","[-7.89830800658961e-09,6.207537782457974e-07,1.965270441999294e-07,5.098346335869065e-07,5.651625805097083e-07]",2342,23,-0.0018887730974814464,parity_restoration
,,,,,24,120,0.03235882269456384,-0.04226629569886536,diagnostic_1,500,curvature_5s,,,,False,"[643,353,296,343,707]","[-7.89830800658961e-09,6.207537782457974e-07,1.965270441999294e-07,5.098346335869065e-07,5.651625805097083e-07]",2342,23,-0.0018887730974814464,parity_restoration
,,,,,60,300,0.04107998567257495,-0.04292626511151468,diagnostic_1,500,curvature_5s,,,,False,"[643,353,296,343,707]","[-7.89830800658961e-09,6.207537782457974e-07,1.965270441999294e-07,5.098346335869065e-07,5.651625805097083e-07]",2342,23,-0.0018887730974814464,parity_restoration
-0.08444310447503489,-0.005359906925289204,-0.09385957868317019,-0.10323763139372377,-0.08200533791537845,,,,,diagnostic_1,,acceleration_increment_5s,0.009378052710553586,"{""60s"":{""mean_mae_reduction"":0.0001798215535304688,""ci_low"":0.0001604025316984032,""ci_high"":0.00020077042949593677,""positive_probability"":1.0,""block_rows"":12,""draws"":500},""120s"":{""mean_mae_reduction"":0.0001798215535304688,""ci_low"":0.0001567970365846629,""ci_high"":0.0002016315047248085,""positive_probability"":1.0,""block_rows"":24,""draws"":500},""300s"":{""mean_mae_reduction"":0.0001798215535304688,""ci_low"":0.00015299980770258826,""ci_high"":0.0002051664020746009,""positive_probability"":1.0,""block_rows"":60,""draws"":500}}","{""base_to_candidate"":{""60s"":{""mean_mae_reduction"":-0.0002273017711224494,""ci_low"":-0.0002609114348616737,""ci_high"":-0.00019766090762420897,""positive_probability"":0.0,""block_rows"":12,""draws"":500},""120s"":{""mean_mae_reduction"":-0.0002273017711224494,""ci_low"":-0.0002635565935498218,""ci_high"":-0.00018965904434397636,""positive_probability"":0.0,""block_rows"":24,""draws"":500},""300s"":{""mean_mae_reduction"":-0.0002273017711224494,""ci_low"":-0.00027497532592572164,""ci_high"":-0.00018205479496707659,""positive_probability"":0.0,""block_rows"":60,""draws"":500}},""base_pca_to_candidate"":{""60s"":{""mean_mae_reduction"":-0.00017552509769592158,""ci_low"":-0.00020629461791971332,""ci_high"":-0.0001489647446604298,""positive_probability"":0.0,""block_rows"":12,""draws"":500},""120s"":{""mean_mae_reduction"":-0.00017552509769592158,""ci_low"":-0.00020757780952664157,""ci_high"":-0.00014242596803172038,""positive_probability"":0.0,""block_rows"":24,""draws"":500},""300s"":{""mean_mae_reduction"":-0.00017552509769592158,""ci_low"":-0.00020806999026510756,""ci_high"":-0.00013867915556310705,""positive_probability"":0.0,""block_rows"":60,""draws"":500}}}",,,,,23,,surface_displacement
-0.07988810605735064,0.0002477989132324554,-0.10510209968526074,-0.10323763139372377,-0.08200533791537845,,,,,diagnostic_1,,curvature_increment_5s,-0.0018644682915369692,"{""60s"":{""mean_mae_reduction"":-3.575066114899962e-05,""ci_low"":-5.826578000266978e-05,""ci_high"":-1.2225788354228167e-05,""positive_probability"":0.0,""block_rows"":12,""draws"":500},""120s"":{""mean_mae_reduction"":-3.575066114899962e-05,""ci_low"":-6.205372401715775e-05,""ci_high"":-1.1408650120451014e-05,""positive_probability"":0.0,""block_rows"":24,""draws"":500},""300s"":{""mean_mae_reduction"":-3.575066114899962e-05,""ci_low"":-6.432995808750732e-05,""ci_high"":-6.23887651871838e-06,""positive_probability"":0.01,""block_rows"":60,""draws"":500}}","{""base_to_candidate"":{""60s"":{""mean_mae_reduction"":-0.0004428739858019178,""ci_low"":-0.0005000970495137482,""ci_high"":-0.00038749541287360007,""positive_probability"":0.0,""block_rows"":12,""draws"":500},""120s"":{""mean_mae_reduction"":-0.0004428739858019178,""ci_low"":-0.0005041699862859286,""ci_high"":-0.00038125784792916576,""positive_probability"":0.0,""block_rows"":24,""draws"":500},""300s"":{""mean_mae_reduction"":-0.0004428739858019178,""ci_low"":-0.0005199147794826396,""ci_high"":-0.0003660197437372474,""positive_probability"":0.0,""block_rows"":60,""draws"":500}},""base_pca_to_candidate"":{""60s"":{""mean_mae_reduction"":-0.0004314993607814511,""ci_low"":-0.0004934549497150397,""ci_high"":-0.0003762348972053488,""positive_probability"":0.0,""block_rows"":12,""draws"":500},""120s"":{""mean_mae_reduction"":-0.0004314993607814511,""ci_low"":-0.0004934477852464102,""ci_high"":-0.0003719363245689827,""positive_probability"":0.0,""block_rows"":24,""draws"":500},""300s"":{""mean_mae_reduction"":-0.0004314993607814511,""ci_low"":-0.0005035354010140472,""ci_high"":-0.0003562698757448994,""positive_probability"":0.0,""block_rows"":60,""draws"":500}}}",,,,,23,,surface_displacement
0.1735806743736199,0.14433946751140203,0.1737115577170234,0.17303976029553048,0.1716380222591154,,,,,diagnostic_1,,acceleration_increment_5s,0.0006717974214929257,"{""60s"":{""mean_mae_reduction"":2.917813683354795e-06,""ci_low"":2.681425026467861e-06,""ci_high"":3.143056788449078e-06,""positive_probability"":1.0,""block_rows"":12,""draws"":500},""120s"":{""mean_mae_reduction"":2.917813683354795e-06,""ci_low"":2.6636994808129816e-06,""ci_high"":3.181648471588258e-06,""positive_probability"":1.0,""block_rows"":24,""draws"":500},""300s"":{""mean_mae_reduction"":2.917813683354795e-06,""ci_low"":2.598401781665758e-06,""ci_high"":3.2485684373419005e-06,""positive_probability"":1.0,""block_rows"":60,""draws"":500}}","{""base_to_candidate"":{""60s"":{""mean_mae_reduction"":9.005974030920804e-06,""ci_low"":8.267777077983575e-06,""ci_high"":9.790014810571612e-06,""positive_probability"":1.0,""block_rows"":12,""draws"":500},""120s"":{""mean_mae_reduction"":9.005974030920804e-06,""ci_low"":8.09401838913556e-06,""ci_high"":9.996188774428518e-06,""positive_probability"":1.0,""block_rows"":24,""draws"":500},""300s"":{""mean_mae_reduction"":9.005974030920804e-06,""ci_low"":7.700660480175315e-06,""ci_high"":1.0161505367414071e-05,""positive_probability"":1.0,""block_rows"":60,""draws"":500}},""base_pca_to_candidate"":{""60s"":{""mean_mae_reduction"":1.3845816986179789e-05,""ci_low"":1.3019874103593357e-05,""ci_high"":1.466980280816694e-05,""positive_probability"":1.0,""block_rows"":12,""draws"":500},""120s"":{""mean_mae_reduction"":1.3845816986179789e-05,""ci_low"":1.2735451486193623e-05,""ci_high"":1.4951872734347646e-05,""positive_probability"":1.0,""block_rows"":24,""draws"":500},""300s"":{""mean_mae_reduction"":1.3845816986179789e-05,""ci_low"":1.2415887390694774e-05,""ci_high"":1.5219445652671512e-05,""positive_probability"":1.0,""block_rows"":60,""draws"":500}}}",,,,,23,,absolute_atm_iv_change
0.1719436824073739,0.14211961421774366,0.17269861567997924,0.17303976029553048,0.1716380222591154,,,,,diagnostic_1,,curvature_increment_5s,-0.00034114461555123654,"{""60s"":{""mean_mae_reduction"":-1.4816913483323462e-06,""ci_low"":-1.991624975149219e-06,""ci_high"":-9.824054837189535e-07,""positive_probability"":0.0,""block_rows"":12,""draws"":500},""120s"":{""mean_mae_reduction"":-1.4816913483323462e-06,""ci_low"":-2.036362557809839e-06,""ci_high"":-9.65649626330932e-07,""positive_probability"":0.0,""block_rows"":24,""draws"":500},""300s"":{""mean_mae_reduction"":-1.4816913483323462e-06,""ci_low"":-2.0656199610052623e-06,""ci_high"":-8.99775906972474e-07,""positive_probability"":0.0,""block_rows"":60,""draws"":500}}","{""base_to_candidate"":{""60s"":{""mean_mae_reduction"":4.606468999233664e-06,""ci_low"":3.9438198049969464e-06,""ci_high"":5.261322527665545e-06,""positive_probability"":1.0,""block_rows"":12,""draws"":500},""120s"":{""mean_mae_reduction"":4.606468999233664e-06,""ci_low"":3.819318607117036e-06,""ci_high"":5.35340540248408e-06,""positive_probability"":1.0,""block_rows"":24,""draws"":500},""300s"":{""mean_mae_reduction"":4.606468999233664e-06,""ci_low"":3.633116066803859e-06,""ci_high"":5.6082532670002526e-06,""positive_probability"":1.0,""block_rows"":60,""draws"":500}},""base_pca_to_candidate"":{""60s"":{""mean_mae_reduction"":8.165518356734478e-06,""ci_low"":7.340315276449696e-06,""ci_high"":8.871562073078734e-06,""positive_probability"":1.0,""block_rows"":12,""draws"":500},""120s"":{""mean_mae_reduction"":8.165518356734478e-06,""ci_low"":7.331768549563508e-06,""ci_high"":9.079796230766088e-06,""positive_probability"":1.0,""block_rows"":24,""draws"":500},""300s"":{""mean_mae_reduction"":8.165518356734478e-06,""ci_low"":7.002723427758313e-06,""ci_high"":9.147704310474943e-06,""positive_probability"":1.0,""block_rows"":60,""draws"":500}}}",,,,,23,,absolute_atm_iv_change
,,,,,12,60,0.22015410668961125,0.16151910192101476,diagnostic_2,500,velocity_5s,,,,False,"[1863,2539,75,0,0]","[0.039791008344317196,0.04613712505797498,0.06356959831543832,null,null]",4477,23,0.19567037181671598,surface_displacement
,,,,,24,120,0.22323758759786683,0.16055295301091596,diagnostic_2,500,velocity_5s,,,,False,"[1863,2539,75,0,0]","[0.039791008344317196,0.04613712505797498,0.06356959831543832,null,null]",4477,23,0.19567037181671598,surface_displacement
,,,,,60,300,0.2214429909079298,0.15621995699379207,diagnostic_2,500,velocity_5s,,,,False,"[1863,2539,75,0,0]","[0.039791008344317196,0.04613712505797498,0.06356959831543832,null,null]",4477,23,0.19567037181671598,surface_displacement
,,,,,12,60,0.18701486765126252,0.1259657067864199,diagnostic_2,500,velocity_5s,,,,False,"[1863,2539,75,0,0]","[0.0046984343457081214,0.005677199630156987,0.008814355631669362,null,null]",4477,23,0.15879468275013872,absolute_atm_iv_change
,,,,,24,120,0.1868026219713254,0.126266213272394,diagnostic_2,500,velocity_5s,,,,False,"[1863,2539,75,0,0]","[0.0046984343457081214,0.005677199630156987,0.008814355631669362,null,null]",4477,23,0.15879468275013872,absolute_atm_iv_change
,,,,,60,300,0.18605188968651373,0.12366037151879364,diagnostic_2,500,velocity_5s,,,,False,"[1863,2539,75,0,0]","[0.0046984343457081214,0.005677199630156987,0.008814355631669362,null,null]",4477,23,0.15879468275013872,absolute_atm_iv_change
,,,,,12,60,0.05117905912864809,-0.03785167392084209,diagnostic_2,500,velocity_5s,,,,False,"[1863,2539,75,0,0]","[0.00012490015400416676,0.00012550589967844824,0.00013357348522876356,null,null]",4477,23,0.008140538688471982,realized_futures_volatility
,,,,,24,120,0.05955735861113973,-0.03104909511031387,diagnostic_2,500,velocity_5s,,,,False,"[1863,2539,75,0,0]","[0.00012490015400416676,0.00012550589967844824,0.00013357348522876356,null,null]",4477,23,0.008140538688471982,realized_futures_volatility
,,,,,60,300,0.06319270528887092,-0.04031237374215599,diagnostic_2,500,velocity_5s,,,,False,"[1863,2539,75,0,0]","[0.00012490015400416676,0.00012550589967844824,0.00013357348522876356,null,null]",4477,23,0.008140538688471982,realized_futures_volatility
,,,,,12,60,0.041905871050993825,-0.03395617691430033,diagnostic_2,500,velocity_5s,,,,False,"[1863,2539,75,0,0]","[9.064001225682912e-05,9.200271540337916e-05,0.00010100046793619792,null,null]",4477,23,0.006299859044480533,absolute_futures_return
,,,,,24,120,0.046814675885373115,-0.031150239217074813,diagnostic_2,500,velocity_5s,,,,False,"[1863,2539,75,0,0]","[9.064001225682912e-05,9.200271540337916e-05,0.00010100046793619792,null,null]",4477,23,0.006299859044480533,absolute_futures_return
,,,,,60,300,0.04450011596315385,-0.03189846121488618,diagnostic_2,500,velocity_5s,,,,False,"[1863,2539,75,0,0]","[9.064001225682912e-05,9.200271540337916e-05,0.00010100046793619792,null,null]",4477,23,0.006299859044480533,absolute_futures_return
,,,,,12,60,0.06684332825291045,0.010565678101277606,diagnostic_2,500,velocity_5s,,,,False,"[1863,2539,75,0,0]","[-2.1860163456520892e-05,1.4761187501925522e-05,3.0726972424114746e-05,null,null]",4477,23,0.03698384871350937,near_atm_spread_change
,,,,,24,120,0.06621799850284378,0.0105593101098404,diagnostic_2,500,velocity_5s,,,,False,"[1863,2539,75,0,0]","[-2.1860163456520892e-05,1.4761187501925522e-05,3.0726972424114746e-05,null,null]",4477,23,0.03698384871350937,near_atm_spread_change
,,,,,60,300,0.06711275100104518,0.010553270555347993,diagnostic_2,500,velocity_5s,,,,False,"[1863,2539,75,0,0]","[-2.1860163456520892e-05,1.4761187501925522e-05,3.0726972424114746e-05,null,null]",4477,23,0.03698384871350937,near_atm_spread_change
,,,,,12,60,0.059366275624751816,-0.014983157618719321,diagnostic_2,500,velocity_5s,,,,False,"[1863,2539,75,0,0]","[6.918019654606211e-05,7.469366902838358e-05,8.17718729376793e-05,null,null]",4477,23,0.02111857434929975,absolute_atm_straddle_change
,,,,,24,120,0.06184787560144342,-0.013297311974072686,diagnostic_2,500,velocity_5s,,,,False,"[1863,2539,75,0,0]","[6.918019654606211e-05,7.469366902838358e-05,8.17718729376793e-05,null,null]",4477,23,0.02111857434929975,absolute_atm_straddle_change
,,,,,60,300,0.06066219526060681,-0.016836427165119548,diagnostic_2,500,velocity_5s,,,,False,"[1863,2539,75,0,0]","[6.918019654606211e-05,7.469366902838358e-05,8.17718729376793e-05,null,null]",4477,23,0.02111857434929975,absolute_atm_straddle_change
,,,,,12,60,0.04095750151608547,-0.023938773847604174,diagnostic_2,500,velocity_5s,,,,False,"[1863,2539,75,0,0]","[-4.4302064498872844e-07,4.252203779301781e-07,1.8059259673464113e-06,null,null]",4477,23,0.008991974405957774,parity_restoration
,,,,,24,120,0.04259877451072674,-0.029767378408241254,diagnostic_2,500,velocity_5s,,,,False,"[1863,2539,75,0,0]","[-4.4302064498872844e-07,4.252203779301781e-07,1.8059259673464113e-06,null,null]",4477,23,0.008991974405957774,parity_restoration
,,,,,60,300,0.03856014364670783,-0.02628842069474056,diagnostic_2,500,velocity_5s,,,,False,"[1863,2539,75,0,0]","[-4.4302064498872844e-07,4.252203779301781e-07,1.8059259673464113e-06,null,null]",4477,23,0.008991974405957774,parity_restoration
,,,,,12,60,0.16396176974918672,0.10509543685657133,diagnostic_2,500,acceleration_5s,,,,False,"[1711,2683,83,0,0]","[0.04072222039706406,0.045555502851876,0.049872237233245444,null,null]",4477,23,0.13755421909049081,surface_displacement
,,,,,24,120,0.16829406571708044,0.10286652115603291,diagnostic_2,500,acceleration_5s,,,,False,"[1711,2683,83,0,0]","[0.04072222039706406,0.045555502851876,0.049872237233245444,null,null]",4477,23,0.13755421909049081,surface_displacement
,,,,,60,300,0.1659028821007688,0.0966962687196775,diagnostic_2,500,acceleration_5s,,,,False,"[1711,2683,83,0,0]","[0.04072222039706406,0.045555502851876,0.049872237233245444,null,null]",4477,23,0.13755421909049081,surface_displacement
,,,,,12,60,0.13525978513781198,0.07399089473323472,diagnostic_2,500,acceleration_5s,,,,False,"[1711,2683,83,0,0]","[0.004891508542467181,0.005575920093805986,0.0060133131512676375,null,null]",4477,23,0.10447294279521979,absolute_atm_iv_change
,,,,,24,120,0.12998814791634103,0.07468346527334833,diagnostic_2,500,acceleration_5s,,,,False,"[1711,2683,83,0,0]","[0.004891508542467181,0.005575920093805986,0.0060133131512676375,null,null]",4477,23,0.10447294279521979,absolute_atm_iv_change
,,,,,60,300,0.13108021132994607,0.07019050490223962,diagnostic_2,500,acceleration_5s,,,,False,"[1711,2683,83,0,0]","[0.004891508542467181,0.005575920093805986,0.0060133131512676375,null,null]",4477,23,0.10447294279521979,absolute_atm_iv_change
,,,,,12,60,0.0646638446068213,-0.03658719360886512,diagnostic_2,500,acceleration_5s,,,,False,"[1711,2683,83,0,0]","[0.00012343272264930168,0.0001267347990563522,0.0001222123284861659,null,null]",4477,23,0.015513864602460015,realized_futures_volatility
,,,,,24,120,0.07175713711298962,-0.027971796023626327,diagnostic_2,500,acceleration_5s,,,,False,"[1711,2683,83,0,0]","[0.00012343272264930168,0.0001267347990563522,0.0001222123284861659,null,null]",4477,23,0.015513864602460015,realized_futures_volatility
,,,,,60,300,0.07673238972884268,-0.034836933103529706,diagnostic_2,500,acceleration_5s,,,,False,"[1711,2683,83,0,0]","[0.00012343272264930168,0.0001267347990563522,0.0001222123284861659,null,null]",4477,23,0.015513864602460015,realized_futures_volatility
,,,,,12,60,0.04775011825964501,-0.0327857161926047,diagnostic_2,500,acceleration_5s,,,,False,"[1711,2683,83,0,0]","[8.997423895474137e-05,9.321766560796566e-05,7.208858627870858e-05,null,null]",4477,23,0.008316802673492805,absolute_futures_return
,,,,,24,120,0.05432034666370424,-0.03327733631846523,diagnostic_2,500,acceleration_5s,,,,False,"[1711,2683,83,0,0]","[8.997423895474137e-05,9.321766560796566e-05,7.208858627870858e-05,null,null]",4477,23,0.008316802673492805,absolute_futures_return
,,,,,60,300,0.05102945053999717,-0.031011988031642373,diagnostic_2,500,acceleration_5s,,,,False,"[1711,2683,83,0,0]","[8.997423895474137e-05,9.321766560796566e-05,7.208858627870858e-05,null,null]",4477,23,0.008316802673492805,absolute_futures_return
,,,,,12,60,0.05366581630352194,-0.0031100700365027847,diagnostic_2,500,acceleration_5s,,,,False,"[1711,2683,83,0,0]","[-2.6223368513137146e-05,1.8379025700733972e-05,-6.488010782400617e-05,null,null]",4477,23,0.02502280438461951,near_atm_spread_change
,,,,,24,120,0.056001427521416694,-0.005612382909284769,diagnostic_2,500,acceleration_5s,,,,False,"[1711,2683,83,0,0]","[-2.6223368513137146e-05,1.8379025700733972e-05,-6.488010782400617e-05,null,null]",4477,23,0.02502280438461951,near_atm_spread_change
,,,,,60,300,0.05512665766947661,-0.007016306946354864,diagnostic_2,500,acceleration_5s,,,,False,"[1711,2683,83,0,0]","[-2.6223368513137146e-05,1.8379025700733972e-05,-6.488010782400617e-05,null,null]",4477,23,0.02502280438461951,near_atm_spread_change
,,,,,12,60,0.05638902463517935,-0.025446120456873035,diagnostic_2,500,acceleration_5s,,,,False,"[1711,2683,83,0,0]","[6.827579246216668e-05,7.577243660574211e-05,5.47649877437626e-05,null,null]",4477,23,0.014788290964808165,absolute_atm_straddle_change
,,,,,24,120,0.05913842553583775,-0.022329083463581364,diagnostic_2,500,acceleration_5s,,,,False,"[1711,2683,83,0,0]","[6.827579246216668e-05,7.577243660574211e-05,5.47649877437626e-05,null,null]",4477,23,0.014788290964808165,absolute_atm_straddle_change
,,,,,60,300,0.05950896452937372,-0.026735783241162953,diagnostic_2,500,acceleration_5s,,,,False,"[1711,2683,83,0,0]","[6.827579246216668e-05,7.577243660574211e-05,5.47649877437626e-05,null,null]",4477,23,0.014788290964808165,absolute_atm_straddle_change
,,,,,12,60,0.03691860722938408,-0.03400600325759583,diagnostic_2,500,acceleration_5s,,,,False,"[1711,2683,83,0,0]","[-1.2822833442505317e-07,1.8158533044576477e-07,1.4691176399636272e-06,null,null]",4477,23,0.0027049347580595097,parity_restoration
,,,,,24,120,0.039064941052925586,-0.03790363058930958,diagnostic_2,500,acceleration_5s,,,,False,"[1711,2683,83,0,0]","[-1.2822833442505317e-07,1.8158533044576477e-07,1.4691176399636272e-06,null,null]",4477,23,0.0027049347580595097,parity_restoration
,,,,,60,300,0.033778538227680024,-0.033971218251744394,diagnostic_2,500,acceleration_5s,,,,False,"[1711,2683,83,0,0]","[-1.2822833442505317e-07,1.8158533044576477e-07,1.4691176399636272e-06,null,null]",4477,23,0.0027049347580595097,parity_restoration
,,,,,12,60,-0.021928978588434546,-0.08156517503162852,diagnostic_2,500,curvature_5s,,,,False,"[1267,583,540,619,1468]","[0.04638427475951856,0.042639190050192545,0.04295848278137013,0.04251277342544381,0.04284742341243694]",4477,23,-0.05018524758881845,surface_displacement
,,,,,24,120,-0.021584584037183614,-0.08194678688046103,diagnostic_2,500,curvature_5s,,,,False,"[1267,583,540,619,1468]","[0.04638427475951856,0.042639190050192545,0.04295848278137013,0.04251277342544381,0.04284742341243694]",4477,23,-0.05018524758881845,surface_displacement
,,,,,60,300,-0.023639001532472396,-0.07678810651776935,diagnostic_2,500,curvature_5s,,,,False,"[1267,583,540,619,1468]","[0.04638427475951856,0.042639190050192545,0.04295848278137013,0.04251277342544381,0.04284742341243694]",4477,23,-0.05018524758881845,surface_displacement
,,,,,12,60,-0.025161109470300872,-0.08243872714155094,diagnostic_2,500,curvature_5s,,,,False,"[1267,583,540,619,1468]","[0.005834690462018715,0.005209938624608578,0.005180665436718199,0.004844779861859243,0.005178640746290742]",4477,23,-0.053318668137417785,absolute_atm_iv_change
,,,,,24,120,-0.02538806419984663,-0.08507577901186815,diagnostic_2,500,curvature_5s,,,,False,"[1267,583,540,619,1468]","[0.005834690462018715,0.005209938624608578,0.005180665436718199,0.004844779861859243,0.005178640746290742]",4477,23,-0.053318668137417785,absolute_atm_iv_change
,,,,,60,300,-0.020559025146538987,-0.08376544892506091,diagnostic_2,500,curvature_5s,,,,False,"[1267,583,540,619,1468]","[0.005834690462018715,0.005209938624608578,0.005180665436718199,0.004844779861859243,0.005178640746290742]",4477,23,-0.053318668137417785,absolute_atm_iv_change
,,,,,12,60,0.03352757303311046,-0.020806934259981997,diagnostic_2,500,curvature_5s,,,,False,"[1267,583,540,619,1468]","[0.00012248809468568393,0.00013391139598388355,0.00012514620565203593,0.0001271853884118708,0.00012383992594079487]",4477,23,0.0064510287479727455,realized_futures_volatility
,,,,,24,120,0.03265765449510432,-0.02010688077539686,diagnostic_2,500,curvature_5s,,,,False,"[1267,583,540,619,1468]","[0.00012248809468568393,0.00013391139598388355,0.00012514620565203593,0.0001271853884118708,0.00012383992594079487]",4477,23,0.0064510287479727455,realized_futures_volatility
,,,,,60,300,0.030571866493712,-0.021948824027687885,diagnostic_2,500,curvature_5s,,,,False,"[1267,583,540,619,1468]","[0.00012248809468568393,0.00013391139598388355,0.00012514620565203593,0.0001271853884118708,0.00012383992594079487]",4477,23,0.0064510287479727455,realized_futures_volatility
,,,,,12,60,0.026312018388391315,-0.02558621354819533,diagnostic_2,500,curvature_5s,,,,False,"[1267,583,540,619,1468]","[8.98433465513547e-05,9.641598264717116e-05,9.243400008590133e-05,9.259884885131638e-05,9.043405101474689e-05]",4477,23,0.00038067174293073203,absolute_futures_return
,,,,,24,120,0.026674321241256113,-0.022747872144957423,diagnostic_2,500,curvature_5s,,,,False,"[1267,583,540,619,1468]","[8.98433465513547e-05,9.641598264717116e-05,9.243400008590133e-05,9.259884885131638e-05,9.043405101474689e-05]",4477,23,0.00038067174293073203,absolute_futures_return
,,,,,60,300,0.025848461921665716,-0.030066851907036233,diagnostic_2,500,curvature_5s,,,,False,"[1267,583,540,619,1468]","[8.98433465513547e-05,9.641598264717116e-05,9.243400008590133e-05,9.259884885131638e-05,9.043405101474689e-05]",4477,23,0.00038067174293073203,absolute_futures_return
,,,,,12,60,-0.002515162752472817,-0.058689575305130325,diagnostic_2,500,curvature_5s,,,,True,"[1267,583,540,619,1468]","[2.3424907189341085e-05,1.659801392676229e-05,6.787212408164999e-07,-1.1040108202789611e-05,-2.3045632521125768e-05]",4477,23,-0.03060415184628047,near_atm_spread_change
,,,,,24,120,-0.0013135407878036964,-0.05991182155661684,diagnostic_2,500,curvature_5s,,,,True,"[1267,583,540,619,1468]","[2.3424907189341085e-05,1.659801392676229e-05,6.787212408164999e-07,-1.1040108202789611e-05,-2.3045632521125768e-05]",4477,23,-0.03060415184628047,near_atm_spread_change
,,,,,60,300,0.0006877891691302436,-0.05738397318694469,diagnostic_2,500,curvature_5s,,,,True,"[1267,583,540,619,1468]","[2.3424907189341085e-05,1.659801392676229e-05,6.787212408164999e-07,-1.1040108202789611e-05,-2.3045632521125768e-05]",4477,23,-0.03060415184628047,near_atm_spread_change
,,,,,12,60,0.02107105858988949,-0.03397786949901478,diagnostic_2,500,curvature_5s,,,,False,"[1267,583,540,619,1468]","[7.336252407944852e-05,7.355691606297092e-05,7.065405586251506e-05,7.374659451461955e-05,7.154393055519388e-05]",4477,23,-0.007671685871215196,absolute_atm_straddle_change
,,,,,24,120,0.02195254013657278,-0.03435979005881062,diagnostic_2,500,curvature_5s,,,,False,"[1267,583,540,619,1468]","[7.336252407944852e-05,7.355691606297092e-05,7.065405586251506e-05,7.374659451461955e-05,7.154393055519388e-05]",4477,23,-0.007671685871215196,absolute_atm_straddle_change
,,,,,60,300,0.021984413448676854,-0.036853760862276375,diagnostic_2,500,curvature_5s,,,,False,"[1267,583,540,619,1468]","[7.336252407944852e-05,7.355691606297092e-05,7.065405586251506e-05,7.374659451461955e-05,7.154393055519388e-05]",4477,23,-0.007671685871215196,absolute_atm_straddle_change
,,,,,12,60,0.021097767128092897,-0.02860436109862859,diagnostic_2,500,curvature_5s,,,,False,"[1267,583,540,619,1468]","[-4.148803002733205e-08,2.282327298496492e-07,5.282402846070774e-07,6.798081240005135e-07,-2.7030913106277484e-07]",4477,23,-0.00287907748713334,parity_restoration
,,,,,24,120,0.021307406471042428,-0.028888859367788726,diagnostic_2,500,curvature_5s,,,,False,"[1267,583,540,619,1468]","[-4.148803002733205e-08,2.282327298496492e-07,5.282402846070774e-07,6.798081240005135e-07,-2.7030913106277484e-07]",4477,23,-0.00287907748713334,parity_restoration
,,,,,60,300,0.022164297113482105,-0.02981731067791934,diagnostic_2,500,curvature_5s,,,,False,"[1267,583,540,619,1468]","[-4.148803002733205e-08,2.282327298496492e-07,5.282402846070774e-07,6.798081240005135e-07,-2.7030913106277484e-07]",4477,23,-0.00287907748713334,parity_restoration
-0.2219522543459429,-0.12715072448750453,-0.2240225242772691,-0.23017953938221392,-0.2206168077093067,,,,,diagnostic_2,,acceleration_increment_5s,0.0061570151049448185,"{""60s"":{""mean_mae_reduction"":0.000118403646497776,""ci_low"":0.00010418039305139492,""ci_high"":0.00013213130819458404,""positive_probability"":1.0,""block_rows"":12,""draws"":500},""120s"":{""mean_mae_reduction"":0.000118403646497776,""ci_low"":0.00010040959395319435,""ci_high"":0.0001366313097476936,""positive_probability"":1.0,""block_rows"":24,""draws"":500},""300s"":{""mean_mae_reduction"":0.000118403646497776,""ci_low"":9.382304887303885e-05,""ci_high"":0.00014273592802248707,""positive_probability"":1.0,""block_rows"":60,""draws"":500}}","{""base_to_candidate"":{""60s"":{""mean_mae_reduction"":-6.549427826817935e-05,""ci_low"":-8.503105135770602e-05,""ci_high"":-4.4675845840277954e-05,""positive_probability"":0.0,""block_rows"":12,""draws"":500},""120s"":{""mean_mae_reduction"":-6.549427826817935e-05,""ci_low"":-8.805949713624004e-05,""ci_high"":-3.948444035446558e-05,""positive_probability"":0.0,""block_rows"":24,""draws"":500},""300s"":{""mean_mae_reduction"":-6.549427826817935e-05,""ci_low"":-9.94304993036866e-05,""ci_high"":-3.194494189114183e-05,""positive_probability"":0.0,""block_rows"":60,""draws"":500}},""base_pca_to_candidate"":{""60s"":{""mean_mae_reduction"":-9.68686974541831e-05,""ci_low"":-0.00011647248557822886,""ci_high"":-7.832326510801229e-05,""positive_probability"":0.0,""block_rows"":12,""draws"":500},""120s"":{""mean_mae_reduction"":-9.68686974541831e-05,""ci_low"":-0.0001190457150204561,""ci_high"":-7.471155283957914e-05,""positive_probability"":0.0,""block_rows"":24,""draws"":500},""300s"":{""mean_mae_reduction"":-9.68686974541831e-05,""ci_low"":-0.0001332400278038757,""ci_high"":-6.930023122548963e-05,""positive_probability"":0.0,""block_rows"":60,""draws"":500}}}",,,,,23,,surface_displacement
-0.21731151311922803,-0.11947730370869913,-0.2276960013451499,-0.23017953938221392,-0.2206168077093067,,,,,diagnostic_2,,curvature_increment_5s,0.002483538037064026,"{""60s"":{""mean_mae_reduction"":4.776014916191506e-05,""ci_low"":3.003972382734759e-05,""ci_high"":6.703689699544503e-05,""positive_probability"":1.0,""block_rows"":12,""draws"":500},""120s"":{""mean_mae_reduction"":4.776014916191506e-05,""ci_low"":2.8707675400808867e-05,""ci_high"":6.741963020375714e-05,""positive_probability"":1.0,""block_rows"":24,""draws"":500},""300s"":{""mean_mae_reduction"":4.776014916191506e-05,""ci_low"":2.7159393390916236e-05,""ci_high"":6.722192018081814e-05,""positive_probability"":1.0,""block_rows"":60,""draws"":500}}","{""base_to_candidate"":{""60s"":{""mean_mae_reduction"":-0.00013613777560404032,""ci_low"":-0.00016797591683437497,""ci_high"":-0.00010357288564693298,""positive_probability"":0.0,""block_rows"":12,""draws"":500},""120s"":{""mean_mae_reduction"":-0.00013613777560404032,""ci_low"":-0.00017483418174992738,""ci_high"":-9.792018459684143e-05,""positive_probability"":0.0,""block_rows"":24,""draws"":500},""300s"":{""mean_mae_reduction"":-0.00013613777560404032,""ci_low"":-0.00018516044334417753,""ci_high"":-8.673144337021432e-05,""positive_probability"":0.0,""block_rows"":60,""draws"":500}},""base_pca_to_candidate"":{""60s"":{""mean_mae_reduction"":-0.0002252064164957158,""ci_low"":-0.0002651727005131182,""ci_high"":-0.0001864225466114258,""positive_probability"":0.0,""block_rows"":12,""draws"":500},""120s"":{""mean_mae_reduction"":-0.0002252064164957158,""ci_low"":-0.00026482458410514103,""ci_high"":-0.0001828599587699768,""positive_probability"":0.0,""block_rows"":24,""draws"":500},""300s"":{""mean_mae_reduction"":-0.0002252064164957158,""ci_low"":-0.0002819397469320314,""ci_high"":-0.00017948533457255952,""positive_probability"":0.0,""block_rows"":60,""draws"":500}}}",,,,,23,,surface_displacement
0.19042134649949372,0.16710923513252585,0.19044137717006304,0.19001168776057387,0.1894451971199771,,,,,diagnostic_2,,acceleration_increment_5s,0.00042968940948917567,"{""60s"":{""mean_mae_reduction"":2.197135092687386e-06,""ci_low"":1.9958602195424014e-06,""ci_high"":2.3751368657808527e-06,""positive_probability"":1.0,""block_rows"":12,""draws"":500},""120s"":{""mean_mae_reduction"":2.197135092687386e-06,""ci_low"":1.939068070248303e-06,""ci_high"":2.4345412345716977e-06,""positive_probability"":1.0,""block_rows"":24,""draws"":500},""300s"":{""mean_mae_reduction"":2.197135092687386e-06,""ci_low"":1.8364281663066367e-06,""ci_high"":2.5413028018327084e-06,""positive_probability"":1.0,""block_rows"":60,""draws"":500}}","{""base_to_candidate"":{""60s"":{""mean_mae_reduction"":5.0937772687509315e-06,""ci_low"":4.636585336697764e-06,""ci_high"":5.574835927085305e-06,""positive_probability"":1.0,""block_rows"":12,""draws"":500},""120s"":{""mean_mae_reduction"":5.0937772687509315e-06,""ci_low"":4.481486174961134e-06,""ci_high"":5.706848509738385e-06,""positive_probability"":1.0,""block_rows"":24,""draws"":500},""300s"":{""mean_mae_reduction"":5.0937772687509315e-06,""ci_low"":4.187884246846107e-06,""ci_high"":5.932004008156461e-06,""positive_probability"":1.0,""block_rows"":60,""draws"":500}},""base_pca_to_candidate"":{""60s"":{""mean_mae_reduction"":1.0074307558604461e-05,""ci_low"":9.477838046572641e-06,""ci_high"":1.0593255425328292e-05,""positive_probability"":1.0,""block_rows"":12,""draws"":500},""120s"":{""mean_mae_reduction"":1.0074307558604461e-05,""ci_low"":9.369724122976235e-06,""ci_high"":1.079205656013775e-05,""positive_probability"":1.0,""block_rows"":24,""draws"":500},""300s"":{""mean_mae_reduction"":1.0074307558604461e-05,""ci_low"":9.172281029818473e-06,""ci_high"":1.100874346152081e-05,""positive_probability"":1.0,""block_rows"":60,""draws"":500}}}",,,,,23,,absolute_atm_iv_change
0.18986716652087976,0.16617363465942203,0.19015621738148236,0.19001168776057387,0.1894451971199771,,,,,diagnostic_2,,curvature_increment_5s,0.00014452962090849564,"{""60s"":{""mean_mae_reduction"":7.390247351180838e-07,""ci_low"":3.2595402934505865e-07,""ci_high"":1.1928728576322677e-06,""positive_probability"":0.998,""block_rows"":12,""draws"":500},""120s"":{""mean_mae_reduction"":7.390247351180838e-07,""ci_low"":3.246177100724593e-07,""ci_high"":1.1418651550172519e-06,""positive_probability"":1.0,""block_rows"":24,""draws"":500},""300s"":{""mean_mae_reduction"":7.390247351180838e-07,""ci_low"":2.429560759445085e-07,""ci_high"":1.2612831168474527e-06,""positive_probability"":0.998,""block_rows"":60,""draws"":500}}","{""base_to_candidate"":{""60s"":{""mean_mae_reduction"":3.6356669111816302e-06,""ci_low"":3.1343300872751847e-06,""ci_high"":4.142406651463983e-06,""positive_probability"":1.0,""block_rows"":12,""draws"":500},""120s"":{""mean_mae_reduction"":3.6356669111816302e-06,""ci_low"":3.041592508485718e-06,""ci_high"":4.209477020259202e-06,""positive_probability"":1.0,""block_rows"":24,""draws"":500},""300s"":{""mean_mae_reduction"":3.6356669111816302e-06,""ci_low"":2.8479383114148065e-06,""ci_high"":4.38536827418627e-06,""positive_probability"":1.0,""block_rows"":60,""draws"":500}},""base_pca_to_candidate"":{""60s"":{""mean_mae_reduction"":7.931281510632316e-06,""ci_low"":7.366831765716857e-06,""ci_high"":8.485168924845907e-06,""positive_probability"":1.0,""block_rows"":12,""draws"":500},""120s"":{""mean_mae_reduction"":7.931281510632316e-06,""ci_low"":7.372915908718948e-06,""ci_high"":8.544382402199544e-06,""positive_probability"":1.0,""block_rows"":24,""draws"":500},""300s"":{""mean_mae_reduction"":7.931281510632316e-06,""ci_low"":7.1992895196143424e-06,""ci_high"":8.720495183831434e-06,""positive_probability"":1.0,""block_rows"":60,""draws"":500}}}",,,,,23,,absolute_atm_iv_change
,,,,,12,60,0.2502189039110012,0.1605407975705458,diagnostic_1,500,velocity_30s,,,,False,"[1529,813,0,0,0]","[0.04073564667828028,0.04947940549261165,null,null,null]",2342,23,0.20670569403825595,surface_displacement
,,,,,24,120,0.2552292691426107,0.1690412843533947,diagnostic_1,500,velocity_30s,,,,False,"[1529,813,0,0,0]","[0.04073564667828028,0.04947940549261165,null,null,null]",2342,23,0.20670569403825595,surface_displacement
,,,,,60,300,0.24512089160463316,0.1611719564202155,diagnostic_1,500,velocity_30s,,,,False,"[1529,813,0,0,0]","[0.04073564667828028,0.04947940549261165,null,null,null]",2342,23,0.20670569403825595,surface_displacement
,,,,,12,60,0.1875776088134048,0.10475490862472325,diagnostic_1,500,velocity_30s,,,,False,"[1529,813,0,0,0]","[0.004148582697031621,0.005307161060206565,null,null,null]",2342,23,0.1429782606001823,absolute_atm_iv_change
,,,,,24,120,0.18888807902264265,0.10351039279446557,diagnostic_1,500,velocity_30s,,,,False,"[1529,813,0,0,0]","[0.004148582697031621,0.005307161060206565,null,null,null]",2342,23,0.1429782606001823,absolute_atm_iv_change
,,,,,60,300,0.18433468531249708,0.10342935106549397,diagnostic_1,500,velocity_30s,,,,False,"[1529,813,0,0,0]","[0.004148582697031621,0.005307161060206565,null,null,null]",2342,23,0.1429782606001823,absolute_atm_iv_change
,,,,,12,60,0.09521408405331239,-0.02483990592583255,diagnostic_1,500,velocity_30s,,,,False,"[1529,813,0,0,0]","[0.00011139762591796224,0.0001190113743666883,null,null,null]",2342,23,0.034383194903160115,realized_futures_volatility
,,,,,24,120,0.11116625719554053,-0.028686450898533746,diagnostic_1,500,velocity_30s,,,,False,"[1529,813,0,0,0]","[0.00011139762591796224,0.0001190113743666883,null,null,null]",2342,23,0.034383194903160115,realized_futures_volatility
,,,,,60,300,0.12069664605577037,-0.02426679513080586,diagnostic_1,500,velocity_30s,,,,False,"[1529,813,0,0,0]","[0.00011139762591796224,0.0001190113743666883,null,null,null]",2342,23,0.034383194903160115,realized_futures_volatility
,,,,,12,60,0.08038894322993229,-0.023456479160021172,diagnostic_1,500,velocity_30s,,,,False,"[1529,813,0,0,0]","[8.313931851234212e-05,9.291931565250711e-05,null,null,null]",2342,23,0.029888969007280015,absolute_futures_return
,,,,,24,120,0.09423911583132957,-0.019457751631115728,diagnostic_1,500,velocity_30s,,,,False,"[1529,813,0,0,0]","[8.313931851234212e-05,9.291931565250711e-05,null,null,null]",2342,23,0.029888969007280015,absolute_futures_return
,,,,,60,300,0.10037624745143078,-0.02740542548635696,diagnostic_1,500,velocity_30s,,,,False,"[1529,813,0,0,0]","[8.313931851234212e-05,9.291931565250711e-05,null,null,null]",2342,23,0.029888969007280015,absolute_futures_return
,,,,,12,60,0.07312022088663529,-0.0013678904656333015,diagnostic_1,500,velocity_30s,,,,False,"[1529,813,0,0,0]","[-1.697102896601176e-05,2.6749831942645522e-05,null,null,null]",2342,23,0.036825173619894555,near_atm_spread_change
,,,,,24,120,0.07124305438941617,0.004555478318555605,diagnostic_1,500,velocity_30s,,,,False,"[1529,813,0,0,0]","[-1.697102896601176e-05,2.6749831942645522e-05,null,null,null]",2342,23,0.036825173619894555,near_atm_spread_change
,,,,,60,300,0.06656287577175826,-0.0021839532191651706,diagnostic_1,500,velocity_30s,,,,False,"[1529,813,0,0,0]","[-1.697102896601176e-05,2.6749831942645522e-05,null,null,null]",2342,23,0.036825173619894555,near_atm_spread_change
,,,,,12,60,0.011136018048089351,-0.0989436310990531,diagnostic_1,500,velocity_30s,,,,False,"[1529,813,0,0,0]","[4.568481373194388e-05,4.736555861664288e-05,null,null,null]",2342,23,-0.04560276479340474,absolute_atm_straddle_change
,,,,,24,120,0.011400777768065879,-0.09858800984668384,diagnostic_1,500,velocity_30s,,,,False,"[1529,813,0,0,0]","[4.568481373194388e-05,4.736555861664288e-05,null,null,null]",2342,23,-0.04560276479340474,absolute_atm_straddle_change
,,,,,60,300,0.026796413405098158,-0.10088681125401137,diagnostic_1,500,velocity_30s,,,,False,"[1529,813,0,0,0]","[4.568481373194388e-05,4.736555861664288e-05,null,null,null]",2342,23,-0.04560276479340474,absolute_atm_straddle_change
,,,,,12,60,0.07999598096195705,-0.01070733444586577,diagnostic_1,500,velocity_30s,,,,False,"[1529,813,0,0,0]","[-5.829517821593428e-08,1.1510406248321583e-06,null,null,null]",2342,23,0.033023716699386405,parity_restoration
,,,,,24,120,0.08162262080306983,-0.010751440083451492,diagnostic_1,500,velocity_30s,,,,False,"[1529,813,0,0,0]","[-5.829517821593428e-08,1.1510406248321583e-06,null,null,null]",2342,23,0.033023716699386405,parity_restoration
,,,,,60,300,0.08361903559963094,0.000645148940471316,diagnostic_1,500,velocity_30s,,,,False,"[1529,813,0,0,0]","[-5.829517821593428e-08,1.1510406248321583e-06,null,null,null]",2342,23,0.033023716699386405,parity_restoration
,,,,,12,60,0.19918412725525983,0.11015185217846307,diagnostic_1,500,acceleration_30s,,,,False,"[1457,885,0,0,0]","[0.0411331337257033,0.048113654913258884,null,null,null]",2342,23,0.15534338547141802,surface_displacement
,,,,,24,120,0.20422829299768233,0.11526587660571411,diagnostic_1,500,acceleration_30s,,,,False,"[1457,885,0,0,0]","[0.0411331337257033,0.048113654913258884,null,null,null]",2342,23,0.15534338547141802,surface_displacement
,,,,,60,300,0.1994410718266428,0.10885189042508293,diagnostic_1,500,acceleration_30s,,,,False,"[1457,885,0,0,0]","[0.0411331337257033,0.048113654913258884,null,null,null]",2342,23,0.15534338547141802,surface_displacement
,,,,,12,60,0.14687743151824298,0.061881266782321205,diagnostic_1,500,acceleration_30s,,,,False,"[1457,885,0,0,0]","[0.004220912231716622,0.005093825722144822,null,null,null]",2342,23,0.1042971523447787,absolute_atm_iv_change
,,,,,24,120,0.15036030826174324,0.06287974899954993,diagnostic_1,500,acceleration_30s,,,,False,"[1457,885,0,0,0]","[0.004220912231716622,0.005093825722144822,null,null,null]",2342,23,0.1042971523447787,absolute_atm_iv_change
,,,,,60,300,0.14807285008227652,0.0637018643540521,diagnostic_1,500,acceleration_30s,,,,False,"[1457,885,0,0,0]","[0.004220912231716622,0.005093825722144822,null,null,null]",2342,23,0.1042971523447787,absolute_atm_iv_change
,,,,,12,60,0.07150653789300299,-0.06222622084959635,diagnostic_1,500,acceleration_30s,,,,False,"[1457,885,0,0,0]","[0.00011296192464933767,0.00011581660245717154,null,null,null]",2342,23,0.005285223528023,realized_futures_volatility
,,,,,24,120,0.09062268938249564,-0.062473111306196184,diagnostic_1,500,acceleration_30s,,,,False,"[1457,885,0,0,0]","[0.00011296192464933767,0.00011581660245717154,null,null,null]",2342,23,0.005285223528023,realized_futures_volatility
,,,,,60,300,0.09954377195504484,-0.0667391172468547,diagnostic_1,500,acceleration_30s,,,,False,"[1457,885,0,0,0]","[0.00011296192464933767,0.00011581660245717154,null,null,null]",2342,23,0.005285223528023,realized_futures_volatility
,,,,,12,60,0.05857616508767485,-0.04592329573394925,diagnostic_1,500,acceleration_30s,,,,False,"[1457,885,0,0,0]","[8.553810617084281e-05,8.817446433891684e-05,null,null,null]",2342,23,0.007194780468531126,absolute_futures_return
,,,,,24,120,0.06668600783258047,-0.042793561506073406,diagnostic_1,500,acceleration_30s,,,,False,"[1457,885,0,0,0]","[8.553810617084281e-05,8.817446433891684e-05,null,null,null]",2342,23,0.007194780468531126,absolute_futures_return
,,,,,60,300,0.08184667175869306,-0.04517556123287228,diagnostic_1,500,acceleration_30s,,,,False,"[1457,885,0,0,0]","[8.553810617084281e-05,8.817446433891684e-05,null,null,null]",2342,23,0.007194780468531126,absolute_futures_return
,,,,,12,60,0.06391433051514875,-0.006850391039951033,diagnostic_1,500,acceleration_30s,,,,False,"[1457,885,0,0,0]","[-1.514997798030622e-05,2.019483389564406e-05,null,null,null]",2342,23,0.03171028679436985,near_atm_spread_change
,,,,,24,120,0.05962496035349417,-0.003106766062613978,diagnostic_1,500,acceleration_30s,,,,False,"[1457,885,0,0,0]","[-1.514997798030622e-05,2.019483389564406e-05,null,null,null]",2342,23,0.03171028679436985,near_atm_spread_change
,,,,,60,300,0.05710977712424148,-0.006594190984143784,diagnostic_1,500,acceleration_30s,,,,False,"[1457,885,0,0,0]","[-1.514997798030622e-05,2.019483389564406e-05,null,null,null]",2342,23,0.03171028679436985,near_atm_spread_change
,,,,,12,60,-0.0097342279675199,-0.12157662681657672,diagnostic_1,500,acceleration_30s,,,,False,"[1457,885,0,0,0]","[4.68979550649552e-05,4.5231591889076984e-05,null,null,null]",2342,23,-0.06532546516351787,absolute_atm_straddle_change
,,,,,24,120,-0.007570416377081137,-0.12082199361980803,diagnostic_1,500,acceleration_30s,,,,False,"[1457,885,0,0,0]","[4.68979550649552e-05,4.5231591889076984e-05,null,null,null]",2342,23,-0.06532546516351787,absolute_atm_straddle_change
,,,,,60,300,0.007816568047956671,-0.11977082965130129,diagnostic_1,500,acceleration_30s,,,,False,"[1457,885,0,0,0]","[4.68979550649552e-05,4.5231591889076984e-05,null,null,null]",2342,23,-0.06532546516351787,absolute_atm_straddle_change
,,,,,12,60,0.04437884392419458,-0.047884049273893545,diagnostic_1,500,acceleration_30s,,,,False,"[1457,885,0,0,0]","[5.118256540886397e-07,1.1404827399913348e-07,null,null,null]",2342,23,-0.0041146518337053075,parity_restoration
,,,,,24,120,0.04026193314101827,-0.04754568580103266,diagnostic_1,500,acceleration_30s,,,,False,"[1457,885,0,0,0]","[5.118256540886397e-07,1.1404827399913348e-07,null,null,null]",2342,23,-0.0041146518337053075,parity_restoration
,,,,,60,300,0.042188740332768024,-0.04448330775320942,diagnostic_1,500,acceleration_30s,,,,False,"[1457,885,0,0,0]","[5.118256540886397e-07,1.1404827399913348e-07,null,null,null]",2342,23,-0.0041146518337053075,parity_restoration
,,,,,12,60,-0.023162028073921703,-0.09907719550383413,diagnostic_1,500,curvature_30s,,,,False,"[624,388,361,343,626]","[0.045189708080213026,0.04581386243151785,0.042928060127785536,0.04254650060441696,0.042247483318939884]",2342,23,-0.05862374116985983,surface_displacement
,,,,,24,120,-0.0191001398705589,-0.10340703570006864,diagnostic_1,500,curvature_30s,,,,False,"[624,388,361,343,626]","[0.045189708080213026,0.04581386243151785,0.042928060127785536,0.04254650060441696,0.042247483318939884]",2342,23,-0.05862374116985983,surface_displacement
,,,,,60,300,-0.021512127368377314,-0.09425072970918649,diagnostic_1,500,curvature_30s,,,,False,"[624,388,361,343,626]","[0.045189708080213026,0.04581386243151785,0.042928060127785536,0.04254650060441696,0.042247483318939884]",2342,23,-0.05862374116985983,surface_displacement
,,,,,12,60,-0.010246737269230123,-0.08856820438750218,diagnostic_1,500,curvature_30s,,,,False,"[624,388,361,343,626]","[0.004669071700519476,0.004974636777313714,0.004460954765203587,0.004467838815801693,0.00426736691841683]",2342,23,-0.04938803755349652,absolute_atm_iv_change
,,,,,24,120,-0.014049867954261427,-0.09127162213713917,diagnostic_1,500,curvature_30s,,,,False,"[624,388,361,343,626]","[0.004669071700519476,0.004974636777313714,0.004460954765203587,0.004467838815801693,0.00426736691841683]",2342,23,-0.04938803755349652,absolute_atm_iv_change
,,,,,60,300,-0.014772398060924294,-0.09119061374458202,diagnostic_1,500,curvature_30s,,,,False,"[624,388,361,343,626]","[0.004669071700519476,0.004974636777313714,0.004460954765203587,0.004467838815801693,0.00426736691841683]",2342,23,-0.04938803755349652,absolute_atm_iv_change
,,,,,12,60,0.0074452959999294814,-0.07726582510229411,diagnostic_1,500,curvature_30s,,,,False,"[624,388,361,343,626]","[0.00011721656721819618,0.00012080749212185098,0.00011023752554778949,0.00010920171515130136,0.00011152529949137515]",2342,23,-0.03771533398772126,realized_futures_volatility
,,,,,24,120,0.006633336286814675,-0.08566014821308938,diagnostic_1,500,curvature_30s,,,,False,"[624,388,361,343,626]","[0.00011721656721819618,0.00012080749212185098,0.00011023752554778949,0.00010920171515130136,0.00011152529949137515]",2342,23,-0.03771533398772126,realized_futures_volatility
,,,,,60,300,0.0057568936962088466,-0.08358755013410527,diagnostic_1,500,curvature_30s,,,,False,"[624,388,361,343,626]","[0.00011721656721819618,0.00012080749212185098,0.00011023752554778949,0.00010920171515130136,0.00011152529949137515]",2342,23,-0.03771533398772126,realized_futures_volatility
,,,,,12,60,-0.01707351554256226,-0.09857643651933047,diagnostic_1,500,curvature_30s,,,,False,"[624,388,361,343,626]","[9.24238791832557e-05,9.127498901996416e-05,8.490343173124784e-05,8.53441199477838e-05,7.931797649151982e-05]",2342,23,-0.05898140994347365,absolute_futures_return
,,,,,24,120,-0.020758964045494564,-0.10481966905317494,diagnostic_1,500,curvature_30s,,,,False,"[624,388,361,343,626]","[9.24238791832557e-05,9.127498901996416e-05,8.490343173124784e-05,8.53441199477838e-05,7.931797649151982e-05]",2342,23,-0.05898140994347365,absolute_futures_return
,,,,,60,300,-0.01851593644801571,-0.10229244990512698,diagnostic_1,500,curvature_30s,,,,False,"[624,388,361,343,626]","[9.24238791832557e-05,9.127498901996416e-05,8.490343173124784e-05,8.53441199477838e-05,7.931797649151982e-05]",2342,23,-0.05898140994347365,absolute_futures_return
,,,,,12,60,0.006107095572357912,-0.07829160587138759,diagnostic_1,500,curvature_30s,,,,False,"[624,388,361,343,626]","[2.705077645842744e-05,-7.400789981307078e-06,1.3181208537754776e-05,-4.838178095166129e-06,-3.403864075472882e-05]",2342,23,-0.03400139689698298,near_atm_spread_change
,,,,,24,120,0.0008874306053228533,-0.07447821451973463,diagnostic_1,500,curvature_30s,,,,False,"[624,388,361,343,626]","[2.705077645842744e-05,-7.400789981307078e-06,1.3181208537754776e-05,-4.838178095166129e-06,-3.403864075472882e-05]",2342,23,-0.03400139689698298,near_atm_spread_change
,,,,,60,300,0.0004620535991731533,-0.07759992224062803,diagnostic_1,500,curvature_30s,,,,False,"[624,388,361,343,626]","[2.705077645842744e-05,-7.400789981307078e-06,1.3181208537754776e-05,-4.838178095166129e-06,-3.403864075472882e-05]",2342,23,-0.03400139689698298,near_atm_spread_change
,,,,,12,60,0.010854037014356277,-0.07752461181657984,diagnostic_1,500,curvature_30s,,,,True,"[624,388,361,343,626]","[4.945497344940519e-05,4.7464715796954856e-05,4.739209834145707e-05,4.682636958256407e-05,4.139628422003204e-05]",2342,23,-0.030775930311009086,absolute_atm_straddle_change
,,,,,24,120,0.006772019422322519,-0.07735160250236153,diagnostic_1,500,curvature_30s,,,,True,"[624,388,361,343,626]","[4.945497344940519e-05,4.7464715796954856e-05,4.739209834145707e-05,4.682636958256407e-05,4.139628422003204e-05]",2342,23,-0.030775930311009086,absolute_atm_straddle_change
,,,,,60,300,0.012789665087168658,-0.08432879889922319,diagnostic_1,500,curvature_30s,,,,True,"[624,388,361,343,626]","[4.945497344940519e-05,4.7464715796954856e-05,4.739209834145707e-05,4.682636958256407e-05,4.139628422003204e-05]",2342,23,-0.030775930311009086,absolute_atm_straddle_change
,,,,,12,60,0.01917314239992772,-0.06812982710821745,diagnostic_1,500,curvature_30s,,,,False,"[624,388,361,343,626]","[1.6228729359332087e-06,6.695467698253984e-07,-8.334985514288482e-07,-4.931114257084893e-07,7.066459722944145e-08]",2342,23,-0.020103213875268484,parity_restoration
,,,,,24,120,0.01844620876882975,-0.06545074332709779,diagnostic_1,500,curvature_30s,,,,False,"[624,388,361,343,626]","[1.6228729359332087e-06,6.695467698253984e-07,-8.334985514288482e-07,-4.931114257084893e-07,7.066459722944145e-08]",2342,23,-0.020103213875268484,parity_restoration
,,,,,60,300,0.018572420688781534,-0.07392029380115518,diagnostic_1,500,curvature_30s,,,,False,"[624,388,361,343,626]","[1.6228729359332087e-06,6.695467698253984e-07,-8.334985514288482e-07,-4.931114257084893e-07,7.066459722944145e-08]",2342,23,-0.020103213875268484,parity_restoration
-0.0808145057942058,-0.0017662781925593674,-0.09870261706276695,-0.09656641531389631,-0.08200533791537845,,,,,diagnostic_1,,acceleration_increment_30s,-0.0021362017488706364,"{""60s"":{""mean_mae_reduction"":-4.096107464870232e-05,""ci_low"":-6.169370269504653e-05,""ci_high"":-1.9771982398457164e-05,""positive_probability"":0.0,""block_rows"":12,""draws"":500},""120s"":{""mean_mae_reduction"":-4.096107464870232e-05,""ci_low"":-6.336411460327285e-05,""ci_high"":-2.0068283609685312e-05,""positive_probability"":0.0,""block_rows"":24,""draws"":500},""300s"":{""mean_mae_reduction"":-4.096107464870232e-05,""ci_low"":-7.353014289884945e-05,""ci_high"":-1.3591069823158134e-05,""positive_probability"":0.002,""block_rows"":60,""draws"":500}}","{""base_to_candidate"":{""60s"":{""mean_mae_reduction"":-0.0003201656856371052,""ci_low"":-0.0003699202415759824,""ci_high"":-0.0002758543154089977,""positive_probability"":0.0,""block_rows"":12,""draws"":500},""120s"":{""mean_mae_reduction"":-0.0003201656856371052,""ci_low"":-0.00036703780836650775,""ci_high"":-0.000270130514619005,""positive_probability"":0.0,""block_rows"":24,""draws"":500},""300s"":{""mean_mae_reduction"":-0.0003201656856371052,""ci_low"":-0.00038542451180134104,""ci_high"":-0.0002560309179029941,""positive_probability"":0.0,""block_rows"":60,""draws"":500}},""base_pca_to_candidate"":{""60s"":{""mean_mae_reduction"":-0.00026938601895412005,""ci_low"":-0.0003142940456865455,""ci_high"":-0.00022609022798754507,""positive_probability"":0.0,""block_rows"":12,""draws"":500},""120s"":{""mean_mae_reduction"":-0.00026938601895412005,""ci_low"":-0.00031768077182108174,""ci_high"":-0.00022502068592342975,""positive_probability"":0.0,""block_rows"":24,""draws"":500},""300s"":{""mean_mae_reduction"":-0.00026938601895412005,""ci_low"":-0.00032315940248623916,""ci_high"":-0.000216331839767403,""positive_probability"":0.0,""block_rows"":60,""draws"":500}}}",,,,,23,,surface_displacement
-0.08868221542137911,-0.016272145002900196,-0.10883617488104158,-0.09656641531389631,-0.08200533791537845,,,,,diagnostic_1,,curvature_increment_30s,-0.012269759567145266,"{""60s"":{""mean_mae_reduction"":-0.00023526922858158714,""ci_low"":-0.0002767481014248124,""ci_high"":-0.00019963390221736785,""positive_probability"":0.0,""block_rows"":12,""draws"":500},""120s"":{""mean_mae_reduction"":-0.00023526922858158714,""ci_low"":-0.0002827741660121715,""ci_high"":-0.00019478381829558024,""positive_probability"":0.0,""block_rows"":24,""draws"":500},""300s"":{""mean_mae_reduction"":-0.00023526922858158714,""ci_low"":-0.0002896063606211642,""ci_high"":-0.0001801928540574679,""positive_probability"":0.0,""block_rows"":60,""draws"":500}}","{""base_to_candidate"":{""60s"":{""mean_mae_reduction"":-0.0005144738395699901,""ci_low"":-0.000593735007177566,""ci_high"":-0.0004401862838515656,""positive_probability"":0.0,""block_rows"":12,""draws"":500},""120s"":{""mean_mae_reduction"":-0.0005144738395699901,""ci_low"":-0.0005985597012055907,""ci_high"":-0.00042643145826773963,""positive_probability"":0.0,""block_rows"":24,""draws"":500},""300s"":{""mean_mae_reduction"":-0.0005144738395699901,""ci_low"":-0.0006341802562089357,""ci_high"":-0.0004023673067714632,""positive_probability"":0.0,""block_rows"":60,""draws"":500}},""base_pca_to_candidate"":{""60s"":{""mean_mae_reduction"":-0.0006565674647328598,""ci_low"":-0.0007435083273903993,""ci_high"":-0.0005735500830835513,""positive_probability"":0.0,""block_rows"":12,""draws"":500},""120s"":{""mean_mae_reduction"":-0.0006565674647328598,""ci_low"":-0.0007495943961477876,""ci_high"":-0.0005577911559156679,""positive_probability"":0.0,""block_rows"":24,""draws"":500},""300s"":{""mean_mae_reduction"":-0.0006565674647328598,""ci_low"":-0.0007629489637594429,""ci_high"":-0.000546453340696026,""positive_probability"":0.0,""block_rows"":60,""draws"":500}}}",,,,,23,,surface_displacement
0.17121811465004644,0.14043257057220682,0.1706943609219438,0.17069630175365835,0.1716380222591154,,,,,diagnostic_1,,acceleration_increment_30s,-1.940831714564162e-06,"{""60s"":{""mean_mae_reduction"":-8.429602664605247e-09,""ci_low"":-5.37243462793035e-08,""ci_high"":3.7123239746484744e-08,""positive_probability"":0.374,""block_rows"":12,""draws"":500},""120s"":{""mean_mae_reduction"":-8.429602664605247e-09,""ci_low"":-6.281164501725138e-08,""ci_high"":4.691324860246623e-08,""positive_probability"":0.342,""block_rows"":24,""draws"":500},""300s"":{""mean_mae_reduction"":-8.429602664605247e-09,""ci_low"":-8.500022664885455e-08,""ci_high"":6.614591851018503e-08,""positive_probability"":0.42,""block_rows"":60,""draws"":500}}","{""base_to_candidate"":{""60s"":{""mean_mae_reduction"":-4.098598586361177e-06,""ci_low"":-4.794560413078681e-06,""ci_high"":-3.4071926684261184e-06,""positive_probability"":0.0,""block_rows"":12,""draws"":500},""120s"":{""mean_mae_reduction"":-4.098598586361177e-06,""ci_low"":-4.9552911956063334e-06,""ci_high"":-3.2172881552041417e-06,""positive_probability"":0.0,""block_rows"":24,""draws"":500},""300s"":{""mean_mae_reduction"":-4.098598586361177e-06,""ci_low"":-5.185503865837431e-06,""ci_high"":-2.839755000201365e-06,""positive_probability"":0.0,""block_rows"":60,""draws"":500}},""base_pca_to_candidate"":{""60s"":{""mean_mae_reduction"":-6.796963752055253e-06,""ci_low"":-7.604568482763719e-06,""ci_high"":-6.004269376039673e-06,""positive_probability"":0.0,""block_rows"":12,""draws"":500},""120s"":{""mean_mae_reduction"":-6.796963752055253e-06,""ci_low"":-7.760997507488222e-06,""ci_high"":-5.717491768967784e-06,""positive_probability"":0.0,""block_rows"":24,""draws"":500},""300s"":{""mean_mae_reduction"":-6.796963752055253e-06,""ci_low"":-8.298213512102542e-06,""ci_high"":-5.307831818828308e-06,""positive_probability"":0.0,""block_rows"":60,""draws"":500}}}",,,,,23,,absolute_atm_iv_change
0.1714670430330133,0.14088538138719187,0.17030821573275723,0.17069630175365835,0.1716380222591154,,,,,diagnostic_1,,curvature_increment_30s,-0.0003880860209011239,"{""60s"":{""mean_mae_reduction"":-1.6855716706800706e-06,""ci_low"":-2.0477015040999256e-06,""ci_high"":-1.3746671812119749e-06,""positive_probability"":0.0,""block_rows"":12,""draws"":500},""120s"":{""mean_mae_reduction"":-1.6855716706800706e-06,""ci_low"":-2.1027854828704992e-06,""ci_high"":-1.3215002140352142e-06,""positive_probability"":0.0,""block_rows"":24,""draws"":500},""300s"":{""mean_mae_reduction"":-1.6855716706800706e-06,""ci_low"":-2.1882328918692714e-06,""ci_high"":-1.1316913991623037e-06,""positive_probability"":0.0,""block_rows"":60,""draws"":500}}","{""base_to_candidate"":{""60s"":{""mean_mae_reduction"":-5.775740654376642e-06,""ci_low"":-6.705636389945612e-06,""ci_high"":-4.951100218867329e-06,""positive_probability"":0.0,""block_rows"":12,""draws"":500},""120s"":{""mean_mae_reduction"":-5.775740654376642e-06,""ci_low"":-6.9751343211929675e-06,""ci_high"":-4.659163083080813e-06,""positive_probability"":0.0,""block_rows"":24,""draws"":500},""300s"":{""mean_mae_reduction"":-5.775740654376642e-06,""ci_low"":-7.318945097986228e-06,""ci_high"":-4.109021177269263e-06,""positive_probability"":0.0,""block_rows"":60,""draws"":500}},""base_pca_to_candidate"":{""60s"":{""mean_mae_reduction"":-1.0282286622215212e-05,""ci_low"":-1.1257363993446611e-05,""ci_high"":-9.247750986174997e-06,""positive_probability"":0.0,""block_rows"":12,""draws"":500},""120s"":{""mean_mae_reduction"":-1.0282286622215212e-05,""ci_low"":-1.1636440295177664e-05,""ci_high"":-8.847335896828783e-06,""positive_probability"":0.0,""block_rows"":24,""draws"":500},""300s"":{""mean_mae_reduction"":-1.0282286622215212e-05,""ci_low"":-1.2255105717108428e-05,""ci_high"":-8.324797465206557e-06,""positive_probability"":0.0,""block_rows"":60,""draws"":500}}}",,,,,23,,absolute_atm_iv_change
,,,,,12,60,0.21048855121517165,0.14733795003570255,diagnostic_2,500,velocity_30s,,,,False,"[2137,2329,11,0,0]","[0.04023886336012203,0.047009705247647526,0.05131585626976671,null,null]",4477,23,0.18107718523121707,surface_displacement
,,,,,24,120,0.21369388471836137,0.14581218239768193,diagnostic_2,500,velocity_30s,,,,False,"[2137,2329,11,0,0]","[0.04023886336012203,0.047009705247647526,0.05131585626976671,null,null]",4477,23,0.18107718523121707,surface_displacement
,,,,,60,300,0.2123554580603002,0.14037160756369801,diagnostic_2,500,velocity_30s,,,,False,"[2137,2329,11,0,0]","[0.04023886336012203,0.047009705247647526,0.05131585626976671,null,null]",4477,23,0.18107718523121707,surface_displacement
,,,,,12,60,0.16579923700177238,0.10685231365221944,diagnostic_2,500,velocity_30s,,,,False,"[2137,2329,11,0,0]","[0.004772182569695679,0.005823416450649129,0.006161695854230361,null,null]",4477,23,0.13934738876224248,absolute_atm_iv_change
,,,,,24,120,0.165281571657632,0.10572594734476794,diagnostic_2,500,velocity_30s,,,,False,"[2137,2329,11,0,0]","[0.004772182569695679,0.005823416450649129,0.006161695854230361,null,null]",4477,23,0.13934738876224248,absolute_atm_iv_change
,,,,,60,300,0.16513056520391153,0.10607698194690852,diagnostic_2,500,velocity_30s,,,,False,"[2137,2329,11,0,0]","[0.004772182569695679,0.005823416450649129,0.006161695854230361,null,null]",4477,23,0.13934738876224248,absolute_atm_iv_change
,,,,,12,60,0.040174447461442116,-0.036979896755897454,diagnostic_2,500,velocity_30s,,,,False,"[2137,2329,11,0,0]","[0.00012648682246434306,0.00012420068134316357,0.00016370464827008372,null,null]",4477,23,0.0024111493953172685,realized_futures_volatility
,,,,,24,120,0.04746949714176099,-0.03538165444945564,diagnostic_2,500,velocity_30s,,,,False,"[2137,2329,11,0,0]","[0.00012648682246434306,0.00012420068134316357,0.00016370464827008372,null,null]",4477,23,0.0024111493953172685,realized_futures_volatility
,,,,,60,300,0.05934063566201057,-0.04001693056853714,diagnostic_2,500,velocity_30s,,,,False,"[2137,2329,11,0,0]","[0.00012648682246434306,0.00012420068134316357,0.00016370464827008372,null,null]",4477,23,0.0024111493953172685,realized_futures_volatility
,,,,,12,60,0.059217748015135435,-0.01699564202924626,diagnostic_2,500,velocity_30s,,,,False,"[2137,2329,11,0,0]","[9.157237015877251e-05,9.153471734197214e-05,0.00010525096546519886,null,null]",4477,23,0.022601362053962244,absolute_futures_return
,,,,,24,120,0.06154662132290303,-0.018628262144780697,diagnostic_2,500,velocity_30s,,,,False,"[2137,2329,11,0,0]","[9.157237015877251e-05,9.153471734197214e-05,0.00010525096546519886,null,null]",4477,23,0.022601362053962244,absolute_futures_return
,,,,,60,300,0.06802888379018907,-0.01455094905413166,diagnostic_2,500,velocity_30s,,,,False,"[2137,2329,11,0,0]","[9.157237015877251e-05,9.153471734197214e-05,0.00010525096546519886,null,null]",4477,23,0.022601362053962244,absolute_futures_return
,,,,,12,60,0.08682927647695882,0.030186396700022728,diagnostic_2,500,velocity_30s,,,,False,"[2137,2329,11,0,0]","[-2.9861884296008385e-05,2.7808421243675143e-05,-0.0001721157142045823,null,null]",4477,23,0.05953570368904109,near_atm_spread_change
,,,,,24,120,0.0842491194649193,0.034414647092031146,diagnostic_2,500,velocity_30s,,,,False,"[2137,2329,11,0,0]","[-2.9861884296008385e-05,2.7808421243675143e-05,-0.0001721157142045823,null,null]",4477,23,0.05953570368904109,near_atm_spread_change
,,,,,60,300,0.08826928920570573,0.03345941834423849,diagnostic_2,500,velocity_30s,,,,False,"[2137,2329,11,0,0]","[-2.9861884296008385e-05,2.7808421243675143e-05,-0.0001721157142045823,null,null]",4477,23,0.05953570368904109,near_atm_spread_change
,,,,,12,60,0.08210674926075702,0.009206086355121592,diagnostic_2,500,velocity_30s,,,,False,"[2137,2329,11,0,0]","[6.344168027274565e-05,8.080183328823144e-05,8.186198432337154e-05,null,null]",4477,23,0.047774843512836784,absolute_atm_straddle_change
,,,,,24,120,0.09018478173163949,0.014356234329442183,diagnostic_2,500,velocity_30s,,,,False,"[2137,2329,11,0,0]","[6.344168027274565e-05,8.080183328823144e-05,8.186198432337154e-05,null,null]",4477,23,0.047774843512836784,absolute_atm_straddle_change
,,,,,60,300,0.09308094325835134,0.010819976202875028,diagnostic_2,500,velocity_30s,,,,False,"[2137,2329,11,0,0]","[6.344168027274565e-05,8.080183328823144e-05,8.186198432337154e-05,null,null]",4477,23,0.047774843512836784,absolute_atm_straddle_change
,,,,,12,60,0.033221238713195954,-0.03267126889608525,diagnostic_2,500,velocity_30s,,,,False,"[2137,2329,11,0,0]","[-1.6242608849346425e-07,3.5982943549873197e-07,-9.20060715130107e-06,null,null]",4477,23,0.0028669319751260473,parity_restoration
,,,,,24,120,0.034347305395102834,-0.02827925472075601,diagnostic_2,500,velocity_30s,,,,False,"[2137,2329,11,0,0]","[-1.6242608849346425e-07,3.5982943549873197e-07,-9.20060715130107e-06,null,null]",4477,23,0.0028669319751260473,parity_restoration
,,,,,60,300,0.03163482061761058,-0.026866837551405825,diagnostic_2,500,velocity_30s,,,,False,"[2137,2329,11,0,0]","[-1.6242608849346425e-07,3.5982943549873197e-07,-9.20060715130107e-06,null,null]",4477,23,0.0028669319751260473,parity_restoration
,,,,,12,60,0.1641708939785225,0.10057903204906722,diagnostic_2,500,acceleration_30s,,,,False,"[1974,2491,12,0,0]","[0.040679939644035164,0.046189696814036375,0.0566494433524386,null,null]",4477,23,0.13378241464385687,surface_displacement
,,,,,24,120,0.16632697843959993,0.0972855310396457,diagnostic_2,500,acceleration_30s,,,,False,"[1974,2491,12,0,0]","[0.040679939644035164,0.046189696814036375,0.0566494433524386,null,null]",4477,23,0.13378241464385687,surface_displacement
,,,,,60,300,0.16716959774125695,0.09184600075200154,diagnostic_2,500,acceleration_30s,,,,False,"[1974,2491,12,0,0]","[0.040679939644035164,0.046189696814036375,0.0566494433524386,null,null]",4477,23,0.13378241464385687,surface_displacement
,,,,,12,60,0.12266877725464576,0.06641078517346578,diagnostic_2,500,acceleration_30s,,,,False,"[1974,2491,12,0,0]","[0.004879453767698707,0.005671716439872322,0.005698527519901593,null,null]",4477,23,0.09536948885440301,absolute_atm_iv_change
,,,,,24,120,0.12391645202964564,0.06045789451341687,diagnostic_2,500,acceleration_30s,,,,False,"[1974,2491,12,0,0]","[0.004879453767698707,0.005671716439872322,0.005698527519901593,null,null]",4477,23,0.09536948885440301,absolute_atm_iv_change
,,,,,60,300,0.11992818365309882,0.06048448480679855,diagnostic_2,500,acceleration_30s,,,,False,"[1974,2491,12,0,0]","[0.004879453767698707,0.005671716439872322,0.005698527519901593,null,null]",4477,23,0.09536948885440301,absolute_atm_iv_change
,,,,,12,60,0.039827067243805137,-0.04414516796432225,diagnostic_2,500,acceleration_30s,,,,False,"[1974,2491,12,0,0]","[0.00012573341353763328,0.00012514384891269405,0.00011961596839091265,null,null]",4477,23,-0.001995958497599393,realized_futures_volatility
,,,,,24,120,0.04630212749305353,-0.042055225680422074,diagnostic_2,500,acceleration_30s,,,,False,"[1974,2491,12,0,0]","[0.00012573341353763328,0.00012514384891269405,0.00011961596839091265,null,null]",4477,23,-0.001995958497599393,realized_futures_volatility
,,,,,60,300,0.05305770472543248,-0.043138592344087026,diagnostic_2,500,acceleration_30s,,,,False,"[1974,2491,12,0,0]","[0.00012573341353763328,0.00012514384891269405,0.00011961596839091265,null,null]",4477,23,-0.001995958497599393,realized_futures_volatility
,,,,,12,60,0.047325097823882736,-0.03184667705363609,diagnostic_2,500,acceleration_30s,,,,False,"[1974,2491,12,0,0]","[9.238176432786379e-05,9.092984071269852e-05,9.703636169433594e-05,null,null]",4477,23,0.008020984511726415,absolute_futures_return
,,,,,24,120,0.05203231793268293,-0.033677028577069994,diagnostic_2,500,acceleration_30s,,,,False,"[1974,2491,12,0,0]","[9.238176432786379e-05,9.092984071269852e-05,9.703636169433594e-05,null,null]",4477,23,0.008020984511726415,absolute_futures_return
,,,,,60,300,0.05368837413025936,-0.026582647501628892,diagnostic_2,500,acceleration_30s,,,,False,"[1974,2491,12,0,0]","[9.238176432786379e-05,9.092984071269852e-05,9.703636169433594e-05,null,null]",4477,23,0.008020984511726415,absolute_futures_return
,,,,,12,60,0.059652788039911524,0.006408941183659098,diagnostic_2,500,acceleration_30s,,,,False,"[1974,2491,12,0,0]","[-2.1754694740352123e-05,1.670349359661692e-05,3.275486233178526e-05,null,null]",4477,23,0.033050241355540244,near_atm_spread_change
,,,,,24,120,0.055001451376242703,0.013210948155680021,diagnostic_2,500,acceleration_30s,,,,False,"[1974,2491,12,0,0]","[-2.1754694740352123e-05,1.670349359661692e-05,3.275486233178526e-05,null,null]",4477,23,0.033050241355540244,near_atm_spread_change
,,,,,60,300,0.05214101245518813,0.013117826279542989,diagnostic_2,500,acceleration_30s,,,,False,"[1974,2491,12,0,0]","[-2.1754694740352123e-05,1.670349359661692e-05,3.275486233178526e-05,null,null]",4477,23,0.033050241355540244,near_atm_spread_change
,,,,,12,60,0.07575132966018983,-0.0013429108613361525,diagnostic_2,500,acceleration_30s,,,,False,"[1974,2491,12,0,0]","[6.296871590457306e-05,8.010468025108936e-05,6.848488313456376e-05,null,null]",4477,23,0.03825415859137498,absolute_atm_straddle_change
,,,,,24,120,0.08091864700490624,0.004877842542784745,diagnostic_2,500,acceleration_30s,,,,False,"[1974,2491,12,0,0]","[6.296871590457306e-05,8.010468025108936e-05,6.848488313456376e-05,null,null]",4477,23,0.03825415859137498,absolute_atm_straddle_change
,,,,,60,300,0.08349374478016541,-0.0017318942740594224,diagnostic_2,500,acceleration_30s,,,,False,"[1974,2491,12,0,0]","[6.296871590457306e-05,8.010468025108936e-05,6.848488313456376e-05,null,null]",4477,23,0.03825415859137498,absolute_atm_straddle_change
,,,,,12,60,0.04594734320987556,-0.019946162658314913,diagnostic_2,500,acceleration_30s,,,,False,"[1974,2491,12,0,0]","[-1.422879019030417e-07,2.997835601825979e-07,-6.346083713045421e-06,null,null]",4477,23,0.011605502093873857,parity_restoration
,,,,,24,120,0.03849471571929916,-0.02127915924328311,diagnostic_2,500,acceleration_30s,,,,False,"[1974,2491,12,0,0]","[-1.422879019030417e-07,2.997835601825979e-07,-6.346083713045421e-06,null,null]",4477,23,0.011605502093873857,parity_restoration
,,,,,60,300,0.040285126076532396,-0.017526613109017868,diagnostic_2,500,acceleration_30s,,,,False,"[1974,2491,12,0,0]","[-1.422879019030417e-07,2.997835601825979e-07,-6.346083713045421e-06,null,null]",4477,23,0.011605502093873857,parity_restoration
,,,,,12,60,-0.043342211202202066,-0.09737635988086617,diagnostic_2,500,curvature_30s,,,,False,"[1320,622,550,573,1412]","[0.0467518096017025,0.04257297784859635,0.04299988134608758,0.04100417738307229,0.04299038219858107]",4477,23,-0.07124855916119337,surface_displacement
,,,,,24,120,-0.04235194153211321,-0.10073565706362568,diagnostic_2,500,curvature_30s,,,,False,"[1320,622,550,573,1412]","[0.0467518096017025,0.04257297784859635,0.04299988134608758,0.04100417738307229,0.04299038219858107]",4477,23,-0.07124855916119337,surface_displacement
,,,,,60,300,-0.03829109247671592,-0.10537196861884625,diagnostic_2,500,curvature_30s,,,,False,"[1320,622,550,573,1412]","[0.0467518096017025,0.04257297784859635,0.04299988134608758,0.04100417738307229,0.04299038219858107]",4477,23,-0.07124855916119337,surface_displacement
,,,,,12,60,-0.029019445285651372,-0.08958474942824833,diagnostic_2,500,curvature_30s,,,,False,"[1320,622,550,573,1412]","[0.005832679225414088,0.005320402922354327,0.005158545076847076,0.004634306718957778,0.00518950777756256]",4477,23,-0.061084076015176576,absolute_atm_iv_change
,,,,,24,120,-0.03145747561190385,-0.09081046527890217,diagnostic_2,500,curvature_30s,,,,False,"[1320,622,550,573,1412]","[0.005832679225414088,0.005320402922354327,0.005158545076847076,0.004634306718957778,0.00518950777756256]",4477,23,-0.061084076015176576,absolute_atm_iv_change
,,,,,60,300,-0.02972423904171091,-0.09353206416853088,diagnostic_2,500,curvature_30s,,,,False,"[1320,622,550,573,1412]","[0.005832679225414088,0.005320402922354327,0.005158545076847076,0.004634306718957778,0.00518950777756256]",4477,23,-0.061084076015176576,absolute_atm_iv_change
,,,,,12,60,0.01600109285188142,-0.04353319646804652,diagnostic_2,500,curvature_30s,,,,False,"[1320,622,550,573,1412]","[0.00012270520886186517,0.00013272013573482257,0.0001293520479666062,0.00012527846334334426,0.00012316961160298065]",4477,23,-0.014421662251473986,realized_futures_volatility
,,,,,24,120,0.014652231699351452,-0.04134237100766692,diagnostic_2,500,curvature_30s,,,,False,"[1320,622,550,573,1412]","[0.00012270520886186517,0.00013272013573482257,0.0001293520479666062,0.00012527846334334426,0.00012316961160298065]",4477,23,-0.014421662251473986,realized_futures_volatility
,,,,,60,300,0.019009361468419,-0.047385865936563194,diagnostic_2,500,curvature_30s,,,,False,"[1320,622,550,573,1412]","[0.00012270520886186517,0.00013272013573482257,0.0001293520479666062,0.00012527846334334426,0.00012316961160298065]",4477,23,-0.014421662251473986,realized_futures_volatility
,,,,,12,60,0.02255030874139449,-0.031736127461377495,diagnostic_2,500,curvature_30s,,,,False,"[1320,622,550,573,1412]","[8.889978582208807e-05,9.664155279325136e-05,9.635058316317472e-05,9.392277316481239e-05,8.90672375730347e-05]",4477,23,-0.004619959099888664,absolute_futures_return
,,,,,24,120,0.025569862822890248,-0.033697565791667154,diagnostic_2,500,curvature_30s,,,,False,"[1320,622,550,573,1412]","[8.889978582208807e-05,9.664155279325136e-05,9.635058316317472e-05,9.392277316481239e-05,8.90672375730347e-05]",4477,23,-0.004619959099888664,absolute_futures_return
,,,,,60,300,0.023346684033696496,-0.034966710849760975,diagnostic_2,500,curvature_30s,,,,False,"[1320,622,550,573,1412]","[8.889978582208807e-05,9.664155279325136e-05,9.635058316317472e-05,9.392277316481239e-05,8.90672375730347e-05]",4477,23,-0.004619959099888664,absolute_futures_return
,,,,,12,60,-0.005985070584591634,-0.06615163103956241,diagnostic_2,500,curvature_30s,,,,False,"[1320,622,550,573,1412]","[4.019568455767126e-05,-1.0598129493639567e-05,-3.628912143705582e-05,4.992856257871431e-05,-3.9701574474933266e-05]",4477,23,-0.03404594760847013,near_atm_spread_change
,,,,,24,120,-0.005661435908471814,-0.06439536907325792,diagnostic_2,500,curvature_30s,,,,False,"[1320,622,550,573,1412]","[4.019568455767126e-05,-1.0598129493639567e-05,-3.628912143705582e-05,4.992856257871431e-05,-3.9701574474933266e-05]",4477,23,-0.03404594760847013,near_atm_spread_change
,,,,,60,300,-0.0010981983568169673,-0.061062494461709485,diagnostic_2,500,curvature_30s,,,,False,"[1320,622,550,573,1412]","[4.019568455767126e-05,-1.0598129493639567e-05,-3.628912143705582e-05,4.992856257871431e-05,-3.9701574474933266e-05]",4477,23,-0.03404594760847013,near_atm_spread_change
,,,,,12,60,0.029131333264127833,-0.026158295485686194,diagnostic_2,500,curvature_30s,,,,False,"[1320,622,550,573,1412]","[7.15726577309948e-05,8.301555637234277e-05,7.420539178631522e-05,7.424980278466592e-05,6.741723481027499e-05]",4477,23,-0.0005387344907885123,absolute_atm_straddle_change
,,,,,24,120,0.028273716936482826,-0.027749650835013524,diagnostic_2,500,curvature_30s,,,,False,"[1320,622,550,573,1412]","[7.15726577309948e-05,8.301555637234277e-05,7.420539178631522e-05,7.424980278466592e-05,6.741723481027499e-05]",4477,23,-0.0005387344907885123,absolute_atm_straddle_change
,,,,,60,300,0.02407308886416255,-0.02217538417197833,diagnostic_2,500,curvature_30s,,,,False,"[1320,622,550,573,1412]","[7.15726577309948e-05,8.301555637234277e-05,7.420539178631522e-05,7.424980278466592e-05,6.741723481027499e-05]",4477,23,-0.0005387344907885123,absolute_atm_straddle_change
,,,,,12,60,0.027187518547270088,-0.03290001469163662,diagnostic_2,500,curvature_30s,,,,False,"[1320,622,550,573,1412]","[5.29750874386192e-07,1.4994580921821052e-07,3.989373098275709e-07,-3.800915100364491e-07,-2.864228096147854e-07]",4477,23,-0.0017509266743547167,parity_restoration
,,,,,24,120,0.025296679882606216,-0.030186496525475465,diagnostic_2,500,curvature_30s,,,,False,"[1320,622,550,573,1412]","[5.29750874386192e-07,1.4994580921821052e-07,3.989373098275709e-07,-3.800915100364491e-07,-2.864228096147854e-07]",4477,23,-0.0017509266743547167,parity_restoration
,,,,,60,300,0.02985803275201289,-0.0303041917963,diagnostic_2,500,curvature_30s,,,,False,"[1320,622,550,573,1412]","[5.29750874386192e-07,1.4994580921821052e-07,3.989373098275709e-07,-3.800915100364491e-07,-2.864228096147854e-07]",4477,23,-0.0017509266743547167,parity_restoration
-0.2217667593802699,-0.12706116746630736,-0.22386215167013757,-0.2184439996731795,-0.2206168077093067,,,,,diagnostic_2,,acceleration_increment_30s,-0.005418151996958054,"{""60s"":{""mean_mae_reduction"":-0.00010419479939294238,""ci_low"":-0.00012518716049841362,""ci_high"":-8.498558623822858e-05,""positive_probability"":0.0,""block_rows"":12,""draws"":500},""120s"":{""mean_mae_reduction"":-0.00010419479939294238,""ci_low"":-0.00012515932895671008,""ci_high"":-8.091918390737967e-05,""positive_probability"":0.0,""block_rows"":24,""draws"":500},""300s"":{""mean_mae_reduction"":-0.00010419479939294238,""ci_low"":-0.00013616124814894178,""ci_high"":-7.334430779860643e-05,""positive_probability"":0.0,""block_rows"":60,""draws"":500}}","{""base_to_candidate"":{""60s"":{""mean_mae_reduction"":-6.241020243612705e-05,""ci_low"":-9.756064073898568e-05,""ci_high"":-2.830299223311465e-05,""positive_probability"":0.0,""block_rows"":12,""draws"":500},""120s"":{""mean_mae_reduction"":-6.241020243612705e-05,""ci_low"":-0.0001029806670204932,""ci_high"":-2.5193525973514194e-05,""positive_probability"":0.0,""block_rows"":24,""draws"":500},""300s"":{""mean_mae_reduction"":-6.241020243612705e-05,""ci_low"":-0.0001078649243827533,""ci_high"":-1.983927456342417e-05,""positive_probability"":0.002,""block_rows"":60,""draws"":500}},""base_pca_to_candidate"":{""60s"":{""mean_mae_reduction"":-0.00012537648246526472,""ci_low"":-0.0001609824798281725,""ci_high"":-8.915401602166291e-05,""positive_probability"":0.0,""block_rows"":12,""draws"":500},""120s"":{""mean_mae_reduction"":-0.00012537648246526472,""ci_low"":-0.0001619923221665692,""ci_high"":-8.62001052755002e-05,""positive_probability"":0.0,""block_rows"":24,""draws"":500},""300s"":{""mean_mae_reduction"":-0.00012537648246526472,""ci_low"":-0.0001623687914798276,""ci_high"":-8.578405023262609e-05,""positive_probability"":0.0,""block_rows"":60,""draws"":500}}}",,,,,23,,surface_displacement
-0.22301317274079202,-0.13747003320427154,-0.22136570922383458,-0.2184439996731795,-0.2206168077093067,,,,,diagnostic_2,,curvature_increment_30s,-0.0029217095506550717,"{""60s"":{""mean_mae_reduction"":-5.618648954216319e-05,""ci_low"":-8.22824235465613e-05,""ci_high"":-2.7348752529746674e-05,""positive_probability"":0.0,""block_rows"":12,""draws"":500},""120s"":{""mean_mae_reduction"":-5.618648954216319e-05,""ci_low"":-8.242700027411183e-05,""ci_high"":-2.552290177915581e-05,""positive_probability"":0.0,""block_rows"":24,""draws"":500},""300s"":{""mean_mae_reduction"":-5.618648954216319e-05,""ci_low"":-8.990996399847818e-05,""ci_high"":-1.6161526460475485e-05,""positive_probability"":0.004,""block_rows"":60,""draws"":500}}","{""base_to_candidate"":{""60s"":{""mean_mae_reduction"":-1.4401892585347863e-05,""ci_low"":-6.359810343417931e-05,""ci_high"":3.501133275388809e-05,""positive_probability"":0.3,""block_rows"":12,""draws"":500},""120s"":{""mean_mae_reduction"":-1.4401892585347863e-05,""ci_low"":-6.86438714812729e-05,""ci_high"":4.02677826564201e-05,""positive_probability"":0.314,""block_rows"":24,""draws"":500},""300s"":{""mean_mae_reduction"":-1.4401892585347863e-05,""ci_low"":-8.602356644008376e-05,""ci_high"":5.724100183609126e-05,""positive_probability"":0.362,""block_rows"":60,""draws"":500}},""base_pca_to_candidate"":{""60s"":{""mean_mae_reduction"":-0.0003194927388240383,""ci_low"":-0.0003734375161715194,""ci_high"":-0.0002655627169533152,""positive_probability"":0.0,""block_rows"":12,""draws"":500},""120s"":{""mean_mae_reduction"":-0.0003194927388240383,""ci_low"":-0.00037849101925797396,""ci_high"":-0.0002573333562848931,""positive_probability"":0.0,""block_rows"":24,""draws"":500},""300s"":{""mean_mae_reduction"":-0.0003194927388240383,""ci_low"":-0.0003968443989586385,""ci_high"":-0.0002519564371323855,""positive_probability"":0.0,""block_rows"":60,""draws"":500}}}",,,,,23,,surface_displacement
0.1896073692742758,0.1652166952187787,0.189674775259419,0.18965398618305196,0.1894451971199771,,,,,diagnostic_2,,acceleration_increment_30s,2.0789076367044856e-05,"{""60s"":{""mean_mae_reduction"":1.0630098909139016e-07,""ci_low"":6.98913719632802e-08,""ci_high"":1.4290046465393726e-07,""positive_probability"":1.0,""block_rows"":12,""draws"":500},""120s"":{""mean_mae_reduction"":1.0630098909139016e-07,""ci_low"":6.649620079929506e-08,""ci_high"":1.504683303964297e-07,""positive_probability"":1.0,""block_rows"":24,""draws"":500},""300s"":{""mean_mae_reduction"":1.0630098909139016e-07,""ci_low"":5.329701843464214e-08,""ci_high"":1.6457393434205882e-07,""positive_probability"":1.0,""block_rows"":60,""draws"":500}}","{""base_to_candidate"":{""60s"":{""mean_mae_reduction"":1.1739041631996108e-06,""ci_low"":7.266411559997914e-07,""ci_high"":1.6196917231138417e-06,""positive_probability"":1.0,""block_rows"":12,""draws"":500},""120s"":{""mean_mae_reduction"":1.1739041631996108e-06,""ci_low"":6.261790022657284e-07,""ci_high"":1.6909763145724992e-06,""positive_probability"":1.0,""block_rows"":24,""draws"":500},""300s"":{""mean_mae_reduction"":1.1739041631996108e-06,""ci_low"":5.201868655709984e-07,""ci_high"":1.8209896891458845e-06,""positive_probability"":1.0,""block_rows"":60,""draws"":500}},""base_pca_to_candidate"":{""60s"":{""mean_mae_reduction"":-1.6036036896559779e-07,""ci_low"":-6.996688650379701e-07,""ci_high"":3.627758705217442e-07,""positive_probability"":0.262,""block_rows"":12,""draws"":500},""120s"":{""mean_mae_reduction"":-1.6036036896559779e-07,""ci_low"":-7.547653568318638e-07,""ci_high"":5.20698764148201e-07,""positive_probability"":0.34,""block_rows"":24,""draws"":500},""300s"":{""mean_mae_reduction"":-1.6036036896559779e-07,""ci_low"":-1.1201953474291156e-06,""ci_high"":5.161783094252945e-07,""positive_probability"":0.348,""block_rows"":60,""draws"":500}}}",,,,,23,,absolute_atm_iv_change
0.18943101182795097,0.16494946877527683,0.1896532079909442,0.18965398618305196,0.1894451971199771,,,,,diagnostic_2,,curvature_increment_30s,-7.781921077532061e-07,"{""60s"":{""mean_mae_reduction"":-3.97913737481337e-09,""ci_low"":-2.0613490313580715e-07,""ci_high"":2.073696485379349e-07,""positive_probability"":0.512,""block_rows"":12,""draws"":500},""120s"":{""mean_mae_reduction"":-3.97913737481337e-09,""ci_low"":-2.212757707525694e-07,""ci_high"":2.1084881158101297e-07,""positive_probability"":0.496,""block_rows"":24,""draws"":500},""300s"":{""mean_mae_reduction"":-3.97913737481337e-09,""ci_low"":-2.669391835431014e-07,""ci_high"":3.144938396089597e-07,""positive_probability"":0.542,""block_rows"":60,""draws"":500}}","{""base_to_candidate"":{""60s"":{""mean_mae_reduction"":1.0636240367334069e-06,""ci_low"":5.348220439807846e-07,""ci_high"":1.5754909397401012e-06,""positive_probability"":1.0,""block_rows"":12,""draws"":500},""120s"":{""mean_mae_reduction"":1.0636240367334069e-06,""ci_low"":4.6720697398818966e-07,""ci_high"":1.668549560283337e-06,""positive_probability"":1.0,""block_rows"":24,""draws"":500},""300s"":{""mean_mae_reduction"":1.0636240367334069e-06,""ci_low"":2.633436044598153e-07,""ci_high"":1.8563336758652732e-06,""positive_probability"":0.994,""block_rows"":60,""draws"":500}},""base_pca_to_candidate"":{""60s"":{""mean_mae_reduction"":-2.387458475277145e-06,""ci_low"":-2.9635075806595825e-06,""ci_high"":-1.7838705338145305e-06,""positive_probability"":0.0,""block_rows"":12,""draws"":500},""120s"":{""mean_mae_reduction"":-2.387458475277145e-06,""ci_low"":-3.151714789637657e-06,""ci_high"":-1.59832116335662e-06,""positive_probability"":0.0,""block_rows"":24,""draws"":500},""300s"":{""mean_mae_reduction"":-2.387458475277145e-06,""ci_low"":-3.4325648416116664e-06,""ci_high"":-1.4610019126940237e-06,""positive_probability"":0.0,""block_rows"":60,""draws"":500}}}",,,,,23,,absolute_atm_iv_change
,,,,,12,60,0.23478180016423267,0.15193254900903694,diagnostic_1,500,velocity_60s,,,,False,"[1526,816,0,0,0]","[0.04110878504488521,0.04874945399275612,null,null,null]",2342,23,0.19357033938878326,surface_displacement
,,,,,24,120,0.2405605692024873,0.1559719140271138,diagnostic_1,500,velocity_60s,,,,False,"[1526,816,0,0,0]","[0.04110878504488521,0.04874945399275612,null,null,null]",2342,23,0.19357033938878326,surface_displacement
,,,,,60,300,0.24333765988276812,0.1474748292646306,diagnostic_1,500,velocity_60s,,,,False,"[1526,816,0,0,0]","[0.04110878504488521,0.04874945399275612,null,null,null]",2342,23,0.19357033938878326,surface_displacement
,,,,,12,60,0.17544653208316982,0.09444033785152808,diagnostic_1,500,velocity_60s,,,,False,"[1526,816,0,0,0]","[0.004188848764368309,0.005227600087356918,null,null,null]",2342,23,0.13712506239420974,absolute_atm_iv_change
,,,,,24,120,0.17768184683357327,0.09941279124968724,diagnostic_1,500,velocity_60s,,,,False,"[1526,816,0,0,0]","[0.004188848764368309,0.005227600087356918,null,null,null]",2342,23,0.13712506239420974,absolute_atm_iv_change
,,,,,60,300,0.17845123802570637,0.10119195733692284,diagnostic_1,500,velocity_60s,,,,False,"[1526,816,0,0,0]","[0.004188848764368309,0.005227600087356918,null,null,null]",2342,23,0.13712506239420974,absolute_atm_iv_change
,,,,,12,60,0.11079099384219761,-0.019801759191965432,diagnostic_1,500,velocity_60s,,,,False,"[1526,816,0,0,0]","[0.00011081938115172562,0.00012006475704797615,null,null,null]",2342,23,0.04393565648563327,realized_futures_volatility
,,,,,24,120,0.12930231023972114,-0.021589441438788576,diagnostic_1,500,velocity_60s,,,,False,"[1526,816,0,0,0]","[0.00011081938115172562,0.00012006475704797615,null,null,null]",2342,23,0.04393565648563327,realized_futures_volatility
,,,,,60,300,0.13494868267782897,-0.020984979120215647,diagnostic_1,500,velocity_60s,,,,False,"[1526,816,0,0,0]","[0.00011081938115172562,0.00012006475704797615,null,null,null]",2342,23,0.04393565648563327,realized_futures_volatility
,,,,,12,60,0.11167594738797895,0.001522670750167209,diagnostic_1,500,velocity_60s,,,,False,"[1526,816,0,0,0]","[8.137229229488348e-05,9.618787204518038e-05,null,null,null]",2342,23,0.059834418991503456,absolute_futures_return
,,,,,24,120,0.12721344789995448,0.008045219206881869,diagnostic_1,500,velocity_60s,,,,False,"[1526,816,0,0,0]","[8.137229229488348e-05,9.618787204518038e-05,null,null,null]",2342,23,0.059834418991503456,absolute_futures_return
,,,,,60,300,0.137092476767834,0.0036007068271791337,diagnostic_1,500,velocity_60s,,,,False,"[1526,816,0,0,0]","[8.137229229488348e-05,9.618787204518038e-05,null,null,null]",2342,23,0.059834418991503456,absolute_futures_return
,,,,,12,60,0.10047079722071299,0.0186590839058375,diagnostic_1,500,velocity_60s,,,,False,"[1526,816,0,0,0]","[-2.6489165100436242e-05,4.4388941205397714e-05,null,null,null]",2342,23,0.06183810084632576,near_atm_spread_change
,,,,,24,120,0.09599719483602615,0.030279155685592245,diagnostic_1,500,velocity_60s,,,,False,"[1526,816,0,0,0]","[-2.6489165100436242e-05,4.4388941205397714e-05,null,null,null]",2342,23,0.06183810084632576,near_atm_spread_change
,,,,,60,300,0.0958221774035726,0.028504521727851454,diagnostic_1,500,velocity_60s,,,,False,"[1526,816,0,0,0]","[-2.6489165100436242e-05,4.4388941205397714e-05,null,null,null]",2342,23,0.06183810084632576,near_atm_spread_change
,,,,,12,60,0.02528203180227575,-0.08125883894722301,diagnostic_1,500,velocity_60s,,,,False,"[1526,816,0,0,0]","[4.5132494945357384e-05,4.839226968732535e-05,null,null,null]",2342,23,-0.0291017983731981,absolute_atm_straddle_change
,,,,,24,120,0.03299246805053293,-0.08462786454696188,diagnostic_1,500,velocity_60s,,,,False,"[1526,816,0,0,0]","[4.5132494945357384e-05,4.839226968732535e-05,null,null,null]",2342,23,-0.0291017983731981,absolute_atm_straddle_change
,,,,,60,300,0.042866436601820934,-0.08872872304790361,diagnostic_1,500,velocity_60s,,,,False,"[1526,816,0,0,0]","[4.5132494945357384e-05,4.839226968732535e-05,null,null,null]",2342,23,-0.0291017983731981,absolute_atm_straddle_change
,,,,,12,60,0.07179059595893753,-0.028927152840577532,diagnostic_1,500,velocity_60s,,,,False,"[1526,816,0,0,0]","[-7.072207676219299e-08,1.1698340559258428e-06,null,null,null]",2342,23,0.018910147513552814,parity_restoration
,,,,,24,120,0.06790993323007666,-0.02243858804836551,diagnostic_1,500,velocity_60s,,,,False,"[1526,816,0,0,0]","[-7.072207676219299e-08,1.1698340559258428e-06,null,null,null]",2342,23,0.018910147513552814,parity_restoration
,,,,,60,300,0.06395437938527637,-0.009639334805488828,diagnostic_1,500,velocity_60s,,,,False,"[1526,816,0,0,0]","[-7.072207676219299e-08,1.1698340559258428e-06,null,null,null]",2342,23,0.018910147513552814,parity_restoration
,,,,,12,60,0.1724019890182099,0.0919303496387937,diagnostic_1,500,acceleration_60s,,,,False,"[1443,899,0,0,0]","[0.04140036284978295,0.04757601428737156,null,null,null]",2342,23,0.13266544858322413,surface_displacement
,,,,,24,120,0.17465844634003244,0.0935290133760538,diagnostic_1,500,acceleration_60s,,,,False,"[1443,899,0,0,0]","[0.04140036284978295,0.04757601428737156,null,null,null]",2342,23,0.13266544858322413,surface_displacement
,,,,,60,300,0.17349731110576233,0.08814223796787853,diagnostic_1,500,acceleration_60s,,,,False,"[1443,899,0,0,0]","[0.04140036284978295,0.04757601428737156,null,null,null]",2342,23,0.13266544858322413,surface_displacement
,,,,,12,60,0.1395891879781229,0.05489913775741738,diagnostic_1,500,acceleration_60s,,,,False,"[1443,899,0,0,0]","[0.004258834455505643,0.0050193623653110595,null,null,null]",2342,23,0.09868072132687862,absolute_atm_iv_change
,,,,,24,120,0.1371233283568522,0.06086936626540436,diagnostic_1,500,acceleration_60s,,,,False,"[1443,899,0,0,0]","[0.004258834455505643,0.0050193623653110595,null,null,null]",2342,23,0.09868072132687862,absolute_atm_iv_change
,,,,,60,300,0.1450098006986383,0.05845597647186873,diagnostic_1,500,acceleration_60s,,,,False,"[1443,899,0,0,0]","[0.004258834455505643,0.0050193623653110595,null,null,null]",2342,23,0.09868072132687862,absolute_atm_iv_change
,,,,,12,60,0.09661253076252407,-0.033673102045533705,diagnostic_1,500,acceleration_60s,,,,False,"[1443,899,0,0,0]","[0.00011036963477109776,0.00011993307498775057,null,null,null]",2342,23,0.029563190834646574,realized_futures_volatility
,,,,,24,120,0.11994964490985226,-0.03660867777401443,diagnostic_1,500,acceleration_60s,,,,False,"[1443,899,0,0,0]","[0.00011036963477109776,0.00011993307498775057,null,null,null]",2342,23,0.029563190834646574,realized_futures_volatility
,,,,,60,300,0.12565477310684434,-0.045808648710654314,diagnostic_1,500,acceleration_60s,,,,False,"[1443,899,0,0,0]","[0.00011036963477109776,0.00011993307498775057,null,null,null]",2342,23,0.029563190834646574,realized_futures_volatility
,,,,,12,60,0.12510061115317522,0.011974269310419425,diagnostic_1,500,acceleration_60s,,,,False,"[1443,899,0,0,0]","[8.071666778331818e-05,9.58723804444174e-05,null,null,null]",2342,23,0.0681774250522169,absolute_futures_return
,,,,,24,120,0.13559887394734768,0.014681755837702318,diagnostic_1,500,acceleration_60s,,,,False,"[1443,899,0,0,0]","[8.071666778331818e-05,9.58723804444174e-05,null,null,null]",2342,23,0.0681774250522169,absolute_futures_return
,,,,,60,300,0.14217204801753736,0.011867891985004516,diagnostic_1,500,acceleration_60s,,,,False,"[1443,899,0,0,0]","[8.071666778331818e-05,9.58723804444174e-05,null,null,null]",2342,23,0.0681774250522169,absolute_futures_return
,,,,,12,60,0.08411492576654049,0.006807349722583654,diagnostic_1,500,acceleration_60s,,,,False,"[1443,899,0,0,0]","[-2.5499263331061713e-05,3.625622588104659e-05,null,null,null]",2342,23,0.045798093752156606,near_atm_spread_change
,,,,,24,120,0.07807334657472552,0.011897380151911163,diagnostic_1,500,acceleration_60s,,,,False,"[1443,899,0,0,0]","[-2.5499263331061713e-05,3.625622588104659e-05,null,null,null]",2342,23,0.045798093752156606,near_atm_spread_change
,,,,,60,300,0.08238550538255072,0.014101376432045346,diagnostic_1,500,acceleration_60s,,,,False,"[1443,899,0,0,0]","[-2.5499263331061713e-05,3.625622588104659e-05,null,null,null]",2342,23,0.045798093752156606,near_atm_spread_change
,,,,,12,60,0.0008099156780047498,-0.10772010149068854,diagnostic_1,500,acceleration_60s,,,,False,"[1443,899,0,0,0]","[4.569573324026536e-05,4.718724837126801e-05,null,null,null]",2342,23,-0.05105204637118224,absolute_atm_straddle_change
,,,,,24,120,0.010713703779369832,-0.09977707708699217,diagnostic_1,500,acceleration_60s,,,,False,"[1443,899,0,0,0]","[4.569573324026536e-05,4.718724837126801e-05,null,null,null]",2342,23,-0.05105204637118224,absolute_atm_straddle_change
,,,,,60,300,0.010657148831049838,-0.10400837556045954,diagnostic_1,500,acceleration_60s,,,,False,"[1443,899,0,0,0]","[4.569573324026536e-05,4.718724837126801e-05,null,null,null]",2342,23,-0.05105204637118224,absolute_atm_straddle_change
,,,,,12,60,0.05929594439448634,-0.040598260211713026,diagnostic_1,500,acceleration_60s,,,,False,"[1443,899,0,0,0]","[2.4859307174935835e-07,5.427618442292069e-07,null,null,null]",2342,23,0.006689897508411552,parity_restoration
,,,,,24,120,0.04972846630799784,-0.037483385111544205,diagnostic_1,500,acceleration_60s,,,,False,"[1443,899,0,0,0]","[2.4859307174935835e-07,5.427618442292069e-07,null,null,null]",2342,23,0.006689897508411552,parity_restoration
,,,,,60,300,0.05352736605167268,-0.03168247577292177,diagnostic_1,500,acceleration_60s,,,,False,"[1443,899,0,0,0]","[2.4859307174935835e-07,5.427618442292069e-07,null,null,null]",2342,23,0.006689897508411552,parity_restoration
,,,,,12,60,-0.04444342551419663,-0.11963320683548792,diagnostic_1,500,curvature_60s,,,,True,"[633,337,345,371,656]","[0.04629554104948763,0.04415668920734469,0.0435081762366992,0.042208725614040675,0.04215841567822054]",2342,23,-0.08048293188145134,surface_displacement
,,,,,24,120,-0.045473568056262785,-0.11960787703085685,diagnostic_1,500,curvature_60s,,,,True,"[633,337,345,371,656]","[0.04629554104948763,0.04415668920734469,0.0435081762366992,0.042208725614040675,0.04215841567822054]",2342,23,-0.08048293188145134,surface_displacement
,,,,,60,300,-0.045442777547919144,-0.11651475794261672,diagnostic_1,500,curvature_60s,,,,True,"[633,337,345,371,656]","[0.04629554104948763,0.04415668920734469,0.0435081762366992,0.042208725614040675,0.04215841567822054]",2342,23,-0.08048293188145134,surface_displacement
,,,,,12,60,-0.028022239820658892,-0.09792821969176316,diagnostic_1,500,curvature_60s,,,,True,"[633,337,345,371,656]","[0.004909626798230513,0.0046312074102350794,0.004509241447068643,0.004323174187918557,0.004313732168023906]",2342,23,-0.0632265446569489,absolute_atm_iv_change
,,,,,24,120,-0.027320452924837254,-0.0968662517201578,diagnostic_1,500,curvature_60s,,,,True,"[633,337,345,371,656]","[0.004909626798230513,0.0046312074102350794,0.004509241447068643,0.004323174187918557,0.004313732168023906]",2342,23,-0.0632265446569489,absolute_atm_iv_change
,,,,,60,300,-0.028624788790757003,-0.09798395888279603,diagnostic_1,500,curvature_60s,,,,True,"[633,337,345,371,656]","[0.004909626798230513,0.0046312074102350794,0.004509241447068643,0.004323174187918557,0.004313732168023906]",2342,23,-0.0632265446569489,absolute_atm_iv_change
,,,,,12,60,0.05158563079647654,-0.03664053692970059,diagnostic_1,500,curvature_60s,,,,False,"[633,337,345,371,656]","[0.00011182550022449348,0.00011360086777026206,0.00011288284440203748,0.00011267182957432002,0.0001177871238067431]",2342,23,0.007183313579433604,realized_futures_volatility
,,,,,24,120,0.05135771297861177,-0.033942148710847365,diagnostic_1,500,curvature_60s,,,,False,"[633,337,345,371,656]","[0.00011182550022449348,0.00011360086777026206,0.00011288284440203748,0.00011267182957432002,0.0001177871238067431]",2342,23,0.007183313579433604,realized_futures_volatility
,,,,,60,300,0.04456365347485487,-0.028737331193793274,diagnostic_1,500,curvature_60s,,,,False,"[633,337,345,371,656]","[0.00011182550022449348,0.00011360086777026206,0.00011288284440203748,0.00011267182957432002,0.0001177871238067431]",2342,23,0.007183313579433604,realized_futures_volatility
,,,,,12,60,0.04336815538373232,-0.045385542980309376,diagnostic_1,500,curvature_60s,,,,False,"[633,337,345,371,656]","[8.614707332086789e-05,8.772671753291914e-05,8.623703666355299e-05,8.394904535093077e-05,8.79139435000536e-05]",2342,23,-0.0018225360935253526,absolute_futures_return
,,,,,24,120,0.043406352887111116,-0.04491072700711468,diagnostic_1,500,curvature_60s,,,,False,"[633,337,345,371,656]","[8.614707332086789e-05,8.772671753291914e-05,8.623703666355299e-05,8.394904535093077e-05,8.79139435000536e-05]",2342,23,-0.0018225360935253526,absolute_futures_return
,,,,,60,300,0.046111503122901264,-0.04231116846442581,diagnostic_1,500,curvature_60s,,,,False,"[633,337,345,371,656]","[8.614707332086789e-05,8.772671753291914e-05,8.623703666355299e-05,8.394904535093077e-05,8.79139435000536e-05]",2342,23,-0.0018225360935253526,absolute_futures_return
,,,,,12,60,0.001928603720548325,-0.07382306578598252,diagnostic_1,500,curvature_60s,,,,False,"[633,337,345,371,656]","[5.10086731605988e-05,2.540614388921804e-06,-2.6876186535261787e-05,-3.320143044727912e-05,-2.4017914678019802e-05]",2342,23,-0.036772689782837625,near_atm_spread_change
,,,,,24,120,0.002820227855014834,-0.07019389617235736,diagnostic_1,500,curvature_60s,,,,False,"[633,337,345,371,656]","[5.10086731605988e-05,2.540614388921804e-06,-2.6876186535261787e-05,-3.320143044727912e-05,-2.4017914678019802e-05]",2342,23,-0.036772689782837625,near_atm_spread_change
,,,,,60,300,0.005077845198552666,-0.06519133305056105,diagnostic_1,500,curvature_60s,,,,False,"[633,337,345,371,656]","[5.10086731605988e-05,2.540614388921804e-06,-2.6876186535261787e-05,-3.320143044727912e-05,-2.4017914678019802e-05]",2342,23,-0.036772689782837625,near_atm_spread_change
,,,,,12,60,0.03933753595161244,-0.046785143411085924,diagnostic_1,500,curvature_60s,,,,False,"[633,337,345,371,656]","[4.6296335027022006e-05,4.712627918766231e-05,4.947878744291222e-05,4.46169534221171e-05,4.504584116724933e-05]",2342,23,-0.007529878571054797,absolute_atm_straddle_change
,,,,,24,120,0.03657650667628806,-0.05083626779389286,diagnostic_1,500,curvature_60s,,,,False,"[633,337,345,371,656]","[4.6296335027022006e-05,4.712627918766231e-05,4.947878744291222e-05,4.46169534221171e-05,4.504584116724933e-05]",2342,23,-0.007529878571054797,absolute_atm_straddle_change
,,,,,60,300,0.038920434091189796,-0.04804045605284906,diagnostic_1,500,curvature_60s,,,,False,"[633,337,345,371,656]","[4.6296335027022006e-05,4.712627918766231e-05,4.947878744291222e-05,4.46169534221171e-05,4.504584116724933e-05]",2342,23,-0.007529878571054797,absolute_atm_straddle_change
,,,,,12,60,0.03790775453082371,-0.047425277146642686,diagnostic_1,500,curvature_60s,,,,False,"[633,337,345,371,656]","[-7.336642434062822e-07,1.5281284801321359e-06,-7.100705893801363e-07,1.7593470453836948e-06,5.919961406506468e-07]",2342,23,-0.004008974198995493,parity_restoration
,,,,,24,120,0.03373769680944438,-0.04520345312598221,diagnostic_1,500,curvature_60s,,,,False,"[633,337,345,371,656]","[-7.336642434062822e-07,1.5281284801321359e-06,-7.100705893801363e-07,1.7593470453836948e-06,5.919961406506468e-07]",2342,23,-0.004008974198995493,parity_restoration
,,,,,60,300,0.03359179570855731,-0.047340542487845486,diagnostic_1,500,curvature_60s,,,,False,"[633,337,345,371,656]","[-7.336642434062822e-07,1.5281284801321359e-06,-7.100705893801363e-07,1.7593470453836948e-06,5.919961406506468e-07]",2342,23,-0.004008974198995493,parity_restoration
-0.07124422170750444,0.009284898742254799,-0.0810446236478557,-0.09675072678654817,-0.08200533791537845,,,,,diagnostic_1,,acceleration_increment_60s,0.015706103138692473,"{""60s"":{""mean_mae_reduction"":0.00030116016122740325,""ci_low"":0.0002557767158725517,""ci_high"":0.0003539610183409598,""positive_probability"":1.0,""block_rows"":12,""draws"":500},""120s"":{""mean_mae_reduction"":0.00030116016122740325,""ci_low"":0.0002446000311102446,""ci_high"":0.0003604837513044702,""positive_probability"":1.0,""block_rows"":24,""draws"":500},""300s"":{""mean_mae_reduction"":0.00030116016122740325,""ci_low"":0.00022319942379389756,""ci_high"":0.00037303591245838627,""positive_probability"":1.0,""block_rows"":60,""draws"":500}}","{""base_to_candidate"":{""60s"":{""mean_mae_reduction"":1.8421428991372823e-05,""ci_low"":-4.6332404974261186e-07,""ci_high"":3.650195502592013e-05,""positive_probability"":0.972,""block_rows"":12,""draws"":500},""120s"":{""mean_mae_reduction"":1.8421428991372823e-05,""ci_low"":-2.3921530391197846e-06,""ci_high"":3.953479539932457e-05,""positive_probability"":0.958,""block_rows"":24,""draws"":500},""300s"":{""mean_mae_reduction"":1.8421428991372823e-05,""ci_low"":-9.955462417514596e-06,""ci_high"":4.340511187416977e-05,""positive_probability"":0.898,""block_rows"":60,""draws"":500}},""base_pca_to_candidate"":{""60s"":{""mean_mae_reduction"":-0.00022523309183430937,""ci_low"":-0.0002531581717973223,""ci_high"":-0.00020145102681271506,""positive_probability"":0.0,""block_rows"":12,""draws"":500},""120s"":{""mean_mae_reduction"":-0.00022523309183430937,""ci_low"":-0.00025954792973041516,""ci_high"":-0.00018944008997087862,""positive_probability"":0.0,""block_rows"":24,""draws"":500},""300s"":{""mean_mae_reduction"":-0.00022523309183430937,""ci_low"":-0.00026580518446109704,""ci_high"":-0.00018374430622697215,""positive_probability"":0.0,""block_rows"":60,""draws"":500}}}",,,,,23,,surface_displacement
-0.08647846784330637,-0.0034633826860168693,-0.1085142049059673,-0.09675072678654817,-0.08200533791537845,,,,,diagnostic_1,,curvature_increment_60s,-0.011763478119419135,"{""60s"":{""mean_mae_reduction"":-0.00022556142257284677,""ci_low"":-0.0002594282556045398,""ci_high"":-0.0001944507247286499,""positive_probability"":0.0,""block_rows"":12,""draws"":500},""120s"":{""mean_mae_reduction"":-0.00022556142257284677,""ci_low"":-0.000266029136128828,""ci_high"":-0.0001881057488252575,""positive_probability"":0.0,""block_rows"":24,""draws"":500},""300s"":{""mean_mae_reduction"":-0.00022556142257284677,""ci_low"":-0.00026891651291400127,""ci_high"":-0.00017529000422150136,""positive_probability"":0.0,""block_rows"":60,""draws"":500}}","{""base_to_candidate"":{""60s"":{""mean_mae_reduction"":-0.0005083001548088771,""ci_low"":-0.0005735908514780016,""ci_high"":-0.0004403955871878564,""positive_probability"":0.0,""block_rows"":12,""draws"":500},""120s"":{""mean_mae_reduction"":-0.0005083001548088771,""ci_low"":-0.0005812085405426512,""ci_high"":-0.00043772353924992395,""positive_probability"":0.0,""block_rows"":24,""draws"":500},""300s"":{""mean_mae_reduction"":-0.0005083001548088771,""ci_low"":-0.0006091813684733483,""ci_high"":-0.0004144581634327866,""positive_probability"":0.0,""block_rows"":60,""draws"":500}},""base_pca_to_candidate"":{""60s"":{""mean_mae_reduction"":-0.0007275576752487739,""ci_low"":-0.0008128428573145107,""ci_high"":-0.0006442169328810004,""positive_probability"":0.0,""block_rows"":12,""draws"":500},""120s"":{""mean_mae_reduction"":-0.0007275576752487739,""ci_low"":-0.0008156014774789361,""ci_high"":-0.0006355006210077453,""positive_probability"":0.0,""block_rows"":24,""draws"":500},""300s"":{""mean_mae_reduction"":-0.0007275576752487739,""ci_low"":-0.0008318728443004649,""ci_high"":-0.0006076761687114612,""positive_probability"":0.0,""block_rows"":60,""draws"":500}}}",,,,,23,,surface_displacement
0.1728123584150899,0.1427223554345295,0.17183302293448,0.1702179966108065,0.1716380222591154,,,,,diagnostic_1,,acceleration_increment_60s,0.0016150263236734963,"{""60s"":{""mean_mae_reduction"":7.014534077430068e-06,""ci_low"":6.097678943184078e-06,""ci_high"":8.193511158989875e-06,""positive_probability"":1.0,""block_rows"":12,""draws"":500},""120s"":{""mean_mae_reduction"":7.014534077430068e-06,""ci_low"":5.773806845322669e-06,""ci_high"":8.330957279128526e-06,""positive_probability"":1.0,""block_rows"":24,""draws"":500},""300s"":{""mean_mae_reduction"":7.014534077430068e-06,""ci_low"":5.340143898340313e-06,""ci_high"":8.50453962742e-06,""positive_probability"":1.0,""block_rows"":60,""draws"":500}}","{""base_to_candidate"":{""60s"":{""mean_mae_reduction"":8.469452555773225e-07,""ci_low"":5.059624564671788e-07,""ci_high"":1.1982391923052856e-06,""positive_probability"":1.0,""block_rows"":12,""draws"":500},""120s"":{""mean_mae_reduction"":8.469452555773225e-07,""ci_low"":4.86473035927587e-07,""ci_high"":1.2091805077143936e-06,""positive_probability"":1.0,""block_rows"":24,""draws"":500},""300s"":{""mean_mae_reduction"":8.469452555773225e-07,""ci_low"":4.044308668894948e-07,""ci_high"":1.2512915321706951e-06,""positive_probability"":1.0,""block_rows"":60,""draws"":500}},""base_pca_to_candidate"":{""60s"":{""mean_mae_reduction"":-9.095394703420012e-06,""ci_low"":-9.60573469304408e-06,""ci_high"":-8.576305327118532e-06,""positive_probability"":0.0,""block_rows"":12,""draws"":500},""120s"":{""mean_mae_reduction"":-9.095394703420012e-06,""ci_low"":-9.645792225892682e-06,""ci_high"":-8.536987111538534e-06,""positive_probability"":0.0,""block_rows"":24,""draws"":500},""300s"":{""mean_mae_reduction"":-9.095394703420012e-06,""ci_low"":-9.73954360677911e-06,""ci_high"":-8.318600211134951e-06,""positive_probability"":0.0,""block_rows"":60,""draws"":500}}}",,,,,23,,absolute_atm_iv_change
0.1715515842565173,0.1413181625644242,0.16985988282964204,0.1702179966108065,0.1716380222591154,,,,,diagnostic_1,,curvature_increment_60s,-0.0003581137811644597,"{""60s"":{""mean_mae_reduction"":-1.5553934228529912e-06,""ci_low"":-1.7549437867028782e-06,""ci_high"":-1.3653452155029628e-06,""positive_probability"":0.0,""block_rows"":12,""draws"":500},""120s"":{""mean_mae_reduction"":-1.5553934228529912e-06,""ci_low"":-1.7750814273194123e-06,""ci_high"":-1.3444519170056893e-06,""positive_probability"":0.0,""block_rows"":24,""draws"":500},""300s"":{""mean_mae_reduction"":-1.5553934228529912e-06,""ci_low"":-1.7796798499987725e-06,""ci_high"":-1.2957575575543352e-06,""positive_probability"":0.0,""block_rows"":60,""draws"":500}}","{""base_to_candidate"":{""60s"":{""mean_mae_reduction"":-7.722982244705736e-06,""ci_low"":-8.713547676942705e-06,""ci_high"":-6.758487784317452e-06,""positive_probability"":0.0,""block_rows"":12,""draws"":500},""120s"":{""mean_mae_reduction"":-7.722982244705736e-06,""ci_low"":-9.042072280629674e-06,""ci_high"":-6.551710461243783e-06,""positive_probability"":0.0,""block_rows"":24,""draws"":500},""300s"":{""mean_mae_reduction"":-7.722982244705736e-06,""ci_low"":-9.554390837301396e-06,""ci_high"":-5.9326387537845635e-06,""positive_probability"":0.0,""block_rows"":60,""draws"":500}},""base_pca_to_candidate"":{""60s"":{""mean_mae_reduction"":-1.9675538862386967e-05,""ci_low"":-2.1024285004071068e-05,""ci_high"":-1.8255192092373513e-05,""positive_probability"":0.0,""block_rows"":12,""draws"":500},""120s"":{""mean_mae_reduction"":-1.9675538862386967e-05,""ci_low"":-2.1486204009099585e-05,""ci_high"":-1.7750065010749545e-05,""positive_probability"":0.0,""block_rows"":24,""draws"":500},""300s"":{""mean_mae_reduction"":-1.9675538862386967e-05,""ci_low"":-2.221085148528803e-05,""ci_high"":-1.7113528291406176e-05,""positive_probability"":0.0,""block_rows"":60,""draws"":500}}}",,,,,23,,absolute_atm_iv_change
,,,,,12,60,0.21941268809740452,0.1616518663765714,diagnostic_2,500,velocity_60s,,,,False,"[2121,2350,6,0,0]","[0.040415443953503744,0.046770147933934324,0.06825411186536642,null,null]",4477,23,0.19080764529371994,surface_displacement
,,,,,24,120,0.22145657358811058,0.15681901809548804,diagnostic_2,500,velocity_60s,,,,False,"[2121,2350,6,0,0]","[0.040415443953503744,0.046770147933934324,0.06825411186536642,null,null]",4477,23,0.19080764529371994,surface_displacement
,,,,,60,300,0.22132796844106248,0.15554113069563957,diagnostic_2,500,velocity_60s,,,,False,"[2121,2350,6,0,0]","[0.040415443953503744,0.046770147933934324,0.06825411186536642,null,null]",4477,23,0.19080764529371994,surface_displacement
,,,,,12,60,0.17086649817724536,0.11148331196896374,diagnostic_2,500,velocity_60s,,,,False,"[2121,2350,6,0,0]","[0.004792317853452799,0.005789824277162552,0.00967941681543986,null,null]",4477,23,0.14353707027309495,absolute_atm_iv_change
,,,,,24,120,0.1727918794191362,0.11466497939045506,diagnostic_2,500,velocity_60s,,,,False,"[2121,2350,6,0,0]","[0.004792317853452799,0.005789824277162552,0.00967941681543986,null,null]",4477,23,0.14353707027309495,absolute_atm_iv_change
,,,,,60,300,0.17236677621129415,0.1158498157698509,diagnostic_2,500,velocity_60s,,,,False,"[2121,2350,6,0,0]","[0.004792317853452799,0.005789824277162552,0.00967941681543986,null,null]",4477,23,0.14353707027309495,absolute_atm_iv_change
,,,,,12,60,0.055876915719885505,-0.02289699204933994,diagnostic_2,500,velocity_60s,,,,False,"[2121,2350,6,0,0]","[0.0001243625892273119,0.0001262834097611464,0.00013790214927956557,null,null]",4477,23,0.017123317104285815,realized_futures_volatility
,,,,,24,120,0.06864299124164415,-0.021408998271102177,diagnostic_2,500,velocity_60s,,,,False,"[2121,2350,6,0,0]","[0.0001243625892273119,0.0001262834097611464,0.00013790214927956557,null,null]",4477,23,0.017123317104285815,realized_futures_volatility
,,,,,60,300,0.06693324888315819,-0.027841605102503254,diagnostic_2,500,velocity_60s,,,,False,"[2121,2350,6,0,0]","[0.0001243625892273119,0.0001262834097611464,0.00013790214927956557,null,null]",4477,23,0.017123317104285815,realized_futures_volatility
,,,,,12,60,0.059446215068913115,-0.013283959038896065,diagnostic_2,500,velocity_60s,,,,False,"[2121,2350,6,0,0]","[9.062918555562309e-05,9.245527551529256e-05,8.96453857421875e-05,null,null]",4477,23,0.023270576614691243,absolute_futures_return
,,,,,24,120,0.06251508177555823,-0.012192608577939811,diagnostic_2,500,velocity_60s,,,,False,"[2121,2350,6,0,0]","[9.062918555562309e-05,9.245527551529256e-05,8.96453857421875e-05,null,null]",4477,23,0.023270576614691243,absolute_futures_return
,,,,,60,300,0.06736997157340238,-0.015097920526145316,diagnostic_2,500,velocity_60s,,,,False,"[2121,2350,6,0,0]","[9.062918555562309e-05,9.245527551529256e-05,8.96453857421875e-05,null,null]",4477,23,0.023270576614691243,absolute_futures_return
,,,,,12,60,0.10609660296374555,0.05202599234383366,diagnostic_2,500,velocity_60s,,,,False,"[2121,2350,6,0,0]","[-4.5301786001531506e-05,3.846014946441543e-05,0.0007935717245951915,null,null]",4477,23,0.07790221118843614,near_atm_spread_change
,,,,,24,120,0.1061808350541371,0.05059206280713279,diagnostic_2,500,velocity_60s,,,,False,"[2121,2350,6,0,0]","[-4.5301786001531506e-05,3.846014946441543e-05,0.0007935717245951915,null,null]",4477,23,0.07790221118843614,near_atm_spread_change
,,,,,60,300,0.10448976762235256,0.04828450077247388,diagnostic_2,500,velocity_60s,,,,False,"[2121,2350,6,0,0]","[-4.5301786001531506e-05,3.846014946441543e-05,0.0007935717245951915,null,null]",4477,23,0.07790221118843614,near_atm_spread_change
,,,,,12,60,0.06865075312156427,-0.005683026934950259,diagnostic_2,500,velocity_60s,,,,False,"[2121,2350,6,0,0]","[6.644874907773601e-05,7.773051632845656e-05,0.00017638535549243292,null,null]",4477,23,0.03203670110695404,absolute_atm_straddle_change
,,,,,24,120,0.07243887947655579,-0.0029419538016831137,diagnostic_2,500,velocity_60s,,,,False,"[2121,2350,6,0,0]","[6.644874907773601e-05,7.773051632845656e-05,0.00017638535549243292,null,null]",4477,23,0.03203670110695404,absolute_atm_straddle_change
,,,,,60,300,0.07318646614432082,-0.007638049884460041,diagnostic_2,500,velocity_60s,,,,False,"[2121,2350,6,0,0]","[6.644874907773601e-05,7.773051632845656e-05,0.00017638535549243292,null,null]",4477,23,0.03203670110695404,absolute_atm_straddle_change
,,,,,12,60,0.04853660057322184,-0.019272039048987985,diagnostic_2,500,velocity_60s,,,,False,"[2121,2350,6,0,0]","[-3.3828560237807673e-07,4.7401116001097725e-07,-1.1151563133656357e-06,null,null]",4477,23,0.012912569164420717,parity_restoration
,,,,,24,120,0.04289423692518452,-0.020906490069421458,diagnostic_2,500,velocity_60s,,,,False,"[2121,2350,6,0,0]","[-3.3828560237807673e-07,4.7401116001097725e-07,-1.1151563133656357e-06,null,null]",4477,23,0.012912569164420717,parity_restoration
,,,,,60,300,0.04172495890429423,-0.014393445444081134,diagnostic_2,500,velocity_60s,,,,False,"[2121,2350,6,0,0]","[-3.3828560237807673e-07,4.7401116001097725e-07,-1.1151563133656357e-06,null,null]",4477,23,0.012912569164420717,parity_restoration
,,,,,12,60,0.14071450997416823,0.08042502261358823,diagnostic_2,500,acceleration_60s,,,,False,"[1920,2551,6,0,0]","[0.0413659263032258,0.04559221652887993,0.05203434565884085,null,null]",4477,23,0.1124905218422451,surface_displacement
,,,,,24,120,0.14490052495728606,0.07836826493417709,diagnostic_2,500,acceleration_60s,,,,False,"[1920,2551,6,0,0]","[0.0413659263032258,0.04559221652887993,0.05203434565884085,null,null]",4477,23,0.1124905218422451,surface_displacement
,,,,,60,300,0.1399869751336177,0.07441131296274281,diagnostic_2,500,acceleration_60s,,,,False,"[1920,2551,6,0,0]","[0.0413659263032258,0.04559221652887993,0.05203434565884085,null,null]",4477,23,0.1124905218422451,surface_displacement
,,,,,12,60,0.10269017138860408,0.044345365216860715,diagnostic_2,500,acceleration_60s,,,,False,"[1920,2551,6,0,0]","[0.004979898462382456,0.0055800238306594335,0.0054373132685820265,null,null]",4477,23,0.07566208903762636,absolute_atm_iv_change
,,,,,24,120,0.10427884826010177,0.04909753232643214,diagnostic_2,500,acceleration_60s,,,,False,"[1920,2551,6,0,0]","[0.004979898462382456,0.0055800238306594335,0.0054373132685820265,null,null]",4477,23,0.07566208903762636,absolute_atm_iv_change
,,,,,60,300,0.09858108386438931,0.04847357238311094,diagnostic_2,500,acceleration_60s,,,,False,"[1920,2551,6,0,0]","[0.004979898462382456,0.0055800238306594335,0.0054373132685820265,null,null]",4477,23,0.07566208903762636,absolute_atm_iv_change
,,,,,12,60,0.026009899560311214,-0.0496170406251614,diagnostic_2,500,acceleration_60s,,,,False,"[1920,2551,6,0,0]","[0.00012850156901162015,0.00012320059280378968,5.979214012030555e-05,null,null]",4477,23,-0.010842883707756703,realized_futures_volatility
,,,,,24,120,0.037086262517682086,-0.05031983644059713,diagnostic_2,500,acceleration_60s,,,,False,"[1920,2551,6,0,0]","[0.00012850156901162015,0.00012320059280378968,5.979214012030555e-05,null,null]",4477,23,-0.010842883707756703,realized_futures_volatility
,,,,,60,300,0.04130345587634898,-0.04897708009703433,diagnostic_2,500,acceleration_60s,,,,False,"[1920,2551,6,0,0]","[0.00012850156901162015,0.00012320059280378968,5.979214012030555e-05,null,null]",4477,23,-0.010842883707756703,realized_futures_volatility
,,,,,12,60,0.031472987089126776,-0.03940930617932474,diagnostic_2,500,acceleration_60s,,,,False,"[1920,2551,6,0,0]","[9.468744198481242e-05,8.933808653086412e-05,5.515416463216146e-05,null,null]",4477,23,-0.003849128974184641,absolute_futures_return
,,,,,24,120,0.03629683775901598,-0.04024234619793321,diagnostic_2,500,acceleration_60s,,,,False,"[1920,2551,6,0,0]","[9.468744198481242e-05,8.933808653086412e-05,5.515416463216146e-05,null,null]",4477,23,-0.003849128974184641,absolute_futures_return
,,,,,60,300,0.04802858503363042,-0.04158502862773774,diagnostic_2,500,acceleration_60s,,,,False,"[1920,2551,6,0,0]","[9.468744198481242e-05,8.933808653086412e-05,5.515416463216146e-05,null,null]",4477,23,-0.003849128974184641,absolute_futures_return
,,,,,12,60,0.07317312902549637,0.020653104432689858,diagnostic_2,500,acceleration_60s,,,,False,"[1920,2551,6,0,0]","[-2.7985756105408655e-05,2.0575748151359893e-05,5.026861132743458e-05,null,null]",4477,23,0.04494313880162881,near_atm_spread_change
,,,,,24,120,0.07183138081270778,0.017362859524149413,diagnostic_2,500,acceleration_60s,,,,False,"[1920,2551,6,0,0]","[-2.7985756105408655e-05,2.0575748151359893e-05,5.026861132743458e-05,null,null]",4477,23,0.04494313880162881,near_atm_spread_change
,,,,,60,300,0.07585003081801196,0.014972439625346227,diagnostic_2,500,acceleration_60s,,,,False,"[1920,2551,6,0,0]","[-2.7985756105408655e-05,2.0575748151359893e-05,5.026861132743458e-05,null,null]",4477,23,0.04494313880162881,near_atm_spread_change
,,,,,12,60,0.04610641170300567,-0.029952078526369132,diagnostic_2,500,acceleration_60s,,,,False,"[1920,2551,6,0,0]","[6.61761179799214e-05,7.729085110440436e-05,7.261910165349643e-05,null,null]",4477,23,0.009292182457060935,absolute_atm_straddle_change
,,,,,24,120,0.051051227039452446,-0.02848587251677395,diagnostic_2,500,acceleration_60s,,,,False,"[1920,2551,6,0,0]","[6.61761179799214e-05,7.729085110440436e-05,7.261910165349643e-05,null,null]",4477,23,0.009292182457060935,absolute_atm_straddle_change
,,,,,60,300,0.052364182225822356,-0.03201145210639574,diagnostic_2,500,acceleration_60s,,,,False,"[1920,2551,6,0,0]","[6.61761179799214e-05,7.729085110440436e-05,7.261910165349643e-05,null,null]",4477,23,0.009292182457060935,absolute_atm_straddle_change
,,,,,12,60,0.031892957088127,-0.040254448036664836,diagnostic_2,500,acceleration_60s,,,,False,"[1920,2551,6,0,0]","[-2.453326066150415e-07,3.537180236604761e-07,-6.9274246925488114e-06,null,null]",4477,23,-0.00532201023049662,parity_restoration
,,,,,24,120,0.025933297069616498,-0.0378615540775259,diagnostic_2,500,acceleration_60s,,,,False,"[1920,2551,6,0,0]","[-2.453326066150415e-07,3.537180236604761e-07,-6.9274246925488114e-06,null,null]",4477,23,-0.00532201023049662,parity_restoration
,,,,,60,300,0.025084990030353454,-0.03336486966402381,diagnostic_2,500,acceleration_60s,,,,False,"[1920,2551,6,0,0]","[-2.453326066150415e-07,3.537180236604761e-07,-6.9274246925488114e-06,null,null]",4477,23,-0.00532201023049662,parity_restoration
,,,,,12,60,-0.04157762495593558,-0.10359448801653377,diagnostic_2,500,curvature_60s,,,,False,"[1385,622,531,620,1319]","[0.047112546797756526,0.041687653502701545,0.04268729967015206,0.04151824369924054,0.04279883542787434]",4477,23,-0.07229740154439203,surface_displacement
,,,,,24,120,-0.04204959119355241,-0.09949644715932288,diagnostic_2,500,curvature_60s,,,,False,"[1385,622,531,620,1319]","[0.047112546797756526,0.041687653502701545,0.04268729967015206,0.04151824369924054,0.04279883542787434]",4477,23,-0.07229740154439203,surface_displacement
,,,,,60,300,-0.04406946441175255,-0.09829060177396305,diagnostic_2,500,curvature_60s,,,,False,"[1385,622,531,620,1319]","[0.047112546797756526,0.041687653502701545,0.04268729967015206,0.04151824369924054,0.04279883542787434]",4477,23,-0.07229740154439203,surface_displacement
,,,,,12,60,-0.03196200664020402,-0.10025997689267081,diagnostic_2,500,curvature_60s,,,,False,"[1385,622,531,620,1319]","[0.005891462703258982,0.005022871017551882,0.00492099341419008,0.005043196990605323,0.005159164871385009]",4477,23,-0.06414727021349743,absolute_atm_iv_change
,,,,,24,120,-0.03182155788330265,-0.08952511190084254,diagnostic_2,500,curvature_60s,,,,False,"[1385,622,531,620,1319]","[0.005891462703258982,0.005022871017551882,0.00492099341419008,0.005043196990605323,0.005159164871385009]",4477,23,-0.06414727021349743,absolute_atm_iv_change
,,,,,60,300,-0.03327518935671594,-0.0915291603770633,diagnostic_2,500,curvature_60s,,,,False,"[1385,622,531,620,1319]","[0.005891462703258982,0.005022871017551882,0.00492099341419008,0.005043196990605323,0.005159164871385009]",4477,23,-0.06414727021349743,absolute_atm_iv_change
,,,,,12,60,0.03045033294315597,-0.041247094469722925,diagnostic_2,500,curvature_60s,,,,False,"[1385,622,531,620,1319]","[0.0001257175372642474,0.00012778866746239782,0.00012796626730590912,0.0001245946906302124,0.0001232481737549177]",4477,23,-0.005198259454582374,realized_futures_volatility
,,,,,24,120,0.028908015436264207,-0.03714612140047052,diagnostic_2,500,curvature_60s,,,,False,"[1385,622,531,620,1319]","[0.0001257175372642474,0.00012778866746239782,0.00012796626730590912,0.0001245946906302124,0.0001232481737549177]",4477,23,-0.005198259454582374,realized_futures_volatility
,,,,,60,300,0.02733780907243868,-0.04149969294541811,diagnostic_2,500,curvature_60s,,,,False,"[1385,622,531,620,1319]","[0.0001257175372642474,0.00012778866746239782,0.00012796626730590912,0.0001245946906302124,0.0001232481737549177]",4477,23,-0.005198259454582374,realized_futures_volatility
,,,,,12,60,0.024741881331797836,-0.0353281684384019,diagnostic_2,500,curvature_60s,,,,False,"[1385,622,531,620,1319]","[9.349588883052234e-05,9.030007856068504e-05,9.130309081571475e-05,9.541819172520791e-05,8.850083195684171e-05]",4477,23,-0.005251406037678029,absolute_futures_return
,,,,,24,120,0.026913665697594076,-0.035925570022580226,diagnostic_2,500,curvature_60s,,,,False,"[1385,622,531,620,1319]","[9.349588883052234e-05,9.030007856068504e-05,9.130309081571475e-05,9.541819172520791e-05,8.850083195684171e-05]",4477,23,-0.005251406037678029,absolute_futures_return
,,,,,60,300,0.02277401135076261,-0.04347529181514646,diagnostic_2,500,curvature_60s,,,,False,"[1385,622,531,620,1319]","[9.349588883052234e-05,9.030007856068504e-05,9.130309081571475e-05,9.541819172520791e-05,8.850083195684171e-05]",4477,23,-0.005251406037678029,absolute_futures_return
,,,,,12,60,0.00370766236303427,-0.05157328743027829,diagnostic_2,500,curvature_60s,,,,False,"[1385,622,531,620,1319]","[3.329890981671276e-05,-2.890064999542777e-05,-3.4958248413843145e-05,3.997320492353831e-06,-9.856407215163518e-06]",4477,23,-0.023956874865539064,near_atm_spread_change
,,,,,24,120,0.005193508076276468,-0.053289976429180576,diagnostic_2,500,curvature_60s,,,,False,"[1385,622,531,620,1319]","[3.329890981671276e-05,-2.890064999542777e-05,-3.4958248413843145e-05,3.997320492353831e-06,-9.856407215163518e-06]",4477,23,-0.023956874865539064,near_atm_spread_change
,,,,,60,300,0.005551174368322578,-0.055200527431861816,diagnostic_2,500,curvature_60s,,,,False,"[1385,622,531,620,1319]","[3.329890981671276e-05,-2.890064999542777e-05,-3.4958248413843145e-05,3.997320492353831e-06,-9.856407215163518e-06]",4477,23,-0.023956874865539064,near_atm_spread_change
,,,,,12,60,0.0031242044666347345,-0.05844977622829054,diagnostic_2,500,curvature_60s,,,,False,"[1385,622,531,620,1319]","[7.51515742835155e-05,7.998788657439484e-05,6.528065773165607e-05,6.505456723032459e-05,7.265167970314814e-05]",4477,23,-0.027296807953219742,absolute_atm_straddle_change
,,,,,24,120,0.0038653608153145914,-0.05966854613185628,diagnostic_2,500,curvature_60s,,,,False,"[1385,622,531,620,1319]","[7.51515742835155e-05,7.998788657439484e-05,6.528065773165607e-05,6.505456723032459e-05,7.265167970314814e-05]",4477,23,-0.027296807953219742,absolute_atm_straddle_change
,,,,,60,300,0.006797634433008891,-0.057750598914044944,diagnostic_2,500,curvature_60s,,,,False,"[1385,622,531,620,1319]","[7.51515742835155e-05,7.998788657439484e-05,6.528065773165607e-05,6.505456723032459e-05,7.265167970314814e-05]",4477,23,-0.027296807953219742,absolute_atm_straddle_change
,,,,,12,60,0.017845540066063592,-0.04439527236761048,diagnostic_2,500,curvature_60s,,,,False,"[1385,622,531,620,1319]","[7.587034884465787e-07,-1.4388319795774939e-06,1.5230455483277477e-07,1.335344583616637e-06,-5.116805725232197e-07]",4477,23,-0.014264720378748106,parity_restoration
,,,,,24,120,0.016716514897923557,-0.04100543025999806,diagnostic_2,500,curvature_60s,,,,False,"[1385,622,531,620,1319]","[7.587034884465787e-07,-1.4388319795774939e-06,1.5230455483277477e-07,1.335344583616637e-06,-5.116805725232197e-07]",4477,23,-0.014264720378748106,parity_restoration
,,,,,60,300,0.018877905734922634,-0.038497626408169734,diagnostic_2,500,curvature_60s,,,,False,"[1385,622,531,620,1319]","[7.587034884465787e-07,-1.4388319795774939e-06,1.5230455483277477e-07,1.335344583616637e-06,-5.116805725232197e-07]",4477,23,-0.014264720378748106,parity_restoration
-0.21997588212424235,-0.11838129186880408,-0.22386100617900695,-0.22329193370988376,-0.2206168077093067,,,,,diagnostic_2,,acceleration_increment_60s,-0.0005690724691231885,"{""60s"":{""mean_mae_reduction"":-1.0943656027672024e-05,""ci_low"":-4.333621837056963e-05,""ci_high"":1.798049120663952e-05,""positive_probability"":0.24,""block_rows"":12,""draws"":500},""120s"":{""mean_mae_reduction"":-1.0943656027672024e-05,""ci_low"":-4.971138292056643e-05,""ci_high"":2.5674876893309672e-05,""positive_probability"":0.296,""block_rows"":24,""draws"":500},""300s"":{""mean_mae_reduction"":-1.0943656027672024e-05,""ci_low"":-6.3135473568121e-05,""ci_high"":3.2792831773650235e-05,""positive_probability"":0.264,""block_rows"":60,""draws"":500}}","{""base_to_candidate"":{""60s"":{""mean_mae_reduction"":-6.238817385172845e-05,""ci_low"":-7.651816393549532e-05,""ci_high"":-4.718957222825315e-05,""positive_probability"":0.0,""block_rows"":12,""draws"":500},""120s"":{""mean_mae_reduction"":-6.238817385172845e-05,""ci_low"":-7.799576822772785e-05,""ci_high"":-4.899630418994818e-05,""positive_probability"":0.0,""block_rows"":24,""draws"":500},""300s"":{""mean_mae_reduction"":-6.238817385172845e-05,""ci_low"":-8.337665401594166e-05,""ci_high"":-4.251564174084744e-05,""positive_probability"":0.0,""block_rows"":60,""draws"":500}},""base_pca_to_candidate"":{""60s"":{""mean_mae_reduction"":-0.0003580520995143223,""ci_low"":-0.00038445372629082873,""ci_high"":-0.00033238180775352463,""positive_probability"":0.0,""block_rows"":12,""draws"":500},""120s"":{""mean_mae_reduction"":-0.0003580520995143223,""ci_low"":-0.00038626173841707694,""ci_high"":-0.0003268361668870203,""positive_probability"":0.0,""block_rows"":24,""draws"":500},""300s"":{""mean_mae_reduction"":-0.0003580520995143223,""ci_low"":-0.00039657596846196164,""ci_high"":-0.0003200322007728721,""positive_probability"":0.0,""block_rows"":60,""draws"":500}}}",,,,,23,,surface_displacement
-0.2319355340511582,-0.1299329088975516,-0.2384661959113985,-0.22329193370988376,-0.2206168077093067,,,,,diagnostic_2,,curvature_increment_60s,-0.015174262201514743,"{""60s"":{""mean_mae_reduction"":-0.000291811526681128,""ci_low"":-0.0003221331488593074,""ci_high"":-0.00026345706641864834,""positive_probability"":0.0,""block_rows"":12,""draws"":500},""120s"":{""mean_mae_reduction"":-0.000291811526681128,""ci_low"":-0.00032507794280234385,""ci_high"":-0.00025645629917596423,""positive_probability"":0.0,""block_rows"":24,""draws"":500},""300s"":{""mean_mae_reduction"":-0.000291811526681128,""ci_low"":-0.00033284583362689946,""ci_high"":-0.00024785486550838115,""positive_probability"":0.0,""block_rows"":60,""draws"":500}}","{""base_to_candidate"":{""60s"":{""mean_mae_reduction"":-0.0003432560445051845,""ci_low"":-0.00039015149051984234,""ci_high"":-0.0002959056498315345,""positive_probability"":0.0,""block_rows"":12,""draws"":500},""120s"":{""mean_mae_reduction"":-0.0003432560445051845,""ci_low"":-0.00040889741230895236,""ci_high"":-0.00028449675997589425,""positive_probability"":0.0,""block_rows"":24,""draws"":500},""300s"":{""mean_mae_reduction"":-0.0003432560445051845,""ci_low"":-0.0004291437776922207,""ci_high"":-0.00026431538627156616,""positive_probability"":0.0,""block_rows"":60,""draws"":500}},""base_pca_to_candidate"":{""60s"":{""mean_mae_reduction"":-0.0006749156903417611,""ci_low"":-0.0007350702816516177,""ci_high"":-0.0006100317050827847,""positive_probability"":0.0,""block_rows"":12,""draws"":500},""120s"":{""mean_mae_reduction"":-0.0006749156903417611,""ci_low"":-0.0007485213500501062,""ci_high"":-0.0006017179004406931,""positive_probability"":0.0,""block_rows"":24,""draws"":500},""300s"":{""mean_mae_reduction"":-0.0006749156903417611,""ci_low"":-0.0007897269827785756,""ci_high"":-0.0005799209760899863,""positive_probability"":0.0,""block_rows"":60,""draws"":500}}}",,,,,23,,surface_displacement
0.1894944877633018,0.16570904295453248,0.18934293666896307,0.18932861318687666,0.1894451971199771,,,,,diagnostic_2,,acceleration_increment_60s,1.43234820864091e-05,"{""60s"":{""mean_mae_reduction"":7.324040212952087e-08,""ci_low"":-4.82577318605368e-07,""ci_high"":5.54678986465218e-07,""positive_probability"":0.586,""block_rows"":12,""draws"":500},""120s"":{""mean_mae_reduction"":7.324040212952087e-08,""ci_low"":-5.932875463391801e-07,""ci_high"":6.838030339702026e-07,""positive_probability"":0.576,""block_rows"":24,""draws"":500},""300s"":{""mean_mae_reduction"":7.324040212952087e-08,""ci_low"":-9.125006069109719e-07,""ci_high"":9.270973399692867e-07,""positive_probability"":0.512,""block_rows"":60,""draws"":500}}","{""base_to_candidate"":{""60s"":{""mean_mae_reduction"":-5.228893720777035e-07,""ci_low"":-7.283359526196929e-07,""ci_high"":-2.9978465435331666e-07,""positive_probability"":0.0,""block_rows"":12,""draws"":500},""120s"":{""mean_mae_reduction"":-5.228893720777035e-07,""ci_low"":-7.747984568210722e-07,""ci_high"":-2.9956562358536444e-07,""positive_probability"":0.0,""block_rows"":24,""draws"":500},""300s"":{""mean_mae_reduction"":-5.228893720777035e-07,""ci_low"":-8.000479577304891e-07,""ci_high"":-2.456411726585629e-07,""positive_probability"":0.0,""block_rows"":60,""draws"":500}},""base_pca_to_candidate"":{""60s"":{""mean_mae_reduction"":-9.588889175839248e-06,""ci_low"":-9.98281482115084e-06,""ci_high"":-9.197084504129592e-06,""positive_probability"":0.0,""block_rows"":12,""draws"":500},""120s"":{""mean_mae_reduction"":-9.588889175839248e-06,""ci_low"":-9.982264630995562e-06,""ci_high"":-9.116130199405472e-06,""positive_probability"":0.0,""block_rows"":24,""draws"":500},""300s"":{""mean_mae_reduction"":-9.588889175839248e-06,""ci_low"":-1.0162535548237375e-05,""ci_high"":-9.028570803597072e-06,""positive_probability"":0.0,""block_rows"":60,""draws"":500}}}",,,,,23,,absolute_atm_iv_change
0.189263347864712,0.16511674837630974,0.18899118002983628,0.18932861318687666,0.1894451971199771,,,,,diagnostic_2,,curvature_increment_60s,-0.0003374331570403788,"{""60s"":{""mean_mae_reduction"":-1.7254002877362422e-06,""ci_low"":-1.8735031825074153e-06,""ci_high"":-1.5698432174817472e-06,""positive_probability"":0.0,""block_rows"":12,""draws"":500},""120s"":{""mean_mae_reduction"":-1.7254002877362422e-06,""ci_low"":-1.9164738983523167e-06,""ci_high"":-1.5420166777868458e-06,""positive_probability"":0.0,""block_rows"":24,""draws"":500},""300s"":{""mean_mae_reduction"":-1.7254002877362422e-06,""ci_low"":-1.936298967757879e-06,""ci_high"":-1.5081389789463528e-06,""positive_probability"":0.0,""block_rows"":60,""draws"":500}}","{""base_to_candidate"":{""60s"":{""mean_mae_reduction"":-2.321530061943466e-06,""ci_low"":-2.853362998629551e-06,""ci_high"":-1.8204561334502592e-06,""positive_probability"":0.0,""block_rows"":12,""draws"":500},""120s"":{""mean_mae_reduction"":-2.321530061943466e-06,""ci_low"":-3.0340097837123133e-06,""ci_high"":-1.6261300325125486e-06,""positive_probability"":0.0,""block_rows"":24,""draws"":500},""300s"":{""mean_mae_reduction"":-2.321530061943466e-06,""ci_low"":-3.35974470239086e-06,""ci_high"":-1.323558488508434e-06,""positive_probability"":0.0,""block_rows"":60,""draws"":500}},""base_pca_to_candidate"":{""60s"":{""mean_mae_reduction"":-1.2850443174983553e-05,""ci_low"":-1.3708707624629218e-05,""ci_high"":-1.200373366076131e-05,""positive_probability"":0.0,""block_rows"":12,""draws"":500},""120s"":{""mean_mae_reduction"":-1.2850443174983553e-05,""ci_low"":-1.3854380953008755e-05,""ci_high"":-1.1717548276324686e-05,""positive_probability"":0.0,""block_rows"":24,""draws"":500},""300s"":{""mean_mae_reduction"":-1.2850443174983553e-05,""ci_low"":-1.4447611988015587e-05,""ci_high"":-1.146558924681888e-05,""positive_probability"":0.0,""block_rows"":60,""draws"":500}}}",,,,,23,,absolute_atm_iv_change
,,,,,12,60,0.2308191488162921,0.1525523245472071,diagnostic_1,500,velocity_5s,,,,False,"[1321,1021,0,0,0]","[0.04090297355430274,0.04748161838525946,null,null,null]",2342,42,0.18905723758420923,surface_displacement
,,,,,24,120,0.23342235251427162,0.14572303425287725,diagnostic_1,500,velocity_5s,,,,False,"[1321,1021,0,0,0]","[0.04090297355430274,0.04748161838525946,null,null,null]",2342,42,0.18905723758420923,surface_displacement
,,,,,60,300,0.24292559191050214,0.1459340808535913,diagnostic_1,500,velocity_5s,,,,False,"[1321,1021,0,0,0]","[0.04090297355430274,0.04748161838525946,null,null,null]",2342,42,0.18905723758420923,surface_displacement
,,,,,12,60,0.1603726914822609,0.07668209354885278,diagnostic_1,500,velocity_5s,,,,False,"[1321,1021,0,0,0]","[0.004224323853004349,0.0049731371947997465,null,null,null]",2342,42,0.11926276346491767,absolute_atm_iv_change
,,,,,24,120,0.16518375121389833,0.07851456775615911,diagnostic_1,500,velocity_5s,,,,False,"[1321,1021,0,0,0]","[0.004224323853004349,0.0049731371947997465,null,null,null]",2342,42,0.11926276346491767,absolute_atm_iv_change
,,,,,60,300,0.16653743943110777,0.08177218200986397,diagnostic_1,500,velocity_5s,,,,False,"[1321,1021,0,0,0]","[0.004224323853004349,0.0049731371947997465,null,null,null]",2342,42,0.11926276346491767,absolute_atm_iv_change
,,,,,12,60,0.11244415117901274,-0.01120561683102629,diagnostic_1,500,velocity_5s,,,,False,"[1321,1021,0,0,0]","[0.00011047989244900998,0.00011864767822090072,null,null,null]",2342,42,0.046266268105287355,realized_futures_volatility
,,,,,24,120,0.11957950024979509,-0.018600493772494505,diagnostic_1,500,velocity_5s,,,,False,"[1321,1021,0,0,0]","[0.00011047989244900998,0.00011864767822090072,null,null,null]",2342,42,0.046266268105287355,realized_futures_volatility
,,,,,60,300,0.12302396326868034,-0.010773695608349227,diagnostic_1,500,velocity_5s,,,,False,"[1321,1021,0,0,0]","[0.00011047989244900998,0.00011864767822090072,null,null,null]",2342,42,0.046266268105287355,realized_futures_volatility
,,,,,12,60,0.1058260328309967,0.007449406050517891,diagnostic_1,500,velocity_5s,,,,False,"[1321,1021,0,0,0]","[8.165069279753738e-05,9.28529446085333e-05,null,null,null]",2342,42,0.055688955934538965,absolute_futures_return
,,,,,24,120,0.11418869297623356,-0.0020807029171844727,diagnostic_1,500,velocity_5s,,,,False,"[1321,1021,0,0,0]","[8.165069279753738e-05,9.28529446085333e-05,null,null,null]",2342,42,0.055688955934538965,absolute_futures_return
,,,,,60,300,0.11081059585316767,0.0073086328348303765,diagnostic_1,500,velocity_5s,,,,False,"[1321,1021,0,0,0]","[8.165069279753738e-05,9.28529446085333e-05,null,null,null]",2342,42,0.055688955934538965,absolute_futures_return
,,,,,12,60,0.12821222334272825,0.05131150023533048,diagnostic_1,500,velocity_5s,,,,False,"[1321,1021,0,0,0]","[-2.9737886980744918e-05,3.43610761820792e-05,null,null,null]",2342,42,0.08967950921877552,near_atm_spread_change
,,,,,24,120,0.12672309644991822,0.05071421885654928,diagnostic_1,500,velocity_5s,,,,False,"[1321,1021,0,0,0]","[-2.9737886980744918e-05,3.43610761820792e-05,null,null,null]",2342,42,0.08967950921877552,near_atm_spread_change
,,,,,60,300,0.12511826236733434,0.054498950405157155,diagnostic_1,500,velocity_5s,,,,False,"[1321,1021,0,0,0]","[-2.9737886980744918e-05,3.43610761820792e-05,null,null,null]",2342,42,0.08967950921877552,near_atm_spread_change
,,,,,12,60,0.02335803675741085,-0.07693744895021931,diagnostic_1,500,velocity_5s,,,,False,"[1321,1021,0,0,0]","[4.5971050266286445e-05,4.665281287924433e-05,null,null,null]",2342,42,-0.023551758439537367,absolute_atm_straddle_change
,,,,,24,120,0.02971028396846016,-0.07816996789607336,diagnostic_1,500,velocity_5s,,,,False,"[1321,1021,0,0,0]","[4.5971050266286445e-05,4.665281287924433e-05,null,null,null]",2342,42,-0.023551758439537367,absolute_atm_straddle_change
,,,,,60,300,0.02229008641020782,-0.07275339038426197,diagnostic_1,500,velocity_5s,,,,False,"[1321,1021,0,0,0]","[4.5971050266286445e-05,4.665281287924433e-05,null,null,null]",2342,42,-0.023551758439537367,absolute_atm_straddle_change
,,,,,12,60,0.08818731030201099,-0.01018392419342792,diagnostic_1,500,velocity_5s,,,,False,"[1321,1021,0,0,0]","[1.7294618157667434e-07,6.054855970946076e-07,null,null,null]",2342,42,0.03959672153106855,parity_restoration
,,,,,24,120,0.09074127910169795,-0.01344491066822359,diagnostic_1,500,velocity_5s,,,,False,"[1321,1021,0,0,0]","[1.7294618157667434e-07,6.054855970946076e-07,null,null,null]",2342,42,0.03959672153106855,parity_restoration
,,,,,60,300,0.08943899204940392,0.001537615214113636,diagnostic_1,500,velocity_5s,,,,False,"[1321,1021,0,0,0]","[1.7294618157667434e-07,6.054855970946076e-07,null,null,null]",2342,42,0.03959672153106855,parity_restoration
,,,,,12,60,0.17191429999256697,0.08572625709751727,diagnostic_1,500,acceleration_5s,,,,False,"[1334,1002,6,0,0]","[0.04141118696782916,0.046971957991293285,0.033855852370641266,null,null]",2342,42,0.1262658189315534,surface_displacement
,,,,,24,120,0.17062777440719046,0.08554832948594608,diagnostic_1,500,acceleration_5s,,,,False,"[1334,1002,6,0,0]","[0.04141118696782916,0.046971957991293285,0.033855852370641266,null,null]",2342,42,0.1262658189315534,surface_displacement
,,,,,60,300,0.18331703500272617,0.08010075206139619,diagnostic_1,500,acceleration_5s,,,,False,"[1334,1002,6,0,0]","[0.04141118696782916,0.046971957991293285,0.033855852370641266,null,null]",2342,42,0.1262658189315534,surface_displacement
,,,,,12,60,0.1079901471792891,0.02174128641214303,diagnostic_1,500,acceleration_5s,,,,False,"[1334,1002,6,0,0]","[0.004301684935098288,0.004883079464266638,0.004435259848833084,null,null]",2342,42,0.06274000352243213,absolute_atm_iv_change
,,,,,24,120,0.10902937755648065,0.025849117432027453,diagnostic_1,500,acceleration_5s,,,,False,"[1334,1002,6,0,0]","[0.004301684935098288,0.004883079464266638,0.004435259848833084,null,null]",2342,42,0.06274000352243213,absolute_atm_iv_change
,,,,,60,300,0.10695754101343599,0.028582258381081117,diagnostic_1,500,acceleration_5s,,,,False,"[1334,1002,6,0,0]","[0.004301684935098288,0.004883079464266638,0.004435259848833084,null,null]",2342,42,0.06274000352243213,absolute_atm_iv_change
,,,,,12,60,0.09765748578335044,-0.035179349750697975,diagnostic_1,500,acceleration_5s,,,,False,"[1334,1002,6,0,0]","[0.00011126022210112,0.00011766806747264202,0.00012644624970007407,null,null]",2342,42,0.029930691218012475,realized_futures_volatility
,,,,,24,120,0.11198945464528837,-0.047416545873409606,diagnostic_1,500,acceleration_5s,,,,False,"[1334,1002,6,0,0]","[0.00011126022210112,0.00011766806747264202,0.00012644624970007407,null,null]",2342,42,0.029930691218012475,realized_futures_volatility
,,,,,60,300,0.11560026628611865,-0.032616214152328266,diagnostic_1,500,acceleration_5s,,,,False,"[1334,1002,6,0,0]","[0.00011126022210112,0.00011766806747264202,0.00012644624970007407,null,null]",2342,42,0.029930691218012475,realized_futures_volatility
,,,,,12,60,0.07611726384011532,-0.034487849732252884,diagnostic_1,500,acceleration_5s,,,,False,"[1334,1002,6,0,0]","[8.400984253661743e-05,8.968060126085719e-05,0.0001223882039388021,null,null]",2342,42,0.020300879658276046,absolute_futures_return
,,,,,24,120,0.08603223560575746,-0.04237766428399767,diagnostic_1,500,acceleration_5s,,,,False,"[1334,1002,6,0,0]","[8.400984253661743e-05,8.968060126085719e-05,0.0001223882039388021,null,null]",2342,42,0.020300879658276046,absolute_futures_return
,,,,,60,300,0.07459922675955698,-0.03304097977607998,diagnostic_1,500,acceleration_5s,,,,False,"[1334,1002,6,0,0]","[8.400984253661743e-05,8.968060126085719e-05,0.0001223882039388021,null,null]",2342,42,0.020300879658276046,absolute_futures_return
,,,,,12,60,0.10382930641943675,0.02505589463091665,diagnostic_1,500,acceleration_5s,,,,False,"[1334,1002,6,0,0]","[-2.5737689585652555e-05,3.039108281348648e-05,-5.314616525235275e-05,null,null]",2342,42,0.0668765744260747,near_atm_spread_change
,,,,,24,120,0.10855459036729107,0.03154578656470737,diagnostic_1,500,acceleration_5s,,,,False,"[1334,1002,6,0,0]","[-2.5737689585652555e-05,3.039108281348648e-05,-5.314616525235275e-05,null,null]",2342,42,0.0668765744260747,near_atm_spread_change
,,,,,60,300,0.103629268071433,0.036287093557893044,diagnostic_1,500,acceleration_5s,,,,False,"[1334,1002,6,0,0]","[-2.5737689585652555e-05,3.039108281348648e-05,-5.314616525235275e-05,null,null]",2342,42,0.0668765744260747,near_atm_spread_change
,,,,,12,60,0.024134636630244743,-0.08958076004495039,diagnostic_1,500,acceleration_5s,,,,False,"[1334,1002,6,0,0]","[4.6649801850631676e-05,4.582687238316812e-05,3.515292579929034e-05,null,null]",2342,42,-0.027375223700907895,absolute_atm_straddle_change
,,,,,24,120,0.04076988431926395,-0.09043152413652722,diagnostic_1,500,acceleration_5s,,,,False,"[1334,1002,6,0,0]","[4.6649801850631676e-05,4.582687238316812e-05,3.515292579929034e-05,null,null]",2342,42,-0.027375223700907895,absolute_atm_straddle_change
,,,,,60,300,0.023299422545280776,-0.0849542514083768,diagnostic_1,500,acceleration_5s,,,,False,"[1334,1002,6,0,0]","[4.6649801850631676e-05,4.582687238316812e-05,3.515292579929034e-05,null,null]",2342,42,-0.027375223700907895,absolute_atm_straddle_change
,,,,,12,60,0.08045535656284214,-0.030556246601501705,diagnostic_1,500,acceleration_5s,,,,False,"[1334,1002,6,0,0]","[9.374319927809157e-08,7.362065613512628e-07,-2.678283635759726e-06,null,null]",2342,42,0.024020294417940746,parity_restoration
,,,,,24,120,0.07373707029845333,-0.02416153652357347,diagnostic_1,500,acceleration_5s,,,,False,"[1334,1002,6,0,0]","[9.374319927809157e-08,7.362065613512628e-07,-2.678283635759726e-06,null,null]",2342,42,0.024020294417940746,parity_restoration
,,,,,60,300,0.07877220444464328,-0.01841737451657273,diagnostic_1,500,acceleration_5s,,,,False,"[1334,1002,6,0,0]","[9.374319927809157e-08,7.362065613512628e-07,-2.678283635759726e-06,null,null]",2342,42,0.024020294417940746,parity_restoration
,,,,,12,60,-0.00921431824049651,-0.08680967617734557,diagnostic_1,500,curvature_5s,,,,False,"[618,374,317,346,687]","[0.04613535055959853,0.0446422538733878,0.040013831742460454,0.042161081585248616,0.04371410764373931]",2342,42,-0.04819403233924041,surface_displacement
,,,,,24,120,-0.010210660898948256,-0.08729572298102964,diagnostic_1,500,curvature_5s,,,,False,"[618,374,317,346,687]","[0.04613535055959853,0.0446422538733878,0.040013831742460454,0.042161081585248616,0.04371410764373931]",2342,42,-0.04819403233924041,surface_displacement
,,,,,60,300,-0.009338810802963447,-0.08286819863757391,diagnostic_1,500,curvature_5s,,,,False,"[618,374,317,346,687]","[0.04613535055959853,0.0446422538733878,0.040013831742460454,0.042161081585248616,0.04371410764373931]",2342,42,-0.04819403233924041,surface_displacement
,,,,,12,60,-0.012519151975678265,-0.09009082085689021,diagnostic_1,500,curvature_5s,,,,False,"[618,374,317,346,687]","[0.004884783660806112,0.0046071147815110215,0.004137592783861732,0.004568557992491419,0.004401324129781348]",2342,42,-0.05116042195368367,absolute_atm_iv_change
,,,,,24,120,-0.014424319185663668,-0.08625427860530421,diagnostic_1,500,curvature_5s,,,,False,"[618,374,317,346,687]","[0.004884783660806112,0.0046071147815110215,0.004137592783861732,0.004568557992491419,0.004401324129781348]",2342,42,-0.05116042195368367,absolute_atm_iv_change
,,,,,60,300,-0.010018654869127886,-0.09277463879074384,diagnostic_1,500,curvature_5s,,,,False,"[618,374,317,346,687]","[0.004884783660806112,0.0046071147815110215,0.004137592783861732,0.004568557992491419,0.004401324129781348]",2342,42,-0.05116042195368367,absolute_atm_iv_change
,,,,,12,60,0.056655206805270544,-0.013760915381177552,diagnostic_1,500,curvature_5s,,,,False,"[618,374,317,346,687]","[0.00011246372738436987,0.00011556380533962191,0.00011257570598970126,0.000107944113903551,0.00011837643152657743]",2342,42,0.021869809768797193,realized_futures_volatility
,,,,,24,120,0.056583704495818,-0.018463646343419852,diagnostic_1,500,curvature_5s,,,,False,"[618,374,317,346,687]","[0.00011246372738436987,0.00011556380533962191,0.00011257570598970126,0.000107944113903551,0.00011837643152657743]",2342,42,0.021869809768797193,realized_futures_volatility
,,,,,60,300,0.060650358641614034,-0.012327283879418508,diagnostic_1,500,curvature_5s,,,,False,"[618,374,317,346,687]","[0.00011246372738436987,0.00011556380533962191,0.00011257570598970126,0.000107944113903551,0.00011837643152657743]",2342,42,0.021869809768797193,realized_futures_volatility
,,,,,12,60,0.047009415479302694,-0.029725190326264486,diagnostic_1,500,curvature_5s,,,,False,"[618,374,317,346,687]","[8.511929064506851e-05,8.723825056922626e-05,8.59149246937845e-05,8.389577700223538e-05,8.903875448124205e-05]",2342,42,0.009789226983761874,absolute_futures_return
,,,,,24,120,0.050606965172003526,-0.027954117968651757,diagnostic_1,500,curvature_5s,,,,False,"[618,374,317,346,687]","[8.511929064506851e-05,8.723825056922626e-05,8.59149246937845e-05,8.389577700223538e-05,8.903875448124205e-05]",2342,42,0.009789226983761874,absolute_futures_return
,,,,,60,300,0.04783576431594303,-0.031639827577948046,diagnostic_1,500,curvature_5s,,,,False,"[618,374,317,346,687]","[8.511929064506851e-05,8.723825056922626e-05,8.59149246937845e-05,8.389577700223538e-05,8.903875448124205e-05]",2342,42,0.009789226983761874,absolute_futures_return
,,,,,12,60,0.05334590727063359,-0.027346775915047417,diagnostic_1,500,curvature_5s,,,,False,"[618,374,317,346,687]","[-9.443510385361293e-06,-1.0947862616366641e-05,-1.7220115844360097e-06,-1.935417409932424e-05,1.888198257299219e-05]",2342,42,0.012104818352585658,near_atm_spread_change
,,,,,24,120,0.0551209487409563,-0.026614100626270336,diagnostic_1,500,curvature_5s,,,,False,"[618,374,317,346,687]","[-9.443510385361293e-06,-1.0947862616366641e-05,-1.7220115844360097e-06,-1.935417409932424e-05,1.888198257299219e-05]",2342,42,0.012104818352585658,near_atm_spread_change
,,,,,60,300,0.05329479948476824,-0.021797162091610093,diagnostic_1,500,curvature_5s,,,,False,"[618,374,317,346,687]","[-9.443510385361293e-06,-1.0947862616366641e-05,-1.7220115844360097e-06,-1.935417409932424e-05,1.888198257299219e-05]",2342,42,0.012104818352585658,near_atm_spread_change
,,,,,12,60,0.05275357986336158,-0.022997162011560882,diagnostic_1,500,curvature_5s,,,,False,"[618,374,317,346,687]","[4.420293235855967e-05,4.9320908691634466e-05,4.771271902680021e-05,4.74786310526677e-05,4.51882227474425e-05]",2342,42,0.017098089526872116,absolute_atm_straddle_change
,,,,,24,120,0.055215418188694666,-0.02302141147309103,diagnostic_1,500,curvature_5s,,,,False,"[618,374,317,346,687]","[4.420293235855967e-05,4.9320908691634466e-05,4.771271902680021e-05,4.74786310526677e-05,4.51882227474425e-05]",2342,42,0.017098089526872116,absolute_atm_straddle_change
,,,,,60,300,0.05506945850157232,-0.022020169204679304,diagnostic_1,500,curvature_5s,,,,False,"[618,374,317,346,687]","[4.420293235855967e-05,4.9320908691634466e-05,4.771271902680021e-05,4.74786310526677e-05,4.51882227474425e-05]",2342,42,0.017098089526872116,absolute_atm_straddle_change
,,,,,12,60,0.026949991720723578,-0.047206622183357944,diagnostic_1,500,curvature_5s,,,,False,"[618,374,317,346,687]","[5.268481084924345e-07,2.9874289195728115e-08,-5.16944669542558e-07,8.049245968843256e-07,5.753495415019921e-07]",2342,42,-0.006681822640791096,parity_restoration
,,,,,24,120,0.027579648654592108,-0.042399148554075845,diagnostic_1,500,curvature_5s,,,,False,"[618,374,317,346,687]","[5.268481084924345e-07,2.9874289195728115e-08,-5.16944669542558e-07,8.049245968843256e-07,5.753495415019921e-07]",2342,42,-0.006681822640791096,parity_restoration
,,,,,60,300,0.0241243381128636,-0.04465501237708732,diagnostic_1,500,curvature_5s,,,,False,"[618,374,317,346,687]","[5.268481084924345e-07,2.9874289195728115e-08,-5.16944669542558e-07,8.049245968843256e-07,5.753495415019921e-07]",2342,42,-0.006681822640791096,parity_restoration
-0.07559745336807633,0.003636337388900457,-0.07432048756567755,-0.09529797277984153,-0.08200533791537845,,,,,diagnostic_1,,acceleration_increment_5s,0.020977485214163982,"{""60s"":{""mean_mae_reduction"":0.0004022374470265426,""ci_low"":0.0003706178878000221,""ci_high"":0.00043618510947752124,""positive_probability"":1.0,""block_rows"":12,""draws"":500},""120s"":{""mean_mae_reduction"":0.0004022374470265426,""ci_low"":0.00036760474574119465,""ci_high"":0.000436194899000686,""positive_probability"":1.0,""block_rows"":24,""draws"":500},""300s"":{""mean_mae_reduction"":0.0004022374470265426,""ci_low"":0.0003649709131922937,""ci_high"":0.00044437761485233585,""positive_probability"":1.0,""block_rows"":60,""draws"":500}}","{""base_to_candidate"":{""60s"":{""mean_mae_reduction"":0.00014735486898866248,""ci_low"":0.00012890408131998484,""ci_high"":0.00016769738320122923,""positive_probability"":1.0,""block_rows"":12,""draws"":500},""120s"":{""mean_mae_reduction"":0.00014735486898866248,""ci_low"":0.00012597612501928927,""ci_high"":0.00017070502569350827,""positive_probability"":1.0,""block_rows"":24,""draws"":500},""300s"":{""mean_mae_reduction"":0.00014735486898866248,""ci_low"":0.00011713794284735225,""ci_high"":0.00018178519532836905,""positive_probability"":1.0,""block_rows"":60,""draws"":500}},""base_pca_to_candidate"":{""60s"":{""mean_mae_reduction"":0.00023028588003113902,""ci_low"":0.00020696195108832208,""ci_high"":0.00025468897265625197,""positive_probability"":1.0,""block_rows"":12,""draws"":500},""120s"":{""mean_mae_reduction"":0.00023028588003113902,""ci_low"":0.00020199085031876178,""ci_high"":0.000257941030525118,""positive_probability"":1.0,""block_rows"":24,""draws"":500},""300s"":{""mean_mae_reduction"":0.00023028588003113902,""ci_low"":0.0001944907201599835,""ci_high"":0.0002653986455154243,""positive_probability"":1.0,""block_rows"":60,""draws"":500}}}",,,,,42,,surface_displacement
-0.06944230420281094,0.010330695042964022,-0.08169432088887563,-0.09529797277984153,-0.08200533791537845,,,,,diagnostic_1,,curvature_increment_5s,0.013603651890965907,"{""60s"":{""mean_mae_reduction"":0.00026084624305516537,""ci_low"":0.00023954753870757145,""ci_high"":0.0002844800883340467,""positive_probability"":1.0,""block_rows"":12,""draws"":500},""120s"":{""mean_mae_reduction"":0.00026084624305516537,""ci_low"":0.00023367525991385945,""ci_high"":0.00028751590697297146,""positive_probability"":1.0,""block_rows"":24,""draws"":500},""300s"":{""mean_mae_reduction"":0.00026084624305516537,""ci_low"":0.0002294408046532741,""ci_high"":0.0002891743501479327,""positive_probability"":1.0,""block_rows"":60,""draws"":500}}","{""base_to_candidate"":{""60s"":{""mean_mae_reduction"":5.963665017285296e-06,""ci_low"":-1.769876997395395e-05,""ci_high"":3.0471016125425858e-05,""positive_probability"":0.698,""block_rows"":12,""draws"":500},""120s"":{""mean_mae_reduction"":5.963665017285296e-06,""ci_low"":-1.9785837770013072e-05,""ci_high"":3.078009419891661e-05,""positive_probability"":0.692,""block_rows"":24,""draws"":500},""300s"":{""mean_mae_reduction"":5.963665017285296e-06,""ci_low"":-2.0019901437869346e-05,""ci_high"":3.2286510950886055e-05,""positive_probability"":0.702,""block_rows"":60,""draws"":500}},""base_pca_to_candidate"":{""60s"":{""mean_mae_reduction"":4.721162884458365e-05,""ci_low"":2.582057631570471e-05,""ci_high"":6.790245402924145e-05,""positive_probability"":1.0,""block_rows"":12,""draws"":500},""120s"":{""mean_mae_reduction"":4.721162884458365e-05,""ci_low"":2.4821647791687467e-05,""ci_high"":6.903846145299257e-05,""positive_probability"":1.0,""block_rows"":24,""draws"":500},""300s"":{""mean_mae_reduction"":4.721162884458365e-05,""ci_low"":2.0058016703909814e-05,""ci_high"":7.618920871445757e-05,""positive_probability"":1.0,""block_rows"":60,""draws"":500}}}",,,,,42,,surface_displacement
0.17171102107082326,0.14154368942725581,0.17169765631573786,0.17149178827987377,0.1716380222591154,,,,,diagnostic_1,,acceleration_increment_5s,0.00020586803586408742,"{""60s"":{""mean_mae_reduction"":8.941453967992849e-07,""ci_low"":8.440744022418732e-07,""ci_high"":9.393227125161134e-07,""positive_probability"":1.0,""block_rows"":12,""draws"":500},""120s"":{""mean_mae_reduction"":8.941453967992849e-07,""ci_low"":8.412586814870777e-07,""ci_high"":9.441524799944899e-07,""positive_probability"":1.0,""block_rows"":24,""draws"":500},""300s"":{""mean_mae_reduction"":8.941453967992849e-07,""ci_low"":8.350422241335245e-07,""ci_high"":9.486058227655095e-07,""positive_probability"":1.0,""block_rows"":60,""draws"":500}}","{""base_to_candidate"":{""60s"":{""mean_mae_reduction"":2.5900823795976403e-07,""ci_low"":2.27010181441813e-07,""ci_high"":2.9316693205243183e-07,""positive_probability"":1.0,""block_rows"":12,""draws"":500},""120s"":{""mean_mae_reduction"":2.5900823795976403e-07,""ci_low"":2.2402390262507954e-07,""ci_high"":2.9475086085612914e-07,""positive_probability"":1.0,""block_rows"":24,""draws"":500},""300s"":{""mean_mae_reduction"":2.5900823795976403e-07,""ci_low"":2.207951196593397e-07,""ci_high"":2.995725246756674e-07,""positive_probability"":1.0,""block_rows"":60,""draws"":500}},""base_pca_to_candidate"":{""60s"":{""mean_mae_reduction"":1.2235506869979324e-06,""ci_low"":1.1637661386376423e-06,""ci_high"":1.2811805192656815e-06,""positive_probability"":1.0,""block_rows"":12,""draws"":500},""120s"":{""mean_mae_reduction"":1.2235506869979324e-06,""ci_low"":1.1631752774646585e-06,""ci_high"":1.2814693736689355e-06,""positive_probability"":1.0,""block_rows"":24,""draws"":500},""300s"":{""mean_mae_reduction"":1.2235506869979324e-06,""ci_low"":1.1629542771487593e-06,""ci_high"":1.2840336065177835e-06,""positive_probability"":1.0,""block_rows"":60,""draws"":500}}}",,,,,42,,absolute_atm_iv_change
0.17339303423146746,0.14369125465028132,0.17297552635886604,0.17149178827987377,0.1716380222591154,,,,,diagnostic_1,,curvature_increment_5s,0.0014837380789922694,"{""60s"":{""mean_mae_reduction"":6.4443106372415685e-06,""ci_low"":5.962815723359512e-06,""ci_high"":6.9742621337142834e-06,""positive_probability"":1.0,""block_rows"":12,""draws"":500},""120s"":{""mean_mae_reduction"":6.4443106372415685e-06,""ci_low"":5.871483658082768e-06,""ci_high"":6.994251167102397e-06,""positive_probability"":1.0,""block_rows"":24,""draws"":500},""300s"":{""mean_mae_reduction"":6.4443106372415685e-06,""ci_low"":5.774717769918355e-06,""ci_high"":7.0638191093322095e-06,""positive_probability"":1.0,""block_rows"":60,""draws"":500}}","{""base_to_candidate"":{""60s"":{""mean_mae_reduction"":5.8091734784020475e-06,""ci_low"":5.301958433883152e-06,""ci_high"":6.293107944609522e-06,""positive_probability"":1.0,""block_rows"":12,""draws"":500},""120s"":{""mean_mae_reduction"":5.8091734784020475e-06,""ci_low"":5.29470295929254e-06,""ci_high"":6.367676932680729e-06,""positive_probability"":1.0,""block_rows"":24,""draws"":500},""300s"":{""mean_mae_reduction"":5.8091734784020475e-06,""ci_low"":5.1825477037249305e-06,""ci_high"":6.3358690418266495e-06,""positive_probability"":1.0,""block_rows"":60,""draws"":500}},""base_pca_to_candidate"":{""60s"":{""mean_mae_reduction"":8.39316883428694e-06,""ci_low"":7.873040387234937e-06,""ci_high"":8.904177901411579e-06,""positive_probability"":1.0,""block_rows"":12,""draws"":500},""120s"":{""mean_mae_reduction"":8.39316883428694e-06,""ci_low"":7.748764980975996e-06,""ci_high"":8.983386322925286e-06,""positive_probability"":1.0,""block_rows"":24,""draws"":500},""300s"":{""mean_mae_reduction"":8.39316883428694e-06,""ci_low"":7.68858719781561e-06,""ci_high"":8.985085502580408e-06,""positive_probability"":1.0,""block_rows"":60,""draws"":500}}}",,,,,42,,absolute_atm_iv_change
,,,,,12,60,0.21885057198973437,0.15688645852705985,diagnostic_2,500,velocity_5s,,,,False,"[1793,2667,17,0,0]","[0.039755148871157074,0.04640576159681841,0.05855181391882027,null,null]",4477,42,0.18958819218615613,surface_displacement
,,,,,24,120,0.2144822718810638,0.15652737175336365,diagnostic_2,500,velocity_5s,,,,False,"[1793,2667,17,0,0]","[0.039755148871157074,0.04640576159681841,0.05855181391882027,null,null]",4477,42,0.18958819218615613,surface_displacement
,,,,,60,300,0.21383855313767686,0.15447402004849825,diagnostic_2,500,velocity_5s,,,,False,"[1793,2667,17,0,0]","[0.039755148871157074,0.04640576159681841,0.05855181391882027,null,null]",4477,42,0.18958819218615613,surface_displacement
,,,,,12,60,0.19124640349937064,0.13115260378888127,diagnostic_2,500,velocity_5s,,,,False,"[1793,2667,17,0,0]","[0.0046413938052083815,0.005752647815905665,0.009666994214057922,null,null]",4477,42,0.16237689589268303,absolute_atm_iv_change
,,,,,24,120,0.18723263013566488,0.13196470753797943,diagnostic_2,500,velocity_5s,,,,False,"[1793,2667,17,0,0]","[0.0046413938052083815,0.005752647815905665,0.009666994214057922,null,null]",4477,42,0.16237689589268303,absolute_atm_iv_change
,,,,,60,300,0.18953025074219726,0.1297443823195793,diagnostic_2,500,velocity_5s,,,,False,"[1793,2667,17,0,0]","[0.0046413938052083815,0.005752647815905665,0.009666994214057922,null,null]",4477,42,0.16237689589268303,absolute_atm_iv_change
,,,,,12,60,0.048924913481972115,-0.03757656407301581,diagnostic_2,500,velocity_5s,,,,False,"[1793,2667,17,0,0]","[0.00012594574463914608,0.00012497731568885214,0.0001312503826671995,null,null]",4477,42,0.005618610620437413,realized_futures_volatility
,,,,,24,120,0.05734162480415563,-0.03462859473363868,diagnostic_2,500,velocity_5s,,,,False,"[1793,2667,17,0,0]","[0.00012594574463914608,0.00012497731568885214,0.0001312503826671995,null,null]",4477,42,0.005618610620437413,realized_futures_volatility
,,,,,60,300,0.062449508759138954,-0.04055888300453703,diagnostic_2,500,velocity_5s,,,,False,"[1793,2667,17,0,0]","[0.00012594574463914608,0.00012497731568885214,0.0001312503826671995,null,null]",4477,42,0.005618610620437413,realized_futures_volatility
,,,,,12,60,0.038632824894039804,-0.03885571796165244,diagnostic_2,500,velocity_5s,,,,False,"[1793,2667,17,0,0]","[9.287660240262696e-05,9.082111920763323e-05,7.556466495289522e-05,null,null]",4477,42,-0.0005726756817345801,absolute_futures_return
,,,,,24,120,0.03559919615587421,-0.0365980415436792,diagnostic_2,500,velocity_5s,,,,False,"[1793,2667,17,0,0]","[9.287660240262696e-05,9.082111920763323e-05,7.556466495289522e-05,null,null]",4477,42,-0.0005726756817345801,absolute_futures_return
,,,,,60,300,0.04223039152585498,-0.045206407707622805,diagnostic_2,500,velocity_5s,,,,False,"[1793,2667,17,0,0]","[9.287660240262696e-05,9.082111920763323e-05,7.556466495289522e-05,null,null]",4477,42,-0.0005726756817345801,absolute_futures_return
,,,,,12,60,0.07713763849790381,0.016466140205794604,diagnostic_2,500,velocity_5s,,,,False,"[1793,2667,17,0,0]","[-3.270818460049659e-05,2.1815075014201407e-05,-2.807862320503987e-05,null,null]",4477,42,0.04713069043431351,near_atm_spread_change
,,,,,24,120,0.07581374680326643,0.022437947058845116,diagnostic_2,500,velocity_5s,,,,False,"[1793,2667,17,0,0]","[-3.270818460049659e-05,2.1815075014201407e-05,-2.807862320503987e-05,null,null]",4477,42,0.04713069043431351,near_atm_spread_change
,,,,,60,300,0.07956729139532724,0.02148168689809444,diagnostic_2,500,velocity_5s,,,,False,"[1793,2667,17,0,0]","[-3.270818460049659e-05,2.1815075014201407e-05,-2.807862320503987e-05,null,null]",4477,42,0.04713069043431351,near_atm_spread_change
,,,,,12,60,0.052083661189403746,-0.021055987917876173,diagnostic_2,500,velocity_5s,,,,False,"[1793,2667,17,0,0]","[6.982019120215439e-05,7.422777038747825e-05,8.880916763754452e-05,null,null]",4477,42,0.0144986719275982,absolute_atm_straddle_change
,,,,,24,120,0.05876791078108585,-0.023141702202728626,diagnostic_2,500,velocity_5s,,,,False,"[1793,2667,17,0,0]","[6.982019120215439e-05,7.422777038747825e-05,8.880916763754452e-05,null,null]",4477,42,0.0144986719275982,absolute_atm_straddle_change
,,,,,60,300,0.05816982186366917,-0.02616756920680575,diagnostic_2,500,velocity_5s,,,,False,"[1793,2667,17,0,0]","[6.982019120215439e-05,7.422777038747825e-05,8.880916763754452e-05,null,null]",4477,42,0.0144986719275982,absolute_atm_straddle_change
,,,,,12,60,0.04394297959278576,-0.028472204384047323,diagnostic_2,500,velocity_5s,,,,False,"[1793,2667,17,0,0]","[-2.877106567148334e-07,3.2186953861806414e-07,2.774745499824776e-06,null,null]",4477,42,0.008146759809913076,parity_restoration
,,,,,24,120,0.04104533131020645,-0.028695757268170592,diagnostic_2,500,velocity_5s,,,,False,"[1793,2667,17,0,0]","[-2.877106567148334e-07,3.2186953861806414e-07,2.774745499824776e-06,null,null]",4477,42,0.008146759809913076,parity_restoration
,,,,,60,300,0.0403111433815954,-0.028592438995063467,diagnostic_2,500,velocity_5s,,,,False,"[1793,2667,17,0,0]","[-2.877106567148334e-07,3.2186953861806414e-07,2.774745499824776e-06,null,null]",4477,42,0.008146759809913076,parity_restoration
,,,,,12,60,0.16584318560952782,0.10404448179214223,diagnostic_2,500,acceleration_5s,,,,False,"[1665,2765,47,0,0]","[0.04022833976234818,0.045847451357859594,0.04876894111761284,null,null]",4477,42,0.13808868246470246,surface_displacement
,,,,,24,120,0.1663691199743396,0.10624134643337119,diagnostic_2,500,acceleration_5s,,,,False,"[1665,2765,47,0,0]","[0.04022833976234818,0.045847451357859594,0.04876894111761284,null,null]",4477,42,0.13808868246470246,surface_displacement
,,,,,60,300,0.1602564433773388,0.09852793991550539,diagnostic_2,500,acceleration_5s,,,,False,"[1665,2765,47,0,0]","[0.04022833976234818,0.045847451357859594,0.04876894111761284,null,null]",4477,42,0.13808868246470246,surface_displacement
,,,,,12,60,0.13750951268291603,0.07879061919621366,diagnostic_2,500,acceleration_5s,,,,False,"[1665,2765,47,0,0]","[0.004747350357316278,0.005656524118420013,0.006043450787980506,null,null]",4477,42,0.11168039703356339,absolute_atm_iv_change
,,,,,24,120,0.1368647830543436,0.08258585917478789,diagnostic_2,500,acceleration_5s,,,,False,"[1665,2765,47,0,0]","[0.004747350357316278,0.005656524118420013,0.006043450787980506,null,null]",4477,42,0.11168039703356339,absolute_atm_iv_change
,,,,,60,300,0.1366357104669369,0.0804015219633795,diagnostic_2,500,acceleration_5s,,,,False,"[1665,2765,47,0,0]","[0.004747350357316278,0.005656524118420013,0.006043450787980506,null,null]",4477,42,0.11168039703356339,absolute_atm_iv_change
,,,,,12,60,0.054043744445601165,-0.04184079302600522,diagnostic_2,500,acceleration_5s,,,,False,"[1665,2765,47,0,0]","[0.0001245646929575912,0.000125857367214113,0.00012703496732102435,null,null]",4477,42,0.006118238859445145,realized_futures_volatility
,,,,,24,120,0.062282335245204525,-0.0366877476473417,diagnostic_2,500,acceleration_5s,,,,False,"[1665,2765,47,0,0]","[0.0001245646929575912,0.000125857367214113,0.00012703496732102435,null,null]",4477,42,0.006118238859445145,realized_futures_volatility
,,,,,60,300,0.07385272447123815,-0.04805054109816114,diagnostic_2,500,acceleration_5s,,,,False,"[1665,2765,47,0,0]","[0.0001245646929575912,0.000125857367214113,0.00012703496732102435,null,null]",4477,42,0.006118238859445145,realized_futures_volatility
,,,,,12,60,0.03843073103562086,-0.043997439626100046,diagnostic_2,500,acceleration_5s,,,,False,"[1665,2765,47,0,0]","[9.020842589415588e-05,9.263885387675887e-05,7.848536714594414e-05,null,null]",4477,42,-0.001634352197745916,absolute_futures_return
,,,,,24,120,0.038020752610739894,-0.041996261161396375,diagnostic_2,500,acceleration_5s,,,,False,"[1665,2765,47,0,0]","[9.020842589415588e-05,9.263885387675887e-05,7.848536714594414e-05,null,null]",4477,42,-0.001634352197745916,absolute_futures_return
,,,,,60,300,0.04637297266659301,-0.04615989169315405,diagnostic_2,500,acceleration_5s,,,,False,"[1665,2765,47,0,0]","[9.020842589415588e-05,9.263885387675887e-05,7.848536714594414e-05,null,null]",4477,42,-0.001634352197745916,absolute_futures_return
,,,,,12,60,0.05821755724549147,-0.004012950614699757,diagnostic_2,500,acceleration_5s,,,,False,"[1665,2765,47,0,0]","[-2.7526754163297916e-05,1.7494134422624062e-05,-7.40753727013919e-05,null,null]",4477,42,0.026214106965378077,near_atm_spread_change
,,,,,24,120,0.05686023440039135,-0.0007746926995454838,diagnostic_2,500,acceleration_5s,,,,False,"[1665,2765,47,0,0]","[-2.7526754163297916e-05,1.7494134422624062e-05,-7.40753727013919e-05,null,null]",4477,42,0.026214106965378077,near_atm_spread_change
,,,,,60,300,0.060274597288165054,-0.003560656989811766,diagnostic_2,500,acceleration_5s,,,,False,"[1665,2765,47,0,0]","[-2.7526754163297916e-05,1.7494134422624062e-05,-7.40753727013919e-05,null,null]",4477,42,0.026214106965378077,near_atm_spread_change
,,,,,12,60,0.04688343464938129,-0.03734003432596832,diagnostic_2,500,acceleration_5s,,,,False,"[1665,2765,47,0,0]","[6.819016526679735e-05,7.535148425462233e-05,5.9134960967175504e-05,null,null]",4477,42,0.00351054596367579,absolute_atm_straddle_change
,,,,,24,120,0.05008595716348921,-0.03785325129268219,diagnostic_2,500,acceleration_5s,,,,False,"[1665,2765,47,0,0]","[6.819016526679735e-05,7.535148425462233e-05,5.9134960967175504e-05,null,null]",4477,42,0.00351054596367579,absolute_atm_straddle_change
,,,,,60,300,0.05061077531458497,-0.04409182544681206,diagnostic_2,500,acceleration_5s,,,,False,"[1665,2765,47,0,0]","[6.819016526679735e-05,7.535148425462233e-05,5.9134960967175504e-05,null,null]",4477,42,0.00351054596367579,absolute_atm_straddle_change
,,,,,12,60,0.03912437862107026,-0.04170503354047397,diagnostic_2,500,acceleration_5s,,,,False,"[1665,2765,47,0,0]","[-3.2927000411127503e-07,2.6893956347993467e-07,4.135067857977776e-06,null,null]",4477,42,-0.00026163867769873065,parity_restoration
,,,,,24,120,0.036457787254133164,-0.04114471608723182,diagnostic_2,500,acceleration_5s,,,,False,"[1665,2765,47,0,0]","[-3.2927000411127503e-07,2.6893956347993467e-07,4.135067857977776e-06,null,null]",4477,42,-0.00026163867769873065,parity_restoration
,,,,,60,300,0.03343434212095763,-0.03808789493309528,diagnostic_2,500,acceleration_5s,,,,False,"[1665,2765,47,0,0]","[-3.2927000411127503e-07,2.6893956347993467e-07,4.135067857977776e-06,null,null]",4477,42,-0.00026163867769873065,parity_restoration
,,,,,12,60,-0.023910843219089536,-0.08089147693236783,diagnostic_2,500,curvature_5s,,,,False,"[1323,589,538,573,1454]","[0.04614477597124156,0.04342169648391383,0.042609450020829574,0.04210905120841248,0.04289081200049161]",4477,42,-0.05263259507052406,surface_displacement
,,,,,24,120,-0.025720454979174533,-0.08306659322517944,diagnostic_2,500,curvature_5s,,,,False,"[1323,589,538,573,1454]","[0.04614477597124156,0.04342169648391383,0.042609450020829574,0.04210905120841248,0.04289081200049161]",4477,42,-0.05263259507052406,surface_displacement
,,,,,60,300,-0.029337715216402372,-0.08324823458766732,diagnostic_2,500,curvature_5s,,,,False,"[1323,589,538,573,1454]","[0.04614477597124156,0.04342169648391383,0.042609450020829574,0.04210905120841248,0.04289081200049161]",4477,42,-0.05263259507052406,surface_displacement
,,,,,12,60,-0.024335805916104982,-0.08140186349729678,diagnostic_2,500,curvature_5s,,,,False,"[1323,589,538,573,1454]","[0.005823810838968215,0.005168812169182685,0.00508828905712273,0.004999560848476583,0.005142427601709326]",4477,42,-0.05394363391688057,absolute_atm_iv_change
,,,,,24,120,-0.025272058191381834,-0.08459899390648498,diagnostic_2,500,curvature_5s,,,,False,"[1323,589,538,573,1454]","[0.005823810838968215,0.005168812169182685,0.00508828905712273,0.004999560848476583,0.005142427601709326]",4477,42,-0.05394363391688057,absolute_atm_iv_change
,,,,,60,300,-0.024075695176517767,-0.08290252127541367,diagnostic_2,500,curvature_5s,,,,False,"[1323,589,538,573,1454]","[0.005823810838968215,0.005168812169182685,0.00508828905712273,0.004999560848476583,0.005142427601709326]",4477,42,-0.05394363391688057,absolute_atm_iv_change
,,,,,12,60,0.03411707492558287,-0.01981045582255502,diagnostic_2,500,curvature_5s,,,,False,"[1323,589,538,573,1454]","[0.00012346059923349636,0.00012519863808307767,0.00012449109613209175,0.00013816245724872597,0.00012251912602893137]",4477,42,0.005634432429403422,realized_futures_volatility
,,,,,24,120,0.03449339043766169,-0.018802951809033373,diagnostic_2,500,curvature_5s,,,,False,"[1323,589,538,573,1454]","[0.00012346059923349636,0.00012519863808307767,0.00012449109613209175,0.00013816245724872597,0.00012251912602893137]",4477,42,0.005634432429403422,realized_futures_volatility
,,,,,60,300,0.03677357498527308,-0.019294565251903654,diagnostic_2,500,curvature_5s,,,,False,"[1323,589,538,573,1454]","[0.00012346059923349636,0.00012519863808307767,0.00012449109613209175,0.00013816245724872597,0.00012251912602893137]",4477,42,0.005634432429403422,realized_futures_volatility
,,,,,12,60,0.021954092765142433,-0.030465501081383833,diagnostic_2,500,curvature_5s,,,,False,"[1323,589,538,573,1454]","[9.136459454387224e-05,9.062334718040376e-05,8.927136105675679e-05,0.00010590278665432755,8.73930352590107e-05]",4477,42,-0.005036267677904942,absolute_futures_return
,,,,,24,120,0.021975834639225,-0.030535463451133945,diagnostic_2,500,curvature_5s,,,,False,"[1323,589,538,573,1454]","[9.136459454387224e-05,9.062334718040376e-05,8.927136105675679e-05,0.00010590278665432755,8.73930352590107e-05]",4477,42,-0.005036267677904942,absolute_futures_return
,,,,,60,300,0.02187317615221278,-0.03291150282354354,diagnostic_2,500,curvature_5s,,,,False,"[1323,589,538,573,1454]","[9.136459454387224e-05,9.062334718040376e-05,8.927136105675679e-05,0.00010590278665432755,8.73930352590107e-05]",4477,42,-0.005036267677904942,absolute_futures_return
,,,,,12,60,-0.0036049450156700113,-0.0603598858212703,diagnostic_2,500,curvature_5s,,,,False,"[1323,589,538,573,1454]","[3.012666506559017e-05,2.0203136362440582e-05,-2.792469858426469e-05,-1.3964985898349688e-05,-2.0408601761668116e-05]",4477,42,-0.03465989285649558,near_atm_spread_change
,,,,,24,120,0.00013728110946231703,-0.06141974703295284,diagnostic_2,500,curvature_5s,,,,False,"[1323,589,538,573,1454]","[3.012666506559017e-05,2.0203136362440582e-05,-2.792469858426469e-05,-1.3964985898349688e-05,-2.0408601761668116e-05]",4477,42,-0.03465989285649558,near_atm_spread_change
,,,,,60,300,-0.0030854277149939373,-0.06160163257839194,diagnostic_2,500,curvature_5s,,,,False,"[1323,589,538,573,1454]","[3.012666506559017e-05,2.0203136362440582e-05,-2.792469858426469e-05,-1.3964985898349688e-05,-2.0408601761668116e-05]",4477,42,-0.03465989285649558,near_atm_spread_change
,,,,,12,60,0.013079368636553509,-0.04039180655595934,diagnostic_2,500,curvature_5s,,,,False,"[1323,589,538,573,1454]","[7.329188999653043e-05,7.516034390201795e-05,6.720674705438898e-05,7.805717949727859e-05,7.052559525983862e-05]",4477,42,-0.014351674430230584,absolute_atm_straddle_change
,,,,,24,120,0.013481382174981927,-0.04072667368775141,diagnostic_2,500,curvature_5s,,,,False,"[1323,589,538,573,1454]","[7.329188999653043e-05,7.516034390201795e-05,6.720674705438898e-05,7.805717949727859e-05,7.052559525983862e-05]",4477,42,-0.014351674430230584,absolute_atm_straddle_change
,,,,,60,300,0.012369061129165549,-0.04086129203681314,diagnostic_2,500,curvature_5s,,,,False,"[1323,589,538,573,1454]","[7.329188999653043e-05,7.516034390201795e-05,6.720674705438898e-05,7.805717949727859e-05,7.052559525983862e-05]",4477,42,-0.014351674430230584,absolute_atm_straddle_change
,,,,,12,60,0.018465287251850347,-0.03666089713175148,diagnostic_2,500,curvature_5s,,,,False,"[1323,589,538,573,1454]","[3.6060031250919773e-07,-4.830544578079102e-07,6.267837002658334e-08,1.19729380842126e-06,-3.5941810701429933e-07]",4477,42,-0.007750093563280316,parity_restoration
,,,,,24,120,0.02019693757630617,-0.03259996305382765,diagnostic_2,500,curvature_5s,,,,False,"[1323,589,538,573,1454]","[3.6060031250919773e-07,-4.830544578079102e-07,6.267837002658334e-08,1.19729380842126e-06,-3.5941810701429933e-07]",4477,42,-0.007750093563280316,parity_restoration
,,,,,60,300,0.018590678417163723,-0.03398964072181545,diagnostic_2,500,curvature_5s,,,,False,"[1323,589,538,573,1454]","[3.6060031250919773e-07,-4.830544578079102e-07,6.267837002658334e-08,1.19729380842126e-06,-3.5941810701429933e-07]",4477,42,-0.007750093563280316,parity_restoration
-0.21488381053909822,-0.11780674579554695,-0.20604432621507418,-0.2282988986430481,-0.2206168077093067,,,,,diagnostic_2,,acceleration_increment_5s,0.022254572427973907,"{""60s"":{""mean_mae_reduction"":0.00042797077509274504,""ci_low"":0.00040630776746047593,""ci_high"":0.0004492623001989656,""positive_probability"":1.0,""block_rows"":12,""draws"":500},""120s"":{""mean_mae_reduction"":0.00042797077509274504,""ci_low"":0.00040499368002368334,""ci_high"":0.00045156399364750736,""positive_probability"":1.0,""block_rows"":24,""draws"":500},""300s"":{""mean_mae_reduction"":0.00042797077509274504,""ci_low"":0.0004040639215710585,""ci_high"":0.0004512553625309322,""positive_probability"":1.0,""block_rows"":60,""draws"":500}}","{""base_to_candidate"":{""60s"":{""mean_mae_reduction"":0.00028023886867725663,""ci_low"":0.00026121258133060456,""ci_high"":0.00029817768853976476,""positive_probability"":1.0,""block_rows"":12,""draws"":500},""120s"":{""mean_mae_reduction"":0.00028023886867725663,""ci_low"":0.0002592953270369921,""ci_high"":0.0003005188581907984,""positive_probability"":1.0,""block_rows"":24,""draws"":500},""300s"":{""mean_mae_reduction"":0.00028023886867725663,""ci_low"":0.00025735858498415894,""ci_high"":0.0003013978890791474,""positive_probability"":1.0,""block_rows"":60,""draws"":500}},""base_pca_to_candidate"":{""60s"":{""mean_mae_reduction"":0.00035402136235633926,""ci_low"":0.000331603906110441,""ci_high"":0.0003757554536809318,""positive_probability"":1.0,""block_rows"":12,""draws"":500},""120s"":{""mean_mae_reduction"":0.00035402136235633926,""ci_low"":0.00033029327900209655,""ci_high"":0.00037705373768375644,""positive_probability"":1.0,""block_rows"":24,""draws"":500},""300s"":{""mean_mae_reduction"":0.00035402136235633926,""ci_low"":0.0003254310814611023,""ci_high"":0.00038044238938140916,""positive_probability"":1.0,""block_rows"":60,""draws"":500}}}",,,,,42,,surface_displacement
-0.20504376264607704,-0.10662095978219366,-0.21008443138386101,-0.2282988986430481,-0.2206168077093067,,,,,diagnostic_2,,curvature_increment_5s,0.018214467259187073,"{""60s"":{""mean_mae_reduction"":0.0003502767665406641,""ci_low"":0.0003305376476893453,""ci_high"":0.00037776505931745347,""positive_probability"":1.0,""block_rows"":12,""draws"":500},""120s"":{""mean_mae_reduction"":0.0003502767665406641,""ci_low"":0.0003253482282095539,""ci_high"":0.00037777702180006044,""positive_probability"":1.0,""block_rows"":24,""draws"":500},""300s"":{""mean_mae_reduction"":0.0003502767665406641,""ci_low"":0.00031533052275113514,""ci_high"":0.0003837226355934241,""positive_probability"":1.0,""block_rows"":60,""draws"":500}}","{""base_to_candidate"":{""60s"":{""mean_mae_reduction"":0.00020254486012517557,""ci_low"":0.0001815410909659716,""ci_high"":0.0002237386353464541,""positive_probability"":1.0,""block_rows"":12,""draws"":500},""120s"":{""mean_mae_reduction"":0.00020254486012517557,""ci_low"":0.00017939474124143326,""ci_high"":0.00022545641079864238,""positive_probability"":1.0,""block_rows"":24,""draws"":500},""300s"":{""mean_mae_reduction"":0.00020254486012517557,""ci_low"":0.0001729041515382011,""ci_high"":0.00023118948080434092,""positive_probability"":1.0,""block_rows"":60,""draws"":500}},""base_pca_to_candidate"":{""60s"":{""mean_mae_reduction"":0.0002081881254771161,""ci_low"":0.00018461066941123964,""ci_high"":0.0002296047587316842,""positive_probability"":1.0,""block_rows"":12,""draws"":500},""120s"":{""mean_mae_reduction"":0.0002081881254771161,""ci_low"":0.00018466591351573748,""ci_high"":0.0002296887932371425,""positive_probability"":1.0,""block_rows"":24,""draws"":500},""300s"":{""mean_mae_reduction"":0.0002081881254771161,""ci_low"":0.00017803150709744053,""ci_high"":0.00023554674097266007,""positive_probability"":1.0,""block_rows"":60,""draws"":500}}}",,,,,42,,surface_displacement
0.18950055822764234,0.1653931824364836,0.1895361897623119,0.1893572620316869,0.1894451971199771,,,,,diagnostic_2,,acceleration_increment_5s,0.00017892773062500034,"{""60s"":{""mean_mae_reduction"":9.149129285705781e-07,""ci_low"":8.789022498633646e-07,""ci_high"":9.519993602388752e-07,""positive_probability"":1.0,""block_rows"":12,""draws"":500},""120s"":{""mean_mae_reduction"":9.149129285705781e-07,""ci_low"":8.776996521713877e-07,""ci_high"":9.523605251567983e-07,""positive_probability"":1.0,""block_rows"":24,""draws"":500},""300s"":{""mean_mae_reduction"":9.149129285705781e-07,""ci_low"":8.722499997331023e-07,""ci_high"":9.60232681610235e-07,""positive_probability"":1.0,""block_rows"":60,""draws"":500}}","{""base_to_candidate"":{""60s"":{""mean_mae_reduction"":4.6527357490267e-07,""ci_low"":4.3070702556504893e-07,""ci_high"":4.951262583433536e-07,""positive_probability"":1.0,""block_rows"":12,""draws"":500},""120s"":{""mean_mae_reduction"":4.6527357490267e-07,""ci_low"":4.3077272631856483e-07,""ci_high"":4.996279672339116e-07,""positive_probability"":1.0,""block_rows"":24,""draws"":500},""300s"":{""mean_mae_reduction"":4.6527357490267e-07,""ci_low"":4.2767566932810005e-07,""ci_high"":4.998415771640357e-07,""positive_probability"":1.0,""block_rows"":60,""draws"":500}},""base_pca_to_candidate"":{""60s"":{""mean_mae_reduction"":1.383205186024649e-06,""ci_low"":1.3379451058060797e-06,""ci_high"":1.426354045709873e-06,""positive_probability"":1.0,""block_rows"":12,""draws"":500},""120s"":{""mean_mae_reduction"":1.383205186024649e-06,""ci_low"":1.3413048611615926e-06,""ci_high"":1.4252991254218095e-06,""positive_probability"":1.0,""block_rows"":24,""draws"":500},""300s"":{""mean_mae_reduction"":1.383205186024649e-06,""ci_low"":1.335163610716468e-06,""ci_high"":1.4327412661156643e-06,""positive_probability"":1.0,""block_rows"":60,""draws"":500}}}",,,,,42,,absolute_atm_iv_change
0.19110394758282756,0.16752194466020043,0.190879863880421,0.1893572620316869,0.1894451971199771,,,,,diagnostic_2,,curvature_increment_5s,0.0015226018487340953,"{""60s"":{""mean_mae_reduction"":7.785535040346388e-06,""ci_low"":7.364103619986088e-06,""ci_high"":8.307070537546741e-06,""positive_probability"":1.0,""block_rows"":12,""draws"":500},""120s"":{""mean_mae_reduction"":7.785535040346388e-06,""ci_low"":7.289783770033031e-06,""ci_high"":8.304925481843214e-06,""positive_probability"":1.0,""block_rows"":24,""draws"":500},""300s"":{""mean_mae_reduction"":7.785535040346388e-06,""ci_low"":7.158807178917657e-06,""ci_high"":8.40768251074345e-06,""positive_probability"":1.0,""block_rows"":60,""draws"":500}}","{""base_to_candidate"":{""60s"":{""mean_mae_reduction"":7.3358956866784795e-06,""ci_low"":6.8718888078368185e-06,""ci_high"":7.794888917209547e-06,""positive_probability"":1.0,""block_rows"":12,""draws"":500},""120s"":{""mean_mae_reduction"":7.3358956866784795e-06,""ci_low"":6.866905029757547e-06,""ci_high"":7.768039575468339e-06,""positive_probability"":1.0,""block_rows"":24,""draws"":500},""300s"":{""mean_mae_reduction"":7.3358956866784795e-06,""ci_low"":6.8042931998285505e-06,""ci_high"":7.941137242124656e-06,""positive_probability"":1.0,""block_rows"":60,""draws"":500}},""base_pca_to_candidate"":{""60s"":{""mean_mae_reduction"":1.0348569997147306e-05,""ci_low"":9.897203948952365e-06,""ci_high"":1.0794678936051705e-05,""positive_probability"":1.0,""block_rows"":12,""draws"":500},""120s"":{""mean_mae_reduction"":1.0348569997147306e-05,""ci_low"":9.820644447705059e-06,""ci_high"":1.0832155101952304e-05,""positive_probability"":1.0,""block_rows"":24,""draws"":500},""300s"":{""mean_mae_reduction"":1.0348569997147306e-05,""ci_low"":9.714774490359816e-06,""ci_high"":1.0974377193101206e-05,""positive_probability"":1.0,""block_rows"":60,""draws"":500}}}",,,,,42,,absolute_atm_iv_change
,,,,,12,60,0.24103882520346995,0.15655712433270352,diagnostic_1,500,velocity_30s,,,,False,"[1505,837,0,0,0]","[0.04095632797075067,0.048831883919479166,null,null,null]",2342,42,0.19918298706141047,surface_displacement
,,,,,24,120,0.24609467509800162,0.1526695357553026,diagnostic_1,500,velocity_30s,,,,False,"[1505,837,0,0,0]","[0.04095632797075067,0.048831883919479166,null,null,null]",2342,42,0.19918298706141047,surface_displacement
,,,,,60,300,0.2433713156394312,0.1622008634994024,diagnostic_1,500,velocity_30s,,,,False,"[1505,837,0,0,0]","[0.04095632797075067,0.048831883919479166,null,null,null]",2342,42,0.19918298706141047,surface_displacement
,,,,,12,60,0.18283446190371896,0.10211079698843631,diagnostic_1,500,velocity_30s,,,,False,"[1505,837,0,0,0]","[0.004218602185431509,0.005148038944605573,null,null,null]",2342,42,0.14285516370852944,absolute_atm_iv_change
,,,,,24,120,0.19022725514800864,0.10175881107526248,diagnostic_1,500,velocity_30s,,,,False,"[1505,837,0,0,0]","[0.004218602185431509,0.005148038944605573,null,null,null]",2342,42,0.14285516370852944,absolute_atm_iv_change
,,,,,60,300,0.18226150958842469,0.10628974908246142,diagnostic_1,500,velocity_30s,,,,False,"[1505,837,0,0,0]","[0.004218602185431509,0.005148038944605573,null,null,null]",2342,42,0.14285516370852944,absolute_atm_iv_change
,,,,,12,60,0.11531726687269322,-0.010800695503947726,diagnostic_1,500,velocity_30s,,,,False,"[1505,837,0,0,0]","[0.00011122195485560628,0.00011910893110035173,null,null,null]",2342,42,0.048798714062115285,realized_futures_volatility
,,,,,24,120,0.12723991656725964,-0.018615128803117508,diagnostic_1,500,velocity_30s,,,,False,"[1505,837,0,0,0]","[0.00011122195485560628,0.00011910893110035173,null,null,null]",2342,42,0.048798714062115285,realized_futures_volatility
,,,,,60,300,0.13676829222296769,-0.009428975574856056,diagnostic_1,500,velocity_30s,,,,False,"[1505,837,0,0,0]","[0.00011122195485560628,0.00011910893110035173,null,null,null]",2342,42,0.048798714062115285,realized_futures_volatility
,,,,,12,60,0.0983583851954913,-0.006777904853005922,diagnostic_1,500,velocity_30s,,,,False,"[1505,837,0,0,0]","[8.234549994484531e-05,9.406624159362866e-05,null,null,null]",2342,42,0.042472469921374864,absolute_futures_return
,,,,,24,120,0.09838546527571138,-0.01559354207645731,diagnostic_1,500,velocity_30s,,,,False,"[1505,837,0,0,0]","[8.234549994484531e-05,9.406624159362866e-05,null,null,null]",2342,42,0.042472469921374864,absolute_futures_return
,,,,,60,300,0.10589769171692374,-0.009405978891507348,diagnostic_1,500,velocity_30s,,,,False,"[1505,837,0,0,0]","[8.234549994484531e-05,9.406624159362866e-05,null,null,null]",2342,42,0.042472469921374864,absolute_futures_return
,,,,,12,60,0.09353123382515376,0.019731078768825464,diagnostic_1,500,velocity_30s,,,,False,"[1505,837,0,0,0]","[-2.6725844265057695e-05,4.303620752598645e-05,null,null,null]",2342,42,0.059531599545319,near_atm_spread_change
,,,,,24,120,0.09427301658607987,0.023147689558867788,diagnostic_1,500,velocity_30s,,,,False,"[1505,837,0,0,0]","[-2.6725844265057695e-05,4.303620752598645e-05,null,null,null]",2342,42,0.059531599545319,near_atm_spread_change
,,,,,60,300,0.09137591614198934,0.020417815550704002,diagnostic_1,500,velocity_30s,,,,False,"[1505,837,0,0,0]","[-2.6725844265057695e-05,4.303620752598645e-05,null,null,null]",2342,42,0.059531599545319,near_atm_spread_change
,,,,,12,60,0.011122548301278554,-0.08647194134777587,diagnostic_1,500,velocity_30s,,,,False,"[1505,837,0,0,0]","[4.615997122074679e-05,4.646299004091869e-05,null,null,null]",2342,42,-0.04265115357041024,absolute_atm_straddle_change
,,,,,24,120,0.021198964397002293,-0.09916429544073213,diagnostic_1,500,velocity_30s,,,,False,"[1505,837,0,0,0]","[4.615997122074679e-05,4.646299004091869e-05,null,null,null]",2342,42,-0.04265115357041024,absolute_atm_straddle_change
,,,,,60,300,0.01632287949066465,-0.09161839913567592,diagnostic_1,500,velocity_30s,,,,False,"[1505,837,0,0,0]","[4.615997122074679e-05,4.646299004091869e-05,null,null,null]",2342,42,-0.04265115357041024,absolute_atm_straddle_change
,,,,,12,60,0.07052047188489186,-0.030602159181836994,diagnostic_1,500,velocity_30s,,,,False,"[1505,837,0,0,0]","[2.487559877378569e-07,5.642591863212742e-07,null,null,null]",2342,42,0.01999476085512364,parity_restoration
,,,,,24,120,0.06303646844467943,-0.020926931304678233,diagnostic_1,500,velocity_30s,,,,False,"[1505,837,0,0,0]","[2.487559877378569e-07,5.642591863212742e-07,null,null,null]",2342,42,0.01999476085512364,parity_restoration
,,,,,60,300,0.07022909017125736,-0.015273408835237463,diagnostic_1,500,velocity_30s,,,,False,"[1505,837,0,0,0]","[2.487559877378569e-07,5.642591863212742e-07,null,null,null]",2342,42,0.01999476085512364,parity_restoration
,,,,,12,60,0.18615489873946842,0.10082891171379671,diagnostic_1,500,acceleration_30s,,,,False,"[1424,918,0,0,0]","[0.04134351480873554,0.04753637837575645,null,null,null]",2342,42,0.14585765519573635,surface_displacement
,,,,,24,120,0.19357386301416962,0.10166132304214551,diagnostic_1,500,acceleration_30s,,,,False,"[1424,918,0,0,0]","[0.04134351480873554,0.04753637837575645,null,null,null]",2342,42,0.14585765519573635,surface_displacement
,,,,,60,300,0.18890379321076614,0.10993769838366203,diagnostic_1,500,acceleration_30s,,,,False,"[1424,918,0,0,0]","[0.04134351480873554,0.04753637837575645,null,null,null]",2342,42,0.14585765519573635,surface_displacement
,,,,,12,60,0.14499995253640388,0.061847095127286776,diagnostic_1,500,acceleration_30s,,,,False,"[1424,918,0,0,0]","[0.004271294466439593,0.004984293644334756,null,null,null]",2342,42,0.10487915328641999,absolute_atm_iv_change
,,,,,24,120,0.14882673858879103,0.06568131812963356,diagnostic_1,500,acceleration_30s,,,,False,"[1424,918,0,0,0]","[0.004271294466439593,0.004984293644334756,null,null,null]",2342,42,0.10487915328641999,absolute_atm_iv_change
,,,,,60,300,0.14679087235148985,0.06987946354002188,diagnostic_1,500,acceleration_30s,,,,False,"[1424,918,0,0,0]","[0.004271294466439593,0.004984293644334756,null,null,null]",2342,42,0.10487915328641999,absolute_atm_iv_change
,,,,,12,60,0.08255084336483424,-0.04794440280031818,diagnostic_1,500,acceleration_30s,,,,False,"[1424,918,0,0,0]","[0.00011199737032718043,0.00011721019830367854,null,null,null]",2342,42,0.013929205928037054,realized_futures_volatility
,,,,,24,120,0.09632002925797001,-0.06294281756810072,diagnostic_1,500,acceleration_30s,,,,False,"[1424,918,0,0,0]","[0.00011199737032718043,0.00011721019830367854,null,null,null]",2342,42,0.013929205928037054,realized_futures_volatility
,,,,,60,300,0.10858666623343016,-0.0594980421354824,diagnostic_1,500,acceleration_30s,,,,False,"[1424,918,0,0,0]","[0.00011199737032718043,0.00011721019830367854,null,null,null]",2342,42,0.013929205928037054,realized_futures_volatility
,,,,,12,60,0.07178034191082043,-0.03332283866675606,diagnostic_1,500,acceleration_30s,,,,False,"[1424,918,0,0,0]","[8.382020371683528e-05,9.074450058615026e-05,null,null,null]",2342,42,0.016696817112897593,absolute_futures_return
,,,,,24,120,0.0683741680648264,-0.04004352327184285,diagnostic_1,500,acceleration_30s,,,,False,"[1424,918,0,0,0]","[8.382020371683528e-05,9.074450058615026e-05,null,null,null]",2342,42,0.016696817112897593,absolute_futures_return
,,,,,60,300,0.08335311479909631,-0.03105840201062049,diagnostic_1,500,acceleration_30s,,,,False,"[1424,918,0,0,0]","[8.382020371683528e-05,9.074450058615026e-05,null,null,null]",2342,42,0.016696817112897593,absolute_futures_return
,,,,,12,60,0.07470028546051799,0.004656578150365398,diagnostic_1,500,acceleration_30s,,,,False,"[1424,918,0,0,0]","[-2.968149070266315e-05,4.146552597051324e-05,null,null,null]",2342,42,0.04174150034742459,near_atm_spread_change
,,,,,24,120,0.06869558528391284,0.005911092099888835,diagnostic_1,500,acceleration_30s,,,,False,"[1424,918,0,0,0]","[-2.968149070266315e-05,4.146552597051324e-05,null,null,null]",2342,42,0.04174150034742459,near_atm_spread_change
,,,,,60,300,0.06762723729902825,0.004112341148785515,diagnostic_1,500,acceleration_30s,,,,False,"[1424,918,0,0,0]","[-2.968149070266315e-05,4.146552597051324e-05,null,null,null]",2342,42,0.04174150034742459,near_atm_spread_change
,,,,,12,60,-0.00029758348486188916,-0.1034724708717902,diagnostic_1,500,acceleration_30s,,,,False,"[1424,918,0,0,0]","[4.607599471915472e-05,4.6566517289102986e-05,null,null,null]",2342,42,-0.05434298746734878,absolute_atm_straddle_change
,,,,,24,120,0.004827571579081514,-0.11205301488874105,diagnostic_1,500,acceleration_30s,,,,False,"[1424,918,0,0,0]","[4.607599471915472e-05,4.6566517289102986e-05,null,null,null]",2342,42,-0.05434298746734878,absolute_atm_straddle_change
,,,,,60,300,0.012382368104262251,-0.11297245712186206,diagnostic_1,500,acceleration_30s,,,,False,"[1424,918,0,0,0]","[4.607599471915472e-05,4.6566517289102986e-05,null,null,null]",2342,42,-0.05434298746734878,absolute_atm_straddle_change
,,,,,12,60,0.05601337259285638,-0.047047812383582625,diagnostic_1,500,acceleration_30s,,,,False,"[1424,918,0,0,0]","[3.4746601026138326e-07,3.833018539043261e-07,null,null,null]",2342,42,-0.000708113297180312,parity_restoration
,,,,,24,120,0.04092517980445411,-0.043572929570978115,diagnostic_1,500,acceleration_30s,,,,False,"[1424,918,0,0,0]","[3.4746601026138326e-07,3.833018539043261e-07,null,null,null]",2342,42,-0.000708113297180312,parity_restoration
,,,,,60,300,0.04919732293227176,-0.04033650069135988,diagnostic_1,500,acceleration_30s,,,,False,"[1424,918,0,0,0]","[3.4746601026138326e-07,3.833018539043261e-07,null,null,null]",2342,42,-0.000708113297180312,parity_restoration
,,,,,12,60,-0.02158025679683521,-0.10329366145380987,diagnostic_1,500,curvature_30s,,,,False,"[625,370,353,349,645]","[0.04592855948466998,0.04479583804681743,0.040474167476046444,0.042516355259953086,0.04357544430476684]",2342,42,-0.058516018661801894,surface_displacement
,,,,,24,120,-0.020318948827349463,-0.10126008988141812,diagnostic_1,500,curvature_30s,,,,False,"[625,370,353,349,645]","[0.04592855948466998,0.04479583804681743,0.040474167476046444,0.042516355259953086,0.04357544430476684]",2342,42,-0.058516018661801894,surface_displacement
,,,,,60,300,-0.01600641070486937,-0.10204604425239636,diagnostic_1,500,curvature_30s,,,,False,"[625,370,353,349,645]","[0.04592855948466998,0.04479583804681743,0.040474167476046444,0.042516355259953086,0.04357544430476684]",2342,42,-0.058516018661801894,surface_displacement
,,,,,12,60,-0.008632629535800006,-0.09071867141738932,diagnostic_1,500,curvature_30s,,,,False,"[625,370,353,349,645]","[0.0048836981892585755,0.004453572651018967,0.004333544258693122,0.00455385262952493,0.00440114100081052]",2342,42,-0.04637797977993921,absolute_atm_iv_change
,,,,,24,120,-0.008122432917436915,-0.09231992449275478,diagnostic_1,500,curvature_30s,,,,False,"[625,370,353,349,645]","[0.0048836981892585755,0.004453572651018967,0.004333544258693122,0.00455385262952493,0.00440114100081052]",2342,42,-0.04637797977993921,absolute_atm_iv_change
,,,,,60,300,-7.094143673637231e-05,-0.09020317824687127,diagnostic_1,500,curvature_30s,,,,False,"[625,370,353,349,645]","[0.0048836981892585755,0.004453572651018967,0.004333544258693122,0.00455385262952493,0.00440114100081052]",2342,42,-0.04637797977993921,absolute_atm_iv_change
,,,,,12,60,0.007520522515651048,-0.0797630017853376,diagnostic_1,500,curvature_30s,,,,False,"[625,370,353,349,645]","[0.00011748422115520849,0.00011729624913422086,0.00011634105749806145,0.00010888223731610724,0.0001103684850649266]",2342,42,-0.034551839981571214,realized_futures_volatility
,,,,,24,120,0.011946570560973136,-0.08018507847773819,diagnostic_1,500,curvature_30s,,,,False,"[625,370,353,349,645]","[0.00011748422115520849,0.00011729624913422086,0.00011634105749806145,0.00010888223731610724,0.0001103684850649266]",2342,42,-0.034551839981571214,realized_futures_volatility
,,,,,60,300,0.00636782552286749,-0.07697307304546853,diagnostic_1,500,curvature_30s,,,,False,"[625,370,353,349,645]","[0.00011748422115520849,0.00011729624913422086,0.00011634105749806145,0.00010888223731610724,0.0001103684850649266]",2342,42,-0.034551839981571214,realized_futures_volatility
,,,,,12,60,-0.009551618299797029,-0.08930159717485421,diagnostic_1,500,curvature_30s,,,,False,"[625,370,353,349,645]","[9.182586669921875e-05,8.806795687288851e-05,9.186342147524567e-05,7.943915774282548e-05,8.14497008804203e-05]",2342,42,-0.05004876253146639,absolute_futures_return
,,,,,24,120,-0.007506321093440127,-0.09152566756651412,diagnostic_1,500,curvature_30s,,,,False,"[625,370,353,349,645]","[9.182586669921875e-05,8.806795687288851e-05,9.186342147524567e-05,7.943915774282548e-05,8.14497008804203e-05]",2342,42,-0.05004876253146639,absolute_futures_return
,,,,,60,300,-0.013264162976472978,-0.08672503315428749,diagnostic_1,500,curvature_30s,,,,False,"[625,370,353,349,645]","[9.182586669921875e-05,8.806795687288851e-05,9.186342147524567e-05,7.943915774282548e-05,8.14497008804203e-05]",2342,42,-0.05004876253146639,absolute_futures_return
,,,,,12,60,-0.004599180728969672,-0.0855750055128191,diagnostic_1,500,curvature_30s,,,,False,"[625,370,353,349,645]","[4.161888037342578e-05,1.856013058804328e-05,-3.6501366230883444e-05,-1.713978117471961e-05,-2.823778691651054e-05]",2342,42,-0.04215216864673407,near_atm_spread_change
,,,,,24,120,-0.006331324826832884,-0.08688943311202713,diagnostic_1,500,curvature_30s,,,,False,"[625,370,353,349,645]","[4.161888037342578e-05,1.856013058804328e-05,-3.6501366230883444e-05,-1.713978117471961e-05,-2.823778691651054e-05]",2342,42,-0.04215216864673407,near_atm_spread_change
,,,,,60,300,-0.003087064155761877,-0.0820474001478577,diagnostic_1,500,curvature_30s,,,,False,"[625,370,353,349,645]","[4.161888037342578e-05,1.856013058804328e-05,-3.6501366230883444e-05,-1.713978117471961e-05,-2.823778691651054e-05]",2342,42,-0.04215216864673407,near_atm_spread_change
,,,,,12,60,0.012807343874468566,-0.06465600857776592,diagnostic_1,500,curvature_30s,,,,False,"[625,370,353,349,645]","[4.792322665452957e-05,4.617526271455997e-05,5.0136566204322295e-05,4.6402642925011055e-05,4.252819416596908e-05]",2342,42,-0.02476446269434706,absolute_atm_straddle_change
,,,,,24,120,0.018700429625956506,-0.06855290950545516,diagnostic_1,500,curvature_30s,,,,False,"[625,370,353,349,645]","[4.792322665452957e-05,4.617526271455997e-05,5.0136566204322295e-05,4.6402642925011055e-05,4.252819416596908e-05]",2342,42,-0.02476446269434706,absolute_atm_straddle_change
,,,,,60,300,0.01358416361489901,-0.05812410693603592,diagnostic_1,500,curvature_30s,,,,False,"[625,370,353,349,645]","[4.792322665452957e-05,4.617526271455997e-05,5.0136566204322295e-05,4.6402642925011055e-05,4.252819416596908e-05]",2342,42,-0.02476446269434706,absolute_atm_straddle_change
,,,,,12,60,0.0378334276475584,-0.04899474883418896,diagnostic_1,500,curvature_30s,,,,False,"[625,370,353,349,645]","[1.3291383802425115e-07,4.4236082455451676e-07,1.1861642241824575e-06,1.4638592913988004e-06,-5.111392514550943e-07]",2342,42,-0.0058034379058100605,parity_restoration
,,,,,24,120,0.03058091468142445,-0.05310319562990302,diagnostic_1,500,curvature_30s,,,,False,"[625,370,353,349,645]","[1.3291383802425115e-07,4.4236082455451676e-07,1.1861642241824575e-06,1.4638592913988004e-06,-5.111392514550943e-07]",2342,42,-0.0058034379058100605,parity_restoration
,,,,,60,300,0.04548236563488239,-0.04832995952864596,diagnostic_1,500,curvature_30s,,,,False,"[625,370,353,349,645]","[1.3291383802425115e-07,4.4236082455451676e-07,1.1861642241824575e-06,1.4638592913988004e-06,-5.111392514550943e-07]",2342,42,-0.0058034379058100605,parity_restoration
-0.08165288660600467,-0.003666174006336176,-0.0871055290031082,-0.08832424875860911,-0.08200533791537845,,,,,diagnostic_1,,acceleration_increment_30s,0.0012187197555009188,"{""60s"":{""mean_mae_reduction"":2.3368612495197614e-05,""ci_low"":8.707882297218776e-06,""ci_high"":3.695283993731086e-05,""positive_probability"":0.998,""block_rows"":12,""draws"":500},""120s"":{""mean_mae_reduction"":2.3368612495197614e-05,""ci_low"":6.154475203764278e-06,""ci_high"":4.006416707137086e-05,""positive_probability"":0.992,""block_rows"":24,""draws"":500},""300s"":{""mean_mae_reduction"":2.3368612495197614e-05,""ci_low"":3.7741450357369204e-06,""ci_high"":3.974228510900561e-05,""positive_probability"":0.992,""block_rows"":60,""draws"":500}}","{""base_to_candidate"":{""60s"":{""mean_mae_reduction"":-9.77947462020247e-05,""ci_low"":-0.0001371495106495879,""ci_high"":-6.254815633116919e-05,""positive_probability"":0.0,""block_rows"":12,""draws"":500},""120s"":{""mean_mae_reduction"":-9.77947462020247e-05,""ci_low"":-0.00013872835052854105,""ci_high"":-5.8993592390529204e-05,""positive_probability"":0.0,""block_rows"":24,""draws"":500},""300s"":{""mean_mae_reduction"":-9.77947462020247e-05,""ci_low"":-0.00014798953346654582,""ci_high"":-4.1020503071992196e-05,""positive_probability"":0.0,""block_rows"":60,""draws"":500}},""base_pca_to_candidate"":{""60s"":{""mean_mae_reduction"":1.096967678856987e-05,""ci_low"":-2.0201770415394375e-05,""ci_high"":4.1475497582181416e-05,""positive_probability"":0.754,""block_rows"":12,""draws"":500},""120s"":{""mean_mae_reduction"":1.096967678856987e-05,""ci_low"":-2.0023796989856223e-05,""ci_high"":4.329060053425586e-05,""positive_probability"":0.74,""block_rows"":24,""draws"":500},""300s"":{""mean_mae_reduction"":1.096967678856987e-05,""ci_low"":-3.265754284238268e-05,""ci_high"":5.3429305919929864e-05,""positive_probability"":0.712,""block_rows"":60,""draws"":500}}}",,,,,42,,surface_displacement
-0.07765320260399355,-0.005071420159590945,-0.0833673100246568,-0.08832424875860911,-0.08200533791537845,,,,,diagnostic_1,,curvature_increment_30s,0.00495693873395231,"{""60s"":{""mean_mae_reduction"":9.504792214395886e-05,""ci_low"":6.734032234627801e-05,""ci_high"":0.00012035726179444002,""positive_probability"":1.0,""block_rows"":12,""draws"":500},""120s"":{""mean_mae_reduction"":9.504792214395886e-05,""ci_low"":6.392113180823948e-05,""ci_high"":0.00012231669678268475,""positive_probability"":1.0,""block_rows"":24,""draws"":500},""300s"":{""mean_mae_reduction"":9.504792214395886e-05,""ci_low"":5.995070961044535e-05,""ci_high"":0.0001315463485022863,""positive_probability"":1.0,""block_rows"":60,""draws"":500}}","{""base_to_candidate"":{""60s"":{""mean_mae_reduction"":-2.611543655326346e-05,""ci_low"":-7.334648099748644e-05,""ci_high"":1.9458537946052388e-05,""positive_probability"":0.146,""block_rows"":12,""draws"":500},""120s"":{""mean_mae_reduction"":-2.611543655326346e-05,""ci_low"":-7.866861259378889e-05,""ci_high"":2.716683038571267e-05,""positive_probability"":0.186,""block_rows"":24,""draws"":500},""300s"":{""mean_mae_reduction"":-2.611543655326346e-05,""ci_low"":-9.929437301575299e-05,""ci_high"":4.9735004216622715e-05,""positive_probability"":0.272,""block_rows"":60,""draws"":500}},""base_pca_to_candidate"":{""60s"":{""mean_mae_reduction"":-5.5785367576796544e-05,""ci_low"":-0.00010021744328963156,""ci_high"":-1.1959376149044795e-05,""positive_probability"":0.002,""block_rows"":12,""draws"":500},""120s"":{""mean_mae_reduction"":-5.5785367576796544e-05,""ci_low"":-0.0001071298914242637,""ci_high"":-6.424150765233629e-06,""positive_probability"":0.014,""block_rows"":24,""draws"":500},""300s"":{""mean_mae_reduction"":-5.5785367576796544e-05,""ci_low"":-0.0001207873811060475,""ci_high"":3.529026454623312e-06,""positive_probability"":0.036,""block_rows"":60,""draws"":500}}}",,,,,42,,surface_displacement
0.17134672643363036,0.14096743336279294,0.1709795912205141,0.17097093627093551,0.1716380222591154,,,,,diagnostic_1,,acceleration_increment_30s,8.654949578579263e-06,"{""60s"":{""mean_mae_reduction"":3.7590990230469604e-08,""ci_low"":2.3501240195112326e-08,""ci_high"":4.9454976188428025e-08,""positive_probability"":1.0,""block_rows"":12,""draws"":500},""120s"":{""mean_mae_reduction"":3.7590990230469604e-08,""ci_low"":2.356995412458989e-08,""ci_high"":5.260672760839015e-08,""positive_probability"":1.0,""block_rows"":24,""draws"":500},""300s"":{""mean_mae_reduction"":3.7590990230469604e-08,""ci_low"":1.877773861502422e-08,""ci_high"":5.4183630688711536e-08,""positive_probability"":1.0,""block_rows"":60,""draws"":500}}","{""base_to_candidate"":{""60s"":{""mean_mae_reduction"":-2.8597595532699175e-06,""ci_low"":-3.3719450264191436e-06,""ci_high"":-2.3438872500060824e-06,""positive_probability"":0.0,""block_rows"":12,""draws"":500},""120s"":{""mean_mae_reduction"":-2.8597595532699175e-06,""ci_low"":-3.435085855765807e-06,""ci_high"":-2.250423001368363e-06,""positive_probability"":0.0,""block_rows"":24,""draws"":500},""300s"":{""mean_mae_reduction"":-2.8597595532699175e-06,""ci_low"":-3.659221040334236e-06,""ci_high"":-2.006121111594011e-06,""positive_probability"":0.0,""block_rows"":60,""draws"":500}},""base_pca_to_candidate"":{""60s"":{""mean_mae_reduction"":-2.1686509091373e-06,""ci_low"":-2.6842276285819645e-06,""ci_high"":-1.6518680036766494e-06,""positive_probability"":0.0,""block_rows"":12,""draws"":500},""120s"":{""mean_mae_reduction"":-2.1686509091373e-06,""ci_low"":-2.7531545149696017e-06,""ci_high"":-1.461374805898316e-06,""positive_probability"":0.0,""block_rows"":24,""draws"":500},""300s"":{""mean_mae_reduction"":-2.1686509091373e-06,""ci_low"":-3.123913750864279e-06,""ci_high"":-1.2638928901787745e-06,""positive_probability"":0.0,""block_rows"":60,""draws"":500}}}",,,,,42,,absolute_atm_iv_change
0.17208176965161937,0.14119509690063925,0.17142290488112955,0.17097093627093551,0.1716380222591154,,,,,diagnostic_1,,curvature_increment_30s,0.00045196861019403123,"{""60s"":{""mean_mae_reduction"":1.9630325349267876e-06,""ci_low"":1.5287141183600992e-06,""ci_high"":2.375787131715797e-06,""positive_probability"":1.0,""block_rows"":12,""draws"":500},""120s"":{""mean_mae_reduction"":1.9630325349267876e-06,""ci_low"":1.4196827956814586e-06,""ci_high"":2.459651360810313e-06,""positive_probability"":1.0,""block_rows"":24,""draws"":500},""300s"":{""mean_mae_reduction"":1.9630325349267876e-06,""ci_low"":1.3496484701463229e-06,""ci_high"":2.7010036125652632e-06,""positive_probability"":1.0,""block_rows"":60,""draws"":500}}","{""base_to_candidate"":{""60s"":{""mean_mae_reduction"":-9.343180085735999e-07,""ci_low"":-1.7010312003209802e-06,""ci_high"":-2.0309568797752376e-07,""positive_probability"":0.002,""block_rows"":12,""draws"":500},""120s"":{""mean_mae_reduction"":-9.343180085735999e-07,""ci_low"":-1.929128508788658e-06,""ci_high"":1.9920557972290556e-08,""positive_probability"":0.028,""block_rows"":24,""draws"":500},""300s"":{""mean_mae_reduction"":-9.343180085735999e-07,""ci_low"":-2.1680977225152036e-06,""ci_high"":3.5841610641010753e-07,""positive_probability"":0.066,""block_rows"":60,""draws"":500}},""base_pca_to_candidate"":{""60s"":{""mean_mae_reduction"":-3.02546047269827e-06,""ci_low"":-3.871124915363734e-06,""ci_high"":-2.173212386171734e-06,""positive_probability"":0.0,""block_rows"":12,""draws"":500},""120s"":{""mean_mae_reduction"":-3.02546047269827e-06,""ci_low"":-4.078286883690461e-06,""ci_high"":-1.8428856729801525e-06,""positive_probability"":0.0,""block_rows"":24,""draws"":500},""300s"":{""mean_mae_reduction"":-3.02546047269827e-06,""ci_low"":-4.587761039417776e-06,""ci_high"":-1.6245772602269048e-06,""positive_probability"":0.0,""block_rows"":60,""draws"":500}}}",,,,,42,,absolute_atm_iv_change
,,,,,12,60,0.20447751107064538,0.14445303062850096,diagnostic_2,500,velocity_30s,,,,False,"[2022,2455,0,0,0]","[0.04021563620077481,0.04673096233945116,null,null,null]",4477,42,0.17615449927763588,surface_displacement
,,,,,24,120,0.20522739362424164,0.14107247444874924,diagnostic_2,500,velocity_30s,,,,False,"[2022,2455,0,0,0]","[0.04021563620077481,0.04673096233945116,null,null,null]",4477,42,0.17615449927763588,surface_displacement
,,,,,60,300,0.20023281580609129,0.13610266925541004,diagnostic_2,500,velocity_30s,,,,False,"[2022,2455,0,0,0]","[0.04021563620077481,0.04673096233945116,null,null,null]",4477,42,0.17615449927763588,surface_displacement
,,,,,12,60,0.16515331477554873,0.10730617400919772,diagnostic_2,500,velocity_30s,,,,False,"[2022,2455,0,0,0]","[0.004757426918643636,0.005787842154745658,null,null,null]",4477,42,0.13926035825137548,absolute_atm_iv_change
,,,,,24,120,0.16440970684355025,0.10728007766637722,diagnostic_2,500,velocity_30s,,,,False,"[2022,2455,0,0,0]","[0.004757426918643636,0.005787842154745658,null,null,null]",4477,42,0.13926035825137548,absolute_atm_iv_change
,,,,,60,300,0.16341432670326408,0.10977155080854992,diagnostic_2,500,velocity_30s,,,,False,"[2022,2455,0,0,0]","[0.004757426918643636,0.005787842154745658,null,null,null]",4477,42,0.13926035825137548,absolute_atm_iv_change
,,,,,12,60,0.04946017459402265,-0.03905855417964667,diagnostic_2,500,velocity_30s,,,,False,"[2022,2455,0,0,0]","[0.00012512957756730074,0.00012560263614843904,null,null,null]",4477,42,0.0025480456068651546,realized_futures_volatility
,,,,,24,120,0.05352768715176078,-0.04480548565155218,diagnostic_2,500,velocity_30s,,,,False,"[2022,2455,0,0,0]","[0.00012512957756730074,0.00012560263614843904,null,null,null]",4477,42,0.0025480456068651546,realized_futures_volatility
,,,,,60,300,0.05935454903967247,-0.03934378422458879,diagnostic_2,500,velocity_30s,,,,False,"[2022,2455,0,0,0]","[0.00012512957756730074,0.00012560263614843904,null,null,null]",4477,42,0.0025480456068651546,realized_futures_volatility
,,,,,12,60,0.054040308754079294,-0.02456521592422245,diagnostic_2,500,velocity_30s,,,,False,"[2022,2455,0,0,0]","[9.16980022728502e-05,9.14944650684986e-05,null,null,null]",4477,42,0.01602144897339676,absolute_futures_return
,,,,,24,120,0.05135421913530753,-0.0182002982349027,diagnostic_2,500,velocity_30s,,,,False,"[2022,2455,0,0,0]","[9.16980022728502e-05,9.14944650684986e-05,null,null,null]",4477,42,0.01602144897339676,absolute_futures_return
,,,,,60,300,0.05608185156672353,-0.018775415259788902,diagnostic_2,500,velocity_30s,,,,False,"[2022,2455,0,0,0]","[9.16980022728502e-05,9.14944650684986e-05,null,null,null]",4477,42,0.01602144897339676,absolute_futures_return
,,,,,12,60,0.08868481165614059,0.03429884824260595,diagnostic_2,500,velocity_30s,,,,False,"[2022,2455,0,0,0]","[-4.115743957913382e-05,3.3514475074830005e-05,null,null,null]",4477,42,0.06059000468574743,near_atm_spread_change
,,,,,24,120,0.08514372008691487,0.03377204678676426,diagnostic_2,500,velocity_30s,,,,False,"[2022,2455,0,0,0]","[-4.115743957913382e-05,3.3514475074830005e-05,null,null,null]",4477,42,0.06059000468574743,near_atm_spread_change
,,,,,60,300,0.0865302809006442,0.029929426518976097,diagnostic_2,500,velocity_30s,,,,False,"[2022,2455,0,0,0]","[-4.115743957913382e-05,3.3514475074830005e-05,null,null,null]",4477,42,0.06059000468574743,near_atm_spread_change
,,,,,12,60,0.07462350672863707,0.0009168099179474209,diagnostic_2,500,velocity_30s,,,,False,"[2022,2455,0,0,0]","[6.542790590847163e-05,7.83574731371796e-05,null,null,null]",4477,42,0.03705271098896055,absolute_atm_straddle_change
,,,,,24,120,0.07692324463813452,0.002388493171627698,diagnostic_2,500,velocity_30s,,,,False,"[2022,2455,0,0,0]","[6.542790590847163e-05,7.83574731371796e-05,null,null,null]",4477,42,0.03705271098896055,absolute_atm_straddle_change
,,,,,60,300,0.07890464586549314,-0.004905502133670373,diagnostic_2,500,velocity_30s,,,,False,"[2022,2455,0,0,0]","[6.542790590847163e-05,7.83574731371796e-05,null,null,null]",4477,42,0.03705271098896055,absolute_atm_straddle_change
,,,,,12,60,0.04384574253311951,-0.0280900971331204,diagnostic_2,500,velocity_30s,,,,False,"[2022,2455,0,0,0]","[7.090256473203936e-08,1.0035296929267552e-07,null,null,null]",4477,42,0.008931986692052583,parity_restoration
,,,,,24,120,0.03717088500123726,-0.02774556327177464,diagnostic_2,500,velocity_30s,,,,False,"[2022,2455,0,0,0]","[7.090256473203936e-08,1.0035296929267552e-07,null,null,null]",4477,42,0.008931986692052583,parity_restoration
,,,,,60,300,0.03599711706644844,-0.021806198877776586,diagnostic_2,500,velocity_30s,,,,False,"[2022,2455,0,0,0]","[7.090256473203936e-08,1.0035296929267552e-07,null,null,null]",4477,42,0.008931986692052583,parity_restoration
,,,,,12,60,0.16248054844683443,0.10131494103259642,diagnostic_2,500,acceleration_30s,,,,False,"[1877,2600,0,0,0]","[0.040772004245624834,0.04596595268164672,null,null,null]",4477,42,0.13176121692902132,surface_displacement
,,,,,24,120,0.162250989271696,0.09670153309390445,diagnostic_2,500,acceleration_30s,,,,False,"[1877,2600,0,0,0]","[0.040772004245624834,0.04596595268164672,null,null,null]",4477,42,0.13176121692902132,surface_displacement
,,,,,60,300,0.15855183975416176,0.09053579605396947,diagnostic_2,500,acceleration_30s,,,,False,"[1877,2600,0,0,0]","[0.040772004245624834,0.04596595268164672,null,null,null]",4477,42,0.13176121692902132,surface_displacement
,,,,,12,60,0.12095826080608335,0.06563803415740725,diagnostic_2,500,acceleration_30s,,,,False,"[1877,2600,0,0,0]","[0.004875073168718503,0.005645445146812842,null,null,null]",4477,42,0.09457810456679099,absolute_atm_iv_change
,,,,,24,120,0.12162472562466436,0.06264599244320426,diagnostic_2,500,acceleration_30s,,,,False,"[1877,2600,0,0,0]","[0.004875073168718503,0.005645445146812842,null,null,null]",4477,42,0.09457810456679099,absolute_atm_iv_change
,,,,,60,300,0.12130325246463507,0.06125031229061331,diagnostic_2,500,acceleration_30s,,,,False,"[1877,2600,0,0,0]","[0.004875073168718503,0.005645445146812842,null,null,null]",4477,42,0.09457810456679099,absolute_atm_iv_change
,,,,,12,60,0.03981299907098854,-0.052986815614229646,diagnostic_2,500,acceleration_30s,,,,False,"[1877,2600,0,0,0]","[0.0001249867484996229,0.00012567936563527224,null,null,null]",4477,42,-0.008709540024823699,realized_futures_volatility
,,,,,24,120,0.0411063083509569,-0.05867753177964829,diagnostic_2,500,acceleration_30s,,,,False,"[1877,2600,0,0,0]","[0.0001249867484996229,0.00012567936563527224,null,null,null]",4477,42,-0.008709540024823699,realized_futures_volatility
,,,,,60,300,0.04923145776622704,-0.05489938601203532,diagnostic_2,500,acceleration_30s,,,,False,"[1877,2600,0,0,0]","[0.0001249867484996229,0.00012567936563527224,null,null,null]",4477,42,-0.008709540024823699,realized_futures_volatility
,,,,,12,60,0.03313298578461864,-0.04688768942319909,diagnostic_2,500,acceleration_30s,,,,False,"[1877,2600,0,0,0]","[9.199730817726716e-05,9.128974034236028e-05,null,null,null]",4477,42,-0.0036677849258254934,absolute_futures_return
,,,,,24,120,0.0357197536168445,-0.042555194755217296,diagnostic_2,500,acceleration_30s,,,,False,"[1877,2600,0,0,0]","[9.199730817726716e-05,9.128974034236028e-05,null,null,null]",4477,42,-0.0036677849258254934,absolute_futures_return
,,,,,60,300,0.044267273945507106,-0.04588429112848615,diagnostic_2,500,acceleration_30s,,,,False,"[1877,2600,0,0,0]","[9.199730817726716e-05,9.128974034236028e-05,null,null,null]",4477,42,-0.0036677849258254934,absolute_futures_return
,,,,,12,60,0.06496643214089742,0.016395509023823973,diagnostic_2,500,acceleration_30s,,,,False,"[1877,2600,0,0,0]","[-2.7044560503426466e-05,1.916166674793483e-05,null,null,null]",4477,42,0.039240843581168194,near_atm_spread_change
,,,,,24,120,0.061193972500778855,0.017221955942162824,diagnostic_2,500,acceleration_30s,,,,False,"[1877,2600,0,0,0]","[-2.7044560503426466e-05,1.916166674793483e-05,null,null,null]",4477,42,0.039240843581168194,near_atm_spread_change
,,,,,60,300,0.0589736588152784,0.018105229716170457,diagnostic_2,500,acceleration_30s,,,,False,"[1877,2600,0,0,0]","[-2.7044560503426466e-05,1.916166674793483e-05,null,null,null]",4477,42,0.039240843581168194,near_atm_spread_change
,,,,,12,60,0.06985327098361754,-0.00821712230851449,diagnostic_2,500,acceleration_30s,,,,False,"[1877,2600,0,0,0]","[6.352231694414188e-05,7.901208976713511e-05,null,null,null]",4477,42,0.029478160796979257,absolute_atm_straddle_change
,,,,,24,120,0.07071701175862019,-0.008740766544293798,diagnostic_2,500,acceleration_30s,,,,False,"[1877,2600,0,0,0]","[6.352231694414188e-05,7.901208976713511e-05,null,null,null]",4477,42,0.029478160796979257,absolute_atm_straddle_change
,,,,,60,300,0.07435088287253169,-0.01113323917810222,diagnostic_2,500,acceleration_30s,,,,False,"[1877,2600,0,0,0]","[6.352231694414188e-05,7.901208976713511e-05,null,null,null]",4477,42,0.029478160796979257,absolute_atm_straddle_change
,,,,,12,60,0.047303459662783716,-0.018152640389546473,diagnostic_2,500,acceleration_30s,,,,False,"[1877,2600,0,0,0]","[-2.5615901800836834e-07,3.3482384703977286e-07,null,null,null]",4477,42,0.014931781296792042,parity_restoration
,,,,,24,120,0.04278441178961473,-0.015993906475960787,diagnostic_2,500,acceleration_30s,,,,False,"[1877,2600,0,0,0]","[-2.5615901800836834e-07,3.3482384703977286e-07,null,null,null]",4477,42,0.014931781296792042,parity_restoration
,,,,,60,300,0.03986346429587688,-0.014892303201474772,diagnostic_2,500,acceleration_30s,,,,False,"[1877,2600,0,0,0]","[-2.5615901800836834e-07,3.3482384703977286e-07,null,null,null]",4477,42,0.014931781296792042,parity_restoration
,,,,,12,60,-0.039207521141713546,-0.09652385578889182,diagnostic_2,500,curvature_30s,,,,False,"[1338,625,546,549,1419]","[0.046881726167695904,0.042936803915454104,0.04093721806597529,0.04203566254074815,0.04302183022050042]",4477,42,-0.06897085381722326,surface_displacement
,,,,,24,120,-0.03299978519979157,-0.1003239383593413,diagnostic_2,500,curvature_30s,,,,False,"[1338,625,546,549,1419]","[0.046881726167695904,0.042936803915454104,0.04093721806597529,0.04203566254074815,0.04302183022050042]",4477,42,-0.06897085381722326,surface_displacement
,,,,,60,300,-0.03488002657500555,-0.09970135494518449,diagnostic_2,500,curvature_30s,,,,False,"[1338,625,546,549,1419]","[0.046881726167695904,0.042936803915454104,0.04093721806597529,0.04203566254074815,0.04302183022050042]",4477,42,-0.06897085381722326,surface_displacement
,,,,,12,60,-0.03046475937569638,-0.08811931556320511,diagnostic_2,500,curvature_30s,,,,False,"[1338,625,546,549,1419]","[0.005859955705379335,0.005201053249835968,0.004838963349660237,0.0049782843754808325,0.005188328818463372]",4477,42,-0.0575973967663964,absolute_atm_iv_change
,,,,,24,120,-0.02590554341634356,-0.08235418918575067,diagnostic_2,500,curvature_30s,,,,False,"[1338,625,546,549,1419]","[0.005859955705379335,0.005201053249835968,0.004838963349660237,0.0049782843754808325,0.005188328818463372]",4477,42,-0.0575973967663964,absolute_atm_iv_change
,,,,,60,300,-0.023100168613048137,-0.0880372244336431,diagnostic_2,500,curvature_30s,,,,False,"[1338,625,546,549,1419]","[0.005859955705379335,0.005201053249835968,0.004838963349660237,0.0049782843754808325,0.005188328818463372]",4477,42,-0.0575973967663964,absolute_atm_iv_change
,,,,,12,60,0.022102219000249994,-0.03981906520898949,diagnostic_2,500,curvature_30s,,,,False,"[1338,625,546,549,1419]","[0.0001230608984963921,0.00013079491302238477,0.00012775914128136754,0.00013336470255018217,0.00012120539951984509]",4477,42,-0.007285422161106038,realized_futures_volatility
,,,,,24,120,0.022594456486007858,-0.0401472445144058,diagnostic_2,500,curvature_30s,,,,False,"[1338,625,546,549,1419]","[0.0001230608984963921,0.00013079491302238477,0.00012775914128136754,0.00013336470255018217,0.00012120539951984509]",4477,42,-0.007285422161106038,realized_futures_volatility
,,,,,60,300,0.022760465333219015,-0.04057530117968117,diagnostic_2,500,curvature_30s,,,,False,"[1338,625,546,549,1419]","[0.0001230608984963921,0.00013079491302238477,0.00012775914128136754,0.00013336470255018217,0.00012120539951984509]",4477,42,-0.007285422161106038,realized_futures_volatility
,,,,,12,60,0.0186234516742701,-0.03566894485385716,diagnostic_2,500,curvature_30s,,,,False,"[1338,625,546,549,1419]","[9.081431390280502e-05,9.670867919921875e-05,9.156146765628577e-05,9.9029263077755e-05,8.718827982197521e-05]",4477,42,-0.0076740487052081585,absolute_futures_return
,,,,,24,120,0.021748303265349357,-0.03641866521097679,diagnostic_2,500,curvature_30s,,,,False,"[1338,625,546,549,1419]","[9.081431390280502e-05,9.670867919921875e-05,9.156146765628577e-05,9.9029263077755e-05,8.718827982197521e-05]",4477,42,-0.0076740487052081585,absolute_futures_return
,,,,,60,300,0.01950347663522204,-0.037425259216607894,diagnostic_2,500,curvature_30s,,,,False,"[1338,625,546,549,1419]","[9.081431390280502e-05,9.670867919921875e-05,9.156146765628577e-05,9.9029263077755e-05,8.718827982197521e-05]",4477,42,-0.0076740487052081585,absolute_futures_return
,,,,,12,60,-0.011147457075989922,-0.07594692208795925,diagnostic_2,500,curvature_30s,,,,False,"[1338,625,546,549,1419]","[3.314520436323767e-05,2.534910587128252e-05,-9.629862495372242e-06,-7.368325803323711e-06,-3.652619121872201e-05]",4477,42,-0.04195984531144906,near_atm_spread_change
,,,,,24,120,-0.011626397125643083,-0.07195848997133535,diagnostic_2,500,curvature_30s,,,,False,"[1338,625,546,549,1419]","[3.314520436323767e-05,2.534910587128252e-05,-9.629862495372242e-06,-7.368325803323711e-06,-3.652619121872201e-05]",4477,42,-0.04195984531144906,near_atm_spread_change
,,,,,60,300,-0.014425839227182118,-0.07100917809713704,diagnostic_2,500,curvature_30s,,,,False,"[1338,625,546,549,1419]","[3.314520436323767e-05,2.534910587128252e-05,-9.629862495372242e-06,-7.368325803323711e-06,-3.652619121872201e-05]",4477,42,-0.04195984531144906,near_atm_spread_change
,,,,,12,60,0.02530143110834616,-0.029409265645608883,diagnostic_2,500,curvature_30s,,,,False,"[1338,625,546,549,1419]","[7.448078485370039e-05,7.601923048496246e-05,7.304512714837498e-05,8.288161567868648e-05,6.491252056429972e-05]",4477,42,-0.000644738895845159,absolute_atm_straddle_change
,,,,,24,120,0.029688981206100053,-0.030440166746958073,diagnostic_2,500,curvature_30s,,,,False,"[1338,625,546,549,1419]","[7.448078485370039e-05,7.601923048496246e-05,7.304512714837498e-05,8.288161567868648e-05,6.491252056429972e-05]",4477,42,-0.000644738895845159,absolute_atm_straddle_change
,,,,,60,300,0.0270966820013721,-0.027416017007629512,diagnostic_2,500,curvature_30s,,,,False,"[1338,625,546,549,1419]","[7.448078485370039e-05,7.601923048496246e-05,7.304512714837498e-05,8.288161567868648e-05,6.491252056429972e-05]",4477,42,-0.000644738895845159,absolute_atm_straddle_change
,,,,,12,60,0.021979663209780894,-0.03281692781066967,diagnostic_2,500,curvature_30s,,,,False,"[1338,625,546,549,1419]","[9.839227642981971e-07,-6.320068758213892e-07,-1.3272487554426695e-06,1.7660138767948653e-06,-5.47298543784074e-07]",4477,42,-0.0037575272551765015,parity_restoration
,,,,,24,120,0.022112394047643494,-0.03236494781304567,diagnostic_2,500,curvature_30s,,,,False,"[1338,625,546,549,1419]","[9.839227642981971e-07,-6.320068758213892e-07,-1.3272487554426695e-06,1.7660138767948653e-06,-5.47298543784074e-07]",4477,42,-0.0037575272551765015,parity_restoration
,,,,,60,300,0.021107024732067447,-0.03334402553524459,diagnostic_2,500,curvature_30s,,,,False,"[1338,625,546,549,1419]","[9.839227642981971e-07,-6.320068758213892e-07,-1.3272487554426695e-06,1.7660138767948653e-06,-5.47298543784074e-07]",4477,42,-0.0037575272551765015,parity_restoration
-0.22085643720126313,-0.12689893943666153,-0.21029562760833742,-0.21210210528807694,-0.2206168077093067,,,,,diagnostic_2,,acceleration_increment_30s,0.0018064776797395155,"{""60s"":{""mean_mae_reduction"":3.47398115730202e-05,""ci_low"":1.8021833602977223e-05,""ci_high"":5.195995528311862e-05,""positive_probability"":1.0,""block_rows"":12,""draws"":500},""120s"":{""mean_mae_reduction"":3.47398115730202e-05,""ci_low"":1.69413942137357e-05,""ci_high"":5.471862871063019e-05,""positive_probability"":1.0,""block_rows"":24,""draws"":500},""300s"":{""mean_mae_reduction"":3.47398115730202e-05,""ci_low"":1.1340223310168356e-05,""ci_high"":5.734360380260931e-05,""positive_probability"":1.0,""block_rows"":60,""draws"":500}}","{""base_to_candidate"":{""60s"":{""mean_mae_reduction"":0.0001984834110823628,""ci_low"":0.000168097720315191,""ci_high"":0.00022675802911306705,""positive_probability"":1.0,""block_rows"":12,""draws"":500},""120s"":{""mean_mae_reduction"":0.0001984834110823628,""ci_low"":0.00016820671651561142,""ci_high"":0.00022900994437146104,""positive_probability"":1.0,""block_rows"":24,""draws"":500},""300s"":{""mean_mae_reduction"":0.0001984834110823628,""ci_low"":0.00016584983369636463,""ci_high"":0.00023345133802479853,""positive_probability"":1.0,""block_rows"":60,""draws"":500}},""base_pca_to_candidate"":{""60s"":{""mean_mae_reduction"":0.0002488364761010569,""ci_low"":0.0002211647924210254,""ci_high"":0.0002774610978401736,""positive_probability"":1.0,""block_rows"":12,""draws"":500},""120s"":{""mean_mae_reduction"":0.0002488364761010569,""ci_low"":0.00021901661458327532,""ci_high"":0.00028329764920903046,""positive_probability"":1.0,""block_rows"":24,""draws"":500},""300s"":{""mean_mae_reduction"":0.0002488364761010569,""ci_low"":0.00021536046900415368,""ci_high"":0.00028012155303987695,""positive_probability"":1.0,""block_rows"":60,""draws"":500}}}",,,,,42,,surface_displacement
-0.209877436570292,-0.12284043386759524,-0.19649262134637646,-0.21210210528807694,-0.2206168077093067,,,,,diagnostic_2,,curvature_increment_30s,0.015609483941700475,"{""60s"":{""mean_mae_reduction"":0.00030018114088456747,""ci_low"":0.0002776746338317705,""ci_high"":0.0003255233734997277,""positive_probability"":1.0,""block_rows"":12,""draws"":500},""120s"":{""mean_mae_reduction"":0.00030018114088456747,""ci_low"":0.00027685875388732046,""ci_high"":0.00032765074849961696,""positive_probability"":1.0,""block_rows"":24,""draws"":500},""300s"":{""mean_mae_reduction"":0.00030018114088456747,""ci_low"":0.00027276065626677463,""ci_high"":0.00033078877645964115,""positive_probability"":1.0,""block_rows"":60,""draws"":500}}","{""base_to_candidate"":{""60s"":{""mean_mae_reduction"":0.00046392474039391,""ci_low"":0.00042109057250437577,""ci_high"":0.0005035314711419124,""positive_probability"":1.0,""block_rows"":12,""draws"":500},""120s"":{""mean_mae_reduction"":0.00046392474039391,""ci_low"":0.0004202464734289158,""ci_high"":0.0005076013151567687,""positive_probability"":1.0,""block_rows"":24,""draws"":500},""300s"":{""mean_mae_reduction"":0.00046392474039391,""ci_low"":0.0004125592684633522,""ci_high"":0.000518437135905941,""positive_probability"":1.0,""block_rows"":60,""draws"":500}},""base_pca_to_candidate"":{""60s"":{""mean_mae_reduction"":0.0003316846069160327,""ci_low"":0.00029327637586937623,""ci_high"":0.00036778574850047615,""positive_probability"":1.0,""block_rows"":12,""draws"":500},""120s"":{""mean_mae_reduction"":0.0003316846069160327,""ci_low"":0.0002920612460178225,""ci_high"":0.00037503711349966203,""positive_probability"":1.0,""block_rows"":24,""draws"":500},""300s"":{""mean_mae_reduction"":0.0003316846069160327,""ci_low"":0.00027645857370060914,""ci_high"":0.0003819290034395837,""positive_probability"":1.0,""block_rows"":60,""draws"":500}}}",,,,,42,,surface_displacement
0.1894556808438037,0.1652746890177087,0.18975700167468157,0.18974699000796313,0.1894451971199771,,,,,diagnostic_2,,acceleration_increment_30s,1.0011666718434675e-05,"{""60s"":{""mean_mae_reduction"":5.119275410984471e-08,""ci_low"":3.998869957461577e-08,""ci_high"":6.475739120006567e-08,""positive_probability"":1.0,""block_rows"":12,""draws"":500},""120s"":{""mean_mae_reduction"":5.119275410984471e-08,""ci_low"":3.74543374201086e-08,""ci_high"":6.438824830128072e-08,""positive_probability"":1.0,""block_rows"":24,""draws"":500},""300s"":{""mean_mae_reduction"":5.119275410984471e-08,""ci_low"":3.348156614772135e-08,""ci_high"":6.783235205924003e-08,""positive_probability"":1.0,""block_rows"":60,""draws"":500}}","{""base_to_candidate"":{""60s"":{""mean_mae_reduction"":1.59435330280902e-06,""ci_low"":1.2307057616008671e-06,""ci_high"":1.9197494182721275e-06,""positive_probability"":1.0,""block_rows"":12,""draws"":500},""120s"":{""mean_mae_reduction"":1.59435330280902e-06,""ci_low"":1.1889050425231737e-06,""ci_high"":2.002232263023872e-06,""positive_probability"":1.0,""block_rows"":24,""draws"":500},""300s"":{""mean_mae_reduction"":1.59435330280902e-06,""ci_low"":1.109391527670069e-06,""ci_high"":2.0832135321718856e-06,""positive_probability"":1.0,""block_rows"":60,""draws"":500}},""base_pca_to_candidate"":{""60s"":{""mean_mae_reduction"":2.925419570278277e-06,""ci_low"":2.558272329648461e-06,""ci_high"":3.291474316105705e-06,""positive_probability"":1.0,""block_rows"":12,""draws"":500},""120s"":{""mean_mae_reduction"":2.925419570278277e-06,""ci_low"":2.5030959056587474e-06,""ci_high"":3.4104198970400342e-06,""positive_probability"":1.0,""block_rows"":24,""draws"":500},""300s"":{""mean_mae_reduction"":2.925419570278277e-06,""ci_low"":2.2736685612749796e-06,""ci_high"":3.421247774019752e-06,""positive_probability"":1.0,""block_rows"":60,""draws"":500}}}",,,,,42,,absolute_atm_iv_change
0.19025454139187425,0.16552353546413923,0.19084506825777092,0.18974699000796313,0.1894451971199771,,,,,diagnostic_2,,curvature_increment_30s,0.001098078249807788,"{""60s"":{""mean_mae_reduction"":5.614814337727233e-06,""ci_low"":5.2758338234517014e-06,""ci_high"":5.983406307327252e-06,""positive_probability"":1.0,""block_rows"":12,""draws"":500},""120s"":{""mean_mae_reduction"":5.614814337727233e-06,""ci_low"":5.294998066416591e-06,""ci_high"":5.950459497954106e-06,""positive_probability"":1.0,""block_rows"":24,""draws"":500},""300s"":{""mean_mae_reduction"":5.614814337727233e-06,""ci_low"":5.291702072075389e-06,""ci_high"":6.0097623972711805e-06,""positive_probability"":1.0,""block_rows"":60,""draws"":500}}","{""base_to_candidate"":{""60s"":{""mean_mae_reduction"":7.157974886426408e-06,""ci_low"":6.624534312844776e-06,""ci_high"":7.685550988766128e-06,""positive_probability"":1.0,""block_rows"":12,""draws"":500},""120s"":{""mean_mae_reduction"":7.157974886426408e-06,""ci_low"":6.552324426978669e-06,""ci_high"":7.768032959322938e-06,""positive_probability"":1.0,""block_rows"":24,""draws"":500},""300s"":{""mean_mae_reduction"":7.157974886426408e-06,""ci_low"":6.456436067661736e-06,""ci_high"":7.883975811262862e-06,""positive_probability"":1.0,""block_rows"":60,""draws"":500}},""base_pca_to_candidate"":{""60s"":{""mean_mae_reduction"":5.77248814037272e-06,""ci_low"":5.144194497271701e-06,""ci_high"":6.37615146862627e-06,""positive_probability"":1.0,""block_rows"":12,""draws"":500},""120s"":{""mean_mae_reduction"":5.77248814037272e-06,""ci_low"":5.19619128660483e-06,""ci_high"":6.435346688649543e-06,""positive_probability"":1.0,""block_rows"":24,""draws"":500},""300s"":{""mean_mae_reduction"":5.77248814037272e-06,""ci_low"":4.797033261071701e-06,""ci_high"":6.545091006506076e-06,""positive_probability"":1.0,""block_rows"":60,""draws"":500}}}",,,,,42,,absolute_atm_iv_change
,,,,,12,60,0.23105745006317474,0.1426757189580989,diagnostic_1,500,velocity_60s,,,,False,"[1486,856,0,0,0]","[0.04069106718076598,0.049117563792015845,null,null,null]",2342,42,0.1854299498785895,surface_displacement
,,,,,24,120,0.2283711192682771,0.14240347967618242,diagnostic_1,500,velocity_60s,,,,False,"[1486,856,0,0,0]","[0.04069106718076598,0.049117563792015845,null,null,null]",2342,42,0.1854299498785895,surface_displacement
,,,,,60,300,0.23533787552486637,0.13307893530651016,diagnostic_1,500,velocity_60s,,,,False,"[1486,856,0,0,0]","[0.04069106718076598,0.049117563792015845,null,null,null]",2342,42,0.1854299498785895,surface_displacement
,,,,,12,60,0.17468858216031155,0.0883264028184154,diagnostic_1,500,velocity_60s,,,,False,"[1486,856,0,0,0]","[0.004150092897593253,0.005246339766221626,null,null,null]",2342,42,0.1319258182350754,absolute_atm_iv_change
,,,,,24,120,0.17619732654332498,0.09176793415642362,diagnostic_1,500,velocity_60s,,,,False,"[1486,856,0,0,0]","[0.004150092897593253,0.005246339766221626,null,null,null]",2342,42,0.1319258182350754,absolute_atm_iv_change
,,,,,60,300,0.17223407976620198,0.08873061202284768,diagnostic_1,500,velocity_60s,,,,False,"[1486,856,0,0,0]","[0.004150092897593253,0.005246339766221626,null,null,null]",2342,42,0.1319258182350754,absolute_atm_iv_change
,,,,,12,60,0.11641789816094324,-0.013826219367974667,diagnostic_1,500,velocity_60s,,,,False,"[1486,856,0,0,0]","[0.0001107649296667712,0.0001197272568970325,null,null,null]",2342,42,0.04379941877512029,realized_futures_volatility
,,,,,24,120,0.11689755084899937,-0.019188421509023355,diagnostic_1,500,velocity_60s,,,,False,"[1486,856,0,0,0]","[0.0001107649296667712,0.0001197272568970325,null,null,null]",2342,42,0.04379941877512029,realized_futures_volatility
,,,,,60,300,0.12616608812890998,-0.02651643916526096,diagnostic_1,500,velocity_60s,,,,False,"[1486,856,0,0,0]","[0.0001107649296667712,0.0001197272568970325,null,null,null]",2342,42,0.04379941877512029,realized_futures_volatility
,,,,,12,60,0.11455182764299472,0.01230572867961452,diagnostic_1,500,velocity_60s,,,,False,"[1486,856,0,0,0]","[8.213600271643412e-05,9.416976821756809e-05,null,null,null]",2342,42,0.06266844325791447,absolute_futures_return
,,,,,24,120,0.11251087250615054,0.007812628738250373,diagnostic_1,500,velocity_60s,,,,False,"[1486,856,0,0,0]","[8.213600271643412e-05,9.416976821756809e-05,null,null,null]",2342,42,0.06266844325791447,absolute_futures_return
,,,,,60,300,0.1239693816216269,0.01478037144929476,diagnostic_1,500,velocity_60s,,,,False,"[1486,856,0,0,0]","[8.213600271643412e-05,9.416976821756809e-05,null,null,null]",2342,42,0.06266844325791447,absolute_futures_return
,,,,,12,60,0.11414346007150053,0.040055909829104244,diagnostic_1,500,velocity_60s,,,,False,"[1486,856,0,0,0]","[-3.3894335335351824e-05,5.393211727648556e-05,null,null,null]",2342,42,0.0756870210101082,near_atm_spread_change
,,,,,24,120,0.10713336939015845,0.0417276118883994,diagnostic_1,500,velocity_60s,,,,False,"[1486,856,0,0,0]","[-3.3894335335351824e-05,5.393211727648556e-05,null,null,null]",2342,42,0.0756870210101082,near_atm_spread_change
,,,,,60,300,0.10599434357783578,0.04012418018358071,diagnostic_1,500,velocity_60s,,,,False,"[1486,856,0,0,0]","[-3.3894335335351824e-05,5.393211727648556e-05,null,null,null]",2342,42,0.0756870210101082,near_atm_spread_change
,,,,,12,60,0.030066974278727867,-0.07227110244294782,diagnostic_1,500,velocity_60s,,,,False,"[1486,856,0,0,0]","[4.511598740800874e-05,4.8268600541088625e-05,null,null,null]",2342,42,-0.022276386616349703,absolute_atm_straddle_change
,,,,,24,120,0.03643386734044892,-0.07541613518403573,diagnostic_1,500,velocity_60s,,,,False,"[1486,856,0,0,0]","[4.511598740800874e-05,4.8268600541088625e-05,null,null,null]",2342,42,-0.022276386616349703,absolute_atm_straddle_change
,,,,,60,300,0.04177329387872997,-0.07679069538407404,diagnostic_1,500,velocity_60s,,,,False,"[1486,856,0,0,0]","[4.511598740800874e-05,4.8268600541088625e-05,null,null,null]",2342,42,-0.022276386616349703,absolute_atm_straddle_change
,,,,,12,60,0.06258220090058121,-0.03605345498276794,diagnostic_1,500,velocity_60s,,,,False,"[1486,856,0,0,0]","[2.61693446997874e-07,5.347970073102108e-07,null,null,null]",2342,42,0.0063013267326515595,parity_restoration
,,,,,24,120,0.05080015238640511,-0.038149208190209595,diagnostic_1,500,velocity_60s,,,,False,"[1486,856,0,0,0]","[2.61693446997874e-07,5.347970073102108e-07,null,null,null]",2342,42,0.0063013267326515595,parity_restoration
,,,,,60,300,0.048948325539443144,-0.026836021362095598,diagnostic_1,500,velocity_60s,,,,False,"[1486,856,0,0,0]","[2.61693446997874e-07,5.347970073102108e-07,null,null,null]",2342,42,0.0063013267326515595,parity_restoration
,,,,,12,60,0.1800164853870777,0.09611262691027633,diagnostic_1,500,acceleration_60s,,,,False,"[1392,950,0,0,0]","[0.04151922892211023,0.04707030923895409,null,null,null]",2342,42,0.13808876471144557,surface_displacement
,,,,,24,120,0.18133379917064424,0.09361939657275728,diagnostic_1,500,acceleration_60s,,,,False,"[1392,950,0,0,0]","[0.04151922892211023,0.04707030923895409,null,null,null]",2342,42,0.13808876471144557,surface_displacement
,,,,,60,300,0.18460007212212928,0.08486651643291573,diagnostic_1,500,acceleration_60s,,,,False,"[1392,950,0,0,0]","[0.04151922892211023,0.04707030923895409,null,null,null]",2342,42,0.13808876471144557,surface_displacement
,,,,,12,60,0.14612099077999344,0.06521814028753943,diagnostic_1,500,acceleration_60s,,,,False,"[1392,950,0,0,0]","[0.004249134395357178,0.004992747165654835,null,null,null]",2342,42,0.10587939668613466,absolute_atm_iv_change
,,,,,24,120,0.1489706246205173,0.06368785432559931,diagnostic_1,500,acceleration_60s,,,,False,"[1392,950,0,0,0]","[0.004249134395357178,0.004992747165654835,null,null,null]",2342,42,0.10587939668613466,absolute_atm_iv_change
,,,,,60,300,0.15035696686137176,0.06362487215341946,diagnostic_1,500,acceleration_60s,,,,False,"[1392,950,0,0,0]","[0.004249134395357178,0.004992747165654835,null,null,null]",2342,42,0.10587939668613466,absolute_atm_iv_change
,,,,,12,60,0.10929880857713621,-0.02947230085229066,diagnostic_1,500,acceleration_60s,,,,False,"[1392,950,0,0,0]","[0.00011008059148656916,0.00011984319372566058,null,null,null]",2342,42,0.034467098238631484,realized_futures_volatility
,,,,,24,120,0.1155523477755597,-0.03294773571100575,diagnostic_1,500,acceleration_60s,,,,False,"[1392,950,0,0,0]","[0.00011008059148656916,0.00011984319372566058,null,null,null]",2342,42,0.034467098238631484,realized_futures_volatility
,,,,,60,300,0.12564678572222862,-0.0470329468667268,diagnostic_1,500,acceleration_60s,,,,False,"[1392,950,0,0,0]","[0.00011008059148656916,0.00011984319372566058,null,null,null]",2342,42,0.034467098238631484,realized_futures_volatility
,,,,,12,60,0.12977866445076655,0.020468990555903035,diagnostic_1,500,acceleration_60s,,,,False,"[1392,950,0,0,0]","[8.077525544440609e-05,9.497291163394326e-05,null,null,null]",2342,42,0.07351915041772407,absolute_futures_return
,,,,,24,120,0.1380138349701475,0.02036087902051774,diagnostic_1,500,acceleration_60s,,,,False,"[1392,950,0,0,0]","[8.077525544440609e-05,9.497291163394326e-05,null,null,null]",2342,42,0.07351915041772407,absolute_futures_return
,,,,,60,300,0.14107985421630967,0.02589970875106616,diagnostic_1,500,acceleration_60s,,,,False,"[1392,950,0,0,0]","[8.077525544440609e-05,9.497291163394326e-05,null,null,null]",2342,42,0.07351915041772407,absolute_futures_return
,,,,,12,60,0.07533886465647271,-0.00047707070708305786,diagnostic_1,500,acceleration_60s,,,,False,"[1392,950,0,0,0]","[-2.8632648285691113e-05,3.753216473054827e-05,null,null,null]",2342,42,0.03766554463575491,near_atm_spread_change
,,,,,24,120,0.07258701963478191,0.002283455728182375,diagnostic_1,500,acceleration_60s,,,,False,"[1392,950,0,0,0]","[-2.8632648285691113e-05,3.753216473054827e-05,null,null,null]",2342,42,0.03766554463575491,near_atm_spread_change
,,,,,60,300,0.07541521698123026,0.0017231228398826483,diagnostic_1,500,acceleration_60s,,,,False,"[1392,950,0,0,0]","[-2.8632648285691113e-05,3.753216473054827e-05,null,null,null]",2342,42,0.03766554463575491,near_atm_spread_change
,,,,,12,60,0.007841614958280658,-0.09428086849185495,diagnostic_1,500,acceleration_60s,,,,False,"[1392,950,0,0,0]","[4.548290155656722e-05,4.7419031983927674e-05,null,null,null]",2342,42,-0.04511703730758116,absolute_atm_straddle_change
,,,,,24,120,0.011738549014492875,-0.10006096515410368,diagnostic_1,500,acceleration_60s,,,,False,"[1392,950,0,0,0]","[4.548290155656722e-05,4.7419031983927674e-05,null,null,null]",2342,42,-0.04511703730758116,absolute_atm_straddle_change
,,,,,60,300,0.016187132672667033,-0.09831172181483314,diagnostic_1,500,acceleration_60s,,,,False,"[1392,950,0,0,0]","[4.548290155656722e-05,4.7419031983927674e-05,null,null,null]",2342,42,-0.04511703730758116,absolute_atm_straddle_change
,,,,,12,60,0.05262088620081409,-0.05309289897749063,diagnostic_1,500,acceleration_60s,,,,False,"[1392,950,0,0,0]","[4.841911533375601e-07,1.8175643689526049e-07,null,null,null]",2342,42,-0.0024633927840495276,parity_restoration
,,,,,24,120,0.0402387490587461,-0.04930102944257401,diagnostic_1,500,acceleration_60s,,,,False,"[1392,950,0,0,0]","[4.841911533375601e-07,1.8175643689526049e-07,null,null,null]",2342,42,-0.0024633927840495276,parity_restoration
,,,,,60,300,0.05012311296271329,-0.05249958846733201,diagnostic_1,500,acceleration_60s,,,,False,"[1392,950,0,0,0]","[4.841911533375601e-07,1.8175643689526049e-07,null,null,null]",2342,42,-0.0024633927840495276,parity_restoration
,,,,,12,60,-0.03225427556798849,-0.10560015074150081,diagnostic_1,500,curvature_60s,,,,False,"[669,349,343,307,674]","[0.04643383545097516,0.042488681457601284,0.0434345043392904,0.04391511035109211,0.041897330600915]",2342,42,-0.06620867899541796,surface_displacement
,,,,,24,120,-0.0313268896009882,-0.09979652042932706,diagnostic_1,500,curvature_60s,,,,False,"[669,349,343,307,674]","[0.04643383545097516,0.042488681457601284,0.0434345043392904,0.04391511035109211,0.041897330600915]",2342,42,-0.06620867899541796,surface_displacement
,,,,,60,300,-0.03274523329326535,-0.1004503512609723,diagnostic_1,500,curvature_60s,,,,False,"[669,349,343,307,674]","[0.04643383545097516,0.042488681457601284,0.0434345043392904,0.04391511035109211,0.041897330600915]",2342,42,-0.06620867899541796,surface_displacement
,,,,,12,60,-0.012360489787879257,-0.08567032446431756,diagnostic_1,500,curvature_60s,,,,False,"[669,349,343,307,674]","[0.004908485374286749,0.004307339581684944,0.0046750461090757965,0.00440152040424875,0.004326497146566827]",2342,42,-0.048845404861078724,absolute_atm_iv_change
,,,,,24,120,-0.015212944935356148,-0.08988334957435389,diagnostic_1,500,curvature_60s,,,,False,"[669,349,343,307,674]","[0.004908485374286749,0.004307339581684944,0.0046750461090757965,0.00440152040424875,0.004326497146566827]",2342,42,-0.048845404861078724,absolute_atm_iv_change
,,,,,60,300,-0.016004029597765007,-0.08180103760628958,diagnostic_1,500,curvature_60s,,,,False,"[669,349,343,307,674]","[0.004908485374286749,0.004307339581684944,0.0046750461090757965,0.00440152040424875,0.004326497146566827]",2342,42,-0.048845404861078724,absolute_atm_iv_change
,,,,,12,60,0.06532454857240685,-0.03394426912312058,diagnostic_1,500,curvature_60s,,,,False,"[669,349,343,307,674]","[0.00011067628398972622,0.00011183610015123835,0.00011385744916486683,0.00011851888065832619,0.00011657504899275568]",2342,42,0.01583133948554993,realized_futures_volatility
,,,,,24,120,0.06437884069364155,-0.0285868903865564,diagnostic_1,500,curvature_60s,,,,False,"[669,349,343,307,674]","[0.00011067628398972622,0.00011183610015123835,0.00011385744916486683,0.00011851888065832619,0.00011657504899275568]",2342,42,0.01583133948554993,realized_futures_volatility
,,,,,60,300,0.06272680752724633,-0.028304811830180007,diagnostic_1,500,curvature_60s,,,,False,"[669,349,343,307,674]","[0.00011067628398972622,0.00011183610015123835,0.00011385744916486683,0.00011851888065832619,0.00011657504899275568]",2342,42,0.01583133948554993,realized_futures_volatility
,,,,,12,60,0.047952720382798644,-0.05059986005644182,diagnostic_1,500,curvature_60s,,,,False,"[669,349,343,307,674]","[8.580930564435609e-05,8.761780309813754e-05,8.61726766425041e-05,8.602328719844259e-05,8.710980061607473e-05]",2342,42,-0.0035438204673057575,absolute_futures_return
,,,,,24,120,0.04267260091350584,-0.045957332515232964,diagnostic_1,500,curvature_60s,,,,False,"[669,349,343,307,674]","[8.580930564435609e-05,8.761780309813754e-05,8.61726766425041e-05,8.602328719844259e-05,8.710980061607473e-05]",2342,42,-0.0035438204673057575,absolute_futures_return
,,,,,60,300,0.04525396209380245,-0.047755058278408154,diagnostic_1,500,curvature_60s,,,,False,"[669,349,343,307,674]","[8.580930564435609e-05,8.761780309813754e-05,8.61726766425041e-05,8.602328719844259e-05,8.710980061607473e-05]",2342,42,-0.0035438204673057575,absolute_futures_return
,,,,,12,60,-0.017341319262529995,-0.09582999914255809,diagnostic_1,500,curvature_60s,,,,False,"[669,349,343,307,674]","[7.253142096981356e-05,-4.0812036471193214e-05,-5.433513726407809e-05,3.0382622762564995e-05,-4.328148802158558e-05]",2342,42,-0.060471385596105785,near_atm_spread_change
,,,,,24,120,-0.016614401666905598,-0.10186583703327674,diagnostic_1,500,curvature_60s,,,,False,"[669,349,343,307,674]","[7.253142096981356e-05,-4.0812036471193214e-05,-5.433513726407809e-05,3.0382622762564995e-05,-4.328148802158558e-05]",2342,42,-0.060471385596105785,near_atm_spread_change
,,,,,60,300,-0.01830405072768582,-0.09920471176093945,diagnostic_1,500,curvature_60s,,,,False,"[669,349,343,307,674]","[7.253142096981356e-05,-4.0812036471193214e-05,-5.433513726407809e-05,3.0382622762564995e-05,-4.328148802158558e-05]",2342,42,-0.060471385596105785,near_atm_spread_change
,,,,,12,60,0.02798306494100918,-0.05464577651348981,diagnostic_1,500,curvature_60s,,,,False,"[669,349,343,307,674]","[4.653116306693743e-05,4.843787895915843e-05,4.351197717488681e-05,4.6100813276604646e-05,4.6362839252287275e-05]",2342,42,-0.013253875666924524,absolute_atm_straddle_change
,,,,,24,120,0.030450398568953416,-0.056200282164458895,diagnostic_1,500,curvature_60s,,,,False,"[669,349,343,307,674]","[4.653116306693743e-05,4.843787895915843e-05,4.351197717488681e-05,4.6100813276604646e-05,4.6362839252287275e-05]",2342,42,-0.013253875666924524,absolute_atm_straddle_change
,,,,,60,300,0.04440566607274655,-0.059549538215165,diagnostic_1,500,curvature_60s,,,,False,"[669,349,343,307,674]","[4.653116306693743e-05,4.843787895915843e-05,4.351197717488681e-05,4.6100813276604646e-05,4.6362839252287275e-05]",2342,42,-0.013253875666924524,absolute_atm_straddle_change
,,,,,12,60,0.030042528770513745,-0.05026665971548553,diagnostic_1,500,curvature_60s,,,,False,"[669,349,343,307,674]","[3.902811428893257e-07,-5.237506044578918e-07,6.483822146552118e-07,8.378407334607755e-07,4.283996618101346e-07]",2342,42,-0.007871511084723847,parity_restoration
,,,,,24,120,0.030692105745228748,-0.05101292411124381,diagnostic_1,500,curvature_60s,,,,False,"[669,349,343,307,674]","[3.902811428893257e-07,-5.237506044578918e-07,6.483822146552118e-07,8.378407334607755e-07,4.283996618101346e-07]",2342,42,-0.007871511084723847,parity_restoration
,,,,,60,300,0.03786510590482568,-0.05888244960417566,diagnostic_1,500,curvature_60s,,,,False,"[669,349,343,307,674]","[3.902811428893257e-07,-5.237506044578918e-07,6.483822146552118e-07,8.378407334607755e-07,4.283996618101346e-07]",2342,42,-0.007871511084723847,parity_restoration
-0.08485065348120369,-0.007510460490344428,-0.08262933484048385,-0.0894056436112749,-0.08200533791537845,,,,,diagnostic_1,,acceleration_increment_60s,0.006776308770791051,"{""60s"":{""mean_mae_reduction"":0.00012993383679690235,""ci_low"":0.00011062289815176787,""ci_high"":0.00015346539025179486,""positive_probability"":1.0,""block_rows"":12,""draws"":500},""120s"":{""mean_mae_reduction"":0.00012993383679690235,""ci_low"":0.0001052947648360883,""ci_high"":0.00015734407732445062,""positive_probability"":1.0,""block_rows"":24,""draws"":500},""300s"":{""mean_mae_reduction"":0.00012993383679690235,""ci_low"":9.558949250730466e-05,""ci_high"":0.00016267651417436373,""positive_probability"":1.0,""block_rows"":60,""draws"":500}}","{""base_to_candidate"":{""60s"":{""mean_mae_reduction"":-1.1964967561375493e-05,""ci_low"":-3.815702494564363e-05,""ci_high"":1.6220856147356278e-05,""positive_probability"":0.224,""block_rows"":12,""draws"":500},""120s"":{""mean_mae_reduction"":-1.1964967561375493e-05,""ci_low"":-4.56835652309517e-05,""ci_high"":2.1611299590401868e-05,""positive_probability"":0.26,""block_rows"":24,""draws"":500},""300s"":{""mean_mae_reduction"":-1.1964967561375493e-05,""ci_low"":-5.688429525297003e-05,""ci_high"":3.2760005074284185e-05,""positive_probability"":0.346,""block_rows"":60,""draws"":500}},""base_pca_to_candidate"":{""60s"":{""mean_mae_reduction"":-0.00029061964877499563,""ci_low"":-0.00033061017275295106,""ci_high"":-0.0002531442021908247,""positive_probability"":0.0,""block_rows"":12,""draws"":500},""120s"":{""mean_mae_reduction"":-0.00029061964877499563,""ci_low"":-0.0003332498496450657,""ci_high"":-0.00024618933000301153,""positive_probability"":0.0,""block_rows"":24,""draws"":500},""300s"":{""mean_mae_reduction"":-0.00029061964877499563,""ci_low"":-0.00033428641039156084,""ci_high"":-0.00024326839534807471,""positive_probability"":0.0,""block_rows"":60,""draws"":500}}}",,,,,42,,surface_displacement
-0.08356881492967871,-0.004598457900518271,-0.09304374726275455,-0.0894056436112749,-0.08200533791537845,,,,,diagnostic_1,,curvature_increment_60s,-0.0036381036514796516,"{""60s"":{""mean_mae_reduction"":-6.975962608716723e-05,""ci_low"":-8.505533178954348e-05,""ci_high"":-5.430965857517384e-05,""positive_probability"":0.0,""block_rows"":12,""draws"":500},""120s"":{""mean_mae_reduction"":-6.975962608716723e-05,""ci_low"":-8.7897263685563e-05,""ci_high"":-5.146386286642116e-05,""positive_probability"":0.0,""block_rows"":24,""draws"":500},""300s"":{""mean_mae_reduction"":-6.975962608716723e-05,""ci_low"":-8.73213674508249e-05,""ci_high"":-4.840194567349445e-05,""positive_probability"":0.0,""block_rows"":60,""draws"":500}}","{""base_to_candidate"":{""60s"":{""mean_mae_reduction"":-0.00021165843044544506,""ci_low"":-0.00026565038459350844,""ci_high"":-0.00015988823947437787,""positive_probability"":0.0,""block_rows"":12,""draws"":500},""120s"":{""mean_mae_reduction"":-0.00021165843044544506,""ci_low"":-0.000277772774684575,""ci_high"":-0.0001468379229282226,""positive_probability"":0.0,""block_rows"":24,""draws"":500},""300s"":{""mean_mae_reduction"":-0.00021165843044544506,""ci_low"":-0.0003008159423565021,""ci_high"":-0.00012370855616475703,""positive_probability"":0.0,""block_rows"":60,""draws"":500}},""base_pca_to_candidate"":{""60s"":{""mean_mae_reduction"":-0.00046986955634571015,""ci_low"":-0.0005411842583252141,""ci_high"":-0.0004067611576921895,""positive_probability"":0.0,""block_rows"":12,""draws"":500},""120s"":{""mean_mae_reduction"":-0.00046986955634571015,""ci_low"":-0.0005404477451536087,""ci_high"":-0.0003907355521962624,""positive_probability"":0.0,""block_rows"":24,""draws"":500},""300s"":{""mean_mae_reduction"":-0.00046986955634571015,""ci_low"":-0.0005497223551366945,""ci_high"":-0.00037859743856352273,""positive_probability"":0.0,""block_rows"":60,""draws"":500}}}",,,,,42,,surface_displacement
0.1712792442632095,0.14043045066570892,0.17134493970451725,0.17088610031810658,0.1716380222591154,,,,,diagnostic_1,,acceleration_increment_60s,0.0004588393864106699,"{""60s"":{""mean_mae_reduction"":1.9928743357727073e-06,""ci_low"":1.677593615208411e-06,""ci_high"":2.3632126116896112e-06,""positive_probability"":1.0,""block_rows"":12,""draws"":500},""120s"":{""mean_mae_reduction"":1.9928743357727073e-06,""ci_low"":1.6036666742820527e-06,""ci_high"":2.4262706185880966e-06,""positive_probability"":1.0,""block_rows"":24,""draws"":500},""300s"":{""mean_mae_reduction"":1.9928743357727073e-06,""ci_low"":1.4243314097119754e-06,""ci_high"":2.533301195236555e-06,""positive_probability"":1.0,""block_rows"":60,""draws"":500}}","{""base_to_candidate"":{""60s"":{""mean_mae_reduction"":-1.2729436892715983e-06,""ci_low"":-1.8318416054572174e-06,""ci_high"":-7.043399540830501e-07,""positive_probability"":0.0,""block_rows"":12,""draws"":500},""120s"":{""mean_mae_reduction"":-1.2729436892715983e-06,""ci_low"":-2.0056754873557723e-06,""ci_high"":-5.460464482061284e-07,""positive_probability"":0.0,""block_rows"":24,""draws"":500},""300s"":{""mean_mae_reduction"":-1.2729436892715983e-06,""ci_low"":-2.2422962342496293e-06,""ci_high"":-3.173691179249492e-07,""positive_probability"":0.006,""block_rows"":60,""draws"":500}},""base_pca_to_candidate"":{""60s"":{""mean_mae_reduction"":-1.0452967532132531e-05,""ci_low"":-1.131092858374012e-05,""ci_high"":-9.539800091044866e-06,""positive_probability"":0.0,""block_rows"":12,""draws"":500},""120s"":{""mean_mae_reduction"":-1.0452967532132531e-05,""ci_low"":-1.1581515237472966e-05,""ci_high"":-9.266251655076093e-06,""positive_probability"":0.0,""block_rows"":24,""draws"":500},""300s"":{""mean_mae_reduction"":-1.0452967532132531e-05,""ci_low"":-1.2073896167464162e-05,""ci_high"":-8.98234995284574e-06,""positive_probability"":0.0,""block_rows"":60,""draws"":500}}}",,,,,42,,absolute_atm_iv_change
0.1715047715851692,0.1412161701453587,0.17056759693202406,0.17088610031810658,0.1716380222591154,,,,,diagnostic_1,,curvature_increment_60s,-0.0003185033860825248,"{""60s"":{""mean_mae_reduction"":-1.3833538331260526e-06,""ci_low"":-1.6347759125496364e-06,""ci_high"":-1.1501968518387622e-06,""positive_probability"":0.0,""block_rows"":12,""draws"":500},""120s"":{""mean_mae_reduction"":-1.3833538331260526e-06,""ci_low"":-1.6722259135091264e-06,""ci_high"":-1.11865027558377e-06,""positive_probability"":0.0,""block_rows"":24,""draws"":500},""300s"":{""mean_mae_reduction"":-1.3833538331260526e-06,""ci_low"":-1.646683904565773e-06,""ci_high"":-1.0526339322543137e-06,""positive_probability"":0.0,""block_rows"":60,""draws"":500}}","{""base_to_candidate"":{""60s"":{""mean_mae_reduction"":-4.6491718581703575e-06,""ci_low"":-5.620837829045322e-06,""ci_high"":-3.6599035455928184e-06,""positive_probability"":0.0,""block_rows"":12,""draws"":500},""120s"":{""mean_mae_reduction"":-4.6491718581703575e-06,""ci_low"":-5.9192953321730105e-06,""ci_high"":-3.3855548232545283e-06,""positive_probability"":0.0,""block_rows"":24,""draws"":500},""300s"":{""mean_mae_reduction"":-4.6491718581703575e-06,""ci_low"":-6.453189333777453e-06,""ci_high"":-2.871600263513122e-06,""positive_probability"":0.0,""block_rows"":60,""draws"":500}},""base_pca_to_candidate"":{""60s"":{""mean_mae_reduction"":-1.4110405127381837e-05,""ci_low"":-1.5340691879715408e-05,""ci_high"":-1.2842870591242704e-05,""positive_probability"":0.0,""block_rows"":12,""draws"":500},""120s"":{""mean_mae_reduction"":-1.4110405127381837e-05,""ci_low"":-1.5799157527577048e-05,""ci_high"":-1.2392167605554496e-05,""positive_probability"":0.0,""block_rows"":24,""draws"":500},""300s"":{""mean_mae_reduction"":-1.4110405127381837e-05,""ci_low"":-1.6381256577363608e-05,""ci_high"":-1.18335876157694e-05,""positive_probability"":0.0,""block_rows"":60,""draws"":500}}}",,,,,42,,absolute_atm_iv_change
,,,,,12,60,0.21444915617342095,0.15635232965645476,diagnostic_2,500,velocity_60s,,,,False,"[2013,2464,0,0,0]","[0.04013392893838591,0.04677391639137518,null,null,null]",4477,42,0.18543153656482095,surface_displacement
,,,,,24,120,0.2136219250860723,0.15295070808599093,diagnostic_2,500,velocity_60s,,,,False,"[2013,2464,0,0,0]","[0.04013392893838591,0.04677391639137518,null,null,null]",4477,42,0.18543153656482095,surface_displacement
,,,,,60,300,0.2127309231747499,0.14826906207088983,diagnostic_2,500,velocity_60s,,,,False,"[2013,2464,0,0,0]","[0.04013392893838591,0.04677391639137518,null,null,null]",4477,42,0.18543153656482095,surface_displacement
,,,,,12,60,0.1714874793059158,0.11229996984641145,diagnostic_2,500,velocity_60s,,,,False,"[2013,2464,0,0,0]","[0.004750172578453484,0.00579000499958245,null,null,null]",4477,42,0.14301093456405595,absolute_atm_iv_change
,,,,,24,120,0.16889048073799146,0.11413899674124657,diagnostic_2,500,velocity_60s,,,,False,"[2013,2464,0,0,0]","[0.004750172578453484,0.00579000499958245,null,null,null]",4477,42,0.14301093456405595,absolute_atm_iv_change
,,,,,60,300,0.16536230129496102,0.11461078996316765,diagnostic_2,500,velocity_60s,,,,False,"[2013,2464,0,0,0]","[0.004750172578453484,0.00579000499958245,null,null,null]",4477,42,0.14301093456405595,absolute_atm_iv_change
,,,,,12,60,0.05297906623270875,-0.02891271188176263,diagnostic_2,500,velocity_60s,,,,False,"[2013,2464,0,0,0]","[0.00012412720906323328,0.00012641980752484228,null,null,null]",4477,42,0.009433952515306349,realized_futures_volatility
,,,,,24,120,0.05126171450234834,-0.031036401551276235,diagnostic_2,500,velocity_60s,,,,False,"[2013,2464,0,0,0]","[0.00012412720906323328,0.00012641980752484228,null,null,null]",4477,42,0.009433952515306349,realized_futures_volatility
,,,,,60,300,0.06307485701472135,-0.02653708636808106,diagnostic_2,500,velocity_60s,,,,False,"[2013,2464,0,0,0]","[0.00012412720906323328,0.00012641980752484228,null,null,null]",4477,42,0.009433952515306349,realized_futures_volatility
,,,,,12,60,0.0616443846965613,-0.014027990818909755,diagnostic_2,500,velocity_60s,,,,False,"[2013,2464,0,0,0]","[8.848373178102102e-05,9.412115270441228e-05,null,null,null]",4477,42,0.022387961838276245,absolute_futures_return
,,,,,24,120,0.05664249702335879,-0.01567504056574266,diagnostic_2,500,velocity_60s,,,,False,"[2013,2464,0,0,0]","[8.848373178102102e-05,9.412115270441228e-05,null,null,null]",4477,42,0.022387961838276245,absolute_futures_return
,,,,,60,300,0.06563268025838383,-0.010743503492670626,diagnostic_2,500,velocity_60s,,,,False,"[2013,2464,0,0,0]","[8.848373178102102e-05,9.412115270441228e-05,null,null,null]",4477,42,0.022387961838276245,absolute_futures_return
,,,,,12,60,0.11904986192798207,0.059674881774641336,diagnostic_2,500,velocity_60s,,,,False,"[2013,2464,0,0,0]","[-5.469865145872384e-05,4.430441512423303e-05,null,null,null]",4477,42,0.08938401950045953,near_atm_spread_change
,,,,,24,120,0.11841393016381416,0.06306583985301267,diagnostic_2,500,velocity_60s,,,,False,"[2013,2464,0,0,0]","[-5.469865145872384e-05,4.430441512423303e-05,null,null,null]",4477,42,0.08938401950045953,near_atm_spread_change
,,,,,60,300,0.11649952956735368,0.06265825915595462,diagnostic_2,500,velocity_60s,,,,False,"[2013,2464,0,0,0]","[-5.469865145872384e-05,4.430441512423303e-05,null,null,null]",4477,42,0.08938401950045953,near_atm_spread_change
,,,,,12,60,0.0676772499838657,-0.0058883121032495414,diagnostic_2,500,velocity_60s,,,,False,"[2013,2464,0,0,0]","[6.488694310173488e-05,7.875219392650701e-05,null,null,null]",4477,42,0.02864330264073805,absolute_atm_straddle_change
,,,,,24,120,0.06584823923740239,-0.010923860476616412,diagnostic_2,500,velocity_60s,,,,False,"[2013,2464,0,0,0]","[6.488694310173488e-05,7.875219392650701e-05,null,null,null]",4477,42,0.02864330264073805,absolute_atm_straddle_change
,,,,,60,300,0.0686784100680669,-0.011552806662711317,diagnostic_2,500,velocity_60s,,,,False,"[2013,2464,0,0,0]","[6.488694310173488e-05,7.875219392650701e-05,null,null,null]",4477,42,0.02864330264073805,absolute_atm_straddle_change
,,,,,12,60,0.052259926852225136,-0.015651404796091988,diagnostic_2,500,velocity_60s,,,,False,"[2013,2464,0,0,0]","[-4.775543532849434e-07,5.483151130942748e-07,null,null,null]",4477,42,0.019539703475068487,parity_restoration
,,,,,24,120,0.0536017308504348,-0.015191183481395544,diagnostic_2,500,velocity_60s,,,,False,"[2013,2464,0,0,0]","[-4.775543532849434e-07,5.483151130942748e-07,null,null,null]",4477,42,0.019539703475068487,parity_restoration
,,,,,60,300,0.05080759943021018,-0.008893760924510608,diagnostic_2,500,velocity_60s,,,,False,"[2013,2464,0,0,0]","[-4.775543532849434e-07,5.483151130942748e-07,null,null,null]",4477,42,0.019539703475068487,parity_restoration
,,,,,12,60,0.13294934885416676,0.06851731377734101,diagnostic_2,500,acceleration_60s,,,,False,"[1811,2666,0,0,0]","[0.041315841263982474,0.04546794464075282,null,null,null]",4477,42,0.10219211456767131,surface_displacement
,,,,,24,120,0.13441426122273892,0.06382849096874026,diagnostic_2,500,acceleration_60s,,,,False,"[1811,2666,0,0,0]","[0.041315841263982474,0.04546794464075282,null,null,null]",4477,42,0.10219211456767131,surface_displacement
,,,,,60,300,0.1301747288840793,0.05656135251954731,diagnostic_2,500,acceleration_60s,,,,False,"[1811,2666,0,0,0]","[0.041315841263982474,0.04546794464075282,null,null,null]",4477,42,0.10219211456767131,surface_displacement
,,,,,12,60,0.10088375090937433,0.04379863626943351,diagnostic_2,500,acceleration_60s,,,,False,"[1811,2666,0,0,0]","[0.004943775084056886,0.0055797048170183805,null,null,null]",4477,42,0.07297111306615635,absolute_atm_iv_change
,,,,,24,120,0.09871527942951915,0.04192194151132557,diagnostic_2,500,acceleration_60s,,,,False,"[1811,2666,0,0,0]","[0.004943775084056886,0.0055797048170183805,null,null,null]",4477,42,0.07297111306615635,absolute_atm_iv_change
,,,,,60,300,0.0975468921178245,0.04231490447559613,diagnostic_2,500,acceleration_60s,,,,False,"[1811,2666,0,0,0]","[0.004943775084056886,0.0055797048170183805,null,null,null]",4477,42,0.07297111306615635,absolute_atm_iv_change
,,,,,12,60,0.028296607079240328,-0.053816944907615696,diagnostic_2,500,acceleration_60s,,,,False,"[1811,2666,0,0,0]","[0.0001270841874432163,0.00012423743965710252,null,null,null]",4477,42,-0.018027504053319723,realized_futures_volatility
,,,,,24,120,0.02372983191433037,-0.06304719552714946,diagnostic_2,500,acceleration_60s,,,,False,"[1811,2666,0,0,0]","[0.0001270841874432163,0.00012423743965710252,null,null,null]",4477,42,-0.018027504053319723,realized_futures_volatility
,,,,,60,300,0.03365648584551597,-0.056786490153040665,diagnostic_2,500,acceleration_60s,,,,False,"[1811,2666,0,0,0]","[0.0001270841874432163,0.00012423743965710252,null,null,null]",4477,42,-0.018027504053319723,realized_futures_volatility
,,,,,12,60,0.033739974306103364,-0.03804989752375642,diagnostic_2,500,acceleration_60s,,,,False,"[1811,2666,0,0,0]","[9.222994319382851e-05,9.114922926288212e-05,null,null,null]",4477,42,-0.0043689626417083354,absolute_futures_return
,,,,,24,120,0.03436358656210498,-0.04071645640559294,diagnostic_2,500,acceleration_60s,,,,False,"[1811,2666,0,0,0]","[9.222994319382851e-05,9.114922926288212e-05,null,null,null]",4477,42,-0.0043689626417083354,absolute_futures_return
,,,,,60,300,0.04292947919779128,-0.04169658329216099,diagnostic_2,500,acceleration_60s,,,,False,"[1811,2666,0,0,0]","[9.222994319382851e-05,9.114922926288212e-05,null,null,null]",4477,42,-0.0043689626417083354,absolute_futures_return
,,,,,12,60,0.08657935683121248,0.031333435029643225,diagnostic_2,500,acceleration_60s,,,,False,"[1811,2666,0,0,0]","[-4.7943254491527195e-05,3.221415129927038e-05,null,null,null]",4477,42,0.05694406287633368,near_atm_spread_change
,,,,,24,120,0.08615552373437063,0.031786164300051704,diagnostic_2,500,acceleration_60s,,,,False,"[1811,2666,0,0,0]","[-4.7943254491527195e-05,3.221415129927038e-05,null,null,null]",4477,42,0.05694406287633368,near_atm_spread_change
,,,,,60,300,0.08317155614101264,0.030213532985105946,diagnostic_2,500,acceleration_60s,,,,False,"[1811,2666,0,0,0]","[-4.7943254491527195e-05,3.221415129927038e-05,null,null,null]",4477,42,0.05694406287633368,near_atm_spread_change
,,,,,12,60,0.05524465894934131,-0.019234358404040294,diagnostic_2,500,acceleration_60s,,,,False,"[1811,2666,0,0,0]","[6.522988506620066e-05,7.746867983639017e-05,null,null,null]",4477,42,0.015174460891891091,absolute_atm_straddle_change
,,,,,24,120,0.05504887512659323,-0.023814888562067114,diagnostic_2,500,acceleration_60s,,,,False,"[1811,2666,0,0,0]","[6.522988506620066e-05,7.746867983639017e-05,null,null,null]",4477,42,0.015174460891891091,absolute_atm_straddle_change
,,,,,60,300,0.05240182923424379,-0.019973591891822375,diagnostic_2,500,acceleration_60s,,,,False,"[1811,2666,0,0,0]","[6.522988506620066e-05,7.746867983639017e-05,null,null,null]",4477,42,0.015174460891891091,absolute_atm_straddle_change
,,,,,12,60,0.027361050950796835,-0.03961615417664098,diagnostic_2,500,acceleration_60s,,,,False,"[1811,2666,0,0,0]","[-2.431050199858586e-07,3.113258502235904e-07,null,null,null]",4477,42,-0.006034518829909488,parity_restoration
,,,,,24,120,0.029535398205482014,-0.03966444886664025,diagnostic_2,500,acceleration_60s,,,,False,"[1811,2666,0,0,0]","[-2.431050199858586e-07,3.113258502235904e-07,null,null,null]",4477,42,-0.006034518829909488,parity_restoration
,,,,,60,300,0.022804751738686773,-0.033588717275312575,diagnostic_2,500,acceleration_60s,,,,False,"[1811,2666,0,0,0]","[-2.431050199858586e-07,3.113258502235904e-07,null,null,null]",4477,42,-0.006034518829909488,parity_restoration
,,,,,12,60,-0.049376620654691165,-0.11191343183953595,diagnostic_2,500,curvature_60s,,,,False,"[1420,567,522,581,1387]","[0.0471877260053418,0.042760629090407974,0.04150964113024385,0.04182576883664213,0.04240798626921141]",4477,42,-0.08045170330470783,surface_displacement
,,,,,24,120,-0.05376437812606494,-0.11141840511141446,diagnostic_2,500,curvature_60s,,,,False,"[1420,567,522,581,1387]","[0.0471877260053418,0.042760629090407974,0.04150964113024385,0.04182576883664213,0.04240798626921141]",4477,42,-0.08045170330470783,surface_displacement
,,,,,60,300,-0.04906620872608549,-0.10899482255260205,diagnostic_2,500,curvature_60s,,,,False,"[1420,567,522,581,1387]","[0.0471877260053418,0.042760629090407974,0.04150964113024385,0.04182576883664213,0.04240798626921141]",4477,42,-0.08045170330470783,surface_displacement
,,,,,12,60,-0.04694458562714373,-0.10533824251800922,diagnostic_2,500,curvature_60s,,,,False,"[1420,567,522,581,1387]","[0.005921613855261198,0.005208772983290321,0.004990615121934606,0.004844629556812641,0.00508058608308832]",4477,42,-0.07690993451797509,absolute_atm_iv_change
,,,,,24,120,-0.04818102837810107,-0.10770444712790929,diagnostic_2,500,curvature_60s,,,,False,"[1420,567,522,581,1387]","[0.005921613855261198,0.005208772983290321,0.004990615121934606,0.004844629556812641,0.00508058608308832]",4477,42,-0.07690993451797509,absolute_atm_iv_change
,,,,,60,300,-0.04338681241142731,-0.10912039610484492,diagnostic_2,500,curvature_60s,,,,False,"[1420,567,522,581,1387]","[0.005921613855261198,0.005208772983290321,0.004990615121934606,0.004844629556812641,0.00508058608308832]",4477,42,-0.07690993451797509,absolute_atm_iv_change
,,,,,12,60,0.019854333138097893,-0.04748903503567077,diagnostic_2,500,curvature_60s,,,,False,"[1420,567,522,581,1387]","[0.0001263684907997191,0.00012291587588188845,0.00013306697114131327,0.00012107528967756648,0.00012431450381141776]",4477,42,-0.012864057619980883,realized_futures_volatility
,,,,,24,120,0.021516067213413658,-0.05153824895679539,diagnostic_2,500,curvature_60s,,,,False,"[1420,567,522,581,1387]","[0.0001263684907997191,0.00012291587588188845,0.00013306697114131327,0.00012107528967756648,0.00012431450381141776]",4477,42,-0.012864057619980883,realized_futures_volatility
,,,,,60,300,0.023774992695702872,-0.055811837684517585,diagnostic_2,500,curvature_60s,,,,False,"[1420,567,522,581,1387]","[0.0001263684907997191,0.00012291587588188845,0.00013306697114131327,0.00012107528967756648,0.00012431450381141776]",4477,42,-0.012864057619980883,realized_futures_volatility
,,,,,12,60,0.02509682040909486,-0.0349333784541278,diagnostic_2,500,curvature_60s,,,,False,"[1420,567,522,581,1387]","[9.253663076481349e-05,9.136267229783262e-05,9.67157298120959e-05,8.874259594180293e-05,8.996579830992024e-05]",4477,42,-0.004509754318776275,absolute_futures_return
,,,,,24,120,0.02547158079916554,-0.03713023138919226,diagnostic_2,500,curvature_60s,,,,False,"[1420,567,522,581,1387]","[9.253663076481349e-05,9.136267229783262e-05,9.67157298120959e-05,8.874259594180293e-05,8.996579830992024e-05]",4477,42,-0.004509754318776275,absolute_futures_return
,,,,,60,300,0.02590816323784594,-0.03962860466918129,diagnostic_2,500,curvature_60s,,,,False,"[1420,567,522,581,1387]","[9.253663076481349e-05,9.136267229783262e-05,9.67157298120959e-05,8.874259594180293e-05,8.996579830992024e-05]",4477,42,-0.004509754318776275,absolute_futures_return
,,,,,12,60,0.01230765128328426,-0.04322739842767304,diagnostic_2,500,curvature_60s,,,,False,"[1420,567,522,581,1387]","[2.0635455818502495e-05,-1.7598669532919713e-05,3.926639936434397e-06,-2.195531748922096e-05,-6.892483592639048e-06]",4477,42,-0.015897543940293517,near_atm_spread_change
,,,,,24,120,0.011599963253492008,-0.04493801440184918,diagnostic_2,500,curvature_60s,,,,False,"[1420,567,522,581,1387]","[2.0635455818502495e-05,-1.7598669532919713e-05,3.926639936434397e-06,-2.195531748922096e-05,-6.892483592639048e-06]",4477,42,-0.015897543940293517,near_atm_spread_change
,,,,,60,300,0.011742272893883484,-0.04244506959363811,diagnostic_2,500,curvature_60s,,,,False,"[1420,567,522,581,1387]","[2.0635455818502495e-05,-1.7598669532919713e-05,3.926639936434397e-06,-2.195531748922096e-05,-6.892483592639048e-06]",4477,42,-0.015897543940293517,near_atm_spread_change
,,,,,12,60,0.005106554533124236,-0.05288292866224506,diagnostic_2,500,curvature_60s,,,,False,"[1420,567,522,581,1387]","[7.337662850467252e-05,7.170671514995935e-05,7.81269950999154e-05,6.081837449036859e-05,7.476029943113457e-05]",4477,42,-0.02453555307913427,absolute_atm_straddle_change
,,,,,24,120,0.004880616009459557,-0.05588195151098196,diagnostic_2,500,curvature_60s,,,,False,"[1420,567,522,581,1387]","[7.337662850467252e-05,7.170671514995935e-05,7.81269950999154e-05,6.081837449036859e-05,7.476029943113457e-05]",4477,42,-0.02453555307913427,absolute_atm_straddle_change
,,,,,60,300,0.004070564956145424,-0.05302840326467394,diagnostic_2,500,curvature_60s,,,,False,"[1420,567,522,581,1387]","[7.337662850467252e-05,7.170671514995935e-05,7.81269950999154e-05,6.081837449036859e-05,7.476029943113457e-05]",4477,42,-0.02453555307913427,absolute_atm_straddle_change
,,,,,12,60,0.006678266264809101,-0.05890637275472444,diagnostic_2,500,curvature_60s,,,,False,"[1420,567,522,581,1387]","[7.32678196508344e-07,-1.3296049173908617e-07,7.816503872665384e-07,-5.626610668897853e-07,-4.732504232258488e-07]",4477,42,-0.02554594587394537,parity_restoration
,,,,,24,120,0.008882048491809982,-0.05219274885081449,diagnostic_2,500,curvature_60s,,,,False,"[1420,567,522,581,1387]","[7.32678196508344e-07,-1.3296049173908617e-07,7.816503872665384e-07,-5.626610668897853e-07,-4.732504232258488e-07]",4477,42,-0.02554594587394537,parity_restoration
,,,,,60,300,0.007617595068736021,-0.04788901089624622,diagnostic_2,500,curvature_60s,,,,False,"[1420,567,522,581,1387]","[7.32678196508344e-07,-1.3296049173908617e-07,7.816503872665384e-07,-5.626610668897853e-07,-4.732504232258488e-07]",4477,42,-0.02554594587394537,parity_restoration
-0.2197401422147407,-0.12687121541161095,-0.2085097715300086,-0.209191243297703,-0.2206168077093067,,,,,diagnostic_2,,acceleration_increment_60s,0.0006814717676943971,"{""60s"":{""mean_mae_reduction"":1.3105172052524933e-05,""ci_low"":-2.1670792575611765e-07,""ci_high"":2.4956886566398284e-05,""positive_probability"":0.972,""block_rows"":12,""draws"":500},""120s"":{""mean_mae_reduction"":1.3105172052524933e-05,""ci_low"":-2.4233268695098928e-06,""ci_high"":2.8115797388562403e-05,""positive_probability"":0.95,""block_rows"":24,""draws"":500},""300s"":{""mean_mae_reduction"":1.3105172052524933e-05,""ci_low"":-9.870047079846959e-06,""ci_high"":3.292595590249907e-05,""positive_probability"":0.886,""block_rows"":60,""draws"":500}}","{""base_to_candidate"":{""60s"":{""mean_mae_reduction"":0.00023282665503908403,""ci_low"":0.00020435491694082602,""ci_high"":0.0002574945786868421,""positive_probability"":1.0,""block_rows"":12,""draws"":500},""120s"":{""mean_mae_reduction"":0.00023282665503908403,""ci_low"":0.0002012265741948408,""ci_high"":0.0002625786829831857,""positive_probability"":1.0,""block_rows"":24,""draws"":500},""300s"":{""mean_mae_reduction"":0.00023282665503908403,""ci_low"":0.00019164482864608893,""ci_high"":0.00027214128126493305,""positive_probability"":1.0,""block_rows"":60,""draws"":500}},""base_pca_to_candidate"":{""60s"":{""mean_mae_reduction"":-0.00016355662694258664,""ci_low"":-0.0001969758707174097,""ci_high"":-0.00013683335177697544,""positive_probability"":0.0,""block_rows"":12,""draws"":500},""120s"":{""mean_mae_reduction"":-0.00016355662694258664,""ci_low"":-0.00019625960752020478,""ci_high"":-0.00012994950861746103,""positive_probability"":0.0,""block_rows"":24,""draws"":500},""300s"":{""mean_mae_reduction"":-0.00016355662694258664,""ci_low"":-0.00022396907433307664,""ci_high"":-0.00011688702741264261,""positive_probability"":0.0,""block_rows"":60,""draws"":500}}}",,,,,42,,surface_displacement
-0.22415995894965524,-0.1289057154791171,-0.21285216747728675,-0.209191243297703,-0.2206168077093067,,,,,diagnostic_2,,curvature_increment_60s,-0.0036609241795837466,"{""60s"":{""mean_mae_reduction"":-7.040209663713294e-05,""ci_low"":-8.999174693376955e-05,""ci_high"":-5.236491614663435e-05,""positive_probability"":0.0,""block_rows"":12,""draws"":500},""120s"":{""mean_mae_reduction"":-7.040209663713294e-05,""ci_low"":-9.325184391573985e-05,""ci_high"":-5.002864001094974e-05,""positive_probability"":0.0,""block_rows"":24,""draws"":500},""300s"":{""mean_mae_reduction"":-7.040209663713294e-05,""ci_low"":-0.00010098303463941467,""ci_high"":-3.9442858857905245e-05,""positive_probability"":0.0,""block_rows"":60,""draws"":500}}","{""base_to_candidate"":{""60s"":{""mean_mae_reduction"":0.00014931938634942616,""ci_low"":0.00010250188629588213,""ci_high"":0.00019276797509797078,""positive_probability"":1.0,""block_rows"":12,""draws"":500},""120s"":{""mean_mae_reduction"":0.00014931938634942616,""ci_low"":9.193042976373122e-05,""ci_high"":0.00020267073447398397,""positive_probability"":1.0,""block_rows"":24,""draws"":500},""300s"":{""mean_mae_reduction"":0.00014931938634942616,""ci_low"":6.843921587708873e-05,""ci_high"":0.0002240256399739045,""positive_probability"":1.0,""block_rows"":60,""draws"":500}},""base_pca_to_candidate"":{""60s"":{""mean_mae_reduction"":-0.00027464469800997447,""ci_low"":-0.00033134438551164053,""ci_high"":-0.0002251830327733924,""positive_probability"":0.0,""block_rows"":12,""draws"":500},""120s"":{""mean_mae_reduction"":-0.00027464469800997447,""ci_low"":-0.0003418497649178971,""ci_high"":-0.00021358013086350715,""positive_probability"":0.0,""block_rows"":24,""draws"":500},""300s"":{""mean_mae_reduction"":-0.00027464469800997447,""ci_low"":-0.0003878032295738853,""ci_high"":-0.00019264086711070997,""positive_probability"":0.0,""block_rows"":60,""draws"":500}}}",,,,,42,,surface_displacement
0.18954045408957676,0.16509162039052938,0.19016455195626636,0.19017010911486065,0.1894451971199771,,,,,diagnostic_2,,acceleration_increment_60s,-5.557158594293732e-06,"{""60s"":{""mean_mae_reduction"":-2.8415473814174033e-08,""ci_low"":-2.1080583812126458e-07,""ci_high"":1.241960350544192e-07,""positive_probability"":0.354,""block_rows"":12,""draws"":500},""120s"":{""mean_mae_reduction"":-2.8415473814174033e-08,""ci_low"":-2.434858933362036e-07,""ci_high"":1.766712227003569e-07,""positive_probability"":0.396,""block_rows"":24,""draws"":500},""300s"":{""mean_mae_reduction"":-2.8415473814174033e-08,""ci_low"":-3.4843155141754163e-07,""ci_high"":2.4434317668378885e-07,""positive_probability"":0.362,""block_rows"":60,""draws"":500}}","{""base_to_candidate"":{""60s"":{""mean_mae_reduction"":3.6782841745720623e-06,""ci_low"":3.28918584926282e-06,""ci_high"":4.066087162091732e-06,""positive_probability"":1.0,""block_rows"":12,""draws"":500},""120s"":{""mean_mae_reduction"":3.6782841745720623e-06,""ci_low"":3.1706108088706868e-06,""ci_high"":4.1927746714991066e-06,""positive_probability"":1.0,""block_rows"":24,""draws"":500},""300s"":{""mean_mae_reduction"":3.6782841745720623e-06,""ci_low"":2.980516000013394e-06,""ci_high"":4.373735644915487e-06,""positive_probability"":1.0,""block_rows"":60,""draws"":500}},""base_pca_to_candidate"":{""60s"":{""mean_mae_reduction"":-4.5113468031203e-06,""ci_low"":-5.108030877702676e-06,""ci_high"":-3.954748920279208e-06,""positive_probability"":0.0,""block_rows"":12,""draws"":500},""120s"":{""mean_mae_reduction"":-4.5113468031203e-06,""ci_low"":-5.189765573188809e-06,""ci_high"":-3.74929854004831e-06,""positive_probability"":0.0,""block_rows"":24,""draws"":500},""300s"":{""mean_mae_reduction"":-4.5113468031203e-06,""ci_low"":-5.625334150848669e-06,""ci_high"":-3.5446296377324994e-06,""positive_probability"":0.0,""block_rows"":60,""draws"":500}}}",,,,,42,,absolute_atm_iv_change
0.18922088519265645,0.16501098882565524,0.1899222887190246,0.19017010911486065,0.1894451971199771,,,,,diagnostic_2,,curvature_increment_60s,-0.0002478203958360403,"{""60s"":{""mean_mae_reduction"":-1.2671824726198463e-06,""ci_low"":-1.50288152640369e-06,""ci_high"":-1.0043109943569155e-06,""positive_probability"":0.0,""block_rows"":12,""draws"":500},""120s"":{""mean_mae_reduction"":-1.2671824726198463e-06,""ci_low"":-1.554214776769206e-06,""ci_high"":-9.988719520998417e-07,""positive_probability"":0.0,""block_rows"":24,""draws"":500},""300s"":{""mean_mae_reduction"":-1.2671824726198463e-06,""ci_low"":-1.6478252114987586e-06,""ci_high"":-8.650053196317015e-07,""positive_probability"":0.0,""block_rows"":60,""draws"":500}}","{""base_to_candidate"":{""60s"":{""mean_mae_reduction"":2.43951717576639e-06,""ci_low"":1.780714866331038e-06,""ci_high"":3.064433552321926e-06,""positive_probability"":1.0,""block_rows"":12,""draws"":500},""120s"":{""mean_mae_reduction"":2.43951717576639e-06,""ci_low"":1.542369011770923e-06,""ci_high"":3.319994723136419e-06,""positive_probability"":1.0,""block_rows"":24,""draws"":500},""300s"":{""mean_mae_reduction"":2.43951717576639e-06,""ci_low"":1.180041054064262e-06,""ci_high"":3.629229649825567e-06,""positive_probability"":1.0,""block_rows"":60,""draws"":500}},""base_pca_to_candidate"":{""60s"":{""mean_mae_reduction"":-6.291011202069505e-06,""ci_low"":-7.151768217715195e-06,""ci_high"":-5.461104927963687e-06,""positive_probability"":0.0,""block_rows"":12,""draws"":500},""120s"":{""mean_mae_reduction"":-6.291011202069505e-06,""ci_low"":-7.364873991667648e-06,""ci_high"":-5.139695923431163e-06,""positive_probability"":0.0,""block_rows"":24,""draws"":500},""300s"":{""mean_mae_reduction"":-6.291011202069505e-06,""ci_low"":-7.948318772139826e-06,""ci_high"":-4.893922134421277e-06,""positive_probability"":0.0,""block_rows"":60,""draws"":500}}}",,,,,42,,absolute_atm_iv_change
,,,,,12,60,0.23040207199767615,0.15082855578984877,diagnostic_1,500,velocity_5s,,,,False,"[1252,1090,0,0,0]","[0.040381955983816296,0.04766362527050075,null,null,null]",2342,101,0.19167087157566637,surface_displacement
,,,,,24,120,0.23405620796061846,0.15266431376414516,diagnostic_1,500,velocity_5s,,,,False,"[1252,1090,0,0,0]","[0.040381955983816296,0.04766362527050075,null,null,null]",2342,101,0.19167087157566637,surface_displacement
,,,,,60,300,0.23618049418711812,0.1475705967169634,diagnostic_1,500,velocity_5s,,,,False,"[1252,1090,0,0,0]","[0.040381955983816296,0.04766362527050075,null,null,null]",2342,101,0.19167087157566637,surface_displacement
,,,,,12,60,0.1557161017277084,0.07008585055087489,diagnostic_1,500,velocity_5s,,,,False,"[1252,1090,0,0,0]","[0.004179700268819309,0.0049769909625206514,null,null,null]",2342,101,0.11586713543309692,absolute_atm_iv_change
,,,,,24,120,0.16362080366841392,0.07499610639680808,diagnostic_1,500,velocity_5s,,,,False,"[1252,1090,0,0,0]","[0.004179700268819309,0.0049769909625206514,null,null,null]",2342,101,0.11586713543309692,absolute_atm_iv_change
,,,,,60,300,0.16444510866578993,0.07926422959581918,diagnostic_1,500,velocity_5s,,,,False,"[1252,1090,0,0,0]","[0.004179700268819309,0.0049769909625206514,null,null,null]",2342,101,0.11586713543309692,absolute_atm_iv_change
,,,,,12,60,0.13037207770547424,0.0004784268782978846,diagnostic_1,500,velocity_5s,,,,False,"[1252,1090,0,0,0]","[0.00011022873942115536,0.00011841911525999567,null,null,null]",2342,101,0.06388607878500609,realized_futures_volatility
,,,,,24,120,0.1386049413281067,0.0035837065575005825,diagnostic_1,500,velocity_5s,,,,False,"[1252,1090,0,0,0]","[0.00011022873942115536,0.00011841911525999567,null,null,null]",2342,101,0.06388607878500609,realized_futures_volatility
,,,,,60,300,0.14140981058747906,0.0029718759442235406,diagnostic_1,500,velocity_5s,,,,False,"[1252,1090,0,0,0]","[0.00011022873942115536,0.00011841911525999567,null,null,null]",2342,101,0.06388607878500609,realized_futures_volatility
,,,,,12,60,0.13273560305988025,0.015502070986807557,diagnostic_1,500,velocity_5s,,,,False,"[1252,1090,0,0,0]","[8.001038060782435e-05,9.40279129448287e-05,null,null,null]",2342,101,0.07526722866668789,absolute_futures_return
,,,,,24,120,0.13311976387916713,0.01920942907607172,diagnostic_1,500,velocity_5s,,,,False,"[1252,1090,0,0,0]","[8.001038060782435e-05,9.40279129448287e-05,null,null,null]",2342,101,0.07526722866668789,absolute_futures_return
,,,,,60,300,0.13630358348440413,0.02025215846071938,diagnostic_1,500,velocity_5s,,,,False,"[1252,1090,0,0,0]","[8.001038060782435e-05,9.40279129448287e-05,null,null,null]",2342,101,0.07526722866668789,absolute_futures_return
,,,,,12,60,0.1119104212140045,0.03287207449453375,diagnostic_1,500,velocity_5s,,,,False,"[1252,1090,0,0,0]","[-3.52351076281875e-05,3.661767415672438e-05,null,null,null]",2342,101,0.07394809677338925,near_atm_spread_change
,,,,,24,120,0.11268782742122203,0.036479638601705326,diagnostic_1,500,velocity_5s,,,,False,"[1252,1090,0,0,0]","[-3.52351076281875e-05,3.661767415672438e-05,null,null,null]",2342,101,0.07394809677338925,near_atm_spread_change
,,,,,60,300,0.11371331137149567,0.03887181863709856,diagnostic_1,500,velocity_5s,,,,False,"[1252,1090,0,0,0]","[-3.52351076281875e-05,3.661767415672438e-05,null,null,null]",2342,101,0.07394809677338925,near_atm_spread_change
,,,,,12,60,0.03660594814433889,-0.07195886764225273,diagnostic_1,500,velocity_5s,,,,False,"[1252,1090,0,0,0]","[4.624775848901881e-05,4.629182176442321e-05,null,null,null]",2342,101,-0.01998646054221407,absolute_atm_straddle_change
,,,,,24,120,0.02756841126251676,-0.0729888256370141,diagnostic_1,500,velocity_5s,,,,False,"[1252,1090,0,0,0]","[4.624775848901881e-05,4.629182176442321e-05,null,null,null]",2342,101,-0.01998646054221407,absolute_atm_straddle_change
,,,,,60,300,0.024642402531306454,-0.06592951345536055,diagnostic_1,500,velocity_5s,,,,False,"[1252,1090,0,0,0]","[4.624775848901881e-05,4.629182176442321e-05,null,null,null]",2342,101,-0.01998646054221407,absolute_atm_straddle_change
,,,,,12,60,0.10151376414396314,0.007023366533990582,diagnostic_1,500,velocity_5s,,,,False,"[1252,1090,0,0,0]","[-7.953864890539397e-08,8.681147604825086e-07,null,null,null]",2342,101,0.05787501018624139,parity_restoration
,,,,,24,120,0.10338189115683898,0.012020224825897948,diagnostic_1,500,velocity_5s,,,,False,"[1252,1090,0,0,0]","[-7.953864890539397e-08,8.681147604825086e-07,null,null,null]",2342,101,0.05787501018624139,parity_restoration
,,,,,60,300,0.10258671349737504,0.018982886628405127,diagnostic_1,500,velocity_5s,,,,False,"[1252,1090,0,0,0]","[-7.953864890539397e-08,8.681147604825086e-07,null,null,null]",2342,101,0.05787501018624139,parity_restoration
,,,,,12,60,0.18500735505062407,0.10403845811917392,diagnostic_1,500,acceleration_5s,,,,False,"[1194,1145,3,0,0]","[0.04125563539037738,0.046411610304655924,0.03701266054739478,null,null]",2342,101,0.14031249114607322,surface_displacement
,,,,,24,120,0.1880769349930109,0.1006381876845056,diagnostic_1,500,acceleration_5s,,,,False,"[1194,1145,3,0,0]","[0.04125563539037738,0.046411610304655924,0.03701266054739478,null,null]",2342,101,0.14031249114607322,surface_displacement
,,,,,60,300,0.19090436266041277,0.09711956823031118,diagnostic_1,500,acceleration_5s,,,,False,"[1194,1145,3,0,0]","[0.04125563539037738,0.046411610304655924,0.03701266054739478,null,null]",2342,101,0.14031249114607322,surface_displacement
,,,,,12,60,0.11025984326736218,0.024681320028831413,diagnostic_1,500,acceleration_5s,,,,False,"[1194,1145,3,0,0]","[0.004318244961188667,0.004796882247039845,0.003163409729798635,null,null]",2342,101,0.06607663709825579,absolute_atm_iv_change
,,,,,24,120,0.11182420276905493,0.026505420380779233,diagnostic_1,500,acceleration_5s,,,,False,"[1194,1145,3,0,0]","[0.004318244961188667,0.004796882247039845,0.003163409729798635,null,null]",2342,101,0.06607663709825579,absolute_atm_iv_change
,,,,,60,300,0.11314745016433456,0.03331576561097492,diagnostic_1,500,acceleration_5s,,,,False,"[1194,1145,3,0,0]","[0.004318244961188667,0.004796882247039845,0.003163409729798635,null,null]",2342,101,0.06607663709825579,absolute_atm_iv_change
,,,,,12,60,0.11623259813175217,-0.026246629087242533,diagnostic_1,500,acceleration_5s,,,,False,"[1194,1145,3,0,0]","[0.00011090992597088107,0.00011735216326968939,9.617961188515404e-05,null,null]",2342,101,0.041175405177445897,realized_futures_volatility
,,,,,24,120,0.12279145000559251,-0.02642582586579173,diagnostic_1,500,acceleration_5s,,,,False,"[1194,1145,3,0,0]","[0.00011090992597088107,0.00011735216326968939,9.617961188515404e-05,null,null]",2342,101,0.041175405177445897,realized_futures_volatility
,,,,,60,300,0.1309899983355127,-0.025768514943933077,diagnostic_1,500,acceleration_5s,,,,False,"[1194,1145,3,0,0]","[0.00011090992597088107,0.00011735216326968939,9.617961188515404e-05,null,null]",2342,101,0.041175405177445897,realized_futures_volatility
,,,,,12,60,0.10279626009341138,-0.015339342514843516,diagnostic_1,500,acceleration_5s,,,,False,"[1194,1145,3,0,0]","[8.26701446993267e-05,9.046579552529681e-05,0.0001239776611328125,null,null]",2342,101,0.04330300344741797,absolute_futures_return
,,,,,24,120,0.1022470295842256,-0.018210064334168507,diagnostic_1,500,acceleration_5s,,,,False,"[1194,1145,3,0,0]","[8.26701446993267e-05,9.046579552529681e-05,0.0001239776611328125,null,null]",2342,101,0.04330300344741797,absolute_futures_return
,,,,,60,300,0.10826954307612317,-0.014696514069641928,diagnostic_1,500,acceleration_5s,,,,False,"[1194,1145,3,0,0]","[8.26701446993267e-05,9.046579552529681e-05,0.0001239776611328125,null,null]",2342,101,0.04330300344741797,absolute_futures_return
,,,,,12,60,0.08474174480706129,0.004088071245190643,diagnostic_1,500,acceleration_5s,,,,False,"[1194,1145,3,0,0]","[-3.04104878873895e-05,2.8402638757869796e-05,-0.00013732958662634095,null,null]",2342,101,0.04812325580693317,near_atm_spread_change
,,,,,24,120,0.08503142738957167,0.011286057454822168,diagnostic_1,500,acceleration_5s,,,,False,"[1194,1145,3,0,0]","[-3.04104878873895e-05,2.8402638757869796e-05,-0.00013732958662634095,null,null]",2342,101,0.04812325580693317,near_atm_spread_change
,,,,,60,300,0.08324576791435535,0.014307233189166253,diagnostic_1,500,acceleration_5s,,,,False,"[1194,1145,3,0,0]","[-3.04104878873895e-05,2.8402638757869796e-05,-0.00013732958662634095,null,null]",2342,101,0.04812325580693317,near_atm_spread_change
,,,,,12,60,0.02778715835153423,-0.0920320295338654,diagnostic_1,500,acceleration_5s,,,,False,"[1194,1145,3,0,0]","[4.6743221200341155e-05,4.578345093274221e-05,4.227397342522939e-05,null,null]",2342,101,-0.03269143997880194,absolute_atm_straddle_change
,,,,,24,120,0.022892261291702368,-0.08828370592471192,diagnostic_1,500,acceleration_5s,,,,False,"[1194,1145,3,0,0]","[4.6743221200341155e-05,4.578345093274221e-05,4.227397342522939e-05,null,null]",2342,101,-0.03269143997880194,absolute_atm_straddle_change
,,,,,60,300,0.016292793762530705,-0.08183832283882728,diagnostic_1,500,acceleration_5s,,,,False,"[1194,1145,3,0,0]","[4.6743221200341155e-05,4.578345093274221e-05,4.227397342522939e-05,null,null]",2342,101,-0.03269143997880194,absolute_atm_straddle_change
,,,,,12,60,0.10177674802290049,-0.0028566000881446057,diagnostic_1,500,acceleration_5s,,,,False,"[1194,1145,3,0,0]","[-1.8171149075435516e-07,9.247134211836647e-07,1.6097844005950417e-06,null,null]",2342,101,0.05388602931837115,parity_restoration
,,,,,24,120,0.1066521401703827,0.00533596815118691,diagnostic_1,500,acceleration_5s,,,,False,"[1194,1145,3,0,0]","[-1.8171149075435516e-07,9.247134211836647e-07,1.6097844005950417e-06,null,null]",2342,101,0.05388602931837115,parity_restoration
,,,,,60,300,0.10350782094592122,0.010745578806534747,diagnostic_1,500,acceleration_5s,,,,False,"[1194,1145,3,0,0]","[-1.8171149075435516e-07,9.247134211836647e-07,1.6097844005950417e-06,null,null]",2342,101,0.05388602931837115,parity_restoration
,,,,,12,60,0.00927430505981831,-0.067243551946634,diagnostic_1,500,curvature_5s,,,,False,"[639,340,336,373,654]","[0.04556429905002055,0.042377402064315804,0.04362230790099678,0.04318025006936179,0.04315646469594258]",2342,101,-0.03195731571541951,surface_displacement
,,,,,24,120,0.011253597168956348,-0.0705086744714345,diagnostic_1,500,curvature_5s,,,,False,"[639,340,336,373,654]","[0.04556429905002055,0.042377402064315804,0.04362230790099678,0.04318025006936179,0.04315646469594258]",2342,101,-0.03195731571541951,surface_displacement
,,,,,60,300,0.013965744086120268,-0.07723855524340599,diagnostic_1,500,curvature_5s,,,,False,"[639,340,336,373,654]","[0.04556429905002055,0.042377402064315804,0.04362230790099678,0.04318025006936179,0.04315646469594258]",2342,101,-0.03195731571541951,surface_displacement
,,,,,12,60,0.0068754700624160435,-0.0777467154742581,diagnostic_1,500,curvature_5s,,,,False,"[639,340,336,373,654]","[0.0048605144863397304,0.004431692861458834,0.004466188827618247,0.004493289454852608,0.0043862754484746795]",2342,101,-0.038791257240681436,absolute_atm_iv_change
,,,,,24,120,0.0025305443700246637,-0.07862575093359485,diagnostic_1,500,curvature_5s,,,,False,"[639,340,336,373,654]","[0.0048605144863397304,0.004431692861458834,0.004466188827618247,0.004493289454852608,0.0043862754484746795]",2342,101,-0.038791257240681436,absolute_atm_iv_change
,,,,,60,300,0.009130467093509046,-0.08265107212296002,diagnostic_1,500,curvature_5s,,,,False,"[639,340,336,373,654]","[0.0048605144863397304,0.004431692861458834,0.004466188827618247,0.004493289454852608,0.0043862754484746795]",2342,101,-0.038791257240681436,absolute_atm_iv_change
,,,,,12,60,0.05363395941858081,-0.02033023297092586,diagnostic_1,500,curvature_5s,,,,False,"[639,340,336,373,654]","[0.00011318526087130356,0.00011381593629950355,0.00011012927089628299,0.00011205165665399746,0.00011813717797705734]",2342,101,0.0183776357469234,realized_futures_volatility
,,,,,24,120,0.05734152155876179,-0.014704524253036758,diagnostic_1,500,curvature_5s,,,,False,"[639,340,336,373,654]","[0.00011318526087130356,0.00011381593629950355,0.00011012927089628299,0.00011205165665399746,0.00011813717797705734]",2342,101,0.0183776357469234,realized_futures_volatility
,,,,,60,300,0.059157459658831665,-0.013994244967872325,diagnostic_1,500,curvature_5s,,,,False,"[639,340,336,373,654]","[0.00011318526087130356,0.00011381593629950355,0.00011012927089628299,0.00011205165665399746,0.00011813717797705734]",2342,101,0.0183776357469234,realized_futures_volatility
,,,,,12,60,0.05407624317938195,-0.02518231015799049,diagnostic_1,500,curvature_5s,,,,False,"[639,340,336,373,654]","[8.563070043525039e-05,8.425151600557215e-05,8.421284811837333e-05,8.58306884765625e-05,9.019805021606818e-05]",2342,101,0.014505988316840569,absolute_futures_return
,,,,,24,120,0.05394330815225197,-0.024130840241056793,diagnostic_1,500,curvature_5s,,,,False,"[639,340,336,373,654]","[8.563070043525039e-05,8.425151600557215e-05,8.421284811837333e-05,8.58306884765625e-05,9.019805021606818e-05]",2342,101,0.014505988316840569,absolute_futures_return
,,,,,60,300,0.054708874146305306,-0.021904163675482705,diagnostic_1,500,curvature_5s,,,,False,"[639,340,336,373,654]","[8.563070043525039e-05,8.425151600557215e-05,8.421284811837333e-05,8.58306884765625e-05,9.019805021606818e-05]",2342,101,0.014505988316840569,absolute_futures_return
,,,,,12,60,0.012884205354713898,-0.06417519177773842,diagnostic_1,500,curvature_5s,,,,False,"[639,340,336,373,654]","[3.525653329505899e-05,3.846068027675809e-06,-7.668871348003103e-05,2.0296691608522835e-05,-1.5047302852144083e-05]",2342,101,-0.026484138867711525,near_atm_spread_change
,,,,,24,120,0.01779375332014393,-0.06197050766755953,diagnostic_1,500,curvature_5s,,,,False,"[639,340,336,373,654]","[3.525653329505899e-05,3.846068027675809e-06,-7.668871348003103e-05,2.0296691608522835e-05,-1.5047302852144083e-05]",2342,101,-0.026484138867711525,near_atm_spread_change
,,,,,60,300,0.017424949077319642,-0.058274927733441645,diagnostic_1,500,curvature_5s,,,,False,"[639,340,336,373,654]","[3.525653329505899e-05,3.846068027675809e-06,-7.668871348003103e-05,2.0296691608522835e-05,-1.5047302852144083e-05]",2342,101,-0.026484138867711525,near_atm_spread_change
,,,,,12,60,0.0469833278278771,-0.029771495337709404,diagnostic_1,500,curvature_5s,,,,False,"[639,340,336,373,654]","[4.472082454553792e-05,4.975604550803409e-05,4.800623061046714e-05,4.233230135076487e-05,4.731892217919003e-05]",2342,101,0.008451813790751564,absolute_atm_straddle_change
,,,,,24,120,0.041888445920334694,-0.02622578417305397,diagnostic_1,500,curvature_5s,,,,False,"[639,340,336,373,654]","[4.472082454553792e-05,4.975604550803409e-05,4.800623061046714e-05,4.233230135076487e-05,4.731892217919003e-05]",2342,101,0.008451813790751564,absolute_atm_straddle_change
,,,,,60,300,0.04121445116360798,-0.025589301839013156,diagnostic_1,500,curvature_5s,,,,False,"[639,340,336,373,654]","[4.472082454553792e-05,4.975604550803409e-05,4.800623061046714e-05,4.233230135076487e-05,4.731892217919003e-05]",2342,101,0.008451813790751564,absolute_atm_straddle_change
,,,,,12,60,0.03674244696608063,-0.03962007919597046,diagnostic_1,500,curvature_5s,,,,False,"[639,340,336,373,654]","[2.8300230827744383e-07,2.503663809500936e-07,-2.9156658564759365e-07,4.2207680894473904e-07,7.969898761854228e-07]",2342,101,-0.001031738559106787,parity_restoration
,,,,,24,120,0.03262353111573237,-0.037371807074181966,diagnostic_1,500,curvature_5s,,,,False,"[639,340,336,373,654]","[2.8300230827744383e-07,2.503663809500936e-07,-2.9156658564759365e-07,4.2207680894473904e-07,7.969898761854228e-07]",2342,101,-0.001031738559106787,parity_restoration
,,,,,60,300,0.031740525171793384,-0.0341467393167961,diagnostic_1,500,curvature_5s,,,,False,"[639,340,336,373,654]","[2.8300230827744383e-07,2.503663809500936e-07,-2.9156658564759365e-07,4.2207680894473904e-07,7.969898761854228e-07]",2342,101,-0.001031738559106787,parity_restoration
-0.08074769386274094,-0.0007414317629652611,-0.07884952029510739,-0.08295191566520899,-0.08200533791537845,,,,,diagnostic_1,,acceleration_increment_5s,0.004102395370101597,"{""60s"":{""mean_mae_reduction"":7.866229071390405e-05,""ci_low"":6.808461272640567e-05,""ci_high"":9.019415980709219e-05,""positive_probability"":1.0,""block_rows"":12,""draws"":500},""120s"":{""mean_mae_reduction"":7.866229071390405e-05,""ci_low"":6.676097337806839e-05,""ci_high"":9.154285495255984e-05,""positive_probability"":1.0,""block_rows"":24,""draws"":500},""300s"":{""mean_mae_reduction"":7.866229071390405e-05,""ci_low"":6.451754156985005e-05,""ci_high"":9.403657188664217e-05,""positive_probability"":1.0,""block_rows"":60,""draws"":500}}","{""base_to_candidate"":{""60s"":{""mean_mae_reduction"":6.051192551918053e-05,""ci_low"":4.902421815762718e-05,""ci_high"":7.426815509897795e-05,""positive_probability"":1.0,""block_rows"":12,""draws"":500},""120s"":{""mean_mae_reduction"":6.051192551918053e-05,""ci_low"":4.445338996659935e-05,""ci_high"":7.722767722264948e-05,""positive_probability"":1.0,""block_rows"":24,""draws"":500},""300s"":{""mean_mae_reduction"":6.051192551918053e-05,""ci_low"":3.908855720522112e-05,""ci_high"":8.557003344213649e-05,""positive_probability"":1.0,""block_rows"":60,""draws"":500}},""base_pca_to_candidate"":{""60s"":{""mean_mae_reduction"":9.785408356340102e-05,""ci_low"":8.494623421570718e-05,""ci_high"":0.00011122126778730584,""positive_probability"":1.0,""block_rows"":12,""draws"":500},""120s"":{""mean_mae_reduction"":9.785408356340102e-05,""ci_low"":8.157776096998946e-05,""ci_high"":0.0001149253417716473,""positive_probability"":1.0,""block_rows"":24,""draws"":500},""300s"":{""mean_mae_reduction"":9.785408356340102e-05,""ci_low"":7.661432883238998e-05,""ci_high"":0.00012022063307170804,""positive_probability"":1.0,""block_rows"":60,""draws"":500}}}",,,,,101,,surface_displacement
-0.07669315729318926,0.004323530803766573,-0.077327354236159,-0.08295191566520899,-0.08200533791537845,,,,,diagnostic_1,,curvature_increment_5s,0.00562456142904999,"{""60s"":{""mean_mae_reduction"":0.00010784940171653598,""ci_low"":8.482227020889642e-05,""ci_high"":0.00013187250194384212,""positive_probability"":1.0,""block_rows"":12,""draws"":500},""120s"":{""mean_mae_reduction"":0.00010784940171653598,""ci_low"":8.394116974994724e-05,""ci_high"":0.00013375445824329575,""positive_probability"":1.0,""block_rows"":24,""draws"":500},""300s"":{""mean_mae_reduction"":0.00010784940171653598,""ci_low"":7.236973565533462e-05,""ci_high"":0.00013806253523919177,""positive_probability"":1.0,""block_rows"":60,""draws"":500}}","{""base_to_candidate"":{""60s"":{""mean_mae_reduction"":8.969903652181247e-05,""ci_low"":6.338646682694791e-05,""ci_high"":0.00011642930487524451,""positive_probability"":1.0,""block_rows"":12,""draws"":500},""120s"":{""mean_mae_reduction"":8.969903652181247e-05,""ci_low"":5.8703968424231896e-05,""ci_high"":0.00012175069198515318,""positive_probability"":1.0,""block_rows"":24,""draws"":500},""300s"":{""mean_mae_reduction"":8.969903652181247e-05,""ci_low"":5.2343309515969946e-05,""ci_high"":0.00013251446841561944,""positive_probability"":1.0,""block_rows"":60,""draws"":500}},""base_pca_to_candidate"":{""60s"":{""mean_mae_reduction"":6.219927186081606e-05,""ci_low"":3.551107931827251e-05,""ci_high"":8.636967056971334e-05,""positive_probability"":1.0,""block_rows"":12,""draws"":500},""120s"":{""mean_mae_reduction"":6.219927186081606e-05,""ci_low"":3.229932435254189e-05,""ci_high"":9.114127995992971e-05,""positive_probability"":1.0,""block_rows"":24,""draws"":500},""300s"":{""mean_mae_reduction"":6.219927186081606e-05,""ci_low"":2.433953858322276e-05,""ci_high"":0.00010130972539502188,""positive_probability"":1.0,""block_rows"":60,""draws"":500}}}",,,,,101,,surface_displacement
0.17168383961827116,0.1415917860305077,0.17170335325123331,0.17152663513011157,0.1716380222591154,,,,,diagnostic_1,,acceleration_increment_5s,0.0001767181211217439,"{""60s"":{""mean_mae_reduction"":7.675387481538078e-07,""ci_low"":6.986064704297622e-07,""ci_high"":8.382855897694975e-07,""positive_probability"":1.0,""block_rows"":12,""draws"":500},""120s"":{""mean_mae_reduction"":7.675387481538078e-07,""ci_low"":6.745759347801807e-07,""ci_high"":8.593119914939494e-07,""positive_probability"":1.0,""block_rows"":24,""draws"":500},""300s"":{""mean_mae_reduction"":7.675387481538078e-07,""ci_low"":6.589437319996939e-07,""ci_high"":8.793448593481881e-07,""positive_probability"":1.0,""block_rows"":60,""draws"":500}}","{""base_to_candidate"":{""60s"":{""mean_mae_reduction"":2.8375170349027656e-07,""ci_low"":1.6333636666528787e-07,""ci_high"":4.218213685271402e-07,""positive_probability"":1.0,""block_rows"":12,""draws"":500},""120s"":{""mean_mae_reduction"":2.8375170349027656e-07,""ci_low"":1.3861004705345859e-07,""ci_high"":4.207499730284883e-07,""positive_probability"":1.0,""block_rows"":24,""draws"":500},""300s"":{""mean_mae_reduction"":2.8375170349027656e-07,""ci_low"":9.546487057570977e-08,""ci_high"":4.5978127115407906e-07,""positive_probability"":1.0,""block_rows"":60,""draws"":500}},""base_pca_to_candidate"":{""60s"":{""mean_mae_reduction"":1.3771899141472687e-06,""ci_low"":1.2827967215070217e-06,""ci_high"":1.4790576338470909e-06,""positive_probability"":1.0,""block_rows"":12,""draws"":500},""120s"":{""mean_mae_reduction"":1.3771899141472687e-06,""ci_low"":1.2752195767474373e-06,""ci_high"":1.4922525421968948e-06,""positive_probability"":1.0,""block_rows"":24,""draws"":500},""300s"":{""mean_mae_reduction"":1.3771899141472687e-06,""ci_low"":1.2517843013352365e-06,""ci_high"":1.5112626688988154e-06,""positive_probability"":1.0,""block_rows"":60,""draws"":500}}}",,,,,101,,absolute_atm_iv_change
0.17203675804071272,0.1419920960606822,0.1718885951796736,0.17152663513011157,0.1716380222591154,,,,,diagnostic_1,,curvature_increment_5s,0.00036196004956201566,"{""60s"":{""mean_mae_reduction"":1.572098897154002e-06,""ci_low"":1.2973894577258933e-06,""ci_high"":1.8567811441237894e-06,""positive_probability"":1.0,""block_rows"":12,""draws"":500},""120s"":{""mean_mae_reduction"":1.572098897154002e-06,""ci_low"":1.2669414792872982e-06,""ci_high"":1.862557738303401e-06,""positive_probability"":1.0,""block_rows"":24,""draws"":500},""300s"":{""mean_mae_reduction"":1.572098897154002e-06,""ci_low"":1.232801894935991e-06,""ci_high"":1.874135849713174e-06,""positive_probability"":1.0,""block_rows"":60,""draws"":500}}","{""base_to_candidate"":{""60s"":{""mean_mae_reduction"":1.088311852490471e-06,""ci_low"":7.598876223458636e-07,""ci_high"":1.4297712905308727e-06,""positive_probability"":1.0,""block_rows"":12,""draws"":500},""120s"":{""mean_mae_reduction"":1.088311852490471e-06,""ci_low"":7.610058124917788e-07,""ci_high"":1.4041655172723107e-06,""positive_probability"":1.0,""block_rows"":24,""draws"":500},""300s"":{""mean_mae_reduction"":1.088311852490471e-06,""ci_low"":7.099918883797577e-07,""ci_high"":1.5229782749983713e-06,""positive_probability"":1.0,""block_rows"":60,""draws"":500}},""base_pca_to_candidate"":{""60s"":{""mean_mae_reduction"":1.333072427364831e-06,""ci_low"":1.060489380387562e-06,""ci_high"":1.631704171407731e-06,""positive_probability"":1.0,""block_rows"":12,""draws"":500},""120s"":{""mean_mae_reduction"":1.333072427364831e-06,""ci_low"":1.036128656732074e-06,""ci_high"":1.6691721004365591e-06,""positive_probability"":1.0,""block_rows"":24,""draws"":500},""300s"":{""mean_mae_reduction"":1.333072427364831e-06,""ci_low"":9.741345444296023e-07,""ci_high"":1.6763582454883058e-06,""positive_probability"":1.0,""block_rows"":60,""draws"":500}}}",,,,,101,,absolute_atm_iv_change
,,,,,12,60,0.2276544652333178,0.16511248748220678,diagnostic_2,500,velocity_5s,,,,False,"[1711,2759,7,0,0]","[0.039312769523128635,0.04652565738119647,0.05887022464644558,null,null]",4477,101,0.19632632227181446,surface_displacement
,,,,,24,120,0.223858157842742,0.16158207164677463,diagnostic_2,500,velocity_5s,,,,False,"[1711,2759,7,0,0]","[0.039312769523128635,0.04652565738119647,0.05887022464644558,null,null]",4477,101,0.19632632227181446,surface_displacement
,,,,,60,300,0.2262632893578426,0.1562690093136185,diagnostic_2,500,velocity_5s,,,,False,"[1711,2759,7,0,0]","[0.039312769523128635,0.04652565738119647,0.05887022464644558,null,null]",4477,101,0.19632632227181446,surface_displacement
,,,,,12,60,0.19104098276577197,0.1336433055223935,diagnostic_2,500,velocity_5s,,,,False,"[1711,2759,7,0,0]","[0.004580753621896201,0.0057691349396458485,0.010565281978675298,null,null]",4477,101,0.16244217599710598,absolute_atm_iv_change
,,,,,24,120,0.19055893856294567,0.1339090064358967,diagnostic_2,500,velocity_5s,,,,False,"[1711,2759,7,0,0]","[0.004580753621896201,0.0057691349396458485,0.010565281978675298,null,null]",4477,101,0.16244217599710598,absolute_atm_iv_change
,,,,,60,300,0.18940587536080583,0.12813908526048792,diagnostic_2,500,velocity_5s,,,,False,"[1711,2759,7,0,0]","[0.004580753621896201,0.0057691349396458485,0.010565281978675298,null,null]",4477,101,0.16244217599710598,absolute_atm_iv_change
,,,,,12,60,0.043019222762339646,-0.047293184306119916,diagnostic_2,500,velocity_5s,,,,False,"[1711,2759,7,0,0]","[0.00012536996640674148,0.00012540662712224373,0.00012308297618497403,null,null]",4477,101,-0.0027546099849921402,realized_futures_volatility
,,,,,24,120,0.04721410741617048,-0.04567858399977856,diagnostic_2,500,velocity_5s,,,,False,"[1711,2759,7,0,0]","[0.00012536996640674148,0.00012540662712224373,0.00012308297618497403,null,null]",4477,101,-0.0027546099849921402,realized_futures_volatility
,,,,,60,300,0.05406835247201439,-0.05184255371562115,diagnostic_2,500,velocity_5s,,,,False,"[1711,2759,7,0,0]","[0.00012536996640674148,0.00012540662712224373,0.00012308297618497403,null,null]",4477,101,-0.0027546099849921402,realized_futures_volatility
,,,,,12,60,0.03693043561432333,-0.03344564630549244,diagnostic_2,500,velocity_5s,,,,False,"[1711,2759,7,0,0]","[9.276949126144936e-05,9.078087690905757e-05,0.00011989048549107142,null,null]",4477,101,0.0009341580972943687,absolute_futures_return
,,,,,24,120,0.039255052991211854,-0.035558768387949094,diagnostic_2,500,velocity_5s,,,,False,"[1711,2759,7,0,0]","[9.276949126144936e-05,9.078087690905757e-05,0.00011989048549107142,null,null]",4477,101,0.0009341580972943687,absolute_futures_return
,,,,,60,300,0.0438355228516701,-0.03730744687068302,diagnostic_2,500,velocity_5s,,,,False,"[1711,2759,7,0,0]","[9.276949126144936e-05,9.078087690905757e-05,0.00011989048549107142,null,null]",4477,101,0.0009341580972943687,absolute_futures_return
,,,,,12,60,0.07577592094184354,0.017060949835984166,diagnostic_2,500,velocity_5s,,,,False,"[1711,2759,7,0,0]","[-2.6448578809519707e-05,1.591978548119947e-05,5.5503382879708495e-05,null,null]",4477,101,0.04486080104819842,near_atm_spread_change
,,,,,24,120,0.07442298941727339,0.01806395118411673,diagnostic_2,500,velocity_5s,,,,False,"[1711,2759,7,0,0]","[-2.6448578809519707e-05,1.591978548119947e-05,5.5503382879708495e-05,null,null]",4477,101,0.04486080104819842,near_atm_spread_change
,,,,,60,300,0.07418355635444891,0.019035575284380206,diagnostic_2,500,velocity_5s,,,,False,"[1711,2759,7,0,0]","[-2.6448578809519707e-05,1.591978548119947e-05,5.5503382879708495e-05,null,null]",4477,101,0.04486080104819842,near_atm_spread_change
,,,,,12,60,0.04387368116544376,-0.025295164909096928,diagnostic_2,500,velocity_5s,,,,False,"[1711,2759,7,0,0]","[7.07472994061397e-05,7.34534381270063e-05,0.00013659388891288212,null,null]",4477,101,0.009639533831004682,absolute_atm_straddle_change
,,,,,24,120,0.05011427677047484,-0.0259528677488456,diagnostic_2,500,velocity_5s,,,,False,"[1711,2759,7,0,0]","[7.07472994061397e-05,7.34534381270063e-05,0.00013659388891288212,null,null]",4477,101,0.009639533831004682,absolute_atm_straddle_change
,,,,,60,300,0.04788695175059879,-0.027392186918857888,diagnostic_2,500,velocity_5s,,,,False,"[1711,2759,7,0,0]","[7.07472994061397e-05,7.34534381270063e-05,0.00013659388891288212,null,null]",4477,101,0.009639533831004682,absolute_atm_straddle_change
,,,,,12,60,0.04737032963034251,-0.02550375615480277,diagnostic_2,500,velocity_5s,,,,False,"[1711,2759,7,0,0]","[-4.210382384595555e-07,4.020032079300024e-07,1.4301440387498587e-07,null,null]",4477,101,0.012482682121471213,parity_restoration
,,,,,24,120,0.04854771303931403,-0.024856878804835395,diagnostic_2,500,velocity_5s,,,,False,"[1711,2759,7,0,0]","[-4.210382384595555e-07,4.020032079300024e-07,1.4301440387498587e-07,null,null]",4477,101,0.012482682121471213,parity_restoration
,,,,,60,300,0.04786075969771965,-0.023453435696877998,diagnostic_2,500,velocity_5s,,,,False,"[1711,2759,7,0,0]","[-4.210382384595555e-07,4.020032079300024e-07,1.4301440387498587e-07,null,null]",4477,101,0.012482682121471213,parity_restoration
,,,,,12,60,0.16452321986038929,0.10319316131315914,diagnostic_2,500,acceleration_5s,,,,False,"[1530,2924,23,0,0]","[0.040322557265054446,0.045558660875569035,0.04928225763574378,null,null]",4477,101,0.13578689163553534,surface_displacement
,,,,,24,120,0.16435100781846032,0.1015674746657091,diagnostic_2,500,acceleration_5s,,,,False,"[1530,2924,23,0,0]","[0.040322557265054446,0.045558660875569035,0.04928225763574378,null,null]",4477,101,0.13578689163553534,surface_displacement
,,,,,60,300,0.1633092080170311,0.09839501160712442,diagnostic_2,500,acceleration_5s,,,,False,"[1530,2924,23,0,0]","[0.040322557265054446,0.045558660875569035,0.04928225763574378,null,null]",4477,101,0.13578689163553534,surface_displacement
,,,,,12,60,0.1355207710317364,0.07602598261028862,diagnostic_2,500,acceleration_5s,,,,False,"[1530,2924,23,0,0]","[0.004802284711131862,0.005583829744610675,0.006698084266289421,null,null]",4477,101,0.10672695668177602,absolute_atm_iv_change
,,,,,24,120,0.1337548546245881,0.07590449385934689,diagnostic_2,500,acceleration_5s,,,,False,"[1530,2924,23,0,0]","[0.004802284711131862,0.005583829744610675,0.006698084266289421,null,null]",4477,101,0.10672695668177602,absolute_atm_iv_change
,,,,,60,300,0.13563894369433613,0.07331787777604931,diagnostic_2,500,acceleration_5s,,,,False,"[1530,2924,23,0,0]","[0.004802284711131862,0.005583829744610675,0.006698084266289421,null,null]",4477,101,0.10672695668177602,absolute_atm_iv_change
,,,,,12,60,0.0491682816643651,-0.05131975975845202,diagnostic_2,500,acceleration_5s,,,,False,"[1530,2924,23,0,0]","[0.00012584651875528925,0.00012497004368403847,0.00014821287642517156,null,null]",4477,101,-0.003008313495463025,realized_futures_volatility
,,,,,24,120,0.05014651023545683,-0.05077458745132461,diagnostic_2,500,acceleration_5s,,,,False,"[1530,2924,23,0,0]","[0.00012584651875528925,0.00012497004368403847,0.00014821287642517156,null,null]",4477,101,-0.003008313495463025,realized_futures_volatility
,,,,,60,300,0.05702813876444886,-0.05409227756174915,diagnostic_2,500,acceleration_5s,,,,False,"[1530,2924,23,0,0]","[0.00012584651875528925,0.00012497004368403847,0.00014821287642517156,null,null]",4477,101,-0.003008313495463025,realized_futures_volatility
,,,,,12,60,0.03578581224716082,-0.03714743362037615,diagnostic_2,500,acceleration_5s,,,,False,"[1530,2924,23,0,0]","[9.298075258342269e-05,9.081823555128355e-05,9.648696235988451e-05,null,null]",4477,101,-0.002923086339436154,absolute_futures_return
,,,,,24,120,0.041171509646466216,-0.04163984692799436,diagnostic_2,500,acceleration_5s,,,,False,"[1530,2924,23,0,0]","[9.298075258342269e-05,9.081823555128355e-05,9.648696235988451e-05,null,null]",4477,101,-0.002923086339436154,absolute_futures_return
,,,,,60,300,0.042627169092869066,-0.04267914073235268,diagnostic_2,500,acceleration_5s,,,,False,"[1530,2924,23,0,0]","[9.298075258342269e-05,9.081823555128355e-05,9.648696235988451e-05,null,null]",4477,101,-0.002923086339436154,absolute_futures_return
,,,,,12,60,0.06378138459504837,0.0057305473154049165,diagnostic_2,500,acceleration_5s,,,,False,"[1530,2924,23,0,0]","[-1.5496516425628215e-05,9.008380580437401e-06,-0.0001553539654908135,null,null]",4477,101,0.030978480556872686,near_atm_spread_change
,,,,,24,120,0.06429711566606501,0.0017644861235460974,diagnostic_2,500,acceleration_5s,,,,False,"[1530,2924,23,0,0]","[-1.5496516425628215e-05,9.008380580437401e-06,-0.0001553539654908135,null,null]",4477,101,0.030978480556872686,near_atm_spread_change
,,,,,60,300,0.06295225648418569,0.001797046603289245,diagnostic_2,500,acceleration_5s,,,,False,"[1530,2924,23,0,0]","[-1.5496516425628215e-05,9.008380580437401e-06,-0.0001553539654908135,null,null]",4477,101,0.030978480556872686,near_atm_spread_change
,,,,,12,60,0.03170067433650797,-0.042151721156527024,diagnostic_2,500,acceleration_5s,,,,False,"[1530,2924,23,0,0]","[7.055836541005989e-05,7.356883526082812e-05,6.927169211532758e-05,null,null]",4477,101,-0.004537723327666538,absolute_atm_straddle_change
,,,,,24,120,0.04282687582645579,-0.04302859615883192,diagnostic_2,500,acceleration_5s,,,,False,"[1530,2924,23,0,0]","[7.055836541005989e-05,7.356883526082812e-05,6.927169211532758e-05,null,null]",4477,101,-0.004537723327666538,absolute_atm_straddle_change
,,,,,60,300,0.03745193498610082,-0.041094671140825274,diagnostic_2,500,acceleration_5s,,,,False,"[1530,2924,23,0,0]","[7.055836541005989e-05,7.356883526082812e-05,6.927169211532758e-05,null,null]",4477,101,-0.004537723327666538,absolute_atm_straddle_change
,,,,,12,60,0.044643982284307646,-0.032604747625677506,diagnostic_2,500,acceleration_5s,,,,False,"[1530,2924,23,0,0]","[-3.3062190899120957e-07,2.471590934834443e-07,7.516950300550493e-06,null,null]",4477,101,0.007547827654627374,parity_restoration
,,,,,24,120,0.04568632580418048,-0.031900638406285035,diagnostic_2,500,acceleration_5s,,,,False,"[1530,2924,23,0,0]","[-3.3062190899120957e-07,2.471590934834443e-07,7.516950300550493e-06,null,null]",4477,101,0.007547827654627374,parity_restoration
,,,,,60,300,0.045181144416682896,-0.028067341800978984,diagnostic_2,500,acceleration_5s,,,,False,"[1530,2924,23,0,0]","[-3.3062190899120957e-07,2.471590934834443e-07,7.516950300550493e-06,null,null]",4477,101,0.007547827654627374,parity_restoration
,,,,,12,60,-0.021948935100249676,-0.07984502557718899,diagnostic_2,500,curvature_5s,,,,False,"[1293,603,543,636,1402]","[0.045941325175069166,0.0438888002788724,0.041958287152842694,0.04179341475186702,0.04337338603110826]",4477,101,-0.04777385161431867,surface_displacement
,,,,,24,120,-0.020158884889348055,-0.07929481839571158,diagnostic_2,500,curvature_5s,,,,False,"[1293,603,543,636,1402]","[0.045941325175069166,0.0438888002788724,0.041958287152842694,0.04179341475186702,0.04337338603110826]",4477,101,-0.04777385161431867,surface_displacement
,,,,,60,300,-0.025706380829206083,-0.07341442454403528,diagnostic_2,500,curvature_5s,,,,False,"[1293,603,543,636,1402]","[0.045941325175069166,0.0438888002788724,0.041958287152842694,0.04179341475186702,0.04337338603110826]",4477,101,-0.04777385161431867,surface_displacement
,,,,,12,60,-0.025941580549840308,-0.0822779229143381,diagnostic_2,500,curvature_5s,,,,False,"[1293,603,543,636,1402]","[0.005839226515322624,0.005093575870713982,0.0051626620014947645,0.004904817239199794,0.005195673576392733]",4477,101,-0.05407950115937243,absolute_atm_iv_change
,,,,,24,120,-0.021033484044184262,-0.08489041417513087,diagnostic_2,500,curvature_5s,,,,False,"[1293,603,543,636,1402]","[0.005839226515322624,0.005093575870713982,0.0051626620014947645,0.004904817239199794,0.005195673576392733]",4477,101,-0.05407950115937243,absolute_atm_iv_change
,,,,,60,300,-0.027453006190821923,-0.0803646628904446,diagnostic_2,500,curvature_5s,,,,False,"[1293,603,543,636,1402]","[0.005839226515322624,0.005093575870713982,0.0051626620014947645,0.004904817239199794,0.005195673576392733]",4477,101,-0.05407950115937243,absolute_atm_iv_change
,,,,,12,60,0.029272270762286383,-0.024497577403718867,diagnostic_2,500,curvature_5s,,,,False,"[1293,603,543,636,1402]","[0.00012378772843171158,0.0001296821188225586,0.00012541421876179784,0.0001265350158961789,0.00012448961210817974]",4477,101,0.0037666932490303673,realized_futures_volatility
,,,,,24,120,0.028686029935589757,-0.02344851739053856,diagnostic_2,500,curvature_5s,,,,False,"[1293,603,543,636,1402]","[0.00012378772843171158,0.0001296821188225586,0.00012541421876179784,0.0001265350158961789,0.00012448961210817974]",4477,101,0.0037666932490303673,realized_futures_volatility
,,,,,60,300,0.030125280622214336,-0.02444098050739265,diagnostic_2,500,curvature_5s,,,,False,"[1293,603,543,636,1402]","[0.00012378772843171158,0.0001296821188225586,0.00012541421876179784,0.0001265350158961789,0.00012448961210817974]",4477,101,0.0037666932490303673,realized_futures_volatility
,,,,,12,60,0.023169368560574274,-0.030125259073316736,diagnostic_2,500,curvature_5s,,,,False,"[1293,603,543,636,1402]","[9.246879276709325e-05,9.341738117274954e-05,9.012485735982821e-05,9.235046194784297e-05,9.02045300275555e-05]",4477,101,-0.0034850481020877967,absolute_futures_return
,,,,,24,120,0.022273216530705135,-0.029107695339442706,diagnostic_2,500,curvature_5s,,,,False,"[1293,603,543,636,1402]","[9.246879276709325e-05,9.341738117274954e-05,9.012485735982821e-05,9.235046194784297e-05,9.02045300275555e-05]",4477,101,-0.0034850481020877967,absolute_futures_return
,,,,,60,300,0.023355705401564703,-0.029230046107155093,diagnostic_2,500,curvature_5s,,,,False,"[1293,603,543,636,1402]","[9.246879276709325e-05,9.341738117274954e-05,9.012485735982821e-05,9.235046194784297e-05,9.02045300275555e-05]",4477,101,-0.0034850481020877967,absolute_futures_return
,,,,,12,60,-0.000818534821961656,-0.06206791193452156,diagnostic_2,500,curvature_5s,,,,False,"[1293,603,543,636,1402]","[1.4650285128653136e-05,1.2473143562079897e-05,2.9732969246074063e-06,4.31089982889745e-05,-4.0255530600166336e-05]",4477,101,-0.0306020285246588,near_atm_spread_change
,,,,,24,120,0.0001929274794850567,-0.06024592258454081,diagnostic_2,500,curvature_5s,,,,False,"[1293,603,543,636,1402]","[1.4650285128653136e-05,1.2473143562079897e-05,2.9732969246074063e-06,4.31089982889745e-05,-4.0255530600166336e-05]",4477,101,-0.0306020285246588,near_atm_spread_change
,,,,,60,300,0.0029936152047451083,-0.055348785296062845,diagnostic_2,500,curvature_5s,,,,False,"[1293,603,543,636,1402]","[1.4650285128653136e-05,1.2473143562079897e-05,2.9732969246074063e-06,4.31089982889745e-05,-4.0255530600166336e-05]",4477,101,-0.0306020285246588,near_atm_spread_change
,,,,,12,60,0.010924062033465857,-0.04496063601395733,diagnostic_2,500,curvature_5s,,,,False,"[1293,603,543,636,1402]","[7.354136129980943e-05,7.98654129379622e-05,7.09830963397553e-05,6.454522903048017e-05,7.262511495049092e-05]",4477,101,-0.017312871702075898,absolute_atm_straddle_change
,,,,,24,120,0.01075509041291101,-0.04192189203581792,diagnostic_2,500,curvature_5s,,,,False,"[1293,603,543,636,1402]","[7.354136129980943e-05,7.98654129379622e-05,7.09830963397553e-05,6.454522903048017e-05,7.262511495049092e-05]",4477,101,-0.017312871702075898,absolute_atm_straddle_change
,,,,,60,300,0.011188450760834075,-0.04319636284499421,diagnostic_2,500,curvature_5s,,,,False,"[1293,603,543,636,1402]","[7.354136129980943e-05,7.98654129379622e-05,7.09830963397553e-05,6.454522903048017e-05,7.262511495049092e-05]",4477,101,-0.017312871702075898,absolute_atm_straddle_change
,,,,,12,60,0.022869893982559026,-0.031852709448426,diagnostic_2,500,curvature_5s,,,,False,"[1293,603,543,636,1402]","[-3.2205683661134817e-07,1.1794102317085999e-06,9.289490949338076e-08,-6.922387115797541e-08,6.316055044326394e-08]",4477,101,-0.0032236643163973725,parity_restoration
,,,,,24,120,0.020798199852653573,-0.029706998543691947,diagnostic_2,500,curvature_5s,,,,False,"[1293,603,543,636,1402]","[-3.2205683661134817e-07,1.1794102317085999e-06,9.289490949338076e-08,-6.922387115797541e-08,6.316055044326394e-08]",4477,101,-0.0032236643163973725,parity_restoration
,,,,,60,300,0.022899406817726967,-0.02591137804419846,diagnostic_2,500,curvature_5s,,,,False,"[1293,603,543,636,1402]","[-3.2205683661134817e-07,1.1794102317085999e-06,9.289490949338076e-08,-6.922387115797541e-08,6.316055044326394e-08]",4477,101,-0.0032236643163973725,parity_restoration
-0.2212062652503004,-0.12330038120306663,-0.21340994581075212,-0.21599725206123543,-0.2206168077093067,,,,,diagnostic_2,,acceleration_increment_5s,0.002587306250483312,"{""60s"":{""mean_mae_reduction"":4.9755683467091584e-05,""ci_low"":3.710098262465923e-05,""ci_high"":6.073020867540046e-05,""positive_probability"":1.0,""block_rows"":12,""draws"":500},""120s"":{""mean_mae_reduction"":4.9755683467091584e-05,""ci_low"":3.3640765237203075e-05,""ci_high"":6.463490673426136e-05,""positive_probability"":1.0,""block_rows"":24,""draws"":500},""300s"":{""mean_mae_reduction"":4.9755683467091584e-05,""ci_low"":2.624198279768642e-05,""ci_high"":7.056712448503543e-05,""positive_probability"":1.0,""block_rows"":60,""draws"":500}}","{""base_to_candidate"":{""60s"":{""mean_mae_reduction"":0.0001385929243391742,""ci_low"":0.00012460711047098503,""ci_high"":0.00015114864460527132,""positive_probability"":1.0,""block_rows"":12,""draws"":500},""120s"":{""mean_mae_reduction"":0.0001385929243391742,""ci_low"":0.00012434907916648077,""ci_high"":0.00015236998221768053,""positive_probability"":1.0,""block_rows"":24,""draws"":500},""300s"":{""mean_mae_reduction"":0.0001385929243391742,""ci_low"":0.00012018603687553221,""ci_high"":0.00015508560891969812,""positive_probability"":1.0,""block_rows"":60,""draws"":500}},""base_pca_to_candidate"":{""60s"":{""mean_mae_reduction"":0.0001672771991995969,""ci_low"":0.0001527544082320857,""ci_high"":0.00018008915629396454,""positive_probability"":1.0,""block_rows"":12,""draws"":500},""120s"":{""mean_mae_reduction"":0.0001672771991995969,""ci_low"":0.00015355048271671232,""ci_high"":0.00018320401541519653,""positive_probability"":1.0,""block_rows"":24,""draws"":500},""300s"":{""mean_mae_reduction"":0.0001672771991995969,""ci_low"":0.00015046517716674616,""ci_high"":0.00018369470983150443,""positive_probability"":1.0,""block_rows"":60,""draws"":500}}}",,,,,101,,surface_displacement
-0.21374239434934306,-0.11418814644710751,-0.2058709396674514,-0.21599725206123543,-0.2206168077093067,,,,,diagnostic_2,,curvature_increment_5s,0.010126312393784032,"{""60s"":{""mean_mae_reduction"":0.00019473597068760633,""ci_low"":0.00017660877356351584,""ci_high"":0.00021404057850275243,""positive_probability"":1.0,""block_rows"":12,""draws"":500},""120s"":{""mean_mae_reduction"":0.00019473597068760633,""ci_low"":0.00017406108793512436,""ci_high"":0.00021601963383393742,""positive_probability"":1.0,""block_rows"":24,""draws"":500},""300s"":{""mean_mae_reduction"":0.00019473597068760633,""ci_low"":0.00017125615767581384,""ci_high"":0.00021711601009251417,""positive_probability"":1.0,""block_rows"":60,""draws"":500}}","{""base_to_candidate"":{""60s"":{""mean_mae_reduction"":0.00028357321155968895,""ci_low"":0.0002607641218377411,""ci_high"":0.00030505891790738354,""positive_probability"":1.0,""block_rows"":12,""draws"":500},""120s"":{""mean_mae_reduction"":0.00028357321155968895,""ci_low"":0.000259517636644207,""ci_high"":0.0003091052056587049,""positive_probability"":1.0,""block_rows"":24,""draws"":500},""300s"":{""mean_mae_reduction"":0.00028357321155968895,""ci_low"":0.0002594417814861697,""ci_high"":0.0003090233123140962,""positive_probability"":1.0,""block_rows"":60,""draws"":500}},""base_pca_to_candidate"":{""60s"":{""mean_mae_reduction"":0.00022324968588616418,""ci_low"":0.0001988159797789056,""ci_high"":0.0002455016073257412,""positive_probability"":1.0,""block_rows"":12,""draws"":500},""120s"":{""mean_mae_reduction"":0.00022324968588616418,""ci_low"":0.0001967107005329747,""ci_high"":0.000250580342639175,""positive_probability"":1.0,""block_rows"":24,""draws"":500},""300s"":{""mean_mae_reduction"":0.00022324968588616418,""ci_low"":0.0001920977647488113,""ci_high"":0.0002543664342405666,""positive_probability"":1.0,""block_rows"":60,""draws"":500}}}",,,,,101,,surface_displacement
0.18945236310682234,0.16539516305587176,0.18965453190990256,0.18953399211030963,0.1894451971199771,,,,,diagnostic_2,,acceleration_increment_5s,0.00012053979959292249,"{""60s"":{""mean_mae_reduction"":6.163573453340926e-07,""ci_low"":5.24264586674163e-07,""ci_high"":6.947254212558746e-07,""positive_probability"":1.0,""block_rows"":12,""draws"":500},""120s"":{""mean_mae_reduction"":6.163573453340926e-07,""ci_low"":4.971759641151911e-07,""ci_high"":7.347413951762094e-07,""positive_probability"":1.0,""block_rows"":24,""draws"":500},""300s"":{""mean_mae_reduction"":6.163573453340926e-07,""ci_low"":4.4360225299804933e-07,""ci_high"":7.737171252793977e-07,""positive_probability"":1.0,""block_rows"":60,""draws"":500}}","{""base_to_candidate"":{""60s"":{""mean_mae_reduction"":1.0703936445922187e-06,""ci_low"":9.720996297183106e-07,""ci_high"":1.1626598514621071e-06,""positive_probability"":1.0,""block_rows"":12,""draws"":500},""120s"":{""mean_mae_reduction"":1.0703936445922187e-06,""ci_low"":9.511888385320345e-07,""ci_high"":1.1950767082938768e-06,""positive_probability"":1.0,""block_rows"":24,""draws"":500},""300s"":{""mean_mae_reduction"":1.0703936445922187e-06,""ci_low"":9.318836752166456e-07,""ci_high"":1.2099793248920369e-06,""positive_probability"":1.0,""block_rows"":60,""draws"":500}},""base_pca_to_candidate"":{""60s"":{""mean_mae_reduction"":1.8270515774975711e-06,""ci_low"":1.729658466764098e-06,""ci_high"":1.9205532650663532e-06,""positive_probability"":1.0,""block_rows"":12,""draws"":500},""120s"":{""mean_mae_reduction"":1.8270515774975711e-06,""ci_low"":1.7293061432624183e-06,""ci_high"":1.9324443235858777e-06,""positive_probability"":1.0,""block_rows"":24,""draws"":500},""300s"":{""mean_mae_reduction"":1.8270515774975711e-06,""ci_low"":1.675479972374195e-06,""ci_high"":1.956161336339009e-06,""positive_probability"":1.0,""block_rows"":60,""draws"":500}}}",,,,,101,,absolute_atm_iv_change
0.18991000466159325,0.16599239882724304,0.19011228246556555,0.18953399211030963,0.1894451971199771,,,,,diagnostic_2,,curvature_increment_5s,0.0005782903552559171,"{""60s"":{""mean_mae_reduction"":2.956977773330539e-06,""ci_low"":2.697489455842364e-06,""ci_high"":3.2158784155798277e-06,""positive_probability"":1.0,""block_rows"":12,""draws"":500},""120s"":{""mean_mae_reduction"":2.956977773330539e-06,""ci_low"":2.6879833183185223e-06,""ci_high"":3.2162667415552428e-06,""positive_probability"":1.0,""block_rows"":24,""draws"":500},""300s"":{""mean_mae_reduction"":2.956977773330539e-06,""ci_low"":2.632130478522578e-06,""ci_high"":3.2393483549044126e-06,""positive_probability"":1.0,""block_rows"":60,""draws"":500}}","{""base_to_candidate"":{""60s"":{""mean_mae_reduction"":3.4110140725886653e-06,""ci_low"":3.12186874446381e-06,""ci_high"":3.6664172803614202e-06,""positive_probability"":1.0,""block_rows"":12,""draws"":500},""120s"":{""mean_mae_reduction"":3.4110140725886653e-06,""ci_low"":3.0988731970311003e-06,""ci_high"":3.6852039588183194e-06,""positive_probability"":1.0,""block_rows"":24,""draws"":500},""300s"":{""mean_mae_reduction"":3.4110140725886653e-06,""ci_low"":3.110773007391108e-06,""ci_high"":3.7015705398276336e-06,""positive_probability"":1.0,""block_rows"":60,""draws"":500}},""base_pca_to_candidate"":{""60s"":{""mean_mae_reduction"":3.4192439093296404e-06,""ci_low"":3.1822141524988853e-06,""ci_high"":3.641109301531013e-06,""positive_probability"":1.0,""block_rows"":12,""draws"":500},""120s"":{""mean_mae_reduction"":3.4192439093296404e-06,""ci_low"":3.1667043873240227e-06,""ci_high"":3.694234331816531e-06,""positive_probability"":1.0,""block_rows"":24,""draws"":500},""300s"":{""mean_mae_reduction"":3.4192439093296404e-06,""ci_low"":3.060874361792867e-06,""ci_high"":3.706622093436927e-06,""positive_probability"":1.0,""block_rows"":60,""draws"":500}}}",,,,,101,,absolute_atm_iv_change
,,,,,12,60,0.2306398905393399,0.1480898025755206,diagnostic_1,500,velocity_30s,,,,False,"[1343,999,0,0,0]","[0.04073109777819083,0.04785755367414767,null,null,null]",2342,101,0.19241760719634668,surface_displacement
,,,,,24,120,0.23336475210172597,0.15150862326394143,diagnostic_1,500,velocity_30s,,,,False,"[1343,999,0,0,0]","[0.04073109777819083,0.04785755367414767,null,null,null]",2342,101,0.19241760719634668,surface_displacement
,,,,,60,300,0.23776046782356372,0.1517959769574866,diagnostic_1,500,velocity_30s,,,,False,"[1343,999,0,0,0]","[0.04073109777819083,0.04785755367414767,null,null,null]",2342,101,0.19241760719634668,surface_displacement
,,,,,12,60,0.16952773938673704,0.09270486779426158,diagnostic_1,500,velocity_30s,,,,False,"[1343,999,0,0,0]","[0.004126093815665412,0.005121682573844482,null,null,null]",2342,101,0.1357119484159072,absolute_atm_iv_change
,,,,,24,120,0.17858399708567646,0.0941346071719939,diagnostic_1,500,velocity_30s,,,,False,"[1343,999,0,0,0]","[0.004126093815665412,0.005121682573844482,null,null,null]",2342,101,0.1357119484159072,absolute_atm_iv_change
,,,,,60,300,0.18445089240866375,0.09646228799309899,diagnostic_1,500,velocity_30s,,,,False,"[1343,999,0,0,0]","[0.004126093815665412,0.005121682573844482,null,null,null]",2342,101,0.1357119484159072,absolute_atm_iv_change
,,,,,12,60,0.11209588642349715,-0.02176951624244951,diagnostic_1,500,velocity_30s,,,,False,"[1343,999,0,0,0]","[0.00011075120482089035,0.00011846281212635243,null,null,null]",2342,101,0.04119973113809189,realized_futures_volatility
,,,,,24,120,0.12211778107254767,-0.017335042585968373,diagnostic_1,500,velocity_30s,,,,False,"[1343,999,0,0,0]","[0.00011075120482089035,0.00011846281212635243,null,null,null]",2342,101,0.04119973113809189,realized_futures_volatility
,,,,,60,300,0.13474888621718656,-0.02158090041294078,diagnostic_1,500,velocity_30s,,,,False,"[1343,999,0,0,0]","[0.00011075120482089035,0.00011846281212635243,null,null,null]",2342,101,0.04119973113809189,realized_futures_volatility
,,,,,12,60,0.10780472675279831,-0.0025715697036510264,diagnostic_1,500,velocity_30s,,,,False,"[1343,999,0,0,0]","[8.130659386016323e-05,9.356222830496513e-05,null,null,null]",2342,101,0.05511521004666155,absolute_futures_return
,,,,,24,120,0.1190701597860737,0.003960596629229144,diagnostic_1,500,velocity_30s,,,,False,"[1343,999,0,0,0]","[8.130659386016323e-05,9.356222830496513e-05,null,null,null]",2342,101,0.05511521004666155,absolute_futures_return
,,,,,60,300,0.12084814554530199,-0.006150817584550503,diagnostic_1,500,velocity_30s,,,,False,"[1343,999,0,0,0]","[8.130659386016323e-05,9.356222830496513e-05,null,null,null]",2342,101,0.05511521004666155,absolute_futures_return
,,,,,12,60,0.08788232870624788,0.018267496374730206,diagnostic_1,500,velocity_30s,,,,False,"[1343,999,0,0,0]","[-3.0097247678935612e-05,3.625576948263199e-05,null,null,null]",2342,101,0.05580548719305794,near_atm_spread_change
,,,,,24,120,0.08909769752858553,0.01829674484192656,diagnostic_1,500,velocity_30s,,,,False,"[1343,999,0,0,0]","[-3.0097247678935612e-05,3.625576948263199e-05,null,null,null]",2342,101,0.05580548719305794,near_atm_spread_change
,,,,,60,300,0.0883177693901375,0.017944444373313426,diagnostic_1,500,velocity_30s,,,,False,"[1343,999,0,0,0]","[-3.0097247678935612e-05,3.625576948263199e-05,null,null,null]",2342,101,0.05580548719305794,near_atm_spread_change
,,,,,12,60,0.019733381981626927,-0.09003238765064539,diagnostic_1,500,velocity_30s,,,,False,"[1343,999,0,0,0]","[4.614624510327117e-05,4.643230448226194e-05,null,null,null]",2342,101,-0.03936560910897331,absolute_atm_straddle_change
,,,,,24,120,0.016938083022684874,-0.0926705029484791,diagnostic_1,500,velocity_30s,,,,False,"[1343,999,0,0,0]","[4.614624510327117e-05,4.643230448226194e-05,null,null,null]",2342,101,-0.03936560910897331,absolute_atm_straddle_change
,,,,,60,300,0.02619575344297894,-0.09598412539051415,diagnostic_1,500,velocity_30s,,,,False,"[1343,999,0,0,0]","[4.614624510327117e-05,4.643230448226194e-05,null,null,null]",2342,101,-0.03936560910897331,absolute_atm_straddle_change
,,,,,12,60,0.08561738735334669,-0.008422343458855066,diagnostic_1,500,velocity_30s,,,,False,"[1343,999,0,0,0]","[1.5602577052079835e-07,6.377578485354844e-07,null,null,null]",2342,101,0.03976234225988634,parity_restoration
,,,,,24,120,0.08898553160957672,-0.004494162993862599,diagnostic_1,500,velocity_30s,,,,False,"[1343,999,0,0,0]","[1.5602577052079835e-07,6.377578485354844e-07,null,null,null]",2342,101,0.03976234225988634,parity_restoration
,,,,,60,300,0.09185582481465299,-0.0003622720488950761,diagnostic_1,500,velocity_30s,,,,False,"[1343,999,0,0,0]","[1.5602577052079835e-07,6.377578485354844e-07,null,null,null]",2342,101,0.03976234225988634,parity_restoration
,,,,,12,60,0.197121838361467,0.1160586872820474,diagnostic_1,500,acceleration_30s,,,,False,"[1278,1064,0,0,0]","[0.040770489102071115,0.04737488286103095,null,null,null]",2342,101,0.15797795022223474,surface_displacement
,,,,,24,120,0.20307529785622272,0.11698574533242483,diagnostic_1,500,acceleration_30s,,,,False,"[1278,1064,0,0,0]","[0.040770489102071115,0.04737488286103095,null,null,null]",2342,101,0.15797795022223474,surface_displacement
,,,,,60,300,0.2014249242017066,0.11401427094141783,diagnostic_1,500,acceleration_30s,,,,False,"[1278,1064,0,0,0]","[0.040770489102071115,0.04737488286103095,null,null,null]",2342,101,0.15797795022223474,surface_displacement
,,,,,12,60,0.14931275217447998,0.06663648500664021,diagnostic_1,500,acceleration_30s,,,,False,"[1278,1064,0,0,0]","[0.004218575085552645,0.004949780005989666,null,null,null]",2342,101,0.1087714412595721,absolute_atm_iv_change
,,,,,24,120,0.15558827807793785,0.07371602854443732,diagnostic_1,500,acceleration_30s,,,,False,"[1278,1064,0,0,0]","[0.004218575085552645,0.004949780005989666,null,null,null]",2342,101,0.1087714412595721,absolute_atm_iv_change
,,,,,60,300,0.15556998265762317,0.0699069420276338,diagnostic_1,500,acceleration_30s,,,,False,"[1278,1064,0,0,0]","[0.004218575085552645,0.004949780005989666,null,null,null]",2342,101,0.1087714412595721,absolute_atm_iv_change
,,,,,12,60,0.08683848189749364,-0.05203336878734472,diagnostic_1,500,acceleration_30s,,,,False,"[1278,1064,0,0,0]","[0.00011159903258861554,0.00011697335877860072,null,null,null]",2342,101,0.016977116006316656,realized_futures_volatility
,,,,,24,120,0.09363193315791031,-0.0479585230831405,diagnostic_1,500,acceleration_30s,,,,False,"[1278,1064,0,0,0]","[0.00011159903258861554,0.00011697335877860072,null,null,null]",2342,101,0.016977116006316656,realized_futures_volatility
,,,,,60,300,0.1125496460358113,-0.05778354069814665,diagnostic_1,500,acceleration_30s,,,,False,"[1278,1064,0,0,0]","[0.00011159903258861554,0.00011697335877860072,null,null,null]",2342,101,0.016977116006316656,realized_futures_volatility
,,,,,12,60,0.08933984982438,-0.02435016931317643,diagnostic_1,500,acceleration_30s,,,,False,"[1278,1064,0,0,0]","[8.241372862145748e-05,9.148371847052323e-05,null,null,null]",2342,101,0.03445038826905279,absolute_futures_return
,,,,,24,120,0.09919618259631802,-0.02101870051590319,diagnostic_1,500,acceleration_30s,,,,False,"[1278,1064,0,0,0]","[8.241372862145748e-05,9.148371847052323e-05,null,null,null]",2342,101,0.03445038826905279,absolute_futures_return
,,,,,60,300,0.10197797067761673,-0.024589930350169268,diagnostic_1,500,acceleration_30s,,,,False,"[1278,1064,0,0,0]","[8.241372862145748e-05,9.148371847052323e-05,null,null,null]",2342,101,0.03445038826905279,absolute_futures_return
,,,,,12,60,0.07268138582088662,0.003692448341581575,diagnostic_1,500,acceleration_30s,,,,False,"[1278,1064,0,0,0]","[-2.22913974008657e-05,2.2826424773162778e-05,null,null,null]",2342,101,0.04108992466888831,near_atm_spread_change
,,,,,24,120,0.07049266902467431,0.006529389071680843,diagnostic_1,500,acceleration_30s,,,,False,"[1278,1064,0,0,0]","[-2.22913974008657e-05,2.2826424773162778e-05,null,null,null]",2342,101,0.04108992466888831,near_atm_spread_change
,,,,,60,300,0.0704581550475465,0.004274724974663353,diagnostic_1,500,acceleration_30s,,,,False,"[1278,1064,0,0,0]","[-2.22913974008657e-05,2.2826424773162778e-05,null,null,null]",2342,101,0.04108992466888831,near_atm_spread_change
,,,,,12,60,0.002145166747079533,-0.10279277603188407,diagnostic_1,500,acceleration_30s,,,,False,"[1278,1064,0,0,0]","[4.646827063067045e-05,4.602803523071054e-05,null,null,null]",2342,101,-0.05069407582850834,absolute_atm_straddle_change
,,,,,24,120,0.008255238014694955,-0.10084892952581676,diagnostic_1,500,acceleration_30s,,,,False,"[1278,1064,0,0,0]","[4.646827063067045e-05,4.602803523071054e-05,null,null,null]",2342,101,-0.05069407582850834,absolute_atm_straddle_change
,,,,,60,300,0.008028774524239859,-0.10980344013063918,diagnostic_1,500,acceleration_30s,,,,False,"[1278,1064,0,0,0]","[4.646827063067045e-05,4.602803523071054e-05,null,null,null]",2342,101,-0.05069407582850834,absolute_atm_straddle_change
,,,,,12,60,0.044071784900013726,-0.050992006162988344,diagnostic_1,500,acceleration_30s,,,,False,"[1278,1064,0,0,0]","[6.392647862664485e-07,2.7896901924680408e-08,null,null,null]",2342,101,-0.005692881160320326,parity_restoration
,,,,,24,120,0.04368414455130713,-0.05081296809935563,diagnostic_1,500,acceleration_30s,,,,False,"[1278,1064,0,0,0]","[6.392647862664485e-07,2.7896901924680408e-08,null,null,null]",2342,101,-0.005692881160320326,parity_restoration
,,,,,60,300,0.045772966743348305,-0.045644697258605114,diagnostic_1,500,acceleration_30s,,,,False,"[1278,1064,0,0,0]","[6.392647862664485e-07,2.7896901924680408e-08,null,null,null]",2342,101,-0.005692881160320326,parity_restoration
,,,,,12,60,-0.02242133703560156,-0.10001154769900165,diagnostic_1,500,curvature_30s,,,,False,"[632,386,361,321,642]","[0.04649028186169279,0.04418920024255901,0.04023882087757566,0.0424695010445284,0.04347935643966942]",2342,101,-0.056112050046714226,surface_displacement
,,,,,24,120,-0.01225238884405432,-0.09967705671447329,diagnostic_1,500,curvature_30s,,,,False,"[632,386,361,321,642]","[0.04649028186169279,0.04418920024255901,0.04023882087757566,0.0424695010445284,0.04347935643966942]",2342,101,-0.056112050046714226,surface_displacement
,,,,,60,300,-0.01317120169219801,-0.09875250843018323,diagnostic_1,500,curvature_30s,,,,False,"[632,386,361,321,642]","[0.04649028186169279,0.04418920024255901,0.04023882087757566,0.0424695010445284,0.04347935643966942]",2342,101,-0.056112050046714226,surface_displacement
,,,,,12,60,0.004054940145183288,-0.08275971384023037,diagnostic_1,500,curvature_30s,,,,False,"[632,386,361,321,642]","[0.0048410096972049035,0.004536274299411576,0.0044340893750045435,0.004384397230230016,0.004422565579785737]",2342,101,-0.039847037308041657,absolute_atm_iv_change
,,,,,24,120,0.002586116598098466,-0.0889768642508609,diagnostic_1,500,curvature_30s,,,,False,"[632,386,361,321,642]","[0.0048410096972049035,0.004536274299411576,0.0044340893750045435,0.004384397230230016,0.004422565579785737]",2342,101,-0.039847037308041657,absolute_atm_iv_change
,,,,,60,300,-0.0011355250331693443,-0.08778330207190194,diagnostic_1,500,curvature_30s,,,,False,"[632,386,361,321,642]","[0.0048410096972049035,0.004536274299411576,0.0044340893750045435,0.004384397230230016,0.004422565579785737]",2342,101,-0.039847037308041657,absolute_atm_iv_change
,,,,,12,60,0.013956927467440814,-0.0743271559866209,diagnostic_1,500,curvature_30s,,,,False,"[632,386,361,321,642]","[0.00011592202627501708,0.00011997466236573003,0.00011316480703608743,0.00011031866126158784,0.0001109742858328691]",2342,101,-0.03077608058878713,realized_futures_volatility
,,,,,24,120,0.006345998073108871,-0.07122780899787112,diagnostic_1,500,curvature_30s,,,,False,"[632,386,361,321,642]","[0.00011592202627501708,0.00011997466236573003,0.00011316480703608743,0.00011031866126158784,0.0001109742858328691]",2342,101,-0.03077608058878713,realized_futures_volatility
,,,,,60,300,0.005964315325949692,-0.06650937568181692,diagnostic_1,500,curvature_30s,,,,False,"[632,386,361,321,642]","[0.00011592202627501708,0.00011997466236573003,0.00011316480703608743,0.00011031866126158784,0.0001109742858328691]",2342,101,-0.03077608058878713,realized_futures_volatility
,,,,,12,60,-0.010657045635410775,-0.087376300521733,diagnostic_1,500,curvature_30s,,,,True,"[632,386,361,321,642]","[9.11453102208391e-05,8.847923476461301e-05,8.472907576204338e-05,8.458883220161605e-05,8.28136907559689e-05]",2342,101,-0.04680569282666628,absolute_futures_return
,,,,,24,120,-0.006305582119591718,-0.08602803922361268,diagnostic_1,500,curvature_30s,,,,True,"[632,386,361,321,642]","[9.11453102208391e-05,8.847923476461301e-05,8.472907576204338e-05,8.458883220161605e-05,8.28136907559689e-05]",2342,101,-0.04680569282666628,absolute_futures_return
,,,,,60,300,-0.008764064259449662,-0.08583198891253069,diagnostic_1,500,curvature_30s,,,,True,"[632,386,361,321,642]","[9.11453102208391e-05,8.847923476461301e-05,8.472907576204338e-05,8.458883220161605e-05,8.28136907559689e-05]",2342,101,-0.04680569282666628,absolute_futures_return
,,,,,12,60,-0.016183793409165835,-0.096006193705647,diagnostic_1,500,curvature_30s,,,,False,"[632,386,361,321,642]","[6.0390198489620136e-05,1.9541396753418554e-06,-5.551514865887297e-05,-3.689689790384664e-05,-1.750330278317e-05]",2342,101,-0.054577641169567946,near_atm_spread_change
,,,,,24,120,-0.0181842889074389,-0.10007724043507042,diagnostic_1,500,curvature_30s,,,,False,"[632,386,361,321,642]","[6.0390198489620136e-05,1.9541396753418554e-06,-5.551514865887297e-05,-3.689689790384664e-05,-1.750330278317e-05]",2342,101,-0.054577641169567946,near_atm_spread_change
,,,,,60,300,-0.01105037572531709,-0.09913792024304952,diagnostic_1,500,curvature_30s,,,,False,"[632,386,361,321,642]","[6.0390198489620136e-05,1.9541396753418554e-06,-5.551514865887297e-05,-3.689689790384664e-05,-1.750330278317e-05]",2342,101,-0.054577641169567946,near_atm_spread_change
,,,,,12,60,0.006754333952864885,-0.07895546653655092,diagnostic_1,500,curvature_30s,,,,False,"[632,386,361,321,642]","[4.942501199584973e-05,4.499780322989652e-05,4.8487385286023414e-05,4.606236155345061e-05,4.27796815832456e-05]",2342,101,-0.034889977308675976,absolute_atm_straddle_change
,,,,,24,120,-0.0009857299339055127,-0.07950511651077531,diagnostic_1,500,curvature_30s,,,,False,"[632,386,361,321,642]","[4.942501199584973e-05,4.499780322989652e-05,4.8487385286023414e-05,4.606236155345061e-05,4.27796815832456e-05]",2342,101,-0.034889977308675976,absolute_atm_straddle_change
,,,,,60,300,0.0009755906531265876,-0.07554718679021216,diagnostic_1,500,curvature_30s,,,,False,"[632,386,361,321,642]","[4.942501199584973e-05,4.499780322989652e-05,4.8487385286023414e-05,4.606236155345061e-05,4.27796815832456e-05]",2342,101,-0.034889977308675976,absolute_atm_straddle_change
,,,,,12,60,0.026920160082020677,-0.057780410292760626,diagnostic_1,500,curvature_30s,,,,False,"[632,386,361,321,642]","[5.265828660205581e-07,1.510636496989158e-06,1.0561092535064136e-07,-1.0819367190517957e-06,3.7372707803367357e-07]",2342,101,-0.014673122294148959,parity_restoration
,,,,,24,120,0.025339852489636362,-0.05993840667152437,diagnostic_1,500,curvature_30s,,,,False,"[632,386,361,321,642]","[5.265828660205581e-07,1.510636496989158e-06,1.0561092535064136e-07,-1.0819367190517957e-06,3.7372707803367357e-07]",2342,101,-0.014673122294148959,parity_restoration
,,,,,60,300,0.028454262391318947,-0.06255778212032768,diagnostic_1,500,curvature_30s,,,,False,"[632,386,361,321,642]","[5.265828660205581e-07,1.510636496989158e-06,1.0561092535064136e-07,-1.0819367190517957e-06,3.7372707803367357e-07]",2342,101,-0.014673122294148959,parity_restoration
-0.07424354525639432,-0.0010023042813505079,-0.06887035196910185,-0.06048858870621787,-0.08200533791537845,,,,,diagnostic_1,,acceleration_increment_30s,-0.008381763262883979,"{""60s"":{""mean_mae_reduction"":-0.0001607179803500425,""ci_low"":-0.0001774666898437824,""ci_high"":-0.00014611166593620926,""positive_probability"":0.0,""block_rows"":12,""draws"":500},""120s"":{""mean_mae_reduction"":-0.0001607179803500425,""ci_low"":-0.0001781371384150791,""ci_high"":-0.00014231588460532991,""positive_probability"":0.0,""block_rows"":24,""draws"":500},""300s"":{""mean_mae_reduction"":-0.0001607179803500425,""ci_low"":-0.00018388217221952633,""ci_high"":-0.00013837674981964664,""positive_probability"":0.0,""block_rows"":60,""draws"":500}}","{""base_to_candidate"":{""60s"":{""mean_mae_reduction"":0.00025185970385966354,""ci_low"":0.00018671790580050907,""ci_high"":0.000318808111033683,""positive_probability"":1.0,""block_rows"":12,""draws"":500},""120s"":{""mean_mae_reduction"":0.00025185970385966354,""ci_low"":0.00016996893587067783,""ci_high"":0.0003302659819949563,""positive_probability"":1.0,""block_rows"":24,""draws"":500},""300s"":{""mean_mae_reduction"":0.00025185970385966354,""ci_low"":0.00014451443870507457,""ci_high"":0.00036568810210066584,""positive_probability"":1.0,""block_rows"":60,""draws"":500}},""base_pca_to_candidate"":{""60s"":{""mean_mae_reduction"":0.00013352704142025458,""ci_low"":8.290958453456611e-05,""ci_high"":0.00018549344957626988,""positive_probability"":1.0,""block_rows"":12,""draws"":500},""120s"":{""mean_mae_reduction"":0.00013352704142025458,""ci_low"":6.966218276475115e-05,""ci_high"":0.00020063054981091675,""positive_probability"":1.0,""block_rows"":24,""draws"":500},""300s"":{""mean_mae_reduction"":0.00013352704142025458,""ci_low"":5.1374216894529165e-05,""ci_high"":0.00021869952088355896,""positive_probability"":1.0,""block_rows"":60,""draws"":500}}}",,,,,101,,surface_displacement
-0.0835256427890374,-0.006937111065443702,-0.06175180774745681,-0.06048858870621787,-0.08200533791537845,,,,,diagnostic_1,,curvature_increment_30s,-0.0012632190412389388,"{""60s"":{""mean_mae_reduction"":-2.4221873927966012e-05,""ci_low"":-4.666732247685293e-05,""ci_high"":-3.8052022536652034e-06,""positive_probability"":0.008,""block_rows"":12,""draws"":500},""120s"":{""mean_mae_reduction"":-2.4221873927966012e-05,""ci_low"":-4.9095793518066946e-05,""ci_high"":-8.228190865603224e-07,""positive_probability"":0.022,""block_rows"":24,""draws"":500},""300s"":{""mean_mae_reduction"":-2.4221873927966012e-05,""ci_low"":-5.5325909301571074e-05,""ci_high"":5.056639595108983e-06,""positive_probability"":0.058,""block_rows"":60,""draws"":500}}","{""base_to_candidate"":{""60s"":{""mean_mae_reduction"":0.00038835581028173993,""ci_low"":0.0003034996275748936,""ci_high"":0.0004746592118256104,""positive_probability"":1.0,""block_rows"":12,""draws"":500},""120s"":{""mean_mae_reduction"":0.00038835581028173993,""ci_low"":0.0002791259701328041,""ci_high"":0.0004903336368342443,""positive_probability"":1.0,""block_rows"":24,""draws"":500},""300s"":{""mean_mae_reduction"":0.00038835581028173993,""ci_low"":0.0002469430684564503,""ci_high"":0.0005336430170993086,""positive_probability"":1.0,""block_rows"":60,""draws"":500}},""base_pca_to_candidate"":{""60s"":{""mean_mae_reduction"":0.00015113141858791724,""ci_low"":8.18718350826599e-05,""ci_high"":0.0002205903062430623,""positive_probability"":1.0,""block_rows"":12,""draws"":500},""120s"":{""mean_mae_reduction"":0.00015113141858791724,""ci_low"":5.9367237653496176e-05,""ci_high"":0.00024286728178738413,""positive_probability"":1.0,""block_rows"":24,""draws"":500},""300s"":{""mean_mae_reduction"":0.00015113141858791724,""ci_low"":3.8446400563555304e-05,""ci_high"":0.00026010914621458635,""positive_probability"":1.0,""block_rows"":60,""draws"":500}}}",,,,,101,,surface_displacement
0.1723106715629944,0.14183319706854658,0.1724598386008357,0.1725017846197201,0.1716380222591154,,,,,diagnostic_1,,acceleration_increment_30s,-4.1946018884408964e-05,"{""60s"":{""mean_mae_reduction"":-1.821838904817036e-07,""ci_low"":-1.9546851607573822e-07,""ci_high"":-1.692126784596318e-07,""positive_probability"":0.0,""block_rows"":12,""draws"":500},""120s"":{""mean_mae_reduction"":-1.821838904817036e-07,""ci_low"":-1.9846080704827257e-07,""ci_high"":-1.656342516620529e-07,""positive_probability"":0.0,""block_rows"":24,""draws"":500},""300s"":{""mean_mae_reduction"":-1.821838904817036e-07,""ci_low"":-2.0275447322322745e-07,""ci_high"":-1.626244143889584e-07,""positive_probability"":0.0,""block_rows"":60,""draws"":500}}","{""base_to_candidate"":{""60s"":{""mean_mae_reduction"":3.569389953518043e-06,""ci_low"":2.949083942446311e-06,""ci_high"":4.2360826331012755e-06,""positive_probability"":1.0,""block_rows"":12,""draws"":500},""120s"":{""mean_mae_reduction"":3.569389953518043e-06,""ci_low"":2.7377718059093453e-06,""ci_high"":4.3431815985274565e-06,""positive_probability"":1.0,""block_rows"":24,""draws"":500},""300s"":{""mean_mae_reduction"":3.569389953518043e-06,""ci_low"":2.4928344380227245e-06,""ci_high"":4.619877999902082e-06,""positive_probability"":1.0,""block_rows"":60,""draws"":500}},""base_pca_to_candidate"":{""60s"":{""mean_mae_reduction"":2.66116454729475e-06,""ci_low"":1.8907750031349345e-06,""ci_high"":3.3446868672575127e-06,""positive_probability"":1.0,""block_rows"":12,""draws"":500},""120s"":{""mean_mae_reduction"":2.66116454729475e-06,""ci_low"":1.7212931810815952e-06,""ci_high"":3.7124593100063367e-06,""positive_probability"":1.0,""block_rows"":24,""draws"":500},""300s"":{""mean_mae_reduction"":2.66116454729475e-06,""ci_low"":1.2240493981547723e-06,""ci_high"":3.995177334628054e-06,""positive_probability"":1.0,""block_rows"":60,""draws"":500}}}",,,,,101,,absolute_atm_iv_change
0.17122440637622371,0.14048823078982564,0.17229073895806768,0.1725017846197201,0.1716380222591154,,,,,diagnostic_1,,curvature_increment_30s,-0.00021104566165242034,"{""60s"":{""mean_mae_reduction"":-9.166333476148641e-07,""ci_low"":-1.622908428869667e-06,""ci_high"":-2.6320156933425683e-07,""positive_probability"":0.0,""block_rows"":12,""draws"":500},""120s"":{""mean_mae_reduction"":-9.166333476148641e-07,""ci_low"":-1.8133805402257396e-06,""ci_high"":-4.689334320174885e-08,""positive_probability"":0.02,""block_rows"":24,""draws"":500},""300s"":{""mean_mae_reduction"":-9.166333476148641e-07,""ci_low"":-2.0471074618796095e-06,""ci_high"":3.12075826672847e-07,""positive_probability"":0.074,""block_rows"":60,""draws"":500}}","{""base_to_candidate"":{""60s"":{""mean_mae_reduction"":2.8349404963848826e-06,""ci_low"":1.4974555405764156e-06,""ci_high"":3.983604794649458e-06,""positive_probability"":1.0,""block_rows"":12,""draws"":500},""120s"":{""mean_mae_reduction"":2.8349404963848826e-06,""ci_low"":1.1650528207181074e-06,""ci_high"":4.521838943826696e-06,""positive_probability"":1.0,""block_rows"":24,""draws"":500},""300s"":{""mean_mae_reduction"":2.8349404963848826e-06,""ci_low"":6.386935891220659e-07,""ci_high"":5.0009210515546694e-06,""positive_probability"":1.0,""block_rows"":60,""draws"":500}},""base_pca_to_candidate"":{""60s"":{""mean_mae_reduction"":-1.1329332596803047e-06,""ci_low"":-2.332943089788232e-06,""ci_high"":1.3568641042445723e-07,""positive_probability"":0.04,""block_rows"":12,""draws"":500},""120s"":{""mean_mae_reduction"":-1.1329332596803047e-06,""ci_low"":-3.007355260953338e-06,""ci_high"":7.374191171075781e-07,""positive_probability"":0.124,""block_rows"":24,""draws"":500},""300s"":{""mean_mae_reduction"":-1.1329332596803047e-06,""ci_low"":-3.6081845408322525e-06,""ci_high"":1.1622501284431922e-06,""positive_probability"":0.182,""block_rows"":60,""draws"":500}}}",,,,,101,,absolute_atm_iv_change
,,,,,12,60,0.2065836362975274,0.13902851789506765,diagnostic_2,500,velocity_30s,,,,False,"[1806,2671,0,0,0]","[0.040295345568701894,0.04615018152161874,null,null,null]",4477,101,0.17255991930504863,surface_displacement
,,,,,24,120,0.19965317178613015,0.13602039808180003,diagnostic_2,500,velocity_30s,,,,False,"[1806,2671,0,0,0]","[0.040295345568701894,0.04615018152161874,null,null,null]",4477,101,0.17255991930504863,surface_displacement
,,,,,60,300,0.20578439791289388,0.1323364520773656,diagnostic_2,500,velocity_30s,,,,False,"[1806,2671,0,0,0]","[0.040295345568701894,0.04615018152161874,null,null,null]",4477,101,0.17255991930504863,surface_displacement
,,,,,12,60,0.1694681945999171,0.1080080948311887,diagnostic_2,500,velocity_30s,,,,False,"[1806,2671,0,0,0]","[0.004756093553266388,0.005705415485660398,null,null,null]",4477,101,0.14053714191216518,absolute_atm_iv_change
,,,,,24,120,0.16666597319683937,0.10662180569764243,diagnostic_2,500,velocity_30s,,,,False,"[1806,2671,0,0,0]","[0.004756093553266388,0.005705415485660398,null,null,null]",4477,101,0.14053714191216518,absolute_atm_iv_change
,,,,,60,300,0.17020634338823554,0.1107402077008731,diagnostic_2,500,velocity_30s,,,,False,"[1806,2671,0,0,0]","[0.004756093553266388,0.005705415485660398,null,null,null]",4477,101,0.14053714191216518,absolute_atm_iv_change
,,,,,12,60,0.03198022398139928,-0.051308760887429875,diagnostic_2,500,velocity_30s,,,,False,"[1806,2671,0,0,0]","[0.00012617417626475052,0.00012485807384925515,null,null,null]",4477,101,-0.009460435463919373,realized_futures_volatility
,,,,,24,120,0.04282325015181663,-0.05432729893840982,diagnostic_2,500,velocity_30s,,,,False,"[1806,2671,0,0,0]","[0.00012617417626475052,0.00012485807384925515,null,null,null]",4477,101,-0.009460435463919373,realized_futures_volatility
,,,,,60,300,0.04620885288080946,-0.056062959866798906,diagnostic_2,500,velocity_30s,,,,False,"[1806,2671,0,0,0]","[0.00012617417626475052,0.00012485807384925515,null,null,null]",4477,101,-0.009460435463919373,realized_futures_volatility
,,,,,12,60,0.05605669257940306,-0.01592470410608786,diagnostic_2,500,velocity_30s,,,,False,"[1806,2671,0,0,0]","[9.13378144155441e-05,9.175446630640004e-05,null,null,null]",4477,101,0.02084982113807324,absolute_futures_return
,,,,,24,120,0.058228724516771094,-0.01890163354014287,diagnostic_2,500,velocity_30s,,,,False,"[1806,2671,0,0,0]","[9.13378144155441e-05,9.175446630640004e-05,null,null,null]",4477,101,0.02084982113807324,absolute_futures_return
,,,,,60,300,0.06407806656961483,-0.019465063971824504,diagnostic_2,500,velocity_30s,,,,False,"[1806,2671,0,0,0]","[9.13378144155441e-05,9.175446630640004e-05,null,null,null]",4477,101,0.02084982113807324,absolute_futures_return
,,,,,12,60,0.09403552955853871,0.03922392213922406,diagnostic_2,500,velocity_30s,,,,False,"[1806,2671,0,0,0]","[-3.2038948938156684e-05,2.1310383849498337e-05,null,null,null]",4477,101,0.06703025901192101,near_atm_spread_change
,,,,,24,120,0.0949479622265021,0.03990242095572335,diagnostic_2,500,velocity_30s,,,,False,"[1806,2671,0,0,0]","[-3.2038948938156684e-05,2.1310383849498337e-05,null,null,null]",4477,101,0.06703025901192101,near_atm_spread_change
,,,,,60,300,0.09329640362023527,0.04126327771549055,diagnostic_2,500,velocity_30s,,,,False,"[1806,2671,0,0,0]","[-3.2038948938156684e-05,2.1310383849498337e-05,null,null,null]",4477,101,0.06703025901192101,near_atm_spread_change
,,,,,12,60,0.07614777721425518,0.0010564691547215643,diagnostic_2,500,velocity_30s,,,,False,"[1806,2671,0,0,0]","[6.458032071788446e-05,7.788497307458115e-05,null,null,null]",4477,101,0.03911810664170931,absolute_atm_straddle_change
,,,,,24,120,0.07691600249108092,0.00039358495304370005,diagnostic_2,500,velocity_30s,,,,False,"[1806,2671,0,0,0]","[6.458032071788446e-05,7.788497307458115e-05,null,null,null]",4477,101,0.03911810664170931,absolute_atm_straddle_change
,,,,,60,300,0.0813169192257053,-0.0032489923347095223,diagnostic_2,500,velocity_30s,,,,False,"[1806,2671,0,0,0]","[6.458032071788446e-05,7.788497307458115e-05,null,null,null]",4477,101,0.03911810664170931,absolute_atm_straddle_change
,,,,,12,60,0.04389743350118603,-0.022891057621512317,diagnostic_2,500,velocity_30s,,,,False,"[1806,2671,0,0,0]","[-2.7521334301502027e-07,3.31998061769685e-07,null,null,null]",4477,101,0.008448044879338859,parity_restoration
,,,,,24,120,0.0435376542218449,-0.02342525346557831,diagnostic_2,500,velocity_30s,,,,False,"[1806,2671,0,0,0]","[-2.7521334301502027e-07,3.31998061769685e-07,null,null,null]",4477,101,0.008448044879338859,parity_restoration
,,,,,60,300,0.037487501815937276,-0.020390951057978748,diagnostic_2,500,velocity_30s,,,,False,"[1806,2671,0,0,0]","[-2.7521334301502027e-07,3.31998061769685e-07,null,null,null]",4477,101,0.008448044879338859,parity_restoration
,,,,,12,60,0.16099457327346564,0.09902190216938132,diagnostic_2,500,acceleration_30s,,,,False,"[1625,2852,0,0,0]","[0.040257238335835686,0.04580032140448328,null,null,null]",4477,101,0.1323936154707373,surface_displacement
,,,,,24,120,0.16175208022450252,0.09442393424600617,diagnostic_2,500,acceleration_30s,,,,False,"[1625,2852,0,0,0]","[0.040257238335835686,0.04580032140448328,null,null,null]",4477,101,0.1323936154707373,surface_displacement
,,,,,60,300,0.16969554540584933,0.08867060971521148,diagnostic_2,500,acceleration_30s,,,,False,"[1625,2852,0,0,0]","[0.040257238335835686,0.04580032140448328,null,null,null]",4477,101,0.1323936154707373,surface_displacement
,,,,,12,60,0.12762361555685342,0.07052459812103996,diagnostic_2,500,acceleration_30s,,,,False,"[1625,2852,0,0,0]","[0.004813440987697014,0.005612492326223834,null,null,null]",4477,101,0.09979468361512013,absolute_atm_iv_change
,,,,,24,120,0.12763895504260747,0.06961272407259991,diagnostic_2,500,acceleration_30s,,,,False,"[1625,2852,0,0,0]","[0.004813440987697014,0.005612492326223834,null,null,null]",4477,101,0.09979468361512013,absolute_atm_iv_change
,,,,,60,300,0.1310121795490916,0.06667415647485779,diagnostic_2,500,acceleration_30s,,,,False,"[1625,2852,0,0,0]","[0.004813440987697014,0.005612492326223834,null,null,null]",4477,101,0.09979468361512013,absolute_atm_iv_change
,,,,,12,60,0.023553410681904714,-0.06269305743057052,diagnostic_2,500,acceleration_30s,,,,False,"[1625,2852,0,0,0]","[0.00012814200185056872,0.0001238203802869305,null,null,null]",4477,101,-0.018484369518827152,realized_futures_volatility
,,,,,24,120,0.030646293005277152,-0.06237367741990817,diagnostic_2,500,acceleration_30s,,,,False,"[1625,2852,0,0,0]","[0.00012814200185056872,0.0001238203802869305,null,null,null]",4477,101,-0.018484369518827152,realized_futures_volatility
,,,,,60,300,0.035322456159837486,-0.061031347101720874,diagnostic_2,500,acceleration_30s,,,,False,"[1625,2852,0,0,0]","[0.00012814200185056872,0.0001238203802869305,null,null,null]",4477,101,-0.018484369518827152,realized_futures_volatility
,,,,,12,60,0.04161872453770852,-0.03611790866778801,diagnostic_2,500,acceleration_30s,,,,False,"[1625,2852,0,0,0]","[9.242424598106971e-05,9.110900161978574e-05,null,null,null]",4477,101,0.002965172910078527,absolute_futures_return
,,,,,24,120,0.04194956604211421,-0.035672132289429365,diagnostic_2,500,acceleration_30s,,,,False,"[1625,2852,0,0,0]","[9.242424598106971e-05,9.110900161978574e-05,null,null,null]",4477,101,0.002965172910078527,absolute_futures_return
,,,,,60,300,0.046659876816100634,-0.043795961042510066,diagnostic_2,500,acceleration_30s,,,,False,"[1625,2852,0,0,0]","[9.242424598106971e-05,9.110900161978574e-05,null,null,null]",4477,101,0.002965172910078527,absolute_futures_return
,,,,,12,60,0.06493137135003714,0.016853378732000383,diagnostic_2,500,acceleration_30s,,,,False,"[1625,2852,0,0,0]","[-3.188626240723981e-05,1.7837612163907356e-05,null,null,null]",4477,101,0.0403210894070587,near_atm_spread_change
,,,,,24,120,0.06244986438018001,0.016451794110273376,diagnostic_2,500,acceleration_30s,,,,False,"[1625,2852,0,0,0]","[-3.188626240723981e-05,1.7837612163907356e-05,null,null,null]",4477,101,0.0403210894070587,near_atm_spread_change
,,,,,60,300,0.059587745077057795,0.018911125963119935,diagnostic_2,500,acceleration_30s,,,,False,"[1625,2852,0,0,0]","[-3.188626240723981e-05,1.7837612163907356e-05,null,null,null]",4477,101,0.0403210894070587,near_atm_spread_change
,,,,,12,60,0.07020269336068825,-0.00855624575507455,diagnostic_2,500,acceleration_30s,,,,False,"[1625,2852,0,0,0]","[6.242472506486452e-05,7.826880928061036e-05,null,null,null]",4477,101,0.030277984815018383,absolute_atm_straddle_change
,,,,,24,120,0.07049353225638963,-0.007249356301170537,diagnostic_2,500,acceleration_30s,,,,False,"[1625,2852,0,0,0]","[6.242472506486452e-05,7.826880928061036e-05,null,null,null]",4477,101,0.030277984815018383,absolute_atm_straddle_change
,,,,,60,300,0.07252116777925235,-0.013514676204644983,diagnostic_2,500,acceleration_30s,,,,False,"[1625,2852,0,0,0]","[6.242472506486452e-05,7.826880928061036e-05,null,null,null]",4477,101,0.030277984815018383,absolute_atm_straddle_change
,,,,,12,60,0.052387775022654216,-0.0196055852891665,diagnostic_2,500,acceleration_30s,,,,False,"[1625,2852,0,0,0]","[3.630537925905978e-07,-7.020718354068002e-08,null,null,null]",4477,101,0.012870121052622047,parity_restoration
,,,,,24,120,0.04411648250924694,-0.015745241716495374,diagnostic_2,500,acceleration_30s,,,,False,"[1625,2852,0,0,0]","[3.630537925905978e-07,-7.020718354068002e-08,null,null,null]",4477,101,0.012870121052622047,parity_restoration
,,,,,60,300,0.039309806327890696,-0.013810998789208058,diagnostic_2,500,acceleration_30s,,,,False,"[1625,2852,0,0,0]","[3.630537925905978e-07,-7.020718354068002e-08,null,null,null]",4477,101,0.012870121052622047,parity_restoration
,,,,,12,60,-0.046177935800756534,-0.10723771219382686,diagnostic_2,500,curvature_30s,,,,False,"[1344,647,595,567,1324]","[0.0468960985861734,0.04281031613048653,0.04206833598904456,0.041631242607513906,0.04280840138454346]",4477,101,-0.07496632174274662,surface_displacement
,,,,,24,120,-0.04555799444711617,-0.10726582376995071,diagnostic_2,500,curvature_30s,,,,False,"[1344,647,595,567,1324]","[0.0468960985861734,0.04281031613048653,0.04206833598904456,0.041631242607513906,0.04280840138454346]",4477,101,-0.07496632174274662,surface_displacement
,,,,,60,300,-0.042195577633565164,-0.11006454697916279,diagnostic_2,500,curvature_30s,,,,False,"[1344,647,595,567,1324]","[0.0468960985861734,0.04281031613048653,0.04206833598904456,0.041631242607513906,0.04280840138454346]",4477,101,-0.07496632174274662,surface_displacement
,,,,,12,60,-0.026968260331940275,-0.08592720770773768,diagnostic_2,500,curvature_30s,,,,False,"[1344,647,595,567,1324]","[0.005819047429776262,0.0051940828331471225,0.005032980967970456,0.004874401924576498,0.005203088227760755]",4477,101,-0.05588359612564782,absolute_atm_iv_change
,,,,,24,120,-0.027262819899464972,-0.08692948003558623,diagnostic_2,500,curvature_30s,,,,False,"[1344,647,595,567,1324]","[0.005819047429776262,0.0051940828331471225,0.005032980967970456,0.004874401924576498,0.005203088227760755]",4477,101,-0.05588359612564782,absolute_atm_iv_change
,,,,,60,300,-0.02227406493945935,-0.08769415592514536,diagnostic_2,500,curvature_30s,,,,False,"[1344,647,595,567,1324]","[0.005819047429776262,0.0051940828331471225,0.005032980967970456,0.004874401924576498,0.005203088227760755]",4477,101,-0.05588359612564782,absolute_atm_iv_change
,,,,,12,60,0.01616189952966498,-0.04348521341300264,diagnostic_2,500,curvature_30s,,,,False,"[1344,647,595,567,1324]","[0.00012582999255984602,0.00012403999215071087,0.00013074382322931155,0.00013322201004098056,0.00011983960585262888]",4477,101,-0.012917851155319843,realized_futures_volatility
,,,,,24,120,0.012888866120482219,-0.04453364353022502,diagnostic_2,500,curvature_30s,,,,False,"[1344,647,595,567,1324]","[0.00012582999255984602,0.00012403999215071087,0.00013074382322931155,0.00013322201004098056,0.00011983960585262888]",4477,101,-0.012917851155319843,realized_futures_volatility
,,,,,60,300,0.019518059026997887,-0.04379274538443956,diagnostic_2,500,curvature_30s,,,,False,"[1344,647,595,567,1324]","[0.00012582999255984602,0.00012403999215071087,0.00013074382322931155,0.00013322201004098056,0.00011983960585262888]",4477,101,-0.012917851155319843,realized_futures_volatility
,,,,,12,60,0.022270443941280468,-0.03905076116378305,diagnostic_2,500,curvature_30s,,,,False,"[1344,647,595,567,1324]","[8.99263790675572e-05,9.778183431492707e-05,9.613197390772715e-05,9.618823069954255e-05,8.62304537678053e-05]",4477,101,-0.008763639906197423,absolute_futures_return
,,,,,24,120,0.01837557138947321,-0.04083368670499333,diagnostic_2,500,curvature_30s,,,,False,"[1344,647,595,567,1324]","[8.99263790675572e-05,9.778183431492707e-05,9.613197390772715e-05,9.618823069954255e-05,8.62304537678053e-05]",4477,101,-0.008763639906197423,absolute_futures_return
,,,,,60,300,0.023989862262853046,-0.03917825960118477,diagnostic_2,500,curvature_30s,,,,False,"[1344,647,595,567,1324]","[8.99263790675572e-05,9.778183431492707e-05,9.613197390772715e-05,9.618823069954255e-05,8.62304537678053e-05]",4477,101,-0.008763639906197423,absolute_futures_return
,,,,,12,60,-0.00592213623629568,-0.06660883531084019,diagnostic_2,500,curvature_30s,,,,True,"[1344,647,595,567,1324]","[3.4208024403813485e-05,5.462454597557819e-06,-8.155840758171653e-06,-1.0717707411821347e-05,-2.985078103476685e-05]",4477,101,-0.034341224512154676,near_atm_spread_change
,,,,,24,120,-0.008226572870456804,-0.06347938123022992,diagnostic_2,500,curvature_30s,,,,True,"[1344,647,595,567,1324]","[3.4208024403813485e-05,5.462454597557819e-06,-8.155840758171653e-06,-1.0717707411821347e-05,-2.985078103476685e-05]",4477,101,-0.034341224512154676,near_atm_spread_change
,,,,,60,300,-0.006786959372935109,-0.05862022086825981,diagnostic_2,500,curvature_30s,,,,True,"[1344,647,595,567,1324]","[3.4208024403813485e-05,5.462454597557819e-06,-8.155840758171653e-06,-1.0717707411821347e-05,-2.985078103476685e-05]",4477,101,-0.034341224512154676,near_atm_spread_change
,,,,,12,60,0.024946456507854632,-0.03688688677498421,diagnostic_2,500,curvature_30s,,,,False,"[1344,647,595,567,1324]","[7.621970629164328e-05,7.889034741858979e-05,7.080118007519666e-05,7.238410531528413e-05,6.647506979184388e-05]",4477,101,-0.005594228887749321,absolute_atm_straddle_change
,,,,,24,120,0.022472230704841674,-0.03513605162945172,diagnostic_2,500,curvature_30s,,,,False,"[1344,647,595,567,1324]","[7.621970629164328e-05,7.889034741858979e-05,7.080118007519666e-05,7.238410531528413e-05,6.647506979184388e-05]",4477,101,-0.005594228887749321,absolute_atm_straddle_change
,,,,,60,300,0.023231819903838966,-0.03159742880833924,diagnostic_2,500,curvature_30s,,,,False,"[1344,647,595,567,1324]","[7.621970629164328e-05,7.889034741858979e-05,7.080118007519666e-05,7.238410531528413e-05,6.647506979184388e-05]",4477,101,-0.005594228887749321,absolute_atm_straddle_change
,,,,,12,60,0.022233969008308305,-0.03710424640561197,diagnostic_2,500,curvature_30s,,,,False,"[1344,647,595,567,1324]","[6.297623718594315e-07,-2.6685246057929675e-07,1.6695467660183032e-06,-1.1991437523812836e-06,-4.5126992331062803e-07]",4477,101,-0.007055837800378148,parity_restoration
,,,,,24,120,0.024780495298817422,-0.039027956736035666,diagnostic_2,500,curvature_30s,,,,False,"[1344,647,595,567,1324]","[6.297623718594315e-07,-2.6685246057929675e-07,1.6695467660183032e-06,-1.1991437523812836e-06,-4.5126992331062803e-07]",4477,101,-0.007055837800378148,parity_restoration
,,,,,60,300,0.020191760223185723,-0.03583417492480481,diagnostic_2,500,curvature_30s,,,,False,"[1344,647,595,567,1324]","[6.297623718594315e-07,-2.6685246057929675e-07,1.6695467660183032e-06,-1.1991437523812836e-06,-4.5126992331062803e-07]",4477,101,-0.007055837800378148,parity_restoration
-0.20623772008129793,-0.11909701302794029,-0.1826058755629989,-0.17062668711866902,-0.2206168077093067,,,,,diagnostic_2,,acceleration_increment_30s,-0.01197918844432988,"{""60s"":{""mean_mae_reduction"":-0.00023036805492869045,""ci_low"":-0.00024655269588543834,""ci_high"":-0.00021502929736197566,""positive_probability"":0.0,""block_rows"":12,""draws"":500},""120s"":{""mean_mae_reduction"":-0.00023036805492869045,""ci_low"":-0.00024874252000007033,""ci_high"":-0.00021476157246140277,""positive_probability"":0.0,""block_rows"":24,""draws"":500},""300s"":{""mean_mae_reduction"":-0.00023036805492869045,""ci_low"":-0.0002506201618470217,""ci_high"":-0.0002112522716088816,""positive_probability"":0.0,""block_rows"":60,""draws"":500}}","{""base_to_candidate"":{""60s"":{""mean_mae_reduction"":0.0007309764384511318,""ci_low"":0.0006738370543406898,""ci_high"":0.0007824034706374821,""positive_probability"":1.0,""block_rows"":12,""draws"":500},""120s"":{""mean_mae_reduction"":0.0007309764384511318,""ci_low"":0.0006696439482226451,""ci_high"":0.0007910370143556586,""positive_probability"":1.0,""block_rows"":24,""draws"":500},""300s"":{""mean_mae_reduction"":0.0007309764384511318,""ci_low"":0.0006638305291459913,""ci_high"":0.0007971948459967219,""positive_probability"":1.0,""block_rows"":60,""draws"":500}},""base_pca_to_candidate"":{""60s"":{""mean_mae_reduction"":0.00047891378036907706,""ci_low"":0.00043453668973996633,""ci_high"":0.0005233457153251359,""positive_probability"":1.0,""block_rows"":12,""draws"":500},""120s"":{""mean_mae_reduction"":0.00047891378036907706,""ci_low"":0.0004271678198689808,""ci_high"":0.0005343230215524561,""positive_probability"":1.0,""block_rows"":24,""draws"":500},""300s"":{""mean_mae_reduction"":0.00047891378036907706,""ci_low"":0.0004175510128866138,""ci_high"":0.0005368965869649905,""positive_probability"":1.0,""block_rows"":60,""draws"":500}}}",,,,,101,,surface_displacement
-0.22048572299488156,-0.1277253640442706,-0.16606739945049953,-0.17062668711866902,-0.2206168077093067,,,,,diagnostic_2,,curvature_increment_30s,0.004559287668169487,"{""60s"":{""mean_mae_reduction"":8.76782460562817e-05,""ci_low"":7.187722246628975e-05,""ci_high"":0.00010570774089548323,""positive_probability"":1.0,""block_rows"":12,""draws"":500},""120s"":{""mean_mae_reduction"":8.76782460562817e-05,""ci_low"":6.899370849606174e-05,""ci_high"":0.00010878542263906347,""positive_probability"":1.0,""block_rows"":24,""draws"":500},""300s"":{""mean_mae_reduction"":8.76782460562817e-05,""ci_low"":6.478245778051403e-05,""ci_high"":0.00011194287255122259,""positive_probability"":1.0,""block_rows"":60,""draws"":500}}","{""base_to_candidate"":{""60s"":{""mean_mae_reduction"":0.001049022739436104,""ci_low"":0.0009721165764687795,""ci_high"":0.0011187487730445148,""positive_probability"":1.0,""block_rows"":12,""draws"":500},""120s"":{""mean_mae_reduction"":0.001049022739436104,""ci_low"":0.0009708568283352132,""ci_high"":0.0011325976052231636,""positive_probability"":1.0,""block_rows"":24,""draws"":500},""300s"":{""mean_mae_reduction"":0.001049022739436104,""ci_low"":0.0009594471104264939,""ci_high"":0.001138124476459711,""positive_probability"":1.0,""block_rows"":60,""draws"":500}},""base_pca_to_candidate"":{""60s"":{""mean_mae_reduction"":0.000661274027984016,""ci_low"":0.0006030257423291041,""ci_high"":0.0007221539865368268,""positive_probability"":1.0,""block_rows"":12,""draws"":500},""120s"":{""mean_mae_reduction"":0.000661274027984016,""ci_low"":0.000590636916052675,""ci_high"":0.0007326902940993089,""positive_probability"":1.0,""block_rows"":24,""draws"":500},""300s"":{""mean_mae_reduction"":0.000661274027984016,""ci_low"":0.000574123208053568,""ci_high"":0.0007450151939760096,""positive_probability"":1.0,""block_rows"":60,""draws"":500}}}",,,,,101,,surface_displacement
0.19049640487913988,0.16632451767277245,0.1911697273164371,0.1912203730117642,0.1894451971199771,,,,,diagnostic_2,,acceleration_increment_30s,-5.064569532708951e-05,"{""60s"":{""mean_mae_reduction"":-2.5896713309572555e-07,""ci_low"":-2.714569711134771e-07,""ci_high"":-2.4494551874025685e-07,""positive_probability"":0.0,""block_rows"":12,""draws"":500},""120s"":{""mean_mae_reduction"":-2.5896713309572555e-07,""ci_low"":-2.742325024699036e-07,""ci_high"":-2.441079695173634e-07,""positive_probability"":0.0,""block_rows"":24,""draws"":500},""300s"":{""mean_mae_reduction"":-2.5896713309572555e-07,""ci_low"":-2.792620015675381e-07,""ci_high"":-2.406559460186882e-07,""positive_probability"":0.0,""block_rows"":60,""draws"":500}}","{""base_to_candidate"":{""60s"":{""mean_mae_reduction"":8.81805725103832e-06,""ci_low"":8.353757074174689e-06,""ci_high"":9.273188548752756e-06,""positive_probability"":1.0,""block_rows"":12,""draws"":500},""120s"":{""mean_mae_reduction"":8.81805725103832e-06,""ci_low"":8.282778727255307e-06,""ci_high"":9.368344463401255e-06,""positive_probability"":1.0,""block_rows"":24,""draws"":500},""300s"":{""mean_mae_reduction"":8.81805725103832e-06,""ci_low"":8.123158020442361e-06,""ci_high"":9.459440238739998e-06,""positive_probability"":1.0,""block_rows"":60,""draws"":500}},""base_pca_to_candidate"":{""60s"":{""mean_mae_reduction"":8.990686752756034e-06,""ci_low"":8.441563205177095e-06,""ci_high"":9.521017091046171e-06,""positive_probability"":1.0,""block_rows"":12,""draws"":500},""120s"":{""mean_mae_reduction"":8.990686752756034e-06,""ci_low"":8.363126480390412e-06,""ci_high"":9.640980516942812e-06,""positive_probability"":1.0,""block_rows"":24,""draws"":500},""300s"":{""mean_mae_reduction"":8.990686752756034e-06,""ci_low"":8.124264373368233e-06,""ci_high"":9.75373569175528e-06,""positive_probability"":1.0,""block_rows"":60,""draws"":500}}}",,,,,101,,absolute_atm_iv_change
0.18938481067121882,0.16477011320072243,0.19173270181440671,0.1912203730117642,0.1894451971199771,,,,,diagnostic_2,,curvature_increment_30s,0.0005123288026425143,"{""60s"":{""mean_mae_reduction"":2.6196959162162934e-06,""ci_low"":2.1643661537011048e-06,""ci_high"":3.080153349316107e-06,""positive_probability"":1.0,""block_rows"":12,""draws"":500},""120s"":{""mean_mae_reduction"":2.6196959162162934e-06,""ci_low"":2.1333205607364587e-06,""ci_high"":3.173906754705174e-06,""positive_probability"":1.0,""block_rows"":24,""draws"":500},""300s"":{""mean_mae_reduction"":2.6196959162162934e-06,""ci_low"":1.9837564085035554e-06,""ci_high"":3.300767558009374e-06,""positive_probability"":1.0,""block_rows"":60,""draws"":500}}","{""base_to_candidate"":{""60s"":{""mean_mae_reduction"":1.1696720300350338e-05,""ci_low"":1.095148758700145e-05,""ci_high"":1.2441111383740705e-05,""positive_probability"":1.0,""block_rows"":12,""draws"":500},""120s"":{""mean_mae_reduction"":1.1696720300350338e-05,""ci_low"":1.0855655734646419e-05,""ci_high"":1.2595640553752292e-05,""positive_probability"":1.0,""block_rows"":24,""draws"":500},""300s"":{""mean_mae_reduction"":1.1696720300350338e-05,""ci_low"":1.0669619920761328e-05,""ci_high"":1.2719172145610986e-05,""positive_probability"":1.0,""block_rows"":60,""draws"":500}},""base_pca_to_candidate"":{""60s"":{""mean_mae_reduction"":8.532756324002598e-06,""ci_low"":7.750164993604933e-06,""ci_high"":9.38900635167732e-06,""positive_probability"":1.0,""block_rows"":12,""draws"":500},""120s"":{""mean_mae_reduction"":8.532756324002598e-06,""ci_low"":7.637149247525578e-06,""ci_high"":9.508712051191826e-06,""positive_probability"":1.0,""block_rows"":24,""draws"":500},""300s"":{""mean_mae_reduction"":8.532756324002598e-06,""ci_low"":7.267028032322428e-06,""ci_high"":9.730497234787426e-06,""positive_probability"":1.0,""block_rows"":60,""draws"":500}}}",,,,,101,,absolute_atm_iv_change
,,,,,12,60,0.23734748343500436,0.15241089173197542,diagnostic_1,500,velocity_60s,,,,False,"[1329,1013,0,0,0]","[0.040587611328032694,0.047947309952249134,null,null,null]",2342,101,0.19324621995691563,surface_displacement
,,,,,24,120,0.23950747711911788,0.1478272629240542,diagnostic_1,500,velocity_60s,,,,False,"[1329,1013,0,0,0]","[0.040587611328032694,0.047947309952249134,null,null,null]",2342,101,0.19324621995691563,surface_displacement
,,,,,60,300,0.24079776185793217,0.14605812944118865,diagnostic_1,500,velocity_60s,,,,False,"[1329,1013,0,0,0]","[0.040587611328032694,0.047947309952249134,null,null,null]",2342,101,0.19324621995691563,surface_displacement
,,,,,12,60,0.17317486345287664,0.08441521284609164,diagnostic_1,500,velocity_60s,,,,False,"[1329,1013,0,0,0]","[0.004150221610625405,0.005076268869879686,null,null,null]",2342,101,0.1290015017488221,absolute_atm_iv_change
,,,,,24,120,0.17715312270243555,0.08375726140429811,diagnostic_1,500,velocity_60s,,,,False,"[1329,1013,0,0,0]","[0.004150221610625405,0.005076268869879686,null,null,null]",2342,101,0.1290015017488221,absolute_atm_iv_change
,,,,,60,300,0.1748579590096934,0.08572963965893857,diagnostic_1,500,velocity_60s,,,,False,"[1329,1013,0,0,0]","[0.004150221610625405,0.005076268869879686,null,null,null]",2342,101,0.1290015017488221,absolute_atm_iv_change
,,,,,12,60,0.11945551022962796,-0.018607865255758027,diagnostic_1,500,velocity_60s,,,,False,"[1329,1013,0,0,0]","[0.0001094825894395402,0.00012002058837466228,null,null,null]",2342,101,0.04644571672951635,realized_futures_volatility
,,,,,24,120,0.13144945209619754,-0.02121389204155108,diagnostic_1,500,velocity_60s,,,,False,"[1329,1013,0,0,0]","[0.0001094825894395402,0.00012002058837466228,null,null,null]",2342,101,0.04644571672951635,realized_futures_volatility
,,,,,60,300,0.13280943497461617,-0.02984860096432294,diagnostic_1,500,velocity_60s,,,,False,"[1329,1013,0,0,0]","[0.0001094825894395402,0.00012002058837466228,null,null,null]",2342,101,0.04644571672951635,realized_futures_volatility
,,,,,12,60,0.13575005368938095,0.025766393966505072,diagnostic_1,500,velocity_60s,,,,False,"[1329,1013,0,0,0]","[7.933077729672216e-05,9.598501342893941e-05,null,null,null]",2342,101,0.07925496509928326,absolute_futures_return
,,,,,24,120,0.14350200483181358,0.02787035611431563,diagnostic_1,500,velocity_60s,,,,False,"[1329,1013,0,0,0]","[7.933077729672216e-05,9.598501342893941e-05,null,null,null]",2342,101,0.07925496509928326,absolute_futures_return
,,,,,60,300,0.1442424917649529,0.02775799670887617,diagnostic_1,500,velocity_60s,,,,False,"[1329,1013,0,0,0]","[7.933077729672216e-05,9.598501342893941e-05,null,null,null]",2342,101,0.07925496509928326,absolute_futures_return
,,,,,12,60,0.11936828042969039,0.04719848737866027,diagnostic_1,500,velocity_60s,,,,False,"[1329,1013,0,0,0]","[-4.677160321913542e-05,5.721458120293169e-05,null,null,null]",2342,101,0.08676984127613202,near_atm_spread_change
,,,,,24,120,0.12204120078512716,0.05153823906324327,diagnostic_1,500,velocity_60s,,,,False,"[1329,1013,0,0,0]","[-4.677160321913542e-05,5.721458120293169e-05,null,null,null]",2342,101,0.08676984127613202,near_atm_spread_change
,,,,,60,300,0.12152531558858279,0.05493876855244127,diagnostic_1,500,velocity_60s,,,,False,"[1329,1013,0,0,0]","[-4.677160321913542e-05,5.721458120293169e-05,null,null,null]",2342,101,0.08676984127613202,near_atm_spread_change
,,,,,12,60,0.04036739932585703,-0.06835113036255905,diagnostic_1,500,velocity_60s,,,,False,"[1329,1013,0,0,0]","[4.449916374221433e-05,4.85892307384699e-05,null,null,null]",2342,101,-0.013045296715491124,absolute_atm_straddle_change
,,,,,24,120,0.05333940985706786,-0.06439637799632378,diagnostic_1,500,velocity_60s,,,,False,"[1329,1013,0,0,0]","[4.449916374221433e-05,4.85892307384699e-05,null,null,null]",2342,101,-0.013045296715491124,absolute_atm_straddle_change
,,,,,60,300,0.05095944286265161,-0.07088477699711639,diagnostic_1,500,velocity_60s,,,,False,"[1329,1013,0,0,0]","[4.449916374221433e-05,4.85892307384699e-05,null,null,null]",2342,101,-0.013045296715491124,absolute_atm_straddle_change
,,,,,12,60,0.059923824025984104,-0.039479633030938106,diagnostic_1,500,velocity_60s,,,,False,"[1329,1013,0,0,0]","[2.391607609954666e-07,5.220316378414669e-07,null,null,null]",2342,101,0.010739902291981252,parity_restoration
,,,,,24,120,0.06373541515042833,-0.03088444920482303,diagnostic_1,500,velocity_60s,,,,False,"[1329,1013,0,0,0]","[2.391607609954666e-07,5.220316378414669e-07,null,null,null]",2342,101,0.010739902291981252,parity_restoration
,,,,,60,300,0.05433032740936589,-0.02036669656065627,diagnostic_1,500,velocity_60s,,,,False,"[1329,1013,0,0,0]","[2.391607609954666e-07,5.220316378414669e-07,null,null,null]",2342,101,0.010739902291981252,parity_restoration
,,,,,12,60,0.18866255701236545,0.11332604854910408,diagnostic_1,500,acceleration_60s,,,,False,"[1264,1078,0,0,0]","[0.041238165608544854,0.04674074128699734,null,null,null]",2342,101,0.14890390087387048,surface_displacement
,,,,,24,120,0.19511060617945566,0.10346925229559854,diagnostic_1,500,acceleration_60s,,,,False,"[1264,1078,0,0,0]","[0.041238165608544854,0.04674074128699734,null,null,null]",2342,101,0.14890390087387048,surface_displacement
,,,,,60,300,0.19352213550554007,0.09863589234578296,diagnostic_1,500,acceleration_60s,,,,False,"[1264,1078,0,0,0]","[0.041238165608544854,0.04674074128699734,null,null,null]",2342,101,0.14890390087387048,surface_displacement
,,,,,12,60,0.15197293816884064,0.06681687997796842,diagnostic_1,500,acceleration_60s,,,,False,"[1264,1078,0,0,0]","[0.004219638372335253,0.0049390370900533635,null,null,null]",2342,101,0.10977734893043899,absolute_atm_iv_change
,,,,,24,120,0.16032515184821317,0.06858473931060724,diagnostic_1,500,acceleration_60s,,,,False,"[1264,1078,0,0,0]","[0.004219638372335253,0.0049390370900533635,null,null,null]",2342,101,0.10977734893043899,absolute_atm_iv_change
,,,,,60,300,0.15898150827788274,0.06797188776695252,diagnostic_1,500,acceleration_60s,,,,False,"[1264,1078,0,0,0]","[0.004219638372335253,0.0049390370900533635,null,null,null]",2342,101,0.10977734893043899,absolute_atm_iv_change
,,,,,12,60,0.121303515927281,-0.019377263209972982,diagnostic_1,500,acceleration_60s,,,,False,"[1264,1078,0,0,0]","[0.00010848938646906687,0.00012054975221872103,null,null,null]",2342,101,0.04860826898828875,realized_futures_volatility
,,,,,24,120,0.13165276384944904,-0.02156669348131148,diagnostic_1,500,acceleration_60s,,,,False,"[1264,1078,0,0,0]","[0.00010848938646906687,0.00012054975221872103,null,null,null]",2342,101,0.04860826898828875,realized_futures_volatility
,,,,,60,300,0.1433903070304486,-0.03233491227504173,diagnostic_1,500,acceleration_60s,,,,False,"[1264,1078,0,0,0]","[0.00010848938646906687,0.00012054975221872103,null,null,null]",2342,101,0.04860826898828875,realized_futures_volatility
,,,,,12,60,0.1431194567089944,0.03635518486466197,diagnostic_1,500,acceleration_60s,,,,False,"[1264,1078,0,0,0]","[7.873849023746539e-05,9.567529681883407e-05,null,null,null]",2342,101,0.08657224526685257,absolute_futures_return
,,,,,24,120,0.15091581530785403,0.03765113192921038,diagnostic_1,500,acceleration_60s,,,,False,"[1264,1078,0,0,0]","[7.873849023746539e-05,9.567529681883407e-05,null,null,null]",2342,101,0.08657224526685257,absolute_futures_return
,,,,,60,300,0.14717237729370292,0.041193261599038265,diagnostic_1,500,acceleration_60s,,,,False,"[1264,1078,0,0,0]","[7.873849023746539e-05,9.567529681883407e-05,null,null,null]",2342,101,0.08657224526685257,absolute_futures_return
,,,,,12,60,0.09588618463842591,0.02116480644327468,diagnostic_1,500,acceleration_60s,,,,False,"[1264,1078,0,0,0]","[-3.6234875943027644e-05,3.858978967748216e-05,null,null,null]",2342,101,0.060381125316232624,near_atm_spread_change
,,,,,24,120,0.09929601147458277,0.023558953654563432,diagnostic_1,500,acceleration_60s,,,,False,"[1264,1078,0,0,0]","[-3.6234875943027644e-05,3.858978967748216e-05,null,null,null]",2342,101,0.060381125316232624,near_atm_spread_change
,,,,,60,300,0.09454517561022871,0.02303424815361699,diagnostic_1,500,acceleration_60s,,,,False,"[1264,1078,0,0,0]","[-3.6234875943027644e-05,3.858978967748216e-05,null,null,null]",2342,101,0.060381125316232624,near_atm_spread_change
,,,,,12,60,0.008400013252440556,-0.09141299028975916,diagnostic_1,500,acceleration_60s,,,,False,"[1264,1078,0,0,0]","[4.5002035832008984e-05,4.7752974081459644e-05,null,null,null]",2342,101,-0.04079836004724703,absolute_atm_straddle_change
,,,,,24,120,0.016123839661926816,-0.09018695295775964,diagnostic_1,500,acceleration_60s,,,,False,"[1264,1078,0,0,0]","[4.5002035832008984e-05,4.7752974081459644e-05,null,null,null]",2342,101,-0.04079836004724703,absolute_atm_straddle_change
,,,,,60,300,0.017120825258208777,-0.0893821124631241,diagnostic_1,500,acceleration_60s,,,,False,"[1264,1078,0,0,0]","[4.5002035832008984e-05,4.7752974081459644e-05,null,null,null]",2342,101,-0.04079836004724703,absolute_atm_straddle_change
,,,,,12,60,0.034995573712855076,-0.05915998789011447,diagnostic_1,500,acceleration_60s,,,,False,"[1264,1078,0,0,0]","[6.404648270520888e-07,3.442964666283945e-08,null,null,null]",2342,101,-0.009410890620200563,parity_restoration
,,,,,24,120,0.04197862347187436,-0.0559442803603194,diagnostic_1,500,acceleration_60s,,,,False,"[1264,1078,0,0,0]","[6.404648270520888e-07,3.442964666283945e-08,null,null,null]",2342,101,-0.009410890620200563,parity_restoration
,,,,,60,300,0.041866623181207666,-0.04475231250780919,diagnostic_1,500,acceleration_60s,,,,False,"[1264,1078,0,0,0]","[6.404648270520888e-07,3.442964666283945e-08,null,null,null]",2342,101,-0.009410890620200563,parity_restoration
,,,,,12,60,-0.03186007046177919,-0.10448219148609175,diagnostic_1,500,curvature_60s,,,,False,"[650,352,304,376,660]","[0.04674766365313638,0.04279079509394628,0.0439368300523262,0.043359700546985555,0.04151996279909446]",2342,101,-0.06683960322803968,surface_displacement
,,,,,24,120,-0.03555016605627673,-0.10358832778564171,diagnostic_1,500,curvature_60s,,,,False,"[650,352,304,376,660]","[0.04674766365313638,0.04279079509394628,0.0439368300523262,0.043359700546985555,0.04151996279909446]",2342,101,-0.06683960322803968,surface_displacement
,,,,,60,300,-0.03563945816922875,-0.09946319336432384,diagnostic_1,500,curvature_60s,,,,False,"[650,352,304,376,660]","[0.04674766365313638,0.04279079509394628,0.0439368300523262,0.043359700546985555,0.04151996279909446]",2342,101,-0.06683960322803968,surface_displacement
,,,,,12,60,-0.02745430249839321,-0.10020662249225648,diagnostic_1,500,curvature_60s,,,,False,"[650,352,304,376,660]","[0.004979064487493955,0.004298250508410009,0.004582014008376159,0.004553881592731526,0.004247480382521947]",2342,101,-0.06371182981512126,absolute_atm_iv_change
,,,,,24,120,-0.03168986199992219,-0.10303590780462238,diagnostic_1,500,curvature_60s,,,,False,"[650,352,304,376,660]","[0.004979064487493955,0.004298250508410009,0.004582014008376159,0.004553881592731526,0.004247480382521947]",2342,101,-0.06371182981512126,absolute_atm_iv_change
,,,,,60,300,-0.03399078577748281,-0.09919649589948551,diagnostic_1,500,curvature_60s,,,,False,"[650,352,304,376,660]","[0.004979064487493955,0.004298250508410009,0.004582014008376159,0.004553881592731526,0.004247480382521947]",2342,101,-0.06371182981512126,absolute_atm_iv_change
,,,,,12,60,0.07082541385180523,-0.019391815355685203,diagnostic_1,500,curvature_60s,,,,False,"[650,352,304,376,660]","[0.00011128628991186501,0.00011210895198184853,0.0001070154663314361,0.00011414977350349045,0.00012095721400953014]",2342,101,0.024601939629381533,realized_futures_volatility
,,,,,24,120,0.06430712226836234,-0.01855087362881834,diagnostic_1,500,curvature_60s,,,,False,"[650,352,304,376,660]","[0.00011128628991186501,0.00011210895198184853,0.0001070154663314361,0.00011414977350349045,0.00012095721400953014]",2342,101,0.024601939629381533,realized_futures_volatility
,,,,,60,300,0.06653099160484686,-0.017728586336094754,diagnostic_1,500,curvature_60s,,,,False,"[650,352,304,376,660]","[0.00011128628991186501,0.00011210895198184853,0.0001070154663314361,0.00011414977350349045,0.00012095721400953014]",2342,101,0.024601939629381533,realized_futures_volatility
,,,,,12,60,0.04412365913523252,-0.04037446169230391,diagnostic_1,500,curvature_60s,,,,False,"[650,352,304,376,660]","[8.794197669396033e-05,8.712031624533914e-05,7.929300007067228e-05,8.14782812240276e-05,9.105133287834398e-05]",2342,101,0.0021888716408494206,absolute_futures_return
,,,,,24,120,0.04528705375311731,-0.037218808386748466,diagnostic_1,500,curvature_60s,,,,False,"[650,352,304,376,660]","[8.794197669396033e-05,8.712031624533914e-05,7.929300007067228e-05,8.14782812240276e-05,9.105133287834398e-05]",2342,101,0.0021888716408494206,absolute_futures_return
,,,,,60,300,0.05008553935045392,-0.038630138046897716,diagnostic_1,500,curvature_60s,,,,False,"[650,352,304,376,660]","[8.794197669396033e-05,8.712031624533914e-05,7.929300007067228e-05,8.14782812240276e-05,9.105133287834398e-05]",2342,101,0.0021888716408494206,absolute_futures_return
,,,,,12,60,0.006646573480529034,-0.06900420982153303,diagnostic_1,500,curvature_60s,,,,False,"[650,352,304,376,660]","[3.5309878182418356e-05,-1.1458596625082215e-05,-2.1610538983383632e-05,-2.005941210069416e-05,-1.3647184735446265e-05]",2342,101,-0.032824943613212955,near_atm_spread_change
,,,,,24,120,0.0029260889642725974,-0.06910140156207502,diagnostic_1,500,curvature_60s,,,,False,"[650,352,304,376,660]","[3.5309878182418356e-05,-1.1458596625082215e-05,-2.1610538983383632e-05,-2.005941210069416e-05,-1.3647184735446265e-05]",2342,101,-0.032824943613212955,near_atm_spread_change
,,,,,60,300,0.010050026998127855,-0.07193591903950822,diagnostic_1,500,curvature_60s,,,,False,"[650,352,304,376,660]","[3.5309878182418356e-05,-1.1458596625082215e-05,-2.1610538983383632e-05,-2.005941210069416e-05,-1.3647184735446265e-05]",2342,101,-0.032824943613212955,near_atm_spread_change
,,,,,12,60,0.029254050936973645,-0.05548184258866057,diagnostic_1,500,curvature_60s,,,,False,"[650,352,304,376,660]","[4.757553768845705e-05,4.530862894501876e-05,4.298876860718194e-05,4.431607320587686e-05,4.811532315656994e-05]",2342,101,-0.01012529088332359,absolute_atm_straddle_change
,,,,,24,120,0.030280617651695152,-0.046529663377604544,diagnostic_1,500,curvature_60s,,,,False,"[650,352,304,376,660]","[4.757553768845705e-05,4.530862894501876e-05,4.298876860718194e-05,4.431607320587686e-05,4.811532315656994e-05]",2342,101,-0.01012529088332359,absolute_atm_straddle_change
,,,,,60,300,0.0350245665832105,-0.045408064608771864,diagnostic_1,500,curvature_60s,,,,False,"[650,352,304,376,660]","[4.757553768845705e-05,4.530862894501876e-05,4.298876860718194e-05,4.431607320587686e-05,4.811532315656994e-05]",2342,101,-0.01012529088332359,absolute_atm_straddle_change
,,,,,12,60,0.024779556726897613,-0.05581971662619378,diagnostic_1,500,curvature_60s,,,,False,"[650,352,304,376,660]","[6.723211901351952e-07,-1.5394580104425999e-06,-6.241520569155431e-07,1.4139280747645473e-06,9.237097208714465e-07]",2342,101,-0.012321034983770308,parity_restoration
,,,,,24,120,0.03005855197956113,-0.05386055000932932,diagnostic_1,500,curvature_60s,,,,False,"[650,352,304,376,660]","[6.723211901351952e-07,-1.5394580104425999e-06,-6.241520569155431e-07,1.4139280747645473e-06,9.237097208714465e-07]",2342,101,-0.012321034983770308,parity_restoration
,,,,,60,300,0.02536214263067095,-0.05670248544389405,diagnostic_1,500,curvature_60s,,,,False,"[650,352,304,376,660]","[6.723211901351952e-07,-1.5394580104425999e-06,-6.241520569155431e-07,1.4139280747645473e-06,9.237097208714465e-07]",2342,101,-0.012321034983770308,parity_restoration
-0.08186778266078965,-0.006956656754349311,-0.07647888805421466,-0.0772958962566741,-0.08200533791537845,,,,,diagnostic_1,,acceleration_increment_60s,0.000817008202459446,"{""60s"":{""mean_mae_reduction"":1.56659051455345e-05,""ci_low"":3.83874311035808e-06,""ci_high"":2.9919808859779112e-05,""positive_probability"":0.988,""block_rows"":12,""draws"":500},""120s"":{""mean_mae_reduction"":1.56659051455345e-05,""ci_low"":1.1242333394991837e-06,""ci_high"":3.269467551101883e-05,""positive_probability"":0.98,""block_rows"":24,""draws"":500},""300s"":{""mean_mae_reduction"":1.56659051455345e-05,""ci_low"":-5.959276286475684e-06,""ci_high"":3.5041165878481326e-05,""positive_probability"":0.922,""block_rows"":60,""draws"":500}}","{""base_to_candidate"":{""60s"":{""mean_mae_reduction"":0.0001059681396783303,""ci_low"":6.0118546640404555e-05,""ci_high"":0.00015412137397268776,""positive_probability"":1.0,""block_rows"":12,""draws"":500},""120s"":{""mean_mae_reduction"":0.0001059681396783303,""ci_low"":4.073055945817656e-05,""ci_high"":0.000165661251121487,""positive_probability"":0.998,""block_rows"":24,""draws"":500},""300s"":{""mean_mae_reduction"":0.0001059681396783303,""ci_low"":2.253051829956325e-05,""ci_high"":0.00019383793306915965,""positive_probability"":0.998,""block_rows"":60,""draws"":500}},""base_pca_to_candidate"":{""60s"":{""mean_mae_reduction"":-0.0002128406504724419,""ci_low"":-0.0002646137208100391,""ci_high"":-0.00016896145672438582,""positive_probability"":0.0,""block_rows"":12,""draws"":500},""120s"":{""mean_mae_reduction"":-0.0002128406504724419,""ci_low"":-0.00026973930620114974,""ci_high"":-0.00015401809099037646,""positive_probability"":0.0,""block_rows"":24,""draws"":500},""300s"":{""mean_mae_reduction"":-0.0002128406504724419,""ci_low"":-0.0002803564650425494,""ci_high"":-0.00014758280483881002,""positive_probability"":0.0,""block_rows"":60,""draws"":500}}}",,,,,101,,surface_displacement
-0.09117058830527691,-0.009746988309871751,-0.08854195892065708,-0.0772958962566741,-0.08200533791537845,,,,,diagnostic_1,,curvature_increment_60s,-0.01124606266398298,"{""60s"":{""mean_mae_reduction"":-0.00021564012506164029,""ci_low"":-0.0002469304008290402,""ci_high"":-0.00019023529493648585,""positive_probability"":0.0,""block_rows"":12,""draws"":500},""120s"":{""mean_mae_reduction"":-0.00021564012506164029,""ci_low"":-0.0002499761250476349,""ci_high"":-0.0001808893586619177,""positive_probability"":0.0,""block_rows"":24,""draws"":500},""300s"":{""mean_mae_reduction"":-0.00021564012506164029,""ci_low"":-0.00025383160511775396,""ci_high"":-0.00017004283403189714,""positive_probability"":0.0,""block_rows"":60,""draws"":500}}","{""base_to_candidate"":{""60s"":{""mean_mae_reduction"":-0.00012533789052884448,""ci_low"":-0.00019987871566014376,""ci_high"":-5.370746015445882e-05,""positive_probability"":0.0,""block_rows"":12,""draws"":500},""120s"":{""mean_mae_reduction"":-0.00012533789052884448,""ci_low"":-0.00021800404762701572,""ci_high"":-3.786498254574831e-05,""positive_probability"":0.004,""block_rows"":24,""draws"":500},""300s"":{""mean_mae_reduction"":-0.00012533789052884448,""ci_low"":-0.0002534043659048751,""ci_high"":1.9331340652333232e-06,""positive_probability"":0.028,""block_rows"":60,""draws"":500}},""base_pca_to_candidate"":{""60s"":{""mean_mae_reduction"":-0.0004485085103988604,""ci_low"":-0.000527712637724131,""ci_high"":-0.0003751106208177407,""positive_probability"":0.0,""block_rows"":12,""draws"":500},""120s"":{""mean_mae_reduction"":-0.0004485085103988604,""ci_low"":-0.0005393643896639347,""ci_high"":-0.0003504160456664508,""positive_probability"":0.0,""block_rows"":24,""draws"":500},""300s"":{""mean_mae_reduction"":-0.0004485085103988604,""ci_low"":-0.0005576644351378314,""ci_high"":-0.000328504208644838,""positive_probability"":0.0,""block_rows"":60,""draws"":500}}}",,,,,101,,surface_displacement
0.17162818721748074,0.14114629625119923,0.17193575549841533,0.17176702996793702,0.1716380222591154,,,,,diagnostic_1,,acceleration_increment_60s,0.00016872553047830863,"{""60s"":{""mean_mae_reduction"":7.328245774836934e-07,""ci_low"":3.836885441947267e-07,""ci_high"":1.1744669376089862e-06,""positive_probability"":1.0,""block_rows"":12,""draws"":500},""120s"":{""mean_mae_reduction"":7.328245774836934e-07,""ci_low"":2.6715962218708265e-07,""ci_high"":1.256646631356903e-06,""positive_probability"":1.0,""block_rows"":24,""draws"":500},""300s"":{""mean_mae_reduction"":7.328245774836934e-07,""ci_low"":4.200730918089908e-08,""ci_high"":1.3009495189863861e-06,""positive_probability"":0.986,""block_rows"":60,""draws"":500}}","{""base_to_candidate"":{""60s"":{""mean_mae_reduction"":1.2931429800493668e-06,""ci_low"":8.76641857082682e-07,""ci_high"":1.7094865318788709e-06,""positive_probability"":1.0,""block_rows"":12,""draws"":500},""120s"":{""mean_mae_reduction"":1.2931429800493668e-06,""ci_low"":7.35378985218686e-07,""ci_high"":1.8228581391352267e-06,""positive_probability"":1.0,""block_rows"":24,""draws"":500},""300s"":{""mean_mae_reduction"":1.2931429800493668e-06,""ci_low"":5.782441532930659e-07,""ci_high"":1.9946549565094757e-06,""positive_probability"":1.0,""block_rows"":60,""draws"":500}},""base_pca_to_candidate"":{""60s"":{""mean_mae_reduction"":-5.144926213518718e-06,""ci_low"":-5.7763679452946704e-06,""ci_high"":-4.491571878794923e-06,""positive_probability"":0.0,""block_rows"":12,""draws"":500},""120s"":{""mean_mae_reduction"":-5.144926213518718e-06,""ci_low"":-6.00262026120098e-06,""ci_high"":-4.253161687211341e-06,""positive_probability"":0.0,""block_rows"":24,""draws"":500},""300s"":{""mean_mae_reduction"":-5.144926213518718e-06,""ci_low"":-6.356586573396509e-06,""ci_high"":-3.997946771515445e-06,""positive_probability"":0.0,""block_rows"":60,""draws"":500}}}",,,,,101,,absolute_atm_iv_change
0.17162449956564574,0.14127202775460546,0.17160790387768687,0.17176702996793702,0.1716380222591154,,,,,diagnostic_1,,curvature_increment_60s,-0.00015912609025015012,"{""60s"":{""mean_mae_reduction"":-6.911313867190657e-07,""ci_low"":-7.777524663008061e-07,""ci_high"":-6.20167000965772e-07,""positive_probability"":0.0,""block_rows"":12,""draws"":500},""120s"":{""mean_mae_reduction"":-6.911313867190657e-07,""ci_low"":-7.890186355160689e-07,""ci_high"":-6.039271483293572e-07,""positive_probability"":0.0,""block_rows"":24,""draws"":500},""300s"":{""mean_mae_reduction"":-6.911313867190657e-07,""ci_low"":-7.945827271663031e-07,""ci_high"":-5.782398195992673e-07,""positive_probability"":0.0,""block_rows"":60,""draws"":500}}","{""base_to_candidate"":{""60s"":{""mean_mae_reduction"":-1.3081298415339223e-07,""ci_low"":-9.697205286748321e-07,""ci_high"":7.287585028799654e-07,""positive_probability"":0.374,""block_rows"":12,""draws"":500},""120s"":{""mean_mae_reduction"":-1.3081298415339223e-07,""ci_low"":-1.279653123842531e-06,""ci_high"":9.109444991616874e-07,""positive_probability"":0.406,""block_rows"":24,""draws"":500},""300s"":{""mean_mae_reduction"":-1.3081298415339223e-07,""ci_low"":-1.6394943734852128e-06,""ci_high"":1.339971510143392e-06,""positive_probability"":0.454,""block_rows"":60,""draws"":500}},""base_pca_to_candidate"":{""60s"":{""mean_mae_reduction"":-7.233000109399094e-06,""ci_low"":-8.292391875889487e-06,""ci_high"":-6.173845429259699e-06,""positive_probability"":0.0,""block_rows"":12,""draws"":500},""120s"":{""mean_mae_reduction"":-7.233000109399094e-06,""ci_low"":-8.648583010080565e-06,""ci_high"":-5.756756619528858e-06,""positive_probability"":0.0,""block_rows"":24,""draws"":500},""300s"":{""mean_mae_reduction"":-7.233000109399094e-06,""ci_low"":-9.30276596346142e-06,""ci_high"":-5.329381146155007e-06,""positive_probability"":0.0,""block_rows"":60,""draws"":500}}}",,,,,101,,absolute_atm_iv_change
,,,,,12,60,0.2284946591430233,0.16555564062691802,diagnostic_2,500,velocity_60s,,,,False,"[1812,2665,0,0,0]","[0.03955862664741975,0.04666427671902241,null,null,null]",4477,101,0.19856071843408418,surface_displacement
,,,,,24,120,0.22394443464409797,0.16472687237712658,diagnostic_2,500,velocity_60s,,,,False,"[1812,2665,0,0,0]","[0.03955862664741975,0.04666427671902241,null,null,null]",4477,101,0.19856071843408418,surface_displacement
,,,,,60,300,0.22856199015199302,0.1613051183095635,diagnostic_2,500,velocity_60s,,,,False,"[1812,2665,0,0,0]","[0.03955862664741975,0.04666427671902241,null,null,null]",4477,101,0.19856071843408418,surface_displacement
,,,,,12,60,0.17569916094183502,0.11666986471050972,diagnostic_2,500,velocity_60s,,,,False,"[1812,2665,0,0,0]","[0.004701480409233249,0.0057446856352222795,null,null,null]",4477,101,0.14690225321378625,absolute_atm_iv_change
,,,,,24,120,0.1747780651188067,0.11634268075826222,diagnostic_2,500,velocity_60s,,,,False,"[1812,2665,0,0,0]","[0.004701480409233249,0.0057446856352222795,null,null,null]",4477,101,0.14690225321378625,absolute_atm_iv_change
,,,,,60,300,0.17183114085023704,0.1187254495682097,diagnostic_2,500,velocity_60s,,,,False,"[1812,2665,0,0,0]","[0.004701480409233249,0.0057446856352222795,null,null,null]",4477,101,0.14690225321378625,absolute_atm_iv_change
,,,,,12,60,0.04799180444259576,-0.039222729877845114,diagnostic_2,500,velocity_60s,,,,False,"[1812,2665,0,0,0]","[0.0001247199562298628,0.00012584387125590563,null,null,null]",4477,101,0.004082627483019024,realized_futures_volatility
,,,,,24,120,0.05169242142466241,-0.03622929914535209,diagnostic_2,500,velocity_60s,,,,False,"[1812,2665,0,0,0]","[0.0001247199562298628,0.00012584387125590563,null,null,null]",4477,101,0.004082627483019024,realized_futures_volatility
,,,,,60,300,0.05496202885432528,-0.04468379028820379,diagnostic_2,500,velocity_60s,,,,False,"[1812,2665,0,0,0]","[0.0001247199562298628,0.00012584387125590563,null,null,null]",4477,101,0.004082627483019024,realized_futures_volatility
,,,,,12,60,0.06574479439298092,-0.009227804990207915,diagnostic_2,500,velocity_60s,,,,False,"[1812,2665,0,0,0]","[8.87059218046681e-05,9.354489381944037e-05,null,null,null]",4477,101,0.023926811330020493,absolute_futures_return
,,,,,24,120,0.06044949191700288,-0.01432281545094281,diagnostic_2,500,velocity_60s,,,,False,"[1812,2665,0,0,0]","[8.87059218046681e-05,9.354489381944037e-05,null,null,null]",4477,101,0.023926811330020493,absolute_futures_return
,,,,,60,300,0.0639835648875633,-0.017540393992917885,diagnostic_2,500,velocity_60s,,,,False,"[1812,2665,0,0,0]","[8.87059218046681e-05,9.354489381944037e-05,null,null,null]",4477,101,0.023926811330020493,absolute_futures_return
,,,,,12,60,0.1095852650881359,0.05450256742912704,diagnostic_2,500,velocity_60s,,,,False,"[1812,2665,0,0,0]","[-5.0494725531402455e-05,3.397903795219525e-05,null,null,null]",4477,101,0.08239283716464271,near_atm_spread_change
,,,,,24,120,0.11053222110750306,0.057704336880409574,diagnostic_2,500,velocity_60s,,,,False,"[1812,2665,0,0,0]","[-5.0494725531402455e-05,3.397903795219525e-05,null,null,null]",4477,101,0.08239283716464271,near_atm_spread_change
,,,,,60,300,0.10939295652941679,0.0538739825305533,diagnostic_2,500,velocity_60s,,,,False,"[1812,2665,0,0,0]","[-5.0494725531402455e-05,3.397903795219525e-05,null,null,null]",4477,101,0.08239283716464271,near_atm_spread_change
,,,,,12,60,0.07149011431465317,-0.004630675112487465,diagnostic_2,500,velocity_60s,,,,False,"[1812,2665,0,0,0]","[6.452208142275316e-05,7.795452561376243e-05,null,null,null]",4477,101,0.033645992484078714,absolute_atm_straddle_change
,,,,,24,120,0.07513376733117448,-0.004590987585219751,diagnostic_2,500,velocity_60s,,,,False,"[1812,2665,0,0,0]","[6.452208142275316e-05,7.795452561376243e-05,null,null,null]",4477,101,0.033645992484078714,absolute_atm_straddle_change
,,,,,60,300,0.07398088272550811,-0.005496503052754216,diagnostic_2,500,velocity_60s,,,,False,"[1812,2665,0,0,0]","[6.452208142275316e-05,7.795452561376243e-05,null,null,null]",4477,101,0.033645992484078714,absolute_atm_straddle_change
,,,,,12,60,0.05393226147073061,-0.011750196938617041,diagnostic_2,500,velocity_60s,,,,False,"[1812,2665,0,0,0]","[-1.4269820288366949e-08,1.559431294049617e-07,null,null,null]",4477,101,0.020635925363839652,parity_restoration
,,,,,24,120,0.05434026687163603,-0.01352796758134287,diagnostic_2,500,velocity_60s,,,,False,"[1812,2665,0,0,0]","[-1.4269820288366949e-08,1.559431294049617e-07,null,null,null]",4477,101,0.020635925363839652,parity_restoration
,,,,,60,300,0.054065034169426755,-0.008264024605211686,diagnostic_2,500,velocity_60s,,,,False,"[1812,2665,0,0,0]","[-1.4269820288366949e-08,1.559431294049617e-07,null,null,null]",4477,101,0.020635925363839652,parity_restoration
,,,,,12,60,0.14862662205908586,0.08465762288409431,diagnostic_2,500,acceleration_60s,,,,False,"[1633,2844,0,0,0]","[0.04095933094326653,0.04541277830905944,null,null,null]",4477,101,0.11992378594463995,surface_displacement
,,,,,24,120,0.15090518355032143,0.084713374120914,diagnostic_2,500,acceleration_60s,,,,False,"[1633,2844,0,0,0]","[0.04095933094326653,0.04541277830905944,null,null,null]",4477,101,0.11992378594463995,surface_displacement
,,,,,60,300,0.15391519212936064,0.07783749347870014,diagnostic_2,500,acceleration_60s,,,,False,"[1633,2844,0,0,0]","[0.04095933094326653,0.04541277830905944,null,null,null]",4477,101,0.11992378594463995,surface_displacement
,,,,,12,60,0.10558762678760569,0.04771463625138911,diagnostic_2,500,acceleration_60s,,,,False,"[1633,2844,0,0,0]","[0.004996201289225705,0.005509800637866542,null,null,null]",4477,101,0.07660143058292138,absolute_atm_iv_change
,,,,,24,120,0.1013841539872719,0.04830767259737384,diagnostic_2,500,acceleration_60s,,,,False,"[1633,2844,0,0,0]","[0.004996201289225705,0.005509800637866542,null,null,null]",4477,101,0.07660143058292138,absolute_atm_iv_change
,,,,,60,300,0.09605519346429256,0.04861871600104544,diagnostic_2,500,acceleration_60s,,,,False,"[1633,2844,0,0,0]","[0.004996201289225705,0.005509800637866542,null,null,null]",4477,101,0.07660143058292138,absolute_atm_iv_change
,,,,,12,60,0.024299724740610408,-0.06306057094383154,diagnostic_2,500,acceleration_60s,,,,False,"[1633,2844,0,0,0]","[0.00012735203479199094,0.0001242618160232696,null,null,null]",4477,101,-0.020683379847051077,realized_futures_volatility
,,,,,24,120,0.030643329222846526,-0.06558106801635952,diagnostic_2,500,acceleration_60s,,,,False,"[1633,2844,0,0,0]","[0.00012735203479199094,0.0001242618160232696,null,null,null]",4477,101,-0.020683379847051077,realized_futures_volatility
,,,,,60,300,0.030467005363228942,-0.06445510338936848,diagnostic_2,500,acceleration_60s,,,,False,"[1633,2844,0,0,0]","[0.00012735203479199094,0.0001242618160232696,null,null,null]",4477,101,-0.020683379847051077,realized_futures_volatility
,,,,,12,60,0.03410212826028996,-0.04197953400039402,diagnostic_2,500,acceleration_60s,,,,False,"[1633,2844,0,0,0]","[9.201818350554243e-05,9.133845944947834e-05,null,null,null]",4477,101,-0.004186497097902982,absolute_futures_return
,,,,,24,120,0.03647962877324115,-0.03969054601195938,diagnostic_2,500,acceleration_60s,,,,False,"[1633,2844,0,0,0]","[9.201818350554243e-05,9.133845944947834e-05,null,null,null]",4477,101,-0.004186497097902982,absolute_futures_return
,,,,,60,300,0.0384277652163168,-0.049492548847765425,diagnostic_2,500,acceleration_60s,,,,False,"[1633,2844,0,0,0]","[9.201818350554243e-05,9.133845944947834e-05,null,null,null]",4477,101,-0.004186497097902982,absolute_futures_return
,,,,,12,60,0.08078884307213252,0.02780940885918742,diagnostic_2,500,acceleration_60s,,,,False,"[1633,2844,0,0,0]","[-3.663461966876657e-05,2.0703947749224645e-05,null,null,null]",4477,101,0.053825348859636225,near_atm_spread_change
,,,,,24,120,0.0838214878472868,0.027408487107952684,diagnostic_2,500,acceleration_60s,,,,False,"[1633,2844,0,0,0]","[-3.663461966876657e-05,2.0703947749224645e-05,null,null,null]",4477,101,0.053825348859636225,near_atm_spread_change
,,,,,60,300,0.0798743583160599,0.0244891318110295,diagnostic_2,500,acceleration_60s,,,,False,"[1633,2844,0,0,0]","[-3.663461966876657e-05,2.0703947749224645e-05,null,null,null]",4477,101,0.053825348859636225,near_atm_spread_change
,,,,,12,60,0.045743968523610984,-0.03479418226516591,diagnostic_2,500,acceleration_60s,,,,False,"[1633,2844,0,0,0]","[6.56867765953259e-05,7.644033618795301e-05,null,null,null]",4477,101,0.00887744189888248,absolute_atm_straddle_change
,,,,,24,120,0.05210142540211519,-0.033538920799114476,diagnostic_2,500,acceleration_60s,,,,False,"[1633,2844,0,0,0]","[6.56867765953259e-05,7.644033618795301e-05,null,null,null]",4477,101,0.00887744189888248,absolute_atm_straddle_change
,,,,,60,300,0.04962243397873402,-0.029774964532452968,diagnostic_2,500,acceleration_60s,,,,False,"[1633,2844,0,0,0]","[6.56867765953259e-05,7.644033618795301e-05,null,null,null]",4477,101,0.00887744189888248,absolute_atm_straddle_change
,,,,,12,60,0.03630209176297014,-0.028961344970754598,diagnostic_2,500,acceleration_60s,,,,False,"[1633,2844,0,0,0]","[-5.118572355434242e-07,4.309403625682537e-07,null,null,null]",4477,101,0.0027051073999674125,parity_restoration
,,,,,24,120,0.037093261996975345,-0.026363583749854463,diagnostic_2,500,acceleration_60s,,,,False,"[1633,2844,0,0,0]","[-5.118572355434242e-07,4.309403625682537e-07,null,null,null]",4477,101,0.0027051073999674125,parity_restoration
,,,,,60,300,0.034521973891144406,-0.02312735353670579,diagnostic_2,500,acceleration_60s,,,,False,"[1633,2844,0,0,0]","[-5.118572355434242e-07,4.309403625682537e-07,null,null,null]",4477,101,0.0027051073999674125,parity_restoration
,,,,,12,60,-0.034202927402745296,-0.08960079653454205,diagnostic_2,500,curvature_60s,,,,False,"[1440,582,513,571,1371]","[0.04638096583882616,0.042584775000883174,0.04246489377358561,0.0416319648622688,0.042969552619030425]",4477,101,-0.061161695860247015,surface_displacement
,,,,,24,120,-0.029603367237229786,-0.09016518278767707,diagnostic_2,500,curvature_60s,,,,False,"[1440,582,513,571,1371]","[0.04638096583882616,0.042584775000883174,0.04246489377358561,0.0416319648622688,0.042969552619030425]",4477,101,-0.061161695860247015,surface_displacement
,,,,,60,300,-0.032860651638704816,-0.08738795417835606,diagnostic_2,500,curvature_60s,,,,False,"[1440,582,513,571,1371]","[0.04638096583882616,0.042584775000883174,0.04246489377358561,0.0416319648622688,0.042969552619030425]",4477,101,-0.061161695860247015,surface_displacement
,,,,,12,60,-0.034889134328429855,-0.09312996447385469,diagnostic_2,500,curvature_60s,,,,False,"[1440,582,513,571,1371]","[0.0058039943170216345,0.00508554758587244,0.004914279918224491,0.005141357419891658,0.0051454329125469045]",4477,101,-0.06464494708750133,absolute_atm_iv_change
,,,,,24,120,-0.03764732193053268,-0.08994524280279469,diagnostic_2,500,curvature_60s,,,,False,"[1440,582,513,571,1371]","[0.0058039943170216345,0.00508554758587244,0.004914279918224491,0.005141357419891658,0.0051454329125469045]",4477,101,-0.06464494708750133,absolute_atm_iv_change
,,,,,60,300,-0.04002467157340052,-0.09036223613907762,diagnostic_2,500,curvature_60s,,,,False,"[1440,582,513,571,1371]","[0.0058039943170216345,0.00508554758587244,0.004914279918224491,0.005141357419891658,0.0051454329125469045]",4477,101,-0.06464494708750133,absolute_atm_iv_change
,,,,,12,60,0.026770872218904333,-0.045975233779392846,diagnostic_2,500,curvature_60s,,,,False,"[1440,582,513,571,1371]","[0.00012679262965662036,0.00012376392966882403,0.00012917830139640247,0.00012614645234550464,0.00012287118228087047]",4477,101,-0.011328349292115254,realized_futures_volatility
,,,,,24,120,0.023245327003101196,-0.04702807040646235,diagnostic_2,500,curvature_60s,,,,False,"[1440,582,513,571,1371]","[0.00012679262965662036,0.00012376392966882403,0.00012917830139640247,0.00012614645234550464,0.00012287118228087047]",4477,101,-0.011328349292115254,realized_futures_volatility
,,,,,60,300,0.020464970795889006,-0.05105077386696582,diagnostic_2,500,curvature_60s,,,,False,"[1440,582,513,571,1371]","[0.00012679262965662036,0.00012376392966882403,0.00012917830139640247,0.00012614645234550464,0.00012287118228087047]",4477,101,-0.011328349292115254,realized_futures_volatility
,,,,,12,60,0.025495416038753688,-0.037299058120283064,diagnostic_2,500,curvature_60s,,,,False,"[1440,582,513,571,1371]","[9.154346254136827e-05,9.410569757940023e-05,9.349354526452851e-05,9.238949590305522e-05,8.951391641629342e-05]",4477,101,-0.00739138136808406,absolute_futures_return
,,,,,24,120,0.025254148826465664,-0.042632987661529384,diagnostic_2,500,curvature_60s,,,,False,"[1440,582,513,571,1371]","[9.154346254136827e-05,9.410569757940023e-05,9.349354526452851e-05,9.238949590305522e-05,8.951391641629342e-05]",4477,101,-0.00739138136808406,absolute_futures_return
,,,,,60,300,0.019567195511878188,-0.04400149760096195,diagnostic_2,500,curvature_60s,,,,False,"[1440,582,513,571,1371]","[9.154346254136827e-05,9.410569757940023e-05,9.349354526452851e-05,9.238949590305522e-05,8.951391641629342e-05]",4477,101,-0.00739138136808406,absolute_futures_return
,,,,,12,60,0.014210158930446384,-0.04325365106668076,diagnostic_2,500,curvature_60s,,,,False,"[1440,582,513,571,1371]","[1.037360742783575e-05,3.23689061847493e-06,1.5658866711683412e-05,-2.1373290914574054e-05,-9.914676197818097e-06]",4477,101,-0.01608985285059949,near_atm_spread_change
,,,,,24,120,0.011463982348693827,-0.0446560942251488,diagnostic_2,500,curvature_60s,,,,False,"[1440,582,513,571,1371]","[1.037360742783575e-05,3.23689061847493e-06,1.5658866711683412e-05,-2.1373290914574054e-05,-9.914676197818097e-06]",4477,101,-0.01608985285059949,near_atm_spread_change
,,,,,60,300,0.012267112476044093,-0.043923514631443034,diagnostic_2,500,curvature_60s,,,,False,"[1440,582,513,571,1371]","[1.037360742783575e-05,3.23689061847493e-06,1.5658866711683412e-05,-2.1373290914574054e-05,-9.914676197818097e-06]",4477,101,-0.01608985285059949,near_atm_spread_change
,,,,,12,60,0.008089951544813087,-0.05033574818366996,diagnostic_2,500,curvature_60s,,,,False,"[1440,582,513,571,1371]","[7.396666074378623e-05,7.815818267128721e-05,6.817290323403379e-05,6.05682635291654e-05,7.520466132658751e-05]",4477,101,-0.01985327177386159,absolute_atm_straddle_change
,,,,,24,120,0.00966741933467665,-0.05167392787772698,diagnostic_2,500,curvature_60s,,,,False,"[1440,582,513,571,1371]","[7.396666074378623e-05,7.815818267128721e-05,6.817290323403379e-05,6.05682635291654e-05,7.520466132658751e-05]",4477,101,-0.01985327177386159,absolute_atm_straddle_change
,,,,,60,300,0.009705823397656193,-0.05056781280055792,diagnostic_2,500,curvature_60s,,,,False,"[1440,582,513,571,1371]","[7.396666074378623e-05,7.815818267128721e-05,6.817290323403379e-05,6.05682635291654e-05,7.520466132658751e-05]",4477,101,-0.01985327177386159,absolute_atm_straddle_change
,,,,,12,60,0.017670657552610596,-0.042666205956202484,diagnostic_2,500,curvature_60s,,,,False,"[1440,582,513,571,1371]","[4.038866197535956e-07,-2.2940261122855418e-07,5.647821064279814e-07,-2.840863755453972e-07,-1.3557460785528066e-07]",4477,101,-0.010904873089788294,parity_restoration
,,,,,24,120,0.021899910789188536,-0.03687854121378102,diagnostic_2,500,curvature_60s,,,,False,"[1440,582,513,571,1371]","[4.038866197535956e-07,-2.2940261122855418e-07,5.647821064279814e-07,-2.840863755453972e-07,-1.3557460785528066e-07]",4477,101,-0.010904873089788294,parity_restoration
,,,,,60,300,0.022521281238789864,-0.03507403636344177,diagnostic_2,500,curvature_60s,,,,False,"[1440,582,513,571,1371]","[4.038866197535956e-07,-2.2940261122855418e-07,5.647821064279814e-07,-2.840863755453972e-07,-1.3557460785528066e-07]",4477,101,-0.010904873089788294,parity_restoration
-0.21130376994678124,-0.12187263654708591,-0.19721920000949122,-0.19345621720480022,-0.2206168077093067,,,,,diagnostic_2,,acceleration_increment_60s,-0.0037629828046910063,"{""60s"":{""mean_mae_reduction"":-7.23647543800864e-05,""ci_low"":-8.226775460911904e-05,""ci_high"":-6.422501965935242e-05,""positive_probability"":0.0,""block_rows"":12,""draws"":500},""120s"":{""mean_mae_reduction"":-7.23647543800864e-05,""ci_low"":-8.38134941733292e-05,""ci_high"":-6.248256014837556e-05,""positive_probability"":0.0,""block_rows"":24,""draws"":500},""300s"":{""mean_mae_reduction"":-7.23647543800864e-05,""ci_low"":-8.648462965239684e-05,""ci_high"":-5.9265036110656704e-05,""positive_probability"":0.0,""block_rows"":60,""draws"":500}}","{""base_to_candidate"":{""60s"":{""mean_mae_reduction"":0.0004499521316356195,""ci_low"":0.0004110093107369971,""ci_high"":0.0004868014895479226,""positive_probability"":1.0,""block_rows"":12,""draws"":500},""120s"":{""mean_mae_reduction"":0.0004499521316356195,""ci_low"":0.00040740542501481203,""ci_high"":0.0004944245729437965,""positive_probability"":1.0,""block_rows"":24,""draws"":500},""300s"":{""mean_mae_reduction"":0.0004499521316356195,""ci_low"":0.0003993526206871312,""ci_high"":0.0005024355404941379,""positive_probability"":1.0,""block_rows"":60,""draws"":500}},""base_pca_to_candidate"":{""60s"":{""mean_mae_reduction"":1.0935683945956896e-05,""ci_low"":-2.5325530246274025e-05,""ci_high"":4.2828499039301653e-05,""positive_probability"":0.714,""block_rows"":12,""draws"":500},""120s"":{""mean_mae_reduction"":1.0935683945956896e-05,""ci_low"":-3.3941523783294114e-05,""ci_high"":5.295647625486504e-05,""positive_probability"":0.732,""block_rows"":24,""draws"":500},""300s"":{""mean_mae_reduction"":1.0935683945956896e-05,""ci_low"":-5.804879916440852e-05,""ci_high"":6.283358728487205e-05,""positive_probability"":0.662,""block_rows"":60,""draws"":500}}}",,,,,101,,surface_displacement
-0.2364598914673559,-0.1381897405053214,-0.20700695650100398,-0.19345621720480022,-0.2206168077093067,,,,,diagnostic_2,,curvature_increment_60s,-0.013550739296203762,"{""60s"":{""mean_mae_reduction"":-0.0002605900615905048,""ci_low"":-0.0002935590994179683,""ci_high"":-0.0002280000204269398,""positive_probability"":0.0,""block_rows"":12,""draws"":500},""120s"":{""mean_mae_reduction"":-0.0002605900615905048,""ci_low"":-0.000298330020347506,""ci_high"":-0.0002237341760448636,""positive_probability"":0.0,""block_rows"":24,""draws"":500},""300s"":{""mean_mae_reduction"":-0.0002605900615905048,""ci_low"":-0.0003058309377619492,""ci_high"":-0.0002102975687570917,""positive_probability"":0.0,""block_rows"":60,""draws"":500}}","{""base_to_candidate"":{""60s"":{""mean_mae_reduction"":0.0002617268244252011,""ci_low"":0.00020100703003241453,""ci_high"":0.0003164248781128911,""positive_probability"":1.0,""block_rows"":12,""draws"":500},""120s"":{""mean_mae_reduction"":0.0002617268244252011,""ci_low"":0.00019114122019520585,""ci_high"":0.0003283365093703039,""positive_probability"":1.0,""block_rows"":24,""draws"":500},""300s"":{""mean_mae_reduction"":0.0002617268244252011,""ci_low"":0.00016755427907080497,""ci_high"":0.0003490894034581784,""positive_probability"":1.0,""block_rows"":60,""draws"":500}},""base_pca_to_candidate"":{""60s"":{""mean_mae_reduction"":-0.00023388091716790033,""ci_low"":-0.00029891940276054315,""ci_high"":-0.00017699640906617152,""positive_probability"":0.0,""block_rows"":12,""draws"":500},""120s"":{""mean_mae_reduction"":-0.00023388091716790033,""ci_low"":-0.0003124571159246218,""ci_high"":-0.00015805573494903023,""positive_probability"":0.0,""block_rows"":24,""draws"":500},""300s"":{""mean_mae_reduction"":-0.00023388091716790033,""ci_low"":-0.0003539383058027743,""ci_high"":-0.00013330663127418825,""positive_probability"":0.0,""block_rows"":60,""draws"":500}}}",,,,,101,,surface_displacement
0.189515174899062,0.1652669424045975,0.19027979285554864,0.19067440169335736,0.1894451971199771,,,,,diagnostic_2,,acceleration_increment_60s,-0.0003946088378087298,"{""60s"":{""mean_mae_reduction"":-2.0177572597492693e-06,""ci_low"":-2.2761848436825536e-06,""ci_high"":-1.796437931079067e-06,""positive_probability"":0.0,""block_rows"":12,""draws"":500},""120s"":{""mean_mae_reduction"":-2.0177572597492693e-06,""ci_low"":-2.3152699769375427e-06,""ci_high"":-1.753861569599957e-06,""positive_probability"":0.0,""block_rows"":24,""draws"":500},""300s"":{""mean_mae_reduction"":-2.0177572597492693e-06,""ci_low"":-2.4169093009657886e-06,""ci_high"":-1.6673027824440471e-06,""positive_probability"":0.0,""block_rows"":60,""draws"":500}}","{""base_to_candidate"":{""60s"":{""mean_mae_reduction"":4.26754660072044e-06,""ci_low"":3.955092084570901e-06,""ci_high"":4.542239911064611e-06,""positive_probability"":1.0,""block_rows"":12,""draws"":500},""120s"":{""mean_mae_reduction"":4.26754660072044e-06,""ci_low"":3.9041244760874145e-06,""ci_high"":4.6332432918677535e-06,""positive_probability"":1.0,""block_rows"":24,""draws"":500},""300s"":{""mean_mae_reduction"":4.26754660072044e-06,""ci_low"":3.8124333745841057e-06,""ci_high"":4.750026624865112e-06,""positive_probability"":1.0,""block_rows"":60,""draws"":500}},""base_pca_to_candidate"":{""60s"":{""mean_mae_reduction"":-1.3709421198198587e-06,""ci_low"":-1.7686950058921215e-06,""ci_high"":-9.552415744738247e-07,""positive_probability"":0.0,""block_rows"":12,""draws"":500},""120s"":{""mean_mae_reduction"":-1.3709421198198587e-06,""ci_low"":-1.9384046170860654e-06,""ci_high"":-8.340090567587447e-07,""positive_probability"":0.0,""block_rows"":24,""draws"":500},""300s"":{""mean_mae_reduction"":-1.3709421198198587e-06,""ci_low"":-2.1626974920456833e-06,""ci_high"":-7.044525458338996e-07,""positive_probability"":0.0,""block_rows"":60,""draws"":500}}}",,,,,101,,absolute_atm_iv_change
0.18942758965825757,0.16515850495602036,0.1905333900107149,0.19067440169335736,0.1894451971199771,,,,,diagnostic_2,,curvature_increment_60s,-0.00014101168264246677,"{""60s"":{""mean_mae_reduction"":-7.210364267078436e-07,""ci_low"":-7.962787867140295e-07,""ci_high"":-6.441274472914686e-07,""positive_probability"":0.0,""block_rows"":12,""draws"":500},""120s"":{""mean_mae_reduction"":-7.210364267078436e-07,""ci_low"":-8.132605520057312e-07,""ci_high"":-6.440881174951326e-07,""positive_probability"":0.0,""block_rows"":24,""draws"":500},""300s"":{""mean_mae_reduction"":-7.210364267078436e-07,""ci_low"":-8.319235169405343e-07,""ci_high"":-6.066473447057258e-07,""positive_probability"":0.0,""block_rows"":60,""draws"":500}}","{""base_to_candidate"":{""60s"":{""mean_mae_reduction"":5.5642674337618665e-06,""ci_low"":5.037403822809116e-06,""ci_high"":6.046405714828825e-06,""positive_probability"":1.0,""block_rows"":12,""draws"":500},""120s"":{""mean_mae_reduction"":5.5642674337618665e-06,""ci_low"":4.9241139150413485e-06,""ci_high"":6.21316396053999e-06,""positive_probability"":1.0,""block_rows"":24,""draws"":500},""300s"":{""mean_mae_reduction"":5.5642674337618665e-06,""ci_low"":4.7346666490594e-06,""ci_high"":6.4155864570506106e-06,""positive_probability"":1.0,""block_rows"":60,""draws"":500}},""base_pca_to_candidate"":{""60s"":{""mean_mae_reduction"":-5.202954283470733e-07,""ci_low"":-1.1790443769144279e-06,""ci_high"":1.5550956593295002e-07,""positive_probability"":0.074,""block_rows"":12,""draws"":500},""120s"":{""mean_mae_reduction"":-5.202954283470733e-07,""ci_low"":-1.3934133681921791e-06,""ci_high"":3.646224457170577e-07,""positive_probability"":0.13,""block_rows"":24,""draws"":500},""300s"":{""mean_mae_reduction"":-5.202954283470733e-07,""ci_low"":-1.7377596188092823e-06,""ci_high"":5.630564733616735e-07,""positive_probability"":0.198,""block_rows"":60,""draws"":500}}}",,,,,101,,absolute_atm_iv_change
