base_plus_handcrafted_latent_skill,base_plus_handcrafted_skill,base_plus_latent_skill,base_plus_pca_latent_skill,base_plus_pca_skill,base_skill,block_rows,block_seconds,ci_high,ci_low,correction_event_frequencies,diagnostic,draws,feature,increment_beyond_handcrafted,increment_beyond_pca,large_event_samples,large_threshold,mapping_alpha,mean_forward_change_large,mean_source_progress_large,mean_target_progress_large,paired_intervals,quintile_monotonic,quintile_samples,quintile_target_means,samples,seed,source_subsystem,spearman,target,target_subsystem
,,,,,,12,60,-0.016723014918146945,-0.08861950228554409,"{""both_correct"":406,""persistent_disagreement"":838,""target_led_correction"":567,""source_led_correction"":531}",diagnostic_1,500,near_to_far_disequilibrium,,,2342,6.285706487921988,10.0,0.005925382172672135,-0.010532361676382359,-0.004860291639945315,,False,"[0,0,0,0,2342]","[null,null,null,null,-9.013920462508165e-06]",2342,1,near,-0.05434352887326289,near_atm_iv_change,far
,,,,,,24,120,-0.017678644488356283,-0.08811949937811811,"{""both_correct"":406,""persistent_disagreement"":838,""target_led_correction"":567,""source_led_correction"":531}",diagnostic_1,500,near_to_far_disequilibrium,,,2342,6.285706487921988,10.0,0.005925382172672135,-0.010532361676382359,-0.004860291639945315,,False,"[0,0,0,0,2342]","[null,null,null,null,-9.013920462508165e-06]",2342,1,near,-0.05434352887326289,near_atm_iv_change,far
,,,,,,60,300,-0.022669867408577276,-0.0788902466138405,"{""both_correct"":406,""persistent_disagreement"":838,""target_led_correction"":567,""source_led_correction"":531}",diagnostic_1,500,near_to_far_disequilibrium,,,2342,6.285706487921988,10.0,0.005925382172672135,-0.010532361676382359,-0.004860291639945315,,False,"[0,0,0,0,2342]","[null,null,null,null,-9.013920462508165e-06]",2342,1,near,-0.05434352887326289,near_atm_iv_change,far
,,,,,,12,60,0.07445559987344387,-0.03910984885579681,"{""both_correct"":406,""persistent_disagreement"":838,""target_led_correction"":567,""source_led_correction"":531}",diagnostic_1,500,near_to_far_disequilibrium,,,2342,6.285706487921988,10.0,0.005925382172672135,-0.010532361676382359,-0.004860291639945315,,False,"[0,0,0,0,2342]","[null,null,null,null,-4.125105250502732e-06]",2342,1,near,0.01721107369259867,far_atm_iv_change,far
,,,,,,24,120,0.06649531820623038,-0.03452122290851143,"{""both_correct"":406,""persistent_disagreement"":838,""target_led_correction"":567,""source_led_correction"":531}",diagnostic_1,500,near_to_far_disequilibrium,,,2342,6.285706487921988,10.0,0.005925382172672135,-0.010532361676382359,-0.004860291639945315,,False,"[0,0,0,0,2342]","[null,null,null,null,-4.125105250502732e-06]",2342,1,near,0.01721107369259867,far_atm_iv_change,far
,,,,,,60,300,0.05872878966711799,-0.03027827523605136,"{""both_correct"":406,""persistent_disagreement"":838,""target_led_correction"":567,""source_led_correction"":531}",diagnostic_1,500,near_to_far_disequilibrium,,,2342,6.285706487921988,10.0,0.005925382172672135,-0.010532361676382359,-0.004860291639945315,,False,"[0,0,0,0,2342]","[null,null,null,null,-4.125105250502732e-06]",2342,1,near,0.01721107369259867,far_atm_iv_change,far
,,,,,,12,60,0.08896280087066062,0.016031098338773104,"{""both_correct"":406,""persistent_disagreement"":838,""target_led_correction"":567,""source_led_correction"":531}",diagnostic_1,500,near_to_far_disequilibrium,,,2342,6.285706487921988,10.0,0.005925382172672135,-0.010532361676382359,-0.004860291639945315,,False,"[0,0,0,0,2342]","[null,null,null,null,4.888815212005433e-06]",2342,1,near,0.0535147806469941,term_structure_iv_change,far
,,,,,,24,120,0.08731535980179271,0.017917973270103783,"{""both_correct"":406,""persistent_disagreement"":838,""target_led_correction"":567,""source_led_correction"":531}",diagnostic_1,500,near_to_far_disequilibrium,,,2342,6.285706487921988,10.0,0.005925382172672135,-0.010532361676382359,-0.004860291639945315,,False,"[0,0,0,0,2342]","[null,null,null,null,4.888815212005433e-06]",2342,1,near,0.0535147806469941,term_structure_iv_change,far
,,,,,,60,300,0.07817122004454896,0.021782874873774404,"{""both_correct"":406,""persistent_disagreement"":838,""target_led_correction"":567,""source_led_correction"":531}",diagnostic_1,500,near_to_far_disequilibrium,,,2342,6.285706487921988,10.0,0.005925382172672135,-0.010532361676382359,-0.004860291639945315,,False,"[0,0,0,0,2342]","[null,null,null,null,4.888815212005433e-06]",2342,1,near,0.0535147806469941,term_structure_iv_change,far
,,,,,,12,60,0.002750891842937051,-0.06713702978973471,"{""both_correct"":406,""persistent_disagreement"":838,""target_led_correction"":567,""source_led_correction"":531}",diagnostic_1,500,near_to_far_disequilibrium,,,2342,6.285706487921988,10.0,0.005925382172672135,-0.010532361676382359,-0.004860291639945315,,False,"[0,0,0,0,2342]","[null,null,null,null,-9.691442922075828e-06]",2342,1,near,-0.03168293743812677,atm_iv_convergence,far
,,,,,,24,120,0.00276068769085552,-0.06171757128271466,"{""both_correct"":406,""persistent_disagreement"":838,""target_led_correction"":567,""source_led_correction"":531}",diagnostic_1,500,near_to_far_disequilibrium,,,2342,6.285706487921988,10.0,0.005925382172672135,-0.010532361676382359,-0.004860291639945315,,False,"[0,0,0,0,2342]","[null,null,null,null,-9.691442922075828e-06]",2342,1,near,-0.03168293743812677,atm_iv_convergence,far
,,,,,,60,300,-0.0015889706661619887,-0.05443434149374004,"{""both_correct"":406,""persistent_disagreement"":838,""target_led_correction"":567,""source_led_correction"":531}",diagnostic_1,500,near_to_far_disequilibrium,,,2342,6.285706487921988,10.0,0.005925382172672135,-0.010532361676382359,-0.004860291639945315,,False,"[0,0,0,0,2342]","[null,null,null,null,-9.691442922075828e-06]",2342,1,near,-0.03168293743812677,atm_iv_convergence,far
,,,,,,12,60,0.013233209855848282,-0.07970322166989777,"{""both_correct"":406,""persistent_disagreement"":838,""target_led_correction"":567,""source_led_correction"":531}",diagnostic_1,500,near_to_far_disequilibrium,,,2342,6.285706487921988,10.0,0.005925382172672135,-0.010532361676382359,-0.004860291639945315,,False,"[0,0,0,0,2342]","[null,null,null,null,2.315736197646593e-06]",2342,1,near,-0.03259085465818349,surface_residual_restoration,far
,,,,,,24,120,0.0050864150977199644,-0.07443702753305699,"{""both_correct"":406,""persistent_disagreement"":838,""target_led_correction"":567,""source_led_correction"":531}",diagnostic_1,500,near_to_far_disequilibrium,,,2342,6.285706487921988,10.0,0.005925382172672135,-0.010532361676382359,-0.004860291639945315,,False,"[0,0,0,0,2342]","[null,null,null,null,2.315736197646593e-06]",2342,1,near,-0.03259085465818349,surface_residual_restoration,far
,,,,,,60,300,-0.002795090115892451,-0.06943018900363115,"{""both_correct"":406,""persistent_disagreement"":838,""target_led_correction"":567,""source_led_correction"":531}",diagnostic_1,500,near_to_far_disequilibrium,,,2342,6.285706487921988,10.0,0.005925382172672135,-0.010532361676382359,-0.004860291639945315,,False,"[0,0,0,0,2342]","[null,null,null,null,2.315736197646593e-06]",2342,1,near,-0.03259085465818349,surface_residual_restoration,far
,,,,,,12,60,0.1347125446264391,-0.053324448733378854,"{""both_correct"":406,""persistent_disagreement"":838,""target_led_correction"":567,""source_led_correction"":531}",diagnostic_1,500,near_to_far_disequilibrium,,,2342,6.285706487921988,10.0,0.005925382172672135,-0.010532361676382359,-0.004860291639945315,,False,"[0,0,0,0,2342]","[null,null,null,null,0.00011404065644264808]",2342,1,near,0.039796337925203616,realized_futures_volatility,far
,,,,,,24,120,0.1633779187608915,-0.06340295220907934,"{""both_correct"":406,""persistent_disagreement"":838,""target_led_correction"":567,""source_led_correction"":531}",diagnostic_1,500,near_to_far_disequilibrium,,,2342,6.285706487921988,10.0,0.005925382172672135,-0.010532361676382359,-0.004860291639945315,,False,"[0,0,0,0,2342]","[null,null,null,null,0.00011404065644264808]",2342,1,near,0.039796337925203616,realized_futures_volatility,far
,,,,,,60,300,0.1646206955086621,-0.029917320232008087,"{""both_correct"":406,""persistent_disagreement"":838,""target_led_correction"":567,""source_led_correction"":531}",diagnostic_1,500,near_to_far_disequilibrium,,,2342,6.285706487921988,10.0,0.005925382172672135,-0.010532361676382359,-0.004860291639945315,,False,"[0,0,0,0,2342]","[null,null,null,null,0.00011404065644264808]",2342,1,near,0.039796337925203616,realized_futures_volatility,far
0.1407647826918682,0.13685822415314208,0.0718737962166367,0.05983457811270476,0.050978489002360794,0.07963345576731307,,,,,,diagnostic_1,,near_to_far_increment,0.003906558538726124,0.008856089110343968,,,,,,,"{""base_to_candidate"":{""60s"":{""mean_mae_reduction"":-3.5421195999970016e-05,""ci_low"":-4.620997198588165e-05,""ci_high"":-2.4623494801212198e-05,""positive_probability"":0.0,""block_rows"":12,""draws"":500},""120s"":{""mean_mae_reduction"":-3.5421195999970016e-05,""ci_low"":-4.633956180196207e-05,""ci_high"":-2.5097694092697055e-05,""positive_probability"":0.0,""block_rows"":24,""draws"":500},""300s"":{""mean_mae_reduction"":-3.5421195999970016e-05,""ci_low"":-4.404626200022113e-05,""ci_high"":-2.5428767699157423e-05,""positive_probability"":0.0,""block_rows"":60,""draws"":500}},""base_pca_to_candidate"":{""60s"":{""mean_mae_reduction"":4.042616381840522e-05,""ci_low"":3.1077586753083065e-05,""ci_high"":4.907111214190742e-05,""positive_probability"":1.0,""block_rows"":12,""draws"":500},""120s"":{""mean_mae_reduction"":4.042616381840522e-05,""ci_low"":3.1262430793595105e-05,""ci_high"":4.912551004886347e-05,""positive_probability"":1.0,""block_rows"":24,""draws"":500},""300s"":{""mean_mae_reduction"":4.042616381840522e-05,""ci_low"":3.335342699762853e-05,""ci_high"":4.729501938725129e-05,""positive_probability"":1.0,""block_rows"":60,""draws"":500}},""comparator_to_candidate"":{""60s"":{""mean_mae_reduction"":1.783260912181506e-05,""ci_low"":4.1508400391754224e-06,""ci_high"":3.146789813409546e-05,""positive_probability"":0.996,""block_rows"":12,""draws"":500},""120s"":{""mean_mae_reduction"":1.783260912181506e-05,""ci_low"":2.839468104413829e-06,""ci_high"":3.2891653474818807e-05,""positive_probability"":0.994,""block_rows"":24,""draws"":500},""300s"":{""mean_mae_reduction"":1.783260912181506e-05,""ci_low"":4.880525604764255e-07,""ci_high"":3.381727152039893e-05,""positive_probability"":0.978,""block_rows"":60,""draws"":500}}}",,,,,1,near,,term_structure_iv_change,far
0.058078982711776805,0.05848767715381187,-0.012620765427967306,-0.011876953539780244,-0.0160323702530345,-0.007605768200466878,,,,,,diagnostic_1,,near_to_far_increment,-0.00040869444203506244,0.004155416713254256,,,,,,,"{""base_to_candidate"":{""60s"":{""mean_mae_reduction"":-1.8817101894195534e-05,""ci_low"":-2.313363165443939e-05,""ci_high"":-1.4710261235931251e-05,""positive_probability"":0.0,""block_rows"":12,""draws"":500},""120s"":{""mean_mae_reduction"":-1.8817101894195534e-05,""ci_low"":-2.2750593698700774e-05,""ci_high"":-1.507571583717855e-05,""positive_probability"":0.0,""block_rows"":24,""draws"":500},""300s"":{""mean_mae_reduction"":-1.8817101894195534e-05,""ci_low"":-2.273263482515115e-05,""ci_high"":-1.4836109475325196e-05,""positive_probability"":0.0,""block_rows"":60,""draws"":500}},""base_pca_to_candidate"":{""60s"":{""mean_mae_reduction"":1.559181314744787e-05,""ci_low"":1.2599662707656125e-05,""ci_high"":1.8731155563869136e-05,""positive_probability"":1.0,""block_rows"":12,""draws"":500},""120s"":{""mean_mae_reduction"":1.559181314744787e-05,""ci_low"":1.2062421390487607e-05,""ci_high"":1.8903661735577564e-05,""positive_probability"":1.0,""block_rows"":24,""draws"":500},""300s"":{""mean_mae_reduction"":1.559181314744787e-05,""ci_low"":1.3175370261500213e-05,""ci_high"":1.802860386031413e-05,""positive_probability"":1.0,""block_rows"":60,""draws"":500}},""comparator_to_candidate"":{""60s"":{""mean_mae_reduction"":-1.5334893740693369e-06,""ci_low"":-7.74078133079861e-06,""ci_high"":4.071059983631044e-06,""positive_probability"":0.29,""block_rows"":12,""draws"":500},""120s"":{""mean_mae_reduction"":-1.5334893740693369e-06,""ci_low"":-8.328360239328125e-06,""ci_high"":5.085559538759721e-06,""positive_probability"":0.314,""block_rows"":24,""draws"":500},""300s"":{""mean_mae_reduction"":-1.5334893740693369e-06,""ci_low"":-9.379913372252503e-06,""ci_high"":5.5255734388643265e-06,""positive_probability"":0.344,""block_rows"":60,""draws"":500}}}",,,,,1,near,,atm_iv_convergence,far
,,,,,,12,60,-0.03893560230141519,-0.0942025132851607,"{""source_led_correction"":1016,""persistent_disagreement"":1624,""both_correct"":714,""target_led_correction"":1123}",diagnostic_2,500,near_to_far_disequilibrium,,,4477,6.285706487921988,10.0,0.0020279662800899052,-0.005340101810671979,-0.004152823723830777,,False,"[0,0,0,0,4477]","[null,null,null,null,5.8587841058858465e-06]",4477,1,near,-0.06469278640994369,near_atm_iv_change,far
,,,,,,24,120,-0.04019250902348228,-0.09112363426254978,"{""source_led_correction"":1016,""persistent_disagreement"":1624,""both_correct"":714,""target_led_correction"":1123}",diagnostic_2,500,near_to_far_disequilibrium,,,4477,6.285706487921988,10.0,0.0020279662800899052,-0.005340101810671979,-0.004152823723830777,,False,"[0,0,0,0,4477]","[null,null,null,null,5.8587841058858465e-06]",4477,1,near,-0.06469278640994369,near_atm_iv_change,far
,,,,,,60,300,-0.03749784335854473,-0.09188137958323703,"{""source_led_correction"":1016,""persistent_disagreement"":1624,""both_correct"":714,""target_led_correction"":1123}",diagnostic_2,500,near_to_far_disequilibrium,,,4477,6.285706487921988,10.0,0.0020279662800899052,-0.005340101810671979,-0.004152823723830777,,False,"[0,0,0,0,4477]","[null,null,null,null,5.8587841058858465e-06]",4477,1,near,-0.06469278640994369,near_atm_iv_change,far
,,,,,,12,60,0.056631480652276994,-0.030896485123348454,"{""source_led_correction"":1016,""persistent_disagreement"":1624,""both_correct"":714,""target_led_correction"":1123}",diagnostic_2,500,near_to_far_disequilibrium,,,4477,6.285706487921988,10.0,0.0020279662800899052,-0.005340101810671979,-0.004152823723830777,,False,"[0,0,0,0,4477]","[null,null,null,null,5.200934617786181e-06]",4477,1,near,0.015181312301342429,far_atm_iv_change,far
,,,,,,24,120,0.06227836937901247,-0.029804469014328403,"{""source_led_correction"":1016,""persistent_disagreement"":1624,""both_correct"":714,""target_led_correction"":1123}",diagnostic_2,500,near_to_far_disequilibrium,,,4477,6.285706487921988,10.0,0.0020279662800899052,-0.005340101810671979,-0.004152823723830777,,False,"[0,0,0,0,4477]","[null,null,null,null,5.200934617786181e-06]",4477,1,near,0.015181312301342429,far_atm_iv_change,far
,,,,,,60,300,0.0625495728990541,-0.023546021820579258,"{""source_led_correction"":1016,""persistent_disagreement"":1624,""both_correct"":714,""target_led_correction"":1123}",diagnostic_2,500,near_to_far_disequilibrium,,,4477,6.285706487921988,10.0,0.0020279662800899052,-0.005340101810671979,-0.004152823723830777,,False,"[0,0,0,0,4477]","[null,null,null,null,5.200934617786181e-06]",4477,1,near,0.015181312301342429,far_atm_iv_change,far
,,,,,,12,60,0.09390516667889907,0.038919079328966016,"{""source_led_correction"":1016,""persistent_disagreement"":1624,""both_correct"":714,""target_led_correction"":1123}",diagnostic_2,500,near_to_far_disequilibrium,,,4477,6.285706487921988,10.0,0.0020279662800899052,-0.005340101810671979,-0.004152823723830777,,False,"[0,0,0,0,4477]","[null,null,null,null,-6.578494880996646e-07]",4477,1,near,0.06483748172947429,term_structure_iv_change,far
,,,,,,24,120,0.09169497786443936,0.04034707789304452,"{""source_led_correction"":1016,""persistent_disagreement"":1624,""both_correct"":714,""target_led_correction"":1123}",diagnostic_2,500,near_to_far_disequilibrium,,,4477,6.285706487921988,10.0,0.0020279662800899052,-0.005340101810671979,-0.004152823723830777,,False,"[0,0,0,0,4477]","[null,null,null,null,-6.578494880996646e-07]",4477,1,near,0.06483748172947429,term_structure_iv_change,far
,,,,,,60,300,0.09227676978110455,0.03803305572197675,"{""source_led_correction"":1016,""persistent_disagreement"":1624,""both_correct"":714,""target_led_correction"":1123}",diagnostic_2,500,near_to_far_disequilibrium,,,4477,6.285706487921988,10.0,0.0020279662800899052,-0.005340101810671979,-0.004152823723830777,,False,"[0,0,0,0,4477]","[null,null,null,null,-6.578494880996646e-07]",4477,1,near,0.06483748172947429,term_structure_iv_change,far
,,,,,,12,60,-0.02849442190811137,-0.08251511109658287,"{""source_led_correction"":1016,""persistent_disagreement"":1624,""both_correct"":714,""target_led_correction"":1123}",diagnostic_2,500,near_to_far_disequilibrium,,,4477,6.285706487921988,10.0,0.0020279662800899052,-0.005340101810671979,-0.004152823723830777,,False,"[0,0,0,0,4477]","[null,null,null,null,-2.3889953013853165e-07]",4477,1,near,-0.05490026158607612,atm_iv_convergence,far
,,,,,,24,120,-0.031885060047039164,-0.08051066483526592,"{""source_led_correction"":1016,""persistent_disagreement"":1624,""both_correct"":714,""target_led_correction"":1123}",diagnostic_2,500,near_to_far_disequilibrium,,,4477,6.285706487921988,10.0,0.0020279662800899052,-0.005340101810671979,-0.004152823723830777,,False,"[0,0,0,0,4477]","[null,null,null,null,-2.3889953013853165e-07]",4477,1,near,-0.05490026158607612,atm_iv_convergence,far
,,,,,,60,300,-0.028235567432489055,-0.08237775203714746,"{""source_led_correction"":1016,""persistent_disagreement"":1624,""both_correct"":714,""target_led_correction"":1123}",diagnostic_2,500,near_to_far_disequilibrium,,,4477,6.285706487921988,10.0,0.0020279662800899052,-0.005340101810671979,-0.004152823723830777,,False,"[0,0,0,0,4477]","[null,null,null,null,-2.3889953013853165e-07]",4477,1,near,-0.05490026158607612,atm_iv_convergence,far
,,,,,,12,60,-0.0030686658237272023,-0.06675759438147788,"{""source_led_correction"":1016,""persistent_disagreement"":1624,""both_correct"":714,""target_led_correction"":1123}",diagnostic_2,500,near_to_far_disequilibrium,,,4477,6.285706487921988,10.0,0.0020279662800899052,-0.005340101810671979,-0.004152823723830777,,False,"[0,0,0,0,4477]","[null,null,null,null,3.840669921770116e-07]",4477,1,near,-0.03323168184928504,surface_residual_restoration,far
,,,,,,24,120,-0.005152266761272099,-0.06361574757276797,"{""source_led_correction"":1016,""persistent_disagreement"":1624,""both_correct"":714,""target_led_correction"":1123}",diagnostic_2,500,near_to_far_disequilibrium,,,4477,6.285706487921988,10.0,0.0020279662800899052,-0.005340101810671979,-0.004152823723830777,,False,"[0,0,0,0,4477]","[null,null,null,null,3.840669921770116e-07]",4477,1,near,-0.03323168184928504,surface_residual_restoration,far
,,,,,,60,300,-0.00811709477213756,-0.05990567826982118,"{""source_led_correction"":1016,""persistent_disagreement"":1624,""both_correct"":714,""target_led_correction"":1123}",diagnostic_2,500,near_to_far_disequilibrium,,,4477,6.285706487921988,10.0,0.0020279662800899052,-0.005340101810671979,-0.004152823723830777,,False,"[0,0,0,0,4477]","[null,null,null,null,3.840669921770116e-07]",4477,1,near,-0.03323168184928504,surface_residual_restoration,far
,,,,,,12,60,0.1319117156158077,0.004731725340227944,"{""source_led_correction"":1016,""persistent_disagreement"":1624,""both_correct"":714,""target_led_correction"":1123}",diagnostic_2,500,near_to_far_disequilibrium,,,4477,6.285706487921988,10.0,0.0020279662800899052,-0.005340101810671979,-0.004152823723830777,,False,"[0,0,0,0,4477]","[null,null,null,null,0.0001253889831551262]",4477,1,near,0.06752513147986407,realized_futures_volatility,far
,,,,,,24,120,0.14990402756269153,-0.008763423703098116,"{""source_led_correction"":1016,""persistent_disagreement"":1624,""both_correct"":714,""target_led_correction"":1123}",diagnostic_2,500,near_to_far_disequilibrium,,,4477,6.285706487921988,10.0,0.0020279662800899052,-0.005340101810671979,-0.004152823723830777,,False,"[0,0,0,0,4477]","[null,null,null,null,0.0001253889831551262]",4477,1,near,0.06752513147986407,realized_futures_volatility,far
,,,,,,60,300,0.16943460969202265,-0.018555631201090942,"{""source_led_correction"":1016,""persistent_disagreement"":1624,""both_correct"":714,""target_led_correction"":1123}",diagnostic_2,500,near_to_far_disequilibrium,,,4477,6.285706487921988,10.0,0.0020279662800899052,-0.005340101810671979,-0.004152823723830777,,False,"[0,0,0,0,4477]","[null,null,null,null,0.0001253889831551262]",4477,1,near,0.06752513147986407,realized_futures_volatility,far
0.15717722450902905,0.15215824470646178,0.12213215015851286,0.06489781610791845,0.053855370294814464,0.12496157780850459,,,,,,diagnostic_2,,near_to_far_increment,0.005018979802567269,0.011042445813103985,,,,,,,"{""base_to_candidate"":{""60s"":{""mean_mae_reduction"":-1.5056665543837047e-05,""ci_low"":-2.398841480210895e-05,""ci_high"":-6.336545497044969e-06,""positive_probability"":0.002,""block_rows"":12,""draws"":500},""120s"":{""mean_mae_reduction"":-1.5056665543837047e-05,""ci_low"":-2.4961771352778675e-05,""ci_high"":-4.303154936865824e-06,""positive_probability"":0.0,""block_rows"":24,""draws"":500},""300s"":{""mean_mae_reduction"":-1.5056665543837047e-05,""ci_low"":-2.577496980627216e-05,""ci_high"":-4.725483270773802e-06,""positive_probability"":0.002,""block_rows"":60,""draws"":500}},""base_pca_to_candidate"":{""60s"":{""mean_mae_reduction"":5.876185361881859e-05,""ci_low"":5.107997660081684e-05,""ci_high"":6.548366506729385e-05,""positive_probability"":1.0,""block_rows"":12,""draws"":500},""120s"":{""mean_mae_reduction"":5.876185361881859e-05,""ci_low"":5.1790399675023834e-05,""ci_high"":6.518715572244207e-05,""positive_probability"":1.0,""block_rows"":24,""draws"":500},""300s"":{""mean_mae_reduction"":5.876185361881859e-05,""ci_low"":5.234908994051229e-05,""ci_high"":6.493310062042e-05,""positive_probability"":1.0,""block_rows"":60,""draws"":500}},""comparator_to_candidate"":{""60s"":{""mean_mae_reduction"":2.670826386345411e-05,""ci_low"":1.478242275252834e-05,""ci_high"":3.7516129385631574e-05,""positive_probability"":1.0,""block_rows"":12,""draws"":500},""120s"":{""mean_mae_reduction"":2.670826386345411e-05,""ci_low"":1.4468615254954505e-05,""ci_high"":3.9277270706730195e-05,""positive_probability"":1.0,""block_rows"":24,""draws"":500},""300s"":{""mean_mae_reduction"":2.670826386345411e-05,""ci_low"":1.2813937502575562e-05,""ci_high"":4.054348475438079e-05,""positive_probability"":1.0,""block_rows"":60,""draws"":500}}}",,,,,1,near,,term_structure_iv_change,far
-0.001045005923493214,-0.0019230400598899688,-0.020309178348588475,-0.0842438836053705,-0.09078727687843213,-0.018125575157578844,,,,,,diagnostic_2,,near_to_far_increment,0.0008780341363967548,0.006543393273061637,,,,,,,"{""base_to_candidate"":{""60s"":{""mean_mae_reduction"":-8.728324253356673e-06,""ci_low"":-1.2230527661710198e-05,""ci_high"":-4.9750808511331994e-06,""positive_probability"":0.0,""block_rows"":12,""draws"":500},""120s"":{""mean_mae_reduction"":-8.728324253356673e-06,""ci_low"":-1.251190213039646e-05,""ci_high"":-4.640234563593797e-06,""positive_probability"":0.0,""block_rows"":24,""draws"":500},""300s"":{""mean_mae_reduction"":-8.728324253356673e-06,""ci_low"":-1.2879526362666088e-05,""ci_high"":-4.583585042400227e-06,""positive_probability"":0.0,""block_rows"":60,""draws"":500}},""base_pca_to_candidate"":{""60s"":{""mean_mae_reduction"":2.615532823896621e-05,""ci_low"":2.319877745212041e-05,""ci_high"":2.883521117279845e-05,""positive_probability"":1.0,""block_rows"":12,""draws"":500},""120s"":{""mean_mae_reduction"":2.615532823896621e-05,""ci_low"":2.3545091182337873e-05,""ci_high"":2.8494892622160423e-05,""positive_probability"":1.0,""block_rows"":24,""draws"":500},""300s"":{""mean_mae_reduction"":2.615532823896621e-05,""ci_low"":2.3768058140144036e-05,""ci_high"":2.8779072217484898e-05,""positive_probability"":1.0,""block_rows"":60,""draws"":500}},""comparator_to_candidate"":{""60s"":{""mean_mae_reduction"":3.5096883351053414e-06,""ci_low"":-1.6234777341400337e-06,""ci_high"":8.979088055670784e-06,""positive_probability"":0.9,""block_rows"":12,""draws"":500},""120s"":{""mean_mae_reduction"":3.5096883351053414e-06,""ci_low"":-2.0211281447140145e-06,""ci_high"":9.421753703813245e-06,""positive_probability"":0.894,""block_rows"":24,""draws"":500},""300s"":{""mean_mae_reduction"":3.5096883351053414e-06,""ci_low"":-2.6573928616020088e-06,""ci_high"":1.0201641446902517e-05,""positive_probability"":0.862,""block_rows"":60,""draws"":500}}}",,,,,1,near,,atm_iv_convergence,far
,,,,,,12,60,0.27729755859127003,0.1851855693442796,"{""target_led_correction"":595,""persistent_disagreement"":718,""source_led_correction"":559,""both_correct"":470}",diagnostic_1,500,near_to_far_disequilibrium,,,2342,6.4084056260357904,10.0,0.006865749137900664,-0.01083132464156929,-0.0041963031546347,,False,"[0,0,0,0,2342]","[null,null,null,null,-9.013920462508165e-06]",2342,7,near,0.22836097431135072,near_atm_iv_change,far
,,,,,,24,120,0.2806478882598831,0.19328589761488624,"{""target_led_correction"":595,""persistent_disagreement"":718,""source_led_correction"":559,""both_correct"":470}",diagnostic_1,500,near_to_far_disequilibrium,,,2342,6.4084056260357904,10.0,0.006865749137900664,-0.01083132464156929,-0.0041963031546347,,False,"[0,0,0,0,2342]","[null,null,null,null,-9.013920462508165e-06]",2342,7,near,0.22836097431135072,near_atm_iv_change,far
,,,,,,60,300,0.29773723102722915,0.1790890577196369,"{""target_led_correction"":595,""persistent_disagreement"":718,""source_led_correction"":559,""both_correct"":470}",diagnostic_1,500,near_to_far_disequilibrium,,,2342,6.4084056260357904,10.0,0.006865749137900664,-0.01083132464156929,-0.0041963031546347,,False,"[0,0,0,0,2342]","[null,null,null,null,-9.013920462508165e-06]",2342,7,near,0.22836097431135072,near_atm_iv_change,far
,,,,,,12,60,0.04149069475001646,-0.058790999678895436,"{""target_led_correction"":595,""persistent_disagreement"":718,""source_led_correction"":559,""both_correct"":470}",diagnostic_1,500,near_to_far_disequilibrium,,,2342,6.4084056260357904,10.0,0.006865749137900664,-0.01083132464156929,-0.0041963031546347,,False,"[0,0,0,0,2342]","[null,null,null,null,-4.125105250502732e-06]",2342,7,near,-0.011009916277319193,far_atm_iv_change,far
,,,,,,24,120,0.035218953376934356,-0.061266669470343635,"{""target_led_correction"":595,""persistent_disagreement"":718,""source_led_correction"":559,""both_correct"":470}",diagnostic_1,500,near_to_far_disequilibrium,,,2342,6.4084056260357904,10.0,0.006865749137900664,-0.01083132464156929,-0.0041963031546347,,False,"[0,0,0,0,2342]","[null,null,null,null,-4.125105250502732e-06]",2342,7,near,-0.011009916277319193,far_atm_iv_change,far
,,,,,,60,300,0.032101976584491355,-0.06403869796207746,"{""target_led_correction"":595,""persistent_disagreement"":718,""source_led_correction"":559,""both_correct"":470}",diagnostic_1,500,near_to_far_disequilibrium,,,2342,6.4084056260357904,10.0,0.006865749137900664,-0.01083132464156929,-0.0041963031546347,,False,"[0,0,0,0,2342]","[null,null,null,null,-4.125105250502732e-06]",2342,7,near,-0.011009916277319193,far_atm_iv_change,far
,,,,,,12,60,-0.1873482776910979,-0.2786476137322164,"{""target_led_correction"":595,""persistent_disagreement"":718,""source_led_correction"":559,""both_correct"":470}",diagnostic_1,500,near_to_far_disequilibrium,,,2342,6.4084056260357904,10.0,0.006865749137900664,-0.01083132464156929,-0.0041963031546347,,False,"[0,0,0,0,2342]","[null,null,null,null,4.888815212005433e-06]",2342,7,near,-0.2293023516481157,term_structure_iv_change,far
,,,,,,24,120,-0.194421505644456,-0.28251411264545156,"{""target_led_correction"":595,""persistent_disagreement"":718,""source_led_correction"":559,""both_correct"":470}",diagnostic_1,500,near_to_far_disequilibrium,,,2342,6.4084056260357904,10.0,0.006865749137900664,-0.01083132464156929,-0.0041963031546347,,False,"[0,0,0,0,2342]","[null,null,null,null,4.888815212005433e-06]",2342,7,near,-0.2293023516481157,term_structure_iv_change,far
,,,,,,60,300,-0.17889157200158415,-0.29959563698730224,"{""target_led_correction"":595,""persistent_disagreement"":718,""source_led_correction"":559,""both_correct"":470}",diagnostic_1,500,near_to_far_disequilibrium,,,2342,6.4084056260357904,10.0,0.006865749137900664,-0.01083132464156929,-0.0041963031546347,,False,"[0,0,0,0,2342]","[null,null,null,null,4.888815212005433e-06]",2342,7,near,-0.2293023516481157,term_structure_iv_change,far
,,,,,,12,60,0.15596399350087692,0.0792235987401836,"{""target_led_correction"":595,""persistent_disagreement"":718,""source_led_correction"":559,""both_correct"":470}",diagnostic_1,500,near_to_far_disequilibrium,,,2342,6.4084056260357904,10.0,0.006865749137900664,-0.01083132464156929,-0.0041963031546347,,False,"[0,0,0,0,2342]","[null,null,null,null,-9.691442922075828e-06]",2342,7,near,0.11930446895129453,atm_iv_convergence,far
,,,,,,24,120,0.1605301026005429,0.08620435802139238,"{""target_led_correction"":595,""persistent_disagreement"":718,""source_led_correction"":559,""both_correct"":470}",diagnostic_1,500,near_to_far_disequilibrium,,,2342,6.4084056260357904,10.0,0.006865749137900664,-0.01083132464156929,-0.0041963031546347,,False,"[0,0,0,0,2342]","[null,null,null,null,-9.691442922075828e-06]",2342,7,near,0.11930446895129453,atm_iv_convergence,far
,,,,,,60,300,0.16707343086899973,0.08894267897206415,"{""target_led_correction"":595,""persistent_disagreement"":718,""source_led_correction"":559,""both_correct"":470}",diagnostic_1,500,near_to_far_disequilibrium,,,2342,6.4084056260357904,10.0,0.006865749137900664,-0.01083132464156929,-0.0041963031546347,,False,"[0,0,0,0,2342]","[null,null,null,null,-9.691442922075828e-06]",2342,7,near,0.11930446895129453,atm_iv_convergence,far
,,,,,,12,60,0.08382258670653353,-0.015278324868947176,"{""target_led_correction"":595,""persistent_disagreement"":718,""source_led_correction"":559,""both_correct"":470}",diagnostic_1,500,near_to_far_disequilibrium,,,2342,6.4084056260357904,10.0,0.006865749137900664,-0.01083132464156929,-0.0041963031546347,,False,"[0,0,0,0,2342]","[null,null,null,null,2.315736197646593e-06]",2342,7,near,0.036058042512777715,surface_residual_restoration,far
,,,,,,24,120,0.08360600280538709,-0.0185503893356697,"{""target_led_correction"":595,""persistent_disagreement"":718,""source_led_correction"":559,""both_correct"":470}",diagnostic_1,500,near_to_far_disequilibrium,,,2342,6.4084056260357904,10.0,0.006865749137900664,-0.01083132464156929,-0.0041963031546347,,False,"[0,0,0,0,2342]","[null,null,null,null,2.315736197646593e-06]",2342,7,near,0.036058042512777715,surface_residual_restoration,far
,,,,,,60,300,0.08131645951465657,-0.011382152292780008,"{""target_led_correction"":595,""persistent_disagreement"":718,""source_led_correction"":559,""both_correct"":470}",diagnostic_1,500,near_to_far_disequilibrium,,,2342,6.4084056260357904,10.0,0.006865749137900664,-0.01083132464156929,-0.0041963031546347,,False,"[0,0,0,0,2342]","[null,null,null,null,2.315736197646593e-06]",2342,7,near,0.036058042512777715,surface_residual_restoration,far
,,,,,,12,60,0.13012891628489437,-0.037956464802943415,"{""target_led_correction"":595,""persistent_disagreement"":718,""source_led_correction"":559,""both_correct"":470}",diagnostic_1,500,near_to_far_disequilibrium,,,2342,6.4084056260357904,10.0,0.006865749137900664,-0.01083132464156929,-0.0041963031546347,,False,"[0,0,0,0,2342]","[null,null,null,null,0.00011404065644264808]",2342,7,near,0.03900030343017217,realized_futures_volatility,far
,,,,,,24,120,0.14805636990091853,-0.03213489909238732,"{""target_led_correction"":595,""persistent_disagreement"":718,""source_led_correction"":559,""both_correct"":470}",diagnostic_1,500,near_to_far_disequilibrium,,,2342,6.4084056260357904,10.0,0.006865749137900664,-0.01083132464156929,-0.0041963031546347,,False,"[0,0,0,0,2342]","[null,null,null,null,0.00011404065644264808]",2342,7,near,0.03900030343017217,realized_futures_volatility,far
,,,,,,60,300,0.15684866843428946,-0.025808054610027328,"{""target_led_correction"":595,""persistent_disagreement"":718,""source_led_correction"":559,""both_correct"":470}",diagnostic_1,500,near_to_far_disequilibrium,,,2342,6.4084056260357904,10.0,0.006865749137900664,-0.01083132464156929,-0.0041963031546347,,False,"[0,0,0,0,2342]","[null,null,null,null,0.00011404065644264808]",2342,7,near,0.03900030343017217,realized_futures_volatility,far
0.14017361218778712,0.13685822415314208,0.06883428041813033,0.06048138974281769,0.050978489002360794,0.07963345576731307,,,,,,diagnostic_1,,near_to_far_increment,0.0033153880346450393,0.009502900740456899,,,,,,,"{""base_to_candidate"":{""60s"":{""mean_mae_reduction"":-4.9295939362197546e-05,""ci_low"":-6.237141249552247e-05,""ci_high"":-3.6721507106475094e-05,""positive_probability"":0.0,""block_rows"":12,""draws"":500},""120s"":{""mean_mae_reduction"":-4.9295939362197546e-05,""ci_low"":-6.196179771982256e-05,""ci_high"":-3.712946335057021e-05,""positive_probability"":0.0,""block_rows"":24,""draws"":500},""300s"":{""mean_mae_reduction"":-4.9295939362197546e-05,""ci_low"":-5.962532994145522e-05,""ci_high"":-3.7443739154822995e-05,""positive_probability"":0.0,""block_rows"":60,""draws"":500}},""base_pca_to_candidate"":{""60s"":{""mean_mae_reduction"":4.3378721385611616e-05,""ci_low"":3.258041037371892e-05,""ci_high"":5.312097262005164e-05,""positive_probability"":1.0,""block_rows"":12,""draws"":500},""120s"":{""mean_mae_reduction"":4.3378721385611616e-05,""ci_low"":3.2795143322323736e-05,""ci_high"":5.36947819661194e-05,""positive_probability"":1.0,""block_rows"":24,""draws"":500},""300s"":{""mean_mae_reduction"":4.3378721385611616e-05,""ci_low"":3.553466164506332e-05,""ci_high"":5.1319820796541385e-05,""positive_probability"":1.0,""block_rows"":60,""draws"":500}},""comparator_to_candidate"":{""60s"":{""mean_mae_reduction"":1.5134041464600675e-05,""ci_low"":1.7044168163163538e-06,""ci_high"":2.8233677515792084e-05,""positive_probability"":0.988,""block_rows"":12,""draws"":500},""120s"":{""mean_mae_reduction"":1.5134041464600675e-05,""ci_low"":9.047249725037281e-07,""ci_high"":2.9959722879231774e-05,""positive_probability"":0.978,""block_rows"":24,""draws"":500},""300s"":{""mean_mae_reduction"":1.5134041464600675e-05,""ci_low"":-2.2752570015341706e-06,""ci_high"":3.067233608717424e-05,""positive_probability"":0.96,""block_rows"":60,""draws"":500}}}",,,,,7,near,,term_structure_iv_change,far
0.05851270930139296,0.05848767715381187,-0.012237425125028789,-0.013788293178337963,-0.0160323702530345,-0.007605768200466878,,,,,,diagnostic_1,,near_to_far_increment,2.50321475810944e-05,0.0022440770746965377,,,,,,,"{""base_to_candidate"":{""60s"":{""mean_mae_reduction"":-1.7378745457826858e-05,""ci_low"":-2.1164116320155923e-05,""ci_high"":-1.3571443869205493e-05,""positive_probability"":0.0,""block_rows"":12,""draws"":500},""120s"":{""mean_mae_reduction"":-1.7378745457826858e-05,""ci_low"":-2.081420232998273e-05,""ci_high"":-1.4135011260209466e-05,""positive_probability"":0.0,""block_rows"":24,""draws"":500},""300s"":{""mean_mae_reduction"":-1.7378745457826858e-05,""ci_low"":-2.0449656248938465e-05,""ci_high"":-1.387468824603049e-05,""positive_probability"":0.0,""block_rows"":60,""draws"":500}},""base_pca_to_candidate"":{""60s"":{""mean_mae_reduction"":8.42014961472762e-06,""ci_low"":6.820815722351233e-06,""ci_high"":1.014508047311875e-05,""positive_probability"":1.0,""block_rows"":12,""draws"":500},""120s"":{""mean_mae_reduction"":8.42014961472762e-06,""ci_low"":6.462375093822394e-06,""ci_high"":1.0161680129748383e-05,""positive_probability"":1.0,""block_rows"":24,""draws"":500},""300s"":{""mean_mae_reduction"":8.42014961472762e-06,""ci_low"":7.0467271506426924e-06,""ci_high"":9.771124270593106e-06,""positive_probability"":1.0,""block_rows"":60,""draws"":500}},""comparator_to_candidate"":{""60s"":{""mean_mae_reduction"":9.39247720987005e-08,""ci_low"":-3.6158736147292435e-06,""ci_high"":3.5240333306258604e-06,""positive_probability"":0.502,""block_rows"":12,""draws"":500},""120s"":{""mean_mae_reduction"":9.39247720987005e-08,""ci_low"":-4.075248772686205e-06,""ci_high"":4.04706499930769e-06,""positive_probability"":0.522,""block_rows"":24,""draws"":500},""300s"":{""mean_mae_reduction"":9.39247720987005e-08,""ci_low"":-4.757222155332626e-06,""ci_high"":4.435699659579206e-06,""positive_probability"":0.524,""block_rows"":60,""draws"":500}}}",,,,,7,near,,atm_iv_convergence,far
,,,,,,12,60,0.3764132403693055,0.317637751860873,"{""persistent_disagreement"":1318,""target_led_correction"":1125,""source_led_correction"":1035,""both_correct"":999}",diagnostic_2,500,near_to_far_disequilibrium,,,4477,6.4084056260357904,10.0,0.0015888465467952585,-0.004743377617933722,-0.003417583391315436,,False,"[0,0,0,0,4477]","[null,null,null,null,5.8587841058858465e-06]",4477,7,near,0.34901910771480904,near_atm_iv_change,far
,,,,,,24,120,0.3829603339135335,0.32024038331540794,"{""persistent_disagreement"":1318,""target_led_correction"":1125,""source_led_correction"":1035,""both_correct"":999}",diagnostic_2,500,near_to_far_disequilibrium,,,4477,6.4084056260357904,10.0,0.0015888465467952585,-0.004743377617933722,-0.003417583391315436,,False,"[0,0,0,0,4477]","[null,null,null,null,5.8587841058858465e-06]",4477,7,near,0.34901910771480904,near_atm_iv_change,far
,,,,,,60,300,0.39152855418120974,0.305370766006826,"{""persistent_disagreement"":1318,""target_led_correction"":1125,""source_led_correction"":1035,""both_correct"":999}",diagnostic_2,500,near_to_far_disequilibrium,,,4477,6.4084056260357904,10.0,0.0015888465467952585,-0.004743377617933722,-0.003417583391315436,,False,"[0,0,0,0,4477]","[null,null,null,null,5.8587841058858465e-06]",4477,7,near,0.34901910771480904,near_atm_iv_change,far
,,,,,,12,60,0.055231493525956354,-0.030525929274421697,"{""persistent_disagreement"":1318,""target_led_correction"":1125,""source_led_correction"":1035,""both_correct"":999}",diagnostic_2,500,near_to_far_disequilibrium,,,4477,6.4084056260357904,10.0,0.0015888465467952585,-0.004743377617933722,-0.003417583391315436,,False,"[0,0,0,0,4477]","[null,null,null,null,5.200934617786181e-06]",4477,7,near,0.013742729601702391,far_atm_iv_change,far
,,,,,,24,120,0.05106487336377648,-0.034034650505565804,"{""persistent_disagreement"":1318,""target_led_correction"":1125,""source_led_correction"":1035,""both_correct"":999}",diagnostic_2,500,near_to_far_disequilibrium,,,4477,6.4084056260357904,10.0,0.0015888465467952585,-0.004743377617933722,-0.003417583391315436,,False,"[0,0,0,0,4477]","[null,null,null,null,5.200934617786181e-06]",4477,7,near,0.013742729601702391,far_atm_iv_change,far
,,,,,,60,300,0.05377892374028636,-0.032087971102911804,"{""persistent_disagreement"":1318,""target_led_correction"":1125,""source_led_correction"":1035,""both_correct"":999}",diagnostic_2,500,near_to_far_disequilibrium,,,4477,6.4084056260357904,10.0,0.0015888465467952585,-0.004743377617933722,-0.003417583391315436,,False,"[0,0,0,0,4477]","[null,null,null,null,5.200934617786181e-06]",4477,7,near,0.013742729601702391,far_atm_iv_change,far
,,,,,,12,60,-0.3168259730888308,-0.37547711721871796,"{""persistent_disagreement"":1318,""target_led_correction"":1125,""source_led_correction"":1035,""both_correct"":999}",diagnostic_2,500,near_to_far_disequilibrium,,,4477,6.4084056260357904,10.0,0.0015888465467952585,-0.004743377617933722,-0.003417583391315436,,False,"[0,0,0,0,4477]","[null,null,null,null,-6.578494880996646e-07]",4477,7,near,-0.34860602145407077,term_structure_iv_change,far
,,,,,,24,120,-0.3189383048084392,-0.3831445981449456,"{""persistent_disagreement"":1318,""target_led_correction"":1125,""source_led_correction"":1035,""both_correct"":999}",diagnostic_2,500,near_to_far_disequilibrium,,,4477,6.4084056260357904,10.0,0.0015888465467952585,-0.004743377617933722,-0.003417583391315436,,False,"[0,0,0,0,4477]","[null,null,null,null,-6.578494880996646e-07]",4477,7,near,-0.34860602145407077,term_structure_iv_change,far
,,,,,,60,300,-0.3046416464387553,-0.3913208675486535,"{""persistent_disagreement"":1318,""target_led_correction"":1125,""source_led_correction"":1035,""both_correct"":999}",diagnostic_2,500,near_to_far_disequilibrium,,,4477,6.4084056260357904,10.0,0.0015888465467952585,-0.004743377617933722,-0.003417583391315436,,False,"[0,0,0,0,4477]","[null,null,null,null,-6.578494880996646e-07]",4477,7,near,-0.34860602145407077,term_structure_iv_change,far
,,,,,,12,60,0.2177496097862999,0.15874456859527933,"{""persistent_disagreement"":1318,""target_led_correction"":1125,""source_led_correction"":1035,""both_correct"":999}",diagnostic_2,500,near_to_far_disequilibrium,,,4477,6.4084056260357904,10.0,0.0015888465467952585,-0.004743377617933722,-0.003417583391315436,,False,"[0,0,0,0,4477]","[null,null,null,null,-2.3889953013853165e-07]",4477,7,near,0.18844985587296884,atm_iv_convergence,far
,,,,,,24,120,0.21564551439485138,0.15956360637734482,"{""persistent_disagreement"":1318,""target_led_correction"":1125,""source_led_correction"":1035,""both_correct"":999}",diagnostic_2,500,near_to_far_disequilibrium,,,4477,6.4084056260357904,10.0,0.0015888465467952585,-0.004743377617933722,-0.003417583391315436,,False,"[0,0,0,0,4477]","[null,null,null,null,-2.3889953013853165e-07]",4477,7,near,0.18844985587296884,atm_iv_convergence,far
,,,,,,60,300,0.22083686648694711,0.15642540977639688,"{""persistent_disagreement"":1318,""target_led_correction"":1125,""source_led_correction"":1035,""both_correct"":999}",diagnostic_2,500,near_to_far_disequilibrium,,,4477,6.4084056260357904,10.0,0.0015888465467952585,-0.004743377617933722,-0.003417583391315436,,False,"[0,0,0,0,4477]","[null,null,null,null,-2.3889953013853165e-07]",4477,7,near,0.18844985587296884,atm_iv_convergence,far
,,,,,,12,60,0.15503104143338453,0.0919743565040969,"{""persistent_disagreement"":1318,""target_led_correction"":1125,""source_led_correction"":1035,""both_correct"":999}",diagnostic_2,500,near_to_far_disequilibrium,,,4477,6.4084056260357904,10.0,0.0015888465467952585,-0.004743377617933722,-0.003417583391315436,,False,"[0,0,0,0,4477]","[null,null,null,null,3.840669921770116e-07]",4477,7,near,0.12470027923877801,surface_residual_restoration,far
,,,,,,24,120,0.15654388158586793,0.09274327628137198,"{""persistent_disagreement"":1318,""target_led_correction"":1125,""source_led_correction"":1035,""both_correct"":999}",diagnostic_2,500,near_to_far_disequilibrium,,,4477,6.4084056260357904,10.0,0.0015888465467952585,-0.004743377617933722,-0.003417583391315436,,False,"[0,0,0,0,4477]","[null,null,null,null,3.840669921770116e-07]",4477,7,near,0.12470027923877801,surface_residual_restoration,far
,,,,,,60,300,0.1604575258903848,0.09365899457925123,"{""persistent_disagreement"":1318,""target_led_correction"":1125,""source_led_correction"":1035,""both_correct"":999}",diagnostic_2,500,near_to_far_disequilibrium,,,4477,6.4084056260357904,10.0,0.0015888465467952585,-0.004743377617933722,-0.003417583391315436,,False,"[0,0,0,0,4477]","[null,null,null,null,3.840669921770116e-07]",4477,7,near,0.12470027923877801,surface_residual_restoration,far
,,,,,,12,60,0.1448050093799128,0.03325952278788502,"{""persistent_disagreement"":1318,""target_led_correction"":1125,""source_led_correction"":1035,""both_correct"":999}",diagnostic_2,500,near_to_far_disequilibrium,,,4477,6.4084056260357904,10.0,0.0015888465467952585,-0.004743377617933722,-0.003417583391315436,,False,"[0,0,0,0,4477]","[null,null,null,null,0.0001253889831551262]",4477,7,near,0.09694793384830586,realized_futures_volatility,far
,,,,,,24,120,0.16663623618445586,0.026437611174308213,"{""persistent_disagreement"":1318,""target_led_correction"":1125,""source_led_correction"":1035,""both_correct"":999}",diagnostic_2,500,near_to_far_disequilibrium,,,4477,6.4084056260357904,10.0,0.0015888465467952585,-0.004743377617933722,-0.003417583391315436,,False,"[0,0,0,0,4477]","[null,null,null,null,0.0001253889831551262]",4477,7,near,0.09694793384830586,realized_futures_volatility,far
,,,,,,60,300,0.18475019898429612,0.01449506312182118,"{""persistent_disagreement"":1318,""target_led_correction"":1125,""source_led_correction"":1035,""both_correct"":999}",diagnostic_2,500,near_to_far_disequilibrium,,,4477,6.4084056260357904,10.0,0.0015888465467952585,-0.004743377617933722,-0.003417583391315436,,False,"[0,0,0,0,4477]","[null,null,null,null,0.0001253889831551262]",4477,7,near,0.09694793384830586,realized_futures_volatility,far
0.15609701190225134,0.15215824470646178,0.12007045544935468,0.06520769080631561,0.053855370294814464,0.12496157780850459,,,,,,diagnostic_2,,near_to_far_increment,0.003938767195789561,0.011352320511501146,,,,,,,"{""base_to_candidate"":{""60s"":{""mean_mae_reduction"":-2.602787651980363e-05,""ci_low"":-3.6340651662394864e-05,""ci_high"":-1.5825038755150478e-05,""positive_probability"":0.0,""block_rows"":12,""draws"":500},""120s"":{""mean_mae_reduction"":-2.602787651980363e-05,""ci_low"":-3.7075709341984266e-05,""ci_high"":-1.3980029611113149e-05,""positive_probability"":0.0,""block_rows"":24,""draws"":500},""300s"":{""mean_mae_reduction"":-2.602787651980363e-05,""ci_low"":-3.801598458617722e-05,""ci_high"":-1.3668985502799226e-05,""positive_probability"":0.0,""block_rows"":60,""draws"":500}},""base_pca_to_candidate"":{""60s"":{""mean_mae_reduction"":6.0410837184196505e-05,""ci_low"":5.166762042471931e-05,""ci_high"":6.844429312958722e-05,""positive_probability"":1.0,""block_rows"":12,""draws"":500},""120s"":{""mean_mae_reduction"":6.0410837184196505e-05,""ci_low"":5.2292504055185334e-05,""ci_high"":6.807975971304354e-05,""positive_probability"":1.0,""block_rows"":24,""draws"":500},""300s"":{""mean_mae_reduction"":6.0410837184196505e-05,""ci_low"":5.29610145975283e-05,""ci_high"":6.799767748600253e-05,""positive_probability"":1.0,""block_rows"":60,""draws"":500}},""comparator_to_candidate"":{""60s"":{""mean_mae_reduction"":2.0959963518493917e-05,""ci_low"":8.883051547283089e-06,""ci_high"":3.168038460209534e-05,""positive_probability"":1.0,""block_rows"":12,""draws"":500},""120s"":{""mean_mae_reduction"":2.0959963518493917e-05,""ci_low"":9.702340205020001e-06,""ci_high"":3.320705906216803e-05,""positive_probability"":1.0,""block_rows"":24,""draws"":500},""300s"":{""mean_mae_reduction"":2.0959963518493917e-05,""ci_low"":7.813035812511983e-06,""ci_high"":3.440693774181744e-05,""positive_probability"":0.998,""block_rows"":60,""draws"":500}}}",,,,,7,near,,term_structure_iv_change,far
-0.0009746057272799202,-0.0019230400598899688,-0.01990829461008925,-0.08737391087839197,-0.09078727687843213,-0.018125575157578844,,,,,,diagnostic_2,,near_to_far_increment,0.0009484343326100486,0.0034133660000401633,,,,,,,"{""base_to_candidate"":{""60s"":{""mean_mae_reduction"":-7.1259070779626775e-06,""ci_low"":-1.0412688331250521e-05,""ci_high"":-3.8072044851857253e-06,""positive_probability"":0.0,""block_rows"":12,""draws"":500},""120s"":{""mean_mae_reduction"":-7.1259070779626775e-06,""ci_low"":-1.0527464943312445e-05,""ci_high"":-3.445593442478067e-06,""positive_probability"":0.0,""block_rows"":24,""draws"":500},""300s"":{""mean_mae_reduction"":-7.1259070779626775e-06,""ci_low"":-1.0862484893287564e-05,""ci_high"":-3.4904298024981367e-06,""positive_probability"":0.0,""block_rows"":60,""draws"":500}},""base_pca_to_candidate"":{""60s"":{""mean_mae_reduction"":1.3643946558787551e-05,""ci_low"":1.2172541160699173e-05,""ci_high"":1.5023333488855927e-05,""positive_probability"":1.0,""block_rows"":12,""draws"":500},""120s"":{""mean_mae_reduction"":1.3643946558787551e-05,""ci_low"":1.2331205025261995e-05,""ci_high"":1.4810799232297228e-05,""positive_probability"":1.0,""block_rows"":24,""draws"":500},""300s"":{""mean_mae_reduction"":1.3643946558787551e-05,""ci_low"":1.2421875022452592e-05,""ci_high"":1.501845168299821e-05,""positive_probability"":1.0,""block_rows"":60,""draws"":500}},""comparator_to_candidate"":{""60s"":{""mean_mae_reduction"":3.7910928240632855e-06,""ci_low"":6.879478222727314e-07,""ci_high"":7.121011440223029e-06,""positive_probability"":0.988,""block_rows"":12,""draws"":500},""120s"":{""mean_mae_reduction"":3.7910928240632855e-06,""ci_low"":5.697341367614407e-07,""ci_high"":7.31213401969283e-06,""positive_probability"":0.992,""block_rows"":24,""draws"":500},""300s"":{""mean_mae_reduction"":3.7910928240632855e-06,""ci_low"":2.772161974548318e-07,""ci_high"":7.670493803059204e-06,""positive_probability"":0.98,""block_rows"":60,""draws"":500}}}",,,,,7,near,,atm_iv_convergence,far
,,,,,,12,60,-0.012071338882820354,-0.08418551677220042,"{""both_correct"":459,""target_led_correction"":562,""source_led_correction"":547,""persistent_disagreement"":774}",diagnostic_1,500,near_to_far_disequilibrium,,,2342,6.31388274465345,100.0,0.003573453247572096,-0.005211699883610961,-0.0026206674398890763,,False,"[0,0,0,0,2342]","[null,null,null,null,-9.013920462508165e-06]",2342,23,near,-0.04891786707133163,near_atm_iv_change,far
,,,,,,24,120,-0.014713614659870608,-0.07524120970385968,"{""both_correct"":459,""target_led_correction"":562,""source_led_correction"":547,""persistent_disagreement"":774}",diagnostic_1,500,near_to_far_disequilibrium,,,2342,6.31388274465345,100.0,0.003573453247572096,-0.005211699883610961,-0.0026206674398890763,,False,"[0,0,0,0,2342]","[null,null,null,null,-9.013920462508165e-06]",2342,23,near,-0.04891786707133163,near_atm_iv_change,far
,,,,,,60,300,-0.019144713105385052,-0.0713390482068296,"{""both_correct"":459,""target_led_correction"":562,""source_led_correction"":547,""persistent_disagreement"":774}",diagnostic_1,500,near_to_far_disequilibrium,,,2342,6.31388274465345,100.0,0.003573453247572096,-0.005211699883610961,-0.0026206674398890763,,False,"[0,0,0,0,2342]","[null,null,null,null,-9.013920462508165e-06]",2342,23,near,-0.04891786707133163,near_atm_iv_change,far
,,,,,,12,60,0.09159160249358718,-0.024589617884962826,"{""both_correct"":459,""target_led_correction"":562,""source_led_correction"":547,""persistent_disagreement"":774}",diagnostic_1,500,near_to_far_disequilibrium,,,2342,6.31388274465345,100.0,0.003573453247572096,-0.005211699883610961,-0.0026206674398890763,,False,"[0,0,0,0,2342]","[null,null,null,null,-4.125105250502732e-06]",2342,23,near,0.03213713031388991,far_atm_iv_change,far
,,,,,,24,120,0.08253445884545259,-0.029939823117781234,"{""both_correct"":459,""target_led_correction"":562,""source_led_correction"":547,""persistent_disagreement"":774}",diagnostic_1,500,near_to_far_disequilibrium,,,2342,6.31388274465345,100.0,0.003573453247572096,-0.005211699883610961,-0.0026206674398890763,,False,"[0,0,0,0,2342]","[null,null,null,null,-4.125105250502732e-06]",2342,23,near,0.03213713031388991,far_atm_iv_change,far
,,,,,,60,300,0.07875419028033116,-0.013271275810858836,"{""both_correct"":459,""target_led_correction"":562,""source_led_correction"":547,""persistent_disagreement"":774}",diagnostic_1,500,near_to_far_disequilibrium,,,2342,6.31388274465345,100.0,0.003573453247572096,-0.005211699883610961,-0.0026206674398890763,,False,"[0,0,0,0,2342]","[null,null,null,null,-4.125105250502732e-06]",2342,23,near,0.03213713031388991,far_atm_iv_change,far
,,,,,,12,60,0.08310868197599079,0.011359046656924214,"{""both_correct"":459,""target_led_correction"":562,""source_led_correction"":547,""persistent_disagreement"":774}",diagnostic_1,500,near_to_far_disequilibrium,,,2342,6.31388274465345,100.0,0.003573453247572096,-0.005211699883610961,-0.0026206674398890763,,False,"[0,0,0,0,2342]","[null,null,null,null,4.888815212005433e-06]",2342,23,near,0.048534171658292574,term_structure_iv_change,far
,,,,,,24,120,0.07548883420148962,0.013734244874699595,"{""both_correct"":459,""target_led_correction"":562,""source_led_correction"":547,""persistent_disagreement"":774}",diagnostic_1,500,near_to_far_disequilibrium,,,2342,6.31388274465345,100.0,0.003573453247572096,-0.005211699883610961,-0.0026206674398890763,,False,"[0,0,0,0,2342]","[null,null,null,null,4.888815212005433e-06]",2342,23,near,0.048534171658292574,term_structure_iv_change,far
,,,,,,60,300,0.07061947335661425,0.018894088906577563,"{""both_correct"":459,""target_led_correction"":562,""source_led_correction"":547,""persistent_disagreement"":774}",diagnostic_1,500,near_to_far_disequilibrium,,,2342,6.31388274465345,100.0,0.003573453247572096,-0.005211699883610961,-0.0026206674398890763,,False,"[0,0,0,0,2342]","[null,null,null,null,4.888815212005433e-06]",2342,23,near,0.048534171658292574,term_structure_iv_change,far
,,,,,,12,60,-0.0033152221550319188,-0.07705174958779132,"{""both_correct"":459,""target_led_correction"":562,""source_led_correction"":547,""persistent_disagreement"":774}",diagnostic_1,500,near_to_far_disequilibrium,,,2342,6.31388274465345,100.0,0.003573453247572096,-0.005211699883610961,-0.0026206674398890763,,False,"[0,0,0,0,2342]","[null,null,null,null,-9.691442922075828e-06]",2342,23,near,-0.04237704213629286,atm_iv_convergence,far
,,,,,,24,120,-0.011010249937985335,-0.0720659351723471,"{""both_correct"":459,""target_led_correction"":562,""source_led_correction"":547,""persistent_disagreement"":774}",diagnostic_1,500,near_to_far_disequilibrium,,,2342,6.31388274465345,100.0,0.003573453247572096,-0.005211699883610961,-0.0026206674398890763,,False,"[0,0,0,0,2342]","[null,null,null,null,-9.691442922075828e-06]",2342,23,near,-0.04237704213629286,atm_iv_convergence,far
,,,,,,60,300,-0.01657469138164374,-0.06738628335661258,"{""both_correct"":459,""target_led_correction"":562,""source_led_correction"":547,""persistent_disagreement"":774}",diagnostic_1,500,near_to_far_disequilibrium,,,2342,6.31388274465345,100.0,0.003573453247572096,-0.005211699883610961,-0.0026206674398890763,,False,"[0,0,0,0,2342]","[null,null,null,null,-9.691442922075828e-06]",2342,23,near,-0.04237704213629286,atm_iv_convergence,far
,,,,,,12,60,0.012048422381002514,-0.08697672425557876,"{""both_correct"":459,""target_led_correction"":562,""source_led_correction"":547,""persistent_disagreement"":774}",diagnostic_1,500,near_to_far_disequilibrium,,,2342,6.31388274465345,100.0,0.003573453247572096,-0.005211699883610961,-0.0026206674398890763,,False,"[0,0,0,0,2342]","[null,null,null,null,2.315736197646593e-06]",2342,23,near,-0.04001338806325529,surface_residual_restoration,far
,,,,,,24,120,-0.0026486735475693326,-0.08355988298795605,"{""both_correct"":459,""target_led_correction"":562,""source_led_correction"":547,""persistent_disagreement"":774}",diagnostic_1,500,near_to_far_disequilibrium,,,2342,6.31388274465345,100.0,0.003573453247572096,-0.005211699883610961,-0.0026206674398890763,,False,"[0,0,0,0,2342]","[null,null,null,null,2.315736197646593e-06]",2342,23,near,-0.04001338806325529,surface_residual_restoration,far
,,,,,,60,300,-0.011878572083717632,-0.07098917345763625,"{""both_correct"":459,""target_led_correction"":562,""source_led_correction"":547,""persistent_disagreement"":774}",diagnostic_1,500,near_to_far_disequilibrium,,,2342,6.31388274465345,100.0,0.003573453247572096,-0.005211699883610961,-0.0026206674398890763,,False,"[0,0,0,0,2342]","[null,null,null,null,2.315736197646593e-06]",2342,23,near,-0.04001338806325529,surface_residual_restoration,far
,,,,,,12,60,0.13207205840545744,-0.04855847666846248,"{""both_correct"":459,""target_led_correction"":562,""source_led_correction"":547,""persistent_disagreement"":774}",diagnostic_1,500,near_to_far_disequilibrium,,,2342,6.31388274465345,100.0,0.003573453247572096,-0.005211699883610961,-0.0026206674398890763,,False,"[0,0,0,0,2342]","[null,null,null,null,0.00011404065644264808]",2342,23,near,0.03778113659638411,realized_futures_volatility,far
,,,,,,24,120,0.1510887774088931,-0.057181520915357074,"{""both_correct"":459,""target_led_correction"":562,""source_led_correction"":547,""persistent_disagreement"":774}",diagnostic_1,500,near_to_far_disequilibrium,,,2342,6.31388274465345,100.0,0.003573453247572096,-0.005211699883610961,-0.0026206674398890763,,False,"[0,0,0,0,2342]","[null,null,null,null,0.00011404065644264808]",2342,23,near,0.03778113659638411,realized_futures_volatility,far
,,,,,,60,300,0.17703329914888394,-0.04463696507215941,"{""both_correct"":459,""target_led_correction"":562,""source_led_correction"":547,""persistent_disagreement"":774}",diagnostic_1,500,near_to_far_disequilibrium,,,2342,6.31388274465345,100.0,0.003573453247572096,-0.005211699883610961,-0.0026206674398890763,,False,"[0,0,0,0,2342]","[null,null,null,null,0.00011404065644264808]",2342,23,near,0.03778113659638411,realized_futures_volatility,far
0.14195972911083266,0.13685822415314208,0.05843580641822543,0.07022443800062117,0.050978489002360794,0.07963345576731307,,,,,,diagnostic_1,,near_to_far_increment,0.0051015049576905724,0.019245948998260376,,,,,,,"{""base_to_candidate"":{""60s"":{""mean_mae_reduction"":-9.676276226155054e-05,""ci_low"":-0.00012133528151369658,""ci_high"":-7.177170579927657e-05,""positive_probability"":0.0,""block_rows"":12,""draws"":500},""120s"":{""mean_mae_reduction"":-9.676276226155054e-05,""ci_low"":-0.00012143064763821645,""ci_high"":-7.322309945661802e-05,""positive_probability"":0.0,""block_rows"":24,""draws"":500},""300s"":{""mean_mae_reduction"":-9.676276226155054e-05,""ci_low"":-0.00011610330273623907,""ci_high"":-7.53739707984918e-05,""positive_probability"":0.0,""block_rows"":60,""draws"":500}},""base_pca_to_candidate"":{""60s"":{""mean_mae_reduction"":8.785366512805145e-05,""ci_low"":6.505451823072392e-05,""ci_high"":0.00010923745612235386,""positive_probability"":1.0,""block_rows"":12,""draws"":500},""120s"":{""mean_mae_reduction"":8.785366512805145e-05,""ci_low"":6.69367157774078e-05,""ci_high"":0.00010927003927936267,""positive_probability"":1.0,""block_rows"":24,""draws"":500},""300s"":{""mean_mae_reduction"":8.785366512805145e-05,""ci_low"":7.033569704983381e-05,""ci_high"":0.0001042319156253199,""positive_probability"":1.0,""block_rows"":60,""draws"":500}},""comparator_to_candidate"":{""60s"":{""mean_mae_reduction"":2.3287285456411803e-05,""ci_low"":-4.1933965327243056e-06,""ci_high"":4.937737222188519e-05,""positive_probability"":0.94,""block_rows"":12,""draws"":500},""120s"":{""mean_mae_reduction"":2.3287285456411803e-05,""ci_low"":-6.482609888147972e-06,""ci_high"":5.261666147141236e-05,""positive_probability"":0.942,""block_rows"":24,""draws"":500},""300s"":{""mean_mae_reduction"":2.3287285456411803e-05,""ci_low"":-1.2144546667476892e-05,""ci_high"":5.4837116170892395e-05,""positive_probability"":0.912,""block_rows"":60,""draws"":500}}}",,,,,23,near,,term_structure_iv_change,far
0.05605353640308408,0.05848767715381187,-0.026238004790160474,-0.0015876279582289765,-0.0160323702530345,-0.007605768200466878,,,,,,diagnostic_1,,near_to_far_increment,-0.002434140750727787,0.014444742294805524,,,,,,,"{""base_to_candidate"":{""60s"":{""mean_mae_reduction"":-6.99112439190261e-05,""ci_low"":-8.393545317893287e-05,""ci_high"":-5.6516240646464824e-05,""positive_probability"":0.0,""block_rows"":12,""draws"":500},""120s"":{""mean_mae_reduction"":-6.99112439190261e-05,""ci_low"":-8.294231500446866e-05,""ci_high"":-5.728225868952441e-05,""positive_probability"":0.0,""block_rows"":24,""draws"":500},""300s"":{""mean_mae_reduction"":-6.99112439190261e-05,""ci_low"":-8.215255198485276e-05,""ci_high"":-5.671318594562985e-05,""positive_probability"":0.0,""block_rows"":60,""draws"":500}},""base_pca_to_candidate"":{""60s"":{""mean_mae_reduction"":5.419907036164674e-05,""ci_low"":4.243394137801018e-05,""ci_high"":6.639024569276724e-05,""positive_probability"":1.0,""block_rows"":12,""draws"":500},""120s"":{""mean_mae_reduction"":5.419907036164674e-05,""ci_low"":4.0821715432759314e-05,""ci_high"":6.679017573057431e-05,""positive_probability"":1.0,""block_rows"":24,""draws"":500},""300s"":{""mean_mae_reduction"":5.419907036164674e-05,""ci_low"":4.4398972210679994e-05,""ci_high"":6.374899918018152e-05,""positive_probability"":1.0,""block_rows"":60,""draws"":500}},""comparator_to_candidate"":{""60s"":{""mean_mae_reduction"":-9.133300070453408e-06,""ci_low"":-2.4921034084330567e-05,""ci_high"":6.006300542233872e-06,""positive_probability"":0.122,""block_rows"":12,""draws"":500},""120s"":{""mean_mae_reduction"":-9.133300070453408e-06,""ci_low"":-2.63895223066063e-05,""ci_high"":8.083831152772118e-06,""positive_probability"":0.142,""block_rows"":24,""draws"":500},""300s"":{""mean_mae_reduction"":-9.133300070453408e-06,""ci_low"":-2.949101151654185e-05,""ci_high"":9.632080282354565e-06,""positive_probability"":0.178,""block_rows"":60,""draws"":500}}}",,,,,23,near,,atm_iv_convergence,far
,,,,,,12,60,0.08339540861215552,0.025659037786331836,"{""persistent_disagreement"":1451,""source_led_correction"":1067,""target_led_correction"":1087,""both_correct"":872}",diagnostic_2,500,near_to_far_disequilibrium,,,4477,6.31388274465345,100.0,0.001043586302999711,-0.0034017641556159037,-0.002511294785545859,,False,"[0,0,0,0,4477]","[null,null,null,null,5.8587841058858465e-06]",4477,23,near,0.05518787036192723,near_atm_iv_change,far
,,,,,,24,120,0.07917003034129858,0.027747651680855894,"{""persistent_disagreement"":1451,""source_led_correction"":1067,""target_led_correction"":1087,""both_correct"":872}",diagnostic_2,500,near_to_far_disequilibrium,,,4477,6.31388274465345,100.0,0.001043586302999711,-0.0034017641556159037,-0.002511294785545859,,False,"[0,0,0,0,4477]","[null,null,null,null,5.8587841058858465e-06]",4477,23,near,0.05518787036192723,near_atm_iv_change,far
,,,,,,60,300,0.08148872511197877,0.025925102183091412,"{""persistent_disagreement"":1451,""source_led_correction"":1067,""target_led_correction"":1087,""both_correct"":872}",diagnostic_2,500,near_to_far_disequilibrium,,,4477,6.31388274465345,100.0,0.001043586302999711,-0.0034017641556159037,-0.002511294785545859,,False,"[0,0,0,0,4477]","[null,null,null,null,5.8587841058858465e-06]",4477,23,near,0.05518787036192723,near_atm_iv_change,far
,,,,,,12,60,0.06341757674952535,-0.029323824268576656,"{""persistent_disagreement"":1451,""source_led_correction"":1067,""target_led_correction"":1087,""both_correct"":872}",diagnostic_2,500,near_to_far_disequilibrium,,,4477,6.31388274465345,100.0,0.001043586302999711,-0.0034017641556159037,-0.002511294785545859,,False,"[0,0,0,0,4477]","[null,null,null,null,5.200934617786181e-06]",4477,23,near,0.018929469502211273,far_atm_iv_change,far
,,,,,,24,120,0.06085457849953383,-0.026063131934094347,"{""persistent_disagreement"":1451,""source_led_correction"":1067,""target_led_correction"":1087,""both_correct"":872}",diagnostic_2,500,near_to_far_disequilibrium,,,4477,6.31388274465345,100.0,0.001043586302999711,-0.0034017641556159037,-0.002511294785545859,,False,"[0,0,0,0,4477]","[null,null,null,null,5.200934617786181e-06]",4477,23,near,0.018929469502211273,far_atm_iv_change,far
,,,,,,60,300,0.06163157380027652,-0.028374372828698795,"{""persistent_disagreement"":1451,""source_led_correction"":1067,""target_led_correction"":1087,""both_correct"":872}",diagnostic_2,500,near_to_far_disequilibrium,,,4477,6.31388274465345,100.0,0.001043586302999711,-0.0034017641556159037,-0.002511294785545859,,False,"[0,0,0,0,4477]","[null,null,null,null,5.200934617786181e-06]",4477,23,near,0.018929469502211273,far_atm_iv_change,far
,,,,,,12,60,-0.025579840515114298,-0.08323784265214224,"{""persistent_disagreement"":1451,""source_led_correction"":1067,""target_led_correction"":1087,""both_correct"":872}",diagnostic_2,500,near_to_far_disequilibrium,,,4477,6.31388274465345,100.0,0.001043586302999711,-0.0034017641556159037,-0.002511294785545859,,False,"[0,0,0,0,4477]","[null,null,null,null,-6.578494880996646e-07]",4477,23,near,-0.05487649497171933,term_structure_iv_change,far
,,,,,,24,120,-0.02778380399943743,-0.07871552929023175,"{""persistent_disagreement"":1451,""source_led_correction"":1067,""target_led_correction"":1087,""both_correct"":872}",diagnostic_2,500,near_to_far_disequilibrium,,,4477,6.31388274465345,100.0,0.001043586302999711,-0.0034017641556159037,-0.002511294785545859,,False,"[0,0,0,0,4477]","[null,null,null,null,-6.578494880996646e-07]",4477,23,near,-0.05487649497171933,term_structure_iv_change,far
,,,,,,60,300,-0.025942467869078438,-0.08090848777942224,"{""persistent_disagreement"":1451,""source_led_correction"":1067,""target_led_correction"":1087,""both_correct"":872}",diagnostic_2,500,near_to_far_disequilibrium,,,4477,6.31388274465345,100.0,0.001043586302999711,-0.0034017641556159037,-0.002511294785545859,,False,"[0,0,0,0,4477]","[null,null,null,null,-6.578494880996646e-07]",4477,23,near,-0.05487649497171933,term_structure_iv_change,far
,,,,,,12,60,0.003772195195829003,-0.04762280916787311,"{""persistent_disagreement"":1451,""source_led_correction"":1067,""target_led_correction"":1087,""both_correct"":872}",diagnostic_2,500,near_to_far_disequilibrium,,,4477,6.31388274465345,100.0,0.001043586302999711,-0.0034017641556159037,-0.002511294785545859,,False,"[0,0,0,0,4477]","[null,null,null,null,-2.3889953013853165e-07]",4477,23,near,-0.021401724284644954,atm_iv_convergence,far
,,,,,,24,120,0.000484635807907177,-0.04732331927731021,"{""persistent_disagreement"":1451,""source_led_correction"":1067,""target_led_correction"":1087,""both_correct"":872}",diagnostic_2,500,near_to_far_disequilibrium,,,4477,6.31388274465345,100.0,0.001043586302999711,-0.0034017641556159037,-0.002511294785545859,,False,"[0,0,0,0,4477]","[null,null,null,null,-2.3889953013853165e-07]",4477,23,near,-0.021401724284644954,atm_iv_convergence,far
,,,,,,60,300,0.0012352049276082278,-0.045267516619408546,"{""persistent_disagreement"":1451,""source_led_correction"":1067,""target_led_correction"":1087,""both_correct"":872}",diagnostic_2,500,near_to_far_disequilibrium,,,4477,6.31388274465345,100.0,0.001043586302999711,-0.0034017641556159037,-0.002511294785545859,,False,"[0,0,0,0,4477]","[null,null,null,null,-2.3889953013853165e-07]",4477,23,near,-0.021401724284644954,atm_iv_convergence,far
,,,,,,12,60,0.03212967604396947,-0.031153356127942542,"{""persistent_disagreement"":1451,""source_led_correction"":1067,""target_led_correction"":1087,""both_correct"":872}",diagnostic_2,500,near_to_far_disequilibrium,,,4477,6.31388274465345,100.0,0.001043586302999711,-0.0034017641556159037,-0.002511294785545859,,False,"[0,0,0,0,4477]","[null,null,null,null,3.840669921770116e-07]",4477,23,near,0.0019402047228503907,surface_residual_restoration,far
,,,,,,24,120,0.0304635045753691,-0.02821281892865674,"{""persistent_disagreement"":1451,""source_led_correction"":1067,""target_led_correction"":1087,""both_correct"":872}",diagnostic_2,500,near_to_far_disequilibrium,,,4477,6.31388274465345,100.0,0.001043586302999711,-0.0034017641556159037,-0.002511294785545859,,False,"[0,0,0,0,4477]","[null,null,null,null,3.840669921770116e-07]",4477,23,near,0.0019402047228503907,surface_residual_restoration,far
,,,,,,60,300,0.03041160941698002,-0.021856777840980175,"{""persistent_disagreement"":1451,""source_led_correction"":1067,""target_led_correction"":1087,""both_correct"":872}",diagnostic_2,500,near_to_far_disequilibrium,,,4477,6.31388274465345,100.0,0.001043586302999711,-0.0034017641556159037,-0.002511294785545859,,False,"[0,0,0,0,4477]","[null,null,null,null,3.840669921770116e-07]",4477,23,near,0.0019402047228503907,surface_residual_restoration,far
,,,,,,12,60,0.14194536242730155,0.00888850558059833,"{""persistent_disagreement"":1451,""source_led_correction"":1067,""target_led_correction"":1087,""both_correct"":872}",diagnostic_2,500,near_to_far_disequilibrium,,,4477,6.31388274465345,100.0,0.001043586302999711,-0.0034017641556159037,-0.002511294785545859,,False,"[0,0,0,0,4477]","[null,null,null,null,0.0001253889831551262]",4477,23,near,0.07248406611503957,realized_futures_volatility,far
,,,,,,24,120,0.14582676821942092,-0.0068412527488744684,"{""persistent_disagreement"":1451,""source_led_correction"":1067,""target_led_correction"":1087,""both_correct"":872}",diagnostic_2,500,near_to_far_disequilibrium,,,4477,6.31388274465345,100.0,0.001043586302999711,-0.0034017641556159037,-0.002511294785545859,,False,"[0,0,0,0,4477]","[null,null,null,null,0.0001253889831551262]",4477,23,near,0.07248406611503957,realized_futures_volatility,far
,,,,,,60,300,0.1839845428860168,-0.007216047701402155,"{""persistent_disagreement"":1451,""source_led_correction"":1067,""target_led_correction"":1087,""both_correct"":872}",diagnostic_2,500,near_to_far_disequilibrium,,,4477,6.31388274465345,100.0,0.001043586302999711,-0.0034017641556159037,-0.002511294785545859,,False,"[0,0,0,0,4477]","[null,null,null,null,0.0001253889831551262]",4477,23,near,0.07248406611503957,realized_futures_volatility,far
0.1581327445195102,0.15215824470646178,0.11364207522454983,0.0775997261657404,0.053855370294814464,0.12496157780850459,,,,,,diagnostic_2,,near_to_far_increment,0.005974499813048428,0.023744355870925937,,,,,,,"{""base_to_candidate"":{""60s"":{""mean_mae_reduction"":-6.023619813346588e-05,""ci_low"":-8.008801402652786e-05,""ci_high"":-4.093130986302866e-05,""positive_probability"":0.0,""block_rows"":12,""draws"":500},""120s"":{""mean_mae_reduction"":-6.023619813346588e-05,""ci_low"":-8.279761651675247e-05,""ci_high"":-3.5837107108096815e-05,""positive_probability"":0.0,""block_rows"":24,""draws"":500},""300s"":{""mean_mae_reduction"":-6.023619813346588e-05,""ci_low"":-8.397352450555238e-05,""ci_high"":-3.702078145593504e-05,""positive_probability"":0.0,""block_rows"":60,""draws"":500}},""base_pca_to_candidate"":{""60s"":{""mean_mae_reduction"":0.00012635446780320602,""ci_low"":0.000106618977517823,""ci_high"":0.00014310047746840076,""positive_probability"":1.0,""block_rows"":12,""draws"":500},""120s"":{""mean_mae_reduction"":0.00012635446780320602,""ci_low"":0.00010908852679608563,""ci_high"":0.00014258959859155516,""positive_probability"":1.0,""block_rows"":24,""draws"":500},""300s"":{""mean_mae_reduction"":0.00012635446780320602,""ci_low"":0.00011193454382329282,""ci_high"":0.0001420625982320328,""positive_probability"":1.0,""block_rows"":60,""draws"":500}},""comparator_to_candidate"":{""60s"":{""mean_mae_reduction"":3.1793018449173835e-05,""ci_low"":7.847668942478307e-06,""ci_high"":5.2133237899580586e-05,""positive_probability"":0.996,""block_rows"":12,""draws"":500},""120s"":{""mean_mae_reduction"":3.1793018449173835e-05,""ci_low"":7.542585926262095e-06,""ci_high"":5.743696291689883e-05,""positive_probability"":0.994,""block_rows"":24,""draws"":500},""300s"":{""mean_mae_reduction"":3.1793018449173835e-05,""ci_low"":4.800697927234309e-06,""ci_high"":5.9387421980460956e-05,""positive_probability"":0.988,""block_rows"":60,""draws"":500}}}",,,,,23,near,,term_structure_iv_change,far
-0.0012653389898136247,-0.0019230400598899688,-0.02789337602751618,-0.06794030845108545,-0.09078727687843213,-0.018125575157578844,,,,,,diagnostic_2,,near_to_far_increment,0.0006577010700763442,0.02284696842734668,,,,,,,"{""base_to_candidate"":{""60s"":{""mean_mae_reduction"":-3.904396805520756e-05,""ci_low"":-5.118980205095129e-05,""ci_high"":-2.5961363630737027e-05,""positive_probability"":0.0,""block_rows"":12,""draws"":500},""120s"":{""mean_mae_reduction"":-3.904396805520756e-05,""ci_low"":-5.2182698529480145e-05,""ci_high"":-2.5324890482310482e-05,""positive_probability"":0.0,""block_rows"":24,""draws"":500},""300s"":{""mean_mae_reduction"":-3.904396805520756e-05,""ci_low"":-5.3092504353355865e-05,""ci_high"":-2.5153230500540836e-05,""positive_probability"":0.0,""block_rows"":60,""draws"":500}},""base_pca_to_candidate"":{""60s"":{""mean_mae_reduction"":9.132416982220657e-05,""ci_low"":8.036159604431982e-05,""ci_high"":0.00010127703287471302,""positive_probability"":1.0,""block_rows"":12,""draws"":500},""120s"":{""mean_mae_reduction"":9.132416982220657e-05,""ci_low"":8.116679894515785e-05,""ci_high"":0.00010087662063425547,""positive_probability"":1.0,""block_rows"":24,""draws"":500},""300s"":{""mean_mae_reduction"":9.132416982220657e-05,""ci_low"":8.265239316780001e-05,""ci_high"":0.00010119150711206516,""positive_probability"":1.0,""block_rows"":60,""draws"":500}},""comparator_to_candidate"":{""60s"":{""mean_mae_reduction"":2.6289704214768507e-06,""ci_low"":-1.0415948503449254e-05,""ci_high"":1.6365439500611042e-05,""positive_probability"":0.64,""block_rows"":12,""draws"":500},""120s"":{""mean_mae_reduction"":2.6289704214768507e-06,""ci_low"":-1.1666992690405781e-05,""ci_high"":1.8760794976730224e-05,""positive_probability"":0.606,""block_rows"":24,""draws"":500},""300s"":{""mean_mae_reduction"":2.6289704214768507e-06,""ci_low"":-1.3210835278431656e-05,""ci_high"":1.9905753276690993e-05,""positive_probability"":0.61,""block_rows"":60,""draws"":500}}}",,,,,23,near,,atm_iv_convergence,far
,,,,,,12,60,0.15913645861119669,0.07407022365388097,"{""both_correct"":531,""source_led_correction"":541,""persistent_disagreement"":710,""target_led_correction"":560}",diagnostic_1,500,near_to_far_disequilibrium,,,2342,6.42477088184289,100.0,0.005989827840221504,-0.007337992136949881,-0.0077081578173214226,,False,"[0,0,0,0,2342]","[null,null,null,null,-9.013920462508165e-06]",2342,42,near,0.11238203038716779,near_atm_iv_change,far
,,,,,,24,120,0.15734646603535946,0.0779472126712618,"{""both_correct"":531,""source_led_correction"":541,""persistent_disagreement"":710,""target_led_correction"":560}",diagnostic_1,500,near_to_far_disequilibrium,,,2342,6.42477088184289,100.0,0.005989827840221504,-0.007337992136949881,-0.0077081578173214226,,False,"[0,0,0,0,2342]","[null,null,null,null,-9.013920462508165e-06]",2342,42,near,0.11238203038716779,near_atm_iv_change,far
,,,,,,60,300,0.16506816029544852,0.08248607192753943,"{""both_correct"":531,""source_led_correction"":541,""persistent_disagreement"":710,""target_led_correction"":560}",diagnostic_1,500,near_to_far_disequilibrium,,,2342,6.42477088184289,100.0,0.005989827840221504,-0.007337992136949881,-0.0077081578173214226,,False,"[0,0,0,0,2342]","[null,null,null,null,-9.013920462508165e-06]",2342,42,near,0.11238203038716779,near_atm_iv_change,far
,,,,,,12,60,0.05744326565264099,-0.05947510897184726,"{""both_correct"":531,""source_led_correction"":541,""persistent_disagreement"":710,""target_led_correction"":560}",diagnostic_1,500,near_to_far_disequilibrium,,,2342,6.42477088184289,100.0,0.005989827840221504,-0.007337992136949881,-0.0077081578173214226,,False,"[0,0,0,0,2342]","[null,null,null,null,-4.125105250502732e-06]",2342,42,near,-0.004325001049579831,far_atm_iv_change,far
,,,,,,24,120,0.04171014012264254,-0.056389026012594226,"{""both_correct"":531,""source_led_correction"":541,""persistent_disagreement"":710,""target_led_correction"":560}",diagnostic_1,500,near_to_far_disequilibrium,,,2342,6.42477088184289,100.0,0.005989827840221504,-0.007337992136949881,-0.0077081578173214226,,False,"[0,0,0,0,2342]","[null,null,null,null,-4.125105250502732e-06]",2342,42,near,-0.004325001049579831,far_atm_iv_change,far
,,,,,,60,300,0.03855130317241296,-0.04965845014032688,"{""both_correct"":531,""source_led_correction"":541,""persistent_disagreement"":710,""target_led_correction"":560}",diagnostic_1,500,near_to_far_disequilibrium,,,2342,6.42477088184289,100.0,0.005989827840221504,-0.007337992136949881,-0.0077081578173214226,,False,"[0,0,0,0,2342]","[null,null,null,null,-4.125105250502732e-06]",2342,42,near,-0.004325001049579831,far_atm_iv_change,far
,,,,,,12,60,-0.07421928857406529,-0.16020629313765927,"{""both_correct"":531,""source_led_correction"":541,""persistent_disagreement"":710,""target_led_correction"":560}",diagnostic_1,500,near_to_far_disequilibrium,,,2342,6.42477088184289,100.0,0.005989827840221504,-0.007337992136949881,-0.0077081578173214226,,False,"[0,0,0,0,2342]","[null,null,null,null,4.888815212005433e-06]",2342,42,near,-0.1133105205649636,term_structure_iv_change,far
,,,,,,24,120,-0.07830810014205958,-0.159489816930503,"{""both_correct"":531,""source_led_correction"":541,""persistent_disagreement"":710,""target_led_correction"":560}",diagnostic_1,500,near_to_far_disequilibrium,,,2342,6.42477088184289,100.0,0.005989827840221504,-0.007337992136949881,-0.0077081578173214226,,False,"[0,0,0,0,2342]","[null,null,null,null,4.888815212005433e-06]",2342,42,near,-0.1133105205649636,term_structure_iv_change,far
,,,,,,60,300,-0.08255063485268961,-0.16524685106494552,"{""both_correct"":531,""source_led_correction"":541,""persistent_disagreement"":710,""target_led_correction"":560}",diagnostic_1,500,near_to_far_disequilibrium,,,2342,6.42477088184289,100.0,0.005989827840221504,-0.007337992136949881,-0.0077081578173214226,,False,"[0,0,0,0,2342]","[null,null,null,null,4.888815212005433e-06]",2342,42,near,-0.1133105205649636,term_structure_iv_change,far
,,,,,,12,60,0.09157905848950686,0.02374369581562639,"{""both_correct"":531,""source_led_correction"":541,""persistent_disagreement"":710,""target_led_correction"":560}",diagnostic_1,500,near_to_far_disequilibrium,,,2342,6.42477088184289,100.0,0.005989827840221504,-0.007337992136949881,-0.0077081578173214226,,False,"[0,0,0,0,2342]","[null,null,null,null,-9.691442922075828e-06]",2342,42,near,0.05646241187737585,atm_iv_convergence,far
,,,,,,24,120,0.09254139362948795,0.022536695373227597,"{""both_correct"":531,""source_led_correction"":541,""persistent_disagreement"":710,""target_led_correction"":560}",diagnostic_1,500,near_to_far_disequilibrium,,,2342,6.42477088184289,100.0,0.005989827840221504,-0.007337992136949881,-0.0077081578173214226,,False,"[0,0,0,0,2342]","[null,null,null,null,-9.691442922075828e-06]",2342,42,near,0.05646241187737585,atm_iv_convergence,far
,,,,,,60,300,0.0897907676803167,0.02976668366306692,"{""both_correct"":531,""source_led_correction"":541,""persistent_disagreement"":710,""target_led_correction"":560}",diagnostic_1,500,near_to_far_disequilibrium,,,2342,6.42477088184289,100.0,0.005989827840221504,-0.007337992136949881,-0.0077081578173214226,,False,"[0,0,0,0,2342]","[null,null,null,null,-9.691442922075828e-06]",2342,42,near,0.05646241187737585,atm_iv_convergence,far
,,,,,,12,60,0.04786727239575874,-0.05284001590257136,"{""both_correct"":531,""source_led_correction"":541,""persistent_disagreement"":710,""target_led_correction"":560}",diagnostic_1,500,near_to_far_disequilibrium,,,2342,6.42477088184289,100.0,0.005989827840221504,-0.007337992136949881,-0.0077081578173214226,,False,"[0,0,0,0,2342]","[null,null,null,null,2.315736197646593e-06]",2342,42,near,-0.005044141587533201,surface_residual_restoration,far
,,,,,,24,120,0.03678537097495476,-0.05604213741784257,"{""both_correct"":531,""source_led_correction"":541,""persistent_disagreement"":710,""target_led_correction"":560}",diagnostic_1,500,near_to_far_disequilibrium,,,2342,6.42477088184289,100.0,0.005989827840221504,-0.007337992136949881,-0.0077081578173214226,,False,"[0,0,0,0,2342]","[null,null,null,null,2.315736197646593e-06]",2342,42,near,-0.005044141587533201,surface_residual_restoration,far
,,,,,,60,300,0.02783381867544687,-0.04318834077410178,"{""both_correct"":531,""source_led_correction"":541,""persistent_disagreement"":710,""target_led_correction"":560}",diagnostic_1,500,near_to_far_disequilibrium,,,2342,6.42477088184289,100.0,0.005989827840221504,-0.007337992136949881,-0.0077081578173214226,,False,"[0,0,0,0,2342]","[null,null,null,null,2.315736197646593e-06]",2342,42,near,-0.005044141587533201,surface_residual_restoration,far
,,,,,,12,60,0.1398321035907277,-0.03506327483387632,"{""both_correct"":531,""source_led_correction"":541,""persistent_disagreement"":710,""target_led_correction"":560}",diagnostic_1,500,near_to_far_disequilibrium,,,2342,6.42477088184289,100.0,0.005989827840221504,-0.007337992136949881,-0.0077081578173214226,,False,"[0,0,0,0,2342]","[null,null,null,null,0.00011404065644264808]",2342,42,near,0.04733780749813573,realized_futures_volatility,far
,,,,,,24,120,0.15559881246628107,-0.04036412012195535,"{""both_correct"":531,""source_led_correction"":541,""persistent_disagreement"":710,""target_led_correction"":560}",diagnostic_1,500,near_to_far_disequilibrium,,,2342,6.42477088184289,100.0,0.005989827840221504,-0.007337992136949881,-0.0077081578173214226,,False,"[0,0,0,0,2342]","[null,null,null,null,0.00011404065644264808]",2342,42,near,0.04733780749813573,realized_futures_volatility,far
,,,,,,60,300,0.16775601886134847,-0.024823951099708846,"{""both_correct"":531,""source_led_correction"":541,""persistent_disagreement"":710,""target_led_correction"":560}",diagnostic_1,500,near_to_far_disequilibrium,,,2342,6.42477088184289,100.0,0.005989827840221504,-0.007337992136949881,-0.0077081578173214226,,False,"[0,0,0,0,2342]","[null,null,null,null,0.00011404065644264808]",2342,42,near,0.04733780749813573,realized_futures_volatility,far
0.14055898026550395,0.13685822415314208,0.06962362097459285,0.061012039727464495,0.050978489002360794,0.07963345576731307,,,,,,diagnostic_1,,near_to_far_increment,0.0037007561123618693,0.010033550725103701,,,,,,,"{""base_to_candidate"":{""60s"":{""mean_mae_reduction"":-4.56927675505245e-05,""ci_low"":-5.836680703187767e-05,""ci_high"":-3.2840199470192436e-05,""positive_probability"":0.0,""block_rows"":12,""draws"":500},""120s"":{""mean_mae_reduction"":-4.56927675505245e-05,""ci_low"":-5.824824372446786e-05,""ci_high"":-3.327825309434039e-05,""positive_probability"":0.0,""block_rows"":24,""draws"":500},""300s"":{""mean_mae_reduction"":-4.56927675505245e-05,""ci_low"":-5.555446539105531e-05,""ci_high"":-3.391281348358347e-05,""positive_probability"":0.0,""block_rows"":60,""draws"":500}},""base_pca_to_candidate"":{""60s"":{""mean_mae_reduction"":4.5801025739405186e-05,""ci_low"":3.450072715170071e-05,""ci_high"":5.61210438559913e-05,""positive_probability"":1.0,""block_rows"":12,""draws"":500},""120s"":{""mean_mae_reduction"":4.5801025739405186e-05,""ci_low"":3.506023683313283e-05,""ci_high"":5.660601733048694e-05,""positive_probability"":1.0,""block_rows"":24,""draws"":500},""300s"":{""mean_mae_reduction"":4.5801025739405186e-05,""ci_low"":3.693917573044567e-05,""ci_high"":5.423108074992976e-05,""positive_probability"":1.0,""block_rows"":60,""draws"":500}},""comparator_to_candidate"":{""60s"":{""mean_mae_reduction"":1.689316480291033e-05,""ci_low"":2.1088926094184525e-06,""ci_high"":3.153880157483933e-05,""positive_probability"":0.99,""block_rows"":12,""draws"":500},""120s"":{""mean_mae_reduction"":1.689316480291033e-05,""ci_low"":1.1860197647320782e-06,""ci_high"":3.3054893072117146e-05,""positive_probability"":0.98,""block_rows"":24,""draws"":500},""300s"":{""mean_mae_reduction"":1.689316480291033e-05,""ci_low"":-1.882797360891044e-06,""ci_high"":3.49396270189324e-05,""positive_probability"":0.962,""block_rows"":60,""draws"":500}}}",,,,,42,near,,term_structure_iv_change,far
0.05811080528653756,0.05848767715381187,-0.014012402339458108,-0.010874812916312981,-0.0160323702530345,-0.007605768200466878,,,,,,diagnostic_1,,near_to_far_increment,-0.00037687186727430877,0.005157557336721519,,,,,,,"{""base_to_candidate"":{""60s"":{""mean_mae_reduction"":-2.403875454430034e-05,""ci_low"":-2.912434772693511e-05,""ci_high"":-1.8945926352279196e-05,""positive_probability"":0.0,""block_rows"":12,""draws"":500},""120s"":{""mean_mae_reduction"":-2.403875454430034e-05,""ci_low"":-2.898756919998095e-05,""ci_high"":-1.9483486689813176e-05,""positive_probability"":0.0,""block_rows"":24,""draws"":500},""300s"":{""mean_mae_reduction"":-2.403875454430034e-05,""ci_low"":-2.8606849729215827e-05,""ci_high"":-1.9085862657273565e-05,""positive_probability"":0.0,""block_rows"":60,""draws"":500}},""base_pca_to_candidate"":{""60s"":{""mean_mae_reduction"":1.9352011083488094e-05,""ci_low"":1.5501673388150135e-05,""ci_high"":2.344275829571375e-05,""positive_probability"":1.0,""block_rows"":12,""draws"":500},""120s"":{""mean_mae_reduction"":1.9352011083488094e-05,""ci_low"":1.4785373874128178e-05,""ci_high"":2.3547395009799525e-05,""positive_probability"":1.0,""block_rows"":24,""draws"":500},""300s"":{""mean_mae_reduction"":1.9352011083488094e-05,""ci_low"":1.611414611769287e-05,""ci_high"":2.2687583368236504e-05,""positive_probability"":1.0,""block_rows"":60,""draws"":500}},""comparator_to_candidate"":{""60s"":{""mean_mae_reduction"":-1.4140857922438357e-06,""ci_low"":-8.05740819600044e-06,""ci_high"":4.669583877751523e-06,""positive_probability"":0.316,""block_rows"":12,""draws"":500},""120s"":{""mean_mae_reduction"":-1.4140857922438357e-06,""ci_low"":-8.765000333513634e-06,""ci_high"":5.706885084779893e-06,""positive_probability"":0.34,""block_rows"":24,""draws"":500},""300s"":{""mean_mae_reduction"":-1.4140857922438357e-06,""ci_low"":-9.88617035053505e-06,""ci_high"":6.31835233293489e-06,""positive_probability"":0.358,""block_rows"":60,""draws"":500}}}",,,,,42,near,,atm_iv_convergence,far
,,,,,,12,60,0.22864805412161784,0.17066781061965447,"{""persistent_disagreement"":1340,""both_correct"":1025,""source_led_correction"":1011,""target_led_correction"":1101}",diagnostic_2,500,near_to_far_disequilibrium,,,4477,6.42477088184289,100.0,0.0024718614864201955,-0.0053713583145380585,-0.0068244913111314585,,False,"[0,0,0,0,4477]","[null,null,null,null,5.8587841058858465e-06]",4477,42,near,0.1993204022905924,near_atm_iv_change,far
,,,,,,24,120,0.23042117634738712,0.17506566174073748,"{""persistent_disagreement"":1340,""both_correct"":1025,""source_led_correction"":1011,""target_led_correction"":1101}",diagnostic_2,500,near_to_far_disequilibrium,,,4477,6.42477088184289,100.0,0.0024718614864201955,-0.0053713583145380585,-0.0068244913111314585,,False,"[0,0,0,0,4477]","[null,null,null,null,5.8587841058858465e-06]",4477,42,near,0.1993204022905924,near_atm_iv_change,far
,,,,,,60,300,0.2311727878695188,0.1692682200599445,"{""persistent_disagreement"":1340,""both_correct"":1025,""source_led_correction"":1011,""target_led_correction"":1101}",diagnostic_2,500,near_to_far_disequilibrium,,,4477,6.42477088184289,100.0,0.0024718614864201955,-0.0053713583145380585,-0.0068244913111314585,,False,"[0,0,0,0,4477]","[null,null,null,null,5.8587841058858465e-06]",4477,42,near,0.1993204022905924,near_atm_iv_change,far
,,,,,,12,60,0.05192102723575125,-0.034457542416777995,"{""persistent_disagreement"":1340,""both_correct"":1025,""source_led_correction"":1011,""target_led_correction"":1101}",diagnostic_2,500,near_to_far_disequilibrium,,,4477,6.42477088184289,100.0,0.0024718614864201955,-0.0053713583145380585,-0.0068244913111314585,,False,"[0,0,0,0,4477]","[null,null,null,null,5.200934617786181e-06]",4477,42,near,0.0066789032400859085,far_atm_iv_change,far
,,,,,,24,120,0.048064742031544684,-0.03590381311756363,"{""persistent_disagreement"":1340,""both_correct"":1025,""source_led_correction"":1011,""target_led_correction"":1101}",diagnostic_2,500,near_to_far_disequilibrium,,,4477,6.42477088184289,100.0,0.0024718614864201955,-0.0053713583145380585,-0.0068244913111314585,,False,"[0,0,0,0,4477]","[null,null,null,null,5.200934617786181e-06]",4477,42,near,0.0066789032400859085,far_atm_iv_change,far
,,,,,,60,300,0.04840755764297719,-0.03647204475584055,"{""persistent_disagreement"":1340,""both_correct"":1025,""source_led_correction"":1011,""target_led_correction"":1101}",diagnostic_2,500,near_to_far_disequilibrium,,,4477,6.42477088184289,100.0,0.0024718614864201955,-0.0053713583145380585,-0.0068244913111314585,,False,"[0,0,0,0,4477]","[null,null,null,null,5.200934617786181e-06]",4477,42,near,0.0066789032400859085,far_atm_iv_change,far
,,,,,,12,60,-0.1713559277957333,-0.22807788678433624,"{""persistent_disagreement"":1340,""both_correct"":1025,""source_led_correction"":1011,""target_led_correction"":1101}",diagnostic_2,500,near_to_far_disequilibrium,,,4477,6.42477088184289,100.0,0.0024718614864201955,-0.0053713583145380585,-0.0068244913111314585,,False,"[0,0,0,0,4477]","[null,null,null,null,-6.578494880996646e-07]",4477,42,near,-0.19911945060000352,term_structure_iv_change,far
,,,,,,24,120,-0.17481544719202502,-0.2308644738951286,"{""persistent_disagreement"":1340,""both_correct"":1025,""source_led_correction"":1011,""target_led_correction"":1101}",diagnostic_2,500,near_to_far_disequilibrium,,,4477,6.42477088184289,100.0,0.0024718614864201955,-0.0053713583145380585,-0.0068244913111314585,,False,"[0,0,0,0,4477]","[null,null,null,null,-6.578494880996646e-07]",4477,42,near,-0.19911945060000352,term_structure_iv_change,far
,,,,,,60,300,-0.16847560237185308,-0.2307028160938218,"{""persistent_disagreement"":1340,""both_correct"":1025,""source_led_correction"":1011,""target_led_correction"":1101}",diagnostic_2,500,near_to_far_disequilibrium,,,4477,6.42477088184289,100.0,0.0024718614864201955,-0.0053713583145380585,-0.0068244913111314585,,False,"[0,0,0,0,4477]","[null,null,null,null,-6.578494880996646e-07]",4477,42,near,-0.19911945060000352,term_structure_iv_change,far
,,,,,,12,60,0.07620770357298327,0.023893574366603835,"{""persistent_disagreement"":1340,""both_correct"":1025,""source_led_correction"":1011,""target_led_correction"":1101}",diagnostic_2,500,near_to_far_disequilibrium,,,4477,6.42477088184289,100.0,0.0024718614864201955,-0.0053713583145380585,-0.0068244913111314585,,False,"[0,0,0,0,4477]","[null,null,null,null,-2.3889953013853165e-07]",4477,42,near,0.05115907072125268,atm_iv_convergence,far
,,,,,,24,120,0.07319170515757056,0.028103219852697866,"{""persistent_disagreement"":1340,""both_correct"":1025,""source_led_correction"":1011,""target_led_correction"":1101}",diagnostic_2,500,near_to_far_disequilibrium,,,4477,6.42477088184289,100.0,0.0024718614864201955,-0.0053713583145380585,-0.0068244913111314585,,False,"[0,0,0,0,4477]","[null,null,null,null,-2.3889953013853165e-07]",4477,42,near,0.05115907072125268,atm_iv_convergence,far
,,,,,,60,300,0.07470925708092982,0.0262330815466074,"{""persistent_disagreement"":1340,""both_correct"":1025,""source_led_correction"":1011,""target_led_correction"":1101}",diagnostic_2,500,near_to_far_disequilibrium,,,4477,6.42477088184289,100.0,0.0024718614864201955,-0.0053713583145380585,-0.0068244913111314585,,False,"[0,0,0,0,4477]","[null,null,null,null,-2.3889953013853165e-07]",4477,42,near,0.05115907072125268,atm_iv_convergence,far
,,,,,,12,60,0.057387375365167095,-0.0001121481311853426,"{""persistent_disagreement"":1340,""both_correct"":1025,""source_led_correction"":1011,""target_led_correction"":1101}",diagnostic_2,500,near_to_far_disequilibrium,,,4477,6.42477088184289,100.0,0.0024718614864201955,-0.0053713583145380585,-0.0068244913111314585,,False,"[0,0,0,0,4477]","[null,null,null,null,3.840669921770116e-07]",4477,42,near,0.028093194848105817,surface_residual_restoration,far
,,,,,,24,120,0.0544108514976331,-0.0013260729007288613,"{""persistent_disagreement"":1340,""both_correct"":1025,""source_led_correction"":1011,""target_led_correction"":1101}",diagnostic_2,500,near_to_far_disequilibrium,,,4477,6.42477088184289,100.0,0.0024718614864201955,-0.0053713583145380585,-0.0068244913111314585,,False,"[0,0,0,0,4477]","[null,null,null,null,3.840669921770116e-07]",4477,42,near,0.028093194848105817,surface_residual_restoration,far
,,,,,,60,300,0.05810942099080361,-0.001436281095387061,"{""persistent_disagreement"":1340,""both_correct"":1025,""source_led_correction"":1011,""target_led_correction"":1101}",diagnostic_2,500,near_to_far_disequilibrium,,,4477,6.42477088184289,100.0,0.0024718614864201955,-0.0053713583145380585,-0.0068244913111314585,,False,"[0,0,0,0,4477]","[null,null,null,null,3.840669921770116e-07]",4477,42,near,0.028093194848105817,surface_residual_restoration,far
,,,,,,12,60,0.15615279401202367,0.021097751581681718,"{""persistent_disagreement"":1340,""both_correct"":1025,""source_led_correction"":1011,""target_led_correction"":1101}",diagnostic_2,500,near_to_far_disequilibrium,,,4477,6.42477088184289,100.0,0.0024718614864201955,-0.0053713583145380585,-0.0068244913111314585,,False,"[0,0,0,0,4477]","[null,null,null,null,0.0001253889831551262]",4477,42,near,0.08662346552401082,realized_futures_volatility,far
,,,,,,24,120,0.15665631046405093,0.0017551074162979222,"{""persistent_disagreement"":1340,""both_correct"":1025,""source_led_correction"":1011,""target_led_correction"":1101}",diagnostic_2,500,near_to_far_disequilibrium,,,4477,6.42477088184289,100.0,0.0024718614864201955,-0.0053713583145380585,-0.0068244913111314585,,False,"[0,0,0,0,4477]","[null,null,null,null,0.0001253889831551262]",4477,42,near,0.08662346552401082,realized_futures_volatility,far
,,,,,,60,300,0.17554270884614734,0.004040903123140023,"{""persistent_disagreement"":1340,""both_correct"":1025,""source_led_correction"":1011,""target_led_correction"":1101}",diagnostic_2,500,near_to_far_disequilibrium,,,4477,6.42477088184289,100.0,0.0024718614864201955,-0.0053713583145380585,-0.0068244913111314585,,False,"[0,0,0,0,4477]","[null,null,null,null,0.0001253889831551262]",4477,42,near,0.08662346552401082,realized_futures_volatility,far
0.15671942554970908,0.15215824470646178,0.12010094832313234,0.06659799266979616,0.053855370294814464,0.12496157780850459,,,,,,diagnostic_2,,near_to_far_increment,0.004561180843247303,0.012742622374981694,,,,,,,"{""base_to_candidate"":{""60s"":{""mean_mae_reduction"":-2.5865610132838984e-05,""ci_low"":-3.697355444452616e-05,""ci_high"":-1.519225630772572e-05,""positive_probability"":0.0,""block_rows"":12,""draws"":500},""120s"":{""mean_mae_reduction"":-2.5865610132838984e-05,""ci_low"":-3.750922034333073e-05,""ci_high"":-1.2916629314191315e-05,""positive_probability"":0.0,""block_rows"":24,""draws"":500},""300s"":{""mean_mae_reduction"":-2.5865610132838984e-05,""ci_low"":-3.8702786443460644e-05,""ci_high"":-1.367511684763072e-05,""positive_probability"":0.0,""block_rows"":60,""draws"":500}},""base_pca_to_candidate"":{""60s"":{""mean_mae_reduction"":6.780926285642093e-05,""ci_low"":5.8117667403214446e-05,""ci_high"":7.632636936854668e-05,""positive_probability"":1.0,""block_rows"":12,""draws"":500},""120s"":{""mean_mae_reduction"":6.780926285642093e-05,""ci_low"":5.906839294113506e-05,""ci_high"":7.58236026572228e-05,""positive_probability"":1.0,""block_rows"":24,""draws"":500},""300s"":{""mean_mae_reduction"":6.780926285642093e-05,""ci_low"":6.0133276101712296e-05,""ci_high"":7.570140601806242e-05,""positive_probability"":1.0,""block_rows"":60,""draws"":500}},""comparator_to_candidate"":{""60s"":{""mean_mae_reduction"":2.4272108333263893e-05,""ci_low"":1.0741963325263566e-05,""ci_high"":3.6259781557143866e-05,""positive_probability"":1.0,""block_rows"":12,""draws"":500},""120s"":{""mean_mae_reduction"":2.4272108333263893e-05,""ci_low"":1.1010880476132394e-05,""ci_high"":3.804964517598862e-05,""positive_probability"":1.0,""block_rows"":24,""draws"":500},""300s"":{""mean_mae_reduction"":2.4272108333263893e-05,""ci_low"":9.225156810429012e-06,""ci_high"":3.869939100541564e-05,""positive_probability"":1.0,""block_rows"":60,""draws"":500}}}",,,,,42,near,,term_structure_iv_change,far
-0.0009172437193463168,-0.0019230400598899688,-0.021169155617706492,-0.0824503895388029,-0.09078727687843213,-0.018125575157578844,,,,,,diagnostic_2,,near_to_far_increment,0.001005796340543652,0.008336887339629229,,,,,,,"{""base_to_candidate"":{""60s"":{""mean_mae_reduction"":-1.2165835467062094e-05,""ci_low"":-1.6694581123051047e-05,""ci_high"":-7.237345877874707e-06,""positive_probability"":0.0,""block_rows"":12,""draws"":500},""120s"":{""mean_mae_reduction"":-1.2165835467062094e-05,""ci_low"":-1.6845057698534385e-05,""ci_high"":-6.8136581187240035e-06,""positive_probability"":0.0,""block_rows"":24,""draws"":500},""300s"":{""mean_mae_reduction"":-1.2165835467062094e-05,""ci_low"":-1.7460146106894567e-05,""ci_high"":-7.154638036374169e-06,""positive_probability"":0.0,""block_rows"":60,""draws"":500}},""base_pca_to_candidate"":{""60s"":{""mean_mae_reduction"":3.33243037304505e-05,""ci_low"":2.96357895125054e-05,""ci_high"":3.6826670051505155e-05,""positive_probability"":1.0,""block_rows"":12,""draws"":500},""120s"":{""mean_mae_reduction"":3.33243037304505e-05,""ci_low"":3.0056125701146298e-05,""ci_high"":3.645731883594084e-05,""positive_probability"":1.0,""block_rows"":24,""draws"":500},""300s"":{""mean_mae_reduction"":3.33243037304505e-05,""ci_low"":3.0310567989094288e-05,""ci_high"":3.654419728327613e-05,""positive_probability"":1.0,""block_rows"":60,""draws"":500}},""comparator_to_candidate"":{""60s"":{""mean_mae_reduction"":4.020380914099996e-06,""ci_low"":-1.785545281978156e-06,""ci_high"":9.915849438350733e-06,""positive_probability"":0.912,""block_rows"":12,""draws"":500},""120s"":{""mean_mae_reduction"":4.020380914099996e-06,""ci_low"":-1.972395883988229e-06,""ci_high"":1.0536465991558527e-05,""positive_probability"":0.908,""block_rows"":24,""draws"":500},""300s"":{""mean_mae_reduction"":4.020380914099996e-06,""ci_low"":-2.5565722470293446e-06,""ci_high"":1.0912917568709945e-05,""positive_probability"":0.874,""block_rows"":60,""draws"":500}}}",,,,,42,near,,atm_iv_convergence,far
,,,,,,12,60,0.2392365976298368,0.1475664160671465,"{""target_led_correction"":562,""persistent_disagreement"":701,""source_led_correction"":575,""both_correct"":504}",diagnostic_1,500,near_to_far_disequilibrium,,,2342,6.512305128962016,100.0,0.002720949448003525,-0.011974905841890973,-0.004811515748533373,,False,"[0,0,0,0,2342]","[null,null,null,null,-9.013920462508165e-06]",2342,101,near,0.19328900914034353,near_atm_iv_change,far
,,,,,,24,120,0.23790640550501213,0.1531370290824539,"{""target_led_correction"":562,""persistent_disagreement"":701,""source_led_correction"":575,""both_correct"":504}",diagnostic_1,500,near_to_far_disequilibrium,,,2342,6.512305128962016,100.0,0.002720949448003525,-0.011974905841890973,-0.004811515748533373,,False,"[0,0,0,0,2342]","[null,null,null,null,-9.013920462508165e-06]",2342,101,near,0.19328900914034353,near_atm_iv_change,far
,,,,,,60,300,0.2587337286651546,0.15351380139866685,"{""target_led_correction"":562,""persistent_disagreement"":701,""source_led_correction"":575,""both_correct"":504}",diagnostic_1,500,near_to_far_disequilibrium,,,2342,6.512305128962016,100.0,0.002720949448003525,-0.011974905841890973,-0.004811515748533373,,False,"[0,0,0,0,2342]","[null,null,null,null,-9.013920462508165e-06]",2342,101,near,0.19328900914034353,near_atm_iv_change,far
,,,,,,12,60,0.06622941380403122,-0.04309042093793716,"{""target_led_correction"":562,""persistent_disagreement"":701,""source_led_correction"":575,""both_correct"":504}",diagnostic_1,500,near_to_far_disequilibrium,,,2342,6.512305128962016,100.0,0.002720949448003525,-0.011974905841890973,-0.004811515748533373,,False,"[0,0,0,0,2342]","[null,null,null,null,-4.125105250502732e-06]",2342,101,near,0.013918821503178436,far_atm_iv_change,far
,,,,,,24,120,0.06667525144946908,-0.03888530879612825,"{""target_led_correction"":562,""persistent_disagreement"":701,""source_led_correction"":575,""both_correct"":504}",diagnostic_1,500,near_to_far_disequilibrium,,,2342,6.512305128962016,100.0,0.002720949448003525,-0.011974905841890973,-0.004811515748533373,,False,"[0,0,0,0,2342]","[null,null,null,null,-4.125105250502732e-06]",2342,101,near,0.013918821503178436,far_atm_iv_change,far
,,,,,,60,300,0.05687370914553841,-0.03868073741942726,"{""target_led_correction"":562,""persistent_disagreement"":701,""source_led_correction"":575,""both_correct"":504}",diagnostic_1,500,near_to_far_disequilibrium,,,2342,6.512305128962016,100.0,0.002720949448003525,-0.011974905841890973,-0.004811515748533373,,False,"[0,0,0,0,2342]","[null,null,null,null,-4.125105250502732e-06]",2342,101,near,0.013918821503178436,far_atm_iv_change,far
,,,,,,12,60,-0.14690265481020154,-0.23881936081943628,"{""target_led_correction"":562,""persistent_disagreement"":701,""source_led_correction"":575,""both_correct"":504}",diagnostic_1,500,near_to_far_disequilibrium,,,2342,6.512305128962016,100.0,0.002720949448003525,-0.011974905841890973,-0.004811515748533373,,False,"[0,0,0,0,2342]","[null,null,null,null,4.888815212005433e-06]",2342,101,near,-0.19335330536875459,term_structure_iv_change,far
,,,,,,24,120,-0.1511932591644047,-0.23820956534473803,"{""target_led_correction"":562,""persistent_disagreement"":701,""source_led_correction"":575,""both_correct"":504}",diagnostic_1,500,near_to_far_disequilibrium,,,2342,6.512305128962016,100.0,0.002720949448003525,-0.011974905841890973,-0.004811515748533373,,False,"[0,0,0,0,2342]","[null,null,null,null,4.888815212005433e-06]",2342,101,near,-0.19335330536875459,term_structure_iv_change,far
,,,,,,60,300,-0.15426648628628703,-0.25870135953878953,"{""target_led_correction"":562,""persistent_disagreement"":701,""source_led_correction"":575,""both_correct"":504}",diagnostic_1,500,near_to_far_disequilibrium,,,2342,6.512305128962016,100.0,0.002720949448003525,-0.011974905841890973,-0.004811515748533373,,False,"[0,0,0,0,2342]","[null,null,null,null,4.888815212005433e-06]",2342,101,near,-0.19335330536875459,term_structure_iv_change,far
,,,,,,12,60,0.16338595156918032,0.07436176608714591,"{""target_led_correction"":562,""persistent_disagreement"":701,""source_led_correction"":575,""both_correct"":504}",diagnostic_1,500,near_to_far_disequilibrium,,,2342,6.512305128962016,100.0,0.002720949448003525,-0.011974905841890973,-0.004811515748533373,,False,"[0,0,0,0,2342]","[null,null,null,null,-9.691442922075828e-06]",2342,101,near,0.11652040051069698,atm_iv_convergence,far
,,,,,,24,120,0.15518210268782914,0.07377702881097314,"{""target_led_correction"":562,""persistent_disagreement"":701,""source_led_correction"":575,""both_correct"":504}",diagnostic_1,500,near_to_far_disequilibrium,,,2342,6.512305128962016,100.0,0.002720949448003525,-0.011974905841890973,-0.004811515748533373,,False,"[0,0,0,0,2342]","[null,null,null,null,-9.691442922075828e-06]",2342,101,near,0.11652040051069698,atm_iv_convergence,far
,,,,,,60,300,0.17066373019398934,0.07704471523538267,"{""target_led_correction"":562,""persistent_disagreement"":701,""source_led_correction"":575,""both_correct"":504}",diagnostic_1,500,near_to_far_disequilibrium,,,2342,6.512305128962016,100.0,0.002720949448003525,-0.011974905841890973,-0.004811515748533373,,False,"[0,0,0,0,2342]","[null,null,null,null,-9.691442922075828e-06]",2342,101,near,0.11652040051069698,atm_iv_convergence,far
,,,,,,12,60,0.09201045427205136,-0.023333983305839686,"{""target_led_correction"":562,""persistent_disagreement"":701,""source_led_correction"":575,""both_correct"":504}",diagnostic_1,500,near_to_far_disequilibrium,,,2342,6.512305128962016,100.0,0.002720949448003525,-0.011974905841890973,-0.004811515748533373,,False,"[0,0,0,0,2342]","[null,null,null,null,2.315736197646593e-06]",2342,101,near,0.03291424918291628,surface_residual_restoration,far
,,,,,,24,120,0.076220661767897,-0.017386367957707805,"{""target_led_correction"":562,""persistent_disagreement"":701,""source_led_correction"":575,""both_correct"":504}",diagnostic_1,500,near_to_far_disequilibrium,,,2342,6.512305128962016,100.0,0.002720949448003525,-0.011974905841890973,-0.004811515748533373,,False,"[0,0,0,0,2342]","[null,null,null,null,2.315736197646593e-06]",2342,101,near,0.03291424918291628,surface_residual_restoration,far
,,,,,,60,300,0.07907396761071407,-0.018089371346072844,"{""target_led_correction"":562,""persistent_disagreement"":701,""source_led_correction"":575,""both_correct"":504}",diagnostic_1,500,near_to_far_disequilibrium,,,2342,6.512305128962016,100.0,0.002720949448003525,-0.011974905841890973,-0.004811515748533373,,False,"[0,0,0,0,2342]","[null,null,null,null,2.315736197646593e-06]",2342,101,near,0.03291424918291628,surface_residual_restoration,far
,,,,,,12,60,0.12308166773781913,-0.062214070940832,"{""target_led_correction"":562,""persistent_disagreement"":701,""source_led_correction"":575,""both_correct"":504}",diagnostic_1,500,near_to_far_disequilibrium,,,2342,6.512305128962016,100.0,0.002720949448003525,-0.011974905841890973,-0.004811515748533373,,False,"[0,0,0,0,2342]","[null,null,null,null,0.00011404065644264808]",2342,101,near,0.02389873248825624,realized_futures_volatility,far
,,,,,,24,120,0.13128972919298265,-0.04977856753391673,"{""target_led_correction"":562,""persistent_disagreement"":701,""source_led_correction"":575,""both_correct"":504}",diagnostic_1,500,near_to_far_disequilibrium,,,2342,6.512305128962016,100.0,0.002720949448003525,-0.011974905841890973,-0.004811515748533373,,False,"[0,0,0,0,2342]","[null,null,null,null,0.00011404065644264808]",2342,101,near,0.02389873248825624,realized_futures_volatility,far
,,,,,,60,300,0.1431609817797248,-0.049150669688905996,"{""target_led_correction"":562,""persistent_disagreement"":701,""source_led_correction"":575,""both_correct"":504}",diagnostic_1,500,near_to_far_disequilibrium,,,2342,6.512305128962016,100.0,0.002720949448003525,-0.011974905841890973,-0.004811515748533373,,False,"[0,0,0,0,2342]","[null,null,null,null,0.00011404065644264808]",2342,101,near,0.02389873248825624,realized_futures_volatility,far
0.1413951711790412,0.13685822415314208,0.06729154258070913,0.0632662130736047,0.050978489002360794,0.07963345576731307,,,,,,diagnostic_1,,near_to_far_increment,0.00453694702589913,0.0122877240712439,,,,,,,"{""base_to_candidate"":{""60s"":{""mean_mae_reduction"":-5.633820957508504e-05,""ci_low"":-7.175975958179034e-05,""ci_high"":-4.130637249721793e-05,""positive_probability"":0.0,""block_rows"":12,""draws"":500},""120s"":{""mean_mae_reduction"":-5.633820957508504e-05,""ci_low"":-7.073566930184747e-05,""ci_high"":-4.2096209497243695e-05,""positive_probability"":0.0,""block_rows"":24,""draws"":500},""300s"":{""mean_mae_reduction"":-5.633820957508504e-05,""ci_low"":-6.764726944499606e-05,""ci_high"":-4.325849144056547e-05,""positive_probability"":0.0,""block_rows"":60,""draws"":500}},""base_pca_to_candidate"":{""60s"":{""mean_mae_reduction"":5.6090847785087344e-05,""ci_low"":4.256163790565278e-05,""ci_high"":6.8392451497621e-05,""positive_probability"":1.0,""block_rows"":12,""draws"":500},""120s"":{""mean_mae_reduction"":5.6090847785087344e-05,""ci_low"":4.315257583875085e-05,""ci_high"":6.898673923985805e-05,""positive_probability"":1.0,""block_rows"":24,""draws"":500},""300s"":{""mean_mae_reduction"":5.6090847785087344e-05,""ci_low"":4.555308906562941e-05,""ci_high"":6.619581046221938e-05,""positive_probability"":1.0,""block_rows"":60,""draws"":500}},""comparator_to_candidate"":{""60s"":{""mean_mae_reduction"":2.0710198533367907e-05,""ci_low"":4.64294145807083e-06,""ci_high"":3.690820384992019e-05,""positive_probability"":0.994,""block_rows"":12,""draws"":500},""120s"":{""mean_mae_reduction"":2.0710198533367907e-05,""ci_low"":3.531890066898127e-06,""ci_high"":3.845169262119441e-05,""positive_probability"":0.992,""block_rows"":24,""draws"":500},""300s"":{""mean_mae_reduction"":2.0710198533367907e-05,""ci_low"":6.245140962421191e-08,""ci_high"":4.011940788154329e-05,""positive_probability"":0.974,""block_rows"":60,""draws"":500}}}",,,,,101,near,,term_structure_iv_change,far
0.058221819370200545,0.05848767715381187,-0.01668130461894335,-0.00887318068649745,-0.0160323702530345,-0.007605768200466878,,,,,,diagnostic_1,,near_to_far_increment,-0.00026585778361132295,0.00715918956653705,,,,,,,"{""base_to_candidate"":{""60s"":{""mean_mae_reduction"":-3.4052918832035304e-05,""ci_low"":-4.101618198866301e-05,""ci_high"":-2.725197329461758e-05,""positive_probability"":0.0,""block_rows"":12,""draws"":500},""120s"":{""mean_mae_reduction"":-3.4052918832035304e-05,""ci_low"":-4.040562518061052e-05,""ci_high"":-2.7925781472594997e-05,""positive_probability"":0.0,""block_rows"":24,""draws"":500},""300s"":{""mean_mae_reduction"":-3.4052918832035304e-05,""ci_low"":-3.976613373225962e-05,""ci_high"":-2.7356163994555773e-05,""positive_probability"":0.0,""block_rows"":60,""draws"":500}},""base_pca_to_candidate"":{""60s"":{""mean_mae_reduction"":2.686246740370366e-05,""ci_low"":2.157953481847076e-05,""ci_high"":3.247417822613841e-05,""positive_probability"":1.0,""block_rows"":12,""draws"":500},""120s"":{""mean_mae_reduction"":2.686246740370366e-05,""ci_low"":2.0705206782999526e-05,""ci_high"":3.263806785763822e-05,""positive_probability"":1.0,""block_rows"":24,""draws"":500},""300s"":{""mean_mae_reduction"":2.686246740370366e-05,""ci_low"":2.2405842876419288e-05,""ci_high"":3.1410754235467775e-05,""positive_probability"":1.0,""block_rows"":60,""draws"":500}},""comparator_to_candidate"":{""60s"":{""mean_mae_reduction"":-9.975425262739619e-07,""ci_low"":-8.894700814806303e-06,""ci_high"":6.344367969730228e-06,""positive_probability"":0.392,""block_rows"":12,""draws"":500},""120s"":{""mean_mae_reduction"":-9.975425262739619e-07,""ci_low"":-9.796504151416476e-06,""ci_high"":7.3732025681457955e-06,""positive_probability"":0.412,""block_rows"":24,""draws"":500},""300s"":{""mean_mae_reduction"":-9.975425262739619e-07,""ci_low"":-1.1307577091949816e-05,""ci_high"":8.151667978824486e-06,""positive_probability"":0.436,""block_rows"":60,""draws"":500}}}",,,,,101,near,,atm_iv_convergence,far
,,,,,,12,60,0.40822468526570366,0.3506167337339895,"{""persistent_disagreement"":1262,""target_led_correction"":1160,""source_led_correction"":1066,""both_correct"":989}",diagnostic_2,500,near_to_far_disequilibrium,,,4477,6.512305128962016,100.0,0.0005401711881452739,-0.008320866589945387,-0.006160625337431282,,False,"[0,0,0,0,4477]","[null,null,null,null,5.8587841058858465e-06]",4477,101,near,0.37871771925846903,near_atm_iv_change,far
,,,,,,24,120,0.4102147035804786,0.34272382628074033,"{""persistent_disagreement"":1262,""target_led_correction"":1160,""source_led_correction"":1066,""both_correct"":989}",diagnostic_2,500,near_to_far_disequilibrium,,,4477,6.512305128962016,100.0,0.0005401711881452739,-0.008320866589945387,-0.006160625337431282,,False,"[0,0,0,0,4477]","[null,null,null,null,5.8587841058858465e-06]",4477,101,near,0.37871771925846903,near_atm_iv_change,far
,,,,,,60,300,0.4169954678013799,0.3371781763860001,"{""persistent_disagreement"":1262,""target_led_correction"":1160,""source_led_correction"":1066,""both_correct"":989}",diagnostic_2,500,near_to_far_disequilibrium,,,4477,6.512305128962016,100.0,0.0005401711881452739,-0.008320866589945387,-0.006160625337431282,,False,"[0,0,0,0,4477]","[null,null,null,null,5.8587841058858465e-06]",4477,101,near,0.37871771925846903,near_atm_iv_change,far
,,,,,,12,60,0.060883945829525846,-0.015945938530621703,"{""persistent_disagreement"":1262,""target_led_correction"":1160,""source_led_correction"":1066,""both_correct"":989}",diagnostic_2,500,near_to_far_disequilibrium,,,4477,6.512305128962016,100.0,0.0005401711881452739,-0.008320866589945387,-0.006160625337431282,,False,"[0,0,0,0,4477]","[null,null,null,null,5.200934617786181e-06]",4477,101,near,0.023241883713368244,far_atm_iv_change,far
,,,,,,24,120,0.06305443240366981,-0.02111442748401735,"{""persistent_disagreement"":1262,""target_led_correction"":1160,""source_led_correction"":1066,""both_correct"":989}",diagnostic_2,500,near_to_far_disequilibrium,,,4477,6.512305128962016,100.0,0.0005401711881452739,-0.008320866589945387,-0.006160625337431282,,False,"[0,0,0,0,4477]","[null,null,null,null,5.200934617786181e-06]",4477,101,near,0.023241883713368244,far_atm_iv_change,far
,,,,,,60,300,0.05581398084019196,-0.022012003701451892,"{""persistent_disagreement"":1262,""target_led_correction"":1160,""source_led_correction"":1066,""both_correct"":989}",diagnostic_2,500,near_to_far_disequilibrium,,,4477,6.512305128962016,100.0,0.0005401711881452739,-0.008320866589945387,-0.006160625337431282,,False,"[0,0,0,0,4477]","[null,null,null,null,5.200934617786181e-06]",4477,101,near,0.023241883713368244,far_atm_iv_change,far
,,,,,,12,60,-0.34999286927387996,-0.4077953104222384,"{""persistent_disagreement"":1262,""target_led_correction"":1160,""source_led_correction"":1066,""both_correct"":989}",diagnostic_2,500,near_to_far_disequilibrium,,,4477,6.512305128962016,100.0,0.0005401711881452739,-0.008320866589945387,-0.006160625337431282,,False,"[0,0,0,0,4477]","[null,null,null,null,-6.578494880996646e-07]",4477,101,near,-0.37787486390416325,term_structure_iv_change,far
,,,,,,24,120,-0.3417845598716392,-0.40914751111717046,"{""persistent_disagreement"":1262,""target_led_correction"":1160,""source_led_correction"":1066,""both_correct"":989}",diagnostic_2,500,near_to_far_disequilibrium,,,4477,6.512305128962016,100.0,0.0005401711881452739,-0.008320866589945387,-0.006160625337431282,,False,"[0,0,0,0,4477]","[null,null,null,null,-6.578494880996646e-07]",4477,101,near,-0.37787486390416325,term_structure_iv_change,far
,,,,,,60,300,-0.33575066150453536,-0.41581756876575093,"{""persistent_disagreement"":1262,""target_led_correction"":1160,""source_led_correction"":1066,""both_correct"":989}",diagnostic_2,500,near_to_far_disequilibrium,,,4477,6.512305128962016,100.0,0.0005401711881452739,-0.008320866589945387,-0.006160625337431282,,False,"[0,0,0,0,4477]","[null,null,null,null,-6.578494880996646e-07]",4477,101,near,-0.37787486390416325,term_structure_iv_change,far
,,,,,,12,60,0.27343087129973537,0.2142757680354228,"{""persistent_disagreement"":1262,""target_led_correction"":1160,""source_led_correction"":1066,""both_correct"":989}",diagnostic_2,500,near_to_far_disequilibrium,,,4477,6.512305128962016,100.0,0.0005401711881452739,-0.008320866589945387,-0.006160625337431282,,False,"[0,0,0,0,4477]","[null,null,null,null,-2.3889953013853165e-07]",4477,101,near,0.24431629004419114,atm_iv_convergence,far
,,,,,,24,120,0.27087946208551605,0.2111732050871828,"{""persistent_disagreement"":1262,""target_led_correction"":1160,""source_led_correction"":1066,""both_correct"":989}",diagnostic_2,500,near_to_far_disequilibrium,,,4477,6.512305128962016,100.0,0.0005401711881452739,-0.008320866589945387,-0.006160625337431282,,False,"[0,0,0,0,4477]","[null,null,null,null,-2.3889953013853165e-07]",4477,101,near,0.24431629004419114,atm_iv_convergence,far
,,,,,,60,300,0.28372414843779914,0.2037455575339096,"{""persistent_disagreement"":1262,""target_led_correction"":1160,""source_led_correction"":1066,""both_correct"":989}",diagnostic_2,500,near_to_far_disequilibrium,,,4477,6.512305128962016,100.0,0.0005401711881452739,-0.008320866589945387,-0.006160625337431282,,False,"[0,0,0,0,4477]","[null,null,null,null,-2.3889953013853165e-07]",4477,101,near,0.24431629004419114,atm_iv_convergence,far
,,,,,,12,60,0.19861863737702445,0.13335544202620395,"{""persistent_disagreement"":1262,""target_led_correction"":1160,""source_led_correction"":1066,""both_correct"":989}",diagnostic_2,500,near_to_far_disequilibrium,,,4477,6.512305128962016,100.0,0.0005401711881452739,-0.008320866589945387,-0.006160625337431282,,False,"[0,0,0,0,4477]","[null,null,null,null,3.840669921770116e-07]",4477,101,near,0.1685268374449495,surface_residual_restoration,far
,,,,,,24,120,0.20145086609606924,0.13705514713697764,"{""persistent_disagreement"":1262,""target_led_correction"":1160,""source_led_correction"":1066,""both_correct"":989}",diagnostic_2,500,near_to_far_disequilibrium,,,4477,6.512305128962016,100.0,0.0005401711881452739,-0.008320866589945387,-0.006160625337431282,,False,"[0,0,0,0,4477]","[null,null,null,null,3.840669921770116e-07]",4477,101,near,0.1685268374449495,surface_residual_restoration,far
,,,,,,60,300,0.20806864493125715,0.1331933644632951,"{""persistent_disagreement"":1262,""target_led_correction"":1160,""source_led_correction"":1066,""both_correct"":989}",diagnostic_2,500,near_to_far_disequilibrium,,,4477,6.512305128962016,100.0,0.0005401711881452739,-0.008320866589945387,-0.006160625337431282,,False,"[0,0,0,0,4477]","[null,null,null,null,3.840669921770116e-07]",4477,101,near,0.1685268374449495,surface_residual_restoration,far
,,,,,,12,60,0.17409811606883957,0.05316597477933371,"{""persistent_disagreement"":1262,""target_led_correction"":1160,""source_led_correction"":1066,""both_correct"":989}",diagnostic_2,500,near_to_far_disequilibrium,,,4477,6.512305128962016,100.0,0.0005401711881452739,-0.008320866589945387,-0.006160625337431282,,False,"[0,0,0,0,4477]","[null,null,null,null,0.0001253889831551262]",4477,101,near,0.11339878589239892,realized_futures_volatility,far
,,,,,,24,120,0.18551527312033755,0.051736321791541556,"{""persistent_disagreement"":1262,""target_led_correction"":1160,""source_led_correction"":1066,""both_correct"":989}",diagnostic_2,500,near_to_far_disequilibrium,,,4477,6.512305128962016,100.0,0.0005401711881452739,-0.008320866589945387,-0.006160625337431282,,False,"[0,0,0,0,4477]","[null,null,null,null,0.0001253889831551262]",4477,101,near,0.11339878589239892,realized_futures_volatility,far
,,,,,,60,300,0.19548201554201333,0.029532589037317005,"{""persistent_disagreement"":1262,""target_led_correction"":1160,""source_led_correction"":1066,""both_correct"":989}",diagnostic_2,500,near_to_far_disequilibrium,,,4477,6.512305128962016,100.0,0.0005401711881452739,-0.008320866589945387,-0.006160625337431282,,False,"[0,0,0,0,4477]","[null,null,null,null,0.0001253889831551262]",4477,101,near,0.11339878589239892,realized_futures_volatility,far
0.15702267920782575,0.15215824470646178,0.11938342510344047,0.06868623297330512,0.053855370294814464,0.12496157780850459,,,,,,diagnostic_2,,near_to_far_increment,0.004864434501363979,0.014830862678490653,,,,,,,"{""base_to_candidate"":{""60s"":{""mean_mae_reduction"":-2.9683876042154556e-05,""ci_low"":-4.211804635262166e-05,""ci_high"":-1.7558700343235824e-05,""positive_probability"":0.0,""block_rows"":12,""draws"":500},""120s"":{""mean_mae_reduction"":-2.9683876042154556e-05,""ci_low"":-4.28536356275948e-05,""ci_high"":-1.5250529215304139e-05,""positive_probability"":0.0,""block_rows"":24,""draws"":500},""300s"":{""mean_mae_reduction"":-2.9683876042154556e-05,""ci_low"":-4.389150848297e-05,""ci_high"":-1.5684690726383968e-05,""positive_probability"":0.0,""block_rows"":60,""draws"":500}},""base_pca_to_candidate"":{""60s"":{""mean_mae_reduction"":7.892173495839812e-05,""ci_low"":6.757442817571728e-05,""ci_high"":8.919995727869747e-05,""positive_probability"":1.0,""block_rows"":12,""draws"":500},""120s"":{""mean_mae_reduction"":7.892173495839812e-05,""ci_low"":6.858796338721458e-05,""ci_high"":8.825623995598973e-05,""positive_probability"":1.0,""block_rows"":24,""draws"":500},""300s"":{""mean_mae_reduction"":7.892173495839812e-05,""ci_low"":6.980442973724608e-05,""ci_high"":8.830316913835028e-05,""positive_probability"":1.0,""block_rows"":60,""draws"":500}},""comparator_to_candidate"":{""60s"":{""mean_mae_reduction"":2.5885858345646537e-05,""ci_low"":1.159276772680974e-05,""ci_high"":3.830431511013997e-05,""positive_probability"":1.0,""block_rows"":12,""draws"":500},""120s"":{""mean_mae_reduction"":2.5885858345646537e-05,""ci_low"":1.1481280759449197e-05,""ci_high"":4.070165359955586e-05,""positive_probability"":1.0,""block_rows"":24,""draws"":500},""300s"":{""mean_mae_reduction"":2.5885858345646537e-05,""ci_low"":9.816723273988636e-06,""ci_high"":4.1780110117952784e-05,""positive_probability"":1.0,""block_rows"":60,""draws"":500}}}",,,,,101,near,,term_structure_iv_change,far
-0.0006233077333674952,-0.0019230400598899688,-0.02216269616626887,-0.07983159292656539,-0.09078727687843213,-0.018125575157578844,,,,,,diagnostic_2,,near_to_far_increment,0.0012997323265224736,0.010955683951866746,,,,,,,"{""base_to_candidate"":{""60s"":{""mean_mae_reduction"":-1.6137227385893546e-05,""ci_low"":-2.2065742316720977e-05,""ci_high"":-9.596890703991245e-06,""positive_probability"":0.0,""block_rows"":12,""draws"":500},""120s"":{""mean_mae_reduction"":-1.6137227385893546e-05,""ci_low"":-2.2370578341149674e-05,""ci_high"":-9.263382443805007e-06,""positive_probability"":0.0,""block_rows"":24,""draws"":500},""300s"":{""mean_mae_reduction"":-1.6137227385893546e-05,""ci_low"":-2.296395727973089e-05,""ci_high"":-9.339904969319095e-06,""positive_probability"":0.0,""block_rows"":60,""draws"":500}},""base_pca_to_candidate"":{""60s"":{""mean_mae_reduction"":4.379218822489939e-05,""ci_low"":3.8655313155929426e-05,""ci_high"":4.83112973177849e-05,""positive_probability"":1.0,""block_rows"":12,""draws"":500},""120s"":{""mean_mae_reduction"":4.379218822489939e-05,""ci_low"":3.943546729778249e-05,""ci_high"":4.7836051595036885e-05,""positive_probability"":1.0,""block_rows"":24,""draws"":500},""300s"":{""mean_mae_reduction"":4.379218822489939e-05,""ci_low"":3.973786323423024e-05,""ci_high"":4.826188214371766e-05,""positive_probability"":1.0,""block_rows"":60,""draws"":500}},""comparator_to_candidate"":{""60s"":{""mean_mae_reduction"":5.195305280357735e-06,""ci_low"":-1.3502776680063258e-06,""ci_high"":1.1872347967832695e-05,""positive_probability"":0.942,""block_rows"":12,""draws"":500},""120s"":{""mean_mae_reduction"":5.195305280357735e-06,""ci_low"":-1.7433451112100842e-06,""ci_high"":1.2870829219513247e-05,""positive_probability"":0.922,""block_rows"":24,""draws"":500},""300s"":{""mean_mae_reduction"":5.195305280357735e-06,""ci_low"":-2.1968498047323296e-06,""ci_high"":1.3206411564464717e-05,""positive_probability"":0.898,""block_rows"":60,""draws"":500}}}",,,,,101,near,,atm_iv_convergence,far
