base_plus_pca_surprise_skill,base_plus_surprise_skill,base_plus_velocity_skill,base_plus_velocity_surprise_skill,base_skill,block_rows,block_seconds,ci_high,ci_low,diagnostic,draws,feature,increment_beyond_velocity,paired_increment_beyond_velocity,paired_intervals,quintile_monotonic,quintile_samples,quintile_target_means,samples,seed,spearman,target
,,,,,12,60,0.10050325782131517,0.00045217383764085506,diagnostic_1,500,surprise_l2_5s,,,,False,"[0,0,0,0,2342]","[null,null,null,null,0.043770948094186087]",2342,1,0.04931250799876288,surface_displacement
,,,,,24,120,0.10286405994679178,-0.005732281799954145,diagnostic_1,500,surprise_l2_5s,,,,False,"[0,0,0,0,2342]","[null,null,null,null,0.043770948094186087]",2342,1,0.04931250799876288,surface_displacement
,,,,,60,300,0.10059339778002577,-0.018135200280887057,diagnostic_1,500,surprise_l2_5s,,,,False,"[0,0,0,0,2342]","[null,null,null,null,0.043770948094186087]",2342,1,0.04931250799876288,surface_displacement
,,,,,12,60,0.01053069291958934,-0.08282810660834072,diagnostic_1,500,surprise_l2_5s,,,,False,"[0,0,0,0,2342]","[null,null,null,null,0.0045507706599954255]",2342,1,-0.02940348704339894,absolute_atm_iv_change
,,,,,24,120,0.01948008168372175,-0.07635494807101405,diagnostic_1,500,surprise_l2_5s,,,,False,"[0,0,0,0,2342]","[null,null,null,null,0.0045507706599954255]",2342,1,-0.02940348704339894,absolute_atm_iv_change
,,,,,60,300,0.019163284998844954,-0.08498941130569629,diagnostic_1,500,surprise_l2_5s,,,,False,"[0,0,0,0,2342]","[null,null,null,null,0.0045507706599954255]",2342,1,-0.02940348704339894,absolute_atm_iv_change
,,,,,12,60,0.17271718053423535,2.9697342053059227e-05,diagnostic_1,500,surprise_l2_5s,,,,False,"[0,0,0,0,2342]","[null,null,null,null,0.00011404065644264808]",2342,1,0.07842865614362428,realized_futures_volatility
,,,,,24,120,0.20098307433427343,-0.02226661942462416,diagnostic_1,500,surprise_l2_5s,,,,False,"[0,0,0,0,2342]","[null,null,null,null,0.00011404065644264808]",2342,1,0.07842865614362428,realized_futures_volatility
,,,,,60,300,0.21040647274861335,-0.0077649538757925286,diagnostic_1,500,surprise_l2_5s,,,,False,"[0,0,0,0,2342]","[null,null,null,null,0.00011404065644264808]",2342,1,0.07842865614362428,realized_futures_volatility
,,,,,12,60,0.09280515710743034,-0.05248570136641954,diagnostic_1,500,surprise_l2_5s,,,,False,"[0,0,0,0,2342]","[null,null,null,null,8.653433886885542e-05]",2342,1,0.01689155405605412,absolute_futures_return
,,,,,24,120,0.1060503415549361,-0.05318459320891903,diagnostic_1,500,surprise_l2_5s,,,,False,"[0,0,0,0,2342]","[null,null,null,null,8.653433886885542e-05]",2342,1,0.01689155405605412,absolute_futures_return
,,,,,60,300,0.12632955946699043,-0.04657750388334582,diagnostic_1,500,surprise_l2_5s,,,,False,"[0,0,0,0,2342]","[null,null,null,null,8.653433886885542e-05]",2342,1,0.01689155405605412,absolute_futures_return
,,,,,12,60,0.003258165459272055,-0.06988665776324035,diagnostic_1,500,surprise_l2_5s,,,,False,"[0,0,0,0,2342]","[null,null,null,null,-1.7938044063455045e-06]",2342,1,-0.029113333140283214,near_atm_spread_change
,,,,,24,120,0.002691064239054307,-0.06127753412911978,diagnostic_1,500,surprise_l2_5s,,,,False,"[0,0,0,0,2342]","[null,null,null,null,-1.7938044063455045e-06]",2342,1,-0.029113333140283214,near_atm_spread_change
,,,,,60,300,-0.009768589658327177,-0.058020502283952724,diagnostic_1,500,surprise_l2_5s,,,,False,"[0,0,0,0,2342]","[null,null,null,null,-1.7938044063455045e-06]",2342,1,-0.029113333140283214,near_atm_spread_change
,,,,,12,60,-0.056683313029767216,-0.20468403054796583,diagnostic_1,500,surprise_l2_5s,,,,False,"[0,0,0,0,2342]","[null,null,null,null,4.62682661620294e-05]",2342,1,-0.13088056241277787,absolute_atm_straddle_change
,,,,,24,120,-0.049913843086650526,-0.20910456586429071,diagnostic_1,500,surprise_l2_5s,,,,False,"[0,0,0,0,2342]","[null,null,null,null,4.62682661620294e-05]",2342,1,-0.13088056241277787,absolute_atm_straddle_change
,,,,,60,300,-0.02534808398158967,-0.19957631477728302,diagnostic_1,500,surprise_l2_5s,,,,False,"[0,0,0,0,2342]","[null,null,null,null,4.62682661620294e-05]",2342,1,-0.13088056241277787,absolute_atm_straddle_change
,,,,,12,60,0.04582034030862935,-0.08118922093333998,diagnostic_1,500,surprise_l2_5s,,,,False,"[0,0,0,0,2342]","[null,null,null,null,3.615126816807776e-07]",2342,1,-0.024015835678566334,parity_restoration
,,,,,24,120,0.04490673539691078,-0.08884897073773443,diagnostic_1,500,surprise_l2_5s,,,,False,"[0,0,0,0,2342]","[null,null,null,null,3.615126816807776e-07]",2342,1,-0.024015835678566334,parity_restoration
,,,,,60,300,0.035001153470961284,-0.06375725386913168,diagnostic_1,500,surprise_l2_5s,,,,False,"[0,0,0,0,2342]","[null,null,null,null,3.615126816807776e-07]",2342,1,-0.024015835678566334,parity_restoration
,,,,,12,60,0.114263753992993,0.013558734063970753,diagnostic_1,500,surprise_unit_l2_5s,,,,False,"[0,0,0,0,2342]","[null,null,null,null,0.043770948094186087]",2342,1,0.06339109107375412,surface_displacement
,,,,,24,120,0.11803945417058785,0.005737564338850749,diagnostic_1,500,surprise_unit_l2_5s,,,,False,"[0,0,0,0,2342]","[null,null,null,null,0.043770948094186087]",2342,1,0.06339109107375412,surface_displacement
,,,,,60,300,0.11517932657402517,-0.010088862981064924,diagnostic_1,500,surprise_unit_l2_5s,,,,False,"[0,0,0,0,2342]","[null,null,null,null,0.043770948094186087]",2342,1,0.06339109107375412,surface_displacement
,,,,,12,60,0.02189654724429377,-0.07258294496602508,diagnostic_1,500,surprise_unit_l2_5s,,,,False,"[0,0,0,0,2342]","[null,null,null,null,0.0045507706599954255]",2342,1,-0.017828954135232986,absolute_atm_iv_change
,,,,,24,120,0.03053899745236673,-0.06630589611914678,diagnostic_1,500,surprise_unit_l2_5s,,,,False,"[0,0,0,0,2342]","[null,null,null,null,0.0045507706599954255]",2342,1,-0.017828954135232986,absolute_atm_iv_change
,,,,,60,300,0.035786901392122775,-0.07506119185045322,diagnostic_1,500,surprise_unit_l2_5s,,,,False,"[0,0,0,0,2342]","[null,null,null,null,0.0045507706599954255]",2342,1,-0.017828954135232986,absolute_atm_iv_change
,,,,,12,60,0.114263753992993,0.013558734063970753,diagnostic_1,500,surprise_cosine_5s,,,,False,"[0,0,0,0,2342]","[null,null,null,null,0.043770948094186087]",2342,1,0.06339109107375412,surface_displacement
,,,,,24,120,0.11803945417058785,0.005737564338850749,diagnostic_1,500,surprise_cosine_5s,,,,False,"[0,0,0,0,2342]","[null,null,null,null,0.043770948094186087]",2342,1,0.06339109107375412,surface_displacement
,,,,,60,300,0.11517932657402517,-0.010088862981064924,diagnostic_1,500,surprise_cosine_5s,,,,False,"[0,0,0,0,2342]","[null,null,null,null,0.043770948094186087]",2342,1,0.06339109107375412,surface_displacement
,,,,,12,60,0.02189654724429377,-0.07258294496602508,diagnostic_1,500,surprise_cosine_5s,,,,False,"[0,0,0,0,2342]","[null,null,null,null,0.0045507706599954255]",2342,1,-0.017828954135232986,absolute_atm_iv_change
,,,,,24,120,0.03053899745236673,-0.06630589611914678,diagnostic_1,500,surprise_cosine_5s,,,,False,"[0,0,0,0,2342]","[null,null,null,null,0.0045507706599954255]",2342,1,-0.017828954135232986,absolute_atm_iv_change
,,,,,60,300,0.035786901392122775,-0.07506119185045322,diagnostic_1,500,surprise_cosine_5s,,,,False,"[0,0,0,0,2342]","[null,null,null,null,0.0045507706599954255]",2342,1,-0.017828954135232986,absolute_atm_iv_change
0.06614172063888157,0.019994468242151564,-0.09330757253473743,0.030176857339451413,-0.08200533791537845,,,,,diagnostic_1,,surprise_increment_5s,0.12348442987418884,"{""60s"":{""mean_mae_reduction"":0.002367779612905376,""ci_low"":0.00211865843068678,""ci_high"":0.0026216420295602275,""positive_probability"":1.0,""block_rows"":12,""draws"":500},""120s"":{""mean_mae_reduction"":0.002367779612905376,""ci_low"":0.0021117943590482063,""ci_high"":0.0026051946328979423,""positive_probability"":1.0,""block_rows"":24,""draws"":500},""300s"":{""mean_mae_reduction"":0.002367779612905376,""ci_low"":0.002107841355624021,""ci_high"":0.0026184286365879524,""positive_probability"":1.0,""block_rows"":60,""draws"":500}}","{""base_to_candidate"":{""60s"":{""mean_mae_reduction"":0.002151062406215778,""ci_low"":0.0019324579488673819,""ci_high"":0.0023788635448041867,""positive_probability"":1.0,""block_rows"":12,""draws"":500},""120s"":{""mean_mae_reduction"":0.002151062406215778,""ci_low"":0.0019368317626460966,""ci_high"":0.002391638338135356,""positive_probability"":1.0,""block_rows"":24,""draws"":500},""300s"":{""mean_mae_reduction"":0.002151062406215778,""ci_low"":0.0019291898954616666,""ci_high"":0.0023771123897266037,""positive_probability"":1.0,""block_rows"":60,""draws"":500}},""base_pca_to_candidate"":{""60s"":{""mean_mae_reduction"":0.0014486312428549518,""ci_low"":0.0012543511574153007,""ci_high"":0.0016727020881270836,""positive_probability"":1.0,""block_rows"":12,""draws"":500},""120s"":{""mean_mae_reduction"":0.0014486312428549518,""ci_low"":0.0012225798216441565,""ci_high"":0.0016656865434219392,""positive_probability"":1.0,""block_rows"":24,""draws"":500},""300s"":{""mean_mae_reduction"":0.0014486312428549518,""ci_low"":0.0012253496732640289,""ci_high"":0.0016734641101018668,""positive_probability"":1.0,""block_rows"":60,""draws"":500}}}",,,,,1,,surface_displacement
0.14978163279748824,0.18107225316909503,0.1711693877813215,0.18336505510588497,0.1716380222591154,,,,,diagnostic_1,,surprise_increment_5s,0.012195667324563453,"{""60s"":{""mean_mae_reduction"":5.296936823331345e-05,""ci_low"":5.020096594675933e-05,""ci_high"":5.591749283273578e-05,""positive_probability"":1.0,""block_rows"":12,""draws"":500},""120s"":{""mean_mae_reduction"":5.296936823331345e-05,""ci_low"":4.9701693061511634e-05,""ci_high"":5.635612366083026e-05,""positive_probability"":1.0,""block_rows"":24,""draws"":500},""300s"":{""mean_mae_reduction"":5.296936823331345e-05,""ci_low"":4.916671544418294e-05,""ci_high"":5.669846764519186e-05,""positive_probability"":1.0,""block_rows"":60,""draws"":500}}","{""base_to_candidate"":{""60s"":{""mean_mae_reduction"":5.0933950936296214e-05,""ci_low"":4.754807832611743e-05,""ci_high"":5.372946276699376e-05,""positive_probability"":1.0,""block_rows"":12,""draws"":500},""120s"":{""mean_mae_reduction"":5.0933950936296214e-05,""ci_low"":4.72561349767675e-05,""ci_high"":5.464080535878754e-05,""positive_probability"":1.0,""block_rows"":24,""draws"":500},""300s"":{""mean_mae_reduction"":5.0933950936296214e-05,""ci_low"":4.708013896589751e-05,""ci_high"":5.454784764221397e-05,""positive_probability"":1.0,""block_rows"":60,""draws"":500}},""base_pca_to_candidate"":{""60s"":{""mean_mae_reduction"":4.629776014353134e-05,""ci_low"":4.3682330187110244e-05,""ci_high"":4.869486158549002e-05,""positive_probability"":1.0,""block_rows"":12,""draws"":500},""120s"":{""mean_mae_reduction"":4.629776014353134e-05,""ci_low"":4.335720271257012e-05,""ci_high"":4.9155576451438666e-05,""positive_probability"":1.0,""block_rows"":24,""draws"":500},""300s"":{""mean_mae_reduction"":4.629776014353134e-05,""ci_low"":4.2936660370086485e-05,""ci_high"":4.999016453949751e-05,""positive_probability"":1.0,""block_rows"":60,""draws"":500}}}",,,,,1,,absolute_atm_iv_change
,,,,,12,60,0.027895448409592988,-0.045579446748814485,diagnostic_2,500,surprise_l2_5s,,,,False,"[0,0,0,0,4477]","[null,null,null,null,0.043788369207352976]",4477,1,-0.00493545637312924,surface_displacement
,,,,,24,120,0.035032249815559344,-0.053429221854982945,diagnostic_2,500,surprise_l2_5s,,,,False,"[0,0,0,0,4477]","[null,null,null,null,0.043788369207352976]",4477,1,-0.00493545637312924,surface_displacement
,,,,,60,300,0.03278090158230673,-0.06348742784962227,diagnostic_2,500,surprise_l2_5s,,,,False,"[0,0,0,0,4477]","[null,null,null,null,0.043788369207352976]",4477,1,-0.00493545637312924,surface_displacement
,,,,,12,60,-0.01572881036160215,-0.08033851212108238,diagnostic_2,500,surprise_l2_5s,,,,False,"[0,0,0,0,4477]","[null,null,null,null,0.005322463640696454]",4477,1,-0.04635497624942857,absolute_atm_iv_change
,,,,,24,120,-0.015518546679438779,-0.08445574574843885,diagnostic_2,500,surprise_l2_5s,,,,False,"[0,0,0,0,4477]","[null,null,null,null,0.005322463640696454]",4477,1,-0.04635497624942857,absolute_atm_iv_change
,,,,,60,300,-0.014171026363972383,-0.09387407565163429,diagnostic_2,500,surprise_l2_5s,,,,False,"[0,0,0,0,4477]","[null,null,null,null,0.005322463640696454]",4477,1,-0.04635497624942857,absolute_atm_iv_change
,,,,,12,60,0.18443944575826507,0.0544506897912703,diagnostic_2,500,surprise_l2_5s,,,,False,"[0,0,0,0,4477]","[null,null,null,null,0.0001253889831551262]",4477,1,0.11975021409695148,realized_futures_volatility
,,,,,24,120,0.20358334421847352,0.04274548020169089,diagnostic_2,500,surprise_l2_5s,,,,False,"[0,0,0,0,4477]","[null,null,null,null,0.0001253889831551262]",4477,1,0.11975021409695148,realized_futures_volatility
,,,,,60,300,0.22414372865632676,0.03727610503072611,diagnostic_2,500,surprise_l2_5s,,,,False,"[0,0,0,0,4477]","[null,null,null,null,0.0001253889831551262]",4477,1,0.11975021409695148,realized_futures_volatility
,,,,,12,60,0.08612967215047283,-0.015567265425125869,diagnostic_2,500,surprise_l2_5s,,,,False,"[0,0,0,0,4477]","[null,null,null,null,9.158639096244521e-05]",4477,1,0.03803484410426183,absolute_futures_return
,,,,,24,120,0.09513913343269254,-0.022566058399240595,diagnostic_2,500,surprise_l2_5s,,,,False,"[0,0,0,0,4477]","[null,null,null,null,9.158639096244521e-05]",4477,1,0.03803484410426183,absolute_futures_return
,,,,,60,300,0.10680444065905181,-0.019089347026888043,diagnostic_2,500,surprise_l2_5s,,,,False,"[0,0,0,0,4477]","[null,null,null,null,9.158639096244521e-05]",4477,1,0.03803484410426183,absolute_futures_return
,,,,,12,60,0.0012649872708508925,-0.05355139154390478,diagnostic_2,500,surprise_l2_5s,,,,False,"[0,0,0,0,4477]","[null,null,null,null,-2.1047722142079905e-07]",4477,1,-0.027327483054221197,near_atm_spread_change
,,,,,24,120,-9.373133819841703e-05,-0.051723647740548065,diagnostic_2,500,surprise_l2_5s,,,,False,"[0,0,0,0,4477]","[null,null,null,null,-2.1047722142079905e-07]",4477,1,-0.027327483054221197,near_atm_spread_change
,,,,,60,300,-0.00314089338401694,-0.05044347406241391,diagnostic_2,500,surprise_l2_5s,,,,False,"[0,0,0,0,4477]","[null,null,null,null,-2.1047722142079905e-07]",4477,1,-0.027327483054221197,near_atm_spread_change
,,,,,12,60,0.10874874241390894,0.006827582930304919,diagnostic_2,500,surprise_l2_5s,,,,False,"[0,0,0,0,4477]","[null,null,null,null,7.251794109866106e-05]",4477,1,0.056221076406844026,absolute_atm_straddle_change
,,,,,24,120,0.11028177736833952,0.0042702770128443535,diagnostic_2,500,surprise_l2_5s,,,,False,"[0,0,0,0,4477]","[null,null,null,null,7.251794109866106e-05]",4477,1,0.056221076406844026,absolute_atm_straddle_change
,,,,,60,300,0.13570016714350847,-0.005711075311333631,diagnostic_2,500,surprise_l2_5s,,,,False,"[0,0,0,0,4477]","[null,null,null,null,7.251794109866106e-05]",4477,1,0.056221076406844026,absolute_atm_straddle_change
,,,,,12,60,0.0582865698052951,-0.03558319378796239,diagnostic_2,500,surprise_l2_5s,,,,False,"[0,0,0,0,4477]","[null,null,null,null,8.705193779354523e-08]",4477,1,0.011263345022274916,parity_restoration
,,,,,24,120,0.05349617613519689,-0.035339565302820265,diagnostic_2,500,surprise_l2_5s,,,,False,"[0,0,0,0,4477]","[null,null,null,null,8.705193779354523e-08]",4477,1,0.011263345022274916,parity_restoration
,,,,,60,300,0.050841277925965336,-0.02068588696608593,diagnostic_2,500,surprise_l2_5s,,,,False,"[0,0,0,0,4477]","[null,null,null,null,8.705193779354523e-08]",4477,1,0.011263345022274916,parity_restoration
,,,,,12,60,0.03424295507688204,-0.04091973678599144,diagnostic_2,500,surprise_unit_l2_5s,,,,False,"[0,0,0,0,4477]","[null,null,null,null,0.043788369207352976]",4477,1,-0.0009158845781184559,surface_displacement
,,,,,24,120,0.03814860886435439,-0.05085509361559789,diagnostic_2,500,surprise_unit_l2_5s,,,,False,"[0,0,0,0,4477]","[null,null,null,null,0.043788369207352976]",4477,1,-0.0009158845781184559,surface_displacement
,,,,,60,300,0.03707160173408485,-0.05880572228686171,diagnostic_2,500,surprise_unit_l2_5s,,,,False,"[0,0,0,0,4477]","[null,null,null,null,0.043788369207352976]",4477,1,-0.0009158845781184559,surface_displacement
,,,,,12,60,-0.010491124271437672,-0.07669472396958325,diagnostic_2,500,surprise_unit_l2_5s,,,,False,"[0,0,0,0,4477]","[null,null,null,null,0.005322463640696454]",4477,1,-0.04158159338397109,absolute_atm_iv_change
,,,,,24,120,-0.009804789983644327,-0.07978521259496546,diagnostic_2,500,surprise_unit_l2_5s,,,,False,"[0,0,0,0,4477]","[null,null,null,null,0.005322463640696454]",4477,1,-0.04158159338397109,absolute_atm_iv_change
,,,,,60,300,-0.007875222162696862,-0.0910728837595132,diagnostic_2,500,surprise_unit_l2_5s,,,,False,"[0,0,0,0,4477]","[null,null,null,null,0.005322463640696454]",4477,1,-0.04158159338397109,absolute_atm_iv_change
,,,,,12,60,0.03424295507688204,-0.04091973678599144,diagnostic_2,500,surprise_cosine_5s,,,,False,"[0,0,0,0,4477]","[null,null,null,null,0.043788369207352976]",4477,1,-0.0009158845781184559,surface_displacement
,,,,,24,120,0.03814860886435439,-0.05085509361559789,diagnostic_2,500,surprise_cosine_5s,,,,False,"[0,0,0,0,4477]","[null,null,null,null,0.043788369207352976]",4477,1,-0.0009158845781184559,surface_displacement
,,,,,60,300,0.03707160173408485,-0.05880572228686171,diagnostic_2,500,surprise_cosine_5s,,,,False,"[0,0,0,0,4477]","[null,null,null,null,0.043788369207352976]",4477,1,-0.0009158845781184559,surface_displacement
,,,,,12,60,-0.010491124271437672,-0.07669472396958325,diagnostic_2,500,surprise_cosine_5s,,,,False,"[0,0,0,0,4477]","[null,null,null,null,0.005322463640696454]",4477,1,-0.04158159338397109,absolute_atm_iv_change
,,,,,24,120,-0.009804789983644327,-0.07978521259496546,diagnostic_2,500,surprise_cosine_5s,,,,False,"[0,0,0,0,4477]","[null,null,null,null,0.005322463640696454]",4477,1,-0.04158159338397109,absolute_atm_iv_change
,,,,,60,300,-0.007875222162696862,-0.0910728837595132,diagnostic_2,500,surprise_cosine_5s,,,,False,"[0,0,0,0,4477]","[null,null,null,null,0.005322463640696454]",4477,1,-0.04158159338397109,absolute_atm_iv_change
-0.029404105434525096,-0.09212026974547194,-0.22924296349624074,-0.08249315765164789,-0.2206168077093067,,,,,diagnostic_2,,surprise_increment_5s,0.14674980584459285,"{""60s"":{""mean_mae_reduction"":0.0028220999686821764,""ci_low"":0.002617107179523402,""ci_high"":0.003082023421090181,""positive_probability"":1.0,""block_rows"":12,""draws"":500},""120s"":{""mean_mae_reduction"":0.0028220999686821764,""ci_low"":0.0025539301696211733,""ci_high"":0.003084161560882103,""positive_probability"":1.0,""block_rows"":24,""draws"":500},""300s"":{""mean_mae_reduction"":0.0028220999686821764,""ci_low"":0.002447843888484021,""ci_high"":0.0031801479241612457,""positive_probability"":1.0,""block_rows"":60,""draws"":500}}","{""base_to_candidate"":{""60s"":{""mean_mae_reduction"":0.0026562130440893486,""ci_low"":0.0024343450871816565,""ci_high"":0.0028690486092346145,""positive_probability"":1.0,""block_rows"":12,""draws"":500},""120s"":{""mean_mae_reduction"":0.0026562130440893486,""ci_low"":0.002411357073178656,""ci_high"":0.0029241082080296555,""positive_probability"":1.0,""block_rows"":24,""draws"":500},""300s"":{""mean_mae_reduction"":0.0026562130440893486,""ci_low"":0.0023012437475534407,""ci_high"":0.003049138609619618,""positive_probability"":1.0,""block_rows"":60,""draws"":500}},""base_pca_to_candidate"":{""60s"":{""mean_mae_reduction"":0.0019651905950067118,""ci_low"":0.0017461324497812316,""ci_high"":0.0022056990250815763,""positive_probability"":1.0,""block_rows"":12,""draws"":500},""120s"":{""mean_mae_reduction"":0.0019651905950067118,""ci_low"":0.0016969296790919398,""ci_high"":0.002228197122971779,""positive_probability"":1.0,""block_rows"":24,""draws"":500},""300s"":{""mean_mae_reduction"":0.0019651905950067118,""ci_low"":0.0016078068174839675,""ci_high"":0.002336840388655994,""positive_probability"":1.0,""block_rows"":60,""draws"":500}}}",,,,,1,,surface_displacement
0.17350995615275977,0.19824918195853325,0.18911681610694242,0.2001218015402758,0.1894451971199771,,,,,diagnostic_2,,surprise_increment_5s,0.011004985433333392,"{""60s"":{""mean_mae_reduction"":5.627190048464972e-05,""ci_low"":5.391919878576609e-05,""ci_high"":5.86367219567982e-05,""positive_probability"":1.0,""block_rows"":12,""draws"":500},""120s"":{""mean_mae_reduction"":5.627190048464972e-05,""ci_low"":5.36119008567248e-05,""ci_high"":5.914989043146848e-05,""positive_probability"":1.0,""block_rows"":24,""draws"":500},""300s"":{""mean_mae_reduction"":5.627190048464972e-05,""ci_low"":5.20664548543027e-05,""ci_high"":6.04556467513366e-05,""positive_probability"":1.0,""block_rows"":60,""draws"":500}}","{""base_to_candidate"":{""60s"":{""mean_mae_reduction"":5.4592786614080596e-05,""ci_low"":5.2123834446657465e-05,""ci_high"":5.742734604406108e-05,""positive_probability"":1.0,""block_rows"":12,""draws"":500},""120s"":{""mean_mae_reduction"":5.4592786614080596e-05,""ci_low"":5.154278570840502e-05,""ci_high"":5.747054513655486e-05,""positive_probability"":1.0,""block_rows"":24,""draws"":500},""300s"":{""mean_mae_reduction"":5.4592786614080596e-05,""ci_low"":5.0602514749664843e-05,""ci_high"":5.8926001761692576e-05,""positive_probability"":1.0,""block_rows"":60,""draws"":500}},""base_pca_to_candidate"":{""60s"":{""mean_mae_reduction"":5.211178336804483e-05,""ci_low"":4.9627744417198366e-05,""ci_high"":5.4672662798664796e-05,""positive_probability"":1.0,""block_rows"":12,""draws"":500},""120s"":{""mean_mae_reduction"":5.211178336804483e-05,""ci_low"":4.8989078204467575e-05,""ci_high"":5.480683967994825e-05,""positive_probability"":1.0,""block_rows"":24,""draws"":500},""300s"":{""mean_mae_reduction"":5.211178336804483e-05,""ci_low"":4.788284993131961e-05,""ci_high"":5.5710377374805227e-05,""positive_probability"":1.0,""block_rows"":60,""draws"":500}}}",,,,,1,,absolute_atm_iv_change
,,,,,12,60,0.09758120056860561,-0.0003628608150438758,diagnostic_1,500,surprise_l2_30s,,,,False,"[0,0,0,0,2342]","[null,null,null,null,0.043770948094186087]",2342,1,0.04855513511320588,surface_displacement
,,,,,24,120,0.10298163846296493,-0.004075721787998584,diagnostic_1,500,surprise_l2_30s,,,,False,"[0,0,0,0,2342]","[null,null,null,null,0.043770948094186087]",2342,1,0.04855513511320588,surface_displacement
,,,,,60,300,0.10266659117338882,-0.020448079794661487,diagnostic_1,500,surprise_l2_30s,,,,False,"[0,0,0,0,2342]","[null,null,null,null,0.043770948094186087]",2342,1,0.04855513511320588,surface_displacement
,,,,,12,60,0.012263873724394997,-0.07539356042843633,diagnostic_1,500,surprise_l2_30s,,,,False,"[0,0,0,0,2342]","[null,null,null,null,0.0045507706599954255]",2342,1,-0.02756194594202147,absolute_atm_iv_change
,,,,,24,120,0.01819605341845347,-0.07252480148800752,diagnostic_1,500,surprise_l2_30s,,,,False,"[0,0,0,0,2342]","[null,null,null,null,0.0045507706599954255]",2342,1,-0.02756194594202147,absolute_atm_iv_change
,,,,,60,300,0.018274508202727194,-0.07707147396658544,diagnostic_1,500,surprise_l2_30s,,,,False,"[0,0,0,0,2342]","[null,null,null,null,0.0045507706599954255]",2342,1,-0.02756194594202147,absolute_atm_iv_change
,,,,,12,60,0.16012710782518075,-0.013287275255449808,diagnostic_1,500,surprise_l2_30s,,,,False,"[0,0,0,0,2342]","[null,null,null,null,0.00011404065644264808]",2342,1,0.06762496086032536,realized_futures_volatility
,,,,,24,120,0.18964390782416146,-0.03612233056423632,diagnostic_1,500,surprise_l2_30s,,,,False,"[0,0,0,0,2342]","[null,null,null,null,0.00011404065644264808]",2342,1,0.06762496086032536,realized_futures_volatility
,,,,,60,300,0.1993379519112435,-0.0242101137261637,diagnostic_1,500,surprise_l2_30s,,,,False,"[0,0,0,0,2342]","[null,null,null,null,0.00011404065644264808]",2342,1,0.06762496086032536,realized_futures_volatility
,,,,,12,60,0.08093188500138093,-0.06846218907689314,diagnostic_1,500,surprise_l2_30s,,,,False,"[0,0,0,0,2342]","[null,null,null,null,8.653433886885542e-05]",2342,1,0.002220481332307399,absolute_futures_return
,,,,,24,120,0.08706251360983755,-0.07045650057788266,diagnostic_1,500,surprise_l2_30s,,,,False,"[0,0,0,0,2342]","[null,null,null,null,8.653433886885542e-05]",2342,1,0.002220481332307399,absolute_futures_return
,,,,,60,300,0.1081274086593184,-0.0612175321958759,diagnostic_1,500,surprise_l2_30s,,,,False,"[0,0,0,0,2342]","[null,null,null,null,8.653433886885542e-05]",2342,1,0.002220481332307399,absolute_futures_return
,,,,,12,60,-0.01032757383305977,-0.07816261704442397,diagnostic_1,500,surprise_l2_30s,,,,False,"[0,0,0,0,2342]","[null,null,null,null,-1.7938044063455045e-06]",2342,1,-0.04033694513159821,near_atm_spread_change
,,,,,24,120,-0.010925056283717509,-0.0725166147778931,diagnostic_1,500,surprise_l2_30s,,,,False,"[0,0,0,0,2342]","[null,null,null,null,-1.7938044063455045e-06]",2342,1,-0.04033694513159821,near_atm_spread_change
,,,,,60,300,-0.018960827468148905,-0.07068674512435512,diagnostic_1,500,surprise_l2_30s,,,,False,"[0,0,0,0,2342]","[null,null,null,null,-1.7938044063455045e-06]",2342,1,-0.04033694513159821,near_atm_spread_change
,,,,,12,60,-0.06744592443257943,-0.2105609572513375,diagnostic_1,500,surprise_l2_30s,,,,False,"[0,0,0,0,2342]","[null,null,null,null,4.62682661620294e-05]",2342,1,-0.13769779327493273,absolute_atm_straddle_change
,,,,,24,120,-0.05890245024166705,-0.20970653841784292,diagnostic_1,500,surprise_l2_30s,,,,False,"[0,0,0,0,2342]","[null,null,null,null,4.62682661620294e-05]",2342,1,-0.13769779327493273,absolute_atm_straddle_change
,,,,,60,300,-0.03724901838124912,-0.20269356468057126,diagnostic_1,500,surprise_l2_30s,,,,False,"[0,0,0,0,2342]","[null,null,null,null,4.62682661620294e-05]",2342,1,-0.13769779327493273,absolute_atm_straddle_change
,,,,,12,60,0.07492372595621774,-0.055553579370326955,diagnostic_1,500,surprise_l2_30s,,,,False,"[0,0,0,0,2342]","[null,null,null,null,3.615126816807776e-07]",2342,1,0.0032150476843329444,parity_restoration
,,,,,24,120,0.07232531560141625,-0.06501086394125075,diagnostic_1,500,surprise_l2_30s,,,,False,"[0,0,0,0,2342]","[null,null,null,null,3.615126816807776e-07]",2342,1,0.0032150476843329444,parity_restoration
,,,,,60,300,0.06547142884264684,-0.043340268874985315,diagnostic_1,500,surprise_l2_30s,,,,False,"[0,0,0,0,2342]","[null,null,null,null,3.615126816807776e-07]",2342,1,0.0032150476843329444,parity_restoration
,,,,,12,60,0.11278849472331266,0.015067494295658925,diagnostic_1,500,surprise_unit_l2_30s,,,,False,"[0,0,0,0,2342]","[null,null,null,null,0.043770948094186087]",2342,1,0.063769348737699,surface_displacement
,,,,,24,120,0.12036115683624193,0.00956577406332126,diagnostic_1,500,surprise_unit_l2_30s,,,,False,"[0,0,0,0,2342]","[null,null,null,null,0.043770948094186087]",2342,1,0.063769348737699,surface_displacement
,,,,,60,300,0.11761782651082987,-0.010032449971372296,diagnostic_1,500,surprise_unit_l2_30s,,,,False,"[0,0,0,0,2342]","[null,null,null,null,0.043770948094186087]",2342,1,0.063769348737699,surface_displacement
,,,,,12,60,0.021961199569593297,-0.0669655166726022,diagnostic_1,500,surprise_unit_l2_30s,,,,False,"[0,0,0,0,2342]","[null,null,null,null,0.0045507706599954255]",2342,1,-0.01768025942744882,absolute_atm_iv_change
,,,,,24,120,0.028770985263858493,-0.06298536958218712,diagnostic_1,500,surprise_unit_l2_30s,,,,False,"[0,0,0,0,2342]","[null,null,null,null,0.0045507706599954255]",2342,1,-0.01768025942744882,absolute_atm_iv_change
,,,,,60,300,0.032837471089791265,-0.06953926963311333,diagnostic_1,500,surprise_unit_l2_30s,,,,False,"[0,0,0,0,2342]","[null,null,null,null,0.0045507706599954255]",2342,1,-0.01768025942744882,absolute_atm_iv_change
,,,,,12,60,0.11278849472331266,0.015067494295658925,diagnostic_1,500,surprise_cosine_30s,,,,False,"[0,0,0,0,2342]","[null,null,null,null,0.043770948094186087]",2342,1,0.063769348737699,surface_displacement
,,,,,24,120,0.12036115683624193,0.00956577406332126,diagnostic_1,500,surprise_cosine_30s,,,,False,"[0,0,0,0,2342]","[null,null,null,null,0.043770948094186087]",2342,1,0.063769348737699,surface_displacement
,,,,,60,300,0.11761782651082987,-0.010032449971372296,diagnostic_1,500,surprise_cosine_30s,,,,False,"[0,0,0,0,2342]","[null,null,null,null,0.043770948094186087]",2342,1,0.063769348737699,surface_displacement
,,,,,12,60,0.021961199569593297,-0.0669655166726022,diagnostic_1,500,surprise_cosine_30s,,,,False,"[0,0,0,0,2342]","[null,null,null,null,0.0045507706599954255]",2342,1,-0.01768025942744882,absolute_atm_iv_change
,,,,,24,120,0.028770985263858493,-0.06298536958218712,diagnostic_1,500,surprise_cosine_30s,,,,False,"[0,0,0,0,2342]","[null,null,null,null,0.0045507706599954255]",2342,1,-0.01768025942744882,absolute_atm_iv_change
,,,,,60,300,0.032837471089791265,-0.06953926963311333,diagnostic_1,500,surprise_cosine_30s,,,,False,"[0,0,0,0,2342]","[null,null,null,null,0.0045507706599954255]",2342,1,-0.01768025942744882,absolute_atm_iv_change
0.059918067165092626,0.011894057122184054,-0.09074850437727844,0.01576685642538156,-0.08200533791537845,,,,,diagnostic_1,,surprise_increment_30s,0.10651536080266,"{""60s"":{""mean_mae_reduction"":0.0020424024310332477,""ci_low"":0.0018189516130083226,""ci_high"":0.002266596695311587,""positive_probability"":1.0,""block_rows"":12,""draws"":500},""120s"":{""mean_mae_reduction"":0.0020424024310332477,""ci_low"":0.0018161540147842126,""ci_high"":0.0022542040203239583,""positive_probability"":1.0,""block_rows"":24,""draws"":500},""300s"":{""mean_mae_reduction"":0.0020424024310332477,""ci_low"":0.0018280903958680173,""ci_high"":0.0022788379593584518,""positive_probability"":1.0,""block_rows"":60,""draws"":500}}","{""base_to_candidate"":{""60s"":{""mean_mae_reduction"":0.0018747546448158521,""ci_low"":0.001664721195271766,""ci_high"":0.0020820651291155617,""positive_probability"":1.0,""block_rows"":12,""draws"":500},""120s"":{""mean_mae_reduction"":0.0018747546448158521,""ci_low"":0.0016800827644895483,""ci_high"":0.00210770847546381,""positive_probability"":1.0,""block_rows"":24,""draws"":500},""300s"":{""mean_mae_reduction"":0.0018747546448158521,""ci_low"":0.0016513650999163108,""ci_high"":0.002097439015248455,""positive_probability"":1.0,""block_rows"":60,""draws"":500}},""base_pca_to_candidate"":{""60s"":{""mean_mae_reduction"":0.0012820337501710216,""ci_low"":0.0011052383973995377,""ci_high"":0.0014841672711140529,""positive_probability"":1.0,""block_rows"":12,""draws"":500},""120s"":{""mean_mae_reduction"":0.0012820337501710216,""ci_low"":0.0010779648046820385,""ci_high"":0.0014681941837942705,""positive_probability"":1.0,""block_rows"":24,""draws"":500},""300s"":{""mean_mae_reduction"":0.0012820337501710216,""ci_low"":0.0010720931452092533,""ci_high"":0.0015032863270312714,""positive_probability"":1.0,""block_rows"":60,""draws"":500}}}",,,,,1,,surface_displacement
0.14889649502800473,0.18006287129174292,0.17099761726533114,0.18106742249730945,0.1716380222591154,,,,,diagnostic_1,,surprise_increment_30s,0.010069805231978313,"{""60s"":{""mean_mae_reduction"":4.3736124246033915e-05,""ci_low"":4.100673703613342e-05,""ci_high"":4.679307167063736e-05,""positive_probability"":1.0,""block_rows"":12,""draws"":500},""120s"":{""mean_mae_reduction"":4.3736124246033915e-05,""ci_low"":4.037967508216427e-05,""ci_high"":4.736003120547293e-05,""positive_probability"":1.0,""block_rows"":24,""draws"":500},""300s"":{""mean_mae_reduction"":4.3736124246033915e-05,""ci_low"":3.9465181761001814e-05,""ci_high"":4.7753557002517116e-05,""positive_probability"":1.0,""block_rows"":60,""draws"":500}}","{""base_to_candidate"":{""60s"":{""mean_mae_reduction"":4.0954657104347824e-05,""ci_low"":3.7723355605674435e-05,""ci_high"":4.3633153941231745e-05,""positive_probability"":1.0,""block_rows"":12,""draws"":500},""120s"":{""mean_mae_reduction"":4.0954657104347824e-05,""ci_low"":3.75647013022492e-05,""ci_high"":4.4480661585576044e-05,""positive_probability"":1.0,""block_rows"":24,""draws"":500},""300s"":{""mean_mae_reduction"":4.0954657104347824e-05,""ci_low"":3.666645970741028e-05,""ci_high"":4.4837772703225506e-05,""positive_probability"":1.0,""block_rows"":60,""draws"":500}},""base_pca_to_candidate"":{""60s"":{""mean_mae_reduction"":3.628157798644631e-05,""ci_low"":3.365830443655446e-05,""ci_high"":3.856527008384628e-05,""positive_probability"":1.0,""block_rows"":12,""draws"":500},""120s"":{""mean_mae_reduction"":3.628157798644631e-05,""ci_low"":3.3070466284365144e-05,""ci_high"":3.9374857858032406e-05,""positive_probability"":1.0,""block_rows"":24,""draws"":500},""300s"":{""mean_mae_reduction"":3.628157798644631e-05,""ci_low"":3.2487389490521354e-05,""ci_high"":4.0457704226214475e-05,""positive_probability"":1.0,""block_rows"":60,""draws"":500}}}",,,,,1,,absolute_atm_iv_change
,,,,,12,60,0.027037607772703857,-0.048880882074986816,diagnostic_2,500,surprise_l2_30s,,,,False,"[0,0,0,0,4477]","[null,null,null,null,0.043788369207352976]",4477,1,-0.008769509260059805,surface_displacement
,,,,,24,120,0.031117171377715754,-0.05495940616847515,diagnostic_2,500,surprise_l2_30s,,,,False,"[0,0,0,0,4477]","[null,null,null,null,0.043788369207352976]",4477,1,-0.008769509260059805,surface_displacement
,,,,,60,300,0.03176563185026174,-0.06731117004903851,diagnostic_2,500,surprise_l2_30s,,,,False,"[0,0,0,0,4477]","[null,null,null,null,0.043788369207352976]",4477,1,-0.008769509260059805,surface_displacement
,,,,,12,60,-0.009896675655770962,-0.07700345089063045,diagnostic_2,500,surprise_l2_30s,,,,False,"[0,0,0,0,4477]","[null,null,null,null,0.005322463640696454]",4477,1,-0.04223493542187867,absolute_atm_iv_change
,,,,,24,120,-0.013096031858558135,-0.07887001322492528,diagnostic_2,500,surprise_l2_30s,,,,False,"[0,0,0,0,4477]","[null,null,null,null,0.005322463640696454]",4477,1,-0.04223493542187867,absolute_atm_iv_change
,,,,,60,300,-0.01063394548303001,-0.08745077191776965,diagnostic_2,500,surprise_l2_30s,,,,False,"[0,0,0,0,4477]","[null,null,null,null,0.005322463640696454]",4477,1,-0.04223493542187867,absolute_atm_iv_change
,,,,,12,60,0.18464858232490547,0.048081397696568745,diagnostic_2,500,surprise_l2_30s,,,,False,"[0,0,0,0,4477]","[null,null,null,null,0.0001253889831551262]",4477,1,0.11724710185787159,realized_futures_volatility
,,,,,24,120,0.20198448519663875,0.03648586076472861,diagnostic_2,500,surprise_l2_30s,,,,False,"[0,0,0,0,4477]","[null,null,null,null,0.0001253889831551262]",4477,1,0.11724710185787159,realized_futures_volatility
,,,,,60,300,0.2195970258739508,0.03796500740837665,diagnostic_2,500,surprise_l2_30s,,,,False,"[0,0,0,0,4477]","[null,null,null,null,0.0001253889831551262]",4477,1,0.11724710185787159,realized_futures_volatility
,,,,,12,60,0.09239300795708023,-0.013693568224867718,diagnostic_2,500,surprise_l2_30s,,,,False,"[0,0,0,0,4477]","[null,null,null,null,9.158639096244521e-05]",4477,1,0.043722908793776556,absolute_futures_return
,,,,,24,120,0.0976802984583711,-0.019353859756784123,diagnostic_2,500,surprise_l2_30s,,,,False,"[0,0,0,0,4477]","[null,null,null,null,9.158639096244521e-05]",4477,1,0.043722908793776556,absolute_futures_return
,,,,,60,300,0.11430248356995802,-0.012439162015935944,diagnostic_2,500,surprise_l2_30s,,,,False,"[0,0,0,0,4477]","[null,null,null,null,9.158639096244521e-05]",4477,1,0.043722908793776556,absolute_futures_return
,,,,,12,60,0.004564994338207497,-0.05067293464018846,diagnostic_2,500,surprise_l2_30s,,,,False,"[0,0,0,0,4477]","[null,null,null,null,-2.1047722142079905e-07]",4477,1,-0.023788970513700627,near_atm_spread_change
,,,,,24,120,0.0036247299026247164,-0.0464235942868694,diagnostic_2,500,surprise_l2_30s,,,,False,"[0,0,0,0,4477]","[null,null,null,null,-2.1047722142079905e-07]",4477,1,-0.023788970513700627,near_atm_spread_change
,,,,,60,300,-0.0017094980249735625,-0.04542816921728343,diagnostic_2,500,surprise_l2_30s,,,,False,"[0,0,0,0,4477]","[null,null,null,null,-2.1047722142079905e-07]",4477,1,-0.023788970513700627,near_atm_spread_change
,,,,,12,60,0.11978605514660898,0.016884675503665385,diagnostic_2,500,surprise_l2_30s,,,,False,"[0,0,0,0,4477]","[null,null,null,null,7.251794109866106e-05]",4477,1,0.06615083378919225,absolute_atm_straddle_change
,,,,,24,120,0.12083154222941554,0.011828581929825473,diagnostic_2,500,surprise_l2_30s,,,,False,"[0,0,0,0,4477]","[null,null,null,null,7.251794109866106e-05]",4477,1,0.06615083378919225,absolute_atm_straddle_change
,,,,,60,300,0.14276064056118234,0.003132585693528647,diagnostic_2,500,surprise_l2_30s,,,,False,"[0,0,0,0,4477]","[null,null,null,null,7.251794109866106e-05]",4477,1,0.06615083378919225,absolute_atm_straddle_change
,,,,,12,60,0.07674015182314761,-0.018197321372650732,diagnostic_2,500,surprise_l2_30s,,,,False,"[0,0,0,0,4477]","[null,null,null,null,8.705193779354523e-08]",4477,1,0.028238640307361878,parity_restoration
,,,,,24,120,0.0724272097186402,-0.02132784245126556,diagnostic_2,500,surprise_l2_30s,,,,False,"[0,0,0,0,4477]","[null,null,null,null,8.705193779354523e-08]",4477,1,0.028238640307361878,parity_restoration
,,,,,60,300,0.06712405076679585,-0.00563503220595121,diagnostic_2,500,surprise_l2_30s,,,,False,"[0,0,0,0,4477]","[null,null,null,null,8.705193779354523e-08]",4477,1,0.028238640307361878,parity_restoration
,,,,,12,60,0.034482084904026,-0.04226479364034532,diagnostic_2,500,surprise_unit_l2_30s,,,,False,"[0,0,0,0,4477]","[null,null,null,null,0.043788369207352976]",4477,1,-0.002467528665475091,surface_displacement
,,,,,24,120,0.036026941463567545,-0.05036898499584453,diagnostic_2,500,surprise_unit_l2_30s,,,,False,"[0,0,0,0,4477]","[null,null,null,null,0.043788369207352976]",4477,1,-0.002467528665475091,surface_displacement
,,,,,60,300,0.037241977308101026,-0.06384300161235208,diagnostic_2,500,surprise_unit_l2_30s,,,,False,"[0,0,0,0,4477]","[null,null,null,null,0.043788369207352976]",4477,1,-0.002467528665475091,surface_displacement
,,,,,12,60,-0.003997445272646338,-0.07215060891401535,diagnostic_2,500,surprise_unit_l2_30s,,,,False,"[0,0,0,0,4477]","[null,null,null,null,0.005322463640696454]",4477,1,-0.03589996256982688,absolute_atm_iv_change
,,,,,24,120,-0.005474833372472839,-0.0734472158622557,diagnostic_2,500,surprise_unit_l2_30s,,,,False,"[0,0,0,0,4477]","[null,null,null,null,0.005322463640696454]",4477,1,-0.03589996256982688,absolute_atm_iv_change
,,,,,60,300,-0.003937026803589905,-0.08443877632497818,diagnostic_2,500,surprise_unit_l2_30s,,,,False,"[0,0,0,0,4477]","[null,null,null,null,0.005322463640696454]",4477,1,-0.03589996256982688,absolute_atm_iv_change
,,,,,12,60,0.034482084904026,-0.04226479364034532,diagnostic_2,500,surprise_cosine_30s,,,,False,"[0,0,0,0,4477]","[null,null,null,null,0.043788369207352976]",4477,1,-0.002467528665475091,surface_displacement
,,,,,24,120,0.036026941463567545,-0.05036898499584453,diagnostic_2,500,surprise_cosine_30s,,,,False,"[0,0,0,0,4477]","[null,null,null,null,0.043788369207352976]",4477,1,-0.002467528665475091,surface_displacement
,,,,,60,300,0.037241977308101026,-0.06384300161235208,diagnostic_2,500,surprise_cosine_30s,,,,False,"[0,0,0,0,4477]","[null,null,null,null,0.043788369207352976]",4477,1,-0.002467528665475091,surface_displacement
,,,,,12,60,-0.003997445272646338,-0.07215060891401535,diagnostic_2,500,surprise_cosine_30s,,,,False,"[0,0,0,0,4477]","[null,null,null,null,0.005322463640696454]",4477,1,-0.03589996256982688,absolute_atm_iv_change
,,,,,24,120,-0.005474833372472839,-0.0734472158622557,diagnostic_2,500,surprise_cosine_30s,,,,False,"[0,0,0,0,4477]","[null,null,null,null,0.005322463640696454]",4477,1,-0.03589996256982688,absolute_atm_iv_change
,,,,,60,300,-0.003937026803589905,-0.08443877632497818,diagnostic_2,500,surprise_cosine_30s,,,,False,"[0,0,0,0,4477]","[null,null,null,null,0.005322463640696454]",4477,1,-0.03589996256982688,absolute_atm_iv_change
-0.044499445263535886,-0.10977963348904085,-0.21667644691301047,-0.1068372121636747,-0.2206168077093067,,,,,diagnostic_2,,surprise_increment_30s,0.10983923474933577,"{""60s"":{""mean_mae_reduction"":0.0021122842320789093,""ci_low"":0.0019406535918141952,""ci_high"":0.0023114131478121102,""positive_probability"":1.0,""block_rows"":12,""draws"":500},""120s"":{""mean_mae_reduction"":0.0021122842320789093,""ci_low"":0.001882246758417843,""ci_high"":0.002333240172922676,""positive_probability"":1.0,""block_rows"":24,""draws"":500},""300s"":{""mean_mae_reduction"":0.0021122842320789093,""ci_low"":0.0017920150780284829,""ci_high"":0.002439872346036123,""positive_probability"":1.0,""block_rows"":60,""draws"":500}}","{""base_to_candidate"":{""60s"":{""mean_mae_reduction"":0.002188060087561813,""ci_low"":0.0020004178350045924,""ci_high"":0.002374213538544261,""positive_probability"":1.0,""block_rows"":12,""draws"":500},""120s"":{""mean_mae_reduction"":0.002188060087561813,""ci_low"":0.0019688441007181643,""ci_high"":0.002435095503538466,""positive_probability"":1.0,""block_rows"":24,""draws"":500},""300s"":{""mean_mae_reduction"":0.002188060087561813,""ci_low"":0.0018495960218306987,""ci_high"":0.0025248367214419066,""positive_probability"":1.0,""block_rows"":60,""draws"":500}},""base_pca_to_candidate"":{""60s"":{""mean_mae_reduction"":0.0016043678848779513,""ci_low"":0.0014158964544055553,""ci_high"":0.001810488545462522,""positive_probability"":1.0,""block_rows"":12,""draws"":500},""120s"":{""mean_mae_reduction"":0.0016043678848779513,""ci_low"":0.001364611977264582,""ci_high"":0.0018166017158949869,""positive_probability"":1.0,""block_rows"":24,""draws"":500},""300s"":{""mean_mae_reduction"":0.0016043678848779513,""ci_low"":0.0012968089919917598,""ci_high"":0.001942072247652124,""positive_probability"":1.0,""block_rows"":60,""draws"":500}}}",,,,,1,,surface_displacement
0.1718093394652952,0.19659582996094893,0.18953774849705507,0.19716359345735346,0.1894451971199771,,,,,diagnostic_2,,surprise_increment_30s,0.007625844960298389,"{""60s"":{""mean_mae_reduction"":3.899330819807415e-05,""ci_low"":3.6897417918043314e-05,""ci_high"":4.118470222060952e-05,""positive_probability"":1.0,""block_rows"":12,""draws"":500},""120s"":{""mean_mae_reduction"":3.899330819807415e-05,""ci_low"":3.646168770932085e-05,""ci_high"":4.189425363740029e-05,""positive_probability"":1.0,""block_rows"":24,""draws"":500},""300s"":{""mean_mae_reduction"":3.899330819807415e-05,""ci_low"":3.4803387022099724e-05,""ci_high"":4.312027763229392e-05,""positive_probability"":1.0,""block_rows"":60,""draws"":500}}","{""base_to_candidate"":{""60s"":{""mean_mae_reduction"":3.94665520667018e-05,""ci_low"":3.713672310189197e-05,""ci_high"":4.198489912038058e-05,""positive_probability"":1.0,""block_rows"":12,""draws"":500},""120s"":{""mean_mae_reduction"":3.94665520667018e-05,""ci_low"":3.6579294866932686e-05,""ci_high"":4.2457488549739906e-05,""positive_probability"":1.0,""block_rows"":24,""draws"":500},""300s"":{""mean_mae_reduction"":3.94665520667018e-05,""ci_low"":3.54484437625702e-05,""ci_high"":4.3826598795875226e-05,""positive_probability"":1.0,""block_rows"":60,""draws"":500}},""base_pca_to_candidate"":{""60s"":{""mean_mae_reduction"":3.582367229484021e-05,""ci_low"":3.352309823182495e-05,""ci_high"":3.833792336885881e-05,""positive_probability"":1.0,""block_rows"":12,""draws"":500},""120s"":{""mean_mae_reduction"":3.582367229484021e-05,""ci_low"":3.2863221311203643e-05,""ci_high"":3.853040723081436e-05,""positive_probability"":1.0,""block_rows"":24,""draws"":500},""300s"":{""mean_mae_reduction"":3.582367229484021e-05,""ci_low"":3.141992833794853e-05,""ci_high"":3.9810687507783234e-05,""positive_probability"":1.0,""block_rows"":60,""draws"":500}}}",,,,,1,,absolute_atm_iv_change
,,,,,12,60,0.08610557132453453,-0.013730763822475229,diagnostic_1,500,surprise_l2_60s,,,,False,"[0,0,0,0,2342]","[null,null,null,null,0.043770948094186087]",2342,1,0.03747571144813857,surface_displacement
,,,,,24,120,0.09114168044885275,-0.011750702486687798,diagnostic_1,500,surprise_l2_60s,,,,False,"[0,0,0,0,2342]","[null,null,null,null,0.043770948094186087]",2342,1,0.03747571144813857,surface_displacement
,,,,,60,300,0.09222904435473075,-0.029879955136963884,diagnostic_1,500,surprise_l2_60s,,,,False,"[0,0,0,0,2342]","[null,null,null,null,0.043770948094186087]",2342,1,0.03747571144813857,surface_displacement
,,,,,12,60,0.008303641914253273,-0.07648578490476443,diagnostic_1,500,surprise_l2_60s,,,,False,"[0,0,0,0,2342]","[null,null,null,null,0.0045507706599954255]",2342,1,-0.029683714562789752,absolute_atm_iv_change
,,,,,24,120,0.017865045003109637,-0.07384170742197439,diagnostic_1,500,surprise_l2_60s,,,,False,"[0,0,0,0,2342]","[null,null,null,null,0.0045507706599954255]",2342,1,-0.029683714562789752,absolute_atm_iv_change
,,,,,60,300,0.022165299680472872,-0.08245986432313654,diagnostic_1,500,surprise_l2_60s,,,,False,"[0,0,0,0,2342]","[null,null,null,null,0.0045507706599954255]",2342,1,-0.029683714562789752,absolute_atm_iv_change
,,,,,12,60,0.14500770066844976,-0.029302615124958135,diagnostic_1,500,surprise_l2_60s,,,,False,"[0,0,0,0,2342]","[null,null,null,null,0.00011404065644264808]",2342,1,0.05260177144157388,realized_futures_volatility
,,,,,24,120,0.17375330499982983,-0.04896870500873411,diagnostic_1,500,surprise_l2_60s,,,,False,"[0,0,0,0,2342]","[null,null,null,null,0.00011404065644264808]",2342,1,0.05260177144157388,realized_futures_volatility
,,,,,60,300,0.18460229708909348,-0.025201147758222023,diagnostic_1,500,surprise_l2_60s,,,,False,"[0,0,0,0,2342]","[null,null,null,null,0.00011404065644264808]",2342,1,0.05260177144157388,realized_futures_volatility
,,,,,12,60,0.06991482985973725,-0.07500644293750033,diagnostic_1,500,surprise_l2_60s,,,,False,"[0,0,0,0,2342]","[null,null,null,null,8.653433886885542e-05]",2342,1,-0.004944053381091811,absolute_futures_return
,,,,,24,120,0.0861898556892613,-0.07135234530674105,diagnostic_1,500,surprise_l2_60s,,,,False,"[0,0,0,0,2342]","[null,null,null,null,8.653433886885542e-05]",2342,1,-0.004944053381091811,absolute_futures_return
,,,,,60,300,0.08962410696190187,-0.0628866264480629,diagnostic_1,500,surprise_l2_60s,,,,False,"[0,0,0,0,2342]","[null,null,null,null,8.653433886885542e-05]",2342,1,-0.004944053381091811,absolute_futures_return
,,,,,12,60,-0.004463475611510427,-0.06934535706820119,diagnostic_1,500,surprise_l2_60s,,,,False,"[0,0,0,0,2342]","[null,null,null,null,-1.7938044063455045e-06]",2342,1,-0.03383657207135961,near_atm_spread_change
,,,,,24,120,-0.005803756783266549,-0.06969777198642853,diagnostic_1,500,surprise_l2_60s,,,,False,"[0,0,0,0,2342]","[null,null,null,null,-1.7938044063455045e-06]",2342,1,-0.03383657207135961,near_atm_spread_change
,,,,,60,300,-0.016771469328634676,-0.06275092749927833,diagnostic_1,500,surprise_l2_60s,,,,False,"[0,0,0,0,2342]","[null,null,null,null,-1.7938044063455045e-06]",2342,1,-0.03383657207135961,near_atm_spread_change
,,,,,12,60,-0.07630009645548941,-0.21990322596388057,diagnostic_1,500,surprise_l2_60s,,,,False,"[0,0,0,0,2342]","[null,null,null,null,4.62682661620294e-05]",2342,1,-0.14887981660804056,absolute_atm_straddle_change
,,,,,24,120,-0.07252685931104454,-0.21798446412523761,diagnostic_1,500,surprise_l2_60s,,,,False,"[0,0,0,0,2342]","[null,null,null,null,4.62682661620294e-05]",2342,1,-0.14887981660804056,absolute_atm_straddle_change
,,,,,60,300,-0.05320637740705137,-0.20409616926886842,diagnostic_1,500,surprise_l2_60s,,,,False,"[0,0,0,0,2342]","[null,null,null,null,4.62682661620294e-05]",2342,1,-0.14887981660804056,absolute_atm_straddle_change
,,,,,12,60,0.07098123194127613,-0.06004527196621102,diagnostic_1,500,surprise_l2_60s,,,,False,"[0,0,0,0,2342]","[null,null,null,null,3.615126816807776e-07]",2342,1,-0.001021631896359713,parity_restoration
,,,,,24,120,0.06926299595315379,-0.06333462874960838,diagnostic_1,500,surprise_l2_60s,,,,False,"[0,0,0,0,2342]","[null,null,null,null,3.615126816807776e-07]",2342,1,-0.001021631896359713,parity_restoration
,,,,,60,300,0.06612425498790789,-0.04237049476501241,diagnostic_1,500,surprise_l2_60s,,,,False,"[0,0,0,0,2342]","[null,null,null,null,3.615126816807776e-07]",2342,1,-0.001021631896359713,parity_restoration
,,,,,12,60,0.10523765416722099,0.006478066267404847,diagnostic_1,500,surprise_unit_l2_60s,,,,False,"[0,0,0,0,2342]","[null,null,null,null,0.043770948094186087]",2342,1,0.056420392472653805,surface_displacement
,,,,,24,120,0.1124301541985412,0.002253903403530473,diagnostic_1,500,surprise_unit_l2_60s,,,,False,"[0,0,0,0,2342]","[null,null,null,null,0.043770948094186087]",2342,1,0.056420392472653805,surface_displacement
,,,,,60,300,0.11209924702079001,-0.015422306824007118,diagnostic_1,500,surprise_unit_l2_60s,,,,False,"[0,0,0,0,2342]","[null,null,null,null,0.043770948094186087]",2342,1,0.056420392472653805,surface_displacement
,,,,,12,60,0.02110554110607152,-0.0662235296769728,diagnostic_1,500,surprise_unit_l2_60s,,,,False,"[0,0,0,0,2342]","[null,null,null,null,0.0045507706599954255]",2342,1,-0.01785782944709077,absolute_atm_iv_change
,,,,,24,120,0.029759546942093113,-0.06434155229586198,diagnostic_1,500,surprise_unit_l2_60s,,,,False,"[0,0,0,0,2342]","[null,null,null,null,0.0045507706599954255]",2342,1,-0.01785782944709077,absolute_atm_iv_change
,,,,,60,300,0.03847529290193155,-0.07180411175433005,diagnostic_1,500,surprise_unit_l2_60s,,,,False,"[0,0,0,0,2342]","[null,null,null,null,0.0045507706599954255]",2342,1,-0.01785782944709077,absolute_atm_iv_change
,,,,,12,60,0.10523765416722099,0.006478066267404847,diagnostic_1,500,surprise_cosine_60s,,,,False,"[0,0,0,0,2342]","[null,null,null,null,0.043770948094186087]",2342,1,0.056420392472653805,surface_displacement
,,,,,24,120,0.1124301541985412,0.002253903403530473,diagnostic_1,500,surprise_cosine_60s,,,,False,"[0,0,0,0,2342]","[null,null,null,null,0.043770948094186087]",2342,1,0.056420392472653805,surface_displacement
,,,,,60,300,0.11209924702079001,-0.015422306824007118,diagnostic_1,500,surprise_cosine_60s,,,,False,"[0,0,0,0,2342]","[null,null,null,null,0.043770948094186087]",2342,1,0.056420392472653805,surface_displacement
,,,,,12,60,0.02110554110607152,-0.0662235296769728,diagnostic_1,500,surprise_cosine_60s,,,,False,"[0,0,0,0,2342]","[null,null,null,null,0.0045507706599954255]",2342,1,-0.01785782944709077,absolute_atm_iv_change
,,,,,24,120,0.029759546942093113,-0.06434155229586198,diagnostic_1,500,surprise_cosine_60s,,,,False,"[0,0,0,0,2342]","[null,null,null,null,0.0045507706599954255]",2342,1,-0.01785782944709077,absolute_atm_iv_change
,,,,,60,300,0.03847529290193155,-0.07180411175433005,diagnostic_1,500,surprise_cosine_60s,,,,False,"[0,0,0,0,2342]","[null,null,null,null,0.0045507706599954255]",2342,1,-0.01785782944709077,absolute_atm_iv_change
0.05928764530129105,0.01897608891469371,-0.08799453125828682,0.031857809348067145,-0.08200533791537845,,,,,diagnostic_1,,surprise_increment_60s,0.11985234060635397,"{""60s"":{""mean_mae_reduction"":0.002298135310952532,""ci_low"":0.002046947936142091,""ci_high"":0.0025325232828920883,""positive_probability"":1.0,""block_rows"":12,""draws"":500},""120s"":{""mean_mae_reduction"":0.002298135310952532,""ci_low"":0.0020455919566016167,""ci_high"":0.002550169385631672,""positive_probability"":1.0,""block_rows"":24,""draws"":500},""300s"":{""mean_mae_reduction"":0.002298135310952532,""ci_low"":0.0020307357493761745,""ci_high"":0.002570035436976009,""positive_probability"":1.0,""block_rows"":60,""draws"":500}}","{""base_to_candidate"":{""60s"":{""mean_mae_reduction"":0.00218329419365916,""ci_low"":0.0019453356418709196,""ci_high"":0.0024116410955230282,""positive_probability"":1.0,""block_rows"":12,""draws"":500},""120s"":{""mean_mae_reduction"":0.00218329419365916,""ci_low"":0.001974297273620517,""ci_high"":0.0024244126890755973,""positive_probability"":1.0,""block_rows"":24,""draws"":500},""300s"":{""mean_mae_reduction"":0.00218329419365916,""ci_low"":0.0019527403510057348,""ci_high"":0.002419301666873744,""positive_probability"":1.0,""block_rows"":60,""draws"":500}},""base_pca_to_candidate"":{""60s"":{""mean_mae_reduction"":0.0015479712736209447,""ci_low"":0.0013415120486659398,""ci_high"":0.0017818713683934394,""positive_probability"":1.0,""block_rows"":12,""draws"":500},""120s"":{""mean_mae_reduction"":0.0015479712736209447,""ci_low"":0.0013000923426440328,""ci_high"":0.0017668719374737464,""positive_probability"":1.0,""block_rows"":24,""draws"":500},""300s"":{""mean_mae_reduction"":0.0015479712736209447,""ci_low"":0.0013006684267238956,""ci_high"":0.0017824032034438715,""positive_probability"":1.0,""block_rows"":60,""draws"":500}}}",,,,,1,,surface_displacement
0.14822895204572373,0.18048471605547645,0.17076881830365598,0.18007239385444418,0.1716380222591154,,,,,diagnostic_1,,surprise_increment_60s,0.009303575550788201,"{""60s"":{""mean_mae_reduction"":4.040816349947395e-05,""ci_low"":3.7545474739007173e-05,""ci_high"":4.390895495818569e-05,""positive_probability"":1.0,""block_rows"":12,""draws"":500},""120s"":{""mean_mae_reduction"":4.040816349947395e-05,""ci_low"":3.6987984243865754e-05,""ci_high"":4.4219616759760395e-05,""positive_probability"":1.0,""block_rows"":24,""draws"":500},""300s"":{""mean_mae_reduction"":4.040816349947395e-05,""ci_low"":3.569065716654581e-05,""ci_high"":4.4930296068729014e-05,""positive_probability"":1.0,""block_rows"":60,""draws"":500}}","{""base_to_candidate"":{""60s"":{""mean_mae_reduction"":3.663295520940784e-05,""ci_low"":3.389028343005814e-05,""ci_high"":3.897803853802263e-05,""positive_probability"":1.0,""block_rows"":12,""draws"":500},""120s"":{""mean_mae_reduction"":3.663295520940784e-05,""ci_low"":3.371610690777423e-05,""ci_high"":3.97049187486228e-05,""positive_probability"":1.0,""block_rows"":24,""draws"":500},""300s"":{""mean_mae_reduction"":3.663295520940784e-05,""ci_low"":3.294083390651245e-05,""ci_high"":4.0182151765407434e-05,""positive_probability"":1.0,""block_rows"":60,""draws"":500}},""base_pca_to_candidate"":{""60s"":{""mean_mae_reduction"":2.3752882809147462e-05,""ci_low"":2.190618496971083e-05,""ci_high"":2.53925161559077e-05,""positive_probability"":1.0,""block_rows"":12,""draws"":500},""120s"":{""mean_mae_reduction"":2.3752882809147462e-05,""ci_low"":2.142344918882361e-05,""ci_high"":2.600481826789838e-05,""positive_probability"":1.0,""block_rows"":24,""draws"":500},""300s"":{""mean_mae_reduction"":2.3752882809147462e-05,""ci_low"":2.060133067867931e-05,""ci_high"":2.701586979635894e-05,""positive_probability"":1.0,""block_rows"":60,""draws"":500}}}",,,,,1,,absolute_atm_iv_change
,,,,,12,60,0.03877645848829051,-0.03592890621131541,diagnostic_2,500,surprise_l2_60s,,,,False,"[0,0,0,0,4477]","[null,null,null,null,0.043788369207352976]",4477,1,0.001821313555763789,surface_displacement
,,,,,24,120,0.040224130342859724,-0.04216160419564746,diagnostic_2,500,surprise_l2_60s,,,,False,"[0,0,0,0,4477]","[null,null,null,null,0.043788369207352976]",4477,1,0.001821313555763789,surface_displacement
,,,,,60,300,0.03991304653004052,-0.05260349748087559,diagnostic_2,500,surprise_l2_60s,,,,False,"[0,0,0,0,4477]","[null,null,null,null,0.043788369207352976]",4477,1,0.001821313555763789,surface_displacement
,,,,,12,60,-0.01289712638996498,-0.07806054857463675,diagnostic_2,500,surprise_l2_60s,,,,False,"[0,0,0,0,4477]","[null,null,null,null,0.005322463640696454]",4477,1,-0.04421322908211443,absolute_atm_iv_change
,,,,,24,120,-0.015647184379492866,-0.08013676600046342,diagnostic_2,500,surprise_l2_60s,,,,False,"[0,0,0,0,4477]","[null,null,null,null,0.005322463640696454]",4477,1,-0.04421322908211443,absolute_atm_iv_change
,,,,,60,300,-0.008740225844551145,-0.09048641873402162,diagnostic_2,500,surprise_l2_60s,,,,False,"[0,0,0,0,4477]","[null,null,null,null,0.005322463640696454]",4477,1,-0.04421322908211443,absolute_atm_iv_change
,,,,,12,60,0.18502296956701236,0.05378374413844992,diagnostic_2,500,surprise_l2_60s,,,,False,"[0,0,0,0,4477]","[null,null,null,null,0.0001253889831551262]",4477,1,0.11903541459172436,realized_futures_volatility
,,,,,24,120,0.2050404394894217,0.04058163311013608,diagnostic_2,500,surprise_l2_60s,,,,False,"[0,0,0,0,4477]","[null,null,null,null,0.0001253889831551262]",4477,1,0.11903541459172436,realized_futures_volatility
,,,,,60,300,0.21985803859235592,0.03822106684341088,diagnostic_2,500,surprise_l2_60s,,,,False,"[0,0,0,0,4477]","[null,null,null,null,0.0001253889831551262]",4477,1,0.11903541459172436,realized_futures_volatility
,,,,,12,60,0.09865036807393775,-0.001861631405164178,diagnostic_2,500,surprise_l2_60s,,,,False,"[0,0,0,0,4477]","[null,null,null,null,9.158639096244521e-05]",4477,1,0.04832159371615611,absolute_futures_return
,,,,,24,120,0.10414492446872164,-0.015562705044226273,diagnostic_2,500,surprise_l2_60s,,,,False,"[0,0,0,0,4477]","[null,null,null,null,9.158639096244521e-05]",4477,1,0.04832159371615611,absolute_futures_return
,,,,,60,300,0.11910042401221635,-0.009246364313455897,diagnostic_2,500,surprise_l2_60s,,,,False,"[0,0,0,0,4477]","[null,null,null,null,9.158639096244521e-05]",4477,1,0.04832159371615611,absolute_futures_return
,,,,,12,60,0.013572407888603,-0.03779753291815523,diagnostic_2,500,surprise_l2_60s,,,,False,"[0,0,0,0,4477]","[null,null,null,null,-2.1047722142079905e-07]",4477,1,-0.013548636312815986,near_atm_spread_change
,,,,,24,120,0.012825132290097432,-0.038380749014919516,diagnostic_2,500,surprise_l2_60s,,,,False,"[0,0,0,0,4477]","[null,null,null,null,-2.1047722142079905e-07]",4477,1,-0.013548636312815986,near_atm_spread_change
,,,,,60,300,0.008027084363620426,-0.03650405219776964,diagnostic_2,500,surprise_l2_60s,,,,False,"[0,0,0,0,4477]","[null,null,null,null,-2.1047722142079905e-07]",4477,1,-0.013548636312815986,near_atm_spread_change
,,,,,12,60,0.1255564429620049,0.01963412629109809,diagnostic_2,500,surprise_l2_60s,,,,False,"[0,0,0,0,4477]","[null,null,null,null,7.251794109866106e-05]",4477,1,0.06995865220245179,absolute_atm_straddle_change
,,,,,24,120,0.12431395613128805,0.01050600409896759,diagnostic_2,500,surprise_l2_60s,,,,False,"[0,0,0,0,4477]","[null,null,null,null,7.251794109866106e-05]",4477,1,0.06995865220245179,absolute_atm_straddle_change
,,,,,60,300,0.14994011837900822,0.0027769007786753296,diagnostic_2,500,surprise_l2_60s,,,,False,"[0,0,0,0,4477]","[null,null,null,null,7.251794109866106e-05]",4477,1,0.06995865220245179,absolute_atm_straddle_change
,,,,,12,60,0.08781086158936136,-0.008218218317769673,diagnostic_2,500,surprise_l2_60s,,,,False,"[0,0,0,0,4477]","[null,null,null,null,8.705193779354523e-08]",4477,1,0.039697711172334754,parity_restoration
,,,,,24,120,0.08360363000685476,-0.01060471341675878,diagnostic_2,500,surprise_l2_60s,,,,False,"[0,0,0,0,4477]","[null,null,null,null,8.705193779354523e-08]",4477,1,0.039697711172334754,parity_restoration
,,,,,60,300,0.0785892100732337,0.0024008128592985494,diagnostic_2,500,surprise_l2_60s,,,,False,"[0,0,0,0,4477]","[null,null,null,null,8.705193779354523e-08]",4477,1,0.039697711172334754,parity_restoration
,,,,,12,60,0.04400623859677107,-0.030026722319131026,diagnostic_2,500,surprise_unit_l2_60s,,,,False,"[0,0,0,0,4477]","[null,null,null,null,0.043788369207352976]",4477,1,0.006268778787541679,surface_displacement
,,,,,24,120,0.04548826315235847,-0.03790382351868282,diagnostic_2,500,surprise_unit_l2_60s,,,,False,"[0,0,0,0,4477]","[null,null,null,null,0.043788369207352976]",4477,1,0.006268778787541679,surface_displacement
,,,,,60,300,0.046697374977668675,-0.05250092734627505,diagnostic_2,500,surprise_unit_l2_60s,,,,False,"[0,0,0,0,4477]","[null,null,null,null,0.043788369207352976]",4477,1,0.006268778787541679,surface_displacement
,,,,,12,60,-0.003566725527771927,-0.0697627905545245,diagnostic_2,500,surprise_unit_l2_60s,,,,False,"[0,0,0,0,4477]","[null,null,null,null,0.005322463640696454]",4477,1,-0.03578435681433459,absolute_atm_iv_change
,,,,,24,120,-0.006488500879039537,-0.07333596647473622,diagnostic_2,500,surprise_unit_l2_60s,,,,False,"[0,0,0,0,4477]","[null,null,null,null,0.005322463640696454]",4477,1,-0.03578435681433459,absolute_atm_iv_change
,,,,,60,300,-0.0012583219339452694,-0.08444222652447977,diagnostic_2,500,surprise_unit_l2_60s,,,,False,"[0,0,0,0,4477]","[null,null,null,null,0.005322463640696454]",4477,1,-0.03578435681433459,absolute_atm_iv_change
,,,,,12,60,0.04400623859677107,-0.030026722319131026,diagnostic_2,500,surprise_cosine_60s,,,,False,"[0,0,0,0,4477]","[null,null,null,null,0.043788369207352976]",4477,1,0.006268778787541679,surface_displacement
,,,,,24,120,0.04548826315235847,-0.03790382351868282,diagnostic_2,500,surprise_cosine_60s,,,,False,"[0,0,0,0,4477]","[null,null,null,null,0.043788369207352976]",4477,1,0.006268778787541679,surface_displacement
,,,,,60,300,0.046697374977668675,-0.05250092734627505,diagnostic_2,500,surprise_cosine_60s,,,,False,"[0,0,0,0,4477]","[null,null,null,null,0.043788369207352976]",4477,1,0.006268778787541679,surface_displacement
,,,,,12,60,-0.003566725527771927,-0.0697627905545245,diagnostic_2,500,surprise_cosine_60s,,,,False,"[0,0,0,0,4477]","[null,null,null,null,0.005322463640696454]",4477,1,-0.03578435681433459,absolute_atm_iv_change
,,,,,24,120,-0.006488500879039537,-0.07333596647473622,diagnostic_2,500,surprise_cosine_60s,,,,False,"[0,0,0,0,4477]","[null,null,null,null,0.005322463640696454]",4477,1,-0.03578435681433459,absolute_atm_iv_change
,,,,,60,300,-0.0012583219339452694,-0.08444222652447977,diagnostic_2,500,surprise_cosine_60s,,,,False,"[0,0,0,0,4477]","[null,null,null,null,0.005322463640696454]",4477,1,-0.03578435681433459,absolute_atm_iv_change
-0.04285371820194461,-0.098987882522094,-0.21084628096662628,-0.09149545027106853,-0.2206168077093067,,,,,diagnostic_2,,surprise_increment_60s,0.11935083069555774,"{""60s"":{""mean_mae_reduction"":0.0022951987815562403,""ci_low"":0.0021115787638379315,""ci_high"":0.0025033663561319667,""positive_probability"":1.0,""block_rows"":12,""draws"":500},""120s"":{""mean_mae_reduction"":0.0022951987815562403,""ci_low"":0.0020538451436531375,""ci_high"":0.0025460762840681115,""positive_probability"":1.0,""block_rows"":24,""draws"":500},""300s"":{""mean_mae_reduction"":0.0022951987815562403,""ci_low"":0.0019296656999279063,""ci_high"":0.002660796134194546,""positive_probability"":1.0,""block_rows"":60,""draws"":500}}","{""base_to_candidate"":{""60s"":{""mean_mae_reduction"":0.002483092748814553,""ci_low"":0.002289582356567899,""ci_high"":0.0026724432105711517,""positive_probability"":1.0,""block_rows"":12,""draws"":500},""120s"":{""mean_mae_reduction"":0.002483092748814553,""ci_low"":0.0022548823631252275,""ci_high"":0.002728963310697611,""positive_probability"":1.0,""block_rows"":24,""draws"":500},""300s"":{""mean_mae_reduction"":0.002483092748814553,""ci_low"":0.0021403880778367813,""ci_high"":0.00283459553975952,""positive_probability"":1.0,""block_rows"":60,""draws"":500}},""base_pca_to_candidate"":{""60s"":{""mean_mae_reduction"":0.0019410190417007312,""ci_low"":0.0017487629055790335,""ci_high"":0.0021537243713397915,""positive_probability"":1.0,""block_rows"":12,""draws"":500},""120s"":{""mean_mae_reduction"":0.0019410190417007312,""ci_low"":0.0016939873259649283,""ci_high"":0.0021625038292235658,""positive_probability"":1.0,""block_rows"":24,""draws"":500},""300s"":{""mean_mae_reduction"":0.0019410190417007312,""ci_low"":0.0016331685979024662,""ci_high"":0.00229468234803624,""positive_probability"":1.0,""block_rows"":60,""draws"":500}}}",,,,,1,,surface_displacement
0.1709199705405332,0.19673131900839458,0.19040127696132114,0.1965853385176971,0.1894451971199771,,,,,diagnostic_2,,surprise_increment_60s,0.006184061556375964,"{""60s"":{""mean_mae_reduction"":3.162102290815318e-05,""ci_low"":2.9503496647503554e-05,""ci_high"":3.385014870363088e-05,""positive_probability"":1.0,""block_rows"":12,""draws"":500},""120s"":{""mean_mae_reduction"":3.162102290815318e-05,""ci_low"":2.8917349045772948e-05,""ci_high"":3.433446231810652e-05,""positive_probability"":1.0,""block_rows"":24,""draws"":500},""300s"":{""mean_mae_reduction"":3.162102290815318e-05,""ci_low"":2.752459360865431e-05,""ci_high"":3.589034905061103e-05,""positive_probability"":1.0,""block_rows"":60,""draws"":500}}","{""base_to_candidate"":{""60s"":{""mean_mae_reduction"":3.650975538430469e-05,""ci_low"":3.4569748532023115e-05,""ci_high"":3.8532505450995006e-05,""positive_probability"":1.0,""block_rows"":12,""draws"":500},""120s"":{""mean_mae_reduction"":3.650975538430469e-05,""ci_low"":3.4131414806325636e-05,""ci_high"":3.899790887217781e-05,""positive_probability"":1.0,""block_rows"":24,""draws"":500},""300s"":{""mean_mae_reduction"":3.650975538430469e-05,""ci_low"":3.317551701433841e-05,""ci_high"":3.999618461232409e-05,""positive_probability"":1.0,""block_rows"":60,""draws"":500}},""base_pca_to_candidate"":{""60s"":{""mean_mae_reduction"":2.5117657742551275e-05,""ci_low"":2.3504566929795983e-05,""ci_high"":2.6866854837232653e-05,""positive_probability"":1.0,""block_rows"":12,""draws"":500},""120s"":{""mean_mae_reduction"":2.5117657742551275e-05,""ci_low"":2.297432790434067e-05,""ci_high"":2.702359473884471e-05,""positive_probability"":1.0,""block_rows"":24,""draws"":500},""300s"":{""mean_mae_reduction"":2.5117657742551275e-05,""ci_low"":2.1969493095734585e-05,""ci_high"":2.8099279765759526e-05,""positive_probability"":1.0,""block_rows"":60,""draws"":500}}}",,,,,1,,absolute_atm_iv_change
,,,,,12,60,0.20800720805832149,0.11585276170730811,diagnostic_1,500,surprise_l2_5s,,,,False,"[0,0,0,534,1808]","[null,null,null,0.041150279220841295,0.04454497308222045]",2342,7,0.160242940314027,surface_displacement
,,,,,24,120,0.20677799381801246,0.12022032690883827,diagnostic_1,500,surprise_l2_5s,,,,False,"[0,0,0,534,1808]","[null,null,null,0.041150279220841295,0.04454497308222045]",2342,7,0.160242940314027,surface_displacement
,,,,,60,300,0.2124170093548844,0.10985629622696991,diagnostic_1,500,surprise_l2_5s,,,,False,"[0,0,0,534,1808]","[null,null,null,0.041150279220841295,0.04454497308222045]",2342,7,0.160242940314027,surface_displacement
,,,,,12,60,0.13815133981304437,0.05651618086725301,diagnostic_1,500,surprise_l2_5s,,,,False,"[0,0,0,534,1808]","[null,null,null,0.004175496612037166,0.004661609344514071]",2342,7,0.09725557585186548,absolute_atm_iv_change
,,,,,24,120,0.1485173272307245,0.05793789643223776,diagnostic_1,500,surprise_l2_5s,,,,False,"[0,0,0,534,1808]","[null,null,null,0.004175496612037166,0.004661609344514071]",2342,7,0.09725557585186548,absolute_atm_iv_change
,,,,,60,300,0.15282708941075443,0.058101976502465444,diagnostic_1,500,surprise_l2_5s,,,,False,"[0,0,0,534,1808]","[null,null,null,0.004175496612037166,0.004661609344514071]",2342,7,0.09725557585186548,absolute_atm_iv_change
,,,,,12,60,0.14302570499977935,-0.02476194978685581,diagnostic_1,500,surprise_l2_5s,,,,False,"[0,0,0,534,1808]","[null,null,null,0.00010635915434440263,0.00011630941867741748]",2342,7,0.05123060810642329,realized_futures_volatility
,,,,,24,120,0.16498197657923333,-0.02824177524457306,diagnostic_1,500,surprise_l2_5s,,,,False,"[0,0,0,534,1808]","[null,null,null,0.00010635915434440263,0.00011630941867741748]",2342,7,0.05123060810642329,realized_futures_volatility
,,,,,60,300,0.18006970951720747,-0.027364432214673794,diagnostic_1,500,surprise_l2_5s,,,,False,"[0,0,0,534,1808]","[null,null,null,0.00010635915434440263,0.00011630941867741748]",2342,7,0.05123060810642329,realized_futures_volatility
,,,,,12,60,0.1025574755309767,-0.03408380964586214,diagnostic_1,500,surprise_l2_5s,,,,False,"[0,0,0,534,1808]","[null,null,null,7.687615098131729e-05,8.938692312324996e-05]",2342,7,0.029959629783898198,absolute_futures_return
,,,,,24,120,0.10908875983201478,-0.03530045731664329,diagnostic_1,500,surprise_l2_5s,,,,False,"[0,0,0,534,1808]","[null,null,null,7.687615098131729e-05,8.938692312324996e-05]",2342,7,0.029959629783898198,absolute_futures_return
,,,,,60,300,0.14230401105663873,-0.03737391831160846,diagnostic_1,500,surprise_l2_5s,,,,False,"[0,0,0,534,1808]","[null,null,null,7.687615098131729e-05,8.938692312324996e-05]",2342,7,0.029959629783898198,absolute_futures_return
,,,,,12,60,0.05426031529889422,-0.023072981214607914,diagnostic_1,500,surprise_l2_5s,,,,False,"[0,0,0,534,1808]","[null,null,null,3.3580984424081133e-06,-3.3154394291521596e-06]",2342,7,0.019113475557444606,near_atm_spread_change
,,,,,24,120,0.04897213972642957,-0.01505419236202335,diagnostic_1,500,surprise_l2_5s,,,,False,"[0,0,0,534,1808]","[null,null,null,3.3580984424081133e-06,-3.3154394291521596e-06]",2342,7,0.019113475557444606,near_atm_spread_change
,,,,,60,300,0.04181875770180115,-0.01684838626741685,diagnostic_1,500,surprise_l2_5s,,,,False,"[0,0,0,534,1808]","[null,null,null,3.3580984424081133e-06,-3.3154394291521596e-06]",2342,7,0.019113475557444606,near_atm_spread_change
,,,,,12,60,-0.06846079713164835,-0.20521330323438394,diagnostic_1,500,surprise_l2_5s,,,,False,"[0,0,0,534,1808]","[null,null,null,4.723423931482579e-05,4.5982962144555245e-05]",2342,7,-0.13699487155919315,absolute_atm_straddle_change
,,,,,24,120,-0.05497056030884348,-0.20938664289004416,diagnostic_1,500,surprise_l2_5s,,,,False,"[0,0,0,534,1808]","[null,null,null,4.723423931482579e-05,4.5982962144555245e-05]",2342,7,-0.13699487155919315,absolute_atm_straddle_change
,,,,,60,300,-0.022350994106591623,-0.21155334129094297,diagnostic_1,500,surprise_l2_5s,,,,False,"[0,0,0,534,1808]","[null,null,null,4.723423931482579e-05,4.5982962144555245e-05]",2342,7,-0.13699487155919315,absolute_atm_straddle_change
,,,,,12,60,-0.008026720157777256,-0.13315555263472453,diagnostic_1,500,surprise_l2_5s,,,,False,"[0,0,0,534,1808]","[null,null,null,3.248375329069753e-06,-4.911336975812318e-07]",2342,7,-0.06801848439021618,parity_restoration
,,,,,24,120,-0.006253490207255691,-0.12575781402388583,diagnostic_1,500,surprise_l2_5s,,,,False,"[0,0,0,534,1808]","[null,null,null,3.248375329069753e-06,-4.911336975812318e-07]",2342,7,-0.06801848439021618,parity_restoration
,,,,,60,300,-0.006790134083441448,-0.10975588776245909,diagnostic_1,500,surprise_l2_5s,,,,False,"[0,0,0,534,1808]","[null,null,null,3.248375329069753e-06,-4.911336975812318e-07]",2342,7,-0.06801848439021618,parity_restoration
,,,,,12,60,0.2167596434654698,0.12390264632414381,diagnostic_1,500,surprise_unit_l2_5s,,,,False,"[0,0,0,594,1748]","[null,null,null,0.04008371937454877,0.04502393085131685]",2342,7,0.16847861868026245,surface_displacement
,,,,,24,120,0.21417159959581403,0.1294059068706039,diagnostic_1,500,surprise_unit_l2_5s,,,,False,"[0,0,0,594,1748]","[null,null,null,0.04008371937454877,0.04502393085131685]",2342,7,0.16847861868026245,surface_displacement
,,,,,60,300,0.2195143593205193,0.1175640738658467,diagnostic_1,500,surprise_unit_l2_5s,,,,False,"[0,0,0,594,1748]","[null,null,null,0.04008371937454877,0.04502393085131685]",2342,7,0.16847861868026245,surface_displacement
,,,,,12,60,0.14570170714853584,0.06432635301165376,diagnostic_1,500,surprise_unit_l2_5s,,,,False,"[0,0,0,594,1748]","[null,null,null,0.004086073588341575,0.0047086825939556005]",2342,7,0.1039931584273474,absolute_atm_iv_change
,,,,,24,120,0.1538339887976198,0.06480631666467215,diagnostic_1,500,surprise_unit_l2_5s,,,,False,"[0,0,0,594,1748]","[null,null,null,0.004086073588341575,0.0047086825939556005]",2342,7,0.1039931584273474,absolute_atm_iv_change
,,,,,60,300,0.15748535741712807,0.06298345685376243,diagnostic_1,500,surprise_unit_l2_5s,,,,False,"[0,0,0,594,1748]","[null,null,null,0.004086073588341575,0.0047086825939556005]",2342,7,0.1039931584273474,absolute_atm_iv_change
,,,,,12,60,0.2167596434654698,0.12390264632414381,diagnostic_1,500,surprise_cosine_5s,,,,False,"[0,0,0,594,1748]","[null,null,null,0.04008371937454877,0.04502393085131685]",2342,7,0.16847861868026245,surface_displacement
,,,,,24,120,0.21417159959581403,0.1294059068706039,diagnostic_1,500,surprise_cosine_5s,,,,False,"[0,0,0,594,1748]","[null,null,null,0.04008371937454877,0.04502393085131685]",2342,7,0.16847861868026245,surface_displacement
,,,,,60,300,0.2195143593205193,0.1175640738658467,diagnostic_1,500,surprise_cosine_5s,,,,False,"[0,0,0,594,1748]","[null,null,null,0.04008371937454877,0.04502393085131685]",2342,7,0.16847861868026245,surface_displacement
,,,,,12,60,0.14570170714853584,0.06432635301165376,diagnostic_1,500,surprise_cosine_5s,,,,False,"[0,0,0,594,1748]","[null,null,null,0.004086073588341575,0.0047086825939556005]",2342,7,0.1039931584273474,absolute_atm_iv_change
,,,,,24,120,0.1538339887976198,0.06480631666467215,diagnostic_1,500,surprise_cosine_5s,,,,False,"[0,0,0,594,1748]","[null,null,null,0.004086073588341575,0.0047086825939556005]",2342,7,0.1039931584273474,absolute_atm_iv_change
,,,,,60,300,0.15748535741712807,0.06298345685376243,diagnostic_1,500,surprise_cosine_5s,,,,False,"[0,0,0,594,1748]","[null,null,null,0.004086073588341575,0.0047086825939556005]",2342,7,0.1039931584273474,absolute_atm_iv_change
0.007001765603839694,-0.05559445157975906,-0.09084727481063593,-0.03598835001854783,-0.08200533791537845,,,,,diagnostic_1,,surprise_increment_5s,0.05485892479208809,"{""60s"":{""mean_mae_reduction"":0.0010519046315471253,""ci_low"":0.000944387743176753,""ci_high"":0.0011596074366627077,""positive_probability"":1.0,""block_rows"":12,""draws"":500},""120s"":{""mean_mae_reduction"":0.0010519046315471253,""ci_low"":0.0009330029829653393,""ci_high"":0.0011655574711869122,""positive_probability"":1.0,""block_rows"":24,""draws"":500},""300s"":{""mean_mae_reduction"":0.0010519046315471253,""ci_low"":0.0009294714865739911,""ci_high"":0.0011755839681911074,""positive_probability"":1.0,""block_rows"":60,""draws"":500}}","{""base_to_candidate"":{""60s"":{""mean_mae_reduction"":0.0008823629497292879,""ci_low"":0.0007732469820452636,""ci_high"":0.000994528750127892,""positive_probability"":1.0,""block_rows"":12,""draws"":500},""120s"":{""mean_mae_reduction"":0.0008823629497292879,""ci_low"":0.0007628222763965862,""ci_high"":0.000995278004325745,""positive_probability"":1.0,""block_rows"":24,""draws"":500},""300s"":{""mean_mae_reduction"":0.0008823629497292879,""ci_low"":0.0007397205325936089,""ci_high"":0.0010438614065428425,""positive_probability"":1.0,""block_rows"":60,""draws"":500}},""base_pca_to_candidate"":{""60s"":{""mean_mae_reduction"":0.0005332993639318932,""ci_low"":0.00044510737750649875,""ci_high"":0.0006331380271282832,""positive_probability"":1.0,""block_rows"":12,""draws"":500},""120s"":{""mean_mae_reduction"":0.0005332993639318932,""ci_low"":0.0004319167467331372,""ci_high"":0.0006368337881471667,""positive_probability"":1.0,""block_rows"":24,""draws"":500},""300s"":{""mean_mae_reduction"":0.0005332993639318932,""ci_low"":0.00040393141060411533,""ci_high"":0.0006653231968319573,""positive_probability"":1.0,""block_rows"":60,""draws"":500}}}",,,,,7,,surface_displacement
0.14200329971104153,0.17328833074474703,0.17107346225275588,0.17468590231934789,0.1716380222591154,,,,,diagnostic_1,,surprise_increment_5s,0.0036124400665920042,"{""60s"":{""mean_mae_reduction"":1.5689889123384488e-05,""ci_low"":1.4540793037262593e-05,""ci_high"":1.6906428048223372e-05,""positive_probability"":1.0,""block_rows"":12,""draws"":500},""120s"":{""mean_mae_reduction"":1.5689889123384488e-05,""ci_low"":1.4253932239976696e-05,""ci_high"":1.7205664053427154e-05,""positive_probability"":1.0,""block_rows"":24,""draws"":500},""300s"":{""mean_mae_reduction"":1.5689889123384488e-05,""ci_low"":1.4003460271263843e-05,""ci_high"":1.7644470884082295e-05,""positive_probability"":1.0,""block_rows"":60,""draws"":500}}","{""base_to_candidate"":{""60s"":{""mean_mae_reduction"":1.3237839057503594e-05,""ci_low"":1.2059275283744938e-05,""ci_high"":1.4429782158037357e-05,""positive_probability"":1.0,""block_rows"":12,""draws"":500},""120s"":{""mean_mae_reduction"":1.3237839057503594e-05,""ci_low"":1.1889790478113727e-05,""ci_high"":1.480381733667188e-05,""positive_probability"":1.0,""block_rows"":24,""draws"":500},""300s"":{""mean_mae_reduction"":1.3237839057503594e-05,""ci_low"":1.1182133045850367e-05,""ci_high"":1.5325031827413294e-05,""positive_probability"":1.0,""block_rows"":60,""draws"":500}},""base_pca_to_candidate"":{""60s"":{""mean_mae_reduction"":1.0648297180584452e-05,""ci_low"":9.541369190103485e-06,""ci_high"":1.1691219892483669e-05,""positive_probability"":1.0,""block_rows"":12,""draws"":500},""120s"":{""mean_mae_reduction"":1.0648297180584452e-05,""ci_low"":9.367161693483966e-06,""ci_high"":1.2038757972049059e-05,""positive_probability"":1.0,""block_rows"":24,""draws"":500},""300s"":{""mean_mae_reduction"":1.0648297180584452e-05,""ci_low"":8.46021911823007e-06,""ci_high"":1.2947572076980805e-05,""positive_probability"":1.0,""block_rows"":60,""draws"":500}}}",,,,,7,,absolute_atm_iv_change
,,,,,12,60,0.2104339256039047,0.14615381538185945,diagnostic_2,500,surprise_l2_5s,,,,False,"[0,0,0,110,4367]","[null,null,null,0.04063039326325899,0.043867915200906986]",4477,7,0.18214905919498367,surface_displacement
,,,,,24,120,0.21435113416795784,0.14496692595443597,diagnostic_2,500,surprise_l2_5s,,,,False,"[0,0,0,110,4367]","[null,null,null,0.04063039326325899,0.043867915200906986]",4477,7,0.18214905919498367,surface_displacement
,,,,,60,300,0.21267590929293234,0.14831090438475697,diagnostic_2,500,surprise_l2_5s,,,,False,"[0,0,0,110,4367]","[null,null,null,0.04063039326325899,0.043867915200906986]",4477,7,0.18214905919498367,surface_displacement
,,,,,12,60,0.18443343551033764,0.11296244444241434,diagnostic_2,500,surprise_l2_5s,,,,False,"[0,0,0,110,4367]","[null,null,null,0.004805944182656028,0.005335474206390167]",4477,7,0.1508972395848622,absolute_atm_iv_change
,,,,,24,120,0.18234863111792726,0.11300283888761477,diagnostic_2,500,surprise_l2_5s,,,,False,"[0,0,0,110,4367]","[null,null,null,0.004805944182656028,0.005335474206390167]",4477,7,0.1508972395848622,absolute_atm_iv_change
,,,,,60,300,0.1834500165526406,0.11442398365035417,diagnostic_2,500,surprise_l2_5s,,,,False,"[0,0,0,110,4367]","[null,null,null,0.004805944182656028,0.005335474206390167]",4477,7,0.1508972395848622,absolute_atm_iv_change
,,,,,12,60,0.14011702167793844,0.002162882720178982,diagnostic_2,500,surprise_l2_5s,,,,False,"[0,0,0,110,4367]","[null,null,null,0.00012938213895966706,0.0001252883998854904]",4477,7,0.07448494109595147,realized_futures_volatility
,,,,,24,120,0.15261778820587468,0.0015557787354798318,diagnostic_2,500,surprise_l2_5s,,,,False,"[0,0,0,110,4367]","[null,null,null,0.00012938213895966706,0.0001252883998854904]",4477,7,0.07448494109595147,realized_futures_volatility
,,,,,60,300,0.1770017114184908,-0.012853898110048542,diagnostic_2,500,surprise_l2_5s,,,,False,"[0,0,0,110,4367]","[null,null,null,0.00012938213895966706,0.0001252883998854904]",4477,7,0.07448494109595147,realized_futures_volatility
,,,,,12,60,0.0536736335548455,-0.051773357923394395,diagnostic_2,500,surprise_l2_5s,,,,False,"[0,0,0,110,4367]","[null,null,null,9.582692926580256e-05,9.147957639561e-05]",4477,7,0.0017410570865884632,absolute_futures_return
,,,,,24,120,0.059254585291382667,-0.05953029437835453,diagnostic_2,500,surprise_l2_5s,,,,False,"[0,0,0,110,4367]","[null,null,null,9.582692926580256e-05,9.147957639561e-05]",4477,7,0.0017410570865884632,absolute_futures_return
,,,,,60,300,0.06729834855927928,-0.06038871685266345,diagnostic_2,500,surprise_l2_5s,,,,False,"[0,0,0,110,4367]","[null,null,null,9.582692926580256e-05,9.147957639561e-05]",4477,7,0.0017410570865884632,absolute_futures_return
,,,,,12,60,0.11085853686896628,0.054916394045230195,diagnostic_2,500,surprise_l2_5s,,,,False,"[0,0,0,110,4367]","[null,null,null,1.4607539792037146e-05,-5.837270202484551e-07]",4477,7,0.0835914908672595,near_atm_spread_change
,,,,,24,120,0.11216884404728901,0.05893176517017438,diagnostic_2,500,surprise_l2_5s,,,,False,"[0,0,0,110,4367]","[null,null,null,1.4607539792037146e-05,-5.837270202484551e-07]",4477,7,0.0835914908672595,near_atm_spread_change
,,,,,60,300,0.11053827915429804,0.0591818853517713,diagnostic_2,500,surprise_l2_5s,,,,False,"[0,0,0,110,4367]","[null,null,null,1.4607539792037146e-05,-5.837270202484551e-07]",4477,7,0.0835914908672595,near_atm_spread_change
,,,,,12,60,0.07865821425857046,-0.022561640489358856,diagnostic_2,500,surprise_l2_5s,,,,False,"[0,0,0,110,4367]","[null,null,null,7.820244539867747e-05,7.237475459236342e-05]",4477,7,0.031069653074186014,absolute_atm_straddle_change
,,,,,24,120,0.08545007324774388,-0.019980664863146858,diagnostic_2,500,surprise_l2_5s,,,,False,"[0,0,0,110,4367]","[null,null,null,7.820244539867747e-05,7.237475459236342e-05]",4477,7,0.031069653074186014,absolute_atm_straddle_change
,,,,,60,300,0.09321678085640647,-0.025046883339963646,diagnostic_2,500,surprise_l2_5s,,,,False,"[0,0,0,110,4367]","[null,null,null,7.820244539867747e-05,7.237475459236342e-05]",4477,7,0.031069653074186014,absolute_atm_straddle_change
,,,,,12,60,0.027672167813791615,-0.060987177749938795,diagnostic_2,500,surprise_l2_5s,,,,False,"[0,0,0,110,4367]","[null,null,null,6.0129839766887015e-06,-6.221587175041337e-08]",4477,7,-0.016538716596319895,parity_restoration
,,,,,24,120,0.02513468844142312,-0.05943142647781594,diagnostic_2,500,surprise_l2_5s,,,,False,"[0,0,0,110,4367]","[null,null,null,6.0129839766887015e-06,-6.221587175041337e-08]",4477,7,-0.016538716596319895,parity_restoration
,,,,,60,300,0.02037486082571044,-0.05150161624864223,diagnostic_2,500,surprise_l2_5s,,,,False,"[0,0,0,110,4367]","[null,null,null,6.0129839766887015e-06,-6.221587175041337e-08]",4477,7,-0.016538716596319895,parity_restoration
,,,,,12,60,0.22161809439176655,0.15684845466972352,diagnostic_2,500,surprise_unit_l2_5s,,,,False,"[0,0,0,127,4350]","[null,null,null,0.04173305110843699,0.04384837504610294]",4477,7,0.19326337038782215,surface_displacement
,,,,,24,120,0.2240593655249065,0.1557079628237024,diagnostic_2,500,surprise_unit_l2_5s,,,,False,"[0,0,0,127,4350]","[null,null,null,0.04173305110843699,0.04384837504610294]",4477,7,0.19326337038782215,surface_displacement
,,,,,60,300,0.22190777425918204,0.15960024396375674,diagnostic_2,500,surprise_unit_l2_5s,,,,False,"[0,0,0,127,4350]","[null,null,null,0.04173305110843699,0.04384837504610294]",4477,7,0.19326337038782215,surface_displacement
,,,,,12,60,0.19102006887834214,0.12185722809384615,diagnostic_2,500,surprise_unit_l2_5s,,,,False,"[0,0,0,127,4350]","[null,null,null,0.0049541847208353475,0.0053332156919199845]",4477,7,0.15882241591413332,absolute_atm_iv_change
,,,,,24,120,0.18876743123188686,0.12022509133408883,diagnostic_2,500,surprise_unit_l2_5s,,,,False,"[0,0,0,127,4350]","[null,null,null,0.0049541847208353475,0.0053332156919199845]",4477,7,0.15882241591413332,absolute_atm_iv_change
,,,,,60,300,0.18965279225298157,0.12381714219106611,diagnostic_2,500,surprise_unit_l2_5s,,,,False,"[0,0,0,127,4350]","[null,null,null,0.0049541847208353475,0.0053332156919199845]",4477,7,0.15882241591413332,absolute_atm_iv_change
,,,,,12,60,0.22161809439176655,0.15684845466972352,diagnostic_2,500,surprise_cosine_5s,,,,False,"[0,0,0,127,4350]","[null,null,null,0.04173305110843699,0.04384837504610294]",4477,7,0.19326337038782215,surface_displacement
,,,,,24,120,0.2240593655249065,0.1557079628237024,diagnostic_2,500,surprise_cosine_5s,,,,False,"[0,0,0,127,4350]","[null,null,null,0.04173305110843699,0.04384837504610294]",4477,7,0.19326337038782215,surface_displacement
,,,,,60,300,0.22190777425918204,0.15960024396375674,diagnostic_2,500,surprise_cosine_5s,,,,False,"[0,0,0,127,4350]","[null,null,null,0.04173305110843699,0.04384837504610294]",4477,7,0.19326337038782215,surface_displacement
,,,,,12,60,0.19102006887834214,0.12185722809384615,diagnostic_2,500,surprise_cosine_5s,,,,False,"[0,0,0,127,4350]","[null,null,null,0.0049541847208353475,0.0053332156919199845]",4477,7,0.15882241591413332,absolute_atm_iv_change
,,,,,24,120,0.18876743123188686,0.12022509133408883,diagnostic_2,500,surprise_cosine_5s,,,,False,"[0,0,0,127,4350]","[null,null,null,0.0049541847208353475,0.0053332156919199845]",4477,7,0.15882241591413332,absolute_atm_iv_change
,,,,,60,300,0.18965279225298157,0.12381714219106611,diagnostic_2,500,surprise_cosine_5s,,,,False,"[0,0,0,127,4350]","[null,null,null,0.0049541847208353475,0.0053332156919199845]",4477,7,0.15882241591413332,absolute_atm_iv_change
-0.09889314568561836,-0.17206611534063643,-0.22791515370858506,-0.15117473393237923,-0.2206168077093067,,,,,diagnostic_2,,surprise_increment_5s,0.07674041977620583,"{""60s"":{""mean_mae_reduction"":0.0014757711943853165,""ci_low"":0.0013752140881089215,""ci_high"":0.001594072437740854,""positive_probability"":1.0,""block_rows"":12,""draws"":500},""120s"":{""mean_mae_reduction"":0.0014757711943853165,""ci_low"":0.0013528561235112229,""ci_high"":0.0016010954380215223,""positive_probability"":1.0,""block_rows"":24,""draws"":500},""300s"":{""mean_mae_reduction"":0.0014757711943853165,""ci_low"":0.0013316064272150486,""ci_high"":0.0016268133523956094,""positive_probability"":1.0,""block_rows"":60,""draws"":500}}","{""base_to_candidate"":{""60s"":{""mean_mae_reduction"":0.0013354189676995328,""ci_low"":0.0012283661877063492,""ci_high"":0.0014315892847275341,""positive_probability"":1.0,""block_rows"":12,""draws"":500},""120s"":{""mean_mae_reduction"":0.0013354189676995328,""ci_low"":0.0012220815004460055,""ci_high"":0.0014688128405250139,""positive_probability"":1.0,""block_rows"":24,""draws"":500},""300s"":{""mean_mae_reduction"":0.0013354189676995328,""ci_low"":0.0011783282234020668,""ci_high"":0.001488951485808542,""positive_probability"":1.0,""block_rows"":60,""draws"":500}},""base_pca_to_candidate"":{""60s"":{""mean_mae_reduction"":0.0008923753207083387,""ci_low"":0.0007911281123448024,""ci_high"":0.000995697609300952,""positive_probability"":1.0,""block_rows"":12,""draws"":500},""120s"":{""mean_mae_reduction"":0.0008923753207083387,""ci_low"":0.0007692838023687144,""ci_high"":0.001009217924673494,""positive_probability"":1.0,""block_rows"":24,""draws"":500},""300s"":{""mean_mae_reduction"":0.0008923753207083387,""ci_low"":0.0007462040338012953,""ci_high"":0.0010492864812971065,""positive_probability"":1.0,""block_rows"":60,""draws"":500}}}",,,,,7,,surface_displacement
0.16652225709677926,0.1916519950377411,0.18901679641311542,0.19291159380545342,0.1894451971199771,,,,,diagnostic_2,,surprise_increment_5s,0.003894797392338001,"{""60s"":{""mean_mae_reduction"":1.991530589451392e-05,""ci_low"":1.890956332702248e-05,""ci_high"":2.0838377579187208e-05,""positive_probability"":1.0,""block_rows"":12,""draws"":500},""120s"":{""mean_mae_reduction"":1.991530589451392e-05,""ci_low"":1.8869793786589372e-05,""ci_high"":2.1031132832824905e-05,""positive_probability"":1.0,""block_rows"":24,""draws"":500},""300s"":{""mean_mae_reduction"":1.991530589451392e-05,""ci_low"":1.8751622081961085e-05,""ci_high"":2.1207991880436165e-05,""positive_probability"":1.0,""block_rows"":60,""draws"":500}}","{""base_to_candidate"":{""60s"":{""mean_mae_reduction"":1.772476033767587e-05,""ci_low"":1.6700112688171937e-05,""ci_high"":1.8713397854839807e-05,""positive_probability"":1.0,""block_rows"":12,""draws"":500},""120s"":{""mean_mae_reduction"":1.772476033767587e-05,""ci_low"":1.665593983335982e-05,""ci_high"":1.8840777169094652e-05,""positive_probability"":1.0,""block_rows"":24,""draws"":500},""300s"":{""mean_mae_reduction"":1.772476033767587e-05,""ci_low"":1.6323594097041157e-05,""ci_high"":1.9288244336717748e-05,""positive_probability"":1.0,""block_rows"":60,""draws"":500}},""base_pca_to_candidate"":{""60s"":{""mean_mae_reduction"":1.5247196226722484e-05,""ci_low"":1.430097227906495e-05,""ci_high"":1.6223609317374903e-05,""positive_probability"":1.0,""block_rows"":12,""draws"":500},""120s"":{""mean_mae_reduction"":1.5247196226722484e-05,""ci_low"":1.4116462553140013e-05,""ci_high"":1.631650369642332e-05,""positive_probability"":1.0,""block_rows"":24,""draws"":500},""300s"":{""mean_mae_reduction"":1.5247196226722484e-05,""ci_low"":1.3870269241697807e-05,""ci_high"":1.6778450687164923e-05,""positive_probability"":1.0,""block_rows"":60,""draws"":500}}}",,,,,7,,absolute_atm_iv_change
,,,,,12,60,0.20749849399912623,0.11189372842218195,diagnostic_1,500,surprise_l2_30s,,,,False,"[0,0,0,1311,1031]","[null,null,null,0.040694329619397375,0.047683117658151176]",2342,7,0.15857716537265973,surface_displacement
,,,,,24,120,0.20751351731431314,0.11809367637117629,diagnostic_1,500,surprise_l2_30s,,,,False,"[0,0,0,1311,1031]","[null,null,null,0.040694329619397375,0.047683117658151176]",2342,7,0.15857716537265973,surface_displacement
,,,,,60,300,0.21276079256450123,0.1065798088180821,diagnostic_1,500,surprise_l2_30s,,,,False,"[0,0,0,1311,1031]","[null,null,null,0.040694329619397375,0.047683117658151176]",2342,7,0.15857716537265973,surface_displacement
,,,,,12,60,0.139665376927204,0.05422092390089561,diagnostic_1,500,surprise_l2_30s,,,,False,"[0,0,0,1311,1031]","[null,null,null,0.004246824489896485,0.0049372628316731275]",2342,7,0.09691041636391168,absolute_atm_iv_change
,,,,,24,120,0.1500728909554628,0.05482998712939077,diagnostic_1,500,surprise_l2_30s,,,,False,"[0,0,0,1311,1031]","[null,null,null,0.004246824489896485,0.0049372628316731275]",2342,7,0.09691041636391168,absolute_atm_iv_change
,,,,,60,300,0.15484167196340973,0.05594479613851606,diagnostic_1,500,surprise_l2_30s,,,,False,"[0,0,0,1311,1031]","[null,null,null,0.004246824489896485,0.0049372628316731275]",2342,7,0.09691041636391168,absolute_atm_iv_change
,,,,,12,60,0.1511069813089425,-0.02059972765040766,diagnostic_1,500,surprise_l2_30s,,,,False,"[0,0,0,1311,1031]","[null,null,null,0.00010989213871364624,0.0001193158327207484]",2342,7,0.05737192459605375,realized_futures_volatility
,,,,,24,120,0.17060254425366336,-0.02326498514128086,diagnostic_1,500,surprise_l2_30s,,,,False,"[0,0,0,1311,1031]","[null,null,null,0.00010989213871364624,0.0001193158327207484]",2342,7,0.05737192459605375,realized_futures_volatility
,,,,,60,300,0.18566480628199492,-0.01992687682782211,diagnostic_1,500,surprise_l2_30s,,,,False,"[0,0,0,1311,1031]","[null,null,null,0.00010989213871364624,0.0001193158327207484]",2342,7,0.05737192459605375,realized_futures_volatility
,,,,,12,60,0.10703920929027717,-0.03342965190170614,diagnostic_1,500,surprise_l2_30s,,,,False,"[0,0,0,1311,1031]","[null,null,null,8.27856231154057e-05,9.130113455534675e-05]",2342,7,0.03194582609191252,absolute_futures_return
,,,,,24,120,0.1130413025309658,-0.032013879187049184,diagnostic_1,500,surprise_l2_30s,,,,False,"[0,0,0,1311,1031]","[null,null,null,8.27856231154057e-05,9.130113455534675e-05]",2342,7,0.03194582609191252,absolute_futures_return
,,,,,60,300,0.14243867417344624,-0.0367999256656356,diagnostic_1,500,surprise_l2_30s,,,,False,"[0,0,0,1311,1031]","[null,null,null,8.27856231154057e-05,9.130113455534675e-05]",2342,7,0.03194582609191252,absolute_futures_return
,,,,,12,60,0.06304291966102246,-0.014956268204406542,diagnostic_1,500,surprise_l2_30s,,,,False,"[0,0,0,1311,1031]","[null,null,null,-1.6978317912537278e-05,1.7514534300363917e-05]",2342,7,0.02511579818139025,near_atm_spread_change
,,,,,24,120,0.05301341536735007,-0.008156168571853886,diagnostic_1,500,surprise_l2_30s,,,,False,"[0,0,0,1311,1031]","[null,null,null,-1.6978317912537278e-05,1.7514534300363917e-05]",2342,7,0.02511579818139025,near_atm_spread_change
,,,,,60,300,0.04820952495171647,-0.012420474977637186,diagnostic_1,500,surprise_l2_30s,,,,False,"[0,0,0,1311,1031]","[null,null,null,-1.6978317912537278e-05,1.7514534300363917e-05]",2342,7,0.02511579818139025,near_atm_spread_change
,,,,,12,60,-0.06582807430910327,-0.20507936381279795,diagnostic_1,500,surprise_l2_30s,,,,False,"[0,0,0,1311,1031]","[null,null,null,4.817781547932657e-05,4.3840119551964804e-05]",2342,7,-0.13520931270622427,absolute_atm_straddle_change
,,,,,24,120,-0.050942354980737944,-0.2074277117922687,diagnostic_1,500,surprise_l2_30s,,,,False,"[0,0,0,1311,1031]","[null,null,null,4.817781547932657e-05,4.3840119551964804e-05]",2342,7,-0.13520931270622427,absolute_atm_straddle_change
,,,,,60,300,-0.01803957514533777,-0.2122239561025024,diagnostic_1,500,surprise_l2_30s,,,,False,"[0,0,0,1311,1031]","[null,null,null,4.817781547932657e-05,4.3840119551964804e-05]",2342,7,-0.13520931270622427,absolute_atm_straddle_change
,,,,,12,60,0.006621402974085591,-0.11906324824560624,diagnostic_1,500,surprise_l2_30s,,,,False,"[0,0,0,1311,1031]","[null,null,null,8.914590180793977e-07,-3.1235700504918457e-07]",2342,7,-0.05360290544012729,parity_restoration
,,,,,24,120,0.008552852636350333,-0.11120095211371182,diagnostic_1,500,surprise_l2_30s,,,,False,"[0,0,0,1311,1031]","[null,null,null,8.914590180793977e-07,-3.1235700504918457e-07]",2342,7,-0.05360290544012729,parity_restoration
,,,,,60,300,0.009516271478043188,-0.09502833812670035,diagnostic_1,500,surprise_l2_30s,,,,False,"[0,0,0,1311,1031]","[null,null,null,8.914590180793977e-07,-3.1235700504918457e-07]",2342,7,-0.05360290544012729,parity_restoration
,,,,,12,60,0.21480551678737114,0.11914332339359998,diagnostic_1,500,surprise_unit_l2_30s,,,,False,"[0,0,0,1328,1014]","[null,null,null,0.04074184291148959,0.0477380602072245]",2342,7,0.16615853844869913,surface_displacement
,,,,,24,120,0.21539036436378542,0.1260072301253604,diagnostic_1,500,surprise_unit_l2_30s,,,,False,"[0,0,0,1328,1014]","[null,null,null,0.04074184291148959,0.0477380602072245]",2342,7,0.16615853844869913,surface_displacement
,,,,,60,300,0.21802887107890087,0.1157178818849369,diagnostic_1,500,surprise_unit_l2_30s,,,,False,"[0,0,0,1328,1014]","[null,null,null,0.04074184291148959,0.0477380602072245]",2342,7,0.16615853844869913,surface_displacement
,,,,,12,60,0.14657167413459612,0.06356157326936152,diagnostic_1,500,surprise_unit_l2_30s,,,,False,"[0,0,0,1328,1014]","[null,null,null,0.004227350808186345,0.0049743422213390735]",2342,7,0.10417767485092894,absolute_atm_iv_change
,,,,,24,120,0.1565293271778736,0.060268211209594434,diagnostic_1,500,surprise_unit_l2_30s,,,,False,"[0,0,0,1328,1014]","[null,null,null,0.004227350808186345,0.0049743422213390735]",2342,7,0.10417767485092894,absolute_atm_iv_change
,,,,,60,300,0.1613335249693217,0.061821813825998564,diagnostic_1,500,surprise_unit_l2_30s,,,,False,"[0,0,0,1328,1014]","[null,null,null,0.004227350808186345,0.0049743422213390735]",2342,7,0.10417767485092894,absolute_atm_iv_change
,,,,,12,60,0.21480551678737114,0.11914332339359998,diagnostic_1,500,surprise_cosine_30s,,,,False,"[0,0,0,1328,1014]","[null,null,null,0.04074184291148959,0.0477380602072245]",2342,7,0.16615853844869913,surface_displacement
,,,,,24,120,0.21539036436378542,0.1260072301253604,diagnostic_1,500,surprise_cosine_30s,,,,False,"[0,0,0,1328,1014]","[null,null,null,0.04074184291148959,0.0477380602072245]",2342,7,0.16615853844869913,surface_displacement
,,,,,60,300,0.21802887107890087,0.1157178818849369,diagnostic_1,500,surprise_cosine_30s,,,,False,"[0,0,0,1328,1014]","[null,null,null,0.04074184291148959,0.0477380602072245]",2342,7,0.16615853844869913,surface_displacement
,,,,,12,60,0.14657167413459612,0.06356157326936152,diagnostic_1,500,surprise_cosine_30s,,,,False,"[0,0,0,1328,1014]","[null,null,null,0.004227350808186345,0.0049743422213390735]",2342,7,0.10417767485092894,absolute_atm_iv_change
,,,,,24,120,0.1565293271778736,0.060268211209594434,diagnostic_1,500,surprise_cosine_30s,,,,False,"[0,0,0,1328,1014]","[null,null,null,0.004227350808186345,0.0049743422213390735]",2342,7,0.10417767485092894,absolute_atm_iv_change
,,,,,60,300,0.1613335249693217,0.061821813825998564,diagnostic_1,500,surprise_cosine_30s,,,,False,"[0,0,0,1328,1014]","[null,null,null,0.004227350808186345,0.0049743422213390735]",2342,7,0.10417767485092894,absolute_atm_iv_change
0.023464789829383825,-0.03958886201263501,-0.09318347254974779,-0.025710266039552954,-0.08200533791537845,,,,,diagnostic_1,,surprise_increment_30s,0.06747320651019484,"{""60s"":{""mean_mae_reduction"":0.0012937799765927185,""ci_low"":0.0011824499645517717,""ci_high"":0.0014058095095702,""positive_probability"":1.0,""block_rows"":12,""draws"":500},""120s"":{""mean_mae_reduction"":0.0012937799765927185,""ci_low"":0.0011707203519317046,""ci_high"":0.0014164418819950883,""positive_probability"":1.0,""block_rows"":24,""draws"":500},""300s"":{""mean_mae_reduction"":0.0012937799765927185,""ci_low"":0.0011726892566795146,""ci_high"":0.0014245507808909935,""positive_probability"":1.0,""block_rows"":60,""draws"":500}}","{""base_to_candidate"":{""60s"":{""mean_mae_reduction"":0.0010794423526142355,""ci_low"":0.000961223926557053,""ci_high"":0.0012016687177034396,""positive_probability"":1.0,""block_rows"":12,""draws"":500},""120s"":{""mean_mae_reduction"":0.0010794423526142355,""ci_low"":0.0009520628121863669,""ci_high"":0.0011960131203901806,""positive_probability"":1.0,""block_rows"":24,""draws"":500},""300s"":{""mean_mae_reduction"":0.0010794423526142355,""ci_low"":0.0009298065237949611,""ci_high"":0.0012423999223154024,""positive_probability"":1.0,""block_rows"":60,""draws"":500}},""base_pca_to_candidate"":{""60s"":{""mean_mae_reduction"":0.0007816495762863735,""ci_low"":0.0006838068897401426,""ci_high"":0.0009011380084471621,""positive_probability"":1.0,""block_rows"":12,""draws"":500},""120s"":{""mean_mae_reduction"":0.0007816495762863735,""ci_low"":0.000669217112831651,""ci_high"":0.000898297768046141,""positive_probability"":1.0,""block_rows"":24,""draws"":500},""300s"":{""mean_mae_reduction"":0.0007816495762863735,""ci_low"":0.0006480321907119832,""ci_high"":0.0009256166359679096,""positive_probability"":1.0,""block_rows"":60,""draws"":500}}}",,,,,7,,surface_displacement
0.14306393915878213,0.17393624451937617,0.17083340906961353,0.1741352400506675,0.1716380222591154,,,,,diagnostic_1,,surprise_increment_30s,0.003301830981053966,"{""60s"":{""mean_mae_reduction"":1.4340822558135676e-05,""ci_low"":1.3476586957429667e-05,""ci_high"":1.522876069462292e-05,""positive_probability"":1.0,""block_rows"":12,""draws"":500},""120s"":{""mean_mae_reduction"":1.4340822558135676e-05,""ci_low"":1.328670447893658e-05,""ci_high"":1.5462630944828016e-05,""positive_probability"":1.0,""block_rows"":24,""draws"":500},""300s"":{""mean_mae_reduction"":1.4340822558135676e-05,""ci_low"":1.3048874679605913e-05,""ci_high"":1.581478051357059e-05,""positive_probability"":1.0,""block_rows"":60,""draws"":500}}","{""base_to_candidate"":{""60s"":{""mean_mae_reduction"":1.0846150951747829e-05,""ci_low"":9.841606659144753e-06,""ci_high"":1.1879074898827848e-05,""positive_probability"":1.0,""block_rows"":12,""draws"":500},""120s"":{""mean_mae_reduction"":1.0846150951747829e-05,""ci_low"":9.674023491694185e-06,""ci_high"":1.2181961698130308e-05,""positive_probability"":1.0,""block_rows"":24,""draws"":500},""300s"":{""mean_mae_reduction"":1.0846150951747829e-05,""ci_low"":9.084615636070017e-06,""ci_high"":1.2699523139059022e-05,""positive_probability"":1.0,""block_rows"":60,""draws"":500}},""base_pca_to_candidate"":{""60s"":{""mean_mae_reduction"":7.241636807827145e-06,""ci_low"":6.2739472031686015e-06,""ci_high"":8.16483658079458e-06,""positive_probability"":1.0,""block_rows"":12,""draws"":500},""120s"":{""mean_mae_reduction"":7.241636807827145e-06,""ci_low"":6.071742367539795e-06,""ci_high"":8.55848178784921e-06,""positive_probability"":1.0,""block_rows"":24,""draws"":500},""300s"":{""mean_mae_reduction"":7.241636807827145e-06,""ci_low"":5.350017038147666e-06,""ci_high"":9.259760835218425e-06,""positive_probability"":1.0,""block_rows"":60,""draws"":500}}}",,,,,7,,absolute_atm_iv_change
,,,,,12,60,0.2113219019908431,0.1464417720101444,diagnostic_2,500,surprise_l2_30s,,,,False,"[0,0,0,788,3689]","[null,null,null,0.039099544940250905,0.044789939693250624]",4477,7,0.1826406026675832,surface_displacement
,,,,,24,120,0.2159182272056748,0.1450801044539919,diagnostic_2,500,surprise_l2_30s,,,,False,"[0,0,0,788,3689]","[null,null,null,0.039099544940250905,0.044789939693250624]",4477,7,0.1826406026675832,surface_displacement
,,,,,60,300,0.21300023828654752,0.1474173943228735,diagnostic_2,500,surprise_l2_30s,,,,False,"[0,0,0,788,3689]","[null,null,null,0.039099544940250905,0.044789939693250624]",4477,7,0.1826406026675832,surface_displacement
,,,,,12,60,0.1848264441817705,0.11267400038501382,diagnostic_2,500,surprise_l2_30s,,,,False,"[0,0,0,788,3689]","[null,null,null,0.004646127343858559,0.005466934500525204]",4477,7,0.15278061322637512,absolute_atm_iv_change
,,,,,24,120,0.18221334287287816,0.11459613392632899,diagnostic_2,500,surprise_l2_30s,,,,False,"[0,0,0,788,3689]","[null,null,null,0.004646127343858559,0.005466934500525204]",4477,7,0.15278061322637512,absolute_atm_iv_change
,,,,,60,300,0.18358061482434318,0.11840329493016989,diagnostic_2,500,surprise_l2_30s,,,,False,"[0,0,0,788,3689]","[null,null,null,0.004646127343858559,0.005466934500525204]",4477,7,0.15278061322637512,absolute_atm_iv_change
,,,,,12,60,0.1403292274085502,0.002414931652523948,diagnostic_2,500,surprise_l2_30s,,,,False,"[0,0,0,788,3689]","[null,null,null,0.00011405077806628368,0.00012781091473821317]",4477,7,0.07561905578182428,realized_futures_volatility
,,,,,24,120,0.15263235310435938,0.005771963969467704,diagnostic_2,500,surprise_l2_30s,,,,False,"[0,0,0,788,3689]","[null,null,null,0.00011405077806628368,0.00012781091473821317]",4477,7,0.07561905578182428,realized_futures_volatility
,,,,,60,300,0.17508183206301536,-0.006665109187813828,diagnostic_2,500,surprise_l2_30s,,,,False,"[0,0,0,788,3689]","[null,null,null,0.00011405077806628368,0.00012781091473821317]",4477,7,0.07561905578182428,realized_futures_volatility
,,,,,12,60,0.05060740609274838,-0.05693042095728253,diagnostic_2,500,surprise_l2_30s,,,,False,"[0,0,0,788,3689]","[null,null,null,8.795104050999366e-05,9.236293098861268e-05]",4477,7,-0.0034701286419487184,absolute_futures_return
,,,,,24,120,0.05745194767490186,-0.062378027187515984,diagnostic_2,500,surprise_l2_30s,,,,False,"[0,0,0,788,3689]","[null,null,null,8.795104050999366e-05,9.236293098861268e-05]",4477,7,-0.0034701286419487184,absolute_futures_return
,,,,,60,300,0.06525316044053404,-0.06658935869961112,diagnostic_2,500,surprise_l2_30s,,,,False,"[0,0,0,788,3689]","[null,null,null,8.795104050999366e-05,9.236293098861268e-05]",4477,7,-0.0034701286419487184,absolute_futures_return
,,,,,12,60,0.10291052328536217,0.04322232687177748,diagnostic_2,500,surprise_l2_30s,,,,False,"[0,0,0,788,3689]","[null,null,null,-4.493349170764946e-05,9.342717523807768e-06]",4477,7,0.07493276515725147,near_atm_spread_change
,,,,,24,120,0.10475800902713059,0.05094057266052338,diagnostic_2,500,surprise_l2_30s,,,,False,"[0,0,0,788,3689]","[null,null,null,-4.493349170764946e-05,9.342717523807768e-06]",4477,7,0.07493276515725147,near_atm_spread_change
,,,,,60,300,0.10387943120836522,0.05034832818137182,diagnostic_2,500,surprise_l2_30s,,,,False,"[0,0,0,788,3689]","[null,null,null,-4.493349170764946e-05,9.342717523807768e-06]",4477,7,0.07493276515725147,near_atm_spread_change
,,,,,12,60,0.08810537396350177,-0.013909215735531163,diagnostic_2,500,surprise_l2_30s,,,,False,"[0,0,0,788,3689]","[null,null,null,5.7080092835169154e-05,7.581558935879433e-05]",4477,7,0.03819875217308501,absolute_atm_straddle_change
,,,,,24,120,0.09343385445694577,-0.01774008128241284,diagnostic_2,500,surprise_l2_30s,,,,False,"[0,0,0,788,3689]","[null,null,null,5.7080092835169154e-05,7.581558935879433e-05]",4477,7,0.03819875217308501,absolute_atm_straddle_change
,,,,,60,300,0.10357806030584511,-0.018652159261693425,diagnostic_2,500,surprise_l2_30s,,,,False,"[0,0,0,788,3689]","[null,null,null,5.7080092835169154e-05,7.581558935879433e-05]",4477,7,0.03819875217308501,absolute_atm_straddle_change
,,,,,12,60,0.03677079831198245,-0.05368331174193212,diagnostic_2,500,surprise_l2_30s,,,,False,"[0,0,0,788,3689]","[null,null,null,3.669334098607772e-07,2.7267009631718497e-08]",4477,7,-0.006162605819709482,parity_restoration
,,,,,24,120,0.037486265814386355,-0.050727977285333396,diagnostic_2,500,surprise_l2_30s,,,,False,"[0,0,0,788,3689]","[null,null,null,3.669334098607772e-07,2.7267009631718497e-08]",4477,7,-0.006162605819709482,parity_restoration
,,,,,60,300,0.0292497770458806,-0.04042235725201399,diagnostic_2,500,surprise_l2_30s,,,,False,"[0,0,0,788,3689]","[null,null,null,3.669334098607772e-07,2.7267009631718497e-08]",4477,7,-0.006162605819709482,parity_restoration
,,,,,12,60,0.22112849350385205,0.15477308114499902,diagnostic_2,500,surprise_unit_l2_30s,,,,False,"[0,0,0,851,3626]","[null,null,null,0.039382734544742684,0.04482234468939417]",4477,7,0.19142345670582342,surface_displacement
,,,,,24,120,0.22278649808404302,0.15414820277993613,diagnostic_2,500,surprise_unit_l2_30s,,,,False,"[0,0,0,851,3626]","[null,null,null,0.039382734544742684,0.04482234468939417]",4477,7,0.19142345670582342,surface_displacement
,,,,,60,300,0.22115317725215144,0.15595706648500446,diagnostic_2,500,surprise_unit_l2_30s,,,,False,"[0,0,0,851,3626]","[null,null,null,0.039382734544742684,0.04482234468939417]",4477,7,0.19142345670582342,surface_displacement
,,,,,12,60,0.19187503222613567,0.12172707580596694,diagnostic_2,500,surprise_unit_l2_30s,,,,False,"[0,0,0,851,3626]","[null,null,null,0.004737960982336701,0.005459642836025783]",4477,7,0.16004827683158496,absolute_atm_iv_change
,,,,,24,120,0.19020628770244108,0.12310556934949127,diagnostic_2,500,surprise_unit_l2_30s,,,,False,"[0,0,0,851,3626]","[null,null,null,0.004737960982336701,0.005459642836025783]",4477,7,0.16004827683158496,absolute_atm_iv_change
,,,,,60,300,0.18870088906915283,0.1268283343839745,diagnostic_2,500,surprise_unit_l2_30s,,,,False,"[0,0,0,851,3626]","[null,null,null,0.004737960982336701,0.005459642836025783]",4477,7,0.16004827683158496,absolute_atm_iv_change
,,,,,12,60,0.22112849350385205,0.15477308114499902,diagnostic_2,500,surprise_cosine_30s,,,,False,"[0,0,0,851,3626]","[null,null,null,0.039382734544742684,0.04482234468939417]",4477,7,0.19142345670582342,surface_displacement
,,,,,24,120,0.22278649808404302,0.15414820277993613,diagnostic_2,500,surprise_cosine_30s,,,,False,"[0,0,0,851,3626]","[null,null,null,0.039382734544742684,0.04482234468939417]",4477,7,0.19142345670582342,surface_displacement
,,,,,60,300,0.22115317725215144,0.15595706648500446,diagnostic_2,500,surprise_cosine_30s,,,,False,"[0,0,0,851,3626]","[null,null,null,0.039382734544742684,0.04482234468939417]",4477,7,0.19142345670582342,surface_displacement
,,,,,12,60,0.19187503222613567,0.12172707580596694,diagnostic_2,500,surprise_cosine_30s,,,,False,"[0,0,0,851,3626]","[null,null,null,0.004737960982336701,0.005459642836025783]",4477,7,0.16004827683158496,absolute_atm_iv_change
,,,,,24,120,0.19020628770244108,0.12310556934949127,diagnostic_2,500,surprise_cosine_30s,,,,False,"[0,0,0,851,3626]","[null,null,null,0.004737960982336701,0.005459642836025783]",4477,7,0.16004827683158496,absolute_atm_iv_change
,,,,,60,300,0.18870088906915283,0.1268283343839745,diagnostic_2,500,surprise_cosine_30s,,,,False,"[0,0,0,851,3626]","[null,null,null,0.004737960982336701,0.005459642836025783]",4477,7,0.16004827683158496,absolute_atm_iv_change
-0.07824385287206592,-0.15347286789744974,-0.22706466025054195,-0.13850127285492708,-0.2206168077093067,,,,,diagnostic_2,,surprise_increment_30s,0.08856338739561487,"{""60s"":{""mean_mae_reduction"":0.0017031350151170375,""ci_low"":0.0015963094002434547,""ci_high"":0.001820733904844361,""positive_probability"":1.0,""block_rows"":12,""draws"":500},""120s"":{""mean_mae_reduction"":0.0017031350151170375,""ci_low"":0.0015930939054714227,""ci_high"":0.0018281660338441373,""positive_probability"":1.0,""block_rows"":24,""draws"":500},""300s"":{""mean_mae_reduction"":0.0017031350151170375,""ci_low"":0.0015747957015668681,""ci_high"":0.0018381284095151428,""positive_probability"":1.0,""block_rows"":60,""draws"":500}}","{""base_to_candidate"":{""60s"":{""mean_mae_reduction"":0.0015791383641507177,""ci_low"":0.0014613852475219517,""ci_high"":0.0016816349075427354,""positive_probability"":1.0,""block_rows"":12,""draws"":500},""120s"":{""mean_mae_reduction"":0.0015791383641507177,""ci_low"":0.0014643117657298446,""ci_high"":0.0017134592333057704,""positive_probability"":1.0,""block_rows"":24,""draws"":500},""300s"":{""mean_mae_reduction"":0.0015791383641507177,""ci_low"":0.001425092779127788,""ci_high"":0.0017334021092547931,""positive_probability"":1.0,""block_rows"":60,""draws"":500}},""base_pca_to_candidate"":{""60s"":{""mean_mae_reduction"":0.0012044599713095046,""ci_low"":0.0010950645938042473,""ci_high"":0.0013153353852130146,""positive_probability"":1.0,""block_rows"":12,""draws"":500},""120s"":{""mean_mae_reduction"":0.0012044599713095046,""ci_low"":0.0010770503079072019,""ci_high"":0.0013227885173520747,""positive_probability"":1.0,""block_rows"":24,""draws"":500},""300s"":{""mean_mae_reduction"":0.0012044599713095046,""ci_low"":0.0010501744444372505,""ci_high"":0.0013634248129088774,""positive_probability"":1.0,""block_rows"":60,""draws"":500}}}",,,,,7,,surface_displacement
0.16752497994703253,0.19219561597707235,0.18903593086717252,0.1923650519381691,0.1894451971199771,,,,,diagnostic_2,,surprise_increment_30s,0.003329121070996588,"{""60s"":{""mean_mae_reduction"":1.702282758512717e-05,""ci_low"":1.6251569544367137e-05,""ci_high"":1.7722430541883646e-05,""positive_probability"":1.0,""block_rows"":12,""draws"":500},""120s"":{""mean_mae_reduction"":1.702282758512717e-05,""ci_low"":1.6313084493059208e-05,""ci_high"":1.7857901536591672e-05,""positive_probability"":1.0,""block_rows"":24,""draws"":500},""300s"":{""mean_mae_reduction"":1.702282758512717e-05,""ci_low"":1.613548944690208e-05,""ci_high"":1.8005111781509096e-05,""positive_probability"":1.0,""block_rows"":60,""draws"":500}}","{""base_to_candidate"":{""60s"":{""mean_mae_reduction"":1.4930122420814083e-05,""ci_low"":1.4094806264187812e-05,""ci_high"":1.5810089659263523e-05,""positive_probability"":1.0,""block_rows"":12,""draws"":500},""120s"":{""mean_mae_reduction"":1.4930122420814083e-05,""ci_low"":1.4000606556905368e-05,""ci_high"":1.5885894307258163e-05,""positive_probability"":1.0,""block_rows"":24,""draws"":500},""300s"":{""mean_mae_reduction"":1.4930122420814083e-05,""ci_low"":1.3726909947130903e-05,""ci_high"":1.6251908234415285e-05,""positive_probability"":1.0,""block_rows"":60,""draws"":500}},""base_pca_to_candidate"":{""60s"":{""mean_mae_reduction"":1.1512181052073867e-05,""ci_low"":1.0681494083610815e-05,""ci_high"":1.2373193396344598e-05,""positive_probability"":1.0,""block_rows"":12,""draws"":500},""120s"":{""mean_mae_reduction"":1.1512181052073867e-05,""ci_low"":1.048167171274201e-05,""ci_high"":1.2432637297944716e-05,""positive_probability"":1.0,""block_rows"":24,""draws"":500},""300s"":{""mean_mae_reduction"":1.1512181052073867e-05,""ci_low"":1.0318307097387937e-05,""ci_high"":1.275564256968491e-05,""positive_probability"":1.0,""block_rows"":60,""draws"":500}}}",,,,,7,,absolute_atm_iv_change
,,,,,12,60,0.21147647544791812,0.11762557112384729,diagnostic_1,500,surprise_l2_60s,,,,False,"[0,0,0,1578,764]","[null,null,null,0.04142880686124229,0.048608512054376295]",2342,7,0.1621591725387955,surface_displacement
,,,,,24,120,0.20976841709544444,0.12310341945750904,diagnostic_1,500,surprise_l2_60s,,,,False,"[0,0,0,1578,764]","[null,null,null,0.04142880686124229,0.048608512054376295]",2342,7,0.1621591725387955,surface_displacement
,,,,,60,300,0.21518826773112537,0.11187212019185513,diagnostic_1,500,surprise_l2_60s,,,,False,"[0,0,0,1578,764]","[null,null,null,0.04142880686124229,0.048608512054376295]",2342,7,0.1621591725387955,surface_displacement
,,,,,12,60,0.13833656769888264,0.0545802595187711,diagnostic_1,500,surprise_l2_60s,,,,False,"[0,0,0,1578,764]","[null,null,null,0.004381990289204625,0.004899377237361763]",2342,7,0.09564180692463711,absolute_atm_iv_change
,,,,,24,120,0.1483492715555566,0.054726427705058076,diagnostic_1,500,surprise_l2_60s,,,,False,"[0,0,0,1578,764]","[null,null,null,0.004381990289204625,0.004899377237361763]",2342,7,0.09564180692463711,absolute_atm_iv_change
,,,,,60,300,0.15117248642939826,0.0549994404215541,diagnostic_1,500,surprise_l2_60s,,,,False,"[0,0,0,1578,764]","[null,null,null,0.004381990289204625,0.004899377237361763]",2342,7,0.09564180692463711,absolute_atm_iv_change
,,,,,12,60,0.1580080570100855,-0.0175332208020379,diagnostic_1,500,surprise_l2_60s,,,,False,"[0,0,0,1578,764]","[null,null,null,0.00011130797034347671,0.0001196848693542874]",2342,7,0.06160966004920508,realized_futures_volatility
,,,,,24,120,0.17264004850623973,-0.018695949004547942,diagnostic_1,500,surprise_l2_60s,,,,False,"[0,0,0,1578,764]","[null,null,null,0.00011130797034347671,0.0001196848693542874]",2342,7,0.06160966004920508,realized_futures_volatility
,,,,,60,300,0.19238788221765551,-0.018027767892727854,diagnostic_1,500,surprise_l2_60s,,,,False,"[0,0,0,1578,764]","[null,null,null,0.00011130797034347671,0.0001196848693542874]",2342,7,0.06160966004920508,realized_futures_volatility
,,,,,12,60,0.11223336342406937,-0.032655709441031654,diagnostic_1,500,surprise_l2_60s,,,,False,"[0,0,0,1578,764]","[null,null,null,8.437962888613703e-05,9.098477388551721e-05]",2342,7,0.03320035977737733,absolute_futures_return
,,,,,24,120,0.11422122818699224,-0.035712192003967996,diagnostic_1,500,surprise_l2_60s,,,,False,"[0,0,0,1578,764]","[null,null,null,8.437962888613703e-05,9.098477388551721e-05]",2342,7,0.03320035977737733,absolute_futures_return
,,,,,60,300,0.14609412573927302,-0.04207535947090888,diagnostic_1,500,surprise_l2_60s,,,,False,"[0,0,0,1578,764]","[null,null,null,8.437962888613703e-05,9.098477388551721e-05]",2342,7,0.03320035977737733,absolute_futures_return
,,,,,12,60,0.061839514314656695,-0.014988482763054117,diagnostic_1,500,surprise_l2_60s,,,,False,"[0,0,0,1578,764]","[null,null,null,-1.4062186023111234e-05,2.354586338325701e-05]",2342,7,0.025879769029696353,near_atm_spread_change
,,,,,24,120,0.05322605534987548,-0.009043822584280449,diagnostic_1,500,surprise_l2_60s,,,,False,"[0,0,0,1578,764]","[null,null,null,-1.4062186023111234e-05,2.354586338325701e-05]",2342,7,0.025879769029696353,near_atm_spread_change
,,,,,60,300,0.048595814082358156,-0.012249134651697722,diagnostic_1,500,surprise_l2_60s,,,,False,"[0,0,0,1578,764]","[null,null,null,-1.4062186023111234e-05,2.354586338325701e-05]",2342,7,0.025879769029696353,near_atm_spread_change
,,,,,12,60,-0.05470726713711751,-0.20065951665062867,diagnostic_1,500,surprise_l2_60s,,,,False,"[0,0,0,1578,764]","[null,null,null,4.8427594086705356e-05,4.180829304012017e-05]",2342,7,-0.1272030641169046,absolute_atm_straddle_change
,,,,,24,120,-0.04224149999496942,-0.2021353278998063,diagnostic_1,500,surprise_l2_60s,,,,False,"[0,0,0,1578,764]","[null,null,null,4.8427594086705356e-05,4.180829304012017e-05]",2342,7,-0.1272030641169046,absolute_atm_straddle_change
,,,,,60,300,-0.006779126966205799,-0.2077266590852358,diagnostic_1,500,surprise_l2_60s,,,,False,"[0,0,0,1578,764]","[null,null,null,4.8427594086705356e-05,4.180829304012017e-05]",2342,7,-0.1272030641169046,absolute_atm_straddle_change
,,,,,12,60,0.008831167125476064,-0.11570094549545543,diagnostic_1,500,surprise_l2_60s,,,,False,"[0,0,0,1578,764]","[null,null,null,6.9774123242096e-07,-3.3294890610457286e-07]",2342,7,-0.052006253570205586,parity_restoration
,,,,,24,120,0.007704887382000629,-0.11153129446612471,diagnostic_1,500,surprise_l2_60s,,,,False,"[0,0,0,1578,764]","[null,null,null,6.9774123242096e-07,-3.3294890610457286e-07]",2342,7,-0.052006253570205586,parity_restoration
,,,,,60,300,0.009269308443743376,-0.09482506679796862,diagnostic_1,500,surprise_l2_60s,,,,False,"[0,0,0,1578,764]","[null,null,null,6.9774123242096e-07,-3.3294890610457286e-07]",2342,7,-0.052006253570205586,parity_restoration
,,,,,12,60,0.21552633344793024,0.12138596085277718,diagnostic_1,500,surprise_unit_l2_60s,,,,False,"[0,0,0,1561,781]","[null,null,null,0.04114419395995367,0.04902109304109623]",2342,7,0.1667603356137126,surface_displacement
,,,,,24,120,0.21490570192037398,0.1265312040865428,diagnostic_1,500,surprise_unit_l2_60s,,,,False,"[0,0,0,1561,781]","[null,null,null,0.04114419395995367,0.04902109304109623]",2342,7,0.1667603356137126,surface_displacement
,,,,,60,300,0.21846397904512935,0.11785902226909564,diagnostic_1,500,surprise_unit_l2_60s,,,,False,"[0,0,0,1561,781]","[null,null,null,0.04114419395995367,0.04902109304109623]",2342,7,0.1667603356137126,surface_displacement
,,,,,12,60,0.1430357728829878,0.059702143101539526,diagnostic_1,500,surprise_unit_l2_60s,,,,False,"[0,0,0,1561,781]","[null,null,null,0.004336036207162746,0.004979964617577771]",2342,7,0.10031207812664229,absolute_atm_iv_change
,,,,,24,120,0.15204024537558736,0.0586421128765118,diagnostic_1,500,surprise_unit_l2_60s,,,,False,"[0,0,0,1561,781]","[null,null,null,0.004336036207162746,0.004979964617577771]",2342,7,0.10031207812664229,absolute_atm_iv_change
,,,,,60,300,0.15365372088257134,0.059626122014068604,diagnostic_1,500,surprise_unit_l2_60s,,,,False,"[0,0,0,1561,781]","[null,null,null,0.004336036207162746,0.004979964617577771]",2342,7,0.10031207812664229,absolute_atm_iv_change
,,,,,12,60,0.21552633344793024,0.12138596085277718,diagnostic_1,500,surprise_cosine_60s,,,,False,"[0,0,0,1561,781]","[null,null,null,0.04114419395995367,0.04902109304109623]",2342,7,0.1667603356137126,surface_displacement
,,,,,24,120,0.21490570192037398,0.1265312040865428,diagnostic_1,500,surprise_cosine_60s,,,,False,"[0,0,0,1561,781]","[null,null,null,0.04114419395995367,0.04902109304109623]",2342,7,0.1667603356137126,surface_displacement
,,,,,60,300,0.21846397904512935,0.11785902226909564,diagnostic_1,500,surprise_cosine_60s,,,,False,"[0,0,0,1561,781]","[null,null,null,0.04114419395995367,0.04902109304109623]",2342,7,0.1667603356137126,surface_displacement
,,,,,12,60,0.1430357728829878,0.059702143101539526,diagnostic_1,500,surprise_cosine_60s,,,,False,"[0,0,0,1561,781]","[null,null,null,0.004336036207162746,0.004979964617577771]",2342,7,0.10031207812664229,absolute_atm_iv_change
,,,,,24,120,0.15204024537558736,0.0586421128765118,diagnostic_1,500,surprise_cosine_60s,,,,False,"[0,0,0,1561,781]","[null,null,null,0.004336036207162746,0.004979964617577771]",2342,7,0.10031207812664229,absolute_atm_iv_change
,,,,,60,300,0.15365372088257134,0.059626122014068604,diagnostic_1,500,surprise_cosine_60s,,,,False,"[0,0,0,1561,781]","[null,null,null,0.004336036207162746,0.004979964617577771]",2342,7,0.10031207812664229,absolute_atm_iv_change
-0.007822406588743558,-0.05407965359687994,-0.09344588019799493,-0.0371367703351142,-0.08200533791537845,,,,,diagnostic_1,,surprise_increment_60s,0.056309109862880735,"{""60s"":{""mean_mae_reduction"":0.0010797115271133188,""ci_low"":0.0009962288026792011,""ci_high"":0.0011708550755462049,""positive_probability"":1.0,""block_rows"":12,""draws"":500},""120s"":{""mean_mae_reduction"":0.0010797115271133188,""ci_low"":0.000985097155245367,""ci_high"":0.0011686983074646361,""positive_probability"":1.0,""block_rows"":24,""draws"":500},""300s"":{""mean_mae_reduction"":0.0010797115271133188,""ci_low"":0.000988175666755576,""ci_high"":0.0011780121091689464,""positive_probability"":1.0,""block_rows"":60,""draws"":500}}","{""base_to_candidate"":{""60s"":{""mean_mae_reduction"":0.0008603423094317023,""ci_low"":0.0007753819577231338,""ci_high"":0.000950901785714465,""positive_probability"":1.0,""block_rows"":12,""draws"":500},""120s"":{""mean_mae_reduction"":0.0008603423094317023,""ci_low"":0.0007701172701101816,""ci_high"":0.0009510386824048119,""positive_probability"":1.0,""block_rows"":24,""draws"":500},""300s"":{""mean_mae_reduction"":0.0008603423094317023,""ci_low"":0.0007404980369114599,""ci_high"":0.0009876648454009173,""positive_probability"":1.0,""block_rows"":60,""draws"":500}},""base_pca_to_candidate"":{""60s"":{""mean_mae_reduction"":0.00031406512915740876,""ci_low"":0.0002517558154677931,""ci_high"":0.0003757680468823066,""positive_probability"":1.0,""block_rows"":12,""draws"":500},""120s"":{""mean_mae_reduction"":0.00031406512915740876,""ci_low"":0.0002435428484554048,""ci_high"":0.0003884955073440625,""positive_probability"":1.0,""block_rows"":24,""draws"":500},""300s"":{""mean_mae_reduction"":0.00031406512915740876,""ci_low"":0.00021879151757697515,""ci_high"":0.0004150321418099575,""positive_probability"":1.0,""block_rows"":60,""draws"":500}}}",,,,,7,,surface_displacement
0.14102223813309933,0.17253369423018383,0.16959751554933822,0.16900873266100702,0.1716380222591154,,,,,diagnostic_1,,surprise_increment_60s,-0.0005887828883311963,"{""60s"":{""mean_mae_reduction"":-2.55725716285093e-06,""ci_low"":-2.7052655057099698e-06,""ci_high"":-2.417586407813299e-06,""positive_probability"":0.0,""block_rows"":12,""draws"":500},""120s"":{""mean_mae_reduction"":-2.55725716285093e-06,""ci_low"":-2.7411498524226283e-06,""ci_high"":-2.3831391970937245e-06,""positive_probability"":0.0,""block_rows"":24,""draws"":500},""300s"":{""mean_mae_reduction"":-2.55725716285093e-06,""ci_low"":-2.7758256696249396e-06,""ci_high"":-2.359932781720816e-06,""positive_probability"":0.0,""block_rows"":60,""draws"":500}}","{""base_to_candidate"":{""60s"":{""mean_mae_reduction"":-1.1419777631496133e-05,""ci_low"":-1.2526394312570729e-05,""ci_high"":-1.0363995303729502e-05,""positive_probability"":0.0,""block_rows"":12,""draws"":500},""120s"":{""mean_mae_reduction"":-1.1419777631496133e-05,""ci_low"":-1.2842014084593938e-05,""ci_high"":-1.0012878585904684e-05,""positive_probability"":0.0,""block_rows"":24,""draws"":500},""300s"":{""mean_mae_reduction"":-1.1419777631496133e-05,""ci_low"":-1.332392854587521e-05,""ci_high"":-9.53675612322863e-06,""positive_probability"":0.0,""block_rows"":60,""draws"":500}},""base_pca_to_candidate"":{""60s"":{""mean_mae_reduction"":-2.6078853699800613e-05,""ci_low"":-2.7517488681252183e-05,""ci_high"":-2.4578090314886603e-05,""positive_probability"":0.0,""block_rows"":12,""draws"":500},""120s"":{""mean_mae_reduction"":-2.6078853699800613e-05,""ci_low"":-2.7993630191142256e-05,""ci_high"":-2.4043952432314165e-05,""positive_probability"":0.0,""block_rows"":24,""draws"":500},""300s"":{""mean_mae_reduction"":-2.6078853699800613e-05,""ci_low"":-2.8540663260473736e-05,""ci_high"":-2.3316835733354254e-05,""positive_probability"":0.0,""block_rows"":60,""draws"":500}}}",,,,,7,,absolute_atm_iv_change
,,,,,12,60,0.21761951238032717,0.15171379970701834,diagnostic_2,500,surprise_l2_60s,,,,False,"[0,0,0,2119,2358]","[null,null,null,0.04031268336731278,0.046911769671748725]",4477,7,0.187299424654808,surface_displacement
,,,,,24,120,0.21964200505551001,0.15067131775050616,diagnostic_2,500,surprise_l2_60s,,,,False,"[0,0,0,2119,2358]","[null,null,null,0.04031268336731278,0.046911769671748725]",4477,7,0.187299424654808,surface_displacement
,,,,,60,300,0.21788658920805376,0.14976468932204595,diagnostic_2,500,surprise_l2_60s,,,,False,"[0,0,0,2119,2358]","[null,null,null,0.04031268336731278,0.046911769671748725]",4477,7,0.187299424654808,surface_displacement
,,,,,12,60,0.18853637136937226,0.11966155868414362,diagnostic_2,500,surprise_l2_60s,,,,False,"[0,0,0,2119,2358]","[null,null,null,0.004766710967514637,0.005821886844459077]",4477,7,0.1582584049642136,absolute_atm_iv_change
,,,,,24,120,0.18650443791928215,0.1203880526486974,diagnostic_2,500,surprise_l2_60s,,,,False,"[0,0,0,2119,2358]","[null,null,null,0.004766710967514637,0.005821886844459077]",4477,7,0.1582584049642136,absolute_atm_iv_change
,,,,,60,300,0.18819469153207516,0.12325677444018758,diagnostic_2,500,surprise_l2_60s,,,,False,"[0,0,0,2119,2358]","[null,null,null,0.004766710967514637,0.005821886844459077]",4477,7,0.1582584049642136,absolute_atm_iv_change
,,,,,12,60,0.1417524761642271,-0.0012459417124903618,diagnostic_2,500,surprise_l2_60s,,,,False,"[0,0,0,2119,2358]","[null,null,null,0.00011855999663640372,0.00013152580352542853]",4477,7,0.0725014357503649,realized_futures_volatility
,,,,,24,120,0.14924995540424818,0.005284134390410824,diagnostic_2,500,surprise_l2_60s,,,,False,"[0,0,0,2119,2358]","[null,null,null,0.00011855999663640372,0.00013152580352542853]",4477,7,0.0725014357503649,realized_futures_volatility
,,,,,60,300,0.17354405219599475,-0.00778731815632271,diagnostic_2,500,surprise_l2_60s,,,,False,"[0,0,0,2119,2358]","[null,null,null,0.00011855999663640372,0.00013152580352542853]",4477,7,0.0725014357503649,realized_futures_volatility
,,,,,12,60,0.054330584166413204,-0.05507327913874825,diagnostic_2,500,surprise_l2_60s,,,,False,"[0,0,0,2119,2358]","[null,null,null,8.801842365921978e-05,9.479271951016984e-05]",4477,7,-0.0005290395323019412,absolute_futures_return
,,,,,24,120,0.06187368561596778,-0.06072907471156267,diagnostic_2,500,surprise_l2_60s,,,,False,"[0,0,0,2119,2358]","[null,null,null,8.801842365921978e-05,9.479271951016984e-05]",4477,7,-0.0005290395323019412,absolute_futures_return
,,,,,60,300,0.06778064966105661,-0.061971258971194744,diagnostic_2,500,surprise_l2_60s,,,,False,"[0,0,0,2119,2358]","[null,null,null,8.801842365921978e-05,9.479271951016984e-05]",4477,7,-0.0005290395323019412,absolute_futures_return
,,,,,12,60,0.10687264069964644,0.05179346704778197,diagnostic_2,500,surprise_l2_60s,,,,False,"[0,0,0,2119,2358]","[null,null,null,-3.587859863624787e-05,3.184242747663627e-05]",4477,7,0.08073048775768829,near_atm_spread_change
,,,,,24,120,0.10977157212031471,0.05618506284543927,diagnostic_2,500,surprise_l2_60s,,,,False,"[0,0,0,2119,2358]","[null,null,null,-3.587859863624787e-05,3.184242747663627e-05]",4477,7,0.08073048775768829,near_atm_spread_change
,,,,,60,300,0.10973868237665094,0.05399258661703601,diagnostic_2,500,surprise_l2_60s,,,,False,"[0,0,0,2119,2358]","[null,null,null,-3.587859863624787e-05,3.184242747663627e-05]",4477,7,0.08073048775768829,near_atm_spread_change
,,,,,12,60,0.09947763999261931,-0.0017781106979029805,diagnostic_2,500,surprise_l2_60s,,,,False,"[0,0,0,2119,2358]","[null,null,null,6.562190015201245e-05,7.871501945572147e-05]",4477,7,0.05137739477581559,absolute_atm_straddle_change
,,,,,24,120,0.10567453323251536,-0.0055406535456252355,diagnostic_2,500,surprise_l2_60s,,,,False,"[0,0,0,2119,2358]","[null,null,null,6.562190015201245e-05,7.871501945572147e-05]",4477,7,0.05137739477581559,absolute_atm_straddle_change
,,,,,60,300,0.11305643015214818,-0.009065795388222149,diagnostic_2,500,surprise_l2_60s,,,,False,"[0,0,0,2119,2358]","[null,null,null,6.562190015201245e-05,7.871501945572147e-05]",4477,7,0.05137739477581559,absolute_atm_straddle_change
,,,,,12,60,0.04572971019508326,-0.04405473911162537,diagnostic_2,500,surprise_l2_60s,,,,False,"[0,0,0,2119,2358]","[null,null,null,2.072576398795001e-08,1.4665548414386595e-07]",4477,7,0.0037486276383741353,parity_restoration
,,,,,24,120,0.04506075853309779,-0.04209628728744435,diagnostic_2,500,surprise_l2_60s,,,,False,"[0,0,0,2119,2358]","[null,null,null,2.072576398795001e-08,1.4665548414386595e-07]",4477,7,0.0037486276383741353,parity_restoration
,,,,,60,300,0.0379406747276578,-0.03318957777287825,diagnostic_2,500,surprise_l2_60s,,,,False,"[0,0,0,2119,2358]","[null,null,null,2.072576398795001e-08,1.4665548414386595e-07]",4477,7,0.0037486276383741353,parity_restoration
,,,,,12,60,0.2240651217057413,0.15839273607168444,diagnostic_2,500,surprise_unit_l2_60s,,,,False,"[0,0,0,1894,2583]","[null,null,null,0.04008910166675631,0.046500878971925216]",4477,7,0.1944651795191444,surface_displacement
,,,,,24,120,0.2268174915467083,0.157999296139641,diagnostic_2,500,surprise_unit_l2_60s,,,,False,"[0,0,0,1894,2583]","[null,null,null,0.04008910166675631,0.046500878971925216]",4477,7,0.1944651795191444,surface_displacement
,,,,,60,300,0.22361668062655735,0.15789084195825762,diagnostic_2,500,surprise_unit_l2_60s,,,,False,"[0,0,0,1894,2583]","[null,null,null,0.04008910166675631,0.046500878971925216]",4477,7,0.1944651795191444,surface_displacement
,,,,,12,60,0.1951138282639042,0.12858221521524021,diagnostic_2,500,surprise_unit_l2_60s,,,,False,"[0,0,0,1894,2583]","[null,null,null,0.00474715990495279,0.005744308501516623]",4477,7,0.16459574097774943,absolute_atm_iv_change
,,,,,24,120,0.19301270925677477,0.12735811001241032,diagnostic_2,500,surprise_unit_l2_60s,,,,False,"[0,0,0,1894,2583]","[null,null,null,0.00474715990495279,0.005744308501516623]",4477,7,0.16459574097774943,absolute_atm_iv_change
,,,,,60,300,0.19341724693492524,0.12938326344893622,diagnostic_2,500,surprise_unit_l2_60s,,,,False,"[0,0,0,1894,2583]","[null,null,null,0.00474715990495279,0.005744308501516623]",4477,7,0.16459574097774943,absolute_atm_iv_change
,,,,,12,60,0.2240651217057413,0.15839273607168444,diagnostic_2,500,surprise_cosine_60s,,,,False,"[0,0,0,1894,2583]","[null,null,null,0.04008910166675631,0.046500878971925216]",4477,7,0.1944651795191444,surface_displacement
,,,,,24,120,0.2268174915467083,0.157999296139641,diagnostic_2,500,surprise_cosine_60s,,,,False,"[0,0,0,1894,2583]","[null,null,null,0.04008910166675631,0.046500878971925216]",4477,7,0.1944651795191444,surface_displacement
,,,,,60,300,0.22361668062655735,0.15789084195825762,diagnostic_2,500,surprise_cosine_60s,,,,False,"[0,0,0,1894,2583]","[null,null,null,0.04008910166675631,0.046500878971925216]",4477,7,0.1944651795191444,surface_displacement
,,,,,12,60,0.1951138282639042,0.12858221521524021,diagnostic_2,500,surprise_cosine_60s,,,,False,"[0,0,0,1894,2583]","[null,null,null,0.00474715990495279,0.005744308501516623]",4477,7,0.16459574097774943,absolute_atm_iv_change
,,,,,24,120,0.19301270925677477,0.12735811001241032,diagnostic_2,500,surprise_cosine_60s,,,,False,"[0,0,0,1894,2583]","[null,null,null,0.00474715990495279,0.005744308501516623]",4477,7,0.16459574097774943,absolute_atm_iv_change
,,,,,60,300,0.19341724693492524,0.12938326344893622,diagnostic_2,500,surprise_cosine_60s,,,,False,"[0,0,0,1894,2583]","[null,null,null,0.00474715990495279,0.005744308501516623]",4477,7,0.16459574097774943,absolute_atm_iv_change
-0.12177094711468883,-0.17798383233115667,-0.22798577928542096,-0.1613403125993662,-0.2206168077093067,,,,,diagnostic_2,,surprise_increment_60s,0.06664546668605476,"{""60s"":{""mean_mae_reduction"":0.0012816382847327188,""ci_low"":0.001204811793691418,""ci_high"":0.0013625986917665824,""positive_probability"":1.0,""block_rows"":12,""draws"":500},""120s"":{""mean_mae_reduction"":0.0012816382847327188,""ci_low"":0.0012046052583963697,""ci_high"":0.0013686768912666769,""positive_probability"":1.0,""block_rows"":24,""draws"":500},""300s"":{""mean_mae_reduction"":0.0012816382847327188,""ci_low"":0.0012032665861015997,""ci_high"":0.0013668059329916653,""positive_probability"":1.0,""block_rows"":60,""draws"":500}}","{""base_to_candidate"":{""60s"":{""mean_mae_reduction"":0.001139927879499242,""ci_low"":0.0010510724943404786,""ci_high"":0.001216605458959665,""positive_probability"":1.0,""block_rows"":12,""draws"":500},""120s"":{""mean_mae_reduction"":0.001139927879499242,""ci_low"":0.0010570562885485841,""ci_high"":0.0012241581798454987,""positive_probability"":1.0,""block_rows"":24,""draws"":500},""300s"":{""mean_mae_reduction"":0.001139927879499242,""ci_low"":0.001044061279346908,""ci_high"":0.0012377896024651923,""positive_probability"":1.0,""block_rows"":60,""draws"":500}},""base_pca_to_candidate"":{""60s"":{""mean_mae_reduction"":0.0005042273858185906,""ci_low"":0.00044537418501856455,""ci_high"":0.0005626600615967113,""positive_probability"":1.0,""block_rows"":12,""draws"":500},""120s"":{""mean_mae_reduction"":0.0005042273858185906,""ci_low"":0.0004396192934005074,""ci_high"":0.0005696761917764174,""positive_probability"":1.0,""block_rows"":24,""draws"":500},""300s"":{""mean_mae_reduction"":0.0005042273858185906,""ci_low"":0.0004283934319880379,""ci_high"":0.0005774750871368161,""positive_probability"":1.0,""block_rows"":60,""draws"":500}}}",,,,,7,,surface_displacement
0.1652825046926043,0.19052277799254724,0.18849641893399882,0.18796379402642993,0.1894451971199771,,,,,diagnostic_2,,surprise_increment_60s,-0.0005326249075688905,"{""60s"":{""mean_mae_reduction"":-2.7234761895808734e-06,""ci_low"":-2.8524207219278116e-06,""ci_high"":-2.5961197224623777e-06,""positive_probability"":0.0,""block_rows"":12,""draws"":500},""120s"":{""mean_mae_reduction"":-2.7234761895808734e-06,""ci_low"":-2.8567622862258525e-06,""ci_high"":-2.6075015937904107e-06,""positive_probability"":0.0,""block_rows"":24,""draws"":500},""300s"":{""mean_mae_reduction"":-2.7234761895808734e-06,""ci_low"":-2.885893496380476e-06,""ci_high"":-2.5914141094550745e-06,""positive_probability"":0.0,""block_rows"":60,""draws"":500}}","{""base_to_candidate"":{""60s"":{""mean_mae_reduction"":-7.574873039380323e-06,""ci_low"":-8.131576777284053e-06,""ci_high"":-6.971856687427476e-06,""positive_probability"":0.0,""block_rows"":12,""draws"":500},""120s"":{""mean_mae_reduction"":-7.574873039380323e-06,""ci_low"":-8.392464021522219e-06,""ci_high"":-6.735637711982341e-06,""positive_probability"":0.0,""block_rows"":24,""draws"":500},""300s"":{""mean_mae_reduction"":-7.574873039380323e-06,""ci_low"":-8.630267087046094e-06,""ci_high"":-6.615418633622039e-06,""positive_probability"":0.0,""block_rows"":60,""draws"":500}},""base_pca_to_candidate"":{""60s"":{""mean_mae_reduction"":-2.2159009556569023e-05,""ci_low"":-2.3088417040929734e-05,""ci_high"":-2.123480723973941e-05,""positive_probability"":0.0,""block_rows"":12,""draws"":500},""120s"":{""mean_mae_reduction"":-2.2159009556569023e-05,""ci_low"":-2.3244905596729255e-05,""ci_high"":-2.0961036179536524e-05,""positive_probability"":0.0,""block_rows"":24,""draws"":500},""300s"":{""mean_mae_reduction"":-2.2159009556569023e-05,""ci_low"":-2.3674655944974458e-05,""ci_high"":-2.0696688410049678e-05,""positive_probability"":0.0,""block_rows"":60,""draws"":500}}}",,,,,7,,absolute_atm_iv_change
,,,,,12,60,0.014678267571489762,-0.07960803268668111,diagnostic_1,500,surprise_l2_5s,,,,False,"[2,1,26,776,1537]","[0.059561670446613674,0.02257751566895821,0.06939788151357176,0.045052895996835755,0.042683453069046334]",2342,23,-0.031931986002840994,surface_displacement
,,,,,24,120,0.008121463271495911,-0.07903025641795751,diagnostic_1,500,surprise_l2_5s,,,,False,"[2,1,26,776,1537]","[0.059561670446613674,0.02257751566895821,0.06939788151357176,0.045052895996835755,0.042683453069046334]",2342,23,-0.031931986002840994,surface_displacement
,,,,,60,300,0.011771326277521019,-0.09001810329681788,diagnostic_1,500,surprise_l2_5s,,,,False,"[2,1,26,776,1537]","[0.059561670446613674,0.02257751566895821,0.06939788151357176,0.045052895996835755,0.042683453069046334]",2342,23,-0.031931986002840994,surface_displacement
,,,,,12,60,-0.05978234070035811,-0.13892601572930088,diagnostic_1,500,surprise_l2_5s,,,,False,"[2,1,26,776,1537]","[0.007905766367912292,0.0005522444844245911,0.009905901092749376,0.004967945301425211,0.004247795788010143]",2342,23,-0.1005620818761217,absolute_atm_iv_change
,,,,,24,120,-0.061772405496063186,-0.14177701489142944,diagnostic_1,500,surprise_l2_5s,,,,False,"[2,1,26,776,1537]","[0.007905766367912292,0.0005522444844245911,0.009905901092749376,0.004967945301425211,0.004247795788010143]",2342,23,-0.1005620818761217,absolute_atm_iv_change
,,,,,60,300,-0.05894661976833362,-0.14624297224518895,diagnostic_1,500,surprise_l2_5s,,,,False,"[2,1,26,776,1537]","[0.007905766367912292,0.0005522444844245911,0.009905901092749376,0.004967945301425211,0.004247795788010143]",2342,23,-0.1005620818761217,absolute_atm_iv_change
,,,,,12,60,0.1300443779445103,-0.044736841393082996,diagnostic_1,500,surprise_l2_5s,,,,False,"[2,1,26,776,1537]","[0.0001785683153069098,0.00016185232743203185,0.00010107964622480548,0.00010993026079010379,0.00011622008799978561]",2342,23,0.042191474224365436,realized_futures_volatility
,,,,,24,120,0.1483623146355311,-0.0457096039939214,diagnostic_1,500,surprise_l2_5s,,,,False,"[2,1,26,776,1537]","[0.0001785683153069098,0.00016185232743203185,0.00010107964622480548,0.00010993026079010379,0.00011622008799978561]",2342,23,0.042191474224365436,realized_futures_volatility
,,,,,60,300,0.163394809140565,-0.031750773227065154,diagnostic_1,500,surprise_l2_5s,,,,False,"[2,1,26,776,1537]","[0.0001785683153069098,0.00016185232743203185,0.00010107964622480548,0.00010993026079010379,0.00011622008799978561]",2342,23,0.042191474224365436,realized_futures_volatility
,,,,,12,60,0.04199940866604699,-0.09803280565815115,diagnostic_1,500,surprise_l2_5s,,,,False,"[2,1,26,776,1537]","[0.00016021728515625,0.00014781951904296875,9.621106661283053e-05,8.543496279372382e-05,8.678994709280457e-05]",2342,23,-0.030295077311553245,absolute_futures_return
,,,,,24,120,0.061289460105596376,-0.10048035601430615,diagnostic_1,500,surprise_l2_5s,,,,False,"[2,1,26,776,1537]","[0.00016021728515625,0.00014781951904296875,9.621106661283053e-05,8.543496279372382e-05,8.678994709280457e-05]",2342,23,-0.030295077311553245,absolute_futures_return
,,,,,60,300,0.0836841827222572,-0.09411964516359102,diagnostic_1,500,surprise_l2_5s,,,,False,"[2,1,26,776,1537]","[0.00016021728515625,0.00014781951904296875,9.621106661283053e-05,8.543496279372382e-05,8.678994709280457e-05]",2342,23,-0.030295077311553245,absolute_futures_return
,,,,,12,60,-0.04507971898174263,-0.1239948327322493,diagnostic_1,500,surprise_l2_5s,,,,False,"[2,1,26,776,1537]","[-0.00021619786275550723,-6.4168707467615604e-06,0.0002678022193811977,5.107387641118359e-05,-3.27641269501581e-05]",2342,23,-0.08098710946451923,near_atm_spread_change
,,,,,24,120,-0.05083127761133045,-0.12018236592292567,diagnostic_1,500,surprise_l2_5s,,,,False,"[2,1,26,776,1537]","[-0.00021619786275550723,-6.4168707467615604e-06,0.0002678022193811977,5.107387641118359e-05,-3.27641269501581e-05]",2342,23,-0.08098710946451923,near_atm_spread_change
,,,,,60,300,-0.051719893296573616,-0.12380921227704339,diagnostic_1,500,surprise_l2_5s,,,,False,"[2,1,26,776,1537]","[-0.00021619786275550723,-6.4168707467615604e-06,0.0002678022193811977,5.107387641118359e-05,-3.27641269501581e-05]",2342,23,-0.08098710946451923,near_atm_spread_change
,,,,,12,60,-0.0631093341694308,-0.1905877474955118,diagnostic_1,500,surprise_l2_5s,,,,True,"[2,1,26,776,1537]","[9.203329682350159e-05,7.607974112033844e-05,4.982317869479839e-05,4.9216587566914635e-05,4.464063657691282e-05]",2342,23,-0.12381060612800172,absolute_atm_straddle_change
,,,,,24,120,-0.03941697828634982,-0.20025641475332254,diagnostic_1,500,surprise_l2_5s,,,,True,"[2,1,26,776,1537]","[9.203329682350159e-05,7.607974112033844e-05,4.982317869479839e-05,4.9216587566914635e-05,4.464063657691282e-05]",2342,23,-0.12381060612800172,absolute_atm_straddle_change
,,,,,60,300,-0.016156772299959397,-0.1951191545166992,diagnostic_1,500,surprise_l2_5s,,,,True,"[2,1,26,776,1537]","[9.203329682350159e-05,7.607974112033844e-05,4.982317869479839e-05,4.9216587566914635e-05,4.464063657691282e-05]",2342,23,-0.12381060612800172,absolute_atm_straddle_change
,,,,,12,60,0.006037899532717966,-0.10682533205256069,diagnostic_1,500,surprise_l2_5s,,,,False,"[2,1,26,776,1537]","[5.2879877330269665e-06,1.0545249097049236e-05,3.601621966271733e-06,1.2265914359811655e-06,-1.4309411158827034e-07]",2342,23,-0.050640824656486456,parity_restoration
,,,,,24,120,0.0025068201494616985,-0.10232569205098015,diagnostic_1,500,surprise_l2_5s,,,,False,"[2,1,26,776,1537]","[5.2879877330269665e-06,1.0545249097049236e-05,3.601621966271733e-06,1.2265914359811655e-06,-1.4309411158827034e-07]",2342,23,-0.050640824656486456,parity_restoration
,,,,,60,300,0.005461667335080899,-0.09555190282844087,diagnostic_1,500,surprise_l2_5s,,,,False,"[2,1,26,776,1537]","[5.2879877330269665e-06,1.0545249097049236e-05,3.601621966271733e-06,1.2265914359811655e-06,-1.4309411158827034e-07]",2342,23,-0.050640824656486456,parity_restoration
,,,,,12,60,0.025191445439872936,-0.0688473457140872,diagnostic_1,500,surprise_unit_l2_5s,,,,False,"[0,0,3,602,1737]","[null,null,0.047233618854061854,0.04712542681411475,0.04260239069540849]",2342,23,-0.020926809269573056,surface_displacement
,,,,,24,120,0.021586010288068374,-0.06949343392801925,diagnostic_1,500,surprise_unit_l2_5s,,,,False,"[0,0,3,602,1737]","[null,null,0.047233618854061854,0.04712542681411475,0.04260239069540849]",2342,23,-0.020926809269573056,surface_displacement
,,,,,60,300,0.024698156052037474,-0.08097914990717833,diagnostic_1,500,surprise_unit_l2_5s,,,,False,"[0,0,3,602,1737]","[null,null,0.047233618854061854,0.04712542681411475,0.04260239069540849]",2342,23,-0.020926809269573056,surface_displacement
,,,,,12,60,-0.05245952425381659,-0.13173203888186114,diagnostic_1,500,surprise_unit_l2_5s,,,,False,"[0,0,3,602,1737]","[null,null,0.005454592406749725,0.005473196729275079,0.004229520251851145]",2342,23,-0.09397479562347967,absolute_atm_iv_change
,,,,,24,120,-0.053189482986359456,-0.13574845964215146,diagnostic_1,500,surprise_unit_l2_5s,,,,False,"[0,0,3,602,1737]","[null,null,0.005454592406749725,0.005473196729275079,0.004229520251851145]",2342,23,-0.09397479562347967,absolute_atm_iv_change
,,,,,60,300,-0.051494484278085464,-0.1405719405839515,diagnostic_1,500,surprise_unit_l2_5s,,,,False,"[0,0,3,602,1737]","[null,null,0.005454592406749725,0.005473196729275079,0.004229520251851145]",2342,23,-0.09397479562347967,absolute_atm_iv_change
,,,,,12,60,0.025191445439872936,-0.0688473457140872,diagnostic_1,500,surprise_cosine_5s,,,,False,"[0,0,3,602,1737]","[null,null,0.047233618854061854,0.04712542681411475,0.04260239069540849]",2342,23,-0.020926809269573056,surface_displacement
,,,,,24,120,0.021586010288068374,-0.06949343392801925,diagnostic_1,500,surprise_cosine_5s,,,,False,"[0,0,3,602,1737]","[null,null,0.047233618854061854,0.04712542681411475,0.04260239069540849]",2342,23,-0.020926809269573056,surface_displacement
,,,,,60,300,0.024698156052037474,-0.08097914990717833,diagnostic_1,500,surprise_cosine_5s,,,,False,"[0,0,3,602,1737]","[null,null,0.047233618854061854,0.04712542681411475,0.04260239069540849]",2342,23,-0.020926809269573056,surface_displacement
,,,,,12,60,-0.05245952425381659,-0.13173203888186114,diagnostic_1,500,surprise_cosine_5s,,,,False,"[0,0,3,602,1737]","[null,null,0.005454592406749725,0.005473196729275079,0.004229520251851145]",2342,23,-0.09397479562347967,absolute_atm_iv_change
,,,,,24,120,-0.053189482986359456,-0.13574845964215146,diagnostic_1,500,surprise_cosine_5s,,,,False,"[0,0,3,602,1737]","[null,null,0.005454592406749725,0.005473196729275079,0.004229520251851145]",2342,23,-0.09397479562347967,absolute_atm_iv_change
,,,,,60,300,-0.051494484278085464,-0.1405719405839515,diagnostic_1,500,surprise_cosine_5s,,,,False,"[0,0,3,602,1737]","[null,null,0.005454592406749725,0.005473196729275079,0.004229520251851145]",2342,23,-0.09397479562347967,absolute_atm_iv_change
-0.005482886247652363,-0.040246569450391734,-0.10323763139372377,-0.040801166887072915,-0.08200533791537845,,,,,diagnostic_1,,surprise_increment_5s,0.06243646450665086,"{""60s"":{""mean_mae_reduction"":0.0011972018489404637,""ci_low"":0.0010742226922888045,""ci_high"":0.0013191236532972509,""positive_probability"":1.0,""block_rows"":12,""draws"":500},""120s"":{""mean_mae_reduction"":0.0011972018489404637,""ci_low"":0.0010485706272868136,""ci_high"":0.0013392903999173782,""positive_probability"":1.0,""block_rows"":24,""draws"":500},""300s"":{""mean_mae_reduction"":0.0011972018489404637,""ci_low"":0.0010358218478535887,""ci_high"":0.0013787066715099158,""positive_probability"":1.0,""block_rows"":60,""draws"":500}}","{""base_to_candidate"":{""60s"":{""mean_mae_reduction"":0.0007900785242875454,""ci_low"":0.000662712239144989,""ci_high"":0.0009195496494737793,""positive_probability"":1.0,""block_rows"":12,""draws"":500},""120s"":{""mean_mae_reduction"":0.0007900785242875454,""ci_low"":0.0006290203176737758,""ci_high"":0.000945959048417445,""positive_probability"":1.0,""block_rows"":24,""draws"":500},""300s"":{""mean_mae_reduction"":0.0007900785242875454,""ci_low"":0.0005823186429413051,""ci_high"":0.001012588306019414,""positive_probability"":1.0,""block_rows"":60,""draws"":500}},""base_pca_to_candidate"":{""60s"":{""mean_mae_reduction"":-2.870447817658922e-05,""ci_low"":-0.00012800150202218991,""ci_high"":6.775645861612848e-05,""positive_probability"":0.304,""block_rows"":12,""draws"":500},""120s"":{""mean_mae_reduction"":-2.870447817658922e-05,""ci_low"":-0.00016193142650213684,""ci_high"":0.00010271020180642887,""positive_probability"":0.314,""block_rows"":24,""draws"":500},""300s"":{""mean_mae_reduction"":-2.870447817658922e-05,""ci_low"":-0.00018882098785677788,""ci_high"":0.00013928854786715689,""positive_probability"":0.392,""block_rows"":60,""draws"":500}}}",,,,,23,,surface_displacement
0.141155348388059,0.17239327656763792,0.17303976029553048,0.17593608088482948,0.1716380222591154,,,,,diagnostic_1,,surprise_increment_5s,0.0028963205892990063,"{""60s"":{""mean_mae_reduction"":1.2579571722763793e-05,""ci_low"":1.1630786581969782e-05,""ci_high"":1.3564541838498402e-05,""positive_probability"":1.0,""block_rows"":12,""draws"":500},""120s"":{""mean_mae_reduction"":1.2579571722763793e-05,""ci_low"":1.1358773718832503e-05,""ci_high"":1.3785531683945815e-05,""positive_probability"":1.0,""block_rows"":24,""draws"":500},""300s"":{""mean_mae_reduction"":1.2579571722763793e-05,""ci_low"":1.124341757533097e-05,""ci_high"":1.4080125982542041e-05,""positive_probability"":1.0,""block_rows"":60,""draws"":500}}","{""base_to_candidate"":{""60s"":{""mean_mae_reduction"":1.86677320703298e-05,""ci_low"":1.771445304680279e-05,""ci_high"":1.967546703265554e-05,""positive_probability"":1.0,""block_rows"":12,""draws"":500},""120s"":{""mean_mae_reduction"":1.86677320703298e-05,""ci_low"":1.760141763290754e-05,""ci_high"":1.9733217972790976e-05,""positive_probability"":1.0,""block_rows"":24,""draws"":500},""300s"":{""mean_mae_reduction"":1.86677320703298e-05,""ci_low"":1.7603683626418492e-05,""ci_high"":1.9671927186563358e-05,""positive_probability"":1.0,""block_rows"":60,""draws"":500}},""base_pca_to_candidate"":{""60s"":{""mean_mae_reduction"":1.3821587471167946e-05,""ci_low"":1.312567955723079e-05,""ci_high"":1.451052671146035e-05,""positive_probability"":1.0,""block_rows"":12,""draws"":500},""120s"":{""mean_mae_reduction"":1.3821587471167946e-05,""ci_low"":1.303624540562811e-05,""ci_high"":1.4706231702049785e-05,""positive_probability"":1.0,""block_rows"":24,""draws"":500},""300s"":{""mean_mae_reduction"":1.3821587471167946e-05,""ci_low"":1.2935513295662726e-05,""ci_high"":1.481567268505815e-05,""positive_probability"":1.0,""block_rows"":60,""draws"":500}}}",,,,,23,,absolute_atm_iv_change
,,,,,12,60,-0.045377430891293355,-0.11456235546235233,diagnostic_2,500,surprise_l2_5s,,,,False,"[10,23,72,811,3561]","[0.05131513926214805,0.054832964030612635,0.061513492075374265,0.04850454453047058,0.04226342665890343]",4477,23,-0.07874696823659211,surface_displacement
,,,,,24,120,-0.04630313246232287,-0.12097988007498914,diagnostic_2,500,surprise_l2_5s,,,,False,"[10,23,72,811,3561]","[0.05131513926214805,0.054832964030612635,0.061513492075374265,0.04850454453047058,0.04226342665890343]",4477,23,-0.07874696823659211,surface_displacement
,,,,,60,300,-0.04352445338710642,-0.12241623216558625,diagnostic_2,500,surprise_l2_5s,,,,False,"[10,23,72,811,3561]","[0.05131513926214805,0.054832964030612635,0.061513492075374265,0.04850454453047058,0.04226342665890343]",4477,23,-0.07874696823659211,surface_displacement
,,,,,12,60,-0.1124921645029084,-0.1727832025121452,diagnostic_2,500,surprise_l2_5s,,,,False,"[10,23,72,811,3561]","[0.008234481513500213,0.00786173052113989,0.008909089904692438,0.006449866631101591,0.004968606793405098]",4477,23,-0.14033107253241997,absolute_atm_iv_change
,,,,,24,120,-0.11331266593685804,-0.17479791821490245,diagnostic_2,500,surprise_l2_5s,,,,False,"[10,23,72,811,3561]","[0.008234481513500213,0.00786173052113989,0.008909089904692438,0.006449866631101591,0.004968606793405098]",4477,23,-0.14033107253241997,absolute_atm_iv_change
,,,,,60,300,-0.10932064533564435,-0.17504759073422638,diagnostic_2,500,surprise_l2_5s,,,,False,"[10,23,72,811,3561]","[0.008234481513500213,0.00786173052113989,0.008909089904692438,0.006449866631101591,0.004968606793405098]",4477,23,-0.14033107253241997,absolute_atm_iv_change
,,,,,12,60,0.15771766034591447,0.04280757353941039,diagnostic_2,500,surprise_l2_5s,,,,False,"[10,23,72,811,3561]","[0.00010867087722107008,8.483056036092595e-05,9.594333997842406e-05,0.00011122889163006568,0.00012951814499706773]",4477,23,0.10020332359788178,realized_futures_volatility
,,,,,24,120,0.16968812514862214,0.030499950684690365,diagnostic_2,500,surprise_l2_5s,,,,False,"[10,23,72,811,3561]","[0.00010867087722107008,8.483056036092595e-05,9.594333997842406e-05,0.00011122889163006568,0.00012951814499706773]",4477,23,0.10020332359788178,realized_futures_volatility
,,,,,60,300,0.17847274667875287,0.02125950601560415,diagnostic_2,500,surprise_l2_5s,,,,False,"[10,23,72,811,3561]","[0.00010867087722107008,8.483056036092595e-05,9.594333997842406e-05,0.00011122889163006568,0.00012951814499706773]",4477,23,0.10020332359788178,realized_futures_volatility
,,,,,12,60,0.08978536768465503,-0.007185921698124661,diagnostic_2,500,surprise_l2_5s,,,,False,"[10,23,72,811,3561]","[6.456375122070313e-05,4.90520311438519e-05,6.930033365885417e-05,8.331068347032503e-05,9.42723532132773e-05]",4477,23,0.04379369700860902,absolute_futures_return
,,,,,24,120,0.10570414151595899,-0.005464857595843439,diagnostic_2,500,surprise_l2_5s,,,,False,"[10,23,72,811,3561]","[6.456375122070313e-05,4.90520311438519e-05,6.930033365885417e-05,8.331068347032503e-05,9.42723532132773e-05]",4477,23,0.04379369700860902,absolute_futures_return
,,,,,60,300,0.10085405620985027,-0.010341744350146126,diagnostic_2,500,surprise_l2_5s,,,,False,"[10,23,72,811,3561]","[6.456375122070313e-05,4.90520311438519e-05,6.930033365885417e-05,8.331068347032503e-05,9.42723532132773e-05]",4477,23,0.04379369700860902,absolute_futures_return
,,,,,12,60,-0.045393491648454146,-0.10516099905851635,diagnostic_2,500,surprise_l2_5s,,,,False,"[10,23,72,811,3561]","[0.00019045776571147144,0.00010440374013421166,0.0004202036335401418,6.431716797286564e-05,-2.4617819444365836e-05]",4477,23,-0.07547605185685666,near_atm_spread_change
,,,,,24,120,-0.047405828574598845,-0.10263001057092012,diagnostic_2,500,surprise_l2_5s,,,,False,"[10,23,72,811,3561]","[0.00019045776571147144,0.00010440374013421166,0.0004202036335401418,6.431716797286564e-05,-2.4617819444365836e-05]",4477,23,-0.07547605185685666,near_atm_spread_change
,,,,,60,300,-0.04704084749548985,-0.1049824115740358,diagnostic_2,500,surprise_l2_5s,,,,False,"[10,23,72,811,3561]","[0.00019045776571147144,0.00010440374013421166,0.0004202036335401418,6.431716797286564e-05,-2.4617819444365836e-05]",4477,23,-0.07547605185685666,near_atm_spread_change
,,,,,12,60,0.09707833903922669,0.007372321717165217,diagnostic_2,500,surprise_l2_5s,,,,False,"[10,23,72,811,3561]","[5.429098382592201e-05,4.0207868037016496e-05,3.6896710904935993e-05,6.318664460749573e-05,7.562319560060672e-05]",4477,23,0.05214315103578454,absolute_atm_straddle_change
,,,,,24,120,0.09749274935722689,0.007706284620698326,diagnostic_2,500,surprise_l2_5s,,,,False,"[10,23,72,811,3561]","[5.429098382592201e-05,4.0207868037016496e-05,3.6896710904935993e-05,6.318664460749573e-05,7.562319560060672e-05]",4477,23,0.05214315103578454,absolute_atm_straddle_change
,,,,,60,300,0.10275670278907924,-0.0029286031598143667,diagnostic_2,500,surprise_l2_5s,,,,False,"[10,23,72,811,3561]","[5.429098382592201e-05,4.0207868037016496e-05,3.6896710904935993e-05,6.318664460749573e-05,7.562319560060672e-05]",4477,23,0.05214315103578454,absolute_atm_straddle_change
,,,,,12,60,0.06587122788102413,-0.02334615808274603,diagnostic_2,500,surprise_l2_5s,,,,False,"[10,23,72,811,3561]","[-1.7488164303358644e-07,3.3973953142539477e-06,2.102391236904724e-07,-1.255557334867166e-07,1.1233606645779561e-07]",4477,23,0.02015740873281585,parity_restoration
,,,,,24,120,0.06312897903377589,-0.02258578139853489,diagnostic_2,500,surprise_l2_5s,,,,False,"[10,23,72,811,3561]","[-1.7488164303358644e-07,3.3973953142539477e-06,2.102391236904724e-07,-1.255557334867166e-07,1.1233606645779561e-07]",4477,23,0.02015740873281585,parity_restoration
,,,,,60,300,0.05683216884508441,-0.01927756605030304,diagnostic_2,500,surprise_l2_5s,,,,False,"[10,23,72,811,3561]","[-1.7488164303358644e-07,3.3973953142539477e-06,2.102391236904724e-07,-1.255557334867166e-07,1.1233606645779561e-07]",4477,23,0.02015740873281585,parity_restoration
,,,,,12,60,-0.036831638063807765,-0.1060686784851801,diagnostic_2,500,surprise_unit_l2_5s,,,,False,"[0,0,31,679,3767]","[null,null,0.054078705045097396,0.051041341176573454,0.04239634149881282]",4477,23,-0.07005190347774456,surface_displacement
,,,,,24,120,-0.03609859380401104,-0.11386065967563613,diagnostic_2,500,surprise_unit_l2_5s,,,,False,"[0,0,31,679,3767]","[null,null,0.054078705045097396,0.051041341176573454,0.04239634149881282]",4477,23,-0.07005190347774456,surface_displacement
,,,,,60,300,-0.03579375611571912,-0.11377010096597164,diagnostic_2,500,surprise_unit_l2_5s,,,,False,"[0,0,31,679,3767]","[null,null,0.054078705045097396,0.051041341176573454,0.04239634149881282]",4477,23,-0.07005190347774456,surface_displacement
,,,,,12,60,-0.10585218301945257,-0.16814230241991157,diagnostic_2,500,surprise_unit_l2_5s,,,,False,"[0,0,31,679,3767]","[null,null,0.008097999999600073,0.00698343065288878,0.005000234219829822]",4477,23,-0.13485929243722272,absolute_atm_iv_change
,,,,,24,120,-0.10599050003471958,-0.16995809664300446,diagnostic_2,500,surprise_unit_l2_5s,,,,False,"[0,0,31,679,3767]","[null,null,0.008097999999600073,0.00698343065288878,0.005000234219829822]",4477,23,-0.13485929243722272,absolute_atm_iv_change
,,,,,60,300,-0.10402487126676672,-0.16947408873449746,diagnostic_2,500,surprise_unit_l2_5s,,,,False,"[0,0,31,679,3767]","[null,null,0.008097999999600073,0.00698343065288878,0.005000234219829822]",4477,23,-0.13485929243722272,absolute_atm_iv_change
,,,,,12,60,-0.036831638063807765,-0.1060686784851801,diagnostic_2,500,surprise_cosine_5s,,,,False,"[0,0,31,679,3767]","[null,null,0.054078705045097396,0.051041341176573454,0.04239634149881282]",4477,23,-0.07005190347774456,surface_displacement
,,,,,24,120,-0.03609859380401104,-0.11386065967563613,diagnostic_2,500,surprise_cosine_5s,,,,False,"[0,0,31,679,3767]","[null,null,0.054078705045097396,0.051041341176573454,0.04239634149881282]",4477,23,-0.07005190347774456,surface_displacement
,,,,,60,300,-0.03579375611571912,-0.11377010096597164,diagnostic_2,500,surprise_cosine_5s,,,,False,"[0,0,31,679,3767]","[null,null,0.054078705045097396,0.051041341176573454,0.04239634149881282]",4477,23,-0.07005190347774456,surface_displacement
,,,,,12,60,-0.10585218301945257,-0.16814230241991157,diagnostic_2,500,surprise_cosine_5s,,,,False,"[0,0,31,679,3767]","[null,null,0.008097999999600073,0.00698343065288878,0.005000234219829822]",4477,23,-0.13485929243722272,absolute_atm_iv_change
,,,,,24,120,-0.10599050003471958,-0.16995809664300446,diagnostic_2,500,surprise_cosine_5s,,,,False,"[0,0,31,679,3767]","[null,null,0.008097999999600073,0.00698343065288878,0.005000234219829822]",4477,23,-0.13485929243722272,absolute_atm_iv_change
,,,,,60,300,-0.10402487126676672,-0.16947408873449746,diagnostic_2,500,surprise_cosine_5s,,,,False,"[0,0,31,679,3767]","[null,null,0.008097999999600073,0.00698343065288878,0.005000234219829822]",4477,23,-0.13485929243722272,absolute_atm_iv_change
-0.08882764030829615,-0.12708348590290997,-0.23017953938221392,-0.12763824586215544,-0.2206168077093067,,,,,diagnostic_2,,surprise_increment_5s,0.10254129352005847,"{""60s"":{""mean_mae_reduction"":0.0019719397893993877,""ci_low"":0.0018496643449322418,""ci_high"":0.0021112675760447002,""positive_probability"":1.0,""block_rows"":12,""draws"":500},""120s"":{""mean_mae_reduction"":0.0019719397893993877,""ci_low"":0.0018409811747203619,""ci_high"":0.002121673114712709,""positive_probability"":1.0,""block_rows"":24,""draws"":500},""300s"":{""mean_mae_reduction"":0.0019719397893993877,""ci_low"":0.00181501224462489,""ci_high"":0.002132409418298896,""positive_probability"":1.0,""block_rows"":60,""draws"":500}}","{""base_to_candidate"":{""60s"":{""mean_mae_reduction"":0.001788041864633432,""ci_low"":0.0016613079246673899,""ci_high"":0.001902349886454372,""positive_probability"":1.0,""block_rows"":12,""draws"":500},""120s"":{""mean_mae_reduction"":0.001788041864633432,""ci_low"":0.001650700811994186,""ci_high"":0.001936714245050311,""positive_probability"":1.0,""block_rows"":24,""draws"":500},""300s"":{""mean_mae_reduction"":0.001788041864633432,""ci_low"":0.001621993562699757,""ci_high"":0.001958074224306449,""positive_probability"":1.0,""block_rows"":60,""draws"":500}},""base_pca_to_candidate"":{""60s"":{""mean_mae_reduction"":0.0007154112678534112,""ci_low"":0.0006315404505333823,""ci_high"":0.0008023452082429342,""positive_probability"":1.0,""block_rows"":12,""draws"":500},""120s"":{""mean_mae_reduction"":0.0007154112678534112,""ci_low"":0.0006131514797881469,""ci_high"":0.000814037980999096,""positive_probability"":1.0,""block_rows"":24,""draws"":500},""300s"":{""mean_mae_reduction"":0.0007154112678534112,""ci_low"":0.00058739882842602,""ci_high"":0.0008536119034487748,""positive_probability"":1.0,""block_rows"":60,""draws"":500}}}",,,,,23,,surface_displacement
0.16592363904783514,0.19082411391090726,0.19001168776057387,0.1939060624865402,0.1894451971199771,,,,,diagnostic_2,,surprise_increment_5s,0.003894374725966321,"{""60s"":{""mean_mae_reduction"":1.9913144670391e-05,""ci_low"":1.9110831024607708e-05,""ci_high"":2.071587179180804e-05,""positive_probability"":1.0,""block_rows"":12,""draws"":500},""120s"":{""mean_mae_reduction"":1.9913144670391e-05,""ci_low"":1.908057768466612e-05,""ci_high"":2.088076722645365e-05,""positive_probability"":1.0,""block_rows"":24,""draws"":500},""300s"":{""mean_mae_reduction"":1.9913144670391e-05,""ci_low"":1.8919465347472795e-05,""ci_high"":2.096998918186782e-05,""positive_probability"":1.0,""block_rows"":60,""draws"":500}}","{""base_to_candidate"":{""60s"":{""mean_mae_reduction"":2.2809786846454547e-05,""ci_low"":2.200163548441159e-05,""ci_high"":2.3577899668884707e-05,""positive_probability"":1.0,""block_rows"":12,""draws"":500},""120s"":{""mean_mae_reduction"":2.2809786846454547e-05,""ci_low"":2.1938250457530345e-05,""ci_high"":2.355947992595024e-05,""positive_probability"":1.0,""block_rows"":24,""draws"":500},""300s"":{""mean_mae_reduction"":2.2809786846454547e-05,""ci_low"":2.191256987334503e-05,""ci_high"":2.3642936624094325e-05,""positive_probability"":1.0,""block_rows"":60,""draws"":500}},""base_pca_to_candidate"":{""60s"":{""mean_mae_reduction"":1.8849583926100007e-05,""ci_low"":1.8121640990833286e-05,""ci_high"":1.9493633058885893e-05,""positive_probability"":1.0,""block_rows"":12,""draws"":500},""120s"":{""mean_mae_reduction"":1.8849583926100007e-05,""ci_low"":1.822473901804612e-05,""ci_high"":1.951932943779944e-05,""positive_probability"":1.0,""block_rows"":24,""draws"":500},""300s"":{""mean_mae_reduction"":1.8849583926100007e-05,""ci_low"":1.8072999973062765e-05,""ci_high"":1.9525122845496007e-05,""positive_probability"":1.0,""block_rows"":60,""draws"":500}}}",,,,,23,,absolute_atm_iv_change
,,,,,12,60,0.013386330832136294,-0.08352082991734681,diagnostic_1,500,surprise_l2_30s,,,,False,"[2,2,44,1255,1039]","[0.10622380786634372,0.023952654138558176,0.06936667468312749,0.042301882716197635,0.04437941387650469]",2342,23,-0.0344682996804452,surface_displacement
,,,,,24,120,0.005894095705653008,-0.08294611272739193,diagnostic_1,500,surprise_l2_30s,,,,False,"[2,2,44,1255,1039]","[0.10622380786634372,0.023952654138558176,0.06936667468312749,0.042301882716197635,0.04437941387650469]",2342,23,-0.0344682996804452,surface_displacement
,,,,,60,300,0.00893131193636831,-0.09334147527700569,diagnostic_1,500,surprise_l2_30s,,,,False,"[2,2,44,1255,1039]","[0.10622380786634372,0.023952654138558176,0.06936667468312749,0.042301882716197635,0.04437941387650469]",2342,23,-0.0344682996804452,surface_displacement
,,,,,12,60,-0.06403975142309841,-0.14140925384404823,diagnostic_1,500,surprise_l2_30s,,,,False,"[2,2,44,1255,1039]","[0.015580900013446808,0.0019402503967285156,0.009609391743486578,0.00447769536083913,0.004408606034959016]",2342,23,-0.10550498868993066,absolute_atm_iv_change
,,,,,24,120,-0.06573190107937642,-0.1462856807265354,diagnostic_1,500,surprise_l2_30s,,,,False,"[2,2,44,1255,1039]","[0.015580900013446808,0.0019402503967285156,0.009609391743486578,0.00447769536083913,0.004408606034959016]",2342,23,-0.10550498868993066,absolute_atm_iv_change
,,,,,60,300,-0.06205555063813537,-0.15277545345492588,diagnostic_1,500,surprise_l2_30s,,,,False,"[2,2,44,1255,1039]","[0.015580900013446808,0.0019402503967285156,0.009609391743486578,0.00447769536083913,0.004408606034959016]",2342,23,-0.10550498868993066,absolute_atm_iv_change
,,,,,12,60,0.13239269723279373,-0.038814812636907406,diagnostic_1,500,surprise_l2_30s,,,,False,"[2,2,44,1255,1039]","[0.00014204673354912162,0.00019403913419626683,9.78824899247744e-05,0.00010964876977492268,0.0001198219538296179]",2342,23,0.045470820261944066,realized_futures_volatility
,,,,,24,120,0.15086706763751143,-0.041307339019862555,diagnostic_1,500,surprise_l2_30s,,,,False,"[2,2,44,1255,1039]","[0.00014204673354912162,0.00019403913419626683,9.78824899247744e-05,0.00010964876977492268,0.0001198219538296179]",2342,23,0.045470820261944066,realized_futures_volatility
,,,,,60,300,0.16683922904761037,-0.02846024130146648,diagnostic_1,500,surprise_l2_30s,,,,False,"[2,2,44,1255,1039]","[0.00014204673354912162,0.00019403913419626683,9.78824899247744e-05,0.00010964876977492268,0.0001198219538296179]",2342,23,0.045470820261944066,realized_futures_volatility
,,,,,12,60,0.04622964586015796,-0.09469207018086181,diagnostic_1,500,surprise_l2_30s,,,,False,"[2,2,44,1255,1039]","[9.298324584960938e-05,0.0001964569091796875,0.00010542436079545455,8.238150304057208e-05,9.052654776697095e-05]",2342,23,-0.026961989210537468,absolute_futures_return
,,,,,24,120,0.06174612909589306,-0.09724438379397911,diagnostic_1,500,surprise_l2_30s,,,,False,"[2,2,44,1255,1039]","[9.298324584960938e-05,0.0001964569091796875,0.00010542436079545455,8.238150304057208e-05,9.052654776697095e-05]",2342,23,-0.026961989210537468,absolute_futures_return
,,,,,60,300,0.09095107998556667,-0.09047248384037568,diagnostic_1,500,surprise_l2_30s,,,,False,"[2,2,44,1255,1039]","[9.298324584960938e-05,0.0001964569091796875,0.00010542436079545455,8.238150304057208e-05,9.052654776697095e-05]",2342,23,-0.026961989210537468,absolute_futures_return
,,,,,12,60,-0.04469391835364755,-0.12506214125550041,diagnostic_1,500,surprise_l2_30s,,,,False,"[2,2,44,1255,1039]","[0.0008835024491418153,-0.00044046304537914693,0.0001907226449640637,1.7833274481187304e-05,-3.4513690644365136e-05]",2342,23,-0.08155013063693001,near_atm_spread_change
,,,,,24,120,-0.05303647278294039,-0.12208496553249237,diagnostic_1,500,surprise_l2_30s,,,,False,"[2,2,44,1255,1039]","[0.0008835024491418153,-0.00044046304537914693,0.0001907226449640637,1.7833274481187304e-05,-3.4513690644365136e-05]",2342,23,-0.08155013063693001,near_atm_spread_change
,,,,,60,300,-0.05212873362958666,-0.12404515001353326,diagnostic_1,500,surprise_l2_30s,,,,False,"[2,2,44,1255,1039]","[0.0008835024491418153,-0.00044046304537914693,0.0001907226449640637,1.7833274481187304e-05,-3.4513690644365136e-05]",2342,23,-0.08155013063693001,near_atm_spread_change
,,,,,12,60,-0.056602821307677936,-0.1860664524686003,diagnostic_1,500,surprise_l2_30s,,,,False,"[2,2,44,1255,1039]","[0.00011540437117218971,9.290268644690514e-05,4.525110125541687e-05,4.837279879595654e-05,4.3546443014505166e-05]",2342,23,-0.12042660694600149,absolute_atm_straddle_change
,,,,,24,120,-0.0371008608976261,-0.1987558775597933,diagnostic_1,500,surprise_l2_30s,,,,False,"[2,2,44,1255,1039]","[0.00011540437117218971,9.290268644690514e-05,4.525110125541687e-05,4.837279879595654e-05,4.3546443014505166e-05]",2342,23,-0.12042660694600149,absolute_atm_straddle_change
,,,,,60,300,-0.012850414395238659,-0.19442578409450575,diagnostic_1,500,surprise_l2_30s,,,,False,"[2,2,44,1255,1039]","[0.00011540437117218971,9.290268644690514e-05,4.525110125541687e-05,4.837279879595654e-05,4.3546443014505166e-05]",2342,23,-0.12042660694600149,absolute_atm_straddle_change
,,,,,12,60,0.00977749494932205,-0.10281514367056416,diagnostic_1,500,surprise_l2_30s,,,,False,"[2,2,44,1255,1039]","[2.2974363673711196e-06,1.1088648534496315e-05,3.2492875603069975e-06,1.1145108987241465e-06,-6.946961500093025e-07]",2342,23,-0.049972984341191774,parity_restoration
,,,,,24,120,0.0038757322811045604,-0.10102871215235451,diagnostic_1,500,surprise_l2_30s,,,,False,"[2,2,44,1255,1039]","[2.2974363673711196e-06,1.1088648534496315e-05,3.2492875603069975e-06,1.1145108987241465e-06,-6.946961500093025e-07]",2342,23,-0.049972984341191774,parity_restoration
,,,,,60,300,0.005486373552045267,-0.09414956519817236,diagnostic_1,500,surprise_l2_30s,,,,False,"[2,2,44,1255,1039]","[2.2974363673711196e-06,1.1088648534496315e-05,3.2492875603069975e-06,1.1145108987241465e-06,-6.946961500093025e-07]",2342,23,-0.049972984341191774,parity_restoration
,,,,,12,60,0.025116920299732573,-0.0715186694828893,diagnostic_1,500,surprise_unit_l2_30s,,,,False,"[0,0,17,1308,1017]","[null,null,0.06572215906422683,0.042942977667317236,0.044468897683029515]",2342,23,-0.023106508805663922,surface_displacement
,,,,,24,120,0.019528514498698923,-0.07321455816647002,diagnostic_1,500,surprise_unit_l2_30s,,,,False,"[0,0,17,1308,1017]","[null,null,0.06572215906422683,0.042942977667317236,0.044468897683029515]",2342,23,-0.023106508805663922,surface_displacement
,,,,,60,300,0.022792152417799926,-0.08233276570078653,diagnostic_1,500,surprise_unit_l2_30s,,,,False,"[0,0,17,1308,1017]","[null,null,0.06572215906422683,0.042942977667317236,0.044468897683029515]",2342,23,-0.023106508805663922,surface_displacement
,,,,,12,60,-0.056599853562254464,-0.13415099387627039,diagnostic_1,500,surprise_unit_l2_30s,,,,False,"[0,0,17,1308,1017]","[null,null,0.00869488321682986,0.004605872243278253,0.004410630262355186]",2342,23,-0.09855355617417723,absolute_atm_iv_change
,,,,,24,120,-0.05775326465272135,-0.14132789031866033,diagnostic_1,500,surprise_unit_l2_30s,,,,False,"[0,0,17,1308,1017]","[null,null,0.00869488321682986,0.004605872243278253,0.004410630262355186]",2342,23,-0.09855355617417723,absolute_atm_iv_change
,,,,,60,300,-0.05601948747333814,-0.14775276292370174,diagnostic_1,500,surprise_unit_l2_30s,,,,False,"[0,0,17,1308,1017]","[null,null,0.00869488321682986,0.004605872243278253,0.004410630262355186]",2342,23,-0.09855355617417723,absolute_atm_iv_change
,,,,,12,60,0.025116920299732573,-0.0715186694828893,diagnostic_1,500,surprise_cosine_30s,,,,False,"[0,0,17,1308,1017]","[null,null,0.06572215906422683,0.042942977667317236,0.044468897683029515]",2342,23,-0.023106508805663922,surface_displacement
,,,,,24,120,0.019528514498698923,-0.07321455816647002,diagnostic_1,500,surprise_cosine_30s,,,,False,"[0,0,17,1308,1017]","[null,null,0.06572215906422683,0.042942977667317236,0.044468897683029515]",2342,23,-0.023106508805663922,surface_displacement
,,,,,60,300,0.022792152417799926,-0.08233276570078653,diagnostic_1,500,surprise_cosine_30s,,,,False,"[0,0,17,1308,1017]","[null,null,0.06572215906422683,0.042942977667317236,0.044468897683029515]",2342,23,-0.023106508805663922,surface_displacement
,,,,,12,60,-0.056599853562254464,-0.13415099387627039,diagnostic_1,500,surprise_cosine_30s,,,,False,"[0,0,17,1308,1017]","[null,null,0.00869488321682986,0.004605872243278253,0.004410630262355186]",2342,23,-0.09855355617417723,absolute_atm_iv_change
,,,,,24,120,-0.05775326465272135,-0.14132789031866033,diagnostic_1,500,surprise_cosine_30s,,,,False,"[0,0,17,1308,1017]","[null,null,0.00869488321682986,0.004605872243278253,0.004410630262355186]",2342,23,-0.09855355617417723,absolute_atm_iv_change
,,,,,60,300,-0.05601948747333814,-0.14775276292370174,diagnostic_1,500,surprise_cosine_30s,,,,False,"[0,0,17,1308,1017]","[null,null,0.00869488321682986,0.004605872243278253,0.004410630262355186]",2342,23,-0.09855355617417723,absolute_atm_iv_change
0.008679274747341648,-0.032962133484606415,-0.09656641531389631,-0.029352348090965208,-0.08200533791537845,,,,,diagnostic_1,,surprise_increment_30s,0.0672140672229311,"{""60s"":{""mean_mae_reduction"":0.0012888110528028046,""ci_low"":0.0011781214841251758,""ci_high"":0.0014014836517524613,""positive_probability"":1.0,""block_rows"":12,""draws"":500},""120s"":{""mean_mae_reduction"":0.0012888110528028046,""ci_low"":0.0011677056381159726,""ci_high"":0.00141550517912958,""positive_probability"":1.0,""block_rows"":24,""draws"":500},""300s"":{""mean_mae_reduction"":0.0012888110528028046,""ci_low"":0.0011566310589382254,""ci_high"":0.0014391321116223202,""positive_probability"":1.0,""block_rows"":60,""draws"":500}}","{""base_to_candidate"":{""60s"":{""mean_mae_reduction"":0.0010096064418144016,""ci_low"":0.0008818973721997881,""ci_high"":0.001138824174650156,""positive_probability"":1.0,""block_rows"":12,""draws"":500},""120s"":{""mean_mae_reduction"":0.0010096064418144016,""ci_low"":0.0008672602665634567,""ci_high"":0.0011435592786342731,""positive_probability"":1.0,""block_rows"":24,""draws"":500},""300s"":{""mean_mae_reduction"":0.0010096064418144016,""ci_low"":0.0008188306486538783,""ci_high"":0.0011993029591459742,""positive_probability"":1.0,""block_rows"":60,""draws"":500}},""base_pca_to_candidate"":{""60s"":{""mean_mae_reduction"":0.0003141693960149209,""ci_low"":0.00023063121069921051,""ci_high"":0.00039634648327698793,""positive_probability"":1.0,""block_rows"":12,""draws"":500},""120s"":{""mean_mae_reduction"":0.0003141693960149209,""ci_low"":0.00020377565647053058,""ci_high"":0.0004250889668834879,""positive_probability"":1.0,""block_rows"":24,""draws"":500},""300s"":{""mean_mae_reduction"":0.0003141693960149209,""ci_low"":0.0001780191691636141,""ci_high"":0.00045344511240397135,""positive_probability"":1.0,""block_rows"":60,""draws"":500}}}",,,,,23,,surface_displacement
0.14167503041073337,0.1730682579495333,0.17069630175365835,0.17148262651888058,0.1716380222591154,,,,,diagnostic_1,,surprise_increment_30s,0.0007863247652222238,"{""60s"":{""mean_mae_reduction"":3.4152396036691744e-06,""ci_low"":3.2080382113122323e-06,""ci_high"":3.6301370098547796e-06,""positive_probability"":1.0,""block_rows"":12,""draws"":500},""120s"":{""mean_mae_reduction"":3.4152396036691744e-06,""ci_low"":3.1582173604489753e-06,""ci_high"":3.6765533368990846e-06,""positive_probability"":1.0,""block_rows"":24,""draws"":500},""300s"":{""mean_mae_reduction"":3.4152396036691744e-06,""ci_low"":3.1159855739081065e-06,""ci_high"":3.749366676506832e-06,""positive_probability"":1.0,""block_rows"":60,""draws"":500}}","{""base_to_candidate"":{""60s"":{""mean_mae_reduction"":-6.749293800273979e-07,""ci_low"":-1.4117156758121282e-06,""ci_high"":3.801068142104512e-08,""positive_probability"":0.034,""block_rows"":12,""draws"":500},""120s"":{""mean_mae_reduction"":-6.749293800273979e-07,""ci_low"":-1.6101298852381576e-06,""ci_high"":1.901878224073976e-07,""positive_probability"":0.074,""block_rows"":24,""draws"":500},""300s"":{""mean_mae_reduction"":-6.749293800273979e-07,""ci_low"":-1.950274199269489e-06,""ci_high"":7.042757087401569e-07,""positive_probability"":0.19,""block_rows"":60,""draws"":500}},""base_pca_to_candidate"":{""60s"":{""mean_mae_reduction"":-4.8718503436720265e-06,""ci_low"":-5.670755741348533e-06,""ci_high"":-4.005514621244162e-06,""positive_probability"":0.0,""block_rows"":12,""draws"":500},""120s"":{""mean_mae_reduction"":-4.8718503436720265e-06,""ci_low"":-5.888154055268337e-06,""ci_high"":-3.695864446757553e-06,""positive_probability"":0.0,""block_rows"":24,""draws"":500},""300s"":{""mean_mae_reduction"":-4.8718503436720265e-06,""ci_low"":-6.496644331882441e-06,""ci_high"":-3.2278338607505794e-06,""positive_probability"":0.0,""block_rows"":60,""draws"":500}}}",,,,,23,,absolute_atm_iv_change
,,,,,12,60,-0.04540128019654089,-0.11372546199455157,diagnostic_2,500,surprise_l2_30s,,,,False,"[8,23,113,1212,3121]","[0.0508399675407977,0.061590763373089864,0.05616851799052693,0.046462840897126136,0.042152263999732584]",4477,23,-0.07884660762444824,surface_displacement
,,,,,24,120,-0.04614736694412871,-0.11983770557592037,diagnostic_2,500,surprise_l2_30s,,,,False,"[8,23,113,1212,3121]","[0.0508399675407977,0.061590763373089864,0.05616851799052693,0.046462840897126136,0.042152263999732584]",4477,23,-0.07884660762444824,surface_displacement
,,,,,60,300,-0.0435364063745673,-0.12062205238746629,diagnostic_2,500,surprise_l2_30s,,,,False,"[8,23,113,1212,3121]","[0.0508399675407977,0.061590763373089864,0.05616851799052693,0.046462840897126136,0.042152263999732584]",4477,23,-0.07884660762444824,surface_displacement
,,,,,12,60,-0.11189167836302838,-0.1723129219592284,diagnostic_2,500,surprise_l2_30s,,,,False,"[8,23,113,1212,3121]","[0.0083383210003376,0.009312334591927736,0.008122207778217518,0.006045049154768289,0.004903354822577134]",4477,23,-0.13964518375050486,absolute_atm_iv_change
,,,,,24,120,-0.1122639502763779,-0.172746227958327,diagnostic_2,500,surprise_l2_30s,,,,False,"[8,23,113,1212,3121]","[0.0083383210003376,0.009312334591927736,0.008122207778217518,0.006045049154768289,0.004903354822577134]",4477,23,-0.13964518375050486,absolute_atm_iv_change
,,,,,60,300,-0.10919928521426393,-0.17134718511586522,diagnostic_2,500,surprise_l2_30s,,,,False,"[8,23,113,1212,3121]","[0.0083383210003376,0.009312334591927736,0.008122207778217518,0.006045049154768289,0.004903354822577134]",4477,23,-0.13964518375050486,absolute_atm_iv_change
,,,,,12,60,0.16059593464344954,0.0481445369422927,diagnostic_2,500,surprise_l2_30s,,,,False,"[8,23,113,1212,3121]","[0.00011879782303562366,0.00010688218237369711,9.08653857394847e-05,0.00011561537881481435,0.00013058768891204844]",4477,23,0.10275117864337827,realized_futures_volatility
,,,,,24,120,0.17077654832860018,0.036035058011509774,diagnostic_2,500,surprise_l2_30s,,,,False,"[8,23,113,1212,3121]","[0.00011879782303562366,0.00010688218237369711,9.08653857394847e-05,0.00011561537881481435,0.00013058768891204844]",4477,23,0.10275117864337827,realized_futures_volatility
,,,,,60,300,0.18120036828514519,0.024146011818416795,diagnostic_2,500,surprise_l2_30s,,,,False,"[8,23,113,1212,3121]","[0.00011879782303562366,0.00010688218237369711,9.08653857394847e-05,0.00011561537881481435,0.00013058768891204844]",4477,23,0.10275117864337827,realized_futures_volatility
,,,,,12,60,0.09347631843786755,-0.003929558029921654,diagnostic_2,500,surprise_l2_30s,,,,False,"[8,23,113,1212,3121]","[5.900859832763672e-05,7.79110452403193e-05,5.9060290851424224e-05,8.585272055647948e-05,9.517492448928379e-05]",4477,23,0.046277331455731825,absolute_futures_return
,,,,,24,120,0.10854510651676104,-0.0037809695315439867,diagnostic_2,500,surprise_l2_30s,,,,False,"[8,23,113,1212,3121]","[5.900859832763672e-05,7.79110452403193e-05,5.9060290851424224e-05,8.585272055647948e-05,9.517492448928379e-05]",4477,23,0.046277331455731825,absolute_futures_return
,,,,,60,300,0.10151933637966808,-0.010108740265584238,diagnostic_2,500,surprise_l2_30s,,,,False,"[8,23,113,1212,3121]","[5.900859832763672e-05,7.79110452403193e-05,5.9060290851424224e-05,8.585272055647948e-05,9.517492448928379e-05]",4477,23,0.046277331455731825,absolute_futures_return
,,,,,12,60,-0.04063684063321462,-0.10088914379805723,diagnostic_2,500,surprise_l2_30s,,,,False,"[8,23,113,1212,3121]","[-6.256376036617439e-05,0.0003704790882614401,0.0003299679138658535,3.448837156407151e-05,-2.8211821874361026e-05]",4477,23,-0.07025247325653884,near_atm_spread_change
,,,,,24,120,-0.04202557959599204,-0.09709916980223535,diagnostic_2,500,surprise_l2_30s,,,,False,"[8,23,113,1212,3121]","[-6.256376036617439e-05,0.0003704790882614401,0.0003299679138658535,3.448837156407151e-05,-2.8211821874361026e-05]",4477,23,-0.07025247325653884,near_atm_spread_change
,,,,,60,300,-0.04137280897747606,-0.09917194226775863,diagnostic_2,500,surprise_l2_30s,,,,False,"[8,23,113,1212,3121]","[-6.256376036617439e-05,0.0003704790882614401,0.0003299679138658535,3.448837156407151e-05,-2.8211821874361026e-05]",4477,23,-0.07025247325653884,near_atm_spread_change
,,,,,12,60,0.1003969187227843,0.012632193443002569,diagnostic_2,500,surprise_l2_30s,,,,False,"[8,23,113,1212,3121]","[6.842182483524084e-05,4.2806905896767326e-05,4.416203901039816e-05,6.819836159079971e-05,7.545151048003004e-05]",4477,23,0.056161638311890826,absolute_atm_straddle_change
,,,,,24,120,0.10169907646427855,0.010596220836816403,diagnostic_2,500,surprise_l2_30s,,,,False,"[8,23,113,1212,3121]","[6.842182483524084e-05,4.2806905896767326e-05,4.416203901039816e-05,6.819836159079971e-05,7.545151048003004e-05]",4477,23,0.056161638311890826,absolute_atm_straddle_change
,,,,,60,300,0.10982877069296895,0.0004654114547482126,diagnostic_2,500,surprise_l2_30s,,,,False,"[8,23,113,1212,3121]","[6.842182483524084e-05,4.2806905896767326e-05,4.416203901039816e-05,6.819836159079971e-05,7.545151048003004e-05]",4477,23,0.056161638311890826,absolute_atm_straddle_change
,,,,,12,60,0.06281155904785674,-0.02565178202370351,diagnostic_2,500,surprise_l2_30s,,,,False,"[8,23,113,1212,3121]","[7.501894060624181e-06,9.894278976033726e-07,-4.918502113911678e-07,5.45419101753795e-07,-9.56454168749012e-08]",4477,23,0.016600198378169347,parity_restoration
,,,,,24,120,0.06053352353470098,-0.026024795419776137,diagnostic_2,500,surprise_l2_30s,,,,False,"[8,23,113,1212,3121]","[7.501894060624181e-06,9.894278976033726e-07,-4.918502113911678e-07,5.45419101753795e-07,-9.56454168749012e-08]",4477,23,0.016600198378169347,parity_restoration
,,,,,60,300,0.05244212276109539,-0.020960619995574636,diagnostic_2,500,surprise_l2_30s,,,,False,"[8,23,113,1212,3121]","[7.501894060624181e-06,9.894278976033726e-07,-4.918502113911678e-07,5.45419101753795e-07,-9.56454168749012e-08]",4477,23,0.016600198378169347,parity_restoration
,,,,,12,60,-0.0366961262795874,-0.10606506784408899,diagnostic_2,500,surprise_unit_l2_30s,,,,False,"[0,0,81,1133,3263]","[null,null,0.058889941209043194,0.04686156971432932,0.04234639448882981]",4477,23,-0.07024649390903474,surface_displacement
,,,,,24,120,-0.03560637990869199,-0.11320850987301696,diagnostic_2,500,surprise_unit_l2_30s,,,,False,"[0,0,81,1133,3263]","[null,null,0.058889941209043194,0.04686156971432932,0.04234639448882981]",4477,23,-0.07024649390903474,surface_displacement
,,,,,60,300,-0.035876651903741244,-0.11332688452019832,diagnostic_2,500,surprise_unit_l2_30s,,,,False,"[0,0,81,1133,3263]","[null,null,0.058889941209043194,0.04686156971432932,0.04234639448882981]",4477,23,-0.07024649390903474,surface_displacement
,,,,,12,60,-0.10480121091237349,-0.16764867719799478,diagnostic_2,500,surprise_unit_l2_30s,,,,False,"[0,0,81,1133,3263]","[null,null,0.008815925614333447,0.006137242128074642,0.004952830037857322]",4477,23,-0.13437289679586997,absolute_atm_iv_change
,,,,,24,120,-0.10613073755385219,-0.16721556664734177,diagnostic_2,500,surprise_unit_l2_30s,,,,False,"[0,0,81,1133,3263]","[null,null,0.008815925614333447,0.006137242128074642,0.004952830037857322]",4477,23,-0.13437289679586997,absolute_atm_iv_change
,,,,,60,300,-0.10357834976870736,-0.1673682699011664,diagnostic_2,500,surprise_unit_l2_30s,,,,False,"[0,0,81,1133,3263]","[null,null,0.008815925614333447,0.006137242128074642,0.004952830037857322]",4477,23,-0.13437289679586997,absolute_atm_iv_change
,,,,,12,60,-0.0366961262795874,-0.10606506784408899,diagnostic_2,500,surprise_cosine_30s,,,,False,"[0,0,81,1133,3263]","[null,null,0.058889941209043194,0.04686156971432932,0.04234639448882981]",4477,23,-0.07024649390903474,surface_displacement
,,,,,24,120,-0.03560637990869199,-0.11320850987301696,diagnostic_2,500,surprise_cosine_30s,,,,False,"[0,0,81,1133,3263]","[null,null,0.058889941209043194,0.04686156971432932,0.04234639448882981]",4477,23,-0.07024649390903474,surface_displacement
,,,,,60,300,-0.035876651903741244,-0.11332688452019832,diagnostic_2,500,surprise_cosine_30s,,,,False,"[0,0,81,1133,3263]","[null,null,0.058889941209043194,0.04686156971432932,0.04234639448882981]",4477,23,-0.07024649390903474,surface_displacement
,,,,,12,60,-0.10480121091237349,-0.16764867719799478,diagnostic_2,500,surprise_cosine_30s,,,,False,"[0,0,81,1133,3263]","[null,null,0.008815925614333447,0.006137242128074642,0.004952830037857322]",4477,23,-0.13437289679586997,absolute_atm_iv_change
,,,,,24,120,-0.10613073755385219,-0.16721556664734177,diagnostic_2,500,surprise_cosine_30s,,,,False,"[0,0,81,1133,3263]","[null,null,0.008815925614333447,0.006137242128074642,0.004952830037857322]",4477,23,-0.13437289679586997,absolute_atm_iv_change
,,,,,60,300,-0.10357834976870736,-0.1673682699011664,diagnostic_2,500,surprise_cosine_30s,,,,False,"[0,0,81,1133,3263]","[null,null,0.008815925614333447,0.006137242128074642,0.004952830037857322]",4477,23,-0.13437289679586997,absolute_atm_iv_change
-0.08249468086821965,-0.13038559772717973,-0.2184439996731795,-0.1270578378790046,-0.2206168077093067,,,,,diagnostic_2,,surprise_increment_30s,0.09138616179417491,"{""60s"":{""mean_mae_reduction"":0.001757418913456289,""ci_low"":0.0016522811868645857,""ci_high"":0.0018796746979811416,""positive_probability"":1.0,""block_rows"":12,""draws"":500},""120s"":{""mean_mae_reduction"":0.001757418913456289,""ci_low"":0.0016484555891134757,""ci_high"":0.0018844247714711593,""positive_probability"":1.0,""block_rows"":24,""draws"":500},""300s"":{""mean_mae_reduction"":0.001757418913456289,""ci_low"":0.0016246797624998404,""ci_high"":0.0018911164127639903,""positive_probability"":1.0,""block_rows"":60,""draws"":500}}","{""base_to_candidate"":{""60s"":{""mean_mae_reduction"":0.001799203510413104,""ci_low"":0.0016693867123419033,""ci_high"":0.0019077919204242017,""positive_probability"":1.0,""block_rows"":12,""draws"":500},""120s"":{""mean_mae_reduction"":0.001799203510413104,""ci_low"":0.0016642493408661038,""ci_high"":0.0019338004429791387,""positive_probability"":1.0,""block_rows"":24,""draws"":500},""300s"":{""mean_mae_reduction"":0.001799203510413104,""ci_low"":0.0016433053888962835,""ci_high"":0.0019584553272626627,""positive_probability"":1.0,""block_rows"":60,""draws"":500}},""base_pca_to_candidate"":{""60s"":{""mean_mae_reduction"":0.0008971107250816637,""ci_low"":0.0008058111990763424,""ci_high"":0.0009868837836829005,""positive_probability"":1.0,""block_rows"":12,""draws"":500},""120s"":{""mean_mae_reduction"":0.0008971107250816637,""ci_low"":0.0007999755386853334,""ci_high"":0.0010001581650339762,""positive_probability"":1.0,""block_rows"":24,""draws"":500},""300s"":{""mean_mae_reduction"":0.0008971107250816637,""ci_low"":0.0007748837698145963,""ci_high"":0.0010178838720283198,""positive_probability"":1.0,""block_rows"":60,""draws"":500}}}",,,,,23,,surface_displacement
0.16652761532202953,0.19159170816958881,0.18965398618305196,0.19050492440894695,0.1894451971199771,,,,,diagnostic_2,,surprise_increment_30s,0.0008509382258949927,"{""60s"":{""mean_mae_reduction"":4.35111081756765e-06,""ci_low"":4.169704982337354e-06,""ci_high"":4.516432460256188e-06,""positive_probability"":1.0,""block_rows"":12,""draws"":500},""120s"":{""mean_mae_reduction"":4.35111081756765e-06,""ci_low"":4.190802048254884e-06,""ci_high"":4.539012094256595e-06,""positive_probability"":1.0,""block_rows"":24,""draws"":500},""300s"":{""mean_mae_reduction"":4.35111081756765e-06,""ci_low"":4.129118434769722e-06,""ci_high"":4.573958311371104e-06,""positive_probability"":1.0,""block_rows"":60,""draws"":500}}","{""base_to_candidate"":{""60s"":{""mean_mae_reduction"":5.41871399167587e-06,""ci_low"":4.884711960421285e-06,""ci_high"":5.950092173793673e-06,""positive_probability"":1.0,""block_rows"":12,""draws"":500},""120s"":{""mean_mae_reduction"":5.41871399167587e-06,""ci_low"":4.79731935383888e-06,""ci_high"":6.002926393394134e-06,""positive_probability"":1.0,""block_rows"":24,""draws"":500},""300s"":{""mean_mae_reduction"":5.41871399167587e-06,""ci_low"":4.629084520519941e-06,""ci_high"":6.183417225217348e-06,""positive_probability"":1.0,""block_rows"":60,""draws"":500}},""base_pca_to_candidate"":{""60s"":{""mean_mae_reduction"":2.2292464453537853e-06,""ci_low"":1.68756547425996e-06,""ci_high"":2.8186436644756107e-06,""positive_probability"":1.0,""block_rows"":12,""draws"":500},""120s"":{""mean_mae_reduction"":2.2292464453537853e-06,""ci_low"":1.570192500185796e-06,""ci_high"":2.94486212968685e-06,""positive_probability"":1.0,""block_rows"":24,""draws"":500},""300s"":{""mean_mae_reduction"":2.2292464453537853e-06,""ci_low"":1.243971704887872e-06,""ci_high"":2.9672331906733087e-06,""positive_probability"":1.0,""block_rows"":60,""draws"":500}}}",,,,,23,,absolute_atm_iv_change
,,,,,12,60,0.014598468817798806,-0.08167541510745142,diagnostic_1,500,surprise_l2_60s,,,,False,"[1,4,57,1518,762]","[0.09379554828506921,0.04704228007713092,0.0681631734346803,0.042009959288605216,0.045371622942402545]",2342,23,-0.03357175022995285,surface_displacement
,,,,,24,120,0.007329866964751447,-0.08107592763511484,diagnostic_1,500,surprise_l2_60s,,,,False,"[1,4,57,1518,762]","[0.09379554828506921,0.04704228007713092,0.0681631734346803,0.042009959288605216,0.045371622942402545]",2342,23,-0.03357175022995285,surface_displacement
,,,,,60,300,0.01181489882352943,-0.09330618526168385,diagnostic_1,500,surprise_l2_60s,,,,False,"[1,4,57,1518,762]","[0.09379554828506921,0.04704228007713092,0.0681631734346803,0.042009959288605216,0.045371622942402545]",2342,23,-0.03357175022995285,surface_displacement
,,,,,12,60,-0.06191183588485714,-0.14108675778075033,diagnostic_1,500,surprise_l2_60s,,,,False,"[1,4,57,1518,762]","[0.012483276426792145,0.0058877132833004,0.009595713071655809,0.004399762018945691,0.0044567931316343195]",2342,23,-0.10443127511132379,absolute_atm_iv_change
,,,,,24,120,-0.06510483137489981,-0.14615950785996903,diagnostic_1,500,surprise_l2_60s,,,,False,"[1,4,57,1518,762]","[0.012483276426792145,0.0058877132833004,0.009595713071655809,0.004399762018945691,0.0044567931316343195]",2342,23,-0.10443127511132379,absolute_atm_iv_change
,,,,,60,300,-0.06074883633132158,-0.14943363882153923,diagnostic_1,500,surprise_l2_60s,,,,False,"[1,4,57,1518,762]","[0.012483276426792145,0.0058877132833004,0.009595713071655809,0.004399762018945691,0.0044567931316343195]",2342,23,-0.10443127511132379,absolute_atm_iv_change
,,,,,12,60,0.1310952942073674,-0.03825781532732732,diagnostic_1,500,surprise_l2_60s,,,,False,"[1,4,57,1518,762]","[0.0001309106896533178,0.0001667946676637787,0.00010365900431178744,0.00011066219617810233,0.00012124849210530467]",2342,23,0.04643532281230554,realized_futures_volatility
,,,,,24,120,0.15246892262971126,-0.040562780223883745,diagnostic_1,500,surprise_l2_60s,,,,False,"[1,4,57,1518,762]","[0.0001309106896533178,0.0001667946676637787,0.00010365900431178744,0.00011066219617810233,0.00012124849210530467]",2342,23,0.04643532281230554,realized_futures_volatility
,,,,,60,300,0.16598994403141468,-0.026558950292864477,diagnostic_1,500,surprise_l2_60s,,,,False,"[1,4,57,1518,762]","[0.0001309106896533178,0.0001667946676637787,0.00010365900431178744,0.00011066219617810233,0.00012124849210530467]",2342,23,0.04643532281230554,realized_futures_volatility
,,,,,12,60,0.047944464843113425,-0.09226058362203238,diagnostic_1,500,surprise_l2_60s,,,,False,"[1,4,57,1518,762]","[7.534027099609375e-05,0.000133514404296875,0.00010234431216591282,8.441902432045917e-05,8.933375200887365e-05]",2342,23,-0.026866913039479808,absolute_futures_return
,,,,,24,120,0.06858022476725387,-0.09876838094275495,diagnostic_1,500,surprise_l2_60s,,,,False,"[1,4,57,1518,762]","[7.534027099609375e-05,0.000133514404296875,0.00010234431216591282,8.441902432045917e-05,8.933375200887365e-05]",2342,23,-0.026866913039479808,absolute_futures_return
,,,,,60,300,0.08838878077082667,-0.08838694507552546,diagnostic_1,500,surprise_l2_60s,,,,False,"[1,4,57,1518,762]","[7.534027099609375e-05,0.000133514404296875,0.00010234431216591282,8.441902432045917e-05,8.933375200887365e-05]",2342,23,-0.026866913039479808,absolute_futures_return
,,,,,12,60,-0.045743338286704696,-0.12278331515637086,diagnostic_1,500,surprise_l2_60s,,,,False,"[1,4,57,1518,762]","[0.00044211349450051785,-0.0005958139518043026,0.0002739544770998978,7.135901939168656e-06,-3.7674083917712174e-05]",2342,23,-0.08106695294096392,near_atm_spread_change
,,,,,24,120,-0.053117913746779453,-0.11931242781989534,diagnostic_1,500,surprise_l2_60s,,,,False,"[1,4,57,1518,762]","[0.00044211349450051785,-0.0005958139518043026,0.0002739544770998978,7.135901939168656e-06,-3.7674083917712174e-05]",2342,23,-0.08106695294096392,near_atm_spread_change
,,,,,60,300,-0.05040660991395004,-0.12452998616020558,diagnostic_1,500,surprise_l2_60s,,,,False,"[1,4,57,1518,762]","[0.00044211349450051785,-0.0005958139518043026,0.0002739544770998978,7.135901939168656e-06,-3.7674083917712174e-05]",2342,23,-0.08106695294096392,near_atm_spread_change
,,,,,12,60,-0.05809295771218316,-0.18695208148679437,diagnostic_1,500,surprise_l2_60s,,,,False,"[1,4,57,1518,762]","[7.434096187353134e-05,5.472870543599129e-05,4.473684780430376e-05,4.8088806169659726e-05,4.267482346124223e-05]",2342,23,-0.12073179985830723,absolute_atm_straddle_change
,,,,,24,120,-0.03976211529721627,-0.19891913133213107,diagnostic_1,500,surprise_l2_60s,,,,False,"[1,4,57,1518,762]","[7.434096187353134e-05,5.472870543599129e-05,4.473684780430376e-05,4.8088806169659726e-05,4.267482346124223e-05]",2342,23,-0.12073179985830723,absolute_atm_straddle_change
,,,,,60,300,-0.01350179121775066,-0.19462670390320017,diagnostic_1,500,surprise_l2_60s,,,,False,"[1,4,57,1518,762]","[7.434096187353134e-05,5.472870543599129e-05,4.473684780430376e-05,4.8088806169659726e-05,4.267482346124223e-05]",2342,23,-0.12073179985830723,absolute_atm_straddle_change
,,,,,12,60,0.005955120727961057,-0.10796070696323219,diagnostic_1,500,surprise_l2_60s,,,,False,"[1,4,57,1518,762]","[-1.0560725058894604e-06,1.0000851489166962e-05,2.926909394119049e-06,8.059497557039653e-07,-7.645015716244127e-07]",2342,23,-0.0511797716255832,parity_restoration
,,,,,24,120,0.003778557479694156,-0.10220885767861573,diagnostic_1,500,surprise_l2_60s,,,,False,"[1,4,57,1518,762]","[-1.0560725058894604e-06,1.0000851489166962e-05,2.926909394119049e-06,8.059497557039653e-07,-7.645015716244127e-07]",2342,23,-0.0511797716255832,parity_restoration
,,,,,60,300,0.002646428278036527,-0.09423055096090929,diagnostic_1,500,surprise_l2_60s,,,,False,"[1,4,57,1518,762]","[-1.0560725058894604e-06,1.0000851489166962e-05,2.926909394119049e-06,8.059497557039653e-07,-7.645015716244127e-07]",2342,23,-0.0511797716255832,parity_restoration
,,,,,12,60,0.027221630801712613,-0.06878491475474098,diagnostic_1,500,surprise_unit_l2_60s,,,,False,"[0,0,31,1585,726]","[null,null,0.07390104193654004,0.04223943321747127,0.045827997915783916]",2342,23,-0.020983044687884464,surface_displacement
,,,,,24,120,0.021431336997155586,-0.06865632994542273,diagnostic_1,500,surprise_unit_l2_60s,,,,False,"[0,0,31,1585,726]","[null,null,0.07390104193654004,0.04223943321747127,0.045827997915783916]",2342,23,-0.020983044687884464,surface_displacement
,,,,,60,300,0.02723332898847736,-0.08184894509371139,diagnostic_1,500,surprise_unit_l2_60s,,,,False,"[0,0,31,1585,726]","[null,null,0.07390104193654004,0.04223943321747127,0.045827997915783916]",2342,23,-0.020983044687884464,surface_displacement
,,,,,12,60,-0.05281841576322339,-0.13556345036358547,diagnostic_1,500,surprise_unit_l2_60s,,,,False,"[0,0,31,1585,726]","[null,null,0.010404290210816168,0.004466576888358179,0.004484638458851612]",2342,23,-0.09612374499226141,absolute_atm_iv_change
,,,,,24,120,-0.056115498641967534,-0.13912848820564805,diagnostic_1,500,surprise_unit_l2_60s,,,,False,"[0,0,31,1585,726]","[null,null,0.010404290210816168,0.004466576888358179,0.004484638458851612]",2342,23,-0.09612374499226141,absolute_atm_iv_change
,,,,,60,300,-0.05332762637112736,-0.14276692543036718,diagnostic_1,500,surprise_unit_l2_60s,,,,False,"[0,0,31,1585,726]","[null,null,0.010404290210816168,0.004466576888358179,0.004484638458851612]",2342,23,-0.09612374499226141,absolute_atm_iv_change
,,,,,12,60,0.027221630801712613,-0.06878491475474098,diagnostic_1,500,surprise_cosine_60s,,,,False,"[0,0,31,1585,726]","[null,null,0.07390104193654004,0.04223943321747127,0.045827997915783916]",2342,23,-0.020983044687884464,surface_displacement
,,,,,24,120,0.021431336997155586,-0.06865632994542273,diagnostic_1,500,surprise_cosine_60s,,,,False,"[0,0,31,1585,726]","[null,null,0.07390104193654004,0.04223943321747127,0.045827997915783916]",2342,23,-0.020983044687884464,surface_displacement
,,,,,60,300,0.02723332898847736,-0.08184894509371139,diagnostic_1,500,surprise_cosine_60s,,,,False,"[0,0,31,1585,726]","[null,null,0.07390104193654004,0.04223943321747127,0.045827997915783916]",2342,23,-0.020983044687884464,surface_displacement
,,,,,12,60,-0.05281841576322339,-0.13556345036358547,diagnostic_1,500,surprise_cosine_60s,,,,False,"[0,0,31,1585,726]","[null,null,0.010404290210816168,0.004466576888358179,0.004484638458851612]",2342,23,-0.09612374499226141,absolute_atm_iv_change
,,,,,24,120,-0.056115498641967534,-0.13912848820564805,diagnostic_1,500,surprise_cosine_60s,,,,False,"[0,0,31,1585,726]","[null,null,0.010404290210816168,0.004466576888358179,0.004484638458851612]",2342,23,-0.09612374499226141,absolute_atm_iv_change
,,,,,60,300,-0.05332762637112736,-0.14276692543036718,diagnostic_1,500,surprise_cosine_60s,,,,False,"[0,0,31,1585,726]","[null,null,0.010404290210816168,0.004466576888358179,0.004484638458851612]",2342,23,-0.09612374499226141,absolute_atm_iv_change
-0.014568241983695662,-0.04581642687083187,-0.09675072678654817,-0.02412353756843255,-0.08200533791537845,,,,,diagnostic_1,,surprise_increment_60s,0.07262718921811562,"{""60s"":{""mean_mae_reduction"":0.0013926061621572857,""ci_low"":0.001278818842561886,""ci_high"":0.0015066637129672908,""positive_probability"":1.0,""block_rows"":12,""draws"":500},""120s"":{""mean_mae_reduction"":0.0013926061621572857,""ci_low"":0.0012739925064953472,""ci_high"":0.0015093599367680959,""positive_probability"":1.0,""block_rows"":24,""draws"":500},""300s"":{""mean_mae_reduction"":0.0013926061621572857,""ci_low"":0.0012691670129731025,""ci_high"":0.0015290648762709064,""positive_probability"":1.0,""block_rows"":60,""draws"":500}}","{""base_to_candidate"":{""60s"":{""mean_mae_reduction"":0.0011098674299212553,""ci_low"":0.0010016506296408186,""ci_high"":0.0012149878178177637,""positive_probability"":1.0,""block_rows"":12,""draws"":500},""120s"":{""mean_mae_reduction"":0.0011098674299212553,""ci_low"":0.0009952701436305685,""ci_high"":0.001222330219335295,""positive_probability"":1.0,""block_rows"":24,""draws"":500},""300s"":{""mean_mae_reduction"":0.0011098674299212553,""ci_low"":0.0009602317835128415,""ci_high"":0.0012637149076805015,""positive_probability"":1.0,""block_rows"":60,""draws"":500}},""base_pca_to_candidate"":{""60s"":{""mean_mae_reduction"":0.000292108067162935,""ci_low"":0.00023092751859532182,""ci_high"":0.0003537755116389514,""positive_probability"":1.0,""block_rows"":12,""draws"":500},""120s"":{""mean_mae_reduction"":0.000292108067162935,""ci_low"":0.00020744747995903704,""ci_high"":0.00037336665866290945,""positive_probability"":1.0,""block_rows"":24,""draws"":500},""300s"":{""mean_mae_reduction"":0.000292108067162935,""ci_low"":0.00019255701898853006,""ci_high"":0.00039697597568723195,""positive_probability"":1.0,""block_rows"":60,""draws"":500}}}",,,,,23,,surface_displacement
0.14111401165327975,0.17196717336242173,0.1702179966108065,0.16914627154987227,0.1716380222591154,,,,,diagnostic_1,,surprise_increment_60s,-0.0010717250609342255,"{""60s"":{""mean_mae_reduction"":-4.654816984320946e-06,""ci_low"":-4.9018074420813295e-06,""ci_high"":-4.414298426231449e-06,""positive_probability"":0.0,""block_rows"":12,""draws"":500},""120s"":{""mean_mae_reduction"":-4.654816984320946e-06,""ci_low"":-4.9594774024376345e-06,""ci_high"":-4.3565286565454014e-06,""positive_probability"":0.0,""block_rows"":24,""draws"":500},""300s"":{""mean_mae_reduction"":-4.654816984320946e-06,""ci_low"":-5.004107118028186e-06,""ci_high"":-4.320690490820771e-06,""positive_probability"":0.0,""block_rows"":60,""draws"":500}}","{""base_to_candidate"":{""60s"":{""mean_mae_reduction"":-1.0822405806173691e-05,""ci_low"":-1.1807590956459497e-05,""ci_high"":-9.8659512330949e-06,""positive_probability"":0.0,""block_rows"":12,""draws"":500},""120s"":{""mean_mae_reduction"":-1.0822405806173691e-05,""ci_low"":-1.2171528221401424e-05,""ci_high"":-9.650679577147545e-06,""positive_probability"":0.0,""block_rows"":24,""draws"":500},""300s"":{""mean_mae_reduction"":-1.0822405806173691e-05,""ci_low"":-1.2424122407974751e-05,""ci_high"":-9.117100474816939e-06,""positive_probability"":0.0,""block_rows"":60,""draws"":500}},""base_pca_to_candidate"":{""60s"":{""mean_mae_reduction"":-2.1626158895309873e-05,""ci_low"":-2.2896307564705796e-05,""ci_high"":-2.0193477719431672e-05,""positive_probability"":0.0,""block_rows"":12,""draws"":500},""120s"":{""mean_mae_reduction"":-2.1626158895309873e-05,""ci_low"":-2.3388587658930175e-05,""ci_high"":-1.9889760466398514e-05,""positive_probability"":0.0,""block_rows"":24,""draws"":500},""300s"":{""mean_mae_reduction"":-2.1626158895309873e-05,""ci_low"":-2.4002329043287207e-05,""ci_high"":-1.9355405169613555e-05,""positive_probability"":0.0,""block_rows"":60,""draws"":500}}}",,,,,23,,absolute_atm_iv_change
,,,,,12,60,-0.04594486262354198,-0.11384788583650929,diagnostic_2,500,surprise_l2_60s,,,,False,"[9,14,144,1586,2724]","[0.058620463385997024,0.05950878766661914,0.05638910382630402,0.04509878735165283,0.04222948386666794]",4477,23,-0.07800720060325526,surface_displacement
,,,,,24,120,-0.045981150800870764,-0.11866361557269443,diagnostic_2,500,surprise_l2_60s,,,,False,"[9,14,144,1586,2724]","[0.058620463385997024,0.05950878766661914,0.05638910382630402,0.04509878735165283,0.04222948386666794]",4477,23,-0.07800720060325526,surface_displacement
,,,,,60,300,-0.04262686048974181,-0.11934473563040415,diagnostic_2,500,surprise_l2_60s,,,,False,"[9,14,144,1586,2724]","[0.058620463385997024,0.05950878766661914,0.05638910382630402,0.04509878735165283,0.04222948386666794]",4477,23,-0.07800720060325526,surface_displacement
,,,,,12,60,-0.1101838119536849,-0.17158953253046097,diagnostic_2,500,surprise_l2_60s,,,,False,"[9,14,144,1586,2724]","[0.009463158746560415,0.00822693748133523,0.0082961849661337,0.00574624499900344,0.004889915184433765]",4477,23,-0.13857125219189115,absolute_atm_iv_change
,,,,,24,120,-0.11096537484065801,-0.17219712329797002,diagnostic_2,500,surprise_l2_60s,,,,False,"[9,14,144,1586,2724]","[0.009463158746560415,0.00822693748133523,0.0082961849661337,0.00574624499900344,0.004889915184433765]",4477,23,-0.13857125219189115,absolute_atm_iv_change
,,,,,60,300,-0.10668100486377108,-0.1714991413498503,diagnostic_2,500,surprise_l2_60s,,,,False,"[9,14,144,1586,2724]","[0.009463158746560415,0.00822693748133523,0.0082961849661337,0.00574624499900344,0.004889915184433765]",4477,23,-0.13857125219189115,absolute_atm_iv_change
,,,,,12,60,0.161510874525397,0.049371510349484976,diagnostic_2,500,surprise_l2_60s,,,,False,"[9,14,144,1586,2724]","[0.00012023871757018305,9.587903224092592e-05,0.00010261710290286067,0.0001149695323713493,0.00013282800349376778]",4477,23,0.10430013533250512,realized_futures_volatility
,,,,,24,120,0.17274623829020624,0.03767876181546927,diagnostic_2,500,surprise_l2_60s,,,,False,"[9,14,144,1586,2724]","[0.00012023871757018305,9.587903224092592e-05,0.00010261710290286067,0.0001149695323713493,0.00013282800349376778]",4477,23,0.10430013533250512,realized_futures_volatility
,,,,,60,300,0.18246676588641428,0.025122320268197162,diagnostic_2,500,surprise_l2_60s,,,,False,"[9,14,144,1586,2724]","[0.00012023871757018305,9.587903224092592e-05,0.00010261710290286067,0.0001149695323713493,0.00013282800349376778]",4477,23,0.10430013533250512,realized_futures_volatility
,,,,,12,60,0.09358365647816713,-0.0033790796339369282,diagnostic_2,500,surprise_l2_60s,,,,False,"[9,14,144,1586,2724]","[7.258521185980903e-05,7.17299325125558e-05,7.384353213840061e-05,8.675670262994562e-05,9.550117010937214e-05]",4477,23,0.046548115635198443,absolute_futures_return
,,,,,24,120,0.1097553497319122,-0.0035683203876436848,diagnostic_2,500,surprise_l2_60s,,,,False,"[9,14,144,1586,2724]","[7.258521185980903e-05,7.17299325125558e-05,7.384353213840061e-05,8.675670262994562e-05,9.550117010937214e-05]",4477,23,0.046548115635198443,absolute_futures_return
,,,,,60,300,0.10181130631102105,-0.0102178204247957,diagnostic_2,500,surprise_l2_60s,,,,False,"[9,14,144,1586,2724]","[7.258521185980903e-05,7.17299325125558e-05,7.384353213840061e-05,8.675670262994562e-05,9.550117010937214e-05]",4477,23,0.046548115635198443,absolute_futures_return
,,,,,12,60,-0.0459221420099013,-0.10575650500970077,diagnostic_2,500,surprise_l2_60s,,,,False,"[9,14,144,1586,2724]","[0.0002551189293929686,0.00022641415645401658,0.000265496677962397,2.5213262964169815e-05,-3.1067522673624216e-05]",4477,23,-0.07504403748048169,near_atm_spread_change
,,,,,24,120,-0.047583152511826585,-0.1011976035442776,diagnostic_2,500,surprise_l2_60s,,,,False,"[9,14,144,1586,2724]","[0.0002551189293929686,0.00022641415645401658,0.000265496677962397,2.5213262964169815e-05,-3.1067522673624216e-05]",4477,23,-0.07504403748048169,near_atm_spread_change
,,,,,60,300,-0.045429285684736774,-0.10504294285723995,diagnostic_2,500,surprise_l2_60s,,,,False,"[9,14,144,1586,2724]","[0.0002551189293929686,0.00022641415645401658,0.000265496677962397,2.5213262964169815e-05,-3.1067522673624216e-05]",4477,23,-0.07504403748048169,near_atm_spread_change
,,,,,12,60,0.10347609244882243,0.013674257212315518,diagnostic_2,500,surprise_l2_60s,,,,False,"[9,14,144,1586,2724]","[5.5527107583151926e-05,4.5713702482836584e-05,5.10721842551397e-05,6.92209026871383e-05,7.57651763220103e-05]",4477,23,0.05875735012305783,absolute_atm_straddle_change
,,,,,24,120,0.10598068778356744,0.012586481514419271,diagnostic_2,500,surprise_l2_60s,,,,False,"[9,14,144,1586,2724]","[5.5527107583151926e-05,4.5713702482836584e-05,5.10721842551397e-05,6.92209026871383e-05,7.57651763220103e-05]",4477,23,0.05875735012305783,absolute_atm_straddle_change
,,,,,60,300,0.11285498028757969,0.00248278104390926,diagnostic_2,500,surprise_l2_60s,,,,False,"[9,14,144,1586,2724]","[5.5527107583151926e-05,4.5713702482836584e-05,5.10721842551397e-05,6.92209026871383e-05,7.57651763220103e-05]",4477,23,0.05875735012305783,absolute_atm_straddle_change
,,,,,12,60,0.060105339319355855,-0.03016499733880757,diagnostic_2,500,surprise_l2_60s,,,,False,"[9,14,144,1586,2724]","[7.63298966275114e-06,-5.730543957075237e-06,1.8198665732901038e-06,3.817245087152245e-08,2.887663006607396e-08]",4477,23,0.013581909664403508,parity_restoration
,,,,,24,120,0.05754829467230916,-0.0313339031161773,diagnostic_2,500,surprise_l2_60s,,,,False,"[9,14,144,1586,2724]","[7.63298966275114e-06,-5.730543957075237e-06,1.8198665732901038e-06,3.817245087152245e-08,2.887663006607396e-08]",4477,23,0.013581909664403508,parity_restoration
,,,,,60,300,0.05162016625265973,-0.023643696525535808,diagnostic_2,500,surprise_l2_60s,,,,False,"[9,14,144,1586,2724]","[7.63298966275114e-06,-5.730543957075237e-06,1.8198665732901038e-06,3.817245087152245e-08,2.887663006607396e-08]",4477,23,0.013581909664403508,parity_restoration
,,,,,12,60,-0.03671102727645138,-0.10606546234099129,diagnostic_2,500,surprise_unit_l2_60s,,,,False,"[0,0,97,1569,2811]","[null,null,0.05842538753605226,0.04542525762230908,0.042369632565250545]",4477,23,-0.06930197270547803,surface_displacement
,,,,,24,120,-0.03516295076808097,-0.11157816422605532,diagnostic_2,500,surprise_unit_l2_60s,,,,False,"[0,0,97,1569,2811]","[null,null,0.05842538753605226,0.04542525762230908,0.042369632565250545]",4477,23,-0.06930197270547803,surface_displacement
,,,,,60,300,-0.03347395616457066,-0.11197317309888358,diagnostic_2,500,surprise_unit_l2_60s,,,,False,"[0,0,97,1569,2811]","[null,null,0.05842538753605226,0.04542525762230908,0.042369632565250545]",4477,23,-0.06930197270547803,surface_displacement
,,,,,12,60,-0.10150444163232145,-0.16503660853987565,diagnostic_2,500,surprise_unit_l2_60s,,,,False,"[0,0,97,1569,2811]","[null,null,0.008620634290975393,0.005837448577617976,0.004921206465631734]",4477,23,-0.13168264087889506,absolute_atm_iv_change
,,,,,24,120,-0.102890666443195,-0.1658765975047774,diagnostic_2,500,surprise_unit_l2_60s,,,,False,"[0,0,97,1569,2811]","[null,null,0.008620634290975393,0.005837448577617976,0.004921206465631734]",4477,23,-0.13168264087889506,absolute_atm_iv_change
,,,,,60,300,-0.10056294706203485,-0.1655579950053453,diagnostic_2,500,surprise_unit_l2_60s,,,,False,"[0,0,97,1569,2811]","[null,null,0.008620634290975393,0.005837448577617976,0.004921206465631734]",4477,23,-0.13168264087889506,absolute_atm_iv_change
,,,,,12,60,-0.03671102727645138,-0.10606546234099129,diagnostic_2,500,surprise_cosine_60s,,,,False,"[0,0,97,1569,2811]","[null,null,0.05842538753605226,0.04542525762230908,0.042369632565250545]",4477,23,-0.06930197270547803,surface_displacement
,,,,,24,120,-0.03516295076808097,-0.11157816422605532,diagnostic_2,500,surprise_cosine_60s,,,,False,"[0,0,97,1569,2811]","[null,null,0.05842538753605226,0.04542525762230908,0.042369632565250545]",4477,23,-0.06930197270547803,surface_displacement
,,,,,60,300,-0.03347395616457066,-0.11197317309888358,diagnostic_2,500,surprise_cosine_60s,,,,False,"[0,0,97,1569,2811]","[null,null,0.05842538753605226,0.04542525762230908,0.042369632565250545]",4477,23,-0.06930197270547803,surface_displacement
,,,,,12,60,-0.10150444163232145,-0.16503660853987565,diagnostic_2,500,surprise_cosine_60s,,,,False,"[0,0,97,1569,2811]","[null,null,0.008620634290975393,0.005837448577617976,0.004921206465631734]",4477,23,-0.13168264087889506,absolute_atm_iv_change
,,,,,24,120,-0.102890666443195,-0.1658765975047774,diagnostic_2,500,surprise_cosine_60s,,,,False,"[0,0,97,1569,2811]","[null,null,0.008620634290975393,0.005837448577617976,0.004921206465631734]",4477,23,-0.13168264087889506,absolute_atm_iv_change
,,,,,60,300,-0.10056294706203485,-0.1655579950053453,diagnostic_2,500,surprise_cosine_60s,,,,False,"[0,0,97,1569,2811]","[null,null,0.008620634290975393,0.005837448577617976,0.004921206465631734]",4477,23,-0.13168264087889506,absolute_atm_iv_change
-0.11882295250103292,-0.15536943096674904,-0.22329193370988376,-0.1388821153131632,-0.2206168077093067,,,,,diagnostic_2,,surprise_increment_60s,0.08440981839672057,"{""60s"":{""mean_mae_reduction"":0.001623259018864527,""ci_low"":0.0015287663774510747,""ci_high"":0.001725610221802863,""positive_probability"":1.0,""block_rows"":12,""draws"":500},""120s"":{""mean_mae_reduction"":0.001623259018864527,""ci_low"":0.0015179794614440098,""ci_high"":0.0017355584311449092,""positive_probability"":1.0,""block_rows"":24,""draws"":500},""300s"":{""mean_mae_reduction"":0.001623259018864527,""ci_low"":0.0015118905988932417,""ci_high"":0.0017553713807426084,""positive_probability"":1.0,""block_rows"":60,""draws"":500}}","{""base_to_candidate"":{""60s"":{""mean_mae_reduction"":0.0015718145010404708,""ci_low"":0.0014652648074517606,""ci_high"":0.0016609972440441024,""positive_probability"":1.0,""block_rows"":12,""draws"":500},""120s"":{""mean_mae_reduction"":0.0015718145010404708,""ci_low"":0.001457496909710531,""ci_high"":0.0016768177676083908,""positive_probability"":1.0,""block_rows"":24,""draws"":500},""300s"":{""mean_mae_reduction"":0.0015718145010404708,""ci_low"":0.001456420908905955,""ci_high"":0.0016877904627348344,""positive_probability"":1.0,""block_rows"":60,""draws"":500}},""base_pca_to_candidate"":{""60s"":{""mean_mae_reduction"":0.0005793921364703778,""ci_low"":0.0005173742894304965,""ci_high"":0.0006474205585103992,""positive_probability"":1.0,""block_rows"":12,""draws"":500},""120s"":{""mean_mae_reduction"":0.0005793921364703778,""ci_low"":0.0005057154249830593,""ci_high"":0.000644779723051285,""positive_probability"":1.0,""block_rows"":24,""draws"":500},""300s"":{""mean_mae_reduction"":0.0005793921364703778,""ci_low"":0.0004980353754082235,""ci_high"":0.000663638442290553,""positive_probability"":1.0,""block_rows"":60,""draws"":500}}}",,,,,23,,surface_displacement
0.16528188703074864,0.18993159910119972,0.18932861318687666,0.1883581549061052,0.1894451971199771,,,,,diagnostic_2,,surprise_increment_60s,-0.000970458280771469,"{""60s"":{""mean_mae_reduction"":-4.962253892191922e-06,""ci_low"":-5.1520460985111455e-06,""ci_high"":-4.749487657283398e-06,""positive_probability"":0.0,""block_rows"":12,""draws"":500},""120s"":{""mean_mae_reduction"":-4.962253892191922e-06,""ci_low"":-5.19008813681318e-06,""ci_high"":-4.768834802565181e-06,""positive_probability"":0.0,""block_rows"":24,""draws"":500},""300s"":{""mean_mae_reduction"":-4.962253892191922e-06,""ci_low"":-5.23162291745082e-06,""ci_high"":-4.714475314750539e-06,""positive_probability"":0.0,""block_rows"":60,""draws"":500}}","{""base_to_candidate"":{""60s"":{""mean_mae_reduction"":-5.558383666399146e-06,""ci_low"":-6.0493799327421615e-06,""ci_high"":-5.0354422445611115e-06,""positive_probability"":0.0,""block_rows"":12,""draws"":500},""120s"":{""mean_mae_reduction"":-5.558383666399146e-06,""ci_low"":-6.198741350407424e-06,""ci_high"":-4.8794909648567225e-06,""positive_probability"":0.0,""block_rows"":24,""draws"":500},""300s"":{""mean_mae_reduction"":-5.558383666399146e-06,""ci_low"":-6.419864025986313e-06,""ci_high"":-4.6973828041248975e-06,""positive_probability"":0.0,""block_rows"":60,""draws"":500}},""base_pca_to_candidate"":{""60s"":{""mean_mae_reduction"":-1.512182262875652e-05,""ci_low"":-1.597800720144454e-05,""ci_high"":-1.4302883118453221e-05,""positive_probability"":0.0,""block_rows"":12,""draws"":500},""120s"":{""mean_mae_reduction"":-1.512182262875652e-05,""ci_low"":-1.6056507080958552e-05,""ci_high"":-1.3935703101182e-05,""positive_probability"":0.0,""block_rows"":24,""draws"":500},""300s"":{""mean_mae_reduction"":-1.512182262875652e-05,""ci_low"":-1.6540398771343438e-05,""ci_high"":-1.373509374138782e-05,""positive_probability"":0.0,""block_rows"":60,""draws"":500}}}",,,,,23,,absolute_atm_iv_change
,,,,,12,60,0.07498126659225719,-0.02509256426254831,diagnostic_1,500,surprise_l2_5s,,,,False,"[0,0,11,1688,643]","[null,null,0.05295837134878226,0.04271719457026331,0.04638008385247705]",2342,42,0.027521059672089537,surface_displacement
,,,,,24,120,0.08065199946473695,-0.02756337625853904,diagnostic_1,500,surprise_l2_5s,,,,False,"[0,0,11,1688,643]","[null,null,0.05295837134878226,0.04271719457026331,0.04638008385247705]",2342,42,0.027521059672089537,surface_displacement
,,,,,60,300,0.08193626336744474,-0.04878266728780846,diagnostic_1,500,surprise_l2_5s,,,,False,"[0,0,11,1688,643]","[null,null,0.05295837134878226,0.04271719457026331,0.04638008385247705]",2342,42,0.027521059672089537,surface_displacement
,,,,,12,60,-0.007118769981796161,-0.08950154229181721,diagnostic_1,500,surprise_l2_5s,,,,False,"[0,0,11,1688,643]","[null,null,0.005959655750881542,0.004574423263034832,0.004464575745640424]",2342,42,-0.048129971963235686,absolute_atm_iv_change
,,,,,24,120,-0.0020077871101650407,-0.09081172267960197,diagnostic_1,500,surprise_l2_5s,,,,False,"[0,0,11,1688,643]","[null,null,0.005959655750881542,0.004574423263034832,0.004464575745640424]",2342,42,-0.048129971963235686,absolute_atm_iv_change
,,,,,60,300,-0.0012968760629724035,-0.10427453642118195,diagnostic_1,500,surprise_l2_5s,,,,False,"[0,0,11,1688,643]","[null,null,0.005959655750881542,0.004574423263034832,0.004464575745640424]",2342,42,-0.048129971963235686,absolute_atm_iv_change
,,,,,12,60,0.11593254405445769,-0.06571805083292155,diagnostic_1,500,surprise_l2_5s,,,,False,"[0,0,11,1688,643]","[null,null,6.392374785819908e-05,0.00011239232742419976,0.0001192252060189618]",2342,42,0.019556769675025922,realized_futures_volatility
,,,,,24,120,0.1363418265324433,-0.07145497245570809,diagnostic_1,500,surprise_l2_5s,,,,False,"[0,0,11,1688,643]","[null,null,6.392374785819908e-05,0.00011239232742419976,0.0001192252060189618]",2342,42,0.019556769675025922,realized_futures_volatility
,,,,,60,300,0.15209475832407587,-0.0690575137775019,diagnostic_1,500,surprise_l2_5s,,,,False,"[0,0,11,1688,643]","[null,null,6.392374785819908e-05,0.00011239232742419976,0.0001192252060189618]",2342,42,0.019556769675025922,realized_futures_volatility
,,,,,12,60,0.056123737675988786,-0.09113544595592754,diagnostic_1,500,surprise_l2_5s,,,,False,"[0,0,11,1688,643]","[null,null,5.305897105823863e-05,8.474142065545395e-05,9.181377120188569e-05]",2342,42,-0.022300076801825747,absolute_futures_return
,,,,,24,120,0.07155109249004027,-0.10410193736669433,diagnostic_1,500,surprise_l2_5s,,,,False,"[0,0,11,1688,643]","[null,null,5.305897105823863e-05,8.474142065545395e-05,9.181377120188569e-05]",2342,42,-0.022300076801825747,absolute_futures_return
,,,,,60,300,0.08831644782520429,-0.09731653226418939,diagnostic_1,500,surprise_l2_5s,,,,False,"[0,0,11,1688,643]","[null,null,5.305897105823863e-05,8.474142065545395e-05,9.181377120188569e-05]",2342,42,-0.022300076801825747,absolute_futures_return
,,,,,12,60,-0.04219644050036379,-0.12030727036575158,diagnostic_1,500,surprise_l2_5s,,,,False,"[0,0,11,1688,643]","[null,null,0.0003035912893458524,1.4144321582892521e-05,-4.885880083108573e-05]",2342,42,-0.07970297477567312,near_atm_spread_change
,,,,,24,120,-0.051982060287200385,-0.11803964581947704,diagnostic_1,500,surprise_l2_5s,,,,False,"[0,0,11,1688,643]","[null,null,0.0003035912893458524,1.4144321582892521e-05,-4.885880083108573e-05]",2342,42,-0.07970297477567312,near_atm_spread_change
,,,,,60,300,-0.05891453211965761,-0.12261803262364453,diagnostic_1,500,surprise_l2_5s,,,,False,"[0,0,11,1688,643]","[null,null,0.0003035912893458524,1.4144321582892521e-05,-4.885880083108573e-05]",2342,42,-0.07970297477567312,near_atm_spread_change
,,,,,12,60,-0.036499352588236264,-0.1873124224548471,diagnostic_1,500,surprise_l2_5s,,,,False,"[0,0,11,1688,643]","[null,null,2.4386004290797494e-05,4.787409128577082e-05,4.242700966390814e-05]",2342,42,-0.10853295133448548,absolute_atm_straddle_change
,,,,,24,120,-0.027824851783459052,-0.19108975971948428,diagnostic_1,500,surprise_l2_5s,,,,False,"[0,0,11,1688,643]","[null,null,2.4386004290797494e-05,4.787409128577082e-05,4.242700966390814e-05]",2342,42,-0.10853295133448548,absolute_atm_straddle_change
,,,,,60,300,0.002577850438481415,-0.19480696476838671,diagnostic_1,500,surprise_l2_5s,,,,False,"[0,0,11,1688,643]","[null,null,2.4386004290797494e-05,4.787409128577082e-05,4.242700966390814e-05]",2342,42,-0.10853295133448548,absolute_atm_straddle_change
,,,,,12,60,-0.011268092983911794,-0.1453435652334555,diagnostic_1,500,surprise_l2_5s,,,,False,"[0,0,11,1688,643]","[null,null,2.424237457241609e-06,7.138758387964333e-07,-5.987967767055301e-07]",2342,42,-0.08279483261962217,parity_restoration
,,,,,24,120,-0.02635271927849418,-0.14737562504660637,diagnostic_1,500,surprise_l2_5s,,,,False,"[0,0,11,1688,643]","[null,null,2.424237457241609e-06,7.138758387964333e-07,-5.987967767055301e-07]",2342,42,-0.08279483261962217,parity_restoration
,,,,,60,300,-0.021912137914246475,-0.13352340765873685,diagnostic_1,500,surprise_l2_5s,,,,False,"[0,0,11,1688,643]","[null,null,2.424237457241609e-06,7.138758387964333e-07,-5.987967767055301e-07]",2342,42,-0.08279483261962217,parity_restoration
,,,,,12,60,0.07613552114967949,-0.023961052966616776,diagnostic_1,500,surprise_unit_l2_5s,,,,False,"[0,0,1,1433,908]","[null,null,0.043847725848979335,0.0428299668509342,0.045255914331879]",2342,42,0.028339431251061677,surface_displacement
,,,,,24,120,0.08044689198156953,-0.027119659899022926,diagnostic_1,500,surprise_unit_l2_5s,,,,False,"[0,0,1,1433,908]","[null,null,0.043847725848979335,0.0428299668509342,0.045255914331879]",2342,42,0.028339431251061677,surface_displacement
,,,,,60,300,0.08282960242402528,-0.049112666654974255,diagnostic_1,500,surprise_unit_l2_5s,,,,False,"[0,0,1,1433,908]","[null,null,0.043847725848979335,0.0428299668509342,0.045255914331879]",2342,42,0.028339431251061677,surface_displacement
,,,,,12,60,-0.00471785085889812,-0.08727791535807548,diagnostic_1,500,surprise_unit_l2_5s,,,,False,"[0,0,1,1433,908]","[null,null,0.00861600786447525,0.004610667726582609,0.004451764345431643]",2342,42,-0.0461487862833595,absolute_atm_iv_change
,,,,,24,120,-0.0005358694869627605,-0.08968514576024159,diagnostic_1,500,surprise_unit_l2_5s,,,,False,"[0,0,1,1433,908]","[null,null,0.00861600786447525,0.004610667726582609,0.004451764345431643]",2342,42,-0.0461487862833595,absolute_atm_iv_change
,,,,,60,300,0.00030837262463623164,-0.10060133985596305,diagnostic_1,500,surprise_unit_l2_5s,,,,False,"[0,0,1,1433,908]","[null,null,0.00861600786447525,0.004610667726582609,0.004451764345431643]",2342,42,-0.0461487862833595,absolute_atm_iv_change
,,,,,12,60,0.07613552114967949,-0.023961052966616776,diagnostic_1,500,surprise_cosine_5s,,,,False,"[0,0,1,1433,908]","[null,null,0.043847725848979335,0.0428299668509342,0.045255914331879]",2342,42,0.028339431251061677,surface_displacement
,,,,,24,120,0.08044689198156953,-0.027119659899022926,diagnostic_1,500,surprise_cosine_5s,,,,False,"[0,0,1,1433,908]","[null,null,0.043847725848979335,0.0428299668509342,0.045255914331879]",2342,42,0.028339431251061677,surface_displacement
,,,,,60,300,0.08282960242402528,-0.049112666654974255,diagnostic_1,500,surprise_cosine_5s,,,,False,"[0,0,1,1433,908]","[null,null,0.043847725848979335,0.0428299668509342,0.045255914331879]",2342,42,0.028339431251061677,surface_displacement
,,,,,12,60,-0.00471785085889812,-0.08727791535807548,diagnostic_1,500,surprise_cosine_5s,,,,False,"[0,0,1,1433,908]","[null,null,0.00861600786447525,0.004610667726582609,0.004451764345431643]",2342,42,-0.0461487862833595,absolute_atm_iv_change
,,,,,24,120,-0.0005358694869627605,-0.08968514576024159,diagnostic_1,500,surprise_cosine_5s,,,,False,"[0,0,1,1433,908]","[null,null,0.00861600786447525,0.004610667726582609,0.004451764345431643]",2342,42,-0.0461487862833595,absolute_atm_iv_change
,,,,,60,300,0.00030837262463623164,-0.10060133985596305,diagnostic_1,500,surprise_cosine_5s,,,,False,"[0,0,1,1433,908]","[null,null,0.00861600786447525,0.004610667726582609,0.004451764345431643]",2342,42,-0.0461487862833595,absolute_atm_iv_change
0.06189454067463773,0.00762535621562066,-0.09529797277984153,0.0191849796593887,-0.08200533791537845,,,,,diagnostic_1,,surprise_increment_5s,0.11448295243923023,"{""60s"":{""mean_mae_reduction"":0.002195178785592666,""ci_low"":0.0020029551854230682,""ci_high"":0.002390255814414968,""positive_probability"":1.0,""block_rows"":12,""draws"":500},""120s"":{""mean_mae_reduction"":0.002195178785592666,""ci_low"":0.001970224580734081,""ci_high"":0.002387793649480626,""positive_probability"":1.0,""block_rows"":24,""draws"":500},""300s"":{""mean_mae_reduction"":0.002195178785592666,""ci_low"":0.001962680675243092,""ci_high"":0.00243664783875156,""positive_probability"":1.0,""block_rows"":60,""draws"":500}}","{""base_to_candidate"":{""60s"":{""mean_mae_reduction"":0.001940296207554786,""ci_low"":0.0017618851752137198,""ci_high"":0.0021199320328841504,""positive_probability"":1.0,""block_rows"":12,""draws"":500},""120s"":{""mean_mae_reduction"":0.001940296207554786,""ci_low"":0.0017532580640676589,""ci_high"":0.002135267767499169,""positive_probability"":1.0,""block_rows"":24,""draws"":500},""300s"":{""mean_mae_reduction"":0.001940296207554786,""ci_low"":0.0017132897708390152,""ci_high"":0.0021784292092785315,""positive_probability"":1.0,""block_rows"":60,""draws"":500}},""base_pca_to_candidate"":{""60s"":{""mean_mae_reduction"":0.0014485828143285015,""ci_low"":0.001285130461152348,""ci_high"":0.001623545432720119,""positive_probability"":1.0,""block_rows"":12,""draws"":500},""120s"":{""mean_mae_reduction"":0.0014485828143285015,""ci_low"":0.0012560934880431578,""ci_high"":0.001631774623877318,""positive_probability"":1.0,""block_rows"":24,""draws"":500},""300s"":{""mean_mae_reduction"":0.0014485828143285015,""ci_low"":0.0012340564373058281,""ci_high"":0.0016599928969470996,""positive_probability"":1.0,""block_rows"":60,""draws"":500}}}",,,,,42,,surface_displacement
0.14661071304560103,0.17710223275206327,0.17149178827987377,0.17972058765751875,0.1716380222591154,,,,,diagnostic_1,,surprise_increment_5s,0.00822879937764498,"{""60s"":{""mean_mae_reduction"":3.574009463792478e-05,""ci_low"":3.387070782778879e-05,""ci_high"":3.7581305672279146e-05,""positive_probability"":1.0,""block_rows"":12,""draws"":500},""120s"":{""mean_mae_reduction"":3.574009463792478e-05,""ci_low"":3.374402140141121e-05,""ci_high"":3.7657221190144626e-05,""positive_probability"":1.0,""block_rows"":24,""draws"":500},""300s"":{""mean_mae_reduction"":3.574009463792478e-05,""ci_low"":3.358479654042882e-05,""ci_high"":3.7760208469695395e-05,""positive_probability"":1.0,""block_rows"":60,""draws"":500}}","{""base_to_candidate"":{""60s"":{""mean_mae_reduction"":3.510495747908526e-05,""ci_low"":3.3086063815579646e-05,""ci_high"":3.6934358165602085e-05,""positive_probability"":1.0,""block_rows"":12,""draws"":500},""120s"":{""mean_mae_reduction"":3.510495747908526e-05,""ci_low"":3.320247018721902e-05,""ci_high"":3.722693542904751e-05,""positive_probability"":1.0,""block_rows"":24,""draws"":500},""300s"":{""mean_mae_reduction"":3.510495747908526e-05,""ci_low"":3.3086210050721074e-05,""ci_high"":3.702224431545403e-05,""positive_probability"":1.0,""block_rows"":60,""draws"":500}},""base_pca_to_candidate"":{""60s"":{""mean_mae_reduction"":3.670226170925211e-05,""ci_low"":3.497280312814494e-05,""ci_high"":3.849314595898235e-05,""positive_probability"":1.0,""block_rows"":12,""draws"":500},""120s"":{""mean_mae_reduction"":3.670226170925211e-05,""ci_low"":3.478951026703848e-05,""ci_high"":3.866888718354933e-05,""positive_probability"":1.0,""block_rows"":24,""draws"":500},""300s"":{""mean_mae_reduction"":3.670226170925211e-05,""ci_low"":3.4581844057506864e-05,""ci_high"":3.8616391875871445e-05,""positive_probability"":1.0,""block_rows"":60,""draws"":500}}}",,,,,42,,absolute_atm_iv_change
,,,,,12,60,0.008938536344013528,-0.06082049573725825,diagnostic_2,500,surprise_l2_5s,,,,False,"[0,0,84,2665,1728]","[null,null,0.049103000442847954,0.044147937292308426,0.04297547686349428]",4477,42,-0.025807306999828684,surface_displacement
,,,,,24,120,0.012748406364595849,-0.06896963251068369,diagnostic_2,500,surprise_l2_5s,,,,False,"[0,0,84,2665,1728]","[null,null,0.049103000442847954,0.044147937292308426,0.04297547686349428]",4477,42,-0.025807306999828684,surface_displacement
,,,,,60,300,0.01654001530804546,-0.07462962446876342,diagnostic_2,500,surprise_l2_5s,,,,False,"[0,0,84,2665,1728]","[null,null,0.049103000442847954,0.044147937292308426,0.04297547686349428]",4477,42,-0.025807306999828684,surface_displacement
,,,,,12,60,-0.042769867804676766,-0.10749125208107463,diagnostic_2,500,surprise_l2_5s,,,,False,"[0,0,84,2665,1728]","[null,null,0.006459977300394149,0.005500129088899208,0.004993164122829007]",4477,42,-0.07728244152886944,absolute_atm_iv_change
,,,,,24,120,-0.04337627243331763,-0.11392436070156936,diagnostic_2,500,surprise_l2_5s,,,,False,"[0,0,84,2665,1728]","[null,null,0.006459977300394149,0.005500129088899208,0.004993164122829007]",4477,42,-0.07728244152886944,absolute_atm_iv_change
,,,,,60,300,-0.038979746626301,-0.11215406057805073,diagnostic_2,500,surprise_l2_5s,,,,False,"[0,0,84,2665,1728]","[null,null,0.006459977300394149,0.005500129088899208,0.004993164122829007]",4477,42,-0.07728244152886944,absolute_atm_iv_change
,,,,,12,60,0.16885600852758723,0.040386092057798514,diagnostic_2,500,surprise_l2_5s,,,,False,"[0,0,84,2665,1728]","[null,null,8.498233647619073e-05,0.00012044460086648741,0.00013497864584045773]",4477,42,0.10534474976240805,realized_futures_volatility
,,,,,24,120,0.1860296106728167,0.018919567559606637,diagnostic_2,500,surprise_l2_5s,,,,False,"[0,0,84,2665,1728]","[null,null,8.498233647619073e-05,0.00012044460086648741,0.00013497864584045773]",4477,42,0.10534474976240805,realized_futures_volatility
,,,,,60,300,0.19290024401271266,0.0065541706107921545,diagnostic_2,500,surprise_l2_5s,,,,False,"[0,0,84,2665,1728]","[null,null,8.498233647619073e-05,0.00012044460086648741,0.00013497864584045773]",4477,42,0.10534474976240805,realized_futures_volatility
,,,,,12,60,0.09655969136133495,-0.011304412889809231,diagnostic_2,500,surprise_l2_5s,,,,False,"[0,0,84,2665,1728]","[null,null,5.9604644775390625e-05,8.924172922102193e-05,9.675710289566605e-05]",4477,42,0.0388738845164691,absolute_futures_return
,,,,,24,120,0.10145955689759656,-0.023545266974819092,diagnostic_2,500,surprise_l2_5s,,,,False,"[0,0,84,2665,1728]","[null,null,5.9604644775390625e-05,8.924172922102193e-05,9.675710289566605e-05]",4477,42,0.0388738845164691,absolute_futures_return
,,,,,60,300,0.10453482789079326,-0.029790289468116345,diagnostic_2,500,surprise_l2_5s,,,,False,"[0,0,84,2665,1728]","[null,null,5.9604644775390625e-05,8.924172922102193e-05,9.675710289566605e-05]",4477,42,0.0388738845164691,absolute_futures_return
,,,,,12,60,-0.0676467464483013,-0.12529830704564798,diagnostic_2,500,surprise_l2_5s,,,,False,"[0,0,84,2665,1728]","[null,null,0.00014091138378024057,4.031730342462421e-05,-6.957434975952815e-05]",4477,42,-0.09640992572712702,near_atm_spread_change
,,,,,24,120,-0.06819297171565872,-0.12321619547517715,diagnostic_2,500,surprise_l2_5s,,,,False,"[0,0,84,2665,1728]","[null,null,0.00014091138378024057,4.031730342462421e-05,-6.957434975952815e-05]",4477,42,-0.09640992572712702,near_atm_spread_change
,,,,,60,300,-0.0714775447665182,-0.12378261475692691,diagnostic_2,500,surprise_l2_5s,,,,False,"[0,0,84,2665,1728]","[null,null,0.00014091138378024057,4.031730342462421e-05,-6.957434975952815e-05]",4477,42,-0.09640992572712702,near_atm_spread_change
,,,,,12,60,0.12864098976321772,0.022164278357652344,diagnostic_2,500,surprise_l2_5s,,,,False,"[0,0,84,2665,1728]","[null,null,3.7398932146884146e-05,6.699117029865061e-05,8.274875182434227e-05]",4477,42,0.07491196365174743,absolute_atm_straddle_change
,,,,,24,120,0.13639508895025615,0.014874391302278935,diagnostic_2,500,surprise_l2_5s,,,,False,"[0,0,84,2665,1728]","[null,null,3.7398932146884146e-05,6.699117029865061e-05,8.274875182434227e-05]",4477,42,0.07491196365174743,absolute_atm_straddle_change
,,,,,60,300,0.14478841276264015,0.003201313676111775,diagnostic_2,500,surprise_l2_5s,,,,False,"[0,0,84,2665,1728]","[null,null,3.7398932146884146e-05,6.699117029865061e-05,8.274875182434227e-05]",4477,42,0.07491196365174743,absolute_atm_straddle_change
,,,,,12,60,0.02532104900977186,-0.07386837321885498,diagnostic_2,500,surprise_l2_5s,,,,False,"[0,0,84,2665,1728]","[null,null,5.90806264101827e-07,5.510850410306072e-07,-6.530890249012844e-07]",4477,42,-0.021875595026077787,parity_restoration
,,,,,24,120,0.024889848827870292,-0.0674737046420878,diagnostic_2,500,surprise_l2_5s,,,,False,"[0,0,84,2665,1728]","[null,null,5.90806264101827e-07,5.510850410306072e-07,-6.530890249012844e-07]",4477,42,-0.021875595026077787,parity_restoration
,,,,,60,300,0.01648202585253014,-0.05706103156179922,diagnostic_2,500,surprise_l2_5s,,,,False,"[0,0,84,2665,1728]","[null,null,5.90806264101827e-07,5.510850410306072e-07,-6.530890249012844e-07]",4477,42,-0.021875595026077787,parity_restoration
,,,,,12,60,0.01007931668922378,-0.058699150170045844,diagnostic_2,500,surprise_unit_l2_5s,,,,False,"[0,0,34,1824,2619]","[null,null,0.05266883141472838,0.045183233653961735,0.042701630579760334]",4477,42,-0.02432481074390277,surface_displacement
,,,,,24,120,0.013788493259084439,-0.0680452350083559,diagnostic_2,500,surprise_unit_l2_5s,,,,False,"[0,0,34,1824,2619]","[null,null,0.05266883141472838,0.045183233653961735,0.042701630579760334]",4477,42,-0.02432481074390277,surface_displacement
,,,,,60,300,0.016799280164674562,-0.07207854594008616,diagnostic_2,500,surprise_unit_l2_5s,,,,False,"[0,0,34,1824,2619]","[null,null,0.05266883141472838,0.045183233653961735,0.042701630579760334]",4477,42,-0.02432481074390277,surface_displacement
,,,,,12,60,-0.03956302459230222,-0.10545536073029402,diagnostic_2,500,surprise_unit_l2_5s,,,,False,"[0,0,34,1824,2619]","[null,null,0.007282531655886594,0.005797559542483405,0.004966137853229533]",4477,42,-0.07469212862753806,absolute_atm_iv_change
,,,,,24,120,-0.040810729725922645,-0.11099142988177324,diagnostic_2,500,surprise_unit_l2_5s,,,,False,"[0,0,34,1824,2619]","[null,null,0.007282531655886594,0.005797559542483405,0.004966137853229533]",4477,42,-0.07469212862753806,absolute_atm_iv_change
,,,,,60,300,-0.03625217051096973,-0.10829275887500549,diagnostic_2,500,surprise_unit_l2_5s,,,,False,"[0,0,34,1824,2619]","[null,null,0.007282531655886594,0.005797559542483405,0.004966137853229533]",4477,42,-0.07469212862753806,absolute_atm_iv_change
,,,,,12,60,0.01007931668922378,-0.058699150170045844,diagnostic_2,500,surprise_cosine_5s,,,,False,"[0,0,34,1824,2619]","[null,null,0.05266883141472838,0.045183233653961735,0.042701630579760334]",4477,42,-0.02432481074390277,surface_displacement
,,,,,24,120,0.013788493259084439,-0.0680452350083559,diagnostic_2,500,surprise_cosine_5s,,,,False,"[0,0,34,1824,2619]","[null,null,0.05266883141472838,0.045183233653961735,0.042701630579760334]",4477,42,-0.02432481074390277,surface_displacement
,,,,,60,300,0.016799280164674562,-0.07207854594008616,diagnostic_2,500,surprise_cosine_5s,,,,False,"[0,0,34,1824,2619]","[null,null,0.05266883141472838,0.045183233653961735,0.042701630579760334]",4477,42,-0.02432481074390277,surface_displacement
,,,,,12,60,-0.03956302459230222,-0.10545536073029402,diagnostic_2,500,surprise_cosine_5s,,,,False,"[0,0,34,1824,2619]","[null,null,0.007282531655886594,0.005797559542483405,0.004966137853229533]",4477,42,-0.07469212862753806,absolute_atm_iv_change
,,,,,24,120,-0.040810729725922645,-0.11099142988177324,diagnostic_2,500,surprise_cosine_5s,,,,False,"[0,0,34,1824,2619]","[null,null,0.007282531655886594,0.005797559542483405,0.004966137853229533]",4477,42,-0.07469212862753806,absolute_atm_iv_change
,,,,,60,300,-0.03625217051096973,-0.10829275887500549,diagnostic_2,500,surprise_cosine_5s,,,,False,"[0,0,34,1824,2619]","[null,null,0.007282531655886594,0.005797559542483405,0.004966137853229533]",4477,42,-0.07469212862753806,absolute_atm_iv_change
-0.01734393418581659,-0.0787988519600844,-0.2282988986430481,-0.06692716303644874,-0.2206168077093067,,,,,diagnostic_2,,surprise_increment_5s,0.16137173560659934,"{""60s"":{""mean_mae_reduction"":0.003103289761649469,""ci_low"":0.002920663409720599,""ci_high"":0.0033109722423134724,""positive_probability"":1.0,""block_rows"":12,""draws"":500},""120s"":{""mean_mae_reduction"":0.003103289761649469,""ci_low"":0.002906086485501009,""ci_high"":0.0033153508586498412,""positive_probability"":1.0,""block_rows"":24,""draws"":500},""300s"":{""mean_mae_reduction"":0.003103289761649469,""ci_low"":0.0028584047963272183,""ci_high"":0.0033391883950969394,""positive_probability"":1.0,""block_rows"":60,""draws"":500}}","{""base_to_candidate"":{""60s"":{""mean_mae_reduction"":0.0029555578552339806,""ci_low"":0.002762417367457809,""ci_high"":0.003121344132121545,""positive_probability"":1.0,""block_rows"":12,""draws"":500},""120s"":{""mean_mae_reduction"":0.0029555578552339806,""ci_low"":0.0027630235821651905,""ci_high"":0.003153133876276954,""positive_probability"":1.0,""block_rows"":24,""draws"":500},""300s"":{""mean_mae_reduction"":0.0029555578552339806,""ci_low"":0.002720778765987042,""ci_high"":0.0031819968981064463,""positive_probability"":1.0,""block_rows"":60,""draws"":500}},""base_pca_to_candidate"":{""60s"":{""mean_mae_reduction"":0.0022882687707428077,""ci_low"":0.0021064867407215773,""ci_high"":0.0024747036187683716,""positive_probability"":1.0,""block_rows"":12,""draws"":500},""120s"":{""mean_mae_reduction"":0.0022882687707428077,""ci_low"":0.0020733332365281162,""ci_high"":0.0024860051846336976,""positive_probability"":1.0,""block_rows"":24,""draws"":500},""300s"":{""mean_mae_reduction"":0.0022882687707428077,""ci_low"":0.002043867558827707,""ci_high"":0.002554733724581543,""positive_probability"":1.0,""block_rows"":60,""draws"":500}}}",,,,,42,,surface_displacement
0.17171163527592115,0.19608711617320196,0.1893572620316869,0.19838802003773537,0.1894451971199771,,,,,diagnostic_2,,surprise_increment_5s,0.009030758006048467,"{""60s"":{""mean_mae_reduction"":4.61770639221461e-05,""ci_low"":4.454743321562956e-05,""ci_high"":4.7859724963404945e-05,""positive_probability"":1.0,""block_rows"":12,""draws"":500},""120s"":{""mean_mae_reduction"":4.61770639221461e-05,""ci_low"":4.452673703773996e-05,""ci_high"":4.784200910439579e-05,""positive_probability"":1.0,""block_rows"":24,""draws"":500},""300s"":{""mean_mae_reduction"":4.61770639221461e-05,""ci_low"":4.406497043817727e-05,""ci_high"":4.845757288258395e-05,""positive_probability"":1.0,""block_rows"":60,""draws"":500}}","{""base_to_candidate"":{""60s"":{""mean_mae_reduction"":4.57274245684782e-05,""ci_low"":4.388606325194747e-05,""ci_high"":4.7385454381229766e-05,""positive_probability"":1.0,""block_rows"":12,""draws"":500},""120s"":{""mean_mae_reduction"":4.57274245684782e-05,""ci_low"":4.37522096417564e-05,""ci_high"":4.74059815644064e-05,""positive_probability"":1.0,""block_rows"":24,""draws"":500},""300s"":{""mean_mae_reduction"":4.57274245684782e-05,""ci_low"":4.351283197317286e-05,""ci_high"":4.767775681502518e-05,""positive_probability"":1.0,""block_rows"":60,""draws"":500}},""base_pca_to_candidate"":{""60s"":{""mean_mae_reduction"":4.811827785430714e-05,""ci_low"":4.640443232272842e-05,""ci_high"":4.966655749246215e-05,""positive_probability"":1.0,""block_rows"":12,""draws"":500},""120s"":{""mean_mae_reduction"":4.811827785430714e-05,""ci_low"":4.638900921177957e-05,""ci_high"":4.9770739391048563e-05,""positive_probability"":1.0,""block_rows"":24,""draws"":500},""300s"":{""mean_mae_reduction"":4.811827785430714e-05,""ci_low"":4.6072517455897665e-05,""ci_high"":4.9935424182325247e-05,""positive_probability"":1.0,""block_rows"":60,""draws"":500}}}",,,,,42,,absolute_atm_iv_change
,,,,,12,60,0.06993695979160519,-0.031010512462921514,diagnostic_1,500,surprise_l2_30s,,,,False,"[0,0,25,1868,449]","[null,null,0.04895880929750792,0.04292298965572136,0.047009900951578205]",2342,42,0.020447730661889988,surface_displacement
,,,,,24,120,0.07448570527213734,-0.03477914660620657,diagnostic_1,500,surprise_l2_30s,,,,False,"[0,0,25,1868,449]","[null,null,0.04895880929750792,0.04292298965572136,0.047009900951578205]",2342,42,0.020447730661889988,surface_displacement
,,,,,60,300,0.07631890506353167,-0.05373037738649103,diagnostic_1,500,surprise_l2_30s,,,,False,"[0,0,25,1868,449]","[null,null,0.04895880929750792,0.04292298965572136,0.047009900951578205]",2342,42,0.020447730661889988,surface_displacement
,,,,,12,60,-0.0029263290409419374,-0.08333851430333235,diagnostic_1,500,surprise_l2_30s,,,,False,"[0,0,25,1868,449]","[null,null,0.0058846986293792725,0.0045754658197884384,0.0043737578365478855]",2342,42,-0.04563447494670263,absolute_atm_iv_change
,,,,,24,120,0.001696259095827539,-0.08959423352069312,diagnostic_1,500,surprise_l2_30s,,,,False,"[0,0,25,1868,449]","[null,null,0.0058846986293792725,0.0045754658197884384,0.0043737578365478855]",2342,42,-0.04563447494670263,absolute_atm_iv_change
,,,,,60,300,0.0029064928678462897,-0.1002363508532389,diagnostic_1,500,surprise_l2_30s,,,,False,"[0,0,25,1868,449]","[null,null,0.0058846986293792725,0.0045754658197884384,0.0043737578365478855]",2342,42,-0.04563447494670263,absolute_atm_iv_change
,,,,,12,60,0.13100657899260487,-0.05184336981346388,diagnostic_1,500,surprise_l2_30s,,,,False,"[0,0,25,1868,449]","[null,null,8.807764281735164e-05,0.0001137112021855633,0.00011685690564725124]",2342,42,0.03482864849790857,realized_futures_volatility
,,,,,24,120,0.15176825880602224,-0.05690735256461943,diagnostic_1,500,surprise_l2_30s,,,,False,"[0,0,25,1868,449]","[null,null,8.807764281735164e-05,0.0001137112021855633,0.00011685690564725124]",2342,42,0.03482864849790857,realized_futures_volatility
,,,,,60,300,0.1672791427676888,-0.05440742774836632,diagnostic_1,500,surprise_l2_30s,,,,False,"[0,0,25,1868,449]","[null,null,8.807764281735164e-05,0.0001137112021855633,0.00011685690564725124]",2342,42,0.03482864849790857,realized_futures_volatility
,,,,,12,60,0.06890595411159428,-0.07762067036193986,diagnostic_1,500,surprise_l2_30s,,,,False,"[0,0,25,1868,449]","[null,null,9.77325439453125e-05,8.47759287668755e-05,9.322644342027422e-05]",2342,42,-0.010725186248388875,absolute_futures_return
,,,,,24,120,0.08230039591941656,-0.09284189669799457,diagnostic_1,500,surprise_l2_30s,,,,False,"[0,0,25,1868,449]","[null,null,9.77325439453125e-05,8.47759287668755e-05,9.322644342027422e-05]",2342,42,-0.010725186248388875,absolute_futures_return
,,,,,60,300,0.1051589020275385,-0.08734047874454136,diagnostic_1,500,surprise_l2_30s,,,,False,"[0,0,25,1868,449]","[null,null,9.77325439453125e-05,8.47759287668755e-05,9.322644342027422e-05]",2342,42,-0.010725186248388875,absolute_futures_return
,,,,,12,60,-0.04708857696856712,-0.12242799155753183,diagnostic_1,500,surprise_l2_30s,,,,False,"[0,0,25,1868,449]","[null,null,0.0004078790859784931,1.0373351700495274e-05,-7.52238041105761e-05]",2342,42,-0.08274909247406825,near_atm_spread_change
,,,,,24,120,-0.055571428326357586,-0.1222938273371758,diagnostic_1,500,surprise_l2_30s,,,,False,"[0,0,25,1868,449]","[null,null,0.0004078790859784931,1.0373351700495274e-05,-7.52238041105761e-05]",2342,42,-0.08274909247406825,near_atm_spread_change
,,,,,60,300,-0.05906460207334,-0.12311822679169684,diagnostic_1,500,surprise_l2_30s,,,,False,"[0,0,25,1868,449]","[null,null,0.0004078790859784931,1.0373351700495274e-05,-7.52238041105761e-05]",2342,42,-0.08274909247406825,near_atm_spread_change
,,,,,12,60,-0.02558771160198283,-0.18001187141990288,diagnostic_1,500,surprise_l2_30s,,,,False,"[0,0,25,1868,449]","[null,null,4.98557835817337e-05,4.6940109586817805e-05,4.327340769210212e-05]",2342,42,-0.10423219637562363,absolute_atm_straddle_change
,,,,,24,120,-0.023058651993603244,-0.18623191217178914,diagnostic_1,500,surprise_l2_30s,,,,False,"[0,0,25,1868,449]","[null,null,4.98557835817337e-05,4.6940109586817805e-05,4.327340769210212e-05]",2342,42,-0.10423219637562363,absolute_atm_straddle_change
,,,,,60,300,0.00523538426496548,-0.18540617671344609,diagnostic_1,500,surprise_l2_30s,,,,False,"[0,0,25,1868,449]","[null,null,4.98557835817337e-05,4.6940109586817805e-05,4.327340769210212e-05]",2342,42,-0.10423219637562363,absolute_atm_straddle_change
,,,,,12,60,-0.005608124257746756,-0.13530648728246758,diagnostic_1,500,surprise_l2_30s,,,,False,"[0,0,25,1868,449]","[null,null,5.913046406931244e-06,4.708736014435999e-07,-4.02573156288518e-07]",2342,42,-0.07500063204008517,parity_restoration
,,,,,24,120,-0.017364092948600335,-0.13637283834024097,diagnostic_1,500,surprise_l2_30s,,,,False,"[0,0,25,1868,449]","[null,null,5.913046406931244e-06,4.708736014435999e-07,-4.02573156288518e-07]",2342,42,-0.07500063204008517,parity_restoration
,,,,,60,300,-0.0108145047545108,-0.11789250302973919,diagnostic_1,500,surprise_l2_30s,,,,False,"[0,0,25,1868,449]","[null,null,5.913046406931244e-06,4.708736014435999e-07,-4.02573156288518e-07]",2342,42,-0.07500063204008517,parity_restoration
,,,,,12,60,0.07210403230511157,-0.028968543896958156,diagnostic_1,500,surprise_unit_l2_30s,,,,False,"[0,0,5,1598,739]","[null,null,0.06686226497406415,0.042508989579494186,0.046343550424467916]",2342,42,0.022020753922187473,surface_displacement
,,,,,24,120,0.07568901179569729,-0.03190668114746134,diagnostic_1,500,surprise_unit_l2_30s,,,,False,"[0,0,5,1598,739]","[null,null,0.06686226497406415,0.042508989579494186,0.046343550424467916]",2342,42,0.022020753922187473,surface_displacement
,,,,,60,300,0.07870320275617605,-0.05261939600682865,diagnostic_1,500,surprise_unit_l2_30s,,,,False,"[0,0,5,1598,739]","[null,null,0.06686226497406415,0.042508989579494186,0.046343550424467916]",2342,42,0.022020753922187473,surface_displacement
,,,,,12,60,-0.0015274545398938108,-0.08211871039741503,diagnostic_1,500,surprise_unit_l2_30s,,,,False,"[0,0,5,1598,739]","[null,null,0.00857832282781601,0.004561478647406916,0.004500365890411305]",2342,42,-0.044982563904896126,absolute_atm_iv_change
,,,,,24,120,0.0028952284794721964,-0.08774209293339968,diagnostic_1,500,surprise_unit_l2_30s,,,,False,"[0,0,5,1598,739]","[null,null,0.00857832282781601,0.004561478647406916,0.004500365890411305]",2342,42,-0.044982563904896126,absolute_atm_iv_change
,,,,,60,300,0.0033369353296998057,-0.09949288175178024,diagnostic_1,500,surprise_unit_l2_30s,,,,False,"[0,0,5,1598,739]","[null,null,0.00857832282781601,0.004561478647406916,0.004500365890411305]",2342,42,-0.044982563904896126,absolute_atm_iv_change
,,,,,12,60,0.07210403230511157,-0.028968543896958156,diagnostic_1,500,surprise_cosine_30s,,,,False,"[0,0,5,1598,739]","[null,null,0.06686226497406415,0.042508989579494186,0.046343550424467916]",2342,42,0.022020753922187473,surface_displacement
,,,,,24,120,0.07568901179569729,-0.03190668114746134,diagnostic_1,500,surprise_cosine_30s,,,,False,"[0,0,5,1598,739]","[null,null,0.06686226497406415,0.042508989579494186,0.046343550424467916]",2342,42,0.022020753922187473,surface_displacement
,,,,,60,300,0.07870320275617605,-0.05261939600682865,diagnostic_1,500,surprise_cosine_30s,,,,False,"[0,0,5,1598,739]","[null,null,0.06686226497406415,0.042508989579494186,0.046343550424467916]",2342,42,0.022020753922187473,surface_displacement
,,,,,12,60,-0.0015274545398938108,-0.08211871039741503,diagnostic_1,500,surprise_cosine_30s,,,,False,"[0,0,5,1598,739]","[null,null,0.00857832282781601,0.004561478647406916,0.004500365890411305]",2342,42,-0.044982563904896126,absolute_atm_iv_change
,,,,,24,120,0.0028952284794721964,-0.08774209293339968,diagnostic_1,500,surprise_cosine_30s,,,,False,"[0,0,5,1598,739]","[null,null,0.00857832282781601,0.004561478647406916,0.004500365890411305]",2342,42,-0.044982563904896126,absolute_atm_iv_change
,,,,,60,300,0.0033369353296998057,-0.09949288175178024,diagnostic_1,500,surprise_cosine_30s,,,,False,"[0,0,5,1598,739]","[null,null,0.00857832282781601,0.004561478647406916,0.004500365890411305]",2342,42,-0.044982563904896126,absolute_atm_iv_change
0.06652750446841016,0.006967616998848181,-0.08832424875860911,0.014419378466685284,-0.08200533791537845,,,,,diagnostic_1,,surprise_increment_30s,0.1027436272252944,"{""60s"":{""mean_mae_reduction"":0.0019700804882677057,""ci_low"":0.0018015416842826568,""ci_high"":0.0021463469614284975,""positive_probability"":1.0,""block_rows"":12,""draws"":500},""120s"":{""mean_mae_reduction"":0.0019700804882677057,""ci_low"":0.001782685790337482,""ci_high"":0.0021314672141901202,""positive_probability"":1.0,""block_rows"":24,""draws"":500},""300s"":{""mean_mae_reduction"":0.0019700804882677057,""ci_low"":0.001786782924709561,""ci_high"":0.002171026854286108,""positive_probability"":1.0,""block_rows"":60,""draws"":500}}","{""base_to_candidate"":{""60s"":{""mean_mae_reduction"":0.0018489171295704835,""ci_low"":0.0016825657494542053,""ci_high"":0.0020121227070551222,""positive_probability"":1.0,""block_rows"":12,""draws"":500},""120s"":{""mean_mae_reduction"":0.0018489171295704835,""ci_low"":0.0016797850708410514,""ci_high"":0.0020158646824238713,""positive_probability"":1.0,""block_rows"":24,""draws"":500},""300s"":{""mean_mae_reduction"":0.0018489171295704835,""ci_low"":0.0016549934668804223,""ci_high"":0.002049346309900782,""positive_probability"":1.0,""block_rows"":60,""draws"":500}},""base_pca_to_candidate"":{""60s"":{""mean_mae_reduction"":0.0014684793024319054,""ci_low"":0.0013059391494553974,""ci_high"":0.0016416968966970688,""positive_probability"":1.0,""block_rows"":12,""draws"":500},""120s"":{""mean_mae_reduction"":0.0014684793024319054,""ci_low"":0.001274745426671141,""ci_high"":0.001644274538357806,""positive_probability"":1.0,""block_rows"":24,""draws"":500},""300s"":{""mean_mae_reduction"":0.0014684793024319054,""ci_low"":0.0012664114040672313,""ci_high"":0.0016648923673358612,""positive_probability"":1.0,""block_rows"":60,""draws"":500}}}",,,,,42,,surface_displacement
0.14760264807823475,0.17765881642762937,0.17097093627093551,0.17790916054348427,0.1716380222591154,,,,,diagnostic_1,,surprise_increment_30s,0.006938224272548754,"{""60s"":{""mean_mae_reduction"":3.0134747578571198e-05,""ci_low"":2.8529226963554637e-05,""ci_high"":3.1751379921360215e-05,""positive_probability"":1.0,""block_rows"":12,""draws"":500},""120s"":{""mean_mae_reduction"":3.0134747578571198e-05,""ci_low"":2.8381515857038924e-05,""ci_high"":3.1919845128973935e-05,""positive_probability"":1.0,""block_rows"":24,""draws"":500},""300s"":{""mean_mae_reduction"":3.0134747578571198e-05,""ci_low"":2.8253439465139106e-05,""ci_high"":3.2062981575492164e-05,""positive_probability"":1.0,""block_rows"":60,""draws"":500}}","{""base_to_candidate"":{""60s"":{""mean_mae_reduction"":2.723739703507081e-05,""ci_low"":2.564146077293077e-05,""ci_high"":2.8791394109400313e-05,""positive_probability"":1.0,""block_rows"":12,""draws"":500},""120s"":{""mean_mae_reduction"":2.723739703507081e-05,""ci_low"":2.55740265717971e-05,""ci_high"":2.9006806278635287e-05,""positive_probability"":1.0,""block_rows"":24,""draws"":500},""300s"":{""mean_mae_reduction"":2.723739703507081e-05,""ci_low"":2.5448867984505286e-05,""ci_high"":2.885996865230331e-05,""positive_probability"":1.0,""block_rows"":60,""draws"":500}},""base_pca_to_candidate"":{""60s"":{""mean_mae_reduction"":2.775601871388314e-05,""ci_low"":2.634397033087648e-05,""ci_high"":2.9139703088334484e-05,""positive_probability"":1.0,""block_rows"":12,""draws"":500},""120s"":{""mean_mae_reduction"":2.775601871388314e-05,""ci_low"":2.619086435755432e-05,""ci_high"":2.938953884552541e-05,""positive_probability"":1.0,""block_rows"":24,""draws"":500},""300s"":{""mean_mae_reduction"":2.775601871388314e-05,""ci_low"":2.6060535350004413e-05,""ci_high"":2.9356152769993645e-05,""positive_probability"":1.0,""block_rows"":60,""draws"":500}}}",,,,,42,,absolute_atm_iv_change
,,,,,12,60,0.022844133379677365,-0.05053919441374687,diagnostic_2,500,surprise_l2_30s,,,,False,"[0,0,127,3443,907]","[null,null,0.047557719386012894,0.043405837087289505,0.04471268080237913]",4477,42,-0.015746429582338926,surface_displacement
,,,,,24,120,0.023259692157758957,-0.056734787067898675,diagnostic_2,500,surprise_l2_30s,,,,False,"[0,0,127,3443,907]","[null,null,0.047557719386012894,0.043405837087289505,0.04471268080237913]",4477,42,-0.015746429582338926,surface_displacement
,,,,,60,300,0.028949402045431668,-0.06504451447835342,diagnostic_2,500,surprise_l2_30s,,,,False,"[0,0,127,3443,907]","[null,null,0.047557719386012894,0.043405837087289505,0.04471268080237913]",4477,42,-0.015746429582338926,surface_displacement
,,,,,12,60,-0.038642822446738403,-0.10072396360375623,diagnostic_2,500,surprise_l2_30s,,,,False,"[0,0,127,3443,907]","[null,null,0.006320501758357671,0.005330871179323365,0.005150801020591235]",4477,42,-0.07091809762119776,absolute_atm_iv_change
,,,,,24,120,-0.038458781096447806,-0.106452535955325,diagnostic_2,500,surprise_l2_30s,,,,False,"[0,0,127,3443,907]","[null,null,0.006320501758357671,0.005330871179323365,0.005150801020591235]",4477,42,-0.07091809762119776,absolute_atm_iv_change
,,,,,60,300,-0.029245081000318654,-0.1097581233468428,diagnostic_2,500,surprise_l2_30s,,,,False,"[0,0,127,3443,907]","[null,null,0.006320501758357671,0.005330871179323365,0.005150801020591235]",4477,42,-0.07091809762119776,absolute_atm_iv_change
,,,,,12,60,0.1759580700441399,0.047341178238448675,diagnostic_2,500,surprise_l2_30s,,,,False,"[0,0,127,3443,907]","[null,null,8.287913941512483e-05,0.00012440172526191883,0.0001350889600915023]",4477,42,0.1086407409183814,realized_futures_volatility
,,,,,24,120,0.18776546774806493,0.022790034500269125,diagnostic_2,500,surprise_l2_30s,,,,False,"[0,0,127,3443,907]","[null,null,8.287913941512483e-05,0.00012440172526191883,0.0001350889600915023]",4477,42,0.1086407409183814,realized_futures_volatility
,,,,,60,300,0.1981937189573688,0.02160766044471125,diagnostic_2,500,surprise_l2_30s,,,,False,"[0,0,127,3443,907]","[null,null,8.287913941512483e-05,0.00012440172526191883,0.0001350889600915023]",4477,42,0.1086407409183814,realized_futures_volatility
,,,,,12,60,0.10952537306589377,-0.007577928235346528,diagnostic_2,500,surprise_l2_30s,,,,False,"[0,0,127,3443,907]","[null,null,6.133552611343504e-05,9.107631270081506e-05,9.775845192233152e-05]",4477,42,0.044345460865793176,absolute_futures_return
,,,,,24,120,0.10548587972897676,-0.014064967461382007,diagnostic_2,500,surprise_l2_30s,,,,False,"[0,0,127,3443,907]","[null,null,6.133552611343504e-05,9.107631270081506e-05,9.775845192233152e-05]",4477,42,0.044345460865793176,absolute_futures_return
,,,,,60,300,0.10943394581057897,-0.021479949329816284,diagnostic_2,500,surprise_l2_30s,,,,False,"[0,0,127,3443,907]","[null,null,6.133552611343504e-05,9.107631270081506e-05,9.775845192233152e-05]",4477,42,0.044345460865793176,absolute_futures_return
,,,,,12,60,-0.0742384579426496,-0.13193036594954632,diagnostic_2,500,surprise_l2_30s,,,,False,"[0,0,127,3443,907]","[null,null,0.00020392279334982314,1.856428699109015e-05,-0.00010006322093280248]",4477,42,-0.10169216058576634,near_atm_spread_change
,,,,,24,120,-0.07524824871739187,-0.12776410640350752,diagnostic_2,500,surprise_l2_30s,,,,False,"[0,0,127,3443,907]","[null,null,0.00020392279334982314,1.856428699109015e-05,-0.00010006322093280248]",4477,42,-0.10169216058576634,near_atm_spread_change
,,,,,60,300,-0.077349121648435,-0.1283745867889323,diagnostic_2,500,surprise_l2_30s,,,,False,"[0,0,127,3443,907]","[null,null,0.00020392279334982314,1.856428699109015e-05,-0.00010006322093280248]",4477,42,-0.10169216058576634,near_atm_spread_change
,,,,,12,60,0.13436825984812056,0.028398580680315148,diagnostic_2,500,surprise_l2_30s,,,,False,"[0,0,127,3443,907]","[null,null,3.4994152411231846e-05,6.797736618292391e-05,9.500826149357457e-05]",4477,42,0.08027189426825895,absolute_atm_straddle_change
,,,,,24,120,0.14049148533682346,0.014286318965397952,diagnostic_2,500,surprise_l2_30s,,,,False,"[0,0,127,3443,907]","[null,null,3.4994152411231846e-05,6.797736618292391e-05,9.500826149357457e-05]",4477,42,0.08027189426825895,absolute_atm_straddle_change
,,,,,60,300,0.15060095775828905,0.00839512306740665,diagnostic_2,500,surprise_l2_30s,,,,False,"[0,0,127,3443,907]","[null,null,3.4994152411231846e-05,6.797736618292391e-05,9.500826149357457e-05]",4477,42,0.08027189426825895,absolute_atm_straddle_change
,,,,,12,60,0.04196588984067684,-0.055884377027260304,diagnostic_2,500,surprise_l2_30s,,,,False,"[0,0,127,3443,907]","[null,null,1.4456874893989237e-06,3.8116875931246226e-08,8.257200718495909e-08]",4477,42,-0.005002823626103173,parity_restoration
,,,,,24,120,0.04015747556670575,-0.048420824604179624,diagnostic_2,500,surprise_l2_30s,,,,False,"[0,0,127,3443,907]","[null,null,1.4456874893989237e-06,3.8116875931246226e-08,8.257200718495909e-08]",4477,42,-0.005002823626103173,parity_restoration
,,,,,60,300,0.031011155599904524,-0.04028780122007262,diagnostic_2,500,surprise_l2_30s,,,,False,"[0,0,127,3443,907]","[null,null,1.4456874893989237e-06,3.8116875931246226e-08,8.257200718495909e-08]",4477,42,-0.005002823626103173,parity_restoration
,,,,,12,60,0.02370147494473857,-0.04925801843790578,diagnostic_2,500,surprise_unit_l2_30s,,,,False,"[0,0,62,2309,2106]","[null,null,0.05000191391058339,0.04439016586726371,0.04294563973948301]",4477,42,-0.014424620149937749,surface_displacement
,,,,,24,120,0.025758510651535754,-0.05880666995472261,diagnostic_2,500,surprise_unit_l2_30s,,,,False,"[0,0,62,2309,2106]","[null,null,0.05000191391058339,0.04439016586726371,0.04294563973948301]",4477,42,-0.014424620149937749,surface_displacement
,,,,,60,300,0.029969952974387207,-0.06297146061653273,diagnostic_2,500,surprise_unit_l2_30s,,,,False,"[0,0,62,2309,2106]","[null,null,0.05000191391058339,0.04439016586726371,0.04294563973948301]",4477,42,-0.014424620149937749,surface_displacement
,,,,,12,60,-0.03495754083883086,-0.09694148437538136,diagnostic_2,500,surprise_unit_l2_30s,,,,False,"[0,0,62,2309,2106]","[null,null,0.006958800097627025,0.005590768055824967,0.0049801237760898846]",4477,42,-0.06795201783926674,absolute_atm_iv_change
,,,,,24,120,-0.03643702515238245,-0.10312269339691432,diagnostic_2,500,surprise_unit_l2_30s,,,,False,"[0,0,62,2309,2106]","[null,null,0.006958800097627025,0.005590768055824967,0.0049801237760898846]",4477,42,-0.06795201783926674,absolute_atm_iv_change
,,,,,60,300,-0.025398126890525653,-0.10591723882279473,diagnostic_2,500,surprise_unit_l2_30s,,,,False,"[0,0,62,2309,2106]","[null,null,0.006958800097627025,0.005590768055824967,0.0049801237760898846]",4477,42,-0.06795201783926674,absolute_atm_iv_change
,,,,,12,60,0.02370147494473857,-0.04925801843790578,diagnostic_2,500,surprise_cosine_30s,,,,False,"[0,0,62,2309,2106]","[null,null,0.05000191391058339,0.04439016586726371,0.04294563973948301]",4477,42,-0.014424620149937749,surface_displacement
,,,,,24,120,0.025758510651535754,-0.05880666995472261,diagnostic_2,500,surprise_cosine_30s,,,,False,"[0,0,62,2309,2106]","[null,null,0.05000191391058339,0.04439016586726371,0.04294563973948301]",4477,42,-0.014424620149937749,surface_displacement
,,,,,60,300,0.029969952974387207,-0.06297146061653273,diagnostic_2,500,surprise_cosine_30s,,,,False,"[0,0,62,2309,2106]","[null,null,0.05000191391058339,0.04439016586726371,0.04294563973948301]",4477,42,-0.014424620149937749,surface_displacement
,,,,,12,60,-0.03495754083883086,-0.09694148437538136,diagnostic_2,500,surprise_cosine_30s,,,,False,"[0,0,62,2309,2106]","[null,null,0.006958800097627025,0.005590768055824967,0.0049801237760898846]",4477,42,-0.06795201783926674,absolute_atm_iv_change
,,,,,24,120,-0.03643702515238245,-0.10312269339691432,diagnostic_2,500,surprise_cosine_30s,,,,False,"[0,0,62,2309,2106]","[null,null,0.006958800097627025,0.005590768055824967,0.0049801237760898846]",4477,42,-0.06795201783926674,absolute_atm_iv_change
,,,,,60,300,-0.025398126890525653,-0.10591723882279473,diagnostic_2,500,surprise_cosine_30s,,,,False,"[0,0,62,2309,2106]","[null,null,0.006958800097627025,0.005590768055824967,0.0049801237760898846]",4477,42,-0.06795201783926674,absolute_atm_iv_change
-0.016808293308341993,-0.08473496235716538,-0.21210210528807694,-0.07797560212223531,-0.2206168077093067,,,,,diagnostic_2,,surprise_increment_30s,0.13412650316584163,"{""60s"":{""mean_mae_reduction"":0.0025793451528284862,""ci_low"":0.002429392971088755,""ci_high"":0.0027442559244237087,""positive_probability"":1.0,""block_rows"":12,""draws"":500},""120s"":{""mean_mae_reduction"":0.0025793451528284862,""ci_low"":0.002420480409485002,""ci_high"":0.002737503878266487,""positive_probability"":1.0,""block_rows"":24,""draws"":500},""300s"":{""mean_mae_reduction"":0.0025793451528284862,""ci_low"":0.0023891462026555126,""ci_high"":0.0027648900050638342,""positive_probability"":1.0,""block_rows"":60,""draws"":500}}","{""base_to_candidate"":{""60s"":{""mean_mae_reduction"":0.002743088752337829,""ci_low"":0.0025647470472008895,""ci_high"":0.0028903850875167496,""positive_probability"":1.0,""block_rows"":12,""draws"":500},""120s"":{""mean_mae_reduction"":0.002743088752337829,""ci_low"":0.0025714684602291004,""ci_high"":0.002907669445528069,""positive_probability"":1.0,""block_rows"":24,""draws"":500},""300s"":{""mean_mae_reduction"":0.002743088752337829,""ci_low"":0.0025476771253706443,""ci_high"":0.0029401580921327164,""positive_probability"":1.0,""block_rows"":60,""draws"":500}},""base_pca_to_candidate"":{""60s"":{""mean_mae_reduction"":0.0021983351402612137,""ci_low"":0.00202983036933188,""ci_high"":0.002356358696391093,""positive_probability"":1.0,""block_rows"":12,""draws"":500},""120s"":{""mean_mae_reduction"":0.0021983351402612137,""ci_low"":0.002007080680130732,""ci_high"":0.0023771812019117316,""positive_probability"":1.0,""block_rows"":24,""draws"":500},""300s"":{""mean_mae_reduction"":0.0021983351402612137,""ci_low"":0.0019812331578494516,""ci_high"":0.002412048300579781,""positive_probability"":1.0,""block_rows"":60,""draws"":500}}}",,,,,42,,surface_displacement
0.17229862983796662,0.19637505303503133,0.18974699000796313,0.19654745897849668,0.1894451971199771,,,,,diagnostic_2,,surprise_increment_30s,0.006800468970533546,"{""60s"":{""mean_mae_reduction"":3.477290501446046e-05,""ci_low"":3.347342488496625e-05,""ci_high"":3.606960634954074e-05,""positive_probability"":1.0,""block_rows"":12,""draws"":500},""120s"":{""mean_mae_reduction"":3.477290501446046e-05,""ci_low"":3.350703482633133e-05,""ci_high"":3.609905249735362e-05,""positive_probability"":1.0,""block_rows"":24,""draws"":500},""300s"":{""mean_mae_reduction"":3.477290501446046e-05,""ci_low"":3.310909660419278e-05,""ci_high"":3.651665945126956e-05,""positive_probability"":1.0,""block_rows"":60,""draws"":500}}","{""base_to_candidate"":{""60s"":{""mean_mae_reduction"":3.6316065563159634e-05,""ci_low"":3.483257987829922e-05,""ci_high"":3.777418790524837e-05,""positive_probability"":1.0,""block_rows"":12,""draws"":500},""120s"":{""mean_mae_reduction"":3.6316065563159634e-05,""ci_low"":3.455877551877782e-05,""ci_high"":3.780192194494992e-05,""positive_probability"":1.0,""block_rows"":24,""draws"":500},""300s"":{""mean_mae_reduction"":3.6316065563159634e-05,""ci_low"":3.44158987138019e-05,""ci_high"":3.819685245982179e-05,""positive_probability"":1.0,""block_rows"":60,""draws"":500}},""base_pca_to_candidate"":{""60s"":{""mean_mae_reduction"":3.6643841964614824e-05,""ci_low"":3.528030878663567e-05,""ci_high"":3.7944439799497e-05,""positive_probability"":1.0,""block_rows"":12,""draws"":500},""120s"":{""mean_mae_reduction"":3.6643841964614824e-05,""ci_low"":3.517372858140708e-05,""ci_high"":3.808246400629859e-05,""positive_probability"":1.0,""block_rows"":24,""draws"":500},""300s"":{""mean_mae_reduction"":3.6643841964614824e-05,""ci_low"":3.463812910333388e-05,""ci_high"":3.827191120766227e-05,""positive_probability"":1.0,""block_rows"":60,""draws"":500}}}",,,,,42,,absolute_atm_iv_change
,,,,,12,60,0.06802413663064306,-0.029874319105520148,diagnostic_1,500,surprise_l2_60s,,,,False,"[0,0,51,2046,245]","[null,null,0.05742583408756681,0.04298226231856204,0.04751483344628559]",2342,42,0.01995066389468593,surface_displacement
,,,,,24,120,0.07702463542587253,-0.037384025048429345,diagnostic_1,500,surprise_l2_60s,,,,False,"[0,0,51,2046,245]","[null,null,0.05742583408756681,0.04298226231856204,0.04751483344628559]",2342,42,0.01995066389468593,surface_displacement
,,,,,60,300,0.0716618490653693,-0.04942097912519953,diagnostic_1,500,surprise_l2_60s,,,,False,"[0,0,51,2046,245]","[null,null,0.05742583408756681,0.04298226231856204,0.04751483344628559]",2342,42,0.01995066389468593,surface_displacement
,,,,,12,60,-0.005903501500017202,-0.08514529720549545,diagnostic_1,500,surprise_l2_60s,,,,False,"[0,0,51,2046,245]","[null,null,0.007722199547524546,0.004510375342440163,0.004227937788379436]",2342,42,-0.04938842149271373,absolute_atm_iv_change
,,,,,24,120,-0.0006624012215733353,-0.09351350332631722,diagnostic_1,500,surprise_l2_60s,,,,False,"[0,0,51,2046,245]","[null,null,0.007722199547524546,0.004510375342440163,0.004227937788379436]",2342,42,-0.04938842149271373,absolute_atm_iv_change
,,,,,60,300,0.0029766253853945753,-0.10122861592335272,diagnostic_1,500,surprise_l2_60s,,,,False,"[0,0,51,2046,245]","[null,null,0.007722199547524546,0.004510375342440163,0.004227937788379436]",2342,42,-0.04938842149271373,absolute_atm_iv_change
,,,,,12,60,0.12553283649882852,-0.045854566375313155,diagnostic_1,500,surprise_l2_60s,,,,False,"[0,0,51,2046,245]","[null,null,0.00011521941499856762,0.00011486803578835683,0.0001068858204113339]",2342,42,0.028922152424688964,realized_futures_volatility
,,,,,24,120,0.14292054397421353,-0.061284373773703466,diagnostic_1,500,surprise_l2_60s,,,,False,"[0,0,51,2046,245]","[null,null,0.00011521941499856762,0.00011486803578835683,0.0001068858204113339]",2342,42,0.028922152424688964,realized_futures_volatility
,,,,,60,300,0.16273304788167667,-0.05835256744430144,diagnostic_1,500,surprise_l2_60s,,,,False,"[0,0,51,2046,245]","[null,null,0.00011521941499856762,0.00011486803578835683,0.0001068858204113339]",2342,42,0.028922152424688964,realized_futures_volatility
,,,,,12,60,0.06617020862130842,-0.08062102334935761,diagnostic_1,500,surprise_l2_60s,,,,False,"[0,0,51,2046,245]","[null,null,0.00011864830465877757,8.58926819682937e-05,8.520788075972577e-05]",2342,42,-0.01666271263242677,absolute_futures_return
,,,,,24,120,0.07492189500505625,-0.09648801096999657,diagnostic_1,500,surprise_l2_60s,,,,False,"[0,0,51,2046,245]","[null,null,0.00011864830465877757,8.58926819682937e-05,8.520788075972577e-05]",2342,42,-0.01666271263242677,absolute_futures_return
,,,,,60,300,0.10127359339729021,-0.09225894374041141,diagnostic_1,500,surprise_l2_60s,,,,False,"[0,0,51,2046,245]","[null,null,0.00011864830465877757,8.58926819682937e-05,8.520788075972577e-05]",2342,42,-0.01666271263242677,absolute_futures_return
,,,,,12,60,-0.047341651866997826,-0.12250701156841175,diagnostic_1,500,surprise_l2_60s,,,,False,"[0,0,51,2046,245]","[null,null,0.0002714715391287909,6.32801086333228e-07,-7.894224260353996e-05]",2342,42,-0.08445237014975887,near_atm_spread_change
,,,,,24,120,-0.056115465163446364,-0.11873177468603414,diagnostic_1,500,surprise_l2_60s,,,,False,"[0,0,51,2046,245]","[null,null,0.0002714715391287909,6.32801086333228e-07,-7.894224260353996e-05]",2342,42,-0.08445237014975887,near_atm_spread_change
,,,,,60,300,-0.06242112965487147,-0.1231918825133822,diagnostic_1,500,surprise_l2_60s,,,,False,"[0,0,51,2046,245]","[null,null,0.0002714715391287909,6.32801086333228e-07,-7.894224260353996e-05]",2342,42,-0.08445237014975887,near_atm_spread_change
,,,,,12,60,-0.03758851116256776,-0.18714731075105284,diagnostic_1,500,surprise_l2_60s,,,,False,"[0,0,51,2046,245]","[null,null,5.289912223815918e-05,4.650509250755417e-05,4.291022386477918e-05]",2342,42,-0.11480958549915037,absolute_atm_straddle_change
,,,,,24,120,-0.037122126466629636,-0.19749537441351128,diagnostic_1,500,surprise_l2_60s,,,,False,"[0,0,51,2046,245]","[null,null,5.289912223815918e-05,4.650509250755417e-05,4.291022386477918e-05]",2342,42,-0.11480958549915037,absolute_atm_straddle_change
,,,,,60,300,-0.007092036524194661,-0.1939183824835619,diagnostic_1,500,surprise_l2_60s,,,,False,"[0,0,51,2046,245]","[null,null,5.289912223815918e-05,4.650509250755417e-05,4.291022386477918e-05]",2342,42,-0.11480958549915037,absolute_atm_straddle_change
,,,,,12,60,0.003359570478007359,-0.13240717881310177,diagnostic_1,500,surprise_l2_60s,,,,False,"[0,0,51,2046,245]","[null,null,6.306194621834484e-06,2.3449469089990786e-07,1.8477811102698347e-07]",2342,42,-0.0688789613033226,parity_restoration
,,,,,24,120,-0.013560023315988776,-0.13093914932583525,diagnostic_1,500,surprise_l2_60s,,,,False,"[0,0,51,2046,245]","[null,null,6.306194621834484e-06,2.3449469089990786e-07,1.8477811102698347e-07]",2342,42,-0.0688789613033226,parity_restoration
,,,,,60,300,-0.007128379611712007,-0.11365019186453255,diagnostic_1,500,surprise_l2_60s,,,,False,"[0,0,51,2046,245]","[null,null,6.306194621834484e-06,2.3449469089990786e-07,1.8477811102698347e-07]",2342,42,-0.0688789613033226,parity_restoration
,,,,,12,60,0.07267879876012616,-0.027753876525428635,diagnostic_1,500,surprise_unit_l2_60s,,,,False,"[0,0,11,1812,519]","[null,null,0.05194735361923341,0.042962890519035145,0.046418847642159075]",2342,42,0.023267583918350168,surface_displacement
,,,,,24,120,0.07946376291228623,-0.032664680643093684,diagnostic_1,500,surprise_unit_l2_60s,,,,False,"[0,0,11,1812,519]","[null,null,0.05194735361923341,0.042962890519035145,0.046418847642159075]",2342,42,0.023267583918350168,surface_displacement
,,,,,60,300,0.07607475714384256,-0.04565426509504539,diagnostic_1,500,surprise_unit_l2_60s,,,,False,"[0,0,11,1812,519]","[null,null,0.05194735361923341,0.042962890519035145,0.046418847642159075]",2342,42,0.023267583918350168,surface_displacement
,,,,,12,60,-0.004106753600150149,-0.08292857811313843,diagnostic_1,500,surprise_unit_l2_60s,,,,False,"[0,0,11,1812,519]","[null,null,0.006793637167323719,0.0045884471123515905,0.004371693081479082]",2342,42,-0.046748864129604724,absolute_atm_iv_change
,,,,,24,120,0.001013658408089097,-0.08965250836743384,diagnostic_1,500,surprise_unit_l2_60s,,,,False,"[0,0,11,1812,519]","[null,null,0.006793637167323719,0.0045884471123515905,0.004371693081479082]",2342,42,-0.046748864129604724,absolute_atm_iv_change
,,,,,60,300,0.0032671984879035477,-0.09738035579957215,diagnostic_1,500,surprise_unit_l2_60s,,,,False,"[0,0,11,1812,519]","[null,null,0.006793637167323719,0.0045884471123515905,0.004371693081479082]",2342,42,-0.046748864129604724,absolute_atm_iv_change
,,,,,12,60,0.07267879876012616,-0.027753876525428635,diagnostic_1,500,surprise_cosine_60s,,,,False,"[0,0,11,1812,519]","[null,null,0.05194735361923341,0.042962890519035145,0.046418847642159075]",2342,42,0.023267583918350168,surface_displacement
,,,,,24,120,0.07946376291228623,-0.032664680643093684,diagnostic_1,500,surprise_cosine_60s,,,,False,"[0,0,11,1812,519]","[null,null,0.05194735361923341,0.042962890519035145,0.046418847642159075]",2342,42,0.023267583918350168,surface_displacement
,,,,,60,300,0.07607475714384256,-0.04565426509504539,diagnostic_1,500,surprise_cosine_60s,,,,False,"[0,0,11,1812,519]","[null,null,0.05194735361923341,0.042962890519035145,0.046418847642159075]",2342,42,0.023267583918350168,surface_displacement
,,,,,12,60,-0.004106753600150149,-0.08292857811313843,diagnostic_1,500,surprise_cosine_60s,,,,False,"[0,0,11,1812,519]","[null,null,0.006793637167323719,0.0045884471123515905,0.004371693081479082]",2342,42,-0.046748864129604724,absolute_atm_iv_change
,,,,,24,120,0.001013658408089097,-0.08965250836743384,diagnostic_1,500,surprise_cosine_60s,,,,False,"[0,0,11,1812,519]","[null,null,0.006793637167323719,0.0045884471123515905,0.004371693081479082]",2342,42,-0.046748864129604724,absolute_atm_iv_change
,,,,,60,300,0.0032671984879035477,-0.09738035579957215,diagnostic_1,500,surprise_cosine_60s,,,,False,"[0,0,11,1812,519]","[null,null,0.006793637167323719,0.0045884471123515905,0.004371693081479082]",2342,42,-0.046748864129604724,absolute_atm_iv_change
0.05226952916448313,0.004083883523065879,-0.0894056436112749,0.019693489160570232,-0.08200533791537845,,,,,diagnostic_1,,surprise_increment_60s,0.10909913277184513,"{""60s"":{""mean_mae_reduction"":0.0020919455402273876,""ci_low"":0.0019156922138277935,""ci_high"":0.0022712104658905155,""positive_probability"":1.0,""block_rows"":12,""draws"":500},""120s"":{""mean_mae_reduction"":0.0020919455402273876,""ci_low"":0.0018976232231696984,""ci_high"":0.002262965893768331,""positive_probability"":1.0,""block_rows"":24,""draws"":500},""300s"":{""mean_mae_reduction"":0.0020919455402273876,""ci_low"":0.0018857019189280572,""ci_high"":0.002299000396667197,""positive_probability"":1.0,""block_rows"":60,""draws"":500}}","{""base_to_candidate"":{""60s"":{""mean_mae_reduction"":0.0019500467358691096,""ci_low"":0.001775064750355619,""ci_high"":0.002112720542277835,""positive_probability"":1.0,""block_rows"":12,""draws"":500},""120s"":{""mean_mae_reduction"":0.0019500467358691096,""ci_low"":0.0017781056550400544,""ci_high"":0.0021129364221980063,""positive_probability"":1.0,""block_rows"":24,""draws"":500},""300s"":{""mean_mae_reduction"":0.0019500467358691096,""ci_low"":0.0017639076722944732,""ci_high"":0.002139446375594774,""positive_probability"":1.0,""block_rows"":60,""draws"":500}},""base_pca_to_candidate"":{""60s"":{""mean_mae_reduction"":0.0014700875902859218,""ci_low"":0.0013095477003057896,""ci_high"":0.0016400258153488627,""positive_probability"":1.0,""block_rows"":12,""draws"":500},""120s"":{""mean_mae_reduction"":0.0014700875902859218,""ci_low"":0.0012729812734021179,""ci_high"":0.0016400644668264248,""positive_probability"":1.0,""block_rows"":24,""draws"":500},""300s"":{""mean_mae_reduction"":0.0014700875902859218,""ci_low"":0.001279981189418637,""ci_high"":0.0016553982332927067,""positive_probability"":1.0,""block_rows"":60,""draws"":500}}}",,,,,42,,surface_displacement
0.1447171988647118,0.17593141526424994,0.17088610031810658,0.17546821894654618,0.1716380222591154,,,,,diagnostic_1,,surprise_increment_60s,0.004582118628439602,"{""60s"":{""mean_mae_reduction"":1.9901488164546575e-05,""ci_low"":1.8724078661290493e-05,""ci_high"":2.1214489246659404e-05,""positive_probability"":1.0,""block_rows"":12,""draws"":500},""120s"":{""mean_mae_reduction"":1.9901488164546575e-05,""ci_low"":1.848801302030199e-05,""ci_high"":2.1363531564251795e-05,""positive_probability"":1.0,""block_rows"":24,""draws"":500},""300s"":{""mean_mae_reduction"":1.9901488164546575e-05,""ci_low"":1.8280700743512527e-05,""ci_high"":2.1554658984898097e-05,""positive_probability"":1.0,""block_rows"":60,""draws"":500}}","{""base_to_candidate"":{""60s"":{""mean_mae_reduction"":1.6635670139502273e-05,""ci_low"":1.5620568941108197e-05,""ci_high"":1.7647893372431857e-05,""positive_probability"":1.0,""block_rows"":12,""draws"":500},""120s"":{""mean_mae_reduction"":1.6635670139502273e-05,""ci_low"":1.5595065280908184e-05,""ci_high"":1.783987705991139e-05,""positive_probability"":1.0,""block_rows"":24,""draws"":500},""300s"":{""mean_mae_reduction"":1.6635670139502273e-05,""ci_low"":1.554796179977755e-05,""ci_high"":1.773652982671082e-05,""positive_probability"":1.0,""block_rows"":60,""draws"":500}},""base_pca_to_candidate"":{""60s"":{""mean_mae_reduction"":8.594276638697174e-06,""ci_low"":7.863156942911489e-06,""ci_high"":9.292736973041e-06,""positive_probability"":1.0,""block_rows"":12,""draws"":500},""120s"":{""mean_mae_reduction"":8.594276638697174e-06,""ci_low"":7.711413611098004e-06,""ci_high"":9.542137971817998e-06,""positive_probability"":1.0,""block_rows"":24,""draws"":500},""300s"":{""mean_mae_reduction"":8.594276638697174e-06,""ci_low"":7.524302197156153e-06,""ci_high"":9.648977626993599e-06,""positive_probability"":1.0,""block_rows"":60,""draws"":500}}}",,,,,42,,absolute_atm_iv_change
,,,,,12,60,0.0349205254326498,-0.036089019754831385,diagnostic_2,500,surprise_l2_60s,,,,False,"[0,0,212,3930,335]","[null,null,0.047124580895692686,0.043114698025462306,0.049580162839897204]",4477,42,-0.0017640855047051473,surface_displacement
,,,,,24,120,0.0385489716730332,-0.043579126845436994,diagnostic_2,500,surprise_l2_60s,,,,False,"[0,0,212,3930,335]","[null,null,0.047124580895692686,0.043114698025462306,0.049580162839897204]",4477,42,-0.0017640855047051473,surface_displacement
,,,,,60,300,0.04195087174629079,-0.05069192392903163,diagnostic_2,500,surprise_l2_60s,,,,False,"[0,0,212,3930,335]","[null,null,0.047124580895692686,0.043114698025462306,0.049580162839897204]",4477,42,-0.0017640855047051473,surface_displacement
,,,,,12,60,-0.032473695875949504,-0.09603058161474959,diagnostic_2,500,surprise_l2_60s,,,,False,"[0,0,212,3930,335]","[null,null,0.006163947389654393,0.005253020967842665,0.005604598415431691]",4477,42,-0.06495382686305251,absolute_atm_iv_change
,,,,,24,120,-0.03337247902333198,-0.10154379773749765,diagnostic_2,500,surprise_l2_60s,,,,False,"[0,0,212,3930,335]","[null,null,0.006163947389654393,0.005253020967842665,0.005604598415431691]",4477,42,-0.06495382686305251,absolute_atm_iv_change
,,,,,60,300,-0.02387297508608109,-0.10438193137334176,diagnostic_2,500,surprise_l2_60s,,,,False,"[0,0,212,3930,335]","[null,null,0.006163947389654393,0.005253020967842665,0.005604598415431691]",4477,42,-0.06495382686305251,absolute_atm_iv_change
,,,,,12,60,0.18580622501220856,0.05356619528776637,diagnostic_2,500,surprise_l2_60s,,,,False,"[0,0,212,3930,335]","[null,null,8.681499233386661e-05,0.00012716208878366648,0.00012899907549525653]",4477,42,0.11441412006652357,realized_futures_volatility
,,,,,24,120,0.19291685046876564,0.03283249286742207,diagnostic_2,500,surprise_l2_60s,,,,False,"[0,0,212,3930,335]","[null,null,8.681499233386661e-05,0.00012716208878366648,0.00012899907549525653]",4477,42,0.11441412006652357,realized_futures_volatility
,,,,,60,300,0.20352286741929654,0.026487087396146667,diagnostic_2,500,surprise_l2_60s,,,,False,"[0,0,212,3930,335]","[null,null,8.681499233386661e-05,0.00012716208878366648,0.00012899907549525653]",4477,42,0.11441412006652357,realized_futures_volatility
,,,,,12,60,0.11698770699663334,0.004560960761649111,diagnostic_2,500,surprise_l2_60s,,,,False,"[0,0,212,3930,335]","[null,null,5.955066321031103e-05,9.268646628498728e-05,9.895438578591418e-05]",4477,42,0.05482290830090875,absolute_futures_return
,,,,,24,120,0.1202970062783926,-0.004177172954720893,diagnostic_2,500,surprise_l2_60s,,,,False,"[0,0,212,3930,335]","[null,null,5.955066321031103e-05,9.268646628498728e-05,9.895438578591418e-05]",4477,42,0.05482290830090875,absolute_futures_return
,,,,,60,300,0.125492539654111,-0.013036949789940737,diagnostic_2,500,surprise_l2_60s,,,,False,"[0,0,212,3930,335]","[null,null,5.955066321031103e-05,9.268646628498728e-05,9.895438578591418e-05]",4477,42,0.05482290830090875,absolute_futures_return
,,,,,12,60,-0.056849454160550116,-0.11361986146769922,diagnostic_2,500,surprise_l2_60s,,,,False,"[0,0,212,3930,335]","[null,null,0.00013251001827192563,1.7547784481285278e-06,-0.00010725584983610229]",4477,42,-0.08465979417914171,near_atm_spread_change
,,,,,24,120,-0.057083619487116294,-0.11037326311775754,diagnostic_2,500,surprise_l2_60s,,,,False,"[0,0,212,3930,335]","[null,null,0.00013251001827192563,1.7547784481285278e-06,-0.00010725584983610229]",4477,42,-0.08465979417914171,near_atm_spread_change
,,,,,60,300,-0.05931634618243152,-0.11225800908944145,diagnostic_2,500,surprise_l2_60s,,,,False,"[0,0,212,3930,335]","[null,null,0.00013251001827192563,1.7547784481285278e-06,-0.00010725584983610229]",4477,42,-0.08465979417914171,near_atm_spread_change
,,,,,12,60,0.13062770040406524,0.021156592976403668,diagnostic_2,500,surprise_l2_60s,,,,False,"[0,0,212,3930,335]","[null,null,4.088604067153526e-05,7.124894343638845e-05,0.00010742278797412986]",4477,42,0.07495656657804176,absolute_atm_straddle_change
,,,,,24,120,0.13654941910669544,0.009017825311904783,diagnostic_2,500,surprise_l2_60s,,,,False,"[0,0,212,3930,335]","[null,null,4.088604067153526e-05,7.124894343638845e-05,0.00010742278797412986]",4477,42,0.07495656657804176,absolute_atm_straddle_change
,,,,,60,300,0.14304058997448965,0.0021500657771885,diagnostic_2,500,surprise_l2_60s,,,,False,"[0,0,212,3930,335]","[null,null,4.088604067153526e-05,7.124894343638845e-05,0.00010742278797412986]",4477,42,0.07495656657804176,absolute_atm_straddle_change
,,,,,12,60,0.04817610581638576,-0.05367679298415838,diagnostic_2,500,surprise_l2_60s,,,,False,"[0,0,212,3930,335]","[null,null,1.8984837021529323e-06,4.604436157158109e-08,-5.782130159135324e-07]",4477,42,-0.0025965566273056465,parity_restoration
,,,,,24,120,0.04289656235846114,-0.04596811992199,diagnostic_2,500,surprise_l2_60s,,,,False,"[0,0,212,3930,335]","[null,null,1.8984837021529323e-06,4.604436157158109e-08,-5.782130159135324e-07]",4477,42,-0.0025965566273056465,parity_restoration
,,,,,60,300,0.03289815455516719,-0.03857708945256195,diagnostic_2,500,surprise_l2_60s,,,,False,"[0,0,212,3930,335]","[null,null,1.8984837021529323e-06,4.604436157158109e-08,-5.782130159135324e-07]",4477,42,-0.0025965566273056465,parity_restoration
,,,,,12,60,0.0352485764350304,-0.03612477216816974,diagnostic_2,500,surprise_unit_l2_60s,,,,False,"[0,0,82,3241,1154]","[null,null,0.050446413648619196,0.043505177935330326,0.044110607741531145]",4477,42,-0.0018832472020626047,surface_displacement
,,,,,24,120,0.03927375344952053,-0.04464670579002084,diagnostic_2,500,surprise_unit_l2_60s,,,,False,"[0,0,82,3241,1154]","[null,null,0.050446413648619196,0.043505177935330326,0.044110607741531145]",4477,42,-0.0018832472020626047,surface_displacement
,,,,,60,300,0.04193486620172755,-0.04891340732150958,diagnostic_2,500,surprise_unit_l2_60s,,,,False,"[0,0,82,3241,1154]","[null,null,0.050446413648619196,0.043505177935330326,0.044110607741531145]",4477,42,-0.0018832472020626047,surface_displacement
,,,,,12,60,-0.026427102925084534,-0.09025662534034923,diagnostic_2,500,surprise_unit_l2_60s,,,,False,"[0,0,82,3241,1154]","[null,null,0.00681620082113801,0.005345238943373631,0.0051523586105639224]",4477,42,-0.05994463581223239,absolute_atm_iv_change
,,,,,24,120,-0.0283923927253629,-0.09450442778462495,diagnostic_2,500,surprise_unit_l2_60s,,,,False,"[0,0,82,3241,1154]","[null,null,0.00681620082113801,0.005345238943373631,0.0051523586105639224]",4477,42,-0.05994463581223239,absolute_atm_iv_change
,,,,,60,300,-0.01947764261653404,-0.09780656782834478,diagnostic_2,500,surprise_unit_l2_60s,,,,False,"[0,0,82,3241,1154]","[null,null,0.00681620082113801,0.005345238943373631,0.0051523586105639224]",4477,42,-0.05994463581223239,absolute_atm_iv_change
,,,,,12,60,0.0352485764350304,-0.03612477216816974,diagnostic_2,500,surprise_cosine_60s,,,,False,"[0,0,82,3241,1154]","[null,null,0.050446413648619196,0.043505177935330326,0.044110607741531145]",4477,42,-0.0018832472020626047,surface_displacement
,,,,,24,120,0.03927375344952053,-0.04464670579002084,diagnostic_2,500,surprise_cosine_60s,,,,False,"[0,0,82,3241,1154]","[null,null,0.050446413648619196,0.043505177935330326,0.044110607741531145]",4477,42,-0.0018832472020626047,surface_displacement
,,,,,60,300,0.04193486620172755,-0.04891340732150958,diagnostic_2,500,surprise_cosine_60s,,,,False,"[0,0,82,3241,1154]","[null,null,0.050446413648619196,0.043505177935330326,0.044110607741531145]",4477,42,-0.0018832472020626047,surface_displacement
,,,,,12,60,-0.026427102925084534,-0.09025662534034923,diagnostic_2,500,surprise_cosine_60s,,,,False,"[0,0,82,3241,1154]","[null,null,0.00681620082113801,0.005345238943373631,0.0051523586105639224]",4477,42,-0.05994463581223239,absolute_atm_iv_change
,,,,,24,120,-0.0283923927253629,-0.09450442778462495,diagnostic_2,500,surprise_cosine_60s,,,,False,"[0,0,82,3241,1154]","[null,null,0.00681620082113801,0.005345238943373631,0.0051523586105639224]",4477,42,-0.05994463581223239,absolute_atm_iv_change
,,,,,60,300,-0.01947764261653404,-0.09780656782834478,diagnostic_2,500,surprise_cosine_60s,,,,False,"[0,0,82,3241,1154]","[null,null,0.00681620082113801,0.005345238943373631,0.0051523586105639224]",4477,42,-0.05994463581223239,absolute_atm_iv_change
-0.037590629181429414,-0.09280053299124469,-0.209191243297703,-0.08172351637721564,-0.2206168077093067,,,,,diagnostic_2,,surprise_increment_60s,0.12746772692048736,"{""60s"":{""mean_mae_reduction"":0.0024512922935737568,""ci_low"":0.0023142004890905118,""ci_high"":0.0026053476302629205,""positive_probability"":1.0,""block_rows"":12,""draws"":500},""120s"":{""mean_mae_reduction"":0.0024512922935737568,""ci_low"":0.0023111525019718195,""ci_high"":0.002607617112252374,""positive_probability"":1.0,""block_rows"":24,""draws"":500},""300s"":{""mean_mae_reduction"":0.0024512922935737568,""ci_low"":0.0022639005251071445,""ci_high"":0.0026265602260818503,""positive_probability"":1.0,""block_rows"":60,""draws"":500}}","{""base_to_candidate"":{""60s"":{""mean_mae_reduction"":0.0026710137765603155,""ci_low"":0.0025213984501067472,""ci_high"":0.0028101831464312256,""positive_probability"":1.0,""block_rows"":12,""draws"":500},""120s"":{""mean_mae_reduction"":0.0026710137765603155,""ci_low"":0.0025115501403659233,""ci_high"":0.002826605067548112,""positive_probability"":1.0,""block_rows"":24,""draws"":500},""300s"":{""mean_mae_reduction"":0.0026710137765603155,""ci_low"":0.0024962028942019663,""ci_high"":0.00285306571177537,""positive_probability"":1.0,""block_rows"":60,""draws"":500}},""base_pca_to_candidate"":{""60s"":{""mean_mae_reduction"":0.002063164478594473,""ci_low"":0.001916402842821066,""ci_high"":0.002197520633419606,""positive_probability"":1.0,""block_rows"":12,""draws"":500},""120s"":{""mean_mae_reduction"":0.002063164478594473,""ci_low"":0.0019010383696131102,""ci_high"":0.0022165851428963424,""positive_probability"":1.0,""block_rows"":24,""draws"":500},""300s"":{""mean_mae_reduction"":0.002063164478594473,""ci_low"":0.001870169025929256,""ci_high"":0.0022487062726748806,""positive_probability"":1.0,""block_rows"":60,""draws"":500}}}",,,,,42,,surface_displacement
0.16897274351839897,0.19414741206022634,0.19017010911486065,0.1939460782711364,0.1894451971199771,,,,,diagnostic_2,,surprise_increment_60s,0.0037759691562757602,"{""60s"":{""mean_mae_reduction"":1.9307700303851835e-05,""ci_low"":1.8475874922866644e-05,""ci_high"":2.0167677326598954e-05,""positive_probability"":1.0,""block_rows"":12,""draws"":500},""120s"":{""mean_mae_reduction"":1.9307700303851835e-05,""ci_low"":1.843816324384048e-05,""ci_high"":2.0231868170070397e-05,""positive_probability"":1.0,""block_rows"":24,""draws"":500},""300s"":{""mean_mae_reduction"":1.9307700303851835e-05,""ci_low"":1.7962710162338422e-05,""ci_high"":2.0554550110485515e-05,""positive_probability"":1.0,""block_rows"":60,""draws"":500}}","{""base_to_candidate"":{""60s"":{""mean_mae_reduction"":2.3014399952238073e-05,""ci_low"":2.2053182954278196e-05,""ci_high"":2.3888713463423282e-05,""positive_probability"":1.0,""block_rows"":12,""draws"":500},""120s"":{""mean_mae_reduction"":2.3014399952238073e-05,""ci_low"":2.1936854524288215e-05,""ci_high"":2.3998434509611982e-05,""positive_probability"":1.0,""block_rows"":24,""draws"":500},""300s"":{""mean_mae_reduction"":2.3014399952238073e-05,""ci_low"":2.1777267095197422e-05,""ci_high"":2.4124884059278374e-05,""positive_probability"":1.0,""block_rows"":60,""draws"":500}},""base_pca_to_candidate"":{""60s"":{""mean_mae_reduction"":1.512169008946494e-05,""ci_low"":1.4399546561120861e-05,""ci_high"":1.5886368621978238e-05,""positive_probability"":1.0,""block_rows"":12,""draws"":500},""120s"":{""mean_mae_reduction"":1.512169008946494e-05,""ci_low"":1.433811029596393e-05,""ci_high"":1.5953099673618468e-05,""positive_probability"":1.0,""block_rows"":24,""draws"":500},""300s"":{""mean_mae_reduction"":1.512169008946494e-05,""ci_low"":1.396202372576323e-05,""ci_high"":1.607416167885706e-05,""positive_probability"":1.0,""block_rows"":60,""draws"":500}}}",,,,,42,,absolute_atm_iv_change
,,,,,12,60,0.14243023739467464,0.05129936004938618,diagnostic_1,500,surprise_l2_5s,,,,False,"[0,5,1541,796,0]","[null,0.05445831069012358,0.041729482097253814,0.04765595096892598,null]",2342,101,0.09374211953955836,surface_displacement
,,,,,24,120,0.1448032061716657,0.04901101678481458,diagnostic_1,500,surprise_l2_5s,,,,False,"[0,5,1541,796,0]","[null,0.05445831069012358,0.041729482097253814,0.04765595096892598,null]",2342,101,0.09374211953955836,surface_displacement
,,,,,60,300,0.15104652757542456,0.03559256435159488,diagnostic_1,500,surprise_l2_5s,,,,False,"[0,5,1541,796,0]","[null,0.05445831069012358,0.041729482097253814,0.04765595096892598,null]",2342,101,0.09374211953955836,surface_displacement
,,,,,12,60,0.05104057693150964,-0.03526620821345754,diagnostic_1,500,surprise_l2_5s,,,,False,"[0,5,1541,796,0]","[null,0.009553736448287964,0.004424072507137915,0.00476462370599035,null]",2342,101,0.007036238243140103,absolute_atm_iv_change
,,,,,24,120,0.05745784705312834,-0.03444962941781734,diagnostic_1,500,surprise_l2_5s,,,,False,"[0,5,1541,796,0]","[null,0.009553736448287964,0.004424072507137915,0.00476462370599035,null]",2342,101,0.007036238243140103,absolute_atm_iv_change
,,,,,60,300,0.05338657085122756,-0.03856782714570501,diagnostic_1,500,surprise_l2_5s,,,,False,"[0,5,1541,796,0]","[null,0.009553736448287964,0.004424072507137915,0.00476462370599035,null]",2342,101,0.007036238243140103,absolute_atm_iv_change
,,,,,12,60,0.13873446874852344,-0.04721442600849972,diagnostic_1,500,surprise_l2_5s,,,,False,"[0,5,1541,796,0]","[null,8.98813649165253e-05,0.00011244372129523138,0.00011728396488460759,null]",2342,101,0.03908537726654365,realized_futures_volatility
,,,,,24,120,0.15520383618885156,-0.037508643141447834,diagnostic_1,500,surprise_l2_5s,,,,False,"[0,5,1541,796,0]","[null,8.98813649165253e-05,0.00011244372129523138,0.00011728396488460759,null]",2342,101,0.03908537726654365,realized_futures_volatility
,,,,,60,300,0.16269364066821565,-0.03609877907178958,diagnostic_1,500,surprise_l2_5s,,,,False,"[0,5,1541,796,0]","[null,8.98813649165253e-05,0.00011244372129523138,0.00011728396488460759,null]",2342,101,0.03908537726654365,realized_futures_volatility
,,,,,12,60,0.07573024018658964,-0.06638899889895605,diagnostic_1,500,surprise_l2_5s,,,,False,"[0,5,1541,796,0]","[null,7.686614990234374e-05,8.62682275691642e-05,8.711024145385128e-05,null]",2342,101,0.002866155243122385,absolute_futures_return
,,,,,24,120,0.09262102057942005,-0.06448031065766449,diagnostic_1,500,surprise_l2_5s,,,,False,"[0,5,1541,796,0]","[null,7.686614990234374e-05,8.62682275691642e-05,8.711024145385128e-05,null]",2342,101,0.002866155243122385,absolute_futures_return
,,,,,60,300,0.10697043924602603,-0.05609131467669432,diagnostic_1,500,surprise_l2_5s,,,,False,"[0,5,1541,796,0]","[null,7.686614990234374e-05,8.62682275691642e-05,8.711024145385128e-05,null]",2342,101,0.002866155243122385,absolute_futures_return
,,,,,12,60,0.06525271216857541,-0.007196671394892609,diagnostic_1,500,surprise_l2_5s,,,,False,"[0,5,1541,796,0]","[null,-0.000627927714958787,-1.1375137806252385e-05,2.068798494292423e-05,null]",2342,101,0.031478865796527346,near_atm_spread_change
,,,,,24,120,0.05953556040438849,-0.0056878911384844475,diagnostic_1,500,surprise_l2_5s,,,,False,"[0,5,1541,796,0]","[null,-0.000627927714958787,-1.1375137806252385e-05,2.068798494292423e-05,null]",2342,101,0.031478865796527346,near_atm_spread_change
,,,,,60,300,0.05443817880370131,0.00301839142213451,diagnostic_1,500,surprise_l2_5s,,,,False,"[0,5,1541,796,0]","[null,-0.000627927714958787,-1.1375137806252385e-05,2.068798494292423e-05,null]",2342,101,0.031478865796527346,near_atm_spread_change
,,,,,12,60,-0.10227585492360679,-0.2476460768042937,diagnostic_1,500,surprise_l2_5s,,,,False,"[0,5,1541,796,0]","[null,6.0721486806869504e-05,4.985996163622425e-05,3.922420984424239e-05,null]",2342,101,-0.1770394071168154,absolute_atm_straddle_change
,,,,,24,120,-0.09129534516366472,-0.250515537224632,diagnostic_1,500,surprise_l2_5s,,,,False,"[0,5,1541,796,0]","[null,6.0721486806869504e-05,4.985996163622425e-05,3.922420984424239e-05,null]",2342,101,-0.1770394071168154,absolute_atm_straddle_change
,,,,,60,300,-0.0776477549940982,-0.23763129149124823,diagnostic_1,500,surprise_l2_5s,,,,False,"[0,5,1541,796,0]","[null,6.0721486806869504e-05,4.985996163622425e-05,3.922420984424239e-05,null]",2342,101,-0.1770394071168154,absolute_atm_straddle_change
,,,,,12,60,0.00021630002153162002,-0.12918614079370985,diagnostic_1,500,surprise_l2_5s,,,,False,"[0,5,1541,796,0]","[null,1.4084613212617115e-06,7.400174323055564e-07,-3.778221976040072e-07,null]",2342,101,-0.06505679688737917,parity_restoration
,,,,,24,120,-0.0036256802498284783,-0.12091871833584684,diagnostic_1,500,surprise_l2_5s,,,,False,"[0,5,1541,796,0]","[null,1.4084613212617115e-06,7.400174323055564e-07,-3.778221976040072e-07,null]",2342,101,-0.06505679688737917,parity_restoration
,,,,,60,300,-0.005802008263579714,-0.11011335415300501,diagnostic_1,500,surprise_l2_5s,,,,False,"[0,5,1541,796,0]","[null,1.4084613212617115e-06,7.400174323055564e-07,-3.778221976040072e-07,null]",2342,101,-0.06505679688737917,parity_restoration
,,,,,12,60,0.14621763981430813,0.050825416656657366,diagnostic_1,500,surprise_unit_l2_5s,,,,False,"[0,0,1540,802,0]","[null,null,0.041694025666450855,0.04775905350405175,null]",2342,101,0.0954271119932681,surface_displacement
,,,,,24,120,0.14608828891955575,0.05022705209867491,diagnostic_1,500,surprise_unit_l2_5s,,,,False,"[0,0,1540,802,0]","[null,null,0.041694025666450855,0.04775905350405175,null]",2342,101,0.0954271119932681,surface_displacement
,,,,,60,300,0.15152286739505497,0.03895970668034711,diagnostic_1,500,surprise_unit_l2_5s,,,,False,"[0,0,1540,802,0]","[null,null,0.041694025666450855,0.04775905350405175,null]",2342,101,0.0954271119932681,surface_displacement
,,,,,12,60,0.049537304673131125,-0.037738430467443455,diagnostic_1,500,surprise_unit_l2_5s,,,,False,"[0,0,1540,802,0]","[null,null,0.004415643747363772,0.004810241290235757,null]",2342,101,0.004765542309076497,absolute_atm_iv_change
,,,,,24,120,0.055897488349363166,-0.03848043640514466,diagnostic_1,500,surprise_unit_l2_5s,,,,False,"[0,0,1540,802,0]","[null,null,0.004415643747363772,0.004810241290235757,null]",2342,101,0.004765542309076497,absolute_atm_iv_change
,,,,,60,300,0.05076826123293526,-0.03887702791842561,diagnostic_1,500,surprise_unit_l2_5s,,,,False,"[0,0,1540,802,0]","[null,null,0.004415643747363772,0.004810241290235757,null]",2342,101,0.004765542309076497,absolute_atm_iv_change
,,,,,12,60,0.14621763981430813,0.050825416656657366,diagnostic_1,500,surprise_cosine_5s,,,,False,"[0,0,1540,802,0]","[null,null,0.041694025666450855,0.04775905350405175,null]",2342,101,0.0954271119932681,surface_displacement
,,,,,24,120,0.14608828891955575,0.05022705209867491,diagnostic_1,500,surprise_cosine_5s,,,,False,"[0,0,1540,802,0]","[null,null,0.041694025666450855,0.04775905350405175,null]",2342,101,0.0954271119932681,surface_displacement
,,,,,60,300,0.15152286739505497,0.03895970668034711,diagnostic_1,500,surprise_cosine_5s,,,,False,"[0,0,1540,802,0]","[null,null,0.041694025666450855,0.04775905350405175,null]",2342,101,0.0954271119932681,surface_displacement
,,,,,12,60,0.049537304673131125,-0.037738430467443455,diagnostic_1,500,surprise_cosine_5s,,,,False,"[0,0,1540,802,0]","[null,null,0.004415643747363772,0.004810241290235757,null]",2342,101,0.004765542309076497,absolute_atm_iv_change
,,,,,24,120,0.055897488349363166,-0.03848043640514466,diagnostic_1,500,surprise_cosine_5s,,,,False,"[0,0,1540,802,0]","[null,null,0.004415643747363772,0.004810241290235757,null]",2342,101,0.004765542309076497,absolute_atm_iv_change
,,,,,60,300,0.05076826123293526,-0.03887702791842561,diagnostic_1,500,surprise_cosine_5s,,,,False,"[0,0,1540,802,0]","[null,null,0.004415643747363772,0.004810241290235757,null]",2342,101,0.004765542309076497,absolute_atm_iv_change
0.04497693858177698,-0.009088010183157635,-0.08295191566520899,0.003708108730676729,-0.08200533791537845,,,,,diagnostic_1,,surprise_increment_5s,0.08666002439588572,"{""60s"":{""mean_mae_reduction"":0.001661681875419585,""ci_low"":0.0014936364998688625,""ci_high"":0.001826472574618808,""positive_probability"":1.0,""block_rows"":12,""draws"":500},""120s"":{""mean_mae_reduction"":0.001661681875419585,""ci_low"":0.0014596803128139922,""ci_high"":0.0018427655512279727,""positive_probability"":1.0,""block_rows"":24,""draws"":500},""300s"":{""mean_mae_reduction"":0.001661681875419585,""ci_low"":0.001440797317256148,""ci_high"":0.0019072938793715727,""positive_probability"":1.0,""block_rows"":60,""draws"":500}}","{""base_to_candidate"":{""60s"":{""mean_mae_reduction"":0.0016435315102248617,""ci_low"":0.001466265885393031,""ci_high"":0.0018173761911811834,""positive_probability"":1.0,""block_rows"":12,""draws"":500},""120s"":{""mean_mae_reduction"":0.0016435315102248617,""ci_low"":0.001435445827671356,""ci_high"":0.0018431473806720452,""positive_probability"":1.0,""block_rows"":24,""draws"":500},""300s"":{""mean_mae_reduction"":0.0016435315102248617,""ci_low"":0.001403111091528464,""ci_high"":0.0019271319713256272,""positive_probability"":1.0,""block_rows"":60,""draws"":500}},""base_pca_to_candidate"":{""60s"":{""mean_mae_reduction"":0.0011661129729972105,""ci_low"":0.0010280824382052388,""ci_high"":0.0013434110013123143,""positive_probability"":1.0,""block_rows"":12,""draws"":500},""120s"":{""mean_mae_reduction"":0.0011661129729972105,""ci_low"":0.0009687090791040235,""ci_high"":0.0013499278882356926,""positive_probability"":1.0,""block_rows"":24,""draws"":500},""300s"":{""mean_mae_reduction"":0.0011661129729972105,""ci_low"":0.0009364388308037337,""ci_high"":0.001394954580990854,""positive_probability"":1.0,""block_rows"":60,""draws"":500}}}",,,,,101,,surface_displacement
0.14155160883898044,0.1721339822620398,0.17152663513011157,0.17160851614891526,0.1716380222591154,,,,,diagnostic_1,,surprise_increment_5s,8.18810188036867e-05,"{""60s"":{""mean_mae_reduction"":3.556333344379459e-07,""ci_low"":3.307878396258438e-07,""ci_high"":3.8108311561132056e-07,""positive_probability"":1.0,""block_rows"":12,""draws"":500},""120s"":{""mean_mae_reduction"":3.556333344379459e-07,""ci_low"":3.223542248223552e-07,""ci_high"":3.848490771229068e-07,""positive_probability"":1.0,""block_rows"":24,""draws"":500},""300s"":{""mean_mae_reduction"":3.556333344379459e-07,""ci_low"":3.2423753456922716e-07,""ci_high"":3.949545821074034e-07,""positive_probability"":1.0,""block_rows"":60,""draws"":500}}","{""base_to_candidate"":{""60s"":{""mean_mae_reduction"":-1.2815371022558534e-07,""ci_low"":-2.761174968169459e-07,""ci_high"":1.492496822723409e-08,""positive_probability"":0.052,""block_rows"":12,""draws"":500},""120s"":{""mean_mae_reduction"":-1.2815371022558534e-07,""ci_low"":-3.277721702323893e-07,""ci_high"":5.900627750166405e-08,""positive_probability"":0.078,""block_rows"":24,""draws"":500},""300s"":{""mean_mae_reduction"":-1.2815371022558534e-07,""ci_low"":-3.7804179235783606e-07,""ci_high"":1.1585183176502559e-07,""positive_probability"":0.154,""block_rows"":60,""draws"":500}},""base_pca_to_candidate"":{""60s"":{""mean_mae_reduction"":-8.144430615595302e-07,""ci_low"":-9.038281777148344e-07,""ci_high"":-7.067072192236095e-07,""positive_probability"":0.0,""block_rows"":12,""draws"":500},""120s"":{""mean_mae_reduction"":-8.144430615595302e-07,""ci_low"":-9.536384591141076e-07,""ci_high"":-6.7740121780249e-07,""positive_probability"":0.0,""block_rows"":24,""draws"":500},""300s"":{""mean_mae_reduction"":-8.144430615595302e-07,""ci_low"":-1.0039447422800517e-06,""ci_high"":-6.330738073540169e-07,""positive_probability"":0.0,""block_rows"":60,""draws"":500}}}",,,,,101,,absolute_atm_iv_change
,,,,,12,60,0.12038049175993731,0.04374438513970365,diagnostic_2,500,surprise_l2_5s,,,,False,"[2,6,1901,2566,2]","[0.07937915213743056,0.044190805477248,0.04199956572881037,0.045077870205694204,0.052818202950543985]",4477,101,0.0818452762739762,surface_displacement
,,,,,24,120,0.12041213755544117,0.039354818136550035,diagnostic_2,500,surprise_l2_5s,,,,False,"[2,6,1901,2566,2]","[0.07937915213743056,0.044190805477248,0.04199956572881037,0.045077870205694204,0.052818202950543985]",4477,101,0.0818452762739762,surface_displacement
,,,,,60,300,0.11024625190532696,0.03755731943437186,diagnostic_2,500,surprise_l2_5s,,,,False,"[2,6,1901,2566,2]","[0.07937915213743056,0.044190805477248,0.04199956572881037,0.045077870205694204,0.052818202950543985]",4477,101,0.0818452762739762,surface_displacement
,,,,,12,60,0.0447505953406098,-0.02315558490432198,diagnostic_2,500,surprise_l2_5s,,,,False,"[2,6,1901,2566,2]","[0.015159543603658676,0.007649273922046025,0.005240723859128797,0.0053672118610408465,0.008786648511886597]",4477,101,0.012297605986026272,absolute_atm_iv_change
,,,,,24,120,0.04609752573841809,-0.023771649573109916,diagnostic_2,500,surprise_l2_5s,,,,False,"[2,6,1901,2566,2]","[0.015159543603658676,0.007649273922046025,0.005240723859128797,0.0053672118610408465,0.008786648511886597]",4477,101,0.012297605986026272,absolute_atm_iv_change
,,,,,60,300,0.043016654702153184,-0.024125737068255163,diagnostic_2,500,surprise_l2_5s,,,,False,"[2,6,1901,2566,2]","[0.015159543603658676,0.007649273922046025,0.005240723859128797,0.0053672118610408465,0.008786648511886597]",4477,101,0.012297605986026272,absolute_atm_iv_change
,,,,,12,60,0.17250713325549447,0.03659811508392341,diagnostic_2,500,surprise_l2_5s,,,,False,"[2,6,1901,2566,2]","[0.00022073354115387947,0.00019205916326234043,0.00011594420518565414,0.00013218775399564944,8.447235642659786e-05]",4477,101,0.10285157439604684,realized_futures_volatility
,,,,,24,120,0.18899091997591916,0.03366972286332435,diagnostic_2,500,surprise_l2_5s,,,,False,"[2,6,1901,2566,2]","[0.00022073354115387947,0.00019205916326234043,0.00011594420518565414,0.00013218775399564944,8.447235642659786e-05]",4477,101,0.10285157439604684,realized_futures_volatility
,,,,,60,300,0.2023042507022034,0.0001474263314446239,diagnostic_2,500,surprise_l2_5s,,,,False,"[2,6,1901,2566,2]","[0.00022073354115387947,0.00019205916326234043,0.00011594420518565414,0.00013218775399564944,8.447235642659786e-05]",4477,101,0.10285157439604684,realized_futures_volatility
,,,,,12,60,0.07537748374042526,-0.030748784933813122,diagnostic_2,500,surprise_l2_5s,,,,False,"[2,6,1901,2566,2]","[3.1948089599609375e-05,0.00015147527058919272,8.78980697800397e-05,9.422384010844182e-05,9.34600830078125e-05]",4477,101,0.023741630713409408,absolute_futures_return
,,,,,24,120,0.08409745083698697,-0.03375118362216454,diagnostic_2,500,surprise_l2_5s,,,,False,"[2,6,1901,2566,2]","[3.1948089599609375e-05,0.00015147527058919272,8.78980697800397e-05,9.422384010844182e-05,9.34600830078125e-05]",4477,101,0.023741630713409408,absolute_futures_return
,,,,,60,300,0.08741448840996101,-0.0377016285623862,diagnostic_2,500,surprise_l2_5s,,,,False,"[2,6,1901,2566,2]","[3.1948089599609375e-05,0.00015147527058919272,8.78980697800397e-05,9.422384010844182e-05,9.34600830078125e-05]",4477,101,0.023741630713409408,absolute_futures_return
,,,,,12,60,0.08880166714693982,0.034665213197536245,diagnostic_2,500,surprise_l2_5s,,,,False,"[2,6,1901,2566,2]","[0.00045964846503920853,-0.000685510560288094,-3.512241932546827e-05,2.654045237025387e-05,0.0004581891334964894]",4477,101,0.05999047991807675,near_atm_spread_change
,,,,,24,120,0.08604435762195921,0.0386531842634252,diagnostic_2,500,surprise_l2_5s,,,,False,"[2,6,1901,2566,2]","[0.00045964846503920853,-0.000685510560288094,-3.512241932546827e-05,2.654045237025387e-05,0.0004581891334964894]",4477,101,0.05999047991807675,near_atm_spread_change
,,,,,60,300,0.08349740237441222,0.04055857055445204,diagnostic_2,500,surprise_l2_5s,,,,False,"[2,6,1901,2566,2]","[0.00045964846503920853,-0.000685510560288094,-3.512241932546827e-05,2.654045237025387e-05,0.0004581891334964894]",4477,101,0.05999047991807675,near_atm_spread_change
,,,,,12,60,0.08282648951170715,-0.02616681266326894,diagnostic_2,500,surprise_l2_5s,,,,False,"[2,6,1901,2566,2]","[4.4566579163074493e-05,9.490363299846649e-05,6.885173241130181e-05,7.517080839697217e-05,0.00011441484093666077]",4477,101,0.028751082943968328,absolute_atm_straddle_change
,,,,,24,120,0.08955392121855592,-0.0326460343120453,diagnostic_2,500,surprise_l2_5s,,,,False,"[2,6,1901,2566,2]","[4.4566579163074493e-05,9.490363299846649e-05,6.885173241130181e-05,7.517080839697217e-05,0.00011441484093666077]",4477,101,0.028751082943968328,absolute_atm_straddle_change
,,,,,60,300,0.09261234426038266,-0.025122080893578196,diagnostic_2,500,surprise_l2_5s,,,,False,"[2,6,1901,2566,2]","[4.4566579163074493e-05,9.490363299846649e-05,6.885173241130181e-05,7.517080839697217e-05,0.00011441484093666077]",4477,101,0.028751082943968328,absolute_atm_straddle_change
,,,,,12,60,0.04620878230650119,-0.05309548875090997,diagnostic_2,500,surprise_l2_5s,,,,False,"[2,6,1901,2566,2]","[2.1016786377003882e-05,1.5782194471588202e-05,-4.505447007397014e-08,1.508803470869148e-07,-2.4252818548120558e-05]",4477,101,-0.001725200689850011,parity_restoration
,,,,,24,120,0.04557990077293369,-0.046211140121450146,diagnostic_2,500,surprise_l2_5s,,,,False,"[2,6,1901,2566,2]","[2.1016786377003882e-05,1.5782194471588202e-05,-4.505447007397014e-08,1.508803470869148e-07,-2.4252818548120558e-05]",4477,101,-0.001725200689850011,parity_restoration
,,,,,60,300,0.03524496813871829,-0.03760454683006661,diagnostic_2,500,surprise_l2_5s,,,,False,"[2,6,1901,2566,2]","[2.1016786377003882e-05,1.5782194471588202e-05,-4.505447007397014e-08,1.508803470869148e-07,-2.4252818548120558e-05]",4477,101,-0.001725200689850011,parity_restoration
,,,,,12,60,0.12563279025687946,0.0494050350982773,diagnostic_2,500,surprise_unit_l2_5s,,,,False,"[0,0,1956,2518,3]","[null,null,0.041852614065637,0.045256896937823,0.07331644649833186]",4477,101,0.08828813132813178,surface_displacement
,,,,,24,120,0.12616429981499283,0.046027512294699514,diagnostic_2,500,surprise_unit_l2_5s,,,,False,"[0,0,1956,2518,3]","[null,null,0.041852614065637,0.045256896937823,0.07331644649833186]",4477,101,0.08828813132813178,surface_displacement
,,,,,60,300,0.11865754211912861,0.04313196585226427,diagnostic_2,500,surprise_unit_l2_5s,,,,False,"[0,0,1956,2518,3]","[null,null,0.041852614065637,0.045256896937823,0.07331644649833186]",4477,101,0.08828813132813178,surface_displacement
,,,,,12,60,0.044817457566497056,-0.023257160453056556,diagnostic_2,500,surprise_unit_l2_5s,,,,False,"[0,0,1956,2518,3]","[null,null,0.005262737286206647,0.005365062457663943,0.008509439726670584]",4477,101,0.011265057936405932,absolute_atm_iv_change
,,,,,24,120,0.04634079566886138,-0.02412620585974535,diagnostic_2,500,surprise_unit_l2_5s,,,,False,"[0,0,1956,2518,3]","[null,null,0.005262737286206647,0.005365062457663943,0.008509439726670584]",4477,101,0.011265057936405932,absolute_atm_iv_change
,,,,,60,300,0.04332920169661381,-0.024348195240805975,diagnostic_2,500,surprise_unit_l2_5s,,,,False,"[0,0,1956,2518,3]","[null,null,0.005262737286206647,0.005365062457663943,0.008509439726670584]",4477,101,0.011265057936405932,absolute_atm_iv_change
,,,,,12,60,0.12563279025687946,0.0494050350982773,diagnostic_2,500,surprise_cosine_5s,,,,False,"[0,0,1956,2518,3]","[null,null,0.041852614065637,0.045256896937823,0.07331644649833186]",4477,101,0.08828813132813178,surface_displacement
,,,,,24,120,0.12616429981499283,0.046027512294699514,diagnostic_2,500,surprise_cosine_5s,,,,False,"[0,0,1956,2518,3]","[null,null,0.041852614065637,0.045256896937823,0.07331644649833186]",4477,101,0.08828813132813178,surface_displacement
,,,,,60,300,0.11865754211912861,0.04313196585226427,diagnostic_2,500,surprise_cosine_5s,,,,False,"[0,0,1956,2518,3]","[null,null,0.041852614065637,0.045256896937823,0.07331644649833186]",4477,101,0.08828813132813178,surface_displacement
,,,,,12,60,0.044817457566497056,-0.023257160453056556,diagnostic_2,500,surprise_cosine_5s,,,,False,"[0,0,1956,2518,3]","[null,null,0.005262737286206647,0.005365062457663943,0.008509439726670584]",4477,101,0.011265057936405932,absolute_atm_iv_change
,,,,,24,120,0.04634079566886138,-0.02412620585974535,diagnostic_2,500,surprise_cosine_5s,,,,False,"[0,0,1956,2518,3]","[null,null,0.005262737286206647,0.005365062457663943,0.008509439726670584]",4477,101,0.011265057936405932,absolute_atm_iv_change
,,,,,60,300,0.04332920169661381,-0.024348195240805975,diagnostic_2,500,surprise_cosine_5s,,,,False,"[0,0,1956,2518,3]","[null,null,0.005262737286206647,0.005365062457663943,0.008509439726670584]",4477,101,0.011265057936405932,absolute_atm_iv_change
-0.02669369891124962,-0.08919993800872406,-0.21599725206123543,-0.0745940390659543,-0.2206168077093067,,,,,diagnostic_2,,surprise_increment_5s,0.14140321299528114,"{""60s"":{""mean_mae_reduction"":0.0027192813010474327,""ci_low"":0.002562435112494949,""ci_high"":0.0028883030583736276,""positive_probability"":1.0,""block_rows"":12,""draws"":500},""120s"":{""mean_mae_reduction"":0.0027192813010474327,""ci_low"":0.002545759893125321,""ci_high"":0.0029171370271269693,""positive_probability"":1.0,""block_rows"":24,""draws"":500},""300s"":{""mean_mae_reduction"":0.0027192813010474327,""ci_low"":0.0025279958888295654,""ci_high"":0.0029187660519950807,""positive_probability"":1.0,""block_rows"":60,""draws"":500}}","{""base_to_candidate"":{""60s"":{""mean_mae_reduction"":0.0028081185419195154,""ci_low"":0.0026261802811254407,""ci_high"":0.002973759711214723,""positive_probability"":1.0,""block_rows"":12,""draws"":500},""120s"":{""mean_mae_reduction"":0.0028081185419195154,""ci_low"":0.002631996093776193,""ci_high"":0.002984728392176838,""positive_probability"":1.0,""block_rows"":24,""draws"":500},""300s"":{""mean_mae_reduction"":0.0028081185419195154,""ci_low"":0.002601790827107915,""ci_high"":0.0030142004093306686,""positive_probability"":1.0,""block_rows"":60,""draws"":500}},""base_pca_to_candidate"":{""60s"":{""mean_mae_reduction"":0.0021883064982471034,""ci_low"":0.0020386448229860457,""ci_high"":0.0023548486119625623,""positive_probability"":1.0,""block_rows"":12,""draws"":500},""120s"":{""mean_mae_reduction"":0.0021883064982471034,""ci_low"":0.002020818242039608,""ci_high"":0.002365757983934522,""positive_probability"":1.0,""block_rows"":24,""draws"":500},""300s"":{""mean_mae_reduction"":0.0021883064982471034,""ci_low"":0.0019724442596168066,""ci_high"":0.0023965234581041286,""positive_probability"":1.0,""block_rows"":60,""draws"":500}}}",,,,,101,,surface_displacement
0.1656042204964553,0.19014877774288053,0.18953399211030963,0.1896390102676847,0.1894451971199771,,,,,diagnostic_2,,surprise_increment_5s,0.0001050181573750697,"{""60s"":{""mean_mae_reduction"":5.369903791960948e-07,""ci_low"":5.143846675317113e-07,""ci_high"":5.575492892001695e-07,""positive_probability"":1.0,""block_rows"":12,""draws"":500},""120s"":{""mean_mae_reduction"":5.369903791960948e-07,""ci_low"":5.150811641379996e-07,""ci_high"":5.615331805041066e-07,""positive_probability"":1.0,""block_rows"":24,""draws"":500},""300s"":{""mean_mae_reduction"":5.369903791960948e-07,""ci_low"":5.105959894295191e-07,""ci_high"":5.654695933953849e-07,""positive_probability"":1.0,""block_rows"":60,""draws"":500}}","{""base_to_candidate"":{""60s"":{""mean_mae_reduction"":9.91026678454221e-07,""ci_low"":8.852392330957162e-07,""ci_high"":1.099083643123203e-06,""positive_probability"":1.0,""block_rows"":12,""draws"":500},""120s"":{""mean_mae_reduction"":9.91026678454221e-07,""ci_low"":8.63438106090995e-07,""ci_high"":1.130917525028894e-06,""positive_probability"":1.0,""block_rows"":24,""draws"":500},""300s"":{""mean_mae_reduction"":9.91026678454221e-07,""ci_low"":8.274614622094322e-07,""ci_high"":1.1683652791334687e-06,""positive_probability"":1.0,""block_rows"":60,""draws"":500}},""base_pca_to_candidate"":{""60s"":{""mean_mae_reduction"":-2.232861079598118e-07,""ci_low"":-2.9856777059581766e-07,""ci_high"":-1.3677145123383244e-07,""positive_probability"":0.0,""block_rows"":12,""draws"":500},""120s"":{""mean_mae_reduction"":-2.232861079598118e-07,""ci_low"":-3.2225767002612413e-07,""ci_high"":-1.3604654748362429e-07,""positive_probability"":0.0,""block_rows"":24,""draws"":500},""300s"":{""mean_mae_reduction"":-2.232861079598118e-07,""ci_low"":-3.450676333580336e-07,""ci_high"":-1.1242331288698565e-07,""positive_probability"":0.0,""block_rows"":60,""draws"":500}}}",,,,,101,,absolute_atm_iv_change
,,,,,12,60,0.13887561645968383,0.04666741981713788,diagnostic_1,500,surprise_l2_30s,,,,False,"[0,6,1769,567,0]","[null,0.0575557804307766,0.04221662963982323,0.04847444077804562,null]",2342,101,0.08996441266930269,surface_displacement
,,,,,24,120,0.1421625570003424,0.04314535357129147,diagnostic_1,500,surprise_l2_30s,,,,False,"[0,6,1769,567,0]","[null,0.0575557804307766,0.04221662963982323,0.04847444077804562,null]",2342,101,0.08996441266930269,surface_displacement
,,,,,60,300,0.14976147912793664,0.02956029398733038,diagnostic_1,500,surprise_l2_30s,,,,False,"[0,6,1769,567,0]","[null,0.0575557804307766,0.04221662963982323,0.04847444077804562,null]",2342,101,0.08996441266930269,surface_displacement
,,,,,12,60,0.04865411742064247,-0.039313154586716276,diagnostic_1,500,surprise_l2_30s,,,,False,"[0,6,1769,567,0]","[null,0.00877316544453303,0.004459282186423539,0.004791526817035002,null]",2342,101,0.004050751178246169,absolute_atm_iv_change
,,,,,24,120,0.055065988083224555,-0.03905054450882692,diagnostic_1,500,surprise_l2_30s,,,,False,"[0,6,1769,567,0]","[null,0.00877316544453303,0.004459282186423539,0.004791526817035002,null]",2342,101,0.004050751178246169,absolute_atm_iv_change
,,,,,60,300,0.05537561671375227,-0.04128769285649007,diagnostic_1,500,surprise_l2_30s,,,,False,"[0,6,1769,567,0]","[null,0.00877316544453303,0.004459282186423539,0.004791526817035002,null]",2342,101,0.004050751178246169,absolute_atm_iv_change
,,,,,12,60,0.13484506604823474,-0.050564938249753465,diagnostic_1,500,surprise_l2_30s,,,,False,"[0,6,1769,567,0]","[null,0.00013408206484416833,0.00011349447359432009,0.00011553263000223033,null]",2342,101,0.03570019758293412,realized_futures_volatility
,,,,,24,120,0.1516922760122391,-0.041799428882534184,diagnostic_1,500,surprise_l2_30s,,,,False,"[0,6,1769,567,0]","[null,0.00013408206484416833,0.00011349447359432009,0.00011553263000223033,null]",2342,101,0.03570019758293412,realized_futures_volatility
,,,,,60,300,0.15722049750095476,-0.04027880298306118,diagnostic_1,500,surprise_l2_30s,,,,False,"[0,6,1769,567,0]","[null,0.00013408206484416833,0.00011349447359432009,0.00011553263000223033,null]",2342,101,0.03570019758293412,realized_futures_volatility
,,,,,12,60,0.0776909770840414,-0.0667028859575671,diagnostic_1,500,surprise_l2_30s,,,,False,"[0,6,1769,567,0]","[null,0.0001117388407389323,8.847013983502774e-05,8.022806211333637e-05,null]",2342,101,0.0023497208386225547,absolute_futures_return
,,,,,24,120,0.09358793765896804,-0.06555222036067666,diagnostic_1,500,surprise_l2_30s,,,,False,"[0,6,1769,567,0]","[null,0.0001117388407389323,8.847013983502774e-05,8.022806211333637e-05,null]",2342,101,0.0023497208386225547,absolute_futures_return
,,,,,60,300,0.11000406382918607,-0.05621473084515449,diagnostic_1,500,surprise_l2_30s,,,,False,"[0,6,1769,567,0]","[null,0.0001117388407389323,8.847013983502774e-05,8.022806211333637e-05,null]",2342,101,0.0023497208386225547,absolute_futures_return
,,,,,12,60,0.0667165206807127,-0.005388558148806227,diagnostic_1,500,surprise_l2_30s,,,,False,"[0,6,1769,567,0]","[null,-0.0004401961244487514,-1.0969496522032444e-05,3.147288566932404e-05,null]",2342,101,0.03303851564117762,near_atm_spread_change
,,,,,24,120,0.059821651907620996,-0.0028822402364892656,diagnostic_1,500,surprise_l2_30s,,,,False,"[0,6,1769,567,0]","[null,-0.0004401961244487514,-1.0969496522032444e-05,3.147288566932404e-05,null]",2342,101,0.03303851564117762,near_atm_spread_change
,,,,,60,300,0.056102928018834854,0.0064833748434996175,diagnostic_1,500,surprise_l2_30s,,,,False,"[0,6,1769,567,0]","[null,-0.0004401961244487514,-1.0969496522032444e-05,3.147288566932404e-05,null]",2342,101,0.03303851564117762,near_atm_spread_change
,,,,,12,60,-0.10303667339356727,-0.2454335117793867,diagnostic_1,500,surprise_l2_30s,,,,False,"[0,6,1769,567,0]","[null,4.986083755890528e-05,5.012744150049205e-05,3.418989472971602e-05,null]",2342,101,-0.17742761030412704,absolute_atm_straddle_change
,,,,,24,120,-0.09093891357698465,-0.2517974768021491,diagnostic_1,500,surprise_l2_30s,,,,False,"[0,6,1769,567,0]","[null,4.986083755890528e-05,5.012744150049205e-05,3.418989472971602e-05,null]",2342,101,-0.17742761030412704,absolute_atm_straddle_change
,,,,,60,300,-0.07760989077003967,-0.23956235719099928,diagnostic_1,500,surprise_l2_30s,,,,False,"[0,6,1769,567,0]","[null,4.986083755890528e-05,5.012744150049205e-05,3.418989472971602e-05,null]",2342,101,-0.17742761030412704,absolute_atm_straddle_change
,,,,,12,60,0.006484351676685517,-0.12532106435621518,diagnostic_1,500,surprise_l2_30s,,,,False,"[0,6,1769,567,0]","[null,-7.453062304800066e-06,8.896437917539609e-07,-1.2035252086200622e-06,null]",2342,101,-0.05938520193379571,parity_restoration
,,,,,24,120,0.0018349365968999055,-0.11391031725314085,diagnostic_1,500,surprise_l2_30s,,,,False,"[0,6,1769,567,0]","[null,-7.453062304800066e-06,8.896437917539609e-07,-1.2035252086200622e-06,null]",2342,101,-0.05938520193379571,parity_restoration
,,,,,60,300,0.0015195157939944999,-0.10516800122231745,diagnostic_1,500,surprise_l2_30s,,,,False,"[0,6,1769,567,0]","[null,-7.453062304800066e-06,8.896437917539609e-07,-1.2035252086200622e-06,null]",2342,101,-0.05938520193379571,parity_restoration
,,,,,12,60,0.1421667916050997,0.04708140405564411,diagnostic_1,500,surprise_unit_l2_30s,,,,False,"[0,0,1836,506,0]","[null,null,0.04245086428025087,0.0485608174269629,null]",2342,101,0.0922105757270803,surface_displacement
,,,,,24,120,0.14286374863674975,0.0451387155862201,diagnostic_1,500,surprise_unit_l2_30s,,,,False,"[0,0,1836,506,0]","[null,null,0.04245086428025087,0.0485608174269629,null]",2342,101,0.0922105757270803,surface_displacement
,,,,,60,300,0.15129425760400408,0.03419505988062998,diagnostic_1,500,surprise_unit_l2_30s,,,,False,"[0,0,1836,506,0]","[null,null,0.04245086428025087,0.0485608174269629,null]",2342,101,0.0922105757270803,surface_displacement
,,,,,12,60,0.047333875342439456,-0.0407945254987004,diagnostic_1,500,surprise_unit_l2_30s,,,,False,"[0,0,1836,506,0]","[null,null,0.004509412778910728,0.004700836015077448,null]",2342,101,0.002700950271515322,absolute_atm_iv_change
,,,,,24,120,0.05314928555942039,-0.0404760627238108,diagnostic_1,500,surprise_unit_l2_30s,,,,False,"[0,0,1836,506,0]","[null,null,0.004509412778910728,0.004700836015077448,null]",2342,101,0.002700950271515322,absolute_atm_iv_change
,,,,,60,300,0.05204567721324937,-0.041808818687359646,diagnostic_1,500,surprise_unit_l2_30s,,,,False,"[0,0,1836,506,0]","[null,null,0.004509412778910728,0.004700836015077448,null]",2342,101,0.002700950271515322,absolute_atm_iv_change
,,,,,12,60,0.1421667916050997,0.04708140405564411,diagnostic_1,500,surprise_cosine_30s,,,,False,"[0,0,1836,506,0]","[null,null,0.04245086428025087,0.0485608174269629,null]",2342,101,0.0922105757270803,surface_displacement
,,,,,24,120,0.14286374863674975,0.0451387155862201,diagnostic_1,500,surprise_cosine_30s,,,,False,"[0,0,1836,506,0]","[null,null,0.04245086428025087,0.0485608174269629,null]",2342,101,0.0922105757270803,surface_displacement
,,,,,60,300,0.15129425760400408,0.03419505988062998,diagnostic_1,500,surprise_cosine_30s,,,,False,"[0,0,1836,506,0]","[null,null,0.04245086428025087,0.0485608174269629,null]",2342,101,0.0922105757270803,surface_displacement
,,,,,12,60,0.047333875342439456,-0.0407945254987004,diagnostic_1,500,surprise_cosine_30s,,,,False,"[0,0,1836,506,0]","[null,null,0.004509412778910728,0.004700836015077448,null]",2342,101,0.002700950271515322,absolute_atm_iv_change
,,,,,24,120,0.05314928555942039,-0.0404760627238108,diagnostic_1,500,surprise_cosine_30s,,,,False,"[0,0,1836,506,0]","[null,null,0.004509412778910728,0.004700836015077448,null]",2342,101,0.002700950271515322,absolute_atm_iv_change
,,,,,60,300,0.05204567721324937,-0.041808818687359646,diagnostic_1,500,surprise_cosine_30s,,,,False,"[0,0,1836,506,0]","[null,null,0.004509412778910728,0.004700836015077448,null]",2342,101,0.002700950271515322,absolute_atm_iv_change
0.056811281548308945,0.004252159375182862,-0.06048858870621787,-0.0016028250034960667,-0.08200533791537845,,,,,diagnostic_1,,surprise_increment_30s,0.058885763702721805,"{""60s"":{""mean_mae_reduction"":0.0011291181481561893,""ci_low"":0.0010293964369856657,""ci_high"":0.001226194772366318,""positive_probability"":1.0,""block_rows"":12,""draws"":500},""120s"":{""mean_mae_reduction"":0.0011291181481561893,""ci_low"":0.0010182106398539618,""ci_high"":0.001237653218685792,""positive_probability"":1.0,""block_rows"":24,""draws"":500},""300s"":{""mean_mae_reduction"":0.0011291181481561893,""ci_low"":0.001011032014773992,""ci_high"":0.001264946507440285,""positive_probability"":1.0,""block_rows"":60,""draws"":500}}","{""base_to_candidate"":{""60s"":{""mean_mae_reduction"":0.0015416958323658952,""ci_low"":0.0013837450688431669,""ci_high"":0.0017116806066339687,""positive_probability"":1.0,""block_rows"":12,""draws"":500},""120s"":{""mean_mae_reduction"":0.0015416958323658952,""ci_low"":0.0013495867263929508,""ci_high"":0.0017297158323148075,""positive_probability"":1.0,""block_rows"":24,""draws"":500},""300s"":{""mean_mae_reduction"":0.0015416958323658952,""ci_low"":0.0013061929733102146,""ci_high"":0.001813813141423426,""positive_probability"":1.0,""block_rows"":60,""draws"":500}},""base_pca_to_candidate"":{""60s"":{""mean_mae_reduction"":0.0010955364749527336,""ci_low"":0.0009644190499408997,""ci_high"":0.001254756146465475,""positive_probability"":1.0,""block_rows"":12,""draws"":500},""120s"":{""mean_mae_reduction"":0.0010955364749527336,""ci_low"":0.000923286989399774,""ci_high"":0.0012645104388341547,""positive_probability"":1.0,""block_rows"":24,""draws"":500},""300s"":{""mean_mae_reduction"":0.0010955364749527336,""ci_low"":0.0008838435214616752,""ci_high"":0.0013135894736310543,""positive_probability"":1.0,""block_rows"":60,""draws"":500}}}",,,,,101,,surface_displacement
0.14255911306802338,0.1731899053370024,0.1725017846197201,0.1722592839330812,0.1716380222591154,,,,,diagnostic_1,,surprise_increment_30s,-0.00024250068663889124,"{""60s"":{""mean_mae_reduction"":-1.0532517676620096e-06,""ci_low"":-1.118614038314932e-06,""ci_high"":-9.857014381823514e-07,""positive_probability"":0.0,""block_rows"":12,""draws"":500},""120s"":{""mean_mae_reduction"":-1.0532517676620096e-06,""ci_low"":-1.1284276516306083e-06,""ci_high"":-9.727761684594637e-07,""positive_probability"":0.0,""block_rows"":24,""draws"":500},""300s"":{""mean_mae_reduction"":-1.0532517676620096e-06,""ci_low"":-1.1420275490908762e-06,""ci_high"":-9.751689734281277e-07,""positive_probability"":0.0,""block_rows"":60,""draws"":500}}","{""base_to_candidate"":{""60s"":{""mean_mae_reduction"":2.698322076337737e-06,""ci_low"":2.1108762606010277e-06,""ci_high"":3.328199699127444e-06,""positive_probability"":1.0,""block_rows"":12,""draws"":500},""120s"":{""mean_mae_reduction"":2.698322076337737e-06,""ci_low"":1.9012710213875827e-06,""ci_high"":3.4403999464115184e-06,""positive_probability"":1.0,""block_rows"":24,""draws"":500},""300s"":{""mean_mae_reduction"":2.698322076337737e-06,""ci_low"":1.6730282450927107e-06,""ci_high"":3.7012749180146354e-06,""positive_probability"":1.0,""block_rows"":60,""draws"":500}},""base_pca_to_candidate"":{""60s"":{""mean_mae_reduction"":-1.4890926692418464e-07,""ci_low"":-7.915704576986827e-07,""ci_high"":4.729292346637258e-07,""positive_probability"":0.302,""block_rows"":12,""draws"":500},""120s"":{""mean_mae_reduction"":-1.4890926692418464e-07,""ci_low"":-9.670402627231107e-07,""ci_high"":7.359884877837505e-07,""positive_probability"":0.366,""block_rows"":24,""draws"":500},""300s"":{""mean_mae_reduction"":-1.4890926692418464e-07,""ci_low"":-1.4333730195151214e-06,""ci_high"":9.885645974435987e-07,""positive_probability"":0.436,""block_rows"":60,""draws"":500}}}",,,,,101,,absolute_atm_iv_change
,,,,,12,60,0.1189289713073272,0.04376916886505441,diagnostic_2,500,surprise_l2_30s,,,,False,"[2,9,2669,1797,0]","[0.07937915213743056,0.037608148121803756,0.04223719619027045,0.04608359525437749,null]",4477,101,0.0815939441577149,surface_displacement
,,,,,24,120,0.1173710592448336,0.040421066440117705,diagnostic_2,500,surprise_l2_30s,,,,False,"[2,9,2669,1797,0]","[0.07937915213743056,0.037608148121803756,0.04223719619027045,0.04608359525437749,null]",4477,101,0.0815939441577149,surface_displacement
,,,,,60,300,0.11204809006284688,0.037824661358418235,diagnostic_2,500,surprise_l2_30s,,,,False,"[2,9,2669,1797,0]","[0.07937915213743056,0.037608148121803756,0.04223719619027045,0.04608359525437749,null]",4477,101,0.0815939441577149,surface_displacement
,,,,,12,60,0.04485517706133266,-0.023545273139497162,diagnostic_2,500,surprise_l2_30s,,,,False,"[2,9,2669,1797,0]","[0.015159543603658676,0.006549958553579118,0.005237923261600293,0.0054309314524192045,null]",4477,101,0.012335121366818465,absolute_atm_iv_change
,,,,,24,120,0.04659432235958459,-0.023805337077237067,diagnostic_2,500,surprise_l2_30s,,,,False,"[2,9,2669,1797,0]","[0.015159543603658676,0.006549958553579118,0.005237923261600293,0.0054309314524192045,null]",4477,101,0.012335121366818465,absolute_atm_iv_change
,,,,,60,300,0.043398643180245375,-0.02466634066368218,diagnostic_2,500,surprise_l2_30s,,,,False,"[2,9,2669,1797,0]","[0.015159543603658676,0.006549958553579118,0.005237923261600293,0.0054309314524192045,null]",4477,101,0.012335121366818465,absolute_atm_iv_change
,,,,,12,60,0.17347163726896134,0.03749191665126186,diagnostic_2,500,surprise_l2_30s,,,,False,"[2,9,2669,1797,0]","[0.00022073354115387947,0.00012714463811316074,0.00012063997011288065,0.00013232756178569574,null]",4477,101,0.10401407965012884,realized_futures_volatility
,,,,,24,120,0.19082300846507944,0.03441689814409268,diagnostic_2,500,surprise_l2_30s,,,,False,"[2,9,2669,1797,0]","[0.00022073354115387947,0.00012714463811316074,0.00012063997011288065,0.00013232756178569574,null]",4477,101,0.10401407965012884,realized_futures_volatility
,,,,,60,300,0.20530672722750853,0.0030034822133561782,diagnostic_2,500,surprise_l2_30s,,,,False,"[2,9,2669,1797,0]","[0.00022073354115387947,0.00012714463811316074,0.00012063997011288065,0.00013232756178569574,null]",4477,101,0.10401407965012884,realized_futures_volatility
,,,,,12,60,0.07445827825186876,-0.03245649546850591,diagnostic_2,500,surprise_l2_30s,,,,False,"[2,9,2669,1797,0]","[3.1948089599609375e-05,0.00011571248372395833,9.000091438393506e-05,9.388676867859193e-05,null]",4477,101,0.021400707899158676,absolute_futures_return
,,,,,24,120,0.08283857658227181,-0.03364977958624283,diagnostic_2,500,surprise_l2_30s,,,,False,"[2,9,2669,1797,0]","[3.1948089599609375e-05,0.00011571248372395833,9.000091438393506e-05,9.388676867859193e-05,null]",4477,101,0.021400707899158676,absolute_futures_return
,,,,,60,300,0.08624873801908521,-0.039331156569339804,diagnostic_2,500,surprise_l2_30s,,,,False,"[2,9,2669,1797,0]","[3.1948089599609375e-05,0.00011571248372395833,9.000091438393506e-05,9.388676867859193e-05,null]",4477,101,0.021400707899158676,absolute_futures_return
,,,,,12,60,0.0875953108029835,0.03385142875778887,diagnostic_2,500,surprise_l2_30s,,,,False,"[2,9,2669,1797,0]","[0.00045964846503920853,-0.000484314944414008,-1.7693361675097377e-05,2.7668788736884606e-05,null]",4477,101,0.05917896853950898,near_atm_spread_change
,,,,,24,120,0.08505379616426809,0.03740351902802555,diagnostic_2,500,surprise_l2_30s,,,,False,"[2,9,2669,1797,0]","[0.00045964846503920853,-0.000484314944414008,-1.7693361675097377e-05,2.7668788736884606e-05,null]",4477,101,0.05917896853950898,near_atm_spread_change
,,,,,60,300,0.08098982671826065,0.04020050146348571,diagnostic_2,500,surprise_l2_30s,,,,False,"[2,9,2669,1797,0]","[0.00045964846503920853,-0.000484314944414008,-1.7693361675097377e-05,2.7668788736884606e-05,null]",4477,101,0.05917896853950898,near_atm_spread_change
,,,,,12,60,0.08631711665676603,-0.020956196696887752,diagnostic_2,500,surprise_l2_30s,,,,False,"[2,9,2669,1797,0]","[4.4566579163074493e-05,6.914873503976398e-05,6.988710200755326e-05,7.647338634772505e-05,null]",4477,101,0.03225135036205515,absolute_atm_straddle_change
,,,,,24,120,0.09398453776529367,-0.0282328158037788,diagnostic_2,500,surprise_l2_30s,,,,False,"[2,9,2669,1797,0]","[4.4566579163074493e-05,6.914873503976398e-05,6.988710200755326e-05,7.647338634772505e-05,null]",4477,101,0.03225135036205515,absolute_atm_straddle_change
,,,,,60,300,0.09581242836195937,-0.02322432045487179,diagnostic_2,500,surprise_l2_30s,,,,False,"[2,9,2669,1797,0]","[4.4566579163074493e-05,6.914873503976398e-05,6.988710200755326e-05,7.647338634772505e-05,null]",4477,101,0.03225135036205515,absolute_atm_straddle_change
,,,,,12,60,0.04883689106494481,-0.04914901493743355,diagnostic_2,500,surprise_l2_30s,,,,False,"[2,9,2669,1797,0]","[2.1016786377003882e-05,8.129233416790763e-06,2.5925602754818762e-08,1.1426790108178413e-07,null]",4477,101,0.0008068292524907835,parity_restoration
,,,,,24,120,0.0478987983189776,-0.043349401660235445,diagnostic_2,500,surprise_l2_30s,,,,False,"[2,9,2669,1797,0]","[2.1016786377003882e-05,8.129233416790763e-06,2.5925602754818762e-08,1.1426790108178413e-07,null]",4477,101,0.0008068292524907835,parity_restoration
,,,,,60,300,0.03908784493674556,-0.034744289985572475,diagnostic_2,500,surprise_l2_30s,,,,False,"[2,9,2669,1797,0]","[2.1016786377003882e-05,8.129233416790763e-06,2.5925602754818762e-08,1.1426790108178413e-07,null]",4477,101,0.0008068292524907835,parity_restoration
,,,,,12,60,0.1261729193206299,0.04761297748497719,diagnostic_2,500,surprise_unit_l2_30s,,,,False,"[0,0,3022,1455,0]","[null,null,0.04231118815554969,0.04685643871838359,null]",4477,101,0.08754967729778587,surface_displacement
,,,,,24,120,0.12475891646992855,0.045660141623026576,diagnostic_2,500,surprise_unit_l2_30s,,,,False,"[0,0,3022,1455,0]","[null,null,0.04231118815554969,0.04685643871838359,null]",4477,101,0.08754967729778587,surface_displacement
,,,,,60,300,0.11761581831605411,0.04154918430015411,diagnostic_2,500,surprise_unit_l2_30s,,,,False,"[0,0,3022,1455,0]","[null,null,0.04231118815554969,0.04685643871838359,null]",4477,101,0.08754967729778587,surface_displacement
,,,,,12,60,0.045295104845067796,-0.0229440706238488,diagnostic_2,500,surprise_unit_l2_30s,,,,False,"[0,0,3022,1455,0]","[null,null,0.0052444542173239505,0.005484487336525803,null]",4477,101,0.011618865194244706,absolute_atm_iv_change
,,,,,24,120,0.047275945312766694,-0.02298394934896336,diagnostic_2,500,surprise_unit_l2_30s,,,,False,"[0,0,3022,1455,0]","[null,null,0.0052444542173239505,0.005484487336525803,null]",4477,101,0.011618865194244706,absolute_atm_iv_change
,,,,,60,300,0.044626436743003615,-0.02510624436414727,diagnostic_2,500,surprise_unit_l2_30s,,,,False,"[0,0,3022,1455,0]","[null,null,0.0052444542173239505,0.005484487336525803,null]",4477,101,0.011618865194244706,absolute_atm_iv_change
,,,,,12,60,0.1261729193206299,0.04761297748497719,diagnostic_2,500,surprise_cosine_30s,,,,False,"[0,0,3022,1455,0]","[null,null,0.04231118815554969,0.04685643871838359,null]",4477,101,0.08754967729778587,surface_displacement
,,,,,24,120,0.12475891646992855,0.045660141623026576,diagnostic_2,500,surprise_cosine_30s,,,,False,"[0,0,3022,1455,0]","[null,null,0.04231118815554969,0.04685643871838359,null]",4477,101,0.08754967729778587,surface_displacement
,,,,,60,300,0.11761581831605411,0.04154918430015411,diagnostic_2,500,surprise_cosine_30s,,,,False,"[0,0,3022,1455,0]","[null,null,0.04231118815554969,0.04685643871838359,null]",4477,101,0.08754967729778587,surface_displacement
,,,,,12,60,0.045295104845067796,-0.0229440706238488,diagnostic_2,500,surprise_cosine_30s,,,,False,"[0,0,3022,1455,0]","[null,null,0.0052444542173239505,0.005484487336525803,null]",4477,101,0.011618865194244706,absolute_atm_iv_change
,,,,,24,120,0.047275945312766694,-0.02298394934896336,diagnostic_2,500,surprise_cosine_30s,,,,False,"[0,0,3022,1455,0]","[null,null,0.0052444542173239505,0.005484487336525803,null]",4477,101,0.011618865194244706,absolute_atm_iv_change
,,,,,60,300,0.044626436743003615,-0.02510624436414727,diagnostic_2,500,surprise_cosine_30s,,,,False,"[0,0,3022,1455,0]","[null,null,0.0052444542173239505,0.005484487336525803,null]",4477,101,0.011618865194244706,absolute_atm_iv_change
-0.016315356660430824,-0.07715692249732453,-0.17062668711866902,-0.08295679578012649,-0.2206168077093067,,,,,diagnostic_2,,surprise_increment_30s,0.08766989133854253,"{""60s"":{""mean_mae_reduction"":0.0016859524697625812,""ci_low"":0.0015865609794721578,""ci_high"":0.0017899843604357094,""positive_probability"":1.0,""block_rows"":12,""draws"":500},""120s"":{""mean_mae_reduction"":0.0016859524697625812,""ci_low"":0.0015792219233006592,""ci_high"":0.001802500453082689,""positive_probability"":1.0,""block_rows"":24,""draws"":500},""300s"":{""mean_mae_reduction"":0.0016859524697625812,""ci_low"":0.0015658414499948416,""ci_high"":0.0018129913679624833,""positive_probability"":1.0,""block_rows"":60,""draws"":500}}","{""base_to_candidate"":{""60s"":{""mean_mae_reduction"":0.0026472969631424034,""ci_low"":0.0024778485461442656,""ci_high"":0.0027999979402173907,""positive_probability"":1.0,""block_rows"":12,""draws"":500},""120s"":{""mean_mae_reduction"":0.0026472969631424034,""ci_low"":0.002475681628097319,""ci_high"":0.0028129861867871066,""positive_probability"":1.0,""block_rows"":24,""draws"":500},""300s"":{""mean_mae_reduction"":0.0026472969631424034,""ci_low"":0.002451609597749495,""ci_high"":0.0028317752326734442,""positive_probability"":1.0,""block_rows"":60,""draws"":500}},""base_pca_to_candidate"":{""60s"":{""mean_mae_reduction"":0.0020328097430937705,""ci_low"":0.0018982483489032162,""ci_high"":0.0021896859713027295,""positive_probability"":1.0,""block_rows"":12,""draws"":500},""120s"":{""mean_mae_reduction"":0.0020328097430937705,""ci_low"":0.001870691745743384,""ci_high"":0.0022053950923776318,""positive_probability"":1.0,""block_rows"":24,""draws"":500},""300s"":{""mean_mae_reduction"":0.0020328097430937705,""ci_low"":0.0018409617915492278,""ci_high"":0.0022081470983372066,""positive_probability"":1.0,""block_rows"":60,""draws"":500}}}",,,,,101,,surface_displacement
0.16699514457001896,0.19149015368645506,0.1912203730117642,0.1909381405378764,0.1894451971199771,,,,,diagnostic_2,,surprise_increment_30s,-0.00028223247388781125,"{""60s"":{""mean_mae_reduction"":-1.4431420904981485e-06,""ci_low"":-1.498585503541358e-06,""ci_high"":-1.3821170865849586e-06,""positive_probability"":0.0,""block_rows"":12,""draws"":500},""120s"":{""mean_mae_reduction"":-1.4431420904981485e-06,""ci_low"":-1.5044149989651984e-06,""ci_high"":-1.3870819969728251e-06,""positive_probability"":0.0,""block_rows"":24,""draws"":500},""300s"":{""mean_mae_reduction"":-1.4431420904981485e-06,""ci_low"":-1.5146299631799526e-06,""ci_high"":-1.3777840102789694e-06,""positive_probability"":0.0,""block_rows"":60,""draws"":500}}","{""base_to_candidate"":{""60s"":{""mean_mae_reduction"":7.633882293635896e-06,""ci_low"":7.1980335808089866e-06,""ci_high"":8.051698168591307e-06,""positive_probability"":1.0,""block_rows"":12,""draws"":500},""120s"":{""mean_mae_reduction"":7.633882293635896e-06,""ci_low"":7.133993140173423e-06,""ci_high"":8.16056382007626e-06,""positive_probability"":1.0,""block_rows"":24,""draws"":500},""300s"":{""mean_mae_reduction"":7.633882293635896e-06,""ci_low"":6.981369515216054e-06,""ci_high"":8.244673654783916e-06,""positive_probability"":1.0,""block_rows"":60,""draws"":500}},""base_pca_to_candidate"":{""60s"":{""mean_mae_reduction"":4.878490239706264e-06,""ci_low"":4.482220857947237e-06,""ci_high"":5.32151078529906e-06,""positive_probability"":1.0,""block_rows"":12,""draws"":500},""120s"":{""mean_mae_reduction"":4.878490239706264e-06,""ci_low"":4.373624461798681e-06,""ci_high"":5.420544303323013e-06,""positive_probability"":1.0,""block_rows"":24,""draws"":500},""300s"":{""mean_mae_reduction"":4.878490239706264e-06,""ci_low"":4.130420675654277e-06,""ci_high"":5.516054722469061e-06,""positive_probability"":1.0,""block_rows"":60,""draws"":500}}}",,,,,101,,absolute_atm_iv_change
,,,,,12,60,0.14088889560876874,0.05176445994550019,diagnostic_1,500,surprise_l2_60s,,,,False,"[0,7,1879,456,0]","[null,0.055138931438999964,0.042516682125556815,0.048764785531994634,null]",2342,101,0.09340026510517173,surface_displacement
,,,,,24,120,0.14440253235237901,0.047235631242314106,diagnostic_1,500,surprise_l2_60s,,,,False,"[0,7,1879,456,0]","[null,0.055138931438999964,0.042516682125556815,0.048764785531994634,null]",2342,101,0.09340026510517173,surface_displacement
,,,,,60,300,0.15199429608132156,0.0338213917998159,diagnostic_1,500,surprise_l2_60s,,,,False,"[0,7,1879,456,0]","[null,0.055138931438999964,0.042516682125556815,0.048764785531994634,null]",2342,101,0.09340026510517173,surface_displacement
,,,,,12,60,0.04953179589335076,-0.03878527293095511,diagnostic_1,500,surprise_l2_60s,,,,False,"[0,7,1879,456,0]","[null,0.009300794984613146,0.004510369919093763,0.0046443294799118715,null]",2342,101,0.005814101796924749,absolute_atm_iv_change
,,,,,24,120,0.05601437297803403,-0.03690981970983564,diagnostic_1,500,surprise_l2_60s,,,,False,"[0,7,1879,456,0]","[null,0.009300794984613146,0.004510369919093763,0.0046443294799118715,null]",2342,101,0.005814101796924749,absolute_atm_iv_change
,,,,,60,300,0.054095424813903066,-0.0385733585917996,diagnostic_1,500,surprise_l2_60s,,,,False,"[0,7,1879,456,0]","[null,0.009300794984613146,0.004510369919093763,0.0046443294799118715,null]",2342,101,0.005814101796924749,absolute_atm_iv_change
,,,,,12,60,0.1333603490523009,-0.05101972884424649,diagnostic_1,500,surprise_l2_60s,,,,False,"[0,7,1879,456,0]","[null,0.00010800039647522628,0.00011482877685513125,0.00011088583969860437,null]",2342,101,0.03564687346670841,realized_futures_volatility
,,,,,24,120,0.1517950750099978,-0.04073578912422007,diagnostic_1,500,surprise_l2_60s,,,,False,"[0,7,1879,456,0]","[null,0.00010800039647522628,0.00011482877685513125,0.00011088583969860437,null]",2342,101,0.03564687346670841,realized_futures_volatility
,,,,,60,300,0.15605261508647358,-0.04102010957627784,diagnostic_1,500,surprise_l2_60s,,,,False,"[0,7,1879,456,0]","[null,0.00010800039647522628,0.00011482877685513125,0.00011088583969860437,null]",2342,101,0.03564687346670841,realized_futures_volatility
,,,,,12,60,0.07637941309546474,-0.06983984651884738,diagnostic_1,500,surprise_l2_60s,,,,False,"[0,7,1879,456,0]","[null,8.787427629743303e-05,8.961138032483827e-05,7.383446944387335e-05,null]",2342,101,0.0004565202316671675,absolute_futures_return
,,,,,24,120,0.08856071119154982,-0.06857017124621927,diagnostic_1,500,surprise_l2_60s,,,,False,"[0,7,1879,456,0]","[null,8.787427629743303e-05,8.961138032483827e-05,7.383446944387335e-05,null]",2342,101,0.0004565202316671675,absolute_futures_return
,,,,,60,300,0.10594519043290954,-0.05857188637031351,diagnostic_1,500,surprise_l2_60s,,,,False,"[0,7,1879,456,0]","[null,8.787427629743303e-05,8.961138032483827e-05,7.383446944387335e-05,null]",2342,101,0.0004565202316671675,absolute_futures_return
,,,,,12,60,0.07009272706678522,-0.002886841326818594,diagnostic_1,500,surprise_l2_60s,,,,False,"[0,7,1879,456,0]","[null,-0.0007303870349590268,-8.200409462139656e-06,3.5789887509676386e-05,null]",2342,101,0.03645796144816905,near_atm_spread_change
,,,,,24,120,0.06464352179332192,-0.00014225369048143693,diagnostic_1,500,surprise_l2_60s,,,,False,"[0,7,1879,456,0]","[null,-0.0007303870349590268,-8.200409462139656e-06,3.5789887509676386e-05,null]",2342,101,0.03645796144816905,near_atm_spread_change
,,,,,60,300,0.06023735893033035,0.009285223737741242,diagnostic_1,500,surprise_l2_60s,,,,False,"[0,7,1879,456,0]","[null,-0.0007303870349590268,-8.200409462139656e-06,3.5789887509676386e-05,null]",2342,101,0.03645796144816905,near_atm_spread_change
,,,,,12,60,-0.09890530251314175,-0.24380535029319955,diagnostic_1,500,surprise_l2_60s,,,,False,"[0,7,1879,456,0]","[null,5.991078381027494e-05,5.000572802301669e-05,3.06582037490188e-05,null]",2342,101,-0.17447976047108216,absolute_atm_straddle_change
,,,,,24,120,-0.08769850958730342,-0.24808768183162702,diagnostic_1,500,surprise_l2_60s,,,,False,"[0,7,1879,456,0]","[null,5.991078381027494e-05,5.000572802301669e-05,3.06582037490188e-05,null]",2342,101,-0.17447976047108216,absolute_atm_straddle_change
,,,,,60,300,-0.07332955234680276,-0.23700282647646032,diagnostic_1,500,surprise_l2_60s,,,,False,"[0,7,1879,456,0]","[null,5.991078381027494e-05,5.000572802301669e-05,3.06582037490188e-05,null]",2342,101,-0.17447976047108216,absolute_atm_straddle_change
,,,,,12,60,0.006310827743559515,-0.12307763273762988,diagnostic_1,500,surprise_l2_60s,,,,False,"[0,7,1879,456,0]","[null,-4.2673987731437335e-06,7.013081186236031e-07,-9.675953135643921e-07,null]",2342,101,-0.05743476362068173,parity_restoration
,,,,,24,120,0.002976438582298832,-0.11196126639752552,diagnostic_1,500,surprise_l2_60s,,,,False,"[0,7,1879,456,0]","[null,-4.2673987731437335e-06,7.013081186236031e-07,-9.675953135643921e-07,null]",2342,101,-0.05743476362068173,parity_restoration
,,,,,60,300,0.00307517558417718,-0.10164519953251978,diagnostic_1,500,surprise_l2_60s,,,,False,"[0,7,1879,456,0]","[null,-4.2673987731437335e-06,7.013081186236031e-07,-9.675953135643921e-07,null]",2342,101,-0.05743476362068173,parity_restoration
,,,,,12,60,0.1459144348057109,0.05075968516494059,diagnostic_1,500,surprise_unit_l2_60s,,,,False,"[0,0,1932,410,0]","[null,null,0.04284588346922043,0.048130033107438915,null]",2342,101,0.09493935691977533,surface_displacement
,,,,,24,120,0.14528935436561444,0.04902007249369476,diagnostic_1,500,surprise_unit_l2_60s,,,,False,"[0,0,1932,410,0]","[null,null,0.04284588346922043,0.048130033107438915,null]",2342,101,0.09493935691977533,surface_displacement
,,,,,60,300,0.15427345684773527,0.03695366393517188,diagnostic_1,500,surprise_unit_l2_60s,,,,False,"[0,0,1932,410,0]","[null,null,0.04284588346922043,0.048130033107438915,null]",2342,101,0.09493935691977533,surface_displacement
,,,,,12,60,0.04736586419847354,-0.03944139037273715,diagnostic_1,500,surprise_unit_l2_60s,,,,False,"[0,0,1932,410,0]","[null,null,0.004567778968169329,0.004470624193185713,null]",2342,101,0.004179195661258911,absolute_atm_iv_change
,,,,,24,120,0.0550805910457953,-0.038920982844865726,diagnostic_1,500,surprise_unit_l2_60s,,,,False,"[0,0,1932,410,0]","[null,null,0.004567778968169329,0.004470624193185713,null]",2342,101,0.004179195661258911,absolute_atm_iv_change
,,,,,60,300,0.051750004695560944,-0.038813530085328535,diagnostic_1,500,surprise_unit_l2_60s,,,,False,"[0,0,1932,410,0]","[null,null,0.004567778968169329,0.004470624193185713,null]",2342,101,0.004179195661258911,absolute_atm_iv_change
,,,,,12,60,0.1459144348057109,0.05075968516494059,diagnostic_1,500,surprise_cosine_60s,,,,False,"[0,0,1932,410,0]","[null,null,0.04284588346922043,0.048130033107438915,null]",2342,101,0.09493935691977533,surface_displacement
,,,,,24,120,0.14528935436561444,0.04902007249369476,diagnostic_1,500,surprise_cosine_60s,,,,False,"[0,0,1932,410,0]","[null,null,0.04284588346922043,0.048130033107438915,null]",2342,101,0.09493935691977533,surface_displacement
,,,,,60,300,0.15427345684773527,0.03695366393517188,diagnostic_1,500,surprise_cosine_60s,,,,False,"[0,0,1932,410,0]","[null,null,0.04284588346922043,0.048130033107438915,null]",2342,101,0.09493935691977533,surface_displacement
,,,,,12,60,0.04736586419847354,-0.03944139037273715,diagnostic_1,500,surprise_cosine_60s,,,,False,"[0,0,1932,410,0]","[null,null,0.004567778968169329,0.004470624193185713,null]",2342,101,0.004179195661258911,absolute_atm_iv_change
,,,,,24,120,0.0550805910457953,-0.038920982844865726,diagnostic_1,500,surprise_cosine_60s,,,,False,"[0,0,1932,410,0]","[null,null,0.004567778968169329,0.004470624193185713,null]",2342,101,0.004179195661258911,absolute_atm_iv_change
,,,,,60,300,0.051750004695560944,-0.038813530085328535,diagnostic_1,500,surprise_cosine_60s,,,,False,"[0,0,1932,410,0]","[null,null,0.004567778968169329,0.004470624193185713,null]",2342,101,0.004179195661258911,absolute_atm_iv_change
0.03741984563398393,-0.009167505620121918,-0.0772958962566741,-0.009201016411799712,-0.08200533791537845,,,,,diagnostic_1,,surprise_increment_60s,0.06809487984487439,"{""60s"":{""mean_mae_reduction"":0.001305700389953662,""ci_low"":0.0011930131062830582,""ci_high"":0.0014272504417764224,""positive_probability"":1.0,""block_rows"":12,""draws"":500},""120s"":{""mean_mae_reduction"":0.001305700389953662,""ci_low"":0.001178715315201621,""ci_high"":0.0014269943690529195,""positive_probability"":1.0,""block_rows"":24,""draws"":500},""300s"":{""mean_mae_reduction"":0.001305700389953662,""ci_low"":0.001179814413489002,""ci_high"":0.0014648862490742563,""positive_probability"":1.0,""block_rows"":60,""draws"":500}}","{""base_to_candidate"":{""60s"":{""mean_mae_reduction"":0.0013960026244864577,""ci_low"":0.0012450190041067833,""ci_high"":0.0015515739657949122,""positive_probability"":1.0,""block_rows"":12,""draws"":500},""120s"":{""mean_mae_reduction"":0.0013960026244864577,""ci_low"":0.0012038243359801077,""ci_high"":0.0015819143572589928,""positive_probability"":1.0,""block_rows"":24,""draws"":500},""300s"":{""mean_mae_reduction"":0.0013960026244864577,""ci_low"":0.0011603549144185898,""ci_high"":0.0016537199055721395,""positive_probability"":1.0,""block_rows"":60,""draws"":500}},""base_pca_to_candidate"":{""60s"":{""mean_mae_reduction"":0.0008319582461905312,""ci_low"":0.0007205964106069433,""ci_high"":0.0009716615977171325,""positive_probability"":1.0,""block_rows"":12,""draws"":500},""120s"":{""mean_mae_reduction"":0.0008319582461905312,""ci_low"":0.0006728464864092722,""ci_high"":0.0009897453494046777,""positive_probability"":1.0,""block_rows"":24,""draws"":500},""300s"":{""mean_mae_reduction"":0.0008319582461905312,""ci_low"":0.0006411772596424475,""ci_high"":0.001029829075228986,""positive_probability"":1.0,""block_rows"":60,""draws"":500}}}",,,,,101,,surface_displacement
0.1405988349710302,0.17066455824136095,0.17176702996793702,0.16788581835966887,0.1716380222591154,,,,,diagnostic_1,,surprise_increment_60s,-0.0038812116082681536,"{""60s"":{""mean_mae_reduction"":-1.6857242937063978e-05,""ci_low"":-1.7872849981434186e-05,""ci_high"":-1.5850313011264984e-05,""positive_probability"":0.0,""block_rows"":12,""draws"":500},""120s"":{""mean_mae_reduction"":-1.6857242937063978e-05,""ci_low"":-1.79840757495412e-05,""ci_high"":-1.558567913931289e-05,""positive_probability"":0.0,""block_rows"":24,""draws"":500},""300s"":{""mean_mae_reduction"":-1.6857242937063978e-05,""ci_low"":-1.814715933183651e-05,""ci_high"":-1.561762590086681e-05,""positive_probability"":0.0,""block_rows"":60,""draws"":500}}","{""base_to_candidate"":{""60s"":{""mean_mae_reduction"":-1.6296924534498304e-05,""ci_low"":-1.7158204641903325e-05,""ci_high"":-1.5361635017183674e-05,""positive_probability"":0.0,""block_rows"":12,""draws"":500},""120s"":{""mean_mae_reduction"":-1.6296924534498304e-05,""ci_low"":-1.730955857857942e-05,""ci_high"":-1.5236898749234409e-05,""positive_probability"":0.0,""block_rows"":24,""draws"":500},""300s"":{""mean_mae_reduction"":-1.6296924534498304e-05,""ci_low"":-1.7217489557817006e-05,""ci_high"":-1.521075574933092e-05,""positive_probability"":0.0,""block_rows"":60,""draws"":500}},""base_pca_to_candidate"":{""60s"":{""mean_mae_reduction"":-2.4290254995222528e-05,""ci_low"":-2.5358443952806327e-05,""ci_high"":-2.3105050008005088e-05,""positive_probability"":0.0,""block_rows"":12,""draws"":500},""120s"":{""mean_mae_reduction"":-2.4290254995222528e-05,""ci_low"":-2.5469494094667707e-05,""ci_high"":-2.304291122210721e-05,""positive_probability"":0.0,""block_rows"":24,""draws"":500},""300s"":{""mean_mae_reduction"":-2.4290254995222528e-05,""ci_low"":-2.5569454993361816e-05,""ci_high"":-2.285411639579742e-05,""positive_probability"":0.0,""block_rows"":60,""draws"":500}}}",,,,,101,,absolute_atm_iv_change
,,,,,12,60,0.12133742425026277,0.04599151504151415,diagnostic_2,500,surprise_l2_60s,,,,False,"[2,15,3178,1282,0]","[0.07937915213743056,0.03532460243010571,0.042823352207332445,0.04622409382659153,null]",4477,101,0.08413509984958974,surface_displacement
,,,,,24,120,0.11929561001899218,0.04385758911770808,diagnostic_2,500,surprise_l2_60s,,,,False,"[2,15,3178,1282,0]","[0.07937915213743056,0.03532460243010571,0.042823352207332445,0.04622409382659153,null]",4477,101,0.08413509984958974,surface_displacement
,,,,,60,300,0.11476624184267777,0.03944974276598192,diagnostic_2,500,surprise_l2_60s,,,,False,"[2,15,3178,1282,0]","[0.07937915213743056,0.03532460243010571,0.042823352207332445,0.04622409382659153,null]",4477,101,0.08413509984958974,surface_displacement
,,,,,12,60,0.04754916650396867,-0.022103180195428597,diagnostic_2,500,surprise_l2_60s,,,,False,"[2,15,3178,1282,0]","[0.015159543603658676,0.004949980974197387,0.005293866273665143,0.005382366536559999,null]",4477,101,0.015258876801535206,absolute_atm_iv_change
,,,,,24,120,0.04964540592435983,-0.01977588930143111,diagnostic_2,500,surprise_l2_60s,,,,False,"[2,15,3178,1282,0]","[0.015159543603658676,0.004949980974197387,0.005293866273665143,0.005382366536559999,null]",4477,101,0.015258876801535206,absolute_atm_iv_change
,,,,,60,300,0.046238743869628125,-0.021238013590210866,diagnostic_2,500,surprise_l2_60s,,,,False,"[2,15,3178,1282,0]","[0.015159543603658676,0.004949980974197387,0.005293866273665143,0.005382366536559999,null]",4477,101,0.015258876801535206,absolute_atm_iv_change
,,,,,12,60,0.1716916984950273,0.03846345190106896,diagnostic_2,500,surprise_l2_60s,,,,False,"[2,15,3178,1282,0]","[0.00022073354115387947,0.00014525008291924984,0.00012179608706438107,0.000133914426340718,null]",4477,101,0.10472737545899784,realized_futures_volatility
,,,,,24,120,0.1912661462590321,0.033721339326417424,diagnostic_2,500,surprise_l2_60s,,,,False,"[2,15,3178,1282,0]","[0.00022073354115387947,0.00014525008291924984,0.00012179608706438107,0.000133914426340718,null]",4477,101,0.10472737545899784,realized_futures_volatility
,,,,,60,300,0.20616407872701228,0.0036057239766772798,diagnostic_2,500,surprise_l2_60s,,,,False,"[2,15,3178,1282,0]","[0.00022073354115387947,0.00014525008291924984,0.00012179608706438107,0.000133914426340718,null]",4477,101,0.10472737545899784,realized_futures_volatility
,,,,,12,60,0.07446072154644011,-0.03304491328633729,diagnostic_2,500,surprise_l2_60s,,,,False,"[2,15,3178,1282,0]","[3.1948089599609375e-05,0.0001190185546875,9.134717524764371e-05,9.195146248232742e-05,null]",4477,101,0.022931440591014506,absolute_futures_return
,,,,,24,120,0.08558754941953223,-0.03390436732260874,diagnostic_2,500,surprise_l2_60s,,,,False,"[2,15,3178,1282,0]","[3.1948089599609375e-05,0.0001190185546875,9.134717524764371e-05,9.195146248232742e-05,null]",4477,101,0.022931440591014506,absolute_futures_return
,,,,,60,300,0.08959046530360146,-0.037386974986308434,diagnostic_2,500,surprise_l2_60s,,,,False,"[2,15,3178,1282,0]","[3.1948089599609375e-05,0.0001190185546875,9.134717524764371e-05,9.195146248232742e-05,null]",4477,101,0.022931440591014506,absolute_futures_return
,,,,,12,60,0.09021776964848452,0.03618242979818022,diagnostic_2,500,surprise_l2_60s,,,,False,"[2,15,3178,1282,0]","[0.00045964846503920853,-0.0003835350604883085,-1.4122588305908171e-05,3.8044468091358396e-05,null]",4477,101,0.061899907309321885,near_atm_spread_change
,,,,,24,120,0.08762372284644099,0.039048670660771286,diagnostic_2,500,surprise_l2_60s,,,,False,"[2,15,3178,1282,0]","[0.00045964846503920853,-0.0003835350604883085,-1.4122588305908171e-05,3.8044468091358396e-05,null]",4477,101,0.061899907309321885,near_atm_spread_change
,,,,,60,300,0.08410013306982192,0.04212560759939569,diagnostic_2,500,surprise_l2_60s,,,,False,"[2,15,3178,1282,0]","[0.00045964846503920853,-0.0003835350604883085,-1.4122588305908171e-05,3.8044468091358396e-05,null]",4477,101,0.061899907309321885,near_atm_spread_change
,,,,,12,60,0.09173605070532036,-0.015031120000382906,diagnostic_2,500,surprise_l2_60s,,,,False,"[2,15,3178,1282,0]","[4.4566579163074493e-05,6.304532289505004e-05,6.959433101769361e-05,7.991983254502605e-05,null]",4477,101,0.0386361320229318,absolute_atm_straddle_change
,,,,,24,120,0.09994386871343704,-0.02139703256393,diagnostic_2,500,surprise_l2_60s,,,,False,"[2,15,3178,1282,0]","[4.4566579163074493e-05,6.304532289505004e-05,6.959433101769361e-05,7.991983254502605e-05,null]",4477,101,0.0386361320229318,absolute_atm_straddle_change
,,,,,60,300,0.1028323005363542,-0.01781305230637225,diagnostic_2,500,surprise_l2_60s,,,,False,"[2,15,3178,1282,0]","[4.4566579163074493e-05,6.304532289505004e-05,6.959433101769361e-05,7.991983254502605e-05,null]",4477,101,0.0386361320229318,absolute_atm_straddle_change
,,,,,12,60,0.0526511254501696,-0.04603607676406823,diagnostic_2,500,surprise_l2_60s,,,,False,"[2,15,3178,1282,0]","[2.1016786377003882e-05,1.0540381481405347e-06,2.1848675029737965e-08,2.047209760382831e-07,null]",4477,101,0.005352089773198627,parity_restoration
,,,,,24,120,0.051249136322992724,-0.040686578891695344,diagnostic_2,500,surprise_l2_60s,,,,False,"[2,15,3178,1282,0]","[2.1016786377003882e-05,1.0540381481405347e-06,2.1848675029737965e-08,2.047209760382831e-07,null]",4477,101,0.005352089773198627,parity_restoration
,,,,,60,300,0.043665427224641035,-0.029527775634196573,diagnostic_2,500,surprise_l2_60s,,,,False,"[2,15,3178,1282,0]","[2.1016786377003882e-05,1.0540381481405347e-06,2.1848675029737965e-08,2.047209760382831e-07,null]",4477,101,0.005352089773198627,parity_restoration
,,,,,12,60,0.12669207376641958,0.05030405960047618,diagnostic_2,500,surprise_unit_l2_60s,,,,False,"[0,2,3535,940,0]","[null,0.07937915213743056,0.04280567761621991,0.04740819176990111,null]",4477,101,0.08976989449115369,surface_displacement
,,,,,24,120,0.1265644233149458,0.047767251328286284,diagnostic_2,500,surprise_unit_l2_60s,,,,False,"[0,2,3535,940,0]","[null,0.07937915213743056,0.04280567761621991,0.04740819176990111,null]",4477,101,0.08976989449115369,surface_displacement
,,,,,60,300,0.11979336770447649,0.043541691116924006,diagnostic_2,500,surprise_unit_l2_60s,,,,False,"[0,2,3535,940,0]","[null,0.07937915213743056,0.04280567761621991,0.04740819176990111,null]",4477,101,0.08976989449115369,surface_displacement
,,,,,12,60,0.04680350242261349,-0.022426215801797447,diagnostic_2,500,surprise_unit_l2_60s,,,,False,"[0,2,3535,940,0]","[null,0.015159543603658676,0.005266250994535956,0.005512929113304361,null]",4477,101,0.012311148881162118,absolute_atm_iv_change
,,,,,24,120,0.0473121931516578,-0.0227337810193337,diagnostic_2,500,surprise_unit_l2_60s,,,,False,"[0,2,3535,940,0]","[null,0.015159543603658676,0.005266250994535956,0.005512929113304361,null]",4477,101,0.012311148881162118,absolute_atm_iv_change
,,,,,60,300,0.044393160844451766,-0.02372188837040763,diagnostic_2,500,surprise_unit_l2_60s,,,,False,"[0,2,3535,940,0]","[null,0.015159543603658676,0.005266250994535956,0.005512929113304361,null]",4477,101,0.012311148881162118,absolute_atm_iv_change
,,,,,12,60,0.12669207376641958,0.05030405960047618,diagnostic_2,500,surprise_cosine_60s,,,,False,"[0,2,3535,940,0]","[null,0.07937915213743056,0.04280567761621991,0.04740819176990111,null]",4477,101,0.08976989449115369,surface_displacement
,,,,,24,120,0.1265644233149458,0.047767251328286284,diagnostic_2,500,surprise_cosine_60s,,,,False,"[0,2,3535,940,0]","[null,0.07937915213743056,0.04280567761621991,0.04740819176990111,null]",4477,101,0.08976989449115369,surface_displacement
,,,,,60,300,0.11979336770447649,0.043541691116924006,diagnostic_2,500,surprise_cosine_60s,,,,False,"[0,2,3535,940,0]","[null,0.07937915213743056,0.04280567761621991,0.04740819176990111,null]",4477,101,0.08976989449115369,surface_displacement
,,,,,12,60,0.04680350242261349,-0.022426215801797447,diagnostic_2,500,surprise_cosine_60s,,,,False,"[0,2,3535,940,0]","[null,0.015159543603658676,0.005266250994535956,0.005512929113304361,null]",4477,101,0.012311148881162118,absolute_atm_iv_change
,,,,,24,120,0.0473121931516578,-0.0227337810193337,diagnostic_2,500,surprise_cosine_60s,,,,False,"[0,2,3535,940,0]","[null,0.015159543603658676,0.005266250994535956,0.005512929113304361,null]",4477,101,0.012311148881162118,absolute_atm_iv_change
,,,,,60,300,0.044393160844451766,-0.02372188837040763,diagnostic_2,500,surprise_cosine_60s,,,,False,"[0,2,3535,940,0]","[null,0.015159543603658676,0.005266250994535956,0.005512929113304361,null]",4477,101,0.012311148881162118,absolute_atm_iv_change
-0.04392302583386343,-0.09919380760013019,-0.19345621720480022,-0.09922151644067179,-0.2206168077093067,,,,,diagnostic_2,,surprise_increment_60s,0.09423470076412843,"{""60s"":{""mean_mae_reduction"":0.001812198282271325,""ci_low"":0.0017037729261525055,""ci_high"":0.00192165057229671,""positive_probability"":1.0,""block_rows"":12,""draws"":500},""120s"":{""mean_mae_reduction"":0.001812198282271325,""ci_low"":0.0017003133892699019,""ci_high"":0.0019380001189553443,""positive_probability"":1.0,""block_rows"":24,""draws"":500},""300s"":{""mean_mae_reduction"":0.001812198282271325,""ci_low"":0.0016965572850279249,""ci_high"":0.0019288609265213268,""positive_probability"":1.0,""block_rows"":60,""draws"":500}}","{""base_to_candidate"":{""60s"":{""mean_mae_reduction"":0.0023345151682870307,""ci_low"":0.002175377050233442,""ci_high"":0.0024753291779776605,""positive_probability"":1.0,""block_rows"":12,""draws"":500},""120s"":{""mean_mae_reduction"":0.0023345151682870307,""ci_low"":0.002166202516374213,""ci_high"":0.002487168434729063,""positive_probability"":1.0,""block_rows"":24,""draws"":500},""300s"":{""mean_mae_reduction"":0.0023345151682870307,""ci_low"":0.002155377761649809,""ci_high"":0.0024912518510959198,""positive_probability"":1.0,""block_rows"":60,""draws"":500}},""base_pca_to_candidate"":{""60s"":{""mean_mae_reduction"":0.0016156147021009583,""ci_low"":0.001495167429992756,""ci_high"":0.0017399507221654738,""positive_probability"":1.0,""block_rows"":12,""draws"":500},""120s"":{""mean_mae_reduction"":0.0016156147021009583,""ci_low"":0.0014694915929910253,""ci_high"":0.0017587939841615364,""positive_probability"":1.0,""block_rows"":24,""draws"":500},""300s"":{""mean_mae_reduction"":0.0016156147021009583,""ci_low"":0.0014548924149138743,""ci_high"":0.001766443487141226,""positive_probability"":1.0,""block_rows"":60,""draws"":500}}}",,,,,101,,surface_displacement
0.16401596172979305,0.18811439266260954,0.19067440169335736,0.18631746602963772,0.1894451971199771,,,,,diagnostic_2,,surprise_increment_60s,-0.004356935663719641,"{""60s"":{""mean_mae_reduction"":-2.2278362072542635e-05,""ci_low"":-2.313857367962661e-05,""ci_high"":-2.1314017646360077e-05,""positive_probability"":0.0,""block_rows"":12,""draws"":500},""120s"":{""mean_mae_reduction"":-2.2278362072542635e-05,""ci_low"":-2.3340959192687402e-05,""ci_high"":-2.1279340509135164e-05,""positive_probability"":0.0,""block_rows"":24,""draws"":500},""300s"":{""mean_mae_reduction"":-2.2278362072542635e-05,""ci_low"":-2.3516621067839396e-05,""ci_high"":-2.1016131793712994e-05,""positive_probability"":0.0,""block_rows"":60,""draws"":500}}","{""base_to_candidate"":{""60s"":{""mean_mae_reduction"":-1.599305821207293e-05,""ci_low"":-1.664158334945347e-05,""ci_high"":-1.5257369494308186e-05,""positive_probability"":0.0,""block_rows"":12,""draws"":500},""120s"":{""mean_mae_reduction"":-1.599305821207293e-05,""ci_low"":-1.668119732106233e-05,""ci_high"":-1.5239010667400881e-05,""positive_probability"":0.0,""block_rows"":24,""draws"":500},""300s"":{""mean_mae_reduction"":-1.599305821207293e-05,""ci_low"":-1.681051509274279e-05,""ci_high"":-1.5151873376209103e-05,""positive_probability"":0.0,""block_rows"":60,""draws"":500}},""base_pca_to_candidate"":{""60s"":{""mean_mae_reduction"":-2.4407468450357574e-05,""ci_low"":-2.518886032044807e-05,""ci_high"":-2.353457447114137e-05,""positive_probability"":0.0,""block_rows"":12,""draws"":500},""120s"":{""mean_mae_reduction"":-2.4407468450357574e-05,""ci_low"":-2.5304946885307793e-05,""ci_high"":-2.3490259029517295e-05,""positive_probability"":0.0,""block_rows"":24,""draws"":500},""300s"":{""mean_mae_reduction"":-2.4407468450357574e-05,""ci_low"":-2.5466953083067647e-05,""ci_high"":-2.3351413772454404e-05,""positive_probability"":0.0,""block_rows"":60,""draws"":500}}}",,,,,101,,absolute_atm_iv_change
