"feature_id","canonical_name","aliases","feature_family","plain_language_meaning","formula_or_algorithm","units","data_type","valid_domain","frequency","timestamp_convention","observation_key","raw_source_fields","preprocessing","window_and_warmup","lag_and_availability","missing_and_zero_behavior","normalization","sign_interpretation","producing_paths","hypothesis_ids","test_ids","leakage_or_survivorship_risk","verification_status"
"F-source-completion-state","Completed source integrity state","completed_dataset_gate|verify_completed_source","research_integrity","Whether a dataset is completed and bound to its manifest; tape hash; seek index; coverage; and full replay.","Boolean gate requiring completed catalogue state plus matching run IDs; row counts; hashes; index binding; and coverage checks.","boolean","boolean","true only after every declared check passes","dataset","Catalogue and manifest timestamps; not an event-time feature.","dataset_id","catalogue lifecycle; manifest; coverage; tape/index hashes","No market-value transformation.","No rolling window.","Available only after capture completion and verification.","Any missing or inconsistent component fails closed.","none","true is integrity eligibility; not market direction.","research/src/shaurya/research/source.py|research/src/shaurya/analytics/post_close_alpha_research.py","H-research-integrity-001|H-infrastructure-001","T-research-adversarial-acceptance|T-research-v3-source-bound-e2e|T-post-close-alpha-research","Treating active; cancelled; or endpoint-only checked tapes as complete would create selection and corruption risk.","Verified from code"
"F-feature-availability-time","Feature availability time","available_ts_ns","research_integrity","The earliest time a derived feature is permitted to be consumed.","Contract rule: available_ts_ns must be less than or equal to the anchor timestamp; targets remain separate objects.","nanoseconds since Unix epoch","integer","positive timestamp within the declared session/epoch","per feature observation","Receive-time nanoseconds; timezone is UTC at storage and IST for session labels.","instrument|anchor_ts_ns|feature_id","receive timestamp; feature construction completion","Reject future availability and cross-epoch joins.","Feature-specific.","available_ts_ns <= anchor_ts_ns.","Unavailable features are absent rather than forward-filled unless a producer explicitly defines past-only as-of use.","none","No market sign.","research/src/shaurya/research/contracts.py|research/src/shaurya/research/features.py","H-research-integrity-001|H-infrastructure-001","T-research-contracts-and-planner|T-research-adversarial-acceptance","Incorrect availability labels create look-ahead even when formulas are causal.","Verified from code"
"F-publication-cadence-gap-ms","Publication cadence gap","gap_ms|modal_gap_bin_ms","data_quality","Elapsed receive time between distinct publication bursts.","Sort distinct receive timestamps; gap_i=(t_i-t_{i-1})/1e6; report quantiles and fixed-width modal bin.","milliseconds","float","greater than or equal to zero","publication transition","Local receive timestamp; UTC instant.","channel|connection_epoch|receive_timestamp","event_type; receive_ts_ns","Group exact receive timestamps into one burst; exclude no values in the unit calculator.","Requires two distinct receive timestamps.","Known after the later publication.","No gap when fewer than two bursts; summary quantiles are null.","none","Large values indicate sparse or interrupted publication; not economic direction.","research/src/shaurya/analytics/cadence_analysis.py","H-data-quality-001","T-cadence-analysis","Mixing epochs or channels can turn reconnects into cadence estimates.","Verified from code"
"F-receive-age-ms","Cross-channel receive-age proxy","comparand_age_ms|post_proxy_age_ms","data_quality","How old the selected as-of comparison quote is relative to an anchor.","age_ms=(anchor_receive_ts_ns-comparand_receive_ts_ns)/1e6 using last eligible same-tier state at or before anchor.","milliseconds","float","greater than or equal to zero when valid","anchor/channel pair","Local receive timestamp; UTC instant.","instrument|connection_epoch|anchor|depth_tier","anchor receive_ts_ns; comparand receive_ts_ns; channel; epoch","Same-depth-tier; same-epoch as-of selection; staleness status retained.","No rolling warm-up beyond a prior comparable state.","Available at anchor from past/current publications only.","Missing when no eligible state; stale observations remain labelled degraded and excluded from directional denominators.","none","Lower is fresher; no return sign.","research/src/shaurya/analytics/alignment_analysis.py|research/src/shaurya/analytics/depth_thinning_analysis.py","H-data-quality-001","T-alignment-analysis|T-depth-thinning-analysis","Using first post-anchor quote as if known at the anchor would leak future publication timing.","Verified from code"
"F-depth-channel-agreement","Depth-channel state agreement","all_levels_price_equal|containment_rate|unseen_state_rate","data_quality","Whether a shallow feed state matches or is contained in a deeper feed state under strict and phase-tolerant alignment.","Compare price; quantity; and order tuples for declared levels at last-at-or-before and optional bounded nearby times; unseen skip windows match neither open nor close state.","rate or boolean","float","0 to 1 for rates","aligned state pair or skip window","Receive-time nanoseconds; same epoch.","channel pair|instrument|anchor","ranked price; quantity; order count; channel; receive_ts_ns; epoch","Build canonical BookState; enforce staleness; preserve padding/partial states.","Requires comparable states; skip-window tests require open/close and optional witnesses.","Only past-as-of arm is causal; phase-tolerant arm is diagnostic.","No eligible comparisons yield null rates; stale comparands are counted separately.","counts divided by eligible comparisons","One means agreement; unseen-state one means all classified windows were unseen.","research/src/shaurya/analytics/depth_thinning_analysis.py","H-data-quality-001|H-data-quality-002","T-depth-thinning-analysis","Phase-tolerant post-anchor matching is not a tradable feature and must remain diagnostic.","Verified from code"
"F-depth-occupancy-contiguity","Depth occupancy and contiguity","populated_levels|contiguity_ratio_populated_over_tick_span|missing_ticks_within_span","data_quality","How densely the displayed ladder occupies the tick grid and how far its deepest quote is from the best/mid.","Count positive-price levels; convert price span to 0.05-rupee tick slots; contiguity=populated/tick-span; report missing slots and rupee distances.","count; ratio; rupees","float","counts nonnegative; ratio 0 to 1","book state and side","Receive-time state timestamp.","channel|instrument|timestamp|side","ranked prices; quantities; side; tick size","Ignore zero-price padding as occupied depth; validate sorted book states.","As-of state; no warm-up.","Available at publication receipt.","Empty sides produce missing summaries; padding is counted separately.","none","Higher contiguity means denser displayed depth.","research/src/shaurya/analytics/depth_thinning_analysis.py","H-data-quality-002","T-depth-thinning-analysis|T-deepbook-normal-activity","Provider truncation and padding can masquerade as sparse economics.","Verified from code"
"F-depth-distance-activity","Deep-book activity by distance","events_per_price_point|cumulative_event_share_within_distance","data_quality","Where displayed ladder changes occur relative to the same-side best quote.","Price-key consecutive changes are binned by rupee distance; counts are divided by exposed price points and cumulative shares are reported.","events per exposed price point; share","float","nonnegative; shares 0 to 1","state transition|side|distance band","Receive-time; pre-transition same-side reference.","price; quantity; orders; side best","price-keyed states; same-side best; quantity; order count","Exclude invalid transitions and boundary-slide artifacts.","Requires consecutive valid states; no fixed rolling warm-up.","Available after current state receipt.","Zero-exposure bands remain explicit; correlations may be null.","exposure normalization by price points","Higher means more ordinary activity at that distance.","research/src/shaurya/analytics/depth_thinning_analysis.py|research/src/shaurya/signals/deep_book_normal_activity.py","H-data-quality-002","T-depth-thinning-analysis|T-deepbook-normal-activity","Changing reference best can fabricate distance motion unless the pre-state rule is retained.","Verified from code"
"F-displayed-mid","Displayed best-bid/ask midpoint","displayed_mid|mid","reference_price","Central price between displayed best bid and ask.","mid=(best_bid+best_ask)/2 for non-crossed positive BBO.","rupees","float","positive; best_bid < best_ask","instrument|receive timestamp","Receive-time; UTC instant with IST session grouping.","best bid price; best ask price","best bid price; best ask price","Reject empty or crossed BBO.","As-of state; no warm-up.","Available on receipt.","Missing for partial/crossed books; no fallback.","none","Price level; returns inherit usual sign.","research/src/shaurya/signals/reference_prices.py|research/src/shaurya/analytics/post_close_alpha_research.py","H-reference-price-001","T-reference-prices|T-post-close-alpha-research","Displayed mid is not necessarily executable or the true touch when undisplayed liquidity exists.","Verified from code"
"F-simple-microprice","Displayed L1 microprice","microprice|simple_microprice","reference_price","BBO midpoint tilted by opposite-side displayed queue sizes.","microprice=(ask_qty*bid + bid_qty*ask)/(bid_qty+ask_qty).","rupees","float","between bid and ask for valid positive total depth","instrument|receive timestamp","Receive-time; UTC instant.","L1 bid/ask prices and quantities","L1 bid/ask prices and quantities","Require bid < ask; finite positive total depth.","As-of state; no warm-up.","Available on receipt.","Returns missing for invalid spread; nonfinite or nonpositive denominator.","depth-weighted price","Higher relative to mid indicates larger bid queue / upward tilt.","research/src/shaurya/signals/microprice.py|research/src/shaurya/signals/reference_prices.py","H-reference-price-001|H-order-flow-002|H-feature-selection-002","T-microprice|T-reference-prices|T-post-close-alpha-research","Displayed queue size is aggregate and does not encode queue position.","Verified from code"
"F-microprice-tilt-ticks","Microprice tilt from displayed mid","microprice_tilt_ticks","reference_price","Microprice displacement from displayed mid in NIFTY futures ticks.","(microprice-(bid+ask)/2)/0.05.","ticks","float","bounded by half the displayed spread in ticks","instrument|receive timestamp","Receive-time; UTC instant.","L1 bid/ask prices and quantities","L1 bid/ask prices and quantities; futures tick size","Use F-simple-microprice validation.","As-of state.","Available on receipt.","Missing whenever simple microprice is missing.","divide rupee displacement by 0.05","Positive tilts upward; negative downward.","research/src/shaurya/signals/microprice.py","H-reference-price-001","T-microprice","Hard-coded tick size is instrument-specific.","Verified from code"
"F-queue-imbalance","Displayed queue imbalance","queue_imbalance|depth_imbalance","reference_price","Relative excess of bid over ask displayed depth.","(bid_quantity-ask_quantity)/(bid_quantity+ask_quantity); post-close variant sums first five levels.","ratio","float","-1 to 1","instrument|receive timestamp|declared depth","Receive-time.","bid and ask quantities","declared-depth bid quantities; ask quantities","Require finite positive total quantity.","As-of state.","Available on receipt.","Missing for zero/nonfinite total depth.","divide by total two-sided depth","Positive means more displayed bid depth.","research/src/shaurya/signals/microprice.py|research/src/shaurya/analytics/post_close_alpha_research.py","H-reference-price-001|H-feature-selection-002","T-microprice|T-post-close-alpha-research","Depth aggregation level changes the estimand and must be recorded.","Verified from code"
"F-effective-touch-mid","Print-derived effective-touch midpoint","effective_touch_mid","reference_price","Midpoint of causal bid/ask bounds revealed by classified executed prints.","Maintain rolling causal effective_bid and effective_ask bounds from qualified print locations; mid=(bound_bid+bound_ask)/2 when both defined.","rupees","float","positive when both bounds are defined","instrument|anchor timestamp","Receive-time; as-of qualified prints.","classified trade price; side; receive time; displayed BBO","qualified cumulative-volume increments; print price/side; BBO; classifier/alignment versions","Exclude coalesced/degraded/unclassified prints; enforce classifier/alignment versions.","Configured rolling print window; warm-up until both bounds exist.","Available at anchor only from past/current qualified prints.","Undefined anchors are absent; no displayed-mid fallback.","none","Proxy price level; not a directional signal by itself.","research/src/shaurya/signals/effective_touch.py|research/src/shaurya/signals/reference_prices.py","H-reference-price-001|H-options-surface-002","T-effective-touch|T-reference-prices|T-d38-acceptance","It is a stale proxy and cannot reveal undisplayed liquidity or true order identities.","Verified from code"
"F-touch-relative-queue-imbalance","Effective-touch-relative queue imbalance","touch_relative_queue_imbalance","reference_price","Imbalance of displayed depth immediately outside print-derived effective bounds.","Sum depth within declared outward tick band on each side; return (bid_band_depth-ask_band_depth)/(sum).","ratio","float","-1 to 1","instrument|anchor timestamp","Receive-time; effective touch as-of anchor.","displayed book; effective bid/ask; tick size","displayed book prices/quantities; effective bid/ask; tick size","Exclude displayed depth inside effective bounds; aggregate fixed distance bands.","Effective-touch warm-up plus as-of book.","Available when both touch and book are available.","Missing for undefined touch or zero band depth.","divide by total adjacent band depth","Positive means more displayed depth outside effective bid than effective ask.","research/src/shaurya/signals/reference_prices.py","H-reference-price-001","T-reference-prices|T-d38-acceptance","Proxy-bound errors move band membership; never relabel as observed touch depth.","Verified from code"
"F-cks-l1-ofi","CKS level-one order-flow imbalance","cks_l1_ofi|event","order_flow","Signed level-one displayed flow between consecutive book states.","e=1{Pb_new>=Pb_old}qb_new-1{Pb_new<=Pb_old}qb_old-1{Pa_new<=Pa_old}qa_new+1{Pa_new>=Pa_old}qa_old; sum over (t-w,t].","contracts","float","unbounded real when valid","instrument|connection_epoch|anchor|window","Receive-time; exact past-only window.","L1 bid/ask prices and quantities","consecutive L1 bid/ask prices and quantities; epoch; quality flags","Reject cross-epoch; crossed; invalid-quality; nonmonotone; or wrong-channel transitions.","Windows 0.5;1;2;5;10s; complete history required through longest configured window.","Available at window end; target begins after declared causal gap.","Invalid transitions are excluded; incomplete windows are refused rather than zeroed.","optional depth scaling is separate feature","Positive is bid strengthening or ask depletion.","research/src/shaurya/signals/cks_l1_ofi.py","H-order-flow-001","T-cks-l1-ofi|T-ofi-replication","Rank/quote updates are aggregate displayed changes; removals are not identified cancellations.","Verified from code"
"F-cks-l1-depth-normalized-pressure","Depth-normalized L1 pressure","pressure_w*|depth_normalised_cks","order_flow","CKS L1 OFI scaled by causal mean top depth.","pressure=sum(CKS events in window)/mean(half_total_depth in same past-only window); denominator floor is 1 contract.","dimensionless pressure","float","unbounded real","instrument|connection_epoch|anchor|window","Receive-time; past-only window.","CKS events; L1 bid/ask quantities","CKS event increments; causal half-total L1 depth","Same transition exclusions as F-cks-l1-ofi.","0.5;1;2;5;10s with complete history.","Available at anchor.","Incomplete/invalid windows absent; denominator below 1 is floored and metadata records it.","divide by causal mean half-depth","Sign follows CKS L1 OFI.","research/src/shaurya/signals/cks_l1_ofi.py","H-order-flow-001|H-order-flow-002","T-cks-l1-ofi|T-ofi-horserace","Small depth can amplify noise even with the declared floor.","Verified from code"
"F-ccz-level-ofi","CCZ per-level order flow","ccz_level_flow|ofi_level_*","order_flow","Signed displayed flow at each rank-keyed depth level.","Bid flow is q_new if price improves; q_new-q_old if unchanged; -q_new if worsens. Ask mirror is -q_new on retreat; q_new-q_old unchanged; +q_new on improvement. Level OFI=bid_flow-ask_flow.","contracts","float","unbounded real per level","instrument|connection_epoch|transition|level","Receive-time.","ranked bid/ask prices and quantities","consecutive ranked bid/ask prices and quantities","Compare the same rank across endpoints; absent coverage contributes zero and is counted.","Transition feature; window aggregation is separate.","Available on receipt of current state.","Invalid transitions return an explicit reason; uncovered levels are zero with coverage count.","none","Positive is buy pressure.","research/src/shaurya/signals/ccz_ofi.py","H-order-flow-001","T-ccz-ofi|T-ofi-horserace|T-surface-futures-predictive","Rank-keying can conflate ladder shifts with price-level events; use price-keyed deep-book features for anomaly identity.","Verified from code"
"F-ccz-integrated-ofi","Integrated multi-level CCZ OFI","ccz_integrated|ofi.cumulative.depth=*","order_flow","One scalar combining normalized per-level OFI across a window.","Sum per-level OFI over (t-w,t]; divide all levels by one common average depth denominator; optionally apply training-only first-PC weights normalized to L1 norm and sign-fixed.","dimensionless or normalized contracts","float","unbounded real","instrument|anchor|window|level_count","Receive-time; past-only aggregation.","F-ccz-level-ofi; per-level depth","per-level CCZ OFI; per-level depth; training matrix when weighted","Reject invalid spans; fit weights on training rows only; record denominator floor and explained variance.","Declared windows and level counts; training rows required for integrated weights.","Feature available at anchor; fitted weights must precede test rows.","Unsupported level counts refused; insufficient support absent; no silent approximation.","common depth scaling and optional L1-normalized weights","Positive is integrated buy pressure after documented sign fix.","research/src/shaurya/signals/ccz_ofi.py|research/src/shaurya/signals/ofi_horserace.py","H-order-flow-001|H-order-flow-002|H-surface-alpha-001|H-feature-selection-001","T-ccz-ofi|T-ofi-horserace|T-surface-futures-predictive|T-feature-selection","Fitting weights outside the training boundary leaks future covariance structure.","Verified from code"
"F-mid-return-lag","Past displayed-mid return lag bank","mid_return_lag_*|price_lag_*","order_flow","Past midpoint changes over declared lags used as autoregressive controls.","Usually (mid_t-mid_{t-lag})/0.05 ticks or registry-specific return form; exact producer records the convention.","ticks or return","float","unbounded real","instrument|anchor|lag","Receive-time; same connection epoch.","displayed mid path","displayed-mid path; receive_ts_ns; epoch","Last-at-or-before endpoint resolution; reject cross-epoch/missing endpoints.","Lags 0.5;1;2;5;10;20;30s where declared.","Available at anchor because both endpoints are in the past.","Missing if either endpoint is unavailable.","optional division by tick size","Positive means the mid rose over the lag.","research/src/shaurya/signals/mid_lag_ofi.py|research/src/shaurya/signals/feature_selection.py","H-order-flow-002","T-mid-lag-ofi|T-feature-selection","Endpoint interpolation or epoch crossing can create false continuity.","Verified from code"
"F-future-mid-return","Future displayed-mid response","future_mid_return|target_ticks|markout","target","Future midpoint displacement after a causal gap and horizon.","Producer-specific: (mid_{t+gap+h}-mid_{t+gap})/0.05 ticks or registered return equivalent; both endpoints use causal as-of rules.","ticks or return","float","unbounded real","instrument|anchor|gap|horizon","Receive-time; label available only at interval end.","displayed mid path","displayed-mid path; anchor; causal gap; horizon; epoch","Require same epoch; usable BBO; right-edge coverage; declared gap/horizon.","No feature warm-up; outcome support through gap+horizon required.","Not available to models until label endpoint; never part of feature observations.","Missing if either endpoint or full coverage is absent.","optional tick/return scaling","Positive means future mid rises.","research/src/shaurya/research/targets.py|research/src/shaurya/signals/deep_book_response.py|research/src/shaurya/signals/ofi_horserace.py","H-order-flow-002|H-order-flow-003|H-surface-alpha-001","T-ofi-horserace|T-deep-book-response|T-surface-futures-predictive|T-research-walkforward-and-synthetic","Joining this target before the outcome endpoint is direct look-ahead.","Verified from code"
"F-ofi-response-surface","Rolling OFI response surface","c8_response_surface|rolling_c8","order_flow","Grid of genuine OOS R2 across training windows; forecast horizons; and OFI sampling horizons.","Fit each declared cell using only matured labels in trailing training window; score issued forecasts against that window's training-mean baseline; aggregate cumulative or rolling R2.","R2","float","less than or equal to 1; can be negative","cell|forecast anchor","Receive-time; forecast issued before outcome.","OFI features; future-mid targets","causal OFI observations; matured future-mid targets; training window identity","No historical backfill for fresh tracker; causal training positions; pending outcomes retained.","Six beta windows x seven response horizons x five OFI sampling horizons in D49.","Forecast available at anchor; score only after maturity.","Cells with insufficient training or pending labels remain explicit.","R2 versus rolling training mean","Positive beats baseline; negative underperforms.","research/src/shaurya/analytics/ofi_response_surface.py|research/src/shaurya/analytics/rolling_c8.py","H-order-flow-003","T-ofi-response-surface|T-rolling-c8|T-ofi-dashboard","Overlapping outcomes reduce effective sample size; smoothness is not predictive support.","Verified from code"
"F-nonlinear-ofi-geometry","Nonlinear OFI state geometry","surface_height|gate_probability|kalman_prediction","order_flow","Nonlinear transformations and dynamic-state predictions built from the OFI response surface.","Prepare causal panel; compute bounded geometry; fit training/validation ridge; spline/logistic gate; and Kalman paths. Exact basis and penalties are recorded in the artifact.","ticks; probability; R2 diagnostics","float","gate probability 0 to 1; other fields model-specific","anchor|horizon|model","Receive-time; split-specific.","OFI response surface and causal state variables","OFI response-surface panel; timestamps; horizons; model state","Chronological train/validation/test split; avoid in-place tensor reuse; enforce bounded geometry.","Requires fitted model history and declared cadence observations.","Only training-fitted transformations apply to later rows.","Missing for unsupported geometry; constant-shrinkage controls remain explicit.","training-only model scaling","Higher gate probability predicts positive-surface eligibility; model response sign follows prediction.","research/src/shaurya/signals/nonlinear_ofi_state.py","H-order-flow-003","T-nonlinear-ofi-state","Flexible nonlinear selection on one session is overfit-prone; prior corrupted artifacts are audit-only.","Verified from code|Verified from existing documentation"
"F-deep-book-atomic-event","Price-keyed deep-book atomic event","addition|removal|quantity_increase|quantity_decrease|order_count_increase|order_count_decrease|relocation_proxy","deep_book","A displayed price-level change classified without rank-cascade duplication.","Map each side as price -> (quantity; order count); compare endpoints; classify additions/removals and retained-price deltas; pair removal/addition as relocation proxy when relative quantity difference <=25 percent.","event with nonnegative magnitude","categorical plus float","registered eight event types; magnitude greater than or equal to zero","instrument|connection_epoch|receive burst|side|price","Receive-time; pre-event distance reference.","depth200 prices; quantities; order counts; quality flags","depth200 price; quantity; order count; side; quality flags; epoch","Collapse exact-timestamp publications; reject invalid transitions; suppress boundary churn; no outcome fields.","Consecutive valid states; past-session baseline requires 200 events per stratum for anomaly scoring.","Available after the event publication.","Invalid transitions and churn are exclusion records; insufficient baseline is explicit.","optional past-only empirical quantile scoring","Event type/side carry meaning; no price-response direction is assigned.","research/src/shaurya/signals/deep_book_anomaly.py","H-deep-book-001|H-deep-book-002","T-deep-book-anomaly|T-sig21-construction-replay|T-sig21-exploratory-response","Relocation is a displayed-liquidity proxy; no anonymous order identity exists.","Verified from code"
"F-deep-book-edge-distance","Distance from same-side book edge","edge_distance|distance_band","deep_book","Rupee distance of a deep price from the pre-event same-side best or outer occupied edge.","Bid distance=best_bid-price; ask distance=price-best_ask; construction grids also measure from the outermost occupied price. Bands are code-declared.","rupees","float","greater than or equal to zero","event|side|pre-event state","Receive-time; pre-event reference.","event price; same-side best; outer occupied price","event price; pre-event same-side best; outer occupied price","Use pre-event state; fixed >20 rupee far boundary; exclude invalid books.","As-of pre-event state.","Available at event time.","Missing for absent valid same-side reference.","none","Larger means farther from the touch/edge.","research/src/shaurya/signals/deep_book_anomaly.py|research/src/shaurya/signals/deep_book_construction_grid.py","H-data-quality-002|H-deep-book-001|H-deep-book-002","T-deep-book-anomaly|T-sig21-construction-replay|T-sig21-exploratory-response","Using post-event best would leak reaction and reclassify distance.","Verified from code"
"F-deep-book-response","Deep-book event future response","depth20_response|event_minus_control","deep_book","Depth20 midpoint movement after a registered gap/horizon and its matched-quiet-control contrast.","Build F-future-mid-return for gaps 0.5/1s and horizons 1/5/10s; cluster nonoverlapping event episodes; subtract matched quiet response in same causal stratum.","futures ticks","float","unbounded real","registered cell|episode","Receive-time; outcome available at end.","depth20 midpoint path; event; pre-event covariates","depth20 midpoint path; deep event; pre-event covariates; regime","Same epoch; full right-edge coverage; nonoverlap; outcome-blind control matching.","Cell-specific gap+horizon episode window; family-max arm retained as robustness.","Unavailable until outcome end.","Failures and unmatched controls remain explicit; no truncation at tape edge.","event-minus-control difference","Positive means upward event-relative response.","research/src/shaurya/signals/deep_book_response.py|research/src/shaurya/signals/deep_book_exploratory_response.py","H-deep-book-002","T-deep-book-response|T-sig21-exploratory-response","Outcome inspection on preregistration tapes permanently contaminates confirmatory use.","Verified from code|Verified from existing documentation"
"F-surface-essvi-parameters","eSSVI surface parameters","theta|rho|psi","options_surface","Per-expiry total-variance surface level; skew; and curvature parameters.","Calibrate eSSVI slice total variance w(k)=0.5*theta*(1+rho*psi*k+sqrt((psi*k+rho)^2+1-rho^2)) from causal option IV observations.","total variance and dimensionless parameters","float","model constraints enforced by calibrator","expiry|surface frame timestamp","Receive-time frame; expiry time uses dated IST close.","option bid/ask; strike; expiry; forward; discount assumptions","option bid/ask; strike; expiry; forward; discount/maturity; receive time","Latest causal rows; implied-volatility inversion; support and arbitrage checks.","Needs sufficient strikes per expiry; optional temporal smoother needs prior fits.","Available at fit decision timestamp from rows no later than that time.","Unsupported/failed slices are null with diagnostics; never silently filled.","calibration-space constraints; optional temporal smoothing","Parameter sign is model-specific; rho relates skew.","research/src/shaurya/surfaces/essvi.py|research/src/shaurya/analytics/surface_feed.py","H-options-surface-001|H-surface-alpha-001","T-essvi-surface|T-anl03-dashboard|T-surface-futures-predictive","Forward-source errors and stale quotes contaminate all fitted parameters.","Verified from code"
"F-surface-atm-shape","eSSVI ATM level/skew/curvature","atm_iv|atm_skew|atm_curvature","options_surface","Analytic surface shape at zero log-moneyness.","Evaluate implied volatility and first/second log-moneyness derivatives at k=0 from the fitted eSSVI slice; tests compare analytic results to central differences.","volatility; volatility per log-moneyness","float","ATM IV nonnegative; derivative ranges model-dependent","expiry|surface frame timestamp","Surface frame receive/decision time.","F-surface-essvi-parameters; maturity","eSSVI theta/rho/psi; maturity","Reject invalid parameters and maturity.","Surface warm-up only.","Available with fitted frame.","Missing when slice unsupported.","analytic derivative from total variance to IV","Skew sign indicates IV slope; curvature sign indicates local convexity.","research/src/shaurya/signals/surface_futures_predictive.py","H-options-surface-001|H-surface-alpha-001","T-surface-futures-predictive|T-anl03-dashboard","Numerical interpretation depends on maturity and parameterization.","Verified from code"
"F-surface-innovation","Past-state surface innovation","surface_innovation|front_skew_ew_innovation","options_surface","Unexpected change in a surface field relative to a past-only exponentially weighted state.","Innovation=current causal surface value minus its past-state EW estimate; exact field registry and decay are producer-defined.","same units as source surface field","float","unbounded real","expiry|frame timestamp|field","Receive-time frame.","surface levels/shape and prior EW state","causal surface field; prior exponentially weighted state","Past-only state update; no future frames.","Warm-up requires prior usable frames.","Available at current frame after comparing with prior state.","Missing for insufficient history or unusable frame.","EW demeaning","Positive means above past-state expectation.","research/src/shaurya/signals/feature_selection.py","H-surface-alpha-001|H-feature-selection-001","T-feature-selection|T-feature-selection-walkforward","Updating the EW state with future/test frames before transformation leaks information.","Verified from code"
"F-surface-quality","Surface quality diagnostics","support_width|fit_status|staleness|arbitrage_diagnostics","options_surface","Support; age; smoothing; and arbitrage state accompanying each fitted frame.","Carry observed strike/moneyness support; fit diagnostics; frame age; staleness flags; and butterfly/calendar checks; do not fabricate unsupported cells.","mixed diagnostic units","structured categorical and float","field-specific","expiry|surface frame timestamp","Receive-time and fit-decision time.","option coverage; calibration residuals; source age; parameters","option support; calibration residuals; source/fit timestamps; eSSVI parameters","Caller-declared thresholds; causal frame matching.","Fit-specific.","Available with frame.","Failures remain explicit; missing economic state may coexist with quality records.","none","More age/violations are adverse; wider support is generally better.","research/src/shaurya/surfaces/arbitrage.py|research/src/shaurya/research_contracts/surface.py|research/src/shaurya/signals/feature_selection.py","H-options-surface-001|H-options-surface-002|H-surface-alpha-001","T-surface-arbitrage|T-surface-interface|T-remaining-contracts|T-feature-selection","Treating diagnostics as economic alpha or forward-filling failed fits creates bias.","Verified from code"
"F-surface-iv-residual","Option IV residual from surface","iv_residual|mispricing_gap","options_surface","Observed option IV minus smoothed eSSVI fair IV with uncertainty scaling.","Invert Black-76 price to observed IV; residual=observed_iv-surface_iv; compare against continuously estimated past residual uncertainty and current/raw-smoothed agreement gates.","volatility points or standardized residual","float","unbounded real","option instrument|fit timestamp","Receive-time; causal fit sequence.","option quote; forward; strike; maturity; eSSVI fit","option price/quote; forward; strike; maturity; causal eSSVI fit; residual history","Warm-up smoother; exclude current residual from its own uncertainty training; censor missing quotes/reference closure.","Default six-fit smoother warm-up plus residual-history requirement.","Available only after current quote and causal fit.","Missing/censored episodes are not called corrected.","divide by causal uncertainty for actionable threshold","Positive is rich IV; negative cheap IV.","research/src/shaurya/analytics/mispricing.py","H-options-surface-002","T-surface-mispricing","Selection of only completed episodes creates survivorship bias; detector retains invalidated/censored episodes.","Verified from code"
"F-futures-trade-intensity-10s","Futures cumulative-volume-increment intensity","futures_log_trade_intensity_10s|trade_intensity","post_close_alpha","Nonnegative quote-tape proxy for recent futures executed-volume changes.","intensity=sum(max(0,cumulative_volume_increment)) over trailing 10s; model feature=log1p(intensity).","log contracts","float","greater than or equal to zero","futures instrument|5s grid timestamp","Receive-time; past 10s.","cumulative_volume_increment","cumulative_volume_increment; receive_ts_ns; connection_epoch","Keep same epoch; clamp negative increments to zero; buffer quality intervals.","10s trailing window.","Available at grid timestamp.","No increments produce zero; source field may coalesce multiple trades.","log1p","Higher means more recent volume-change activity.","research/src/shaurya/analytics/post_close_alpha_research.py","H-feature-selection-002","T-post-close-alpha-research","It is not transaction MBO and coalescing obscures individual prints.","Verified from code|Verified from existing documentation"
"F-realized-volatility-30s","Futures realized volatility","futures_realized_volatility_30s|futures_rv","post_close_alpha","Root sum of squared log midpoint changes over the trailing 30 seconds.","sqrt(sum(diff(log(mid_history))^2)) using causal futures mids at or before grid time.","log-return volatility","float","greater than or equal to zero","futures instrument|5s grid timestamp","Receive-time; trailing window.","futures displayed mid history","causal futures displayed-mid history; receive_ts_ns; epoch","Same epoch; positive mids; at least 10 history points; quality-window buffers.","30s; minimum 10 mids.","Available at grid timestamp.","Snapshot omitted when history insufficient or invalid.","root-sum-square","Higher means more recent realized movement.","research/src/shaurya/analytics/post_close_alpha_research.py","H-feature-selection-002","T-post-close-alpha-research","Irregular midpoint-update cadence makes this event-sampled rather than fixed-return realized variance.","Verified from code"
"F-option-markout-half-spread","Option signed half-spread markout","markout_5s|markout_30s","post_close_alpha","Future option-mid displacement scaled by current half-spread.","(option_mid_{t+h}-option_mid_t)/max(option_spread_t/2;0.025) for h in {5;30}s.","current half-spreads","float","unbounded real","option instrument|5s grid timestamp|horizon","Receive-time; same connection epoch.","current/future option mid; current spread","current/future option mid; current option spread; epoch","Exact grid endpoint; full horizon support; clean quality window.","5s or 30s outcome.","Available only at t+h.","Missing if future state/epoch is unavailable.","divide by floored half-spread","Positive means option mid rose.","research/src/shaurya/analytics/post_close_alpha_research.py","H-feature-selection-002","T-post-close-alpha-research","This is a markout proxy; it assumes neither fill nor executable price.","Verified from code"
"F-option-adverse-proxy","Absolute option movement proxy","adverse_proxy_5s|adverse_proxy_30s","post_close_alpha","Magnitude of the signed half-spread markout.","abs(F-option-markout-half-spread).","current half-spreads","float","greater than or equal to zero","option instrument|5s grid timestamp|horizon","Receive-time; outcome endpoint.","F-option-markout-half-spread","signed option half-spread markout","Same support and quality checks as signed markout.","5s or 30s outcome.","Available only at t+h.","Missing with signed markout.","absolute value","Larger means more absolute movement; not realized adverse selection.","research/src/shaurya/analytics/post_close_alpha_research.py","H-feature-selection-002","T-post-close-alpha-research","Calling it adverse selection would falsely imply a fill and side.","Verified from code"
"F-feature-correlation-cluster","Training-only correlation cluster","cluster_id|first_pc_transform","feature_selection","A group of redundant features represented by one member or a training-fitted first component.","Compute training-only pairwise Spearman correlations after quality gates; cluster at declared thresholds; choose deterministic representative or fit first PC; hash the mapping.","standardized model feature","structured","cluster membership over registered eligible features","fold|training boundary","Fold timestamps; no timezone-specific formula.","gated feature rows","gated training feature matrix; feature IDs; fold positions","Training rows only; affine duplicates and missingness diagnostics retained.","Requires eligible training rows per fold.","Mapping fixed before validation/test application.","Singletons retained; missing members handled by declared model transform.","training standardization or PC","PC sign is fixed deterministically; cluster itself has no economic sign.","research/src/shaurya/signals/feature_selection.py|research/src/shaurya/research/features.py","H-research-integrity-002|H-feature-selection-001","T-feature-correlation-reduction|T-feature-selection-walkforward|T-research-contracts-and-planner","Clustering on full data leaks test covariance and changes feature identity.","Verified from code"
"F-feature-conditional-oos-delta","Conditional OOS usefulness delta","delta_oos_r_squared|paired_loss_comparison","feature_selection","Change in held-out loss/R2 when a feature cluster or family is removed or block-permuted.","Fit full and comparator models on the same training rows; evaluate common outer rows; delta OOS R2 and paired block losses use identical targets and selected configs.","R2 difference and loss difference","float","unbounded; positive delta R2 favors full model","fold|model identity|cluster/family","Outer-test outcome time; folds causal.","full/comparator predictions and targets","full/comparator predictions; common outer targets; paired block IDs","Common-row alignment; training-only model selection; grouped block permutation.","Requires fitted full/comparator models and mature outer outcomes.","Available after outer fold evaluation.","Insufficient support/status remains explicit.","difference versus comparator","Positive delta OOS R2 means the retained feature group helped squared error.","research/src/shaurya/signals/feature_selection.py","H-research-integrity-002|H-feature-selection-001","T-feature-conditional-usefulness|T-feature-stability-selection","Selecting only positive same-fold deltas is multiplicity and winner's-curse risk.","Verified from code"
"F-source-keyed-ar1-control","Source-keyed AR(1) negative control","control.source_keyed_ar1_phi_0_8","feature_selection","Deterministic causal noise series used to detect spurious methodology significance.","AR(1) with phi=0.8 keyed only by source/time identity and no target input; registry and seed bind reproducibility.","dimensionless","float","unbounded real","source|instrument|anchor","Receive-time key.","source identity and time key","source identity; instrument; anchor timestamp; deterministic seed/state","Deterministic causal generation; no target access.","Recursive prior state required.","Available at anchor.","Initial state follows producer convention; no target-based imputation.","AR coefficient 0.8","No economic sign.","research/src/shaurya/research/mechanisms.py|research/registries/microstructure_features_v1.yaml","H-research-integrity-002|H-feature-selection-001","T-research-surfaces-nulls-multiplicity|T-research-v3-seeded-full-pipeline","A control correlated by construction with target inputs would invalidate the warning.","Verified from code|Verified from existing documentation"
"F-time-regime","Causal time and market regime labels","time_bucket|spread_normal|volatility_high|minutes_from_open","regime","Past/current-state strata for stability and conditional evaluation.","Apply declared session clock and causal predicates such as spread_ticks<=2 or trailing_volatility>=0.00005; never use future regime state.","categorical or minutes","categorical and float","declared finite categories","instrument|anchor","Receive-time with dated NSE IST session bounds.","receive time; spread; trailing volatility/activity","receive timestamp; dated session clock; spread; trailing volatility/activity","Use dated 09:15 open and date-versioned close; trailing state only.","Regime-specific trailing warm-up.","Available at anchor.","Insufficient regime support remains explicit.","threshold/bucketing only","Category-specific; no universal economic sign.","research/src/shaurya/research/stability.py|research/registries/alpha_research_policy_v1.yaml","H-research-integrity-002|H-order-flow-003|H-deep-book-002|H-feature-selection-001","T-research-walkforward-and-synthetic|T-feature-stability-selection|T-sig21-construction-replay","Using realized future volatility or post-event regime state is look-ahead.","Verified from code|Verified from existing documentation"
"F-hf-futures-ccz-ofi-0p5s-m1-average-v1","futures.ccz_ofi_0p5s_m1_average.v1","ccz_ofi_w0p5__m1__average","order_flow","Versioned diagnostic_quarantined variable for the high-frequency construction freeze.","CCZ event OFI over (t-0.5s,t] divided by one common M=1 depth denominator.","dimensionless","float","[-infinity,+infinity]","instrument or option-contract|one-second decision anchor","Receive-time causal lineage; decision time in IST; source timestamps <= anchor.","session|connection_epoch|decision_timestamp|instrument or option contract","canonical futures/option BBO; L1-L5 quantity/order count; receive timestamp; connection epoch; expiry/strike/type","Reject crossed/invalid/stale inputs; preserve exact one-second endpoints and source lineage.","Feature-specific frozen window; rolling states never cross epochs.","Available at decision anchor only after all source inputs have arrived.","Stale, incomplete, crossed, unsupported, or zero-denominator inputs are missing; zero is retained only when mathematically observed.","Exactly as formula; no implicit standardization.","Positive is bid strengthening or ask depletion.","data/src/shaurya/data/high_frequency.py|research/registries/microstructure_features_v2.yaml","H-high-frequency-008","T-high-frequency-features|T-high-frequency-registries","Future endpoints, current-in-threshold leakage, stale as-of joins, reconnect bridging, and target-as-feature registration fail closed.","Verified from code|Verified from existing documentation"
"F-hf-futures-order-count-imbalance-cum5-v1","futures.order_count_imbalance_cum5.v1","lob__order_count_imbalance_cum5","book_state","Versioned secondary_conditional variable for the high-frequency construction freeze.","(sum bid order counts - sum ask order counts)/(sum bid + sum ask), over the registered depth.","dimensionless","float","[-1,+1]","instrument or option-contract|one-second decision anchor","Receive-time causal lineage; decision time in IST; source timestamps <= anchor.","session|connection_epoch|decision_timestamp|instrument or option contract","canonical futures/option BBO; L1-L5 quantity/order count; receive timestamp; connection epoch; expiry/strike/type","Reject crossed/invalid/stale inputs; preserve exact one-second endpoints and source lineage.","Feature-specific frozen window; rolling states never cross epochs.","Available at decision anchor only after all source inputs have arrived.","Stale, incomplete, crossed, unsupported, or zero-denominator inputs are missing; zero is retained only when mathematically observed.","Exactly as formula; no implicit standardization.","Positive means more visible bid-side resting orders.","data/src/shaurya/data/high_frequency.py|research/registries/microstructure_features_v2.yaml","H-high-frequency-003","T-high-frequency-features|T-high-frequency-registries","Future endpoints, current-in-threshold leakage, stale as-of joins, reconnect bridging, and target-as-feature registration fail closed.","Verified from code|Verified from existing documentation"
"F-hf-futures-quantity-imbalance-cum1-v1","futures.quantity_imbalance_cum1.v1","lob__quantity_imbalance_cum1","book_state","Versioned shadow_candidate variable for the high-frequency construction freeze.","(sum bid quantity - sum ask quantity)/(sum bid + sum ask), over the registered depth.","dimensionless","float","[-1,+1]","instrument or option-contract|one-second decision anchor","Receive-time causal lineage; decision time in IST; source timestamps <= anchor.","session|connection_epoch|decision_timestamp|instrument or option contract","canonical futures/option BBO; L1-L5 quantity/order count; receive timestamp; connection epoch; expiry/strike/type","Reject crossed/invalid/stale inputs; preserve exact one-second endpoints and source lineage.","Feature-specific frozen window; rolling states never cross epochs.","Available at decision anchor only after all source inputs have arrived.","Stale, incomplete, crossed, unsupported, or zero-denominator inputs are missing; zero is retained only when mathematically observed.","Exactly as formula; no implicit standardization.","Positive means more displayed bid quantity.","data/src/shaurya/data/high_frequency.py|research/registries/microstructure_features_v2.yaml","H-high-frequency-002","T-high-frequency-features|T-high-frequency-registries","Future endpoints, current-in-threshold leakage, stale as-of joins, reconnect bridging, and target-as-feature registration fail closed.","Verified from code|Verified from existing documentation"
"F-hf-futures-quantity-imbalance-cum5-v1","futures.quantity_imbalance_cum5.v1","none","book_state","Versioned control variable for the high-frequency construction freeze.","(sum bid quantity - sum ask quantity)/(sum bid + sum ask), over the registered depth.","dimensionless","float","[-1,+1]","instrument or option-contract|one-second decision anchor","Receive-time causal lineage; decision time in IST; source timestamps <= anchor.","session|connection_epoch|decision_timestamp|instrument or option contract","canonical futures/option BBO; L1-L5 quantity/order count; receive timestamp; connection epoch; expiry/strike/type","Reject crossed/invalid/stale inputs; preserve exact one-second endpoints and source lineage.","Feature-specific frozen window; rolling states never cross epochs.","Available at decision anchor only after all source inputs have arrived.","Stale, incomplete, crossed, unsupported, or zero-denominator inputs are missing; zero is retained only when mathematically observed.","Exactly as formula; no implicit standardization.","Positive means more displayed bid quantity.","data/src/shaurya/data/high_frequency.py|research/registries/microstructure_features_v2.yaml","H-high-frequency-001|H-high-frequency-002|H-high-frequency-003|H-high-frequency-004|H-high-frequency-005|H-high-frequency-006|H-high-frequency-007|H-high-frequency-008","T-high-frequency-features|T-high-frequency-registries","Future endpoints, current-in-threshold leakage, stale as-of joins, reconnect bridging, and target-as-feature registration fail closed.","Verified from code|Verified from existing documentation"
"F-hf-futures-microprice-tilt-ticks-v1","futures.microprice_tilt_ticks.v1","lob_microprice_tilt_ticks","book_state","Versioned shadow_candidate_redundant variable for the high-frequency construction freeze.","((A*q_bid+B*q_ask)/(q_bid+q_ask) - (A+B)/2)/0.05.","futures ticks","float","bounded by half the spread in ticks","instrument or option-contract|one-second decision anchor","Receive-time causal lineage; decision time in IST; source timestamps <= anchor.","session|connection_epoch|decision_timestamp|instrument or option contract","canonical futures/option BBO; L1-L5 quantity/order count; receive timestamp; connection epoch; expiry/strike/type","Reject crossed/invalid/stale inputs; preserve exact one-second endpoints and source lineage.","Feature-specific frozen window; rolling states never cross epochs.","Available at decision anchor only after all source inputs have arrived.","Stale, incomplete, crossed, unsupported, or zero-denominator inputs are missing; zero is retained only when mathematically observed.","Exactly as formula; no implicit standardization.","Positive tilts above midpoint.","data/src/shaurya/data/high_frequency.py|research/registries/microstructure_features_v2.yaml","H-high-frequency-001|H-high-frequency-002|H-high-frequency-003|H-high-frequency-004|H-high-frequency-005|H-high-frequency-006|H-high-frequency-007|H-high-frequency-008","T-high-frequency-features|T-high-frequency-registries","Future endpoints, current-in-threshold leakage, stale as-of joins, reconnect bridging, and target-as-feature registration fail closed.","Verified from code|Verified from existing documentation"
"F-hf-futures-prior-mid-move-5s-ticks-v1","futures.prior_mid_move_5s_ticks.v1","none","reversal","Versioned support variable for the high-frequency construction freeze.","(M_t-M_{t-5})/0.05 using exact same-epoch one-second endpoints.","futures ticks","float","real","instrument or option-contract|one-second decision anchor","Receive-time causal lineage; decision time in IST; source timestamps <= anchor.","session|connection_epoch|decision_timestamp|instrument or option contract","canonical futures/option BBO; L1-L5 quantity/order count; receive timestamp; connection epoch; expiry/strike/type","Reject crossed/invalid/stale inputs; preserve exact one-second endpoints and source lineage.","Feature-specific frozen window; rolling states never cross epochs.","Available at decision anchor only after all source inputs have arrived.","Stale, incomplete, crossed, unsupported, or zero-denominator inputs are missing; zero is retained only when mathematically observed.","Exactly as formula; no implicit standardization.","Positive means the prior move was upward.","data/src/shaurya/data/high_frequency.py|research/registries/microstructure_features_v2.yaml","H-high-frequency-001|H-high-frequency-002|H-high-frequency-003|H-high-frequency-004|H-high-frequency-005|H-high-frequency-006|H-high-frequency-007|H-high-frequency-008","T-high-frequency-features|T-high-frequency-registries","Future endpoints, current-in-threshold leakage, stale as-of joins, reconnect bridging, and target-as-feature registration fail closed.","Verified from code|Verified from existing documentation"
"F-hf-futures-mid-reversal-pressure-5s-v1","futures.mid_reversal_pressure_5s.v1","none","reversal","Versioned shadow_candidate variable for the high-frequency construction freeze.","Negative of futures.prior_mid_move_5s_ticks.v1.","futures ticks","float","real","instrument or option-contract|one-second decision anchor","Receive-time causal lineage; decision time in IST; source timestamps <= anchor.","session|connection_epoch|decision_timestamp|instrument or option contract","canonical futures/option BBO; L1-L5 quantity/order count; receive timestamp; connection epoch; expiry/strike/type","Reject crossed/invalid/stale inputs; preserve exact one-second endpoints and source lineage.","Feature-specific frozen window; rolling states never cross epochs.","Available at decision anchor only after all source inputs have arrived.","Stale, incomplete, crossed, unsupported, or zero-denominator inputs are missing; zero is retained only when mathematically observed.","Exactly as formula; no implicit standardization.","Positive predicts upward reversal pressure.","data/src/shaurya/data/high_frequency.py|research/registries/microstructure_features_v2.yaml","H-high-frequency-004","T-high-frequency-features|T-high-frequency-registries","Future endpoints, current-in-threshold leakage, stale as-of joins, reconnect bridging, and target-as-feature registration fail closed.","Verified from code|Verified from existing documentation"
"F-hf-parity-exatm-forward-median-v1","parity.exatm_forward_median.v1","F_exatm","parity","Versioned anchor variable for the high-frequency construction freeze.","Median of K+CE_mid-PE_mid over ATM +/-1..4 strikes excluding ATM; minimum five fresh pairs.","index points or support count","float","feature-specific","instrument or option-contract|one-second decision anchor","Receive-time causal lineage; decision time in IST; source timestamps <= anchor.","session|connection_epoch|decision_timestamp|instrument or option contract","canonical futures/option BBO; L1-L5 quantity/order count; receive timestamp; connection epoch; expiry/strike/type","Reject crossed/invalid/stale inputs; preserve exact one-second endpoints and source lineage.","Feature-specific frozen window; rolling states never cross epochs.","Available at decision anchor only after all source inputs have arrived.","Stale, incomplete, crossed, unsupported, or zero-denominator inputs are missing; zero is retained only when mathematically observed.","Exactly as formula; no implicit standardization.","Forward level has no standalone alpha sign.","data/src/shaurya/data/high_frequency.py|research/registries/microstructure_features_v2.yaml","H-high-frequency-001|H-high-frequency-002|H-high-frequency-003|H-high-frequency-004|H-high-frequency-005|H-high-frequency-006|H-high-frequency-007|H-high-frequency-008","T-high-frequency-features|T-high-frequency-registries","Future endpoints, current-in-threshold leakage, stale as-of joins, reconnect bridging, and target-as-feature registration fail closed.","Verified from code|Verified from existing documentation"
"F-hf-parity-pairs-exatm-v1","parity.pairs_exatm.v1","none","parity_quality","Versioned support variable for the high-frequency construction freeze.","Median of K+CE_mid-PE_mid over ATM +/-1..4 strikes excluding ATM; minimum five fresh pairs.","index points or support count","float","feature-specific","instrument or option-contract|one-second decision anchor","Receive-time causal lineage; decision time in IST; source timestamps <= anchor.","session|connection_epoch|decision_timestamp|instrument or option contract","canonical futures/option BBO; L1-L5 quantity/order count; receive timestamp; connection epoch; expiry/strike/type","Reject crossed/invalid/stale inputs; preserve exact one-second endpoints and source lineage.","Feature-specific frozen window; rolling states never cross epochs.","Available at decision anchor only after all source inputs have arrived.","Stale, incomplete, crossed, unsupported, or zero-denominator inputs are missing; zero is retained only when mathematically observed.","Exactly as formula; no implicit standardization.","Forward level has no standalone alpha sign.","data/src/shaurya/data/high_frequency.py|research/registries/microstructure_features_v2.yaml","H-high-frequency-001|H-high-frequency-002|H-high-frequency-003|H-high-frequency-004|H-high-frequency-005|H-high-frequency-006|H-high-frequency-007|H-high-frequency-008","T-high-frequency-features|T-high-frequency-registries","Future endpoints, current-in-threshold leakage, stale as-of joins, reconnect bridging, and target-as-feature registration fail closed.","Verified from code|Verified from existing documentation"
"F-hf-parity-range-exatm-v1","parity.range_exatm.v1","none","parity_quality","Versioned support variable for the high-frequency construction freeze.","Median of K+CE_mid-PE_mid over ATM +/-1..4 strikes excluding ATM; minimum five fresh pairs.","index points or support count","float","feature-specific","instrument or option-contract|one-second decision anchor","Receive-time causal lineage; decision time in IST; source timestamps <= anchor.","session|connection_epoch|decision_timestamp|instrument or option contract","canonical futures/option BBO; L1-L5 quantity/order count; receive timestamp; connection epoch; expiry/strike/type","Reject crossed/invalid/stale inputs; preserve exact one-second endpoints and source lineage.","Feature-specific frozen window; rolling states never cross epochs.","Available at decision anchor only after all source inputs have arrived.","Stale, incomplete, crossed, unsupported, or zero-denominator inputs are missing; zero is retained only when mathematically observed.","Exactly as formula; no implicit standardization.","Forward level has no standalone alpha sign.","data/src/shaurya/data/high_frequency.py|research/registries/microstructure_features_v2.yaml","H-high-frequency-001|H-high-frequency-002|H-high-frequency-003|H-high-frequency-004|H-high-frequency-005|H-high-frequency-006|H-high-frequency-007|H-high-frequency-008","T-high-frequency-features|T-high-frequency-registries","Future endpoints, current-in-threshold leakage, stale as-of joins, reconnect bridging, and target-as-feature registration fail closed.","Verified from code|Verified from existing documentation"
"F-hf-parity-max-quote-age-seconds-v1","parity.max_quote_age_seconds.v1","none","parity_quality","Versioned support variable for the high-frequency construction freeze.","Median of K+CE_mid-PE_mid over ATM +/-1..4 strikes excluding ATM; minimum five fresh pairs.","index points or support count","float","feature-specific","instrument or option-contract|one-second decision anchor","Receive-time causal lineage; decision time in IST; source timestamps <= anchor.","session|connection_epoch|decision_timestamp|instrument or option contract","canonical futures/option BBO; L1-L5 quantity/order count; receive timestamp; connection epoch; expiry/strike/type","Reject crossed/invalid/stale inputs; preserve exact one-second endpoints and source lineage.","Feature-specific frozen window; rolling states never cross epochs.","Available at decision anchor only after all source inputs have arrived.","Stale, incomplete, crossed, unsupported, or zero-denominator inputs are missing; zero is retained only when mathematically observed.","Exactly as formula; no implicit standardization.","Forward level has no standalone alpha sign.","data/src/shaurya/data/high_frequency.py|research/registries/microstructure_features_v2.yaml","H-high-frequency-001|H-high-frequency-002|H-high-frequency-003|H-high-frequency-004|H-high-frequency-005|H-high-frequency-006|H-high-frequency-007|H-high-frequency-008","T-high-frequency-features|T-high-frequency-registries","Future endpoints, current-in-threshold leakage, stale as-of joins, reconnect bridging, and target-as-feature registration fail closed.","Verified from code|Verified from existing documentation"
"F-hf-parity-basis-raw-v1","parity.basis_raw.v1","basis_raw","parity","Versioned support variable for the high-frequency construction freeze.","Displayed futures midpoint minus ex-ATM synthetic-forward median.","index points","float","real","instrument or option-contract|one-second decision anchor","Receive-time causal lineage; decision time in IST; source timestamps <= anchor.","session|connection_epoch|decision_timestamp|instrument or option contract","canonical futures/option BBO; L1-L5 quantity/order count; receive timestamp; connection epoch; expiry/strike/type","Reject crossed/invalid/stale inputs; preserve exact one-second endpoints and source lineage.","Feature-specific frozen window; rolling states never cross epochs.","Available at decision anchor only after all source inputs have arrived.","Stale, incomplete, crossed, unsupported, or zero-denominator inputs are missing; zero is retained only when mathematically observed.","Exactly as formula; no implicit standardization.","Positive means futures rich to synthetic forward.","data/src/shaurya/data/high_frequency.py|research/registries/microstructure_features_v2.yaml","H-high-frequency-001|H-high-frequency-002|H-high-frequency-003|H-high-frequency-004|H-high-frequency-005|H-high-frequency-006|H-high-frequency-007|H-high-frequency-008","T-high-frequency-features|T-high-frequency-registries","Future endpoints, current-in-threshold leakage, stale as-of joins, reconnect bridging, and target-as-feature registration fail closed.","Verified from code|Verified from existing documentation"
"F-hf-parity-basis-slow-median30-lag1-min10-v1","parity.basis_slow_median30_lag1_min10.v1","basis_slow","parity","Versioned support variable for the high-frequency construction freeze.","Median of the previous 30 one-second raw-basis observations; lag one; minimum ten.","index points","float","real","instrument or option-contract|one-second decision anchor","Receive-time causal lineage; decision time in IST; source timestamps <= anchor.","session|connection_epoch|decision_timestamp|instrument or option contract","canonical futures/option BBO; L1-L5 quantity/order count; receive timestamp; connection epoch; expiry/strike/type","Reject crossed/invalid/stale inputs; preserve exact one-second endpoints and source lineage.","Feature-specific frozen window; rolling states never cross epochs.","Available at decision anchor only after all source inputs have arrived.","Stale, incomplete, crossed, unsupported, or zero-denominator inputs are missing; zero is retained only when mathematically observed.","Exactly as formula; no implicit standardization.","Slow financing/measurement basis, not alpha.","data/src/shaurya/data/high_frequency.py|research/registries/microstructure_features_v2.yaml","H-high-frequency-001|H-high-frequency-002|H-high-frequency-003|H-high-frequency-004|H-high-frequency-005|H-high-frequency-006|H-high-frequency-007|H-high-frequency-008","T-high-frequency-features|T-high-frequency-registries","Future endpoints, current-in-threshold leakage, stale as-of joins, reconnect bridging, and target-as-feature registration fail closed.","Verified from code|Verified from existing documentation"
"F-hf-parity-syn-gap-v1","parity.syn_gap.v1","syn_gap","parity","Versioned support_sign_inverse variable for the high-frequency construction freeze.","Negative of (basis_raw-basis_slow); parity.syn_gap.v1 is the sign inverse.","index points","float","real","instrument or option-contract|one-second decision anchor","Receive-time causal lineage; decision time in IST; source timestamps <= anchor.","session|connection_epoch|decision_timestamp|instrument or option contract","canonical futures/option BBO; L1-L5 quantity/order count; receive timestamp; connection epoch; expiry/strike/type","Reject crossed/invalid/stale inputs; preserve exact one-second endpoints and source lineage.","Feature-specific frozen window; rolling states never cross epochs.","Available at decision anchor only after all source inputs have arrived.","Stale, incomplete, crossed, unsupported, or zero-denominator inputs are missing; zero is retained only when mathematically observed.","Exactly as formula; no implicit standardization.","Positive points upward for futures.","data/src/shaurya/data/high_frequency.py|research/registries/microstructure_features_v2.yaml","H-high-frequency-001|H-high-frequency-002|H-high-frequency-003|H-high-frequency-004|H-high-frequency-005|H-high-frequency-006|H-high-frequency-007|H-high-frequency-008","T-high-frequency-features|T-high-frequency-registries","Future endpoints, current-in-threshold leakage, stale as-of joins, reconnect bridging, and target-as-feature registration fail closed.","Verified from code|Verified from existing documentation"
"F-hf-parity-pressure-v1","parity.pressure.v1","parity_pressure","parity","Versioned core_bounded variable for the high-frequency construction freeze.","Negative of (basis_raw-basis_slow); parity.syn_gap.v1 is the sign inverse.","index points","float","real","instrument or option-contract|one-second decision anchor","Receive-time causal lineage; decision time in IST; source timestamps <= anchor.","session|connection_epoch|decision_timestamp|instrument or option contract","canonical futures/option BBO; L1-L5 quantity/order count; receive timestamp; connection epoch; expiry/strike/type","Reject crossed/invalid/stale inputs; preserve exact one-second endpoints and source lineage.","Feature-specific frozen window; rolling states never cross epochs.","Available at decision anchor only after all source inputs have arrived.","Stale, incomplete, crossed, unsupported, or zero-denominator inputs are missing; zero is retained only when mathematically observed.","Exactly as formula; no implicit standardization.","Positive points upward for futures.","data/src/shaurya/data/high_frequency.py|research/registries/microstructure_features_v2.yaml","H-high-frequency-001","T-high-frequency-features|T-high-frequency-registries","Future endpoints, current-in-threshold leakage, stale as-of joins, reconnect bridging, and target-as-feature registration fail closed.","Verified from code|Verified from existing documentation"
"F-hf-parity-fair-quality-v1","parity.fair_quality.v1","none","parity","Versioned secondary_transform variable for the high-frequency construction freeze.","parity_pressure/(range_exatm+0.25).","scaled pressure","float","real","instrument or option-contract|one-second decision anchor","Receive-time causal lineage; decision time in IST; source timestamps <= anchor.","session|connection_epoch|decision_timestamp|instrument or option contract","canonical futures/option BBO; L1-L5 quantity/order count; receive timestamp; connection epoch; expiry/strike/type","Reject crossed/invalid/stale inputs; preserve exact one-second endpoints and source lineage.","Feature-specific frozen window; rolling states never cross epochs.","Available at decision anchor only after all source inputs have arrived.","Stale, incomplete, crossed, unsupported, or zero-denominator inputs are missing; zero is retained only when mathematically observed.","Exactly as formula; no implicit standardization.","Same sign as parity pressure.","data/src/shaurya/data/high_frequency.py|research/registries/microstructure_features_v2.yaml","H-high-frequency-001|H-high-frequency-002|H-high-frequency-003|H-high-frequency-004|H-high-frequency-005|H-high-frequency-006|H-high-frequency-007|H-high-frequency-008","T-high-frequency-features|T-high-frequency-registries","Future endpoints, current-in-threshold leakage, stale as-of joins, reconnect bridging, and target-as-feature registration fail closed.","Verified from code|Verified from existing documentation"
"F-hf-option-quantity-imbalance-invdepth5-v1","option.quantity_imbalance_invdepth5.v1","imb_dw5","option_book","Versioned local_adjustment variable for the high-frequency construction freeze.","Quantity imbalance across L1-L5 with inverse-level weights 1/l.","dimensionless","float","[-1,+1]","instrument or option-contract|one-second decision anchor","Receive-time causal lineage; decision time in IST; source timestamps <= anchor.","session|connection_epoch|decision_timestamp|instrument or option contract","canonical futures/option BBO; L1-L5 quantity/order count; receive timestamp; connection epoch; expiry/strike/type","Reject crossed/invalid/stale inputs; preserve exact one-second endpoints and source lineage.","Feature-specific frozen window; rolling states never cross epochs.","Available at decision anchor only after all source inputs have arrived.","Stale, incomplete, crossed, unsupported, or zero-denominator inputs are missing; zero is retained only when mathematically observed.","Exactly as formula; no implicit standardization.","Positive means bid-weighted option depth.","data/src/shaurya/data/high_frequency.py|research/registries/microstructure_features_v2.yaml","H-high-frequency-001|H-high-frequency-002|H-high-frequency-003|H-high-frequency-004|H-high-frequency-005|H-high-frequency-006|H-high-frequency-007|H-high-frequency-008","T-high-frequency-features|T-high-frequency-registries","Future endpoints, current-in-threshold leakage, stale as-of joins, reconnect bridging, and target-as-feature registration fail closed.","Verified from code|Verified from existing documentation"
"F-hf-option-quantity-imbalance-cum1-v1","option.quantity_imbalance_cum1.v1","none","option_book","Versioned control variable for the high-frequency construction freeze.","(sum bid quantity - sum ask quantity)/(sum bid + sum ask), over the registered depth.","dimensionless","float","[-1,+1]","instrument or option-contract|one-second decision anchor","Receive-time causal lineage; decision time in IST; source timestamps <= anchor.","session|connection_epoch|decision_timestamp|instrument or option contract","canonical futures/option BBO; L1-L5 quantity/order count; receive timestamp; connection epoch; expiry/strike/type","Reject crossed/invalid/stale inputs; preserve exact one-second endpoints and source lineage.","Feature-specific frozen window; rolling states never cross epochs.","Available at decision anchor only after all source inputs have arrived.","Stale, incomplete, crossed, unsupported, or zero-denominator inputs are missing; zero is retained only when mathematically observed.","Exactly as formula; no implicit standardization.","Positive means more displayed bid quantity.","data/src/shaurya/data/high_frequency.py|research/registries/microstructure_features_v2.yaml","H-high-frequency-001|H-high-frequency-002|H-high-frequency-003|H-high-frequency-004|H-high-frequency-005|H-high-frequency-006|H-high-frequency-007|H-high-frequency-008","T-high-frequency-features|T-high-frequency-registries","Future endpoints, current-in-threshold leakage, stale as-of joins, reconnect bridging, and target-as-feature registration fail closed.","Verified from code|Verified from existing documentation"
"F-hf-option-quantity-imbalance-cum2-v1","option.quantity_imbalance_cum2.v1","none","option_book","Versioned control variable for the high-frequency construction freeze.","(sum bid quantity - sum ask quantity)/(sum bid + sum ask), over the registered depth.","dimensionless","float","[-1,+1]","instrument or option-contract|one-second decision anchor","Receive-time causal lineage; decision time in IST; source timestamps <= anchor.","session|connection_epoch|decision_timestamp|instrument or option contract","canonical futures/option BBO; L1-L5 quantity/order count; receive timestamp; connection epoch; expiry/strike/type","Reject crossed/invalid/stale inputs; preserve exact one-second endpoints and source lineage.","Feature-specific frozen window; rolling states never cross epochs.","Available at decision anchor only after all source inputs have arrived.","Stale, incomplete, crossed, unsupported, or zero-denominator inputs are missing; zero is retained only when mathematically observed.","Exactly as formula; no implicit standardization.","Positive means more displayed bid quantity.","data/src/shaurya/data/high_frequency.py|research/registries/microstructure_features_v2.yaml","H-high-frequency-001|H-high-frequency-002|H-high-frequency-003|H-high-frequency-004|H-high-frequency-005|H-high-frequency-006|H-high-frequency-007|H-high-frequency-008","T-high-frequency-features|T-high-frequency-registries","Future endpoints, current-in-threshold leakage, stale as-of joins, reconnect bridging, and target-as-feature registration fail closed.","Verified from code|Verified from existing documentation"
"F-hf-option-quantity-imbalance-cum3-v1","option.quantity_imbalance_cum3.v1","none","option_book","Versioned control variable for the high-frequency construction freeze.","(sum bid quantity - sum ask quantity)/(sum bid + sum ask), over the registered depth.","dimensionless","float","[-1,+1]","instrument or option-contract|one-second decision anchor","Receive-time causal lineage; decision time in IST; source timestamps <= anchor.","session|connection_epoch|decision_timestamp|instrument or option contract","canonical futures/option BBO; L1-L5 quantity/order count; receive timestamp; connection epoch; expiry/strike/type","Reject crossed/invalid/stale inputs; preserve exact one-second endpoints and source lineage.","Feature-specific frozen window; rolling states never cross epochs.","Available at decision anchor only after all source inputs have arrived.","Stale, incomplete, crossed, unsupported, or zero-denominator inputs are missing; zero is retained only when mathematically observed.","Exactly as formula; no implicit standardization.","Positive means more displayed bid quantity.","data/src/shaurya/data/high_frequency.py|research/registries/microstructure_features_v2.yaml","H-high-frequency-001|H-high-frequency-002|H-high-frequency-003|H-high-frequency-004|H-high-frequency-005|H-high-frequency-006|H-high-frequency-007|H-high-frequency-008","T-high-frequency-features|T-high-frequency-registries","Future endpoints, current-in-threshold leakage, stale as-of joins, reconnect bridging, and target-as-feature registration fail closed.","Verified from code|Verified from existing documentation"
"F-hf-option-quantity-imbalance-cum5-v1","option.quantity_imbalance_cum5.v1","none","option_book","Versioned control variable for the high-frequency construction freeze.","(sum bid quantity - sum ask quantity)/(sum bid + sum ask), over the registered depth.","dimensionless","float","[-1,+1]","instrument or option-contract|one-second decision anchor","Receive-time causal lineage; decision time in IST; source timestamps <= anchor.","session|connection_epoch|decision_timestamp|instrument or option contract","canonical futures/option BBO; L1-L5 quantity/order count; receive timestamp; connection epoch; expiry/strike/type","Reject crossed/invalid/stale inputs; preserve exact one-second endpoints and source lineage.","Feature-specific frozen window; rolling states never cross epochs.","Available at decision anchor only after all source inputs have arrived.","Stale, incomplete, crossed, unsupported, or zero-denominator inputs are missing; zero is retained only when mathematically observed.","Exactly as formula; no implicit standardization.","Positive means more displayed bid quantity.","data/src/shaurya/data/high_frequency.py|research/registries/microstructure_features_v2.yaml","H-high-frequency-001|H-high-frequency-002|H-high-frequency-003|H-high-frequency-004|H-high-frequency-005|H-high-frequency-006|H-high-frequency-007|H-high-frequency-008","T-high-frequency-features|T-high-frequency-registries","Future endpoints, current-in-threshold leakage, stale as-of joins, reconnect bridging, and target-as-feature registration fail closed.","Verified from code|Verified from existing documentation"
"F-hf-option-order-count-imbalance-cum5-v1","option.order_count_imbalance_cum5.v1","orders_imb_l5","option_book","Versioned control variable for the high-frequency construction freeze.","(sum bid order counts - sum ask order counts)/(sum bid + sum ask), over the registered depth.","dimensionless","float","[-1,+1]","instrument or option-contract|one-second decision anchor","Receive-time causal lineage; decision time in IST; source timestamps <= anchor.","session|connection_epoch|decision_timestamp|instrument or option contract","canonical futures/option BBO; L1-L5 quantity/order count; receive timestamp; connection epoch; expiry/strike/type","Reject crossed/invalid/stale inputs; preserve exact one-second endpoints and source lineage.","Feature-specific frozen window; rolling states never cross epochs.","Available at decision anchor only after all source inputs have arrived.","Stale, incomplete, crossed, unsupported, or zero-denominator inputs are missing; zero is retained only when mathematically observed.","Exactly as formula; no implicit standardization.","Positive means more visible bid-side resting orders.","data/src/shaurya/data/high_frequency.py|research/registries/microstructure_features_v2.yaml","H-high-frequency-001|H-high-frequency-002|H-high-frequency-003|H-high-frequency-004|H-high-frequency-005|H-high-frequency-006|H-high-frequency-007|H-high-frequency-008","T-high-frequency-features|T-high-frequency-registries","Future endpoints, current-in-threshold leakage, stale as-of joins, reconnect bridging, and target-as-feature registration fail closed.","Verified from code|Verified from existing documentation"
"F-hf-option-microprice-shift-l1-v1","option.microprice_shift_l1.v1","micro_shift_l1","option_book","Versioned local_adjustment variable for the high-frequency construction freeze.","Option L1 microprice minus displayed midpoint.","option price points","float","within half-spread","instrument or option-contract|one-second decision anchor","Receive-time causal lineage; decision time in IST; source timestamps <= anchor.","session|connection_epoch|decision_timestamp|instrument or option contract","canonical futures/option BBO; L1-L5 quantity/order count; receive timestamp; connection epoch; expiry/strike/type","Reject crossed/invalid/stale inputs; preserve exact one-second endpoints and source lineage.","Feature-specific frozen window; rolling states never cross epochs.","Available at decision anchor only after all source inputs have arrived.","Stale, incomplete, crossed, unsupported, or zero-denominator inputs are missing; zero is retained only when mathematically observed.","Exactly as formula; no implicit standardization.","Positive tilts above midpoint.","data/src/shaurya/data/high_frequency.py|research/registries/microstructure_features_v2.yaml","H-high-frequency-001|H-high-frequency-002|H-high-frequency-003|H-high-frequency-004|H-high-frequency-005|H-high-frequency-006|H-high-frequency-007|H-high-frequency-008","T-high-frequency-features|T-high-frequency-registries","Future endpoints, current-in-threshold leakage, stale as-of joins, reconnect bridging, and target-as-feature registration fail closed.","Verified from code|Verified from existing documentation"
"F-hf-option-essvi-leave-atm-residual-v2","option.essvi_leave_atm_residual.v2","surface_centered","option_surface","Versioned bounded_centering_revalidate variable for the high-frequency construction freeze.","Black-76 fair price from equal-weight ex-ATM eSSVI total-variance fit minus observed ATM midpoint.","option price points","float","real","instrument or option-contract|one-second decision anchor","Receive-time causal lineage; decision time in IST; source timestamps <= anchor.","session|connection_epoch|decision_timestamp|instrument or option contract","canonical futures/option BBO; L1-L5 quantity/order count; receive timestamp; connection epoch; expiry/strike/type","Reject crossed/invalid/stale inputs; preserve exact one-second endpoints and source lineage.","Feature-specific frozen window; rolling states never cross epochs.","Available at decision anchor only after all source inputs have arrived.","Stale, incomplete, crossed, unsupported, or zero-denominator inputs are missing; zero is retained only when mathematically observed.","Exactly as formula; no implicit standardization.","Positive means observed option is cheap to fitted surface.","data/src/shaurya/data/high_frequency.py|research/registries/microstructure_features_v2.yaml","H-high-frequency-001|H-high-frequency-002|H-high-frequency-003|H-high-frequency-004|H-high-frequency-005|H-high-frequency-006|H-high-frequency-007|H-high-frequency-008","T-high-frequency-features|T-high-frequency-registries","Future endpoints, current-in-threshold leakage, stale as-of joins, reconnect bridging, and target-as-feature registration fail closed.","Verified from code|Verified from existing documentation"
"F-hf-option-call-put-surface-residual-diff-v2","option.call_put_surface_residual_diff.v2","none","option_surface","Versioned core_passive_centering variable for the high-frequency construction freeze.","CE leave-ATM residual minus PE leave-ATM residual at the same strike and second.","option price points","float","real","instrument or option-contract|one-second decision anchor","Receive-time causal lineage; decision time in IST; source timestamps <= anchor.","session|connection_epoch|decision_timestamp|instrument or option contract","canonical futures/option BBO; L1-L5 quantity/order count; receive timestamp; connection epoch; expiry/strike/type","Reject crossed/invalid/stale inputs; preserve exact one-second endpoints and source lineage.","Feature-specific frozen window; rolling states never cross epochs.","Available at decision anchor only after all source inputs have arrived.","Stale, incomplete, crossed, unsupported, or zero-denominator inputs are missing; zero is retained only when mathematically observed.","Exactly as formula; no implicit standardization.","Positive means call relatively cheaper or put richer.","data/src/shaurya/data/high_frequency.py|research/registries/microstructure_features_v2.yaml","H-high-frequency-005","T-high-frequency-features|T-high-frequency-registries","Future endpoints, current-in-threshold leakage, stale as-of joins, reconnect bridging, and target-as-feature registration fail closed.","Verified from code|Verified from existing documentation"
"F-hf-option-surface-fit-converged-v2","option.surface_fit_converged.v2","none","option_surface_quality","Versioned gate variable for the high-frequency construction freeze.","Equal-weight nonlinear least squares in eSSVI total variance, ATM excluded, followed by static-arbitrage checks.","boolean","boolean","true|false","instrument or option-contract|one-second decision anchor","Receive-time causal lineage; decision time in IST; source timestamps <= anchor.","session|connection_epoch|decision_timestamp|instrument or option contract","canonical futures/option BBO; L1-L5 quantity/order count; receive timestamp; connection epoch; expiry/strike/type","Reject crossed/invalid/stale inputs; preserve exact one-second endpoints and source lineage.","Feature-specific frozen window; rolling states never cross epochs.","Available at decision anchor only after all source inputs have arrived.","Stale, incomplete, crossed, unsupported, or zero-denominator inputs are missing; zero is retained only when mathematically observed.","Exactly as formula; no implicit standardization.","Quality gate only.","data/src/shaurya/data/high_frequency.py|research/registries/microstructure_features_v2.yaml","H-high-frequency-001|H-high-frequency-002|H-high-frequency-003|H-high-frequency-004|H-high-frequency-005|H-high-frequency-006|H-high-frequency-007|H-high-frequency-008","T-high-frequency-features|T-high-frequency-registries","Future endpoints, current-in-threshold leakage, stale as-of joins, reconnect bridging, and target-as-feature registration fail closed.","Verified from code|Verified from existing documentation"
"F-hf-option-surface-static-arbitrage-passed-v2","option.surface_static_arbitrage_passed.v2","none","option_surface_quality","Versioned gate variable for the high-frequency construction freeze.","Equal-weight nonlinear least squares in eSSVI total variance, ATM excluded, followed by static-arbitrage checks.","boolean","boolean","true|false","instrument or option-contract|one-second decision anchor","Receive-time causal lineage; decision time in IST; source timestamps <= anchor.","session|connection_epoch|decision_timestamp|instrument or option contract","canonical futures/option BBO; L1-L5 quantity/order count; receive timestamp; connection epoch; expiry/strike/type","Reject crossed/invalid/stale inputs; preserve exact one-second endpoints and source lineage.","Feature-specific frozen window; rolling states never cross epochs.","Available at decision anchor only after all source inputs have arrived.","Stale, incomplete, crossed, unsupported, or zero-denominator inputs are missing; zero is retained only when mathematically observed.","Exactly as formula; no implicit standardization.","Quality gate only.","data/src/shaurya/data/high_frequency.py|research/registries/microstructure_features_v2.yaml","H-high-frequency-001|H-high-frequency-002|H-high-frequency-003|H-high-frequency-004|H-high-frequency-005|H-high-frequency-006|H-high-frequency-007|H-high-frequency-008","T-high-frequency-features|T-high-frequency-registries","Future endpoints, current-in-threshold leakage, stale as-of joins, reconnect bridging, and target-as-feature registration fail closed.","Verified from code|Verified from existing documentation"
"F-hf-liquidity-l1-total-quantity-v1","liquidity.l1_total_quantity.v1","lob__l1_total_quantity","liquidity","Versioned support variable for the high-frequency construction freeze.","Current L1 bid quantity plus current L1 ask quantity.","displayed contracts","float","[0,+infinity)","instrument or option-contract|one-second decision anchor","Receive-time causal lineage; decision time in IST; source timestamps <= anchor.","session|connection_epoch|decision_timestamp|instrument or option contract","canonical futures/option BBO; L1-L5 quantity/order count; receive timestamp; connection epoch; expiry/strike/type","Reject crossed/invalid/stale inputs; preserve exact one-second endpoints and source lineage.","Feature-specific frozen window; rolling states never cross epochs.","Available at decision anchor only after all source inputs have arrived.","Stale, incomplete, crossed, unsupported, or zero-denominator inputs are missing; zero is retained only when mathematically observed.","Exactly as formula; no implicit standardization.","Liquidity support, not direction.","data/src/shaurya/data/high_frequency.py|research/registries/microstructure_features_v2.yaml","H-high-frequency-001|H-high-frequency-002|H-high-frequency-003|H-high-frequency-004|H-high-frequency-005|H-high-frequency-006|H-high-frequency-007|H-high-frequency-008","T-high-frequency-features|T-high-frequency-registries","Future endpoints, current-in-threshold leakage, stale as-of joins, reconnect bridging, and target-as-feature registration fail closed.","Verified from code|Verified from existing documentation"
"F-hf-liquidity-log-l1-depth-v1","liquidity.log_l1_depth.v1","lob__log1p_l1_total_quantity","liquidity","Versioned support variable for the high-frequency construction freeze.","log(1+current L1 total displayed quantity).","log contracts","float","[0,+infinity)","instrument or option-contract|one-second decision anchor","Receive-time causal lineage; decision time in IST; source timestamps <= anchor.","session|connection_epoch|decision_timestamp|instrument or option contract","canonical futures/option BBO; L1-L5 quantity/order count; receive timestamp; connection epoch; expiry/strike/type","Reject crossed/invalid/stale inputs; preserve exact one-second endpoints and source lineage.","Feature-specific frozen window; rolling states never cross epochs.","Available at decision anchor only after all source inputs have arrived.","Stale, incomplete, crossed, unsupported, or zero-denominator inputs are missing; zero is retained only when mathematically observed.","Exactly as formula; no implicit standardization.","Liquidity support, not direction.","data/src/shaurya/data/high_frequency.py|research/registries/microstructure_features_v2.yaml","H-high-frequency-007","T-high-frequency-features|T-high-frequency-registries","Future endpoints, current-in-threshold leakage, stale as-of joins, reconnect bridging, and target-as-feature registration fail closed.","Verified from code|Verified from existing documentation"
"F-hf-liquidity-spread-ticks-v1","liquidity.spread_ticks.v1","lob__spread_ticks","liquidity","Versioned support variable for the high-frequency construction freeze.","(best ask-best bid)/0.05.","futures ticks","float","[0,+infinity)","instrument or option-contract|one-second decision anchor","Receive-time causal lineage; decision time in IST; source timestamps <= anchor.","session|connection_epoch|decision_timestamp|instrument or option contract","canonical futures/option BBO; L1-L5 quantity/order count; receive timestamp; connection epoch; expiry/strike/type","Reject crossed/invalid/stale inputs; preserve exact one-second endpoints and source lineage.","Feature-specific frozen window; rolling states never cross epochs.","Available at decision anchor only after all source inputs have arrived.","Stale, incomplete, crossed, unsupported, or zero-denominator inputs are missing; zero is retained only when mathematically observed.","Exactly as formula; no implicit standardization.","Cost/liquidity state, not direction.","data/src/shaurya/data/high_frequency.py|research/registries/microstructure_features_v2.yaml","H-high-frequency-007","T-high-frequency-features|T-high-frequency-registries","Future endpoints, current-in-threshold leakage, stale as-of joins, reconnect bridging, and target-as-feature registration fail closed.","Verified from code|Verified from existing documentation"
"F-hf-risk-midpoint-vol-10s-v2","risk.midpoint_vol_10s.v2","future_vol_10","risk","Versioned support_revalidate variable for the high-frequency construction freeze.","Population standard deviation of one-second midpoint point changes over the registered trailing window.","price points per one-second change","float","[0,+infinity)","instrument or option-contract|one-second decision anchor","Receive-time causal lineage; decision time in IST; source timestamps <= anchor.","session|connection_epoch|decision_timestamp|instrument or option contract","canonical futures/option BBO; L1-L5 quantity/order count; receive timestamp; connection epoch; expiry/strike/type","Reject crossed/invalid/stale inputs; preserve exact one-second endpoints and source lineage.","Feature-specific frozen window; rolling states never cross epochs.","Available at decision anchor only after all source inputs have arrived.","Stale, incomplete, crossed, unsupported, or zero-denominator inputs are missing; zero is retained only when mathematically observed.","Exactly as formula; no implicit standardization.","Risk magnitude, not direction.","data/src/shaurya/data/high_frequency.py|research/registries/microstructure_features_v2.yaml","H-high-frequency-007","T-high-frequency-features|T-high-frequency-registries","Future endpoints, current-in-threshold leakage, stale as-of joins, reconnect bridging, and target-as-feature registration fail closed.","Verified from code|Verified from existing documentation"
"F-hf-risk-midpoint-vol-30s-v2","risk.midpoint_vol_30s.v2","future_vol_30","risk","Versioned support_revalidate variable for the high-frequency construction freeze.","Population standard deviation of one-second midpoint point changes over the registered trailing window.","price points per one-second change","float","[0,+infinity)","instrument or option-contract|one-second decision anchor","Receive-time causal lineage; decision time in IST; source timestamps <= anchor.","session|connection_epoch|decision_timestamp|instrument or option contract","canonical futures/option BBO; L1-L5 quantity/order count; receive timestamp; connection epoch; expiry/strike/type","Reject crossed/invalid/stale inputs; preserve exact one-second endpoints and source lineage.","Feature-specific frozen window; rolling states never cross epochs.","Available at decision anchor only after all source inputs have arrived.","Stale, incomplete, crossed, unsupported, or zero-denominator inputs are missing; zero is retained only when mathematically observed.","Exactly as formula; no implicit standardization.","Risk magnitude, not direction.","data/src/shaurya/data/high_frequency.py|research/registries/microstructure_features_v2.yaml","H-high-frequency-001|H-high-frequency-002|H-high-frequency-003|H-high-frequency-004|H-high-frequency-005|H-high-frequency-006|H-high-frequency-007|H-high-frequency-008","T-high-frequency-features|T-high-frequency-registries","Future endpoints, current-in-threshold leakage, stale as-of joins, reconnect bridging, and target-as-feature registration fail closed.","Verified from code|Verified from existing documentation"
"F-hf-risk-option-midpoint-vol-10s-v2","risk.option_midpoint_vol_10s.v2","opt_vol_10","risk","Versioned support_revalidate variable for the high-frequency construction freeze.","Population standard deviation of one-second midpoint point changes over the registered trailing window.","price points per one-second change","float","[0,+infinity)","instrument or option-contract|one-second decision anchor","Receive-time causal lineage; decision time in IST; source timestamps <= anchor.","session|connection_epoch|decision_timestamp|instrument or option contract","canonical futures/option BBO; L1-L5 quantity/order count; receive timestamp; connection epoch; expiry/strike/type","Reject crossed/invalid/stale inputs; preserve exact one-second endpoints and source lineage.","Feature-specific frozen window; rolling states never cross epochs.","Available at decision anchor only after all source inputs have arrived.","Stale, incomplete, crossed, unsupported, or zero-denominator inputs are missing; zero is retained only when mathematically observed.","Exactly as formula; no implicit standardization.","Risk magnitude, not direction.","data/src/shaurya/data/high_frequency.py|research/registries/microstructure_features_v2.yaml","H-high-frequency-001|H-high-frequency-002|H-high-frequency-003|H-high-frequency-004|H-high-frequency-005|H-high-frequency-006|H-high-frequency-007|H-high-frequency-008","T-high-frequency-features|T-high-frequency-registries","Future endpoints, current-in-threshold leakage, stale as-of joins, reconnect bridging, and target-as-feature registration fail closed.","Verified from code|Verified from existing documentation"
"F-hf-risk-option-midpoint-vol-30s-v2","risk.option_midpoint_vol_30s.v2","opt_vol_30","risk","Versioned support_revalidate variable for the high-frequency construction freeze.","Population standard deviation of one-second midpoint point changes over the registered trailing window.","price points per one-second change","float","[0,+infinity)","instrument or option-contract|one-second decision anchor","Receive-time causal lineage; decision time in IST; source timestamps <= anchor.","session|connection_epoch|decision_timestamp|instrument or option contract","canonical futures/option BBO; L1-L5 quantity/order count; receive timestamp; connection epoch; expiry/strike/type","Reject crossed/invalid/stale inputs; preserve exact one-second endpoints and source lineage.","Feature-specific frozen window; rolling states never cross epochs.","Available at decision anchor only after all source inputs have arrived.","Stale, incomplete, crossed, unsupported, or zero-denominator inputs are missing; zero is retained only when mathematically observed.","Exactly as formula; no implicit standardization.","Risk magnitude, not direction.","data/src/shaurya/data/high_frequency.py|research/registries/microstructure_features_v2.yaml","H-high-frequency-001|H-high-frequency-002|H-high-frequency-003|H-high-frequency-004|H-high-frequency-005|H-high-frequency-006|H-high-frequency-007|H-high-frequency-008","T-high-frequency-features|T-high-frequency-registries","Future endpoints, current-in-threshold leakage, stale as-of joins, reconnect bridging, and target-as-feature registration fail closed.","Verified from code|Verified from existing documentation"
"F-hf-state-futures-vol30-rel-v1","state.futures_vol30_rel.v1","none","state","Versioned gate_support variable for the high-frequency construction freeze.","Current value classified against q33/q67 from prior 900 seconds, current excluded, minimum 120, same epoch.","categorical","categorical","low|mid|high","instrument or option-contract|one-second decision anchor","Receive-time causal lineage; decision time in IST; source timestamps <= anchor.","session|connection_epoch|decision_timestamp|instrument or option contract","canonical futures/option BBO; L1-L5 quantity/order count; receive timestamp; connection epoch; expiry/strike/type","Reject crossed/invalid/stale inputs; preserve exact one-second endpoints and source lineage.","Feature-specific frozen window; rolling states never cross epochs.","Available at decision anchor only after all source inputs have arrived.","Stale, incomplete, crossed, unsupported, or zero-denominator inputs are missing; zero is retained only when mathematically observed.","Exactly as formula; no implicit standardization.","Feature-specific support state.","data/src/shaurya/data/high_frequency.py|research/registries/microstructure_features_v2.yaml","H-high-frequency-001|H-high-frequency-002|H-high-frequency-003|H-high-frequency-004|H-high-frequency-005|H-high-frequency-006|H-high-frequency-007|H-high-frequency-008","T-high-frequency-features|T-high-frequency-registries","Future endpoints, current-in-threshold leakage, stale as-of joins, reconnect bridging, and target-as-feature registration fail closed.","Verified from code|Verified from existing documentation"
"F-hf-state-futures-spread-rel-v1","state.futures_spread_rel.v1","none","state","Versioned gate_support variable for the high-frequency construction freeze.","Current value classified against q33/q67 from prior 900 seconds, current excluded, minimum 120, same epoch.","categorical","categorical","low|mid|high","instrument or option-contract|one-second decision anchor","Receive-time causal lineage; decision time in IST; source timestamps <= anchor.","session|connection_epoch|decision_timestamp|instrument or option contract","canonical futures/option BBO; L1-L5 quantity/order count; receive timestamp; connection epoch; expiry/strike/type","Reject crossed/invalid/stale inputs; preserve exact one-second endpoints and source lineage.","Feature-specific frozen window; rolling states never cross epochs.","Available at decision anchor only after all source inputs have arrived.","Stale, incomplete, crossed, unsupported, or zero-denominator inputs are missing; zero is retained only when mathematically observed.","Exactly as formula; no implicit standardization.","Feature-specific support state.","data/src/shaurya/data/high_frequency.py|research/registries/microstructure_features_v2.yaml","H-high-frequency-001|H-high-frequency-002|H-high-frequency-003|H-high-frequency-004|H-high-frequency-005|H-high-frequency-006|H-high-frequency-007|H-high-frequency-008","T-high-frequency-features|T-high-frequency-registries","Future endpoints, current-in-threshold leakage, stale as-of joins, reconnect bridging, and target-as-feature registration fail closed.","Verified from code|Verified from existing documentation"
"F-hf-state-futures-l1-depth-rel-v1","state.futures_l1_depth_rel.v1","none","state","Versioned gate_support variable for the high-frequency construction freeze.","Current value classified against q33/q67 from prior 900 seconds, current excluded, minimum 120, same epoch.","categorical","categorical","low|mid|high","instrument or option-contract|one-second decision anchor","Receive-time causal lineage; decision time in IST; source timestamps <= anchor.","session|connection_epoch|decision_timestamp|instrument or option contract","canonical futures/option BBO; L1-L5 quantity/order count; receive timestamp; connection epoch; expiry/strike/type","Reject crossed/invalid/stale inputs; preserve exact one-second endpoints and source lineage.","Feature-specific frozen window; rolling states never cross epochs.","Available at decision anchor only after all source inputs have arrived.","Stale, incomplete, crossed, unsupported, or zero-denominator inputs are missing; zero is retained only when mathematically observed.","Exactly as formula; no implicit standardization.","Feature-specific support state.","data/src/shaurya/data/high_frequency.py|research/registries/microstructure_features_v2.yaml","H-high-frequency-001|H-high-frequency-002|H-high-frequency-003|H-high-frequency-004|H-high-frequency-005|H-high-frequency-006|H-high-frequency-007|H-high-frequency-008","T-high-frequency-features|T-high-frequency-registries","Future endpoints, current-in-threshold leakage, stale as-of joins, reconnect bridging, and target-as-feature registration fail closed.","Verified from code|Verified from existing documentation"
"F-hf-state-parity-noise-rel-v1","state.parity_noise_rel.v1","none","state","Versioned gate_support variable for the high-frequency construction freeze.","Current value classified against q33/q67 from prior 900 seconds, current excluded, minimum 120, same epoch.","categorical","categorical","low|mid|high","instrument or option-contract|one-second decision anchor","Receive-time causal lineage; decision time in IST; source timestamps <= anchor.","session|connection_epoch|decision_timestamp|instrument or option contract","canonical futures/option BBO; L1-L5 quantity/order count; receive timestamp; connection epoch; expiry/strike/type","Reject crossed/invalid/stale inputs; preserve exact one-second endpoints and source lineage.","Feature-specific frozen window; rolling states never cross epochs.","Available at decision anchor only after all source inputs have arrived.","Stale, incomplete, crossed, unsupported, or zero-denominator inputs are missing; zero is retained only when mathematically observed.","Exactly as formula; no implicit standardization.","Feature-specific support state.","data/src/shaurya/data/high_frequency.py|research/registries/microstructure_features_v2.yaml","H-high-frequency-001|H-high-frequency-002|H-high-frequency-003|H-high-frequency-004|H-high-frequency-005|H-high-frequency-006|H-high-frequency-007|H-high-frequency-008","T-high-frequency-features|T-high-frequency-registries","Future endpoints, current-in-threshold leakage, stale as-of joins, reconnect bridging, and target-as-feature registration fail closed.","Verified from code|Verified from existing documentation"
"F-hf-state-signal-strength-rel-v1","state.signal_strength_rel.v1","none","state","Versioned gate_support_parameterized variable for the high-frequency construction freeze.","Current value classified against q33/q67 from prior 900 seconds, current excluded, minimum 120, same epoch.","categorical","categorical","low|mid|high","instrument or option-contract|one-second decision anchor","Receive-time causal lineage; decision time in IST; source timestamps <= anchor.","session|connection_epoch|decision_timestamp|instrument or option contract","canonical futures/option BBO; L1-L5 quantity/order count; receive timestamp; connection epoch; expiry/strike/type","Reject crossed/invalid/stale inputs; preserve exact one-second endpoints and source lineage.","Feature-specific frozen window; rolling states never cross epochs.","Available at decision anchor only after all source inputs have arrived.","Stale, incomplete, crossed, unsupported, or zero-denominator inputs are missing; zero is retained only when mathematically observed.","Exactly as formula; no implicit standardization.","Feature-specific support state.","data/src/shaurya/data/high_frequency.py|research/registries/microstructure_features_v2.yaml","H-high-frequency-001|H-high-frequency-002|H-high-frequency-003|H-high-frequency-004|H-high-frequency-005|H-high-frequency-006|H-high-frequency-007|H-high-frequency-008","T-high-frequency-features|T-high-frequency-registries","Future endpoints, current-in-threshold leakage, stale as-of joins, reconnect bridging, and target-as-feature registration fail closed.","Verified from code|Verified from existing documentation"
"F-hf-state-trend-efficiency-10s-v1","state.trend_efficiency_10s.v1","none","state","Versioned gate_support variable for the high-frequency construction freeze.","abs(M_t-M_t-10)/sum of absolute one-second midpoint changes over the same complete path.","dimensionless","categorical","(0,1] or missing","instrument or option-contract|one-second decision anchor","Receive-time causal lineage; decision time in IST; source timestamps <= anchor.","session|connection_epoch|decision_timestamp|instrument or option contract","canonical futures/option BBO; L1-L5 quantity/order count; receive timestamp; connection epoch; expiry/strike/type","Reject crossed/invalid/stale inputs; preserve exact one-second endpoints and source lineage.","Feature-specific frozen window; rolling states never cross epochs.","Available at decision anchor only after all source inputs have arrived.","Stale, incomplete, crossed, unsupported, or zero-denominator inputs are missing; zero is retained only when mathematically observed.","Exactly as formula; no implicit standardization.","Low is choppy; high is trending.","data/src/shaurya/data/high_frequency.py|research/registries/microstructure_features_v2.yaml","H-high-frequency-001|H-high-frequency-002|H-high-frequency-003|H-high-frequency-004|H-high-frequency-005|H-high-frequency-006|H-high-frequency-007|H-high-frequency-008","T-high-frequency-features|T-high-frequency-registries","Future endpoints, current-in-threshold leakage, stale as-of joins, reconnect bridging, and target-as-feature registration fail closed.","Verified from code|Verified from existing documentation"
"F-hf-state-ist-clock-bucket-v1","state.ist_clock_bucket.v1","none","state","Versioned metadata variable for the high-frequency construction freeze.","Asia/Kolkata regular-session half-open time buckets.","categorical","categorical","open|morning|midday|late|close","instrument or option-contract|one-second decision anchor","Receive-time causal lineage; decision time in IST; source timestamps <= anchor.","session|connection_epoch|decision_timestamp|instrument or option contract","canonical futures/option BBO; L1-L5 quantity/order count; receive timestamp; connection epoch; expiry/strike/type","Reject crossed/invalid/stale inputs; preserve exact one-second endpoints and source lineage.","Feature-specific frozen window; rolling states never cross epochs.","Available at decision anchor only after all source inputs have arrived.","Stale, incomplete, crossed, unsupported, or zero-denominator inputs are missing; zero is retained only when mathematically observed.","Exactly as formula; no implicit standardization.","Support metadata only.","data/src/shaurya/data/high_frequency.py|research/registries/microstructure_features_v2.yaml","H-high-frequency-001|H-high-frequency-002|H-high-frequency-003|H-high-frequency-004|H-high-frequency-005|H-high-frequency-006|H-high-frequency-007|H-high-frequency-008","T-high-frequency-features|T-high-frequency-registries","Future endpoints, current-in-threshold leakage, stale as-of joins, reconnect bridging, and target-as-feature registration fail closed.","Verified from code|Verified from existing documentation"
"F-hf-state-calendar-dte-v1","state.calendar_dte.v1","none","state","Versioned metadata_no_gate variable for the high-frequency construction freeze.","Versioned deterministic calendar_dte construction.","feature-specific","categorical","feature-specific","instrument or option-contract|one-second decision anchor","Receive-time causal lineage; decision time in IST; source timestamps <= anchor.","session|connection_epoch|decision_timestamp|instrument or option contract","canonical futures/option BBO; L1-L5 quantity/order count; receive timestamp; connection epoch; expiry/strike/type","Reject crossed/invalid/stale inputs; preserve exact one-second endpoints and source lineage.","Feature-specific frozen window; rolling states never cross epochs.","Available at decision anchor only after all source inputs have arrived.","Stale, incomplete, crossed, unsupported, or zero-denominator inputs are missing; zero is retained only when mathematically observed.","Exactly as formula; no implicit standardization.","See methodology; no unstated sign.","data/src/shaurya/data/high_frequency.py|research/registries/microstructure_features_v2.yaml","H-high-frequency-001|H-high-frequency-002|H-high-frequency-003|H-high-frequency-004|H-high-frequency-005|H-high-frequency-006|H-high-frequency-007|H-high-frequency-008","T-high-frequency-features|T-high-frequency-registries","Future endpoints, current-in-threshold leakage, stale as-of joins, reconnect bridging, and target-as-feature registration fail closed.","Verified from code|Verified from existing documentation"
"F-hf-gate-parity-highvol-tightspread-v1","gate.parity_highvol_tightspread.v1","none","gate","Versioned confidence variable for the high-frequency construction freeze.","Deterministic conjunction of the versioned causal states named by the gate.","boolean","boolean","0|1 or missing","instrument or option-contract|one-second decision anchor","Receive-time causal lineage; decision time in IST; source timestamps <= anchor.","session|connection_epoch|decision_timestamp|instrument or option contract","canonical futures/option BBO; L1-L5 quantity/order count; receive timestamp; connection epoch; expiry/strike/type","Reject crossed/invalid/stale inputs; preserve exact one-second endpoints and source lineage.","Feature-specific frozen window; rolling states never cross epochs.","Available at decision anchor only after all source inputs have arrived.","Stale, incomplete, crossed, unsupported, or zero-denominator inputs are missing; zero is retained only when mathematically observed.","Exactly as formula; no implicit standardization.","Confidence/routing support only.","data/src/shaurya/data/high_frequency.py|research/registries/microstructure_features_v2.yaml","H-high-frequency-001","T-high-frequency-features|T-high-frequency-registries","Future endpoints, current-in-threshold leakage, stale as-of joins, reconnect bridging, and target-as-feature registration fail closed.","Verified from code|Verified from existing documentation"
"F-hf-gate-order-count-large-midday-v1","gate.order_count_large_midday.v1","none","gate","Versioned confidence variable for the high-frequency construction freeze.","Deterministic conjunction of the versioned causal states named by the gate.","boolean","boolean","0|1 or missing","instrument or option-contract|one-second decision anchor","Receive-time causal lineage; decision time in IST; source timestamps <= anchor.","session|connection_epoch|decision_timestamp|instrument or option contract","canonical futures/option BBO; L1-L5 quantity/order count; receive timestamp; connection epoch; expiry/strike/type","Reject crossed/invalid/stale inputs; preserve exact one-second endpoints and source lineage.","Feature-specific frozen window; rolling states never cross epochs.","Available at decision anchor only after all source inputs have arrived.","Stale, incomplete, crossed, unsupported, or zero-denominator inputs are missing; zero is retained only when mathematically observed.","Exactly as formula; no implicit standardization.","Confidence/routing support only.","data/src/shaurya/data/high_frequency.py|research/registries/microstructure_features_v2.yaml","H-high-frequency-003","T-high-frequency-features|T-high-frequency-registries","Future endpoints, current-in-threshold leakage, stale as-of joins, reconnect bridging, and target-as-feature registration fail closed.","Verified from code|Verified from existing documentation"
"F-hf-gate-l1-quantity-lowvol-middepth-v1","gate.l1_quantity_lowvol_middepth.v1","none","gate","Versioned confidence variable for the high-frequency construction freeze.","Deterministic conjunction of the versioned causal states named by the gate.","boolean","boolean","0|1 or missing","instrument or option-contract|one-second decision anchor","Receive-time causal lineage; decision time in IST; source timestamps <= anchor.","session|connection_epoch|decision_timestamp|instrument or option contract","canonical futures/option BBO; L1-L5 quantity/order count; receive timestamp; connection epoch; expiry/strike/type","Reject crossed/invalid/stale inputs; preserve exact one-second endpoints and source lineage.","Feature-specific frozen window; rolling states never cross epochs.","Available at decision anchor only after all source inputs have arrived.","Stale, incomplete, crossed, unsupported, or zero-denominator inputs are missing; zero is retained only when mathematically observed.","Exactly as formula; no implicit standardization.","Confidence/routing support only.","data/src/shaurya/data/high_frequency.py|research/registries/microstructure_features_v2.yaml","H-high-frequency-002","T-high-frequency-features|T-high-frequency-registries","Future endpoints, current-in-threshold leakage, stale as-of joins, reconnect bridging, and target-as-feature registration fail closed.","Verified from code|Verified from existing documentation"
"F-hf-gate-microprice-large-close-v1","gate.microprice_large_close.v1","none","gate","Versioned confidence variable for the high-frequency construction freeze.","Deterministic conjunction of the versioned causal states named by the gate.","boolean","boolean","0|1 or missing","instrument or option-contract|one-second decision anchor","Receive-time causal lineage; decision time in IST; source timestamps <= anchor.","session|connection_epoch|decision_timestamp|instrument or option contract","canonical futures/option BBO; L1-L5 quantity/order count; receive timestamp; connection epoch; expiry/strike/type","Reject crossed/invalid/stale inputs; preserve exact one-second endpoints and source lineage.","Feature-specific frozen window; rolling states never cross epochs.","Available at decision anchor only after all source inputs have arrived.","Stale, incomplete, crossed, unsupported, or zero-denominator inputs are missing; zero is retained only when mathematically observed.","Exactly as formula; no implicit standardization.","Confidence/routing support only.","data/src/shaurya/data/high_frequency.py|research/registries/microstructure_features_v2.yaml","H-high-frequency-001|H-high-frequency-002|H-high-frequency-003|H-high-frequency-004|H-high-frequency-005|H-high-frequency-006|H-high-frequency-007|H-high-frequency-008","T-high-frequency-features|T-high-frequency-registries","Future endpoints, current-in-threshold leakage, stale as-of joins, reconnect bridging, and target-as-feature registration fail closed.","Verified from code|Verified from existing documentation"
"F-hf-gate-reversal-large-move-mid-parity-dispersion-v1","gate.reversal_large_move_mid_parity_dispersion.v1","none","gate","Versioned confidence variable for the high-frequency construction freeze.","Deterministic conjunction of the versioned causal states named by the gate.","boolean","boolean","0|1 or missing","instrument or option-contract|one-second decision anchor","Receive-time causal lineage; decision time in IST; source timestamps <= anchor.","session|connection_epoch|decision_timestamp|instrument or option contract","canonical futures/option BBO; L1-L5 quantity/order count; receive timestamp; connection epoch; expiry/strike/type","Reject crossed/invalid/stale inputs; preserve exact one-second endpoints and source lineage.","Feature-specific frozen window; rolling states never cross epochs.","Available at decision anchor only after all source inputs have arrived.","Stale, incomplete, crossed, unsupported, or zero-denominator inputs are missing; zero is retained only when mathematically observed.","Exactly as formula; no implicit standardization.","Confidence/routing support only.","data/src/shaurya/data/high_frequency.py|research/registries/microstructure_features_v2.yaml","H-high-frequency-004","T-high-frequency-features|T-high-frequency-registries","Future endpoints, current-in-threshold leakage, stale as-of joins, reconnect bridging, and target-as-feature registration fail closed.","Verified from code|Verified from existing documentation"
"F-hf-gate-surface-diff-large-noisy-parity-v1","gate.surface_diff_large_noisy_parity.v1","none","gate","Versioned confidence variable for the high-frequency construction freeze.","Deterministic conjunction of the versioned causal states named by the gate.","boolean","boolean","0|1 or missing","instrument or option-contract|one-second decision anchor","Receive-time causal lineage; decision time in IST; source timestamps <= anchor.","session|connection_epoch|decision_timestamp|instrument or option contract","canonical futures/option BBO; L1-L5 quantity/order count; receive timestamp; connection epoch; expiry/strike/type","Reject crossed/invalid/stale inputs; preserve exact one-second endpoints and source lineage.","Feature-specific frozen window; rolling states never cross epochs.","Available at decision anchor only after all source inputs have arrived.","Stale, incomplete, crossed, unsupported, or zero-denominator inputs are missing; zero is retained only when mathematically observed.","Exactly as formula; no implicit standardization.","Confidence/routing support only.","data/src/shaurya/data/high_frequency.py|research/registries/microstructure_features_v2.yaml","H-high-frequency-005","T-high-frequency-features|T-high-frequency-registries","Future endpoints, current-in-threshold leakage, stale as-of joins, reconnect bridging, and target-as-feature registration fail closed.","Verified from code|Verified from existing documentation"
"F-hf-gate-own-ce-surface-noisy-choppy-v1","gate.own_ce_surface_noisy_choppy.v1","none","gate","Versioned confidence variable for the high-frequency construction freeze.","Deterministic conjunction of the versioned causal states named by the gate.","boolean","boolean","0|1 or missing","instrument or option-contract|one-second decision anchor","Receive-time causal lineage; decision time in IST; source timestamps <= anchor.","session|connection_epoch|decision_timestamp|instrument or option contract","canonical futures/option BBO; L1-L5 quantity/order count; receive timestamp; connection epoch; expiry/strike/type","Reject crossed/invalid/stale inputs; preserve exact one-second endpoints and source lineage.","Feature-specific frozen window; rolling states never cross epochs.","Available at decision anchor only after all source inputs have arrived.","Stale, incomplete, crossed, unsupported, or zero-denominator inputs are missing; zero is retained only when mathematically observed.","Exactly as formula; no implicit standardization.","Confidence/routing support only.","data/src/shaurya/data/high_frequency.py|research/registries/microstructure_features_v2.yaml","H-high-frequency-001|H-high-frequency-002|H-high-frequency-003|H-high-frequency-004|H-high-frequency-005|H-high-frequency-006|H-high-frequency-007|H-high-frequency-008","T-high-frequency-features|T-high-frequency-registries","Future endpoints, current-in-threshold leakage, stale as-of joins, reconnect bridging, and target-as-feature registration fail closed.","Verified from code|Verified from existing documentation"
"F-hf-gate-own-pe-surface-noisy-midvol-v1","gate.own_pe_surface_noisy_midvol.v1","none","gate","Versioned confidence variable for the high-frequency construction freeze.","Deterministic conjunction of the versioned causal states named by the gate.","boolean","boolean","0|1 or missing","instrument or option-contract|one-second decision anchor","Receive-time causal lineage; decision time in IST; source timestamps <= anchor.","session|connection_epoch|decision_timestamp|instrument or option contract","canonical futures/option BBO; L1-L5 quantity/order count; receive timestamp; connection epoch; expiry/strike/type","Reject crossed/invalid/stale inputs; preserve exact one-second endpoints and source lineage.","Feature-specific frozen window; rolling states never cross epochs.","Available at decision anchor only after all source inputs have arrived.","Stale, incomplete, crossed, unsupported, or zero-denominator inputs are missing; zero is retained only when mathematically observed.","Exactly as formula; no implicit standardization.","Confidence/routing support only.","data/src/shaurya/data/high_frequency.py|research/registries/microstructure_features_v2.yaml","H-high-frequency-001|H-high-frequency-002|H-high-frequency-003|H-high-frequency-004|H-high-frequency-005|H-high-frequency-006|H-high-frequency-007|H-high-frequency-008","T-high-frequency-features|T-high-frequency-registries","Future endpoints, current-in-threshold leakage, stale as-of joins, reconnect bridging, and target-as-feature registration fail closed.","Verified from code|Verified from existing documentation"
"F-hf-gate-fast-ofi-lowvol-trending-v1","gate.fast_ofi_lowvol_trending.v1","none","gate","Versioned diagnostic_quarantined variable for the high-frequency construction freeze.","Deterministic conjunction of the versioned causal states named by the gate.","boolean","boolean","0|1 or missing","instrument or option-contract|one-second decision anchor","Receive-time causal lineage; decision time in IST; source timestamps <= anchor.","session|connection_epoch|decision_timestamp|instrument or option contract","canonical futures/option BBO; L1-L5 quantity/order count; receive timestamp; connection epoch; expiry/strike/type","Reject crossed/invalid/stale inputs; preserve exact one-second endpoints and source lineage.","Feature-specific frozen window; rolling states never cross epochs.","Available at decision anchor only after all source inputs have arrived.","Stale, incomplete, crossed, unsupported, or zero-denominator inputs are missing; zero is retained only when mathematically observed.","Exactly as formula; no implicit standardization.","Confidence/routing support only.","data/src/shaurya/data/high_frequency.py|research/registries/microstructure_features_v2.yaml","H-high-frequency-008","T-high-frequency-features|T-high-frequency-registries","Future endpoints, current-in-threshold leakage, stale as-of joins, reconnect bridging, and target-as-feature registration fail closed.","Verified from code|Verified from existing documentation"
"F-hf-interaction-parity-l1-quantity-agree-v1","interaction.parity_l1_quantity_agree.v1","none","interaction","Versioned confidence variable for the high-frequency construction freeze.","Strict non-zero same-sign agreement for v1 production interaction; historical variants retain zero-equals-zero semantics.","boolean","boolean","0|1 or missing","instrument or option-contract|one-second decision anchor","Receive-time causal lineage; decision time in IST; source timestamps <= anchor.","session|connection_epoch|decision_timestamp|instrument or option contract","canonical futures/option BBO; L1-L5 quantity/order count; receive timestamp; connection epoch; expiry/strike/type","Reject crossed/invalid/stale inputs; preserve exact one-second endpoints and source lineage.","Feature-specific frozen window; rolling states never cross epochs.","Available at decision anchor only after all source inputs have arrived.","Stale, incomplete, crossed, unsupported, or zero-denominator inputs are missing; zero is retained only when mathematically observed.","Exactly as formula; no implicit standardization.","Confidence metadata, not a direction head.","data/src/shaurya/data/high_frequency.py|research/registries/microstructure_features_v2.yaml","H-high-frequency-001","T-high-frequency-features|T-high-frequency-registries","Future endpoints, current-in-threshold leakage, stale as-of joins, reconnect bridging, and target-as-feature registration fail closed.","Verified from code|Verified from existing documentation"
"F-hf-interaction-parity-order-count-agree-historical-v1","interaction.parity_order_count_agree_historical.v1","none","interaction","Versioned historical_replication variable for the high-frequency construction freeze.","Strict non-zero same-sign agreement for v1 production interaction; historical variants retain zero-equals-zero semantics.","boolean","boolean","0|1 or missing","instrument or option-contract|one-second decision anchor","Receive-time causal lineage; decision time in IST; source timestamps <= anchor.","session|connection_epoch|decision_timestamp|instrument or option contract","canonical futures/option BBO; L1-L5 quantity/order count; receive timestamp; connection epoch; expiry/strike/type","Reject crossed/invalid/stale inputs; preserve exact one-second endpoints and source lineage.","Feature-specific frozen window; rolling states never cross epochs.","Available at decision anchor only after all source inputs have arrived.","Stale, incomplete, crossed, unsupported, or zero-denominator inputs are missing; zero is retained only when mathematically observed.","Exactly as formula; no implicit standardization.","Confidence metadata, not a direction head.","data/src/shaurya/data/high_frequency.py|research/registries/microstructure_features_v2.yaml","H-high-frequency-001|H-high-frequency-002|H-high-frequency-003|H-high-frequency-004|H-high-frequency-005|H-high-frequency-006|H-high-frequency-007|H-high-frequency-008","T-high-frequency-features|T-high-frequency-registries","Future endpoints, current-in-threshold leakage, stale as-of joins, reconnect bridging, and target-as-feature registration fail closed.","Verified from code|Verified from existing documentation"
"F-hf-interaction-parity-fast-ofi-agree-historical-v1","interaction.parity_fast_ofi_agree_historical.v1","none","interaction","Versioned historical_replication variable for the high-frequency construction freeze.","Strict non-zero same-sign agreement for v1 production interaction; historical variants retain zero-equals-zero semantics.","boolean","boolean","0|1 or missing","instrument or option-contract|one-second decision anchor","Receive-time causal lineage; decision time in IST; source timestamps <= anchor.","session|connection_epoch|decision_timestamp|instrument or option contract","canonical futures/option BBO; L1-L5 quantity/order count; receive timestamp; connection epoch; expiry/strike/type","Reject crossed/invalid/stale inputs; preserve exact one-second endpoints and source lineage.","Feature-specific frozen window; rolling states never cross epochs.","Available at decision anchor only after all source inputs have arrived.","Stale, incomplete, crossed, unsupported, or zero-denominator inputs are missing; zero is retained only when mathematically observed.","Exactly as formula; no implicit standardization.","Confidence metadata, not a direction head.","data/src/shaurya/data/high_frequency.py|research/registries/microstructure_features_v2.yaml","H-high-frequency-001|H-high-frequency-002|H-high-frequency-003|H-high-frequency-004|H-high-frequency-005|H-high-frequency-006|H-high-frequency-007|H-high-frequency-008","T-high-frequency-features|T-high-frequency-registries","Future endpoints, current-in-threshold leakage, stale as-of joins, reconnect bridging, and target-as-feature registration fail closed.","Verified from code|Verified from existing documentation"
"F-hf-interaction-fast-ofi-order-count-agree-historical-v1","interaction.fast_ofi_order_count_agree_historical.v1","none","interaction","Versioned historical_replication variable for the high-frequency construction freeze.","Strict non-zero same-sign agreement for v1 production interaction; historical variants retain zero-equals-zero semantics.","boolean","boolean","0|1 or missing","instrument or option-contract|one-second decision anchor","Receive-time causal lineage; decision time in IST; source timestamps <= anchor.","session|connection_epoch|decision_timestamp|instrument or option contract","canonical futures/option BBO; L1-L5 quantity/order count; receive timestamp; connection epoch; expiry/strike/type","Reject crossed/invalid/stale inputs; preserve exact one-second endpoints and source lineage.","Feature-specific frozen window; rolling states never cross epochs.","Available at decision anchor only after all source inputs have arrived.","Stale, incomplete, crossed, unsupported, or zero-denominator inputs are missing; zero is retained only when mathematically observed.","Exactly as formula; no implicit standardization.","Confidence metadata, not a direction head.","data/src/shaurya/data/high_frequency.py|research/registries/microstructure_features_v2.yaml","H-high-frequency-001|H-high-frequency-002|H-high-frequency-003|H-high-frequency-004|H-high-frequency-005|H-high-frequency-006|H-high-frequency-007|H-high-frequency-008","T-high-frequency-features|T-high-frequency-registries","Future endpoints, current-in-threshold leakage, stale as-of joins, reconnect bridging, and target-as-feature registration fail closed.","Verified from code|Verified from existing documentation"
"F-hf-option-atm-ce-iv-v1","option.atm_ce_iv.v1","none","atm_iv","Versioned support variable for the high-frequency construction freeze.","Black-76 CE/PE inversion using F_exatm, exact expiry 15:30 IST time, r=0.055, and fresh quality-gated quotes.","absolute volatility","float","(0,+infinity)","instrument or option-contract|one-second decision anchor","Receive-time causal lineage; decision time in IST; source timestamps <= anchor.","session|connection_epoch|decision_timestamp|instrument or option contract","canonical futures/option BBO; L1-L5 quantity/order count; receive timestamp; connection epoch; expiry/strike/type","Reject crossed/invalid/stale inputs; preserve exact one-second endpoints and source lineage.","Feature-specific frozen window; rolling states never cross epochs.","Available at decision anchor only after all source inputs have arrived.","Stale, incomplete, crossed, unsupported, or zero-denominator inputs are missing; zero is retained only when mathematically observed.","Exactly as formula; no implicit standardization.","Level is support, not futures direction.","data/src/shaurya/data/high_frequency.py|research/registries/microstructure_features_v2.yaml","H-high-frequency-001|H-high-frequency-002|H-high-frequency-003|H-high-frequency-004|H-high-frequency-005|H-high-frequency-006|H-high-frequency-007|H-high-frequency-008","T-high-frequency-features|T-high-frequency-registries","Future endpoints, current-in-threshold leakage, stale as-of joins, reconnect bridging, and target-as-feature registration fail closed.","Verified from code|Verified from existing documentation"
"F-hf-option-atm-pe-iv-v1","option.atm_pe_iv.v1","none","atm_iv","Versioned support variable for the high-frequency construction freeze.","Black-76 CE/PE inversion using F_exatm, exact expiry 15:30 IST time, r=0.055, and fresh quality-gated quotes.","absolute volatility","float","(0,+infinity)","instrument or option-contract|one-second decision anchor","Receive-time causal lineage; decision time in IST; source timestamps <= anchor.","session|connection_epoch|decision_timestamp|instrument or option contract","canonical futures/option BBO; L1-L5 quantity/order count; receive timestamp; connection epoch; expiry/strike/type","Reject crossed/invalid/stale inputs; preserve exact one-second endpoints and source lineage.","Feature-specific frozen window; rolling states never cross epochs.","Available at decision anchor only after all source inputs have arrived.","Stale, incomplete, crossed, unsupported, or zero-denominator inputs are missing; zero is retained only when mathematically observed.","Exactly as formula; no implicit standardization.","Level is support, not futures direction.","data/src/shaurya/data/high_frequency.py|research/registries/microstructure_features_v2.yaml","H-high-frequency-001|H-high-frequency-002|H-high-frequency-003|H-high-frequency-004|H-high-frequency-005|H-high-frequency-006|H-high-frequency-007|H-high-frequency-008","T-high-frequency-features|T-high-frequency-registries","Future endpoints, current-in-threshold leakage, stale as-of joins, reconnect bridging, and target-as-feature registration fail closed.","Verified from code|Verified from existing documentation"
"F-hf-option-atm-iv-mid-v1","option.atm_iv_mid.v1","none","atm_iv","Versioned repricing_anchor variable for the high-frequency construction freeze.","Black-76 CE/PE inversion using F_exatm, exact expiry 15:30 IST time, r=0.055, and fresh quality-gated quotes.","absolute volatility","float","(0,+infinity)","instrument or option-contract|one-second decision anchor","Receive-time causal lineage; decision time in IST; source timestamps <= anchor.","session|connection_epoch|decision_timestamp|instrument or option contract","canonical futures/option BBO; L1-L5 quantity/order count; receive timestamp; connection epoch; expiry/strike/type","Reject crossed/invalid/stale inputs; preserve exact one-second endpoints and source lineage.","Feature-specific frozen window; rolling states never cross epochs.","Available at decision anchor only after all source inputs have arrived.","Stale, incomplete, crossed, unsupported, or zero-denominator inputs are missing; zero is retained only when mathematically observed.","Exactly as formula; no implicit standardization.","Level is support, not futures direction.","data/src/shaurya/data/high_frequency.py|research/registries/microstructure_features_v2.yaml","H-high-frequency-001|H-high-frequency-002|H-high-frequency-003|H-high-frequency-004|H-high-frequency-005|H-high-frequency-006|H-high-frequency-007|H-high-frequency-008","T-high-frequency-features|T-high-frequency-registries","Future endpoints, current-in-threshold leakage, stale as-of joins, reconnect bridging, and target-as-feature registration fail closed.","Verified from code|Verified from existing documentation"
"F-hf-option-atm-iv-shock-1s-bp-v1","option.atm_iv_shock_1s_bp.v1","none","atm_iv","Versioned shadow_candidate variable for the high-frequency construction freeze.","10000*(ATMIV_t-ATMIV_t-h) on exact same-epoch one-second endpoints.","IV basis points","float","real","instrument or option-contract|one-second decision anchor","Receive-time causal lineage; decision time in IST; source timestamps <= anchor.","session|connection_epoch|decision_timestamp|instrument or option contract","canonical futures/option BBO; L1-L5 quantity/order count; receive timestamp; connection epoch; expiry/strike/type","Reject crossed/invalid/stale inputs; preserve exact one-second endpoints and source lineage.","Feature-specific frozen window; rolling states never cross epochs.","Available at decision anchor only after all source inputs have arrived.","Stale, incomplete, crossed, unsupported, or zero-denominator inputs are missing; zero is retained only when mathematically observed.","Exactly as formula; no implicit standardization.","Positive means IV just rose.","data/src/shaurya/data/high_frequency.py|research/registries/microstructure_features_v2.yaml","H-high-frequency-001|H-high-frequency-002|H-high-frequency-003|H-high-frequency-004|H-high-frequency-005|H-high-frequency-006|H-high-frequency-007|H-high-frequency-008","T-high-frequency-features|T-high-frequency-registries","Future endpoints, current-in-threshold leakage, stale as-of joins, reconnect bridging, and target-as-feature registration fail closed.","Verified from code|Verified from existing documentation"
"F-hf-option-atm-iv-shock-5s-bp-v1","option.atm_iv_shock_5s_bp.v1","none","atm_iv","Versioned shadow_candidate variable for the high-frequency construction freeze.","10000*(ATMIV_t-ATMIV_t-h) on exact same-epoch one-second endpoints.","IV basis points","float","real","instrument or option-contract|one-second decision anchor","Receive-time causal lineage; decision time in IST; source timestamps <= anchor.","session|connection_epoch|decision_timestamp|instrument or option contract","canonical futures/option BBO; L1-L5 quantity/order count; receive timestamp; connection epoch; expiry/strike/type","Reject crossed/invalid/stale inputs; preserve exact one-second endpoints and source lineage.","Feature-specific frozen window; rolling states never cross epochs.","Available at decision anchor only after all source inputs have arrived.","Stale, incomplete, crossed, unsupported, or zero-denominator inputs are missing; zero is retained only when mathematically observed.","Exactly as formula; no implicit standardization.","Positive means IV just rose.","data/src/shaurya/data/high_frequency.py|research/registries/microstructure_features_v2.yaml","H-high-frequency-006","T-high-frequency-features|T-high-frequency-registries","Future endpoints, current-in-threshold leakage, stale as-of joins, reconnect bridging, and target-as-feature registration fail closed.","Verified from code|Verified from existing documentation"
"F-hf-option-atm-cp-iv-diff-bp-v1","option.atm_cp_iv_diff_bp.v1","none","atm_iv","Versioned redundancy_controlled variable for the high-frequency construction freeze.","10000*(ATM CE IV-ATM PE IV).","IV basis points","float","real","instrument or option-contract|one-second decision anchor","Receive-time causal lineage; decision time in IST; source timestamps <= anchor.","session|connection_epoch|decision_timestamp|instrument or option contract","canonical futures/option BBO; L1-L5 quantity/order count; receive timestamp; connection epoch; expiry/strike/type","Reject crossed/invalid/stale inputs; preserve exact one-second endpoints and source lineage.","Feature-specific frozen window; rolling states never cross epochs.","Available at decision anchor only after all source inputs have arrived.","Stale, incomplete, crossed, unsupported, or zero-denominator inputs are missing; zero is retained only when mathematically observed.","Exactly as formula; no implicit standardization.","Positive means call IV exceeds put IV.","data/src/shaurya/data/high_frequency.py|research/registries/microstructure_features_v2.yaml","H-high-frequency-001|H-high-frequency-002|H-high-frequency-003|H-high-frequency-004|H-high-frequency-005|H-high-frequency-006|H-high-frequency-007|H-high-frequency-008","T-high-frequency-features|T-high-frequency-registries","Future endpoints, current-in-threshold leakage, stale as-of joins, reconnect bridging, and target-as-feature registration fail closed.","Verified from code|Verified from existing documentation"
"F-hf-option-atm-vs-exatm-surface-gap-bp-v1","option.atm_vs_exatm_surface_gap_bp.v1","none","atm_iv","Versioned shadow_candidate variable for the high-frequency construction freeze.","10000*(traded ATM IV-ex-ATM fitted surface IV).","IV basis points","float","real","instrument or option-contract|one-second decision anchor","Receive-time causal lineage; decision time in IST; source timestamps <= anchor.","session|connection_epoch|decision_timestamp|instrument or option contract","canonical futures/option BBO; L1-L5 quantity/order count; receive timestamp; connection epoch; expiry/strike/type","Reject crossed/invalid/stale inputs; preserve exact one-second endpoints and source lineage.","Feature-specific frozen window; rolling states never cross epochs.","Available at decision anchor only after all source inputs have arrived.","Stale, incomplete, crossed, unsupported, or zero-denominator inputs are missing; zero is retained only when mathematically observed.","Exactly as formula; no implicit standardization.","Positive means traded ATM IV is rich.","data/src/shaurya/data/high_frequency.py|research/registries/microstructure_features_v2.yaml","H-high-frequency-001|H-high-frequency-002|H-high-frequency-003|H-high-frequency-004|H-high-frequency-005|H-high-frequency-006|H-high-frequency-007|H-high-frequency-008","T-high-frequency-features|T-high-frequency-registries","Future endpoints, current-in-threshold leakage, stale as-of joins, reconnect bridging, and target-as-feature registration fail closed.","Verified from code|Verified from existing documentation"
"F-hf-risk-atm-iv-vov-60s-bp-v1","risk.atm_iv_vov_60s_bp.v1","none","risk","Versioned gate_support variable for the high-frequency construction freeze.","Sample standard deviation (ddof=1) of valid one-second IV shocks over trailing 60 seconds; minimum 40.","IV basis points","float","[0,+infinity)","instrument or option-contract|one-second decision anchor","Receive-time causal lineage; decision time in IST; source timestamps <= anchor.","session|connection_epoch|decision_timestamp|instrument or option contract","canonical futures/option BBO; L1-L5 quantity/order count; receive timestamp; connection epoch; expiry/strike/type","Reject crossed/invalid/stale inputs; preserve exact one-second endpoints and source lineage.","Feature-specific frozen window; rolling states never cross epochs.","Available at decision anchor only after all source inputs have arrived.","Stale, incomplete, crossed, unsupported, or zero-denominator inputs are missing; zero is retained only when mathematically observed.","Exactly as formula; no implicit standardization.","Risk/gate support only.","data/src/shaurya/data/high_frequency.py|research/registries/microstructure_features_v2.yaml","H-high-frequency-001|H-high-frequency-002|H-high-frequency-003|H-high-frequency-004|H-high-frequency-005|H-high-frequency-006|H-high-frequency-007|H-high-frequency-008","T-high-frequency-features|T-high-frequency-registries","Future endpoints, current-in-threshold leakage, stale as-of joins, reconnect bridging, and target-as-feature registration fail closed.","Verified from code|Verified from existing documentation"
"F-hf-state-atm-iv-vov60-rel-v1","state.atm_iv_vov60_rel.v1","none","state","Versioned gate_support variable for the high-frequency construction freeze.","Current value classified against q33/q67 from prior 900 seconds, current excluded, minimum 120, same epoch.","categorical","categorical","low|mid|high","instrument or option-contract|one-second decision anchor","Receive-time causal lineage; decision time in IST; source timestamps <= anchor.","session|connection_epoch|decision_timestamp|instrument or option contract","canonical futures/option BBO; L1-L5 quantity/order count; receive timestamp; connection epoch; expiry/strike/type","Reject crossed/invalid/stale inputs; preserve exact one-second endpoints and source lineage.","Feature-specific frozen window; rolling states never cross epochs.","Available at decision anchor only after all source inputs have arrived.","Stale, incomplete, crossed, unsupported, or zero-denominator inputs are missing; zero is retained only when mathematically observed.","Exactly as formula; no implicit standardization.","Feature-specific support state.","data/src/shaurya/data/high_frequency.py|research/registries/microstructure_features_v2.yaml","H-high-frequency-001|H-high-frequency-002|H-high-frequency-003|H-high-frequency-004|H-high-frequency-005|H-high-frequency-006|H-high-frequency-007|H-high-frequency-008","T-high-frequency-features|T-high-frequency-registries","Future endpoints, current-in-threshold leakage, stale as-of joins, reconnect bridging, and target-as-feature registration fail closed.","Verified from code|Verified from existing documentation"
"F-hf-gate-atm-iv-reversal-mid-vov-v1","gate.atm_iv_reversal_mid_vov.v1","none","gate","Versioned shadow_confidence variable for the high-frequency construction freeze.","Deterministic conjunction of the versioned causal states named by the gate.","boolean","boolean","0|1 or missing","instrument or option-contract|one-second decision anchor","Receive-time causal lineage; decision time in IST; source timestamps <= anchor.","session|connection_epoch|decision_timestamp|instrument or option contract","canonical futures/option BBO; L1-L5 quantity/order count; receive timestamp; connection epoch; expiry/strike/type","Reject crossed/invalid/stale inputs; preserve exact one-second endpoints and source lineage.","Feature-specific frozen window; rolling states never cross epochs.","Available at decision anchor only after all source inputs have arrived.","Stale, incomplete, crossed, unsupported, or zero-denominator inputs are missing; zero is retained only when mathematically observed.","Exactly as formula; no implicit standardization.","Confidence/routing support only.","data/src/shaurya/data/high_frequency.py|research/registries/microstructure_features_v2.yaml","H-high-frequency-006","T-high-frequency-features|T-high-frequency-registries","Future endpoints, current-in-threshold leakage, stale as-of joins, reconnect bridging, and target-as-feature registration fail closed.","Verified from code|Verified from existing documentation"
"F-hf-postfill-aligned-fast-ofi-historical-v1","postfill.aligned_fast_ofi_historical.v1","none","post_fill","Versioned historical_replication_only variable for the high-frequency construction freeze.","position_sign*call_put_delta_sign*frozen predictor.","predictor units","float","real","instrument or option-contract|one-second decision anchor","Receive-time causal lineage; decision time in IST; source timestamps <= anchor.","session|connection_epoch|decision_timestamp|instrument or option contract","canonical futures/option BBO; L1-L5 quantity/order count; receive timestamp; connection epoch; expiry/strike/type","Reject crossed/invalid/stale inputs; preserve exact one-second endpoints and source lineage.","Feature-specific frozen window; rolling states never cross epochs.","Available at decision anchor only after all source inputs have arrived.","Stale, incomplete, crossed, unsupported, or zero-denominator inputs are missing; zero is retained only when mathematically observed.","Exactly as formula; no implicit standardization.","Sign aligned to reconstructed filled position benefit.","data/src/shaurya/data/high_frequency.py|research/registries/microstructure_features_v2.yaml","H-high-frequency-001|H-high-frequency-002|H-high-frequency-003|H-high-frequency-004|H-high-frequency-005|H-high-frequency-006|H-high-frequency-007|H-high-frequency-008","T-high-frequency-features|T-high-frequency-registries","Future endpoints, current-in-threshold leakage, stale as-of joins, reconnect bridging, and target-as-feature registration fail closed.","Verified from code|Verified from existing documentation"
"F-hf-postfill-aligned-order-count-imbalance-historical-v1","postfill.aligned_order_count_imbalance_historical.v1","none","post_fill","Versioned historical_replication_only variable for the high-frequency construction freeze.","position_sign*call_put_delta_sign*frozen predictor.","predictor units","float","real","instrument or option-contract|one-second decision anchor","Receive-time causal lineage; decision time in IST; source timestamps <= anchor.","session|connection_epoch|decision_timestamp|instrument or option contract","canonical futures/option BBO; L1-L5 quantity/order count; receive timestamp; connection epoch; expiry/strike/type","Reject crossed/invalid/stale inputs; preserve exact one-second endpoints and source lineage.","Feature-specific frozen window; rolling states never cross epochs.","Available at decision anchor only after all source inputs have arrived.","Stale, incomplete, crossed, unsupported, or zero-denominator inputs are missing; zero is retained only when mathematically observed.","Exactly as formula; no implicit standardization.","Sign aligned to reconstructed filled position benefit.","data/src/shaurya/data/high_frequency.py|research/registries/microstructure_features_v2.yaml","H-high-frequency-001|H-high-frequency-002|H-high-frequency-003|H-high-frequency-004|H-high-frequency-005|H-high-frequency-006|H-high-frequency-007|H-high-frequency-008","T-high-frequency-features|T-high-frequency-registries","Future endpoints, current-in-threshold leakage, stale as-of joins, reconnect bridging, and target-as-feature registration fail closed.","Verified from code|Verified from existing documentation"
"F-hf-postfill-direction-alignment-historical-v1","postfill.direction_alignment_historical.v1","none","post_fill","Versioned historical_replication_support variable for the high-frequency construction freeze.","Versioned deterministic direction_alignment construction.","feature-specific","float","feature-specific","instrument or option-contract|one-second decision anchor","Receive-time causal lineage; decision time in IST; source timestamps <= anchor.","session|connection_epoch|decision_timestamp|instrument or option contract","canonical futures/option BBO; L1-L5 quantity/order count; receive timestamp; connection epoch; expiry/strike/type","Reject crossed/invalid/stale inputs; preserve exact one-second endpoints and source lineage.","Feature-specific frozen window; rolling states never cross epochs.","Available at decision anchor only after all source inputs have arrived.","Stale, incomplete, crossed, unsupported, or zero-denominator inputs are missing; zero is retained only when mathematically observed.","Exactly as formula; no implicit standardization.","See methodology; no unstated sign.","data/src/shaurya/data/high_frequency.py|research/registries/microstructure_features_v2.yaml","H-high-frequency-001|H-high-frequency-002|H-high-frequency-003|H-high-frequency-004|H-high-frequency-005|H-high-frequency-006|H-high-frequency-007|H-high-frequency-008","T-high-frequency-features|T-high-frequency-registries","Future endpoints, current-in-threshold leakage, stale as-of joins, reconnect bridging, and target-as-feature registration fail closed.","Verified from code|Verified from existing documentation"
