cluster_ids,comparison_id,comparison_kind,delta_oos_r_squared,direction,evaluation_rows,fold_id,model_kind,paired_loss_blocks,permutation_repeat,permutation_seed,training_rows
"[""cluster__057ded5ba3568a7f""]",cluster__057ded5ba3568a7f,drop_cluster,0.0038924979924558345,positive,1416,outer_01,elastic_net,142,,,2712
"[""cluster__06ca194a0a433de6""]",cluster__06ca194a0a433de6,drop_cluster,5.019318294330333e-13,positive,1416,outer_01,elastic_net,142,,,2712
"[""cluster__09e103f2030ca53e""]",cluster__09e103f2030ca53e,drop_cluster,-2.220446049250313e-16,zero,1416,outer_01,elastic_net,142,,,2712
"[""cluster__0ddaa772748cd2a8""]",cluster__0ddaa772748cd2a8,drop_cluster,6.331601909437268e-13,positive,1416,outer_01,elastic_net,142,,,2712
"[""cluster__11a9adfe78800106""]",cluster__11a9adfe78800106,drop_cluster,-2.220446049250313e-16,zero,1416,outer_01,elastic_net,142,,,2712
"[""cluster__189d1a90a1a742dc""]",cluster__189d1a90a1a742dc,drop_cluster,8.881784197001252e-16,zero,1416,outer_01,elastic_net,142,,,2712
"[""cluster__1a13286f866c4155""]",cluster__1a13286f866c4155,drop_cluster,-0.012707424528849987,negative,1416,outer_01,elastic_net,142,,,2712
"[""cluster__1ce77120fa004169""]",cluster__1ce77120fa004169,drop_cluster,-1.4876988529977098e-14,negative,1416,outer_01,elastic_net,142,,,2712
"[""cluster__1e0e01b9fe15ec55""]",cluster__1e0e01b9fe15ec55,drop_cluster,-0.0004952733199315995,negative,1416,outer_01,elastic_net,142,,,2712
"[""cluster__1e968c8901c575db""]",cluster__1e968c8901c575db,drop_cluster,0.0,zero,1416,outer_01,elastic_net,142,,,2712
"[""cluster__1f48220de6e92f9d""]",cluster__1f48220de6e92f9d,drop_cluster,0.0,zero,1416,outer_01,elastic_net,142,,,2712
"[""cluster__20fb49f3528f30d2""]",cluster__20fb49f3528f30d2,drop_cluster,-3.9623859748871837e-13,negative,1416,outer_01,elastic_net,142,,,2712
"[""cluster__23a7d3b95c5e30ff""]",cluster__23a7d3b95c5e30ff,drop_cluster,-0.016093323902954926,negative,1416,outer_01,elastic_net,142,,,2712
"[""cluster__26090851fa96f8cf""]",cluster__26090851fa96f8cf,drop_cluster,2.7323698859049728e-12,positive,1416,outer_01,elastic_net,142,,,2712
"[""cluster__26ad2c75d43d49ad""]",cluster__26ad2c75d43d49ad,drop_cluster,6.174501674893751e-05,positive,1416,outer_01,elastic_net,142,,,2712
"[""cluster__29963467135cd4cd""]",cluster__29963467135cd4cd,drop_cluster,-2.220446049250313e-16,zero,1416,outer_01,elastic_net,142,,,2712
"[""cluster__2d7a1c0d880f88ee""]",cluster__2d7a1c0d880f88ee,drop_cluster,4.483080573436382e-13,positive,1416,outer_01,elastic_net,142,,,2712
"[""cluster__2e6f29d20733c126""]",cluster__2e6f29d20733c126,drop_cluster,-2.220446049250313e-16,zero,1416,outer_01,elastic_net,142,,,2712
"[""cluster__2f6f9b66bf9da773""]",cluster__2f6f9b66bf9da773,drop_cluster,-2.220446049250313e-16,zero,1416,outer_01,elastic_net,142,,,2712
"[""cluster__2f97bd40c280c05c""]",cluster__2f97bd40c280c05c,drop_cluster,-2.220446049250313e-16,zero,1416,outer_01,elastic_net,142,,,2712
"[""cluster__394bc857d8fc4a57""]",cluster__394bc857d8fc4a57,drop_cluster,4.4375614294267507e-13,positive,1416,outer_01,elastic_net,142,,,2712
"[""cluster__3a128293ed568dc0""]",cluster__3a128293ed568dc0,drop_cluster,-2.220446049250313e-16,zero,1416,outer_01,elastic_net,142,,,2712
"[""cluster__3b5a3dfcf12b13e5""]",cluster__3b5a3dfcf12b13e5,drop_cluster,6.068479052601106e-13,positive,1416,outer_01,elastic_net,142,,,2712
"[""cluster__3c67dd0616449c2d""]",cluster__3c67dd0616449c2d,drop_cluster,0.01966365664241132,positive,1416,outer_01,elastic_net,142,,,2712
"[""cluster__3cf051d5429a5851""]",cluster__3cf051d5429a5851,drop_cluster,-2.220446049250313e-16,zero,1416,outer_01,elastic_net,142,,,2712
"[""cluster__3e5336b9c24613b3""]",cluster__3e5336b9c24613b3,drop_cluster,-2.220446049250313e-16,zero,1416,outer_01,elastic_net,142,,,2712
"[""cluster__421a4a1c5073e265""]",cluster__421a4a1c5073e265,drop_cluster,-2.220446049250313e-16,zero,1416,outer_01,elastic_net,142,,,2712
"[""cluster__453e45b37c54e768""]",cluster__453e45b37c54e768,drop_cluster,-2.220446049250313e-16,zero,1416,outer_01,elastic_net,142,,,2712
"[""cluster__477b0804b0e235c3""]",cluster__477b0804b0e235c3,drop_cluster,-7.749356711883593e-14,negative,1416,outer_01,elastic_net,142,,,2712
"[""cluster__4a28d5e18578418a""]",cluster__4a28d5e18578418a,drop_cluster,-2.220446049250313e-16,zero,1416,outer_01,elastic_net,142,,,2712
"[""cluster__4e66a854583b258d""]",cluster__4e66a854583b258d,drop_cluster,-0.004861523312206573,negative,1416,outer_01,elastic_net,142,,,2712
"[""cluster__4f2f17103c6e4b0f""]",cluster__4f2f17103c6e4b0f,drop_cluster,-2.220446049250313e-16,zero,1416,outer_01,elastic_net,142,,,2712
"[""cluster__586a389aaf56ab73""]",cluster__586a389aaf56ab73,drop_cluster,-2.220446049250313e-16,zero,1416,outer_01,elastic_net,142,,,2712
"[""cluster__5a65732a4a4ff188""]",cluster__5a65732a4a4ff188,drop_cluster,-2.220446049250313e-16,zero,1416,outer_01,elastic_net,142,,,2712
"[""cluster__5c7bb033aa35772f""]",cluster__5c7bb033aa35772f,drop_cluster,-2.220446049250313e-16,zero,1416,outer_01,elastic_net,142,,,2712
"[""cluster__638294e28a507a16""]",cluster__638294e28a507a16,drop_cluster,-2.220446049250313e-16,zero,1416,outer_01,elastic_net,142,,,2712
"[""cluster__6567e1495fb81e67""]",cluster__6567e1495fb81e67,drop_cluster,-2.220446049250313e-16,zero,1416,outer_01,elastic_net,142,,,2712
"[""cluster__66ae01ac794f63eb""]",cluster__66ae01ac794f63eb,drop_cluster,-9.992007221626409e-16,zero,1416,outer_01,elastic_net,142,,,2712
"[""cluster__6712d3b7bf51390b""]",cluster__6712d3b7bf51390b,drop_cluster,-2.220446049250313e-16,zero,1416,outer_01,elastic_net,142,,,2712
"[""cluster__69905f0e3a72c606""]",cluster__69905f0e3a72c606,drop_cluster,-3.9190872769268026e-14,negative,1416,outer_01,elastic_net,142,,,2712
"[""cluster__6a9c460c39dcad34""]",cluster__6a9c460c39dcad34,drop_cluster,-2.220446049250313e-16,zero,1416,outer_01,elastic_net,142,,,2712
"[""cluster__724520f09acc991f""]",cluster__724520f09acc991f,drop_cluster,2.3647750424515834e-14,positive,1416,outer_01,elastic_net,142,,,2712
"[""cluster__7533afca12d5c845""]",cluster__7533afca12d5c845,drop_cluster,1.3444800828210646e-13,positive,1416,outer_01,elastic_net,142,,,2712
"[""cluster__75ae125737df1102""]",cluster__75ae125737df1102,drop_cluster,6.661338147750939e-16,zero,1416,outer_01,elastic_net,142,,,2712
"[""cluster__773984b00b5c1f1c""]",cluster__773984b00b5c1f1c,drop_cluster,7.34190486184616e-13,positive,1416,outer_01,elastic_net,142,,,2712
"[""cluster__7cc2e09b9a932b39""]",cluster__7cc2e09b9a932b39,drop_cluster,-2.220446049250313e-16,zero,1416,outer_01,elastic_net,142,,,2712
"[""cluster__84da565ba8281d2a""]",cluster__84da565ba8281d2a,drop_cluster,-2.220446049250313e-16,zero,1416,outer_01,elastic_net,142,,,2712
"[""cluster__87f626d156f0ac67""]",cluster__87f626d156f0ac67,drop_cluster,0.004469158832498432,positive,1416,outer_01,elastic_net,142,,,2712
"[""cluster__8b57524bef0d2ebf""]",cluster__8b57524bef0d2ebf,drop_cluster,0.0012053252298102057,positive,1416,outer_01,elastic_net,142,,,2712
"[""cluster__8c29a8ea6225c377""]",cluster__8c29a8ea6225c377,drop_cluster,-2.220446049250313e-16,zero,1416,outer_01,elastic_net,142,,,2712
"[""cluster__959b637bd3bb66d4""]",cluster__959b637bd3bb66d4,drop_cluster,-2.220446049250313e-16,zero,1416,outer_01,elastic_net,142,,,2712
"[""cluster__962c08b556b1c862""]",cluster__962c08b556b1c862,drop_cluster,-2.220446049250313e-16,zero,1416,outer_01,elastic_net,142,,,2712
"[""cluster__9ca9e2709e5c747a""]",cluster__9ca9e2709e5c747a,drop_cluster,-2.220446049250313e-16,zero,1416,outer_01,elastic_net,142,,,2712
"[""cluster__a1e835b95b16e9e9""]",cluster__a1e835b95b16e9e9,drop_cluster,-2.964295475749168e-14,negative,1416,outer_01,elastic_net,142,,,2712
"[""cluster__a391bd497d5a01b9""]",cluster__a391bd497d5a01b9,drop_cluster,-4.39648317751562e-14,negative,1416,outer_01,elastic_net,142,,,2712
"[""cluster__a59fb5db9f4fd3e0""]",cluster__a59fb5db9f4fd3e0,drop_cluster,0.010857809128221207,positive,1416,outer_01,elastic_net,142,,,2712
"[""cluster__a7171c841cb9fb67""]",cluster__a7171c841cb9fb67,drop_cluster,-0.002854766173238099,negative,1416,outer_01,elastic_net,142,,,2712
"[""cluster__a867b4c1b44d375e""]",cluster__a867b4c1b44d375e,drop_cluster,-0.003990366175037119,negative,1416,outer_01,elastic_net,142,,,2712
"[""cluster__ad0a96a048bbc7d8""]",cluster__ad0a96a048bbc7d8,drop_cluster,-2.220446049250313e-16,zero,1416,outer_01,elastic_net,142,,,2712
"[""cluster__afbf9ac7f0d6750b""]",cluster__afbf9ac7f0d6750b,drop_cluster,-2.220446049250313e-16,zero,1416,outer_01,elastic_net,142,,,2712
"[""cluster__b14504afa42d221d""]",cluster__b14504afa42d221d,drop_cluster,-2.220446049250313e-16,zero,1416,outer_01,elastic_net,142,,,2712
"[""cluster__b3049e2f6d60b737""]",cluster__b3049e2f6d60b737,drop_cluster,-2.220446049250313e-16,zero,1416,outer_01,elastic_net,142,,,2712
"[""cluster__b31ca2d0bf76f633""]",cluster__b31ca2d0bf76f633,drop_cluster,-2.220446049250313e-16,zero,1416,outer_01,elastic_net,142,,,2712
"[""cluster__b3a7ffd8d4e710b8""]",cluster__b3a7ffd8d4e710b8,drop_cluster,-0.006210133954596908,negative,1416,outer_01,elastic_net,142,,,2712
"[""cluster__b7ff184a7303a6f4""]",cluster__b7ff184a7303a6f4,drop_cluster,0.00022464064997529398,positive,1416,outer_01,elastic_net,142,,,2712
"[""cluster__b89a1d7f25394d90""]",cluster__b89a1d7f25394d90,drop_cluster,0.0,zero,1416,outer_01,elastic_net,142,,,2712
"[""cluster__b9449c25001f7b51""]",cluster__b9449c25001f7b51,drop_cluster,-0.00031954870356476484,negative,1416,outer_01,elastic_net,142,,,2712
"[""cluster__bc09b5bb95952a78""]",cluster__bc09b5bb95952a78,drop_cluster,0.0,zero,1416,outer_01,elastic_net,142,,,2712
"[""cluster__c2362e322fead508""]",cluster__c2362e322fead508,drop_cluster,0.0,zero,1416,outer_01,elastic_net,142,,,2712
"[""cluster__c31b8136d504bf03""]",cluster__c31b8136d504bf03,drop_cluster,1.1102230246251565e-15,positive,1416,outer_01,elastic_net,142,,,2712
"[""cluster__c5e49f1433602139""]",cluster__c5e49f1433602139,drop_cluster,6.645795025406187e-13,positive,1416,outer_01,elastic_net,142,,,2712
"[""cluster__c9bce3cfeb10e97e""]",cluster__c9bce3cfeb10e97e,drop_cluster,0.0,zero,1416,outer_01,elastic_net,142,,,2712
"[""cluster__d0b21ec5092ce804""]",cluster__d0b21ec5092ce804,drop_cluster,0.0,zero,1416,outer_01,elastic_net,142,,,2712
"[""cluster__db99c4b3ba8fc30d""]",cluster__db99c4b3ba8fc30d,drop_cluster,-0.0005625785317794341,negative,1416,outer_01,elastic_net,142,,,2712
"[""cluster__e11a6d709526da4b""]",cluster__e11a6d709526da4b,drop_cluster,-0.007040123356258365,negative,1416,outer_01,elastic_net,142,,,2712
"[""cluster__e52784991ac5d943""]",cluster__e52784991ac5d943,drop_cluster,-2.220446049250313e-16,zero,1416,outer_01,elastic_net,142,,,2712
"[""cluster__e6215b6a0fbc0220""]",cluster__e6215b6a0fbc0220,drop_cluster,-2.220446049250313e-16,zero,1416,outer_01,elastic_net,142,,,2712
"[""cluster__ea16c5febde76055""]",cluster__ea16c5febde76055,drop_cluster,-2.220446049250313e-16,zero,1416,outer_01,elastic_net,142,,,2712
"[""cluster__ea1ef3c2c858720d""]",cluster__ea1ef3c2c858720d,drop_cluster,-2.220446049250313e-16,zero,1416,outer_01,elastic_net,142,,,2712
"[""cluster__ed8f648abf1108c3""]",cluster__ed8f648abf1108c3,drop_cluster,-2.220446049250313e-16,zero,1416,outer_01,elastic_net,142,,,2712
"[""cluster__f03f4701c752ba34""]",cluster__f03f4701c752ba34,drop_cluster,-0.00018435115599124696,negative,1416,outer_01,elastic_net,142,,,2712
"[""cluster__f2308f5991ce73f6""]",cluster__f2308f5991ce73f6,drop_cluster,0.0011180297707296116,positive,1416,outer_01,elastic_net,142,,,2712
"[""cluster__f3105bf2ea19861a""]",cluster__f3105bf2ea19861a,drop_cluster,-2.220446049250313e-16,zero,1416,outer_01,elastic_net,142,,,2712
"[""cluster__f344d3ca8bc6155a""]",cluster__f344d3ca8bc6155a,drop_cluster,-2.220446049250313e-16,zero,1416,outer_01,elastic_net,142,,,2712
"[""cluster__fb3b9bf085ae4374""]",cluster__fb3b9bf085ae4374,drop_cluster,-2.220446049250313e-16,zero,1416,outer_01,elastic_net,142,,,2712
"[""cluster__fc5bdd24bfb709b8""]",cluster__fc5bdd24bfb709b8,drop_cluster,-2.220446049250313e-16,zero,1416,outer_01,elastic_net,142,,,2712
"[""cluster__fd3291f0b03d2dd6""]",cluster__fd3291f0b03d2dd6,drop_cluster,-2.220446049250313e-16,zero,1416,outer_01,elastic_net,142,,,2712
"[""cluster__feb3f6ac5faeccec""]",cluster__feb3f6ac5faeccec,drop_cluster,-2.220446049250313e-16,zero,1416,outer_01,elastic_net,142,,,2712
"[""cluster__057ded5ba3568a7f"", ""cluster__1ce77120fa004169"", ""cluster__1f48220de6e92f9d"", ""cluster__394bc857d8fc4a57"", ""cluster__3a128293ed568dc0"", ""cluster__5a65732a4a4ff188"", ""cluster__5c7bb033aa35772f"", ""cluster__724520f09acc991f"", ""cluster__7cc2e09b9a932b39"", ""cluster__a1e835b95b16e9e9"", ""cluster__ad0a96a048bbc7d8"", ""cluster__b89a1d7f25394d90"", ""cluster__b9449c25001f7b51"", ""cluster__c2362e322fead508"", ""cluster__c31b8136d504bf03"", ""cluster__c5e49f1433602139"", ""cluster__d0b21ec5092ce804"", ""cluster__e11a6d709526da4b"", ""cluster__e6215b6a0fbc0220"", ""cluster__f03f4701c752ba34"", ""cluster__f2308f5991ce73f6"", ""cluster__fd3291f0b03d2dd6""]",book_liquidity,drop_family,-0.00903023618826515,negative,1416,outer_01,elastic_net,142,,,2712
"[""cluster__477b0804b0e235c3"", ""cluster__ea16c5febde76055""]",interaction,drop_family,-7.749356711883593e-14,negative,1416,outer_01,elastic_net,142,,,2712
"[""cluster__7533afca12d5c845""]",mixed:interaction+ofi,drop_family,1.3444800828210646e-13,positive,1416,outer_01,elastic_net,142,,,2712
"[""cluster__06ca194a0a433de6"", ""cluster__0ddaa772748cd2a8"", ""cluster__1a13286f866c4155"", ""cluster__1e0e01b9fe15ec55"", ""cluster__1e968c8901c575db"", ""cluster__26090851fa96f8cf"", ""cluster__26ad2c75d43d49ad"", ""cluster__29963467135cd4cd"", ""cluster__2d7a1c0d880f88ee"", ""cluster__2e6f29d20733c126"", ""cluster__2f6f9b66bf9da773"", ""cluster__2f97bd40c280c05c"", ""cluster__3cf051d5429a5851"", ""cluster__3e5336b9c24613b3"", ""cluster__421a4a1c5073e265"", ""cluster__453e45b37c54e768"", ""cluster__4a28d5e18578418a"", ""cluster__586a389aaf56ab73"", ""cluster__66ae01ac794f63eb"", ""cluster__6712d3b7bf51390b"", ""cluster__69905f0e3a72c606"", ""cluster__6a9c460c39dcad34"", ""cluster__75ae125737df1102"", ""cluster__773984b00b5c1f1c"", ""cluster__84da565ba8281d2a"", ""cluster__87f626d156f0ac67"", ""cluster__8b57524bef0d2ebf"", ""cluster__8c29a8ea6225c377"", ""cluster__959b637bd3bb66d4"", ""cluster__a7171c841cb9fb67"", ""cluster__a867b4c1b44d375e"", ""cluster__afbf9ac7f0d6750b"", ""cluster__b31ca2d0bf76f633"", ""cluster__b3a7ffd8d4e710b8"", ""cluster__c9bce3cfeb10e97e"", ""cluster__db99c4b3ba8fc30d"", ""cluster__e52784991ac5d943"", ""cluster__ea1ef3c2c858720d"", ""cluster__ed8f648abf1108c3"", ""cluster__fb3b9bf085ae4374"", ""cluster__fc5bdd24bfb709b8"", ""cluster__feb3f6ac5faeccec""]",ofi,drop_family,0.011512862116384914,positive,1416,outer_01,elastic_net,142,,,2712
"[""cluster__20fb49f3528f30d2"", ""cluster__3c67dd0616449c2d"", ""cluster__4e66a854583b258d"", ""cluster__4f2f17103c6e4b0f"", ""cluster__a59fb5db9f4fd3e0"", ""cluster__f3105bf2ea19861a""]",price_path,drop_family,0.07841194168024979,positive,1416,outer_01,elastic_net,142,,,2712
"[""cluster__09e103f2030ca53e"", ""cluster__189d1a90a1a742dc"", ""cluster__3b5a3dfcf12b13e5"", ""cluster__638294e28a507a16"", ""cluster__6567e1495fb81e67"", ""cluster__962c08b556b1c862"", ""cluster__9ca9e2709e5c747a"", ""cluster__a391bd497d5a01b9"", ""cluster__b14504afa42d221d"", ""cluster__b3049e2f6d60b737"", ""cluster__b7ff184a7303a6f4"", ""cluster__f344d3ca8bc6155a""]",surface_quality,drop_family,0.0002806286583937334,positive,1416,outer_01,elastic_net,142,,,2712
"[""cluster__11a9adfe78800106"", ""cluster__23a7d3b95c5e30ff"", ""cluster__bc09b5bb95952a78""]",time_regime,drop_family,-0.016036519952166928,negative,1416,outer_01,elastic_net,142,,,2712
"[""cluster__057ded5ba3568a7f""]",cluster__057ded5ba3568a7f,block_permutation,-0.00064613977152983,negative,1416,outer_01,elastic_net,142,0,51202608,2712
"[""cluster__057ded5ba3568a7f""]",cluster__057ded5ba3568a7f,block_permutation,0.00431382786614376,positive,1416,outer_01,elastic_net,142,1,51202609,2712
"[""cluster__057ded5ba3568a7f""]",cluster__057ded5ba3568a7f,block_permutation,0.00016030582588788533,positive,1416,outer_01,elastic_net,142,2,51202610,2712
"[""cluster__057ded5ba3568a7f""]",cluster__057ded5ba3568a7f,block_permutation,0.004061571207864434,positive,1416,outer_01,elastic_net,142,3,51202611,2712
"[""cluster__057ded5ba3568a7f""]",cluster__057ded5ba3568a7f,block_permutation,0.0022159970924671146,positive,1416,outer_01,elastic_net,142,4,51202612,2712
"[""cluster__057ded5ba3568a7f""]",cluster__057ded5ba3568a7f,block_permutation,0.003717752062631252,positive,1416,outer_01,elastic_net,142,5,51202613,2712
"[""cluster__057ded5ba3568a7f""]",cluster__057ded5ba3568a7f,block_permutation,0.005430423255100236,positive,1416,outer_01,elastic_net,142,6,51202614,2712
"[""cluster__057ded5ba3568a7f""]",cluster__057ded5ba3568a7f,block_permutation,0.0008788476788873512,positive,1416,outer_01,elastic_net,142,7,51202615,2712
"[""cluster__057ded5ba3568a7f""]",cluster__057ded5ba3568a7f,block_permutation,0.0017441127757660269,positive,1416,outer_01,elastic_net,142,8,51202616,2712
"[""cluster__057ded5ba3568a7f""]",cluster__057ded5ba3568a7f,block_permutation,0.003053453327781508,positive,1416,outer_01,elastic_net,142,9,51202617,2712
"[""cluster__06ca194a0a433de6""]",cluster__06ca194a0a433de6,block_permutation,0.0,zero,1416,outer_01,elastic_net,142,0,51202618,2712
"[""cluster__06ca194a0a433de6""]",cluster__06ca194a0a433de6,block_permutation,0.0,zero,1416,outer_01,elastic_net,142,1,51202619,2712
"[""cluster__06ca194a0a433de6""]",cluster__06ca194a0a433de6,block_permutation,0.0,zero,1416,outer_01,elastic_net,142,2,51202620,2712
"[""cluster__06ca194a0a433de6""]",cluster__06ca194a0a433de6,block_permutation,0.0,zero,1416,outer_01,elastic_net,142,3,51202621,2712
"[""cluster__06ca194a0a433de6""]",cluster__06ca194a0a433de6,block_permutation,0.0,zero,1416,outer_01,elastic_net,142,4,51202622,2712
"[""cluster__06ca194a0a433de6""]",cluster__06ca194a0a433de6,block_permutation,0.0,zero,1416,outer_01,elastic_net,142,5,51202623,2712
"[""cluster__06ca194a0a433de6""]",cluster__06ca194a0a433de6,block_permutation,0.0,zero,1416,outer_01,elastic_net,142,6,51202624,2712
"[""cluster__06ca194a0a433de6""]",cluster__06ca194a0a433de6,block_permutation,0.0,zero,1416,outer_01,elastic_net,142,7,51202625,2712
"[""cluster__06ca194a0a433de6""]",cluster__06ca194a0a433de6,block_permutation,0.0,zero,1416,outer_01,elastic_net,142,8,51202626,2712
"[""cluster__06ca194a0a433de6""]",cluster__06ca194a0a433de6,block_permutation,0.0,zero,1416,outer_01,elastic_net,142,9,51202627,2712
"[""cluster__09e103f2030ca53e""]",cluster__09e103f2030ca53e,block_permutation,0.0,zero,1416,outer_01,elastic_net,142,0,51202628,2712
"[""cluster__09e103f2030ca53e""]",cluster__09e103f2030ca53e,block_permutation,0.0,zero,1416,outer_01,elastic_net,142,1,51202629,2712
"[""cluster__09e103f2030ca53e""]",cluster__09e103f2030ca53e,block_permutation,0.0,zero,1416,outer_01,elastic_net,142,2,51202630,2712
"[""cluster__09e103f2030ca53e""]",cluster__09e103f2030ca53e,block_permutation,0.0,zero,1416,outer_01,elastic_net,142,3,51202631,2712
"[""cluster__09e103f2030ca53e""]",cluster__09e103f2030ca53e,block_permutation,0.0,zero,1416,outer_01,elastic_net,142,4,51202632,2712
"[""cluster__09e103f2030ca53e""]",cluster__09e103f2030ca53e,block_permutation,0.0,zero,1416,outer_01,elastic_net,142,5,51202633,2712
"[""cluster__09e103f2030ca53e""]",cluster__09e103f2030ca53e,block_permutation,0.0,zero,1416,outer_01,elastic_net,142,6,51202634,2712
"[""cluster__09e103f2030ca53e""]",cluster__09e103f2030ca53e,block_permutation,0.0,zero,1416,outer_01,elastic_net,142,7,51202635,2712
"[""cluster__09e103f2030ca53e""]",cluster__09e103f2030ca53e,block_permutation,0.0,zero,1416,outer_01,elastic_net,142,8,51202636,2712
"[""cluster__09e103f2030ca53e""]",cluster__09e103f2030ca53e,block_permutation,0.0,zero,1416,outer_01,elastic_net,142,9,51202637,2712
"[""cluster__0ddaa772748cd2a8""]",cluster__0ddaa772748cd2a8,block_permutation,0.0,zero,1416,outer_01,elastic_net,142,0,51202638,2712
"[""cluster__0ddaa772748cd2a8""]",cluster__0ddaa772748cd2a8,block_permutation,0.0,zero,1416,outer_01,elastic_net,142,1,51202639,2712
"[""cluster__0ddaa772748cd2a8""]",cluster__0ddaa772748cd2a8,block_permutation,0.0,zero,1416,outer_01,elastic_net,142,2,51202640,2712
"[""cluster__0ddaa772748cd2a8""]",cluster__0ddaa772748cd2a8,block_permutation,0.0,zero,1416,outer_01,elastic_net,142,3,51202641,2712
"[""cluster__0ddaa772748cd2a8""]",cluster__0ddaa772748cd2a8,block_permutation,0.0,zero,1416,outer_01,elastic_net,142,4,51202642,2712
"[""cluster__0ddaa772748cd2a8""]",cluster__0ddaa772748cd2a8,block_permutation,0.0,zero,1416,outer_01,elastic_net,142,5,51202643,2712
"[""cluster__0ddaa772748cd2a8""]",cluster__0ddaa772748cd2a8,block_permutation,0.0,zero,1416,outer_01,elastic_net,142,6,51202644,2712
"[""cluster__0ddaa772748cd2a8""]",cluster__0ddaa772748cd2a8,block_permutation,0.0,zero,1416,outer_01,elastic_net,142,7,51202645,2712
"[""cluster__0ddaa772748cd2a8""]",cluster__0ddaa772748cd2a8,block_permutation,0.0,zero,1416,outer_01,elastic_net,142,8,51202646,2712
"[""cluster__0ddaa772748cd2a8""]",cluster__0ddaa772748cd2a8,block_permutation,0.0,zero,1416,outer_01,elastic_net,142,9,51202647,2712
"[""cluster__11a9adfe78800106""]",cluster__11a9adfe78800106,block_permutation,0.0,zero,1416,outer_01,elastic_net,142,0,51202648,2712
"[""cluster__11a9adfe78800106""]",cluster__11a9adfe78800106,block_permutation,0.0,zero,1416,outer_01,elastic_net,142,1,51202649,2712
"[""cluster__11a9adfe78800106""]",cluster__11a9adfe78800106,block_permutation,0.0,zero,1416,outer_01,elastic_net,142,2,51202650,2712
"[""cluster__11a9adfe78800106""]",cluster__11a9adfe78800106,block_permutation,0.0,zero,1416,outer_01,elastic_net,142,3,51202651,2712
"[""cluster__11a9adfe78800106""]",cluster__11a9adfe78800106,block_permutation,0.0,zero,1416,outer_01,elastic_net,142,4,51202652,2712
"[""cluster__11a9adfe78800106""]",cluster__11a9adfe78800106,block_permutation,0.0,zero,1416,outer_01,elastic_net,142,5,51202653,2712
"[""cluster__11a9adfe78800106""]",cluster__11a9adfe78800106,block_permutation,0.0,zero,1416,outer_01,elastic_net,142,6,51202654,2712
"[""cluster__11a9adfe78800106""]",cluster__11a9adfe78800106,block_permutation,0.0,zero,1416,outer_01,elastic_net,142,7,51202655,2712
"[""cluster__11a9adfe78800106""]",cluster__11a9adfe78800106,block_permutation,0.0,zero,1416,outer_01,elastic_net,142,8,51202656,2712
"[""cluster__11a9adfe78800106""]",cluster__11a9adfe78800106,block_permutation,0.0,zero,1416,outer_01,elastic_net,142,9,51202657,2712
"[""cluster__189d1a90a1a742dc""]",cluster__189d1a90a1a742dc,block_permutation,0.0,zero,1416,outer_01,elastic_net,142,0,51202658,2712
"[""cluster__189d1a90a1a742dc""]",cluster__189d1a90a1a742dc,block_permutation,0.0,zero,1416,outer_01,elastic_net,142,1,51202659,2712
"[""cluster__189d1a90a1a742dc""]",cluster__189d1a90a1a742dc,block_permutation,0.0,zero,1416,outer_01,elastic_net,142,2,51202660,2712
"[""cluster__189d1a90a1a742dc""]",cluster__189d1a90a1a742dc,block_permutation,0.0,zero,1416,outer_01,elastic_net,142,3,51202661,2712
"[""cluster__189d1a90a1a742dc""]",cluster__189d1a90a1a742dc,block_permutation,0.0,zero,1416,outer_01,elastic_net,142,4,51202662,2712
"[""cluster__189d1a90a1a742dc""]",cluster__189d1a90a1a742dc,block_permutation,0.0,zero,1416,outer_01,elastic_net,142,5,51202663,2712
"[""cluster__189d1a90a1a742dc""]",cluster__189d1a90a1a742dc,block_permutation,0.0,zero,1416,outer_01,elastic_net,142,6,51202664,2712
"[""cluster__189d1a90a1a742dc""]",cluster__189d1a90a1a742dc,block_permutation,0.0,zero,1416,outer_01,elastic_net,142,7,51202665,2712
"[""cluster__189d1a90a1a742dc""]",cluster__189d1a90a1a742dc,block_permutation,0.0,zero,1416,outer_01,elastic_net,142,8,51202666,2712
"[""cluster__189d1a90a1a742dc""]",cluster__189d1a90a1a742dc,block_permutation,0.0,zero,1416,outer_01,elastic_net,142,9,51202667,2712
"[""cluster__1a13286f866c4155""]",cluster__1a13286f866c4155,block_permutation,-0.004722723370769066,negative,1416,outer_01,elastic_net,142,0,51202668,2712
"[""cluster__1a13286f866c4155""]",cluster__1a13286f866c4155,block_permutation,0.013020902664268696,positive,1416,outer_01,elastic_net,142,1,51202669,2712
"[""cluster__1a13286f866c4155""]",cluster__1a13286f866c4155,block_permutation,0.0006317719550930079,positive,1416,outer_01,elastic_net,142,2,51202670,2712
"[""cluster__1a13286f866c4155""]",cluster__1a13286f866c4155,block_permutation,0.03688381047128053,positive,1416,outer_01,elastic_net,142,3,51202671,2712
"[""cluster__1a13286f866c4155""]",cluster__1a13286f866c4155,block_permutation,0.025364266342716046,positive,1416,outer_01,elastic_net,142,4,51202672,2712
"[""cluster__1a13286f866c4155""]",cluster__1a13286f866c4155,block_permutation,-0.02869638682683573,negative,1416,outer_01,elastic_net,142,5,51202673,2712
"[""cluster__1a13286f866c4155""]",cluster__1a13286f866c4155,block_permutation,0.0028002124903688808,positive,1416,outer_01,elastic_net,142,6,51202674,2712
"[""cluster__1a13286f866c4155""]",cluster__1a13286f866c4155,block_permutation,0.018753935238207342,positive,1416,outer_01,elastic_net,142,7,51202675,2712
"[""cluster__1a13286f866c4155""]",cluster__1a13286f866c4155,block_permutation,0.04204626782299958,positive,1416,outer_01,elastic_net,142,8,51202676,2712
"[""cluster__1a13286f866c4155""]",cluster__1a13286f866c4155,block_permutation,-0.01304244660980114,negative,1416,outer_01,elastic_net,142,9,51202677,2712
"[""cluster__1ce77120fa004169""]",cluster__1ce77120fa004169,block_permutation,0.0,zero,1416,outer_01,elastic_net,142,0,51202678,2712
"[""cluster__1ce77120fa004169""]",cluster__1ce77120fa004169,block_permutation,0.0,zero,1416,outer_01,elastic_net,142,1,51202679,2712
"[""cluster__1ce77120fa004169""]",cluster__1ce77120fa004169,block_permutation,0.0,zero,1416,outer_01,elastic_net,142,2,51202680,2712
"[""cluster__1ce77120fa004169""]",cluster__1ce77120fa004169,block_permutation,0.0,zero,1416,outer_01,elastic_net,142,3,51202681,2712
"[""cluster__1ce77120fa004169""]",cluster__1ce77120fa004169,block_permutation,0.0,zero,1416,outer_01,elastic_net,142,4,51202682,2712
"[""cluster__1ce77120fa004169""]",cluster__1ce77120fa004169,block_permutation,0.0,zero,1416,outer_01,elastic_net,142,5,51202683,2712
"[""cluster__1ce77120fa004169""]",cluster__1ce77120fa004169,block_permutation,0.0,zero,1416,outer_01,elastic_net,142,6,51202684,2712
"[""cluster__1ce77120fa004169""]",cluster__1ce77120fa004169,block_permutation,0.0,zero,1416,outer_01,elastic_net,142,7,51202685,2712
"[""cluster__1ce77120fa004169""]",cluster__1ce77120fa004169,block_permutation,0.0,zero,1416,outer_01,elastic_net,142,8,51202686,2712
"[""cluster__1ce77120fa004169""]",cluster__1ce77120fa004169,block_permutation,0.0,zero,1416,outer_01,elastic_net,142,9,51202687,2712
"[""cluster__1e0e01b9fe15ec55""]",cluster__1e0e01b9fe15ec55,block_permutation,-0.0029695232037587616,negative,1416,outer_01,elastic_net,142,0,51202688,2712
"[""cluster__1e0e01b9fe15ec55""]",cluster__1e0e01b9fe15ec55,block_permutation,-0.0026525562967911753,negative,1416,outer_01,elastic_net,142,1,51202689,2712
"[""cluster__1e0e01b9fe15ec55""]",cluster__1e0e01b9fe15ec55,block_permutation,-0.0039695633471167335,negative,1416,outer_01,elastic_net,142,2,51202690,2712
"[""cluster__1e0e01b9fe15ec55""]",cluster__1e0e01b9fe15ec55,block_permutation,-0.002641465438304458,negative,1416,outer_01,elastic_net,142,3,51202691,2712
"[""cluster__1e0e01b9fe15ec55""]",cluster__1e0e01b9fe15ec55,block_permutation,-0.004760657822450054,negative,1416,outer_01,elastic_net,142,4,51202692,2712
"[""cluster__1e0e01b9fe15ec55""]",cluster__1e0e01b9fe15ec55,block_permutation,-0.002046636580733674,negative,1416,outer_01,elastic_net,142,5,51202693,2712
"[""cluster__1e0e01b9fe15ec55""]",cluster__1e0e01b9fe15ec55,block_permutation,-0.002149074819219221,negative,1416,outer_01,elastic_net,142,6,51202694,2712
"[""cluster__1e0e01b9fe15ec55""]",cluster__1e0e01b9fe15ec55,block_permutation,-0.0034236481933558327,negative,1416,outer_01,elastic_net,142,7,51202695,2712
"[""cluster__1e0e01b9fe15ec55""]",cluster__1e0e01b9fe15ec55,block_permutation,-0.0013929765589846266,negative,1416,outer_01,elastic_net,142,8,51202696,2712
"[""cluster__1e0e01b9fe15ec55""]",cluster__1e0e01b9fe15ec55,block_permutation,0.0007612398860364911,positive,1416,outer_01,elastic_net,142,9,51202697,2712
"[""cluster__1e968c8901c575db""]",cluster__1e968c8901c575db,block_permutation,0.0,zero,1416,outer_01,elastic_net,142,0,51202698,2712
"[""cluster__1e968c8901c575db""]",cluster__1e968c8901c575db,block_permutation,0.0,zero,1416,outer_01,elastic_net,142,1,51202699,2712
"[""cluster__1e968c8901c575db""]",cluster__1e968c8901c575db,block_permutation,0.0,zero,1416,outer_01,elastic_net,142,2,51202700,2712
"[""cluster__1e968c8901c575db""]",cluster__1e968c8901c575db,block_permutation,0.0,zero,1416,outer_01,elastic_net,142,3,51202701,2712
"[""cluster__1e968c8901c575db""]",cluster__1e968c8901c575db,block_permutation,0.0,zero,1416,outer_01,elastic_net,142,4,51202702,2712
"[""cluster__1e968c8901c575db""]",cluster__1e968c8901c575db,block_permutation,0.0,zero,1416,outer_01,elastic_net,142,5,51202703,2712
"[""cluster__1e968c8901c575db""]",cluster__1e968c8901c575db,block_permutation,0.0,zero,1416,outer_01,elastic_net,142,6,51202704,2712
"[""cluster__1e968c8901c575db""]",cluster__1e968c8901c575db,block_permutation,0.0,zero,1416,outer_01,elastic_net,142,7,51202705,2712
"[""cluster__1e968c8901c575db""]",cluster__1e968c8901c575db,block_permutation,0.0,zero,1416,outer_01,elastic_net,142,8,51202706,2712
"[""cluster__1e968c8901c575db""]",cluster__1e968c8901c575db,block_permutation,0.0,zero,1416,outer_01,elastic_net,142,9,51202707,2712
"[""cluster__1f48220de6e92f9d""]",cluster__1f48220de6e92f9d,block_permutation,0.0,zero,1416,outer_01,elastic_net,142,0,51202708,2712
"[""cluster__1f48220de6e92f9d""]",cluster__1f48220de6e92f9d,block_permutation,0.0,zero,1416,outer_01,elastic_net,142,1,51202709,2712
"[""cluster__1f48220de6e92f9d""]",cluster__1f48220de6e92f9d,block_permutation,0.0,zero,1416,outer_01,elastic_net,142,2,51202710,2712
"[""cluster__1f48220de6e92f9d""]",cluster__1f48220de6e92f9d,block_permutation,0.0,zero,1416,outer_01,elastic_net,142,3,51202711,2712
"[""cluster__1f48220de6e92f9d""]",cluster__1f48220de6e92f9d,block_permutation,0.0,zero,1416,outer_01,elastic_net,142,4,51202712,2712
"[""cluster__1f48220de6e92f9d""]",cluster__1f48220de6e92f9d,block_permutation,0.0,zero,1416,outer_01,elastic_net,142,5,51202713,2712
"[""cluster__1f48220de6e92f9d""]",cluster__1f48220de6e92f9d,block_permutation,0.0,zero,1416,outer_01,elastic_net,142,6,51202714,2712
"[""cluster__1f48220de6e92f9d""]",cluster__1f48220de6e92f9d,block_permutation,0.0,zero,1416,outer_01,elastic_net,142,7,51202715,2712
"[""cluster__1f48220de6e92f9d""]",cluster__1f48220de6e92f9d,block_permutation,0.0,zero,1416,outer_01,elastic_net,142,8,51202716,2712
"[""cluster__1f48220de6e92f9d""]",cluster__1f48220de6e92f9d,block_permutation,0.0,zero,1416,outer_01,elastic_net,142,9,51202717,2712
"[""cluster__20fb49f3528f30d2""]",cluster__20fb49f3528f30d2,block_permutation,0.0,zero,1416,outer_01,elastic_net,142,0,51202718,2712
"[""cluster__20fb49f3528f30d2""]",cluster__20fb49f3528f30d2,block_permutation,0.0,zero,1416,outer_01,elastic_net,142,1,51202719,2712
"[""cluster__20fb49f3528f30d2""]",cluster__20fb49f3528f30d2,block_permutation,0.0,zero,1416,outer_01,elastic_net,142,2,51202720,2712
"[""cluster__20fb49f3528f30d2""]",cluster__20fb49f3528f30d2,block_permutation,0.0,zero,1416,outer_01,elastic_net,142,3,51202721,2712
"[""cluster__20fb49f3528f30d2""]",cluster__20fb49f3528f30d2,block_permutation,0.0,zero,1416,outer_01,elastic_net,142,4,51202722,2712
"[""cluster__20fb49f3528f30d2""]",cluster__20fb49f3528f30d2,block_permutation,0.0,zero,1416,outer_01,elastic_net,142,5,51202723,2712
"[""cluster__20fb49f3528f30d2""]",cluster__20fb49f3528f30d2,block_permutation,0.0,zero,1416,outer_01,elastic_net,142,6,51202724,2712
"[""cluster__20fb49f3528f30d2""]",cluster__20fb49f3528f30d2,block_permutation,0.0,zero,1416,outer_01,elastic_net,142,7,51202725,2712
"[""cluster__20fb49f3528f30d2""]",cluster__20fb49f3528f30d2,block_permutation,0.0,zero,1416,outer_01,elastic_net,142,8,51202726,2712
"[""cluster__20fb49f3528f30d2""]",cluster__20fb49f3528f30d2,block_permutation,0.0,zero,1416,outer_01,elastic_net,142,9,51202727,2712
"[""cluster__23a7d3b95c5e30ff""]",cluster__23a7d3b95c5e30ff,block_permutation,-0.013125903044386655,negative,1416,outer_01,elastic_net,142,0,51202728,2712
"[""cluster__23a7d3b95c5e30ff""]",cluster__23a7d3b95c5e30ff,block_permutation,-0.009374038545236774,negative,1416,outer_01,elastic_net,142,1,51202729,2712
"[""cluster__23a7d3b95c5e30ff""]",cluster__23a7d3b95c5e30ff,block_permutation,0.0012080407665310267,positive,1416,outer_01,elastic_net,142,2,51202730,2712
"[""cluster__23a7d3b95c5e30ff""]",cluster__23a7d3b95c5e30ff,block_permutation,-0.016749663118722058,negative,1416,outer_01,elastic_net,142,3,51202731,2712
"[""cluster__23a7d3b95c5e30ff""]",cluster__23a7d3b95c5e30ff,block_permutation,-0.015304758785121275,negative,1416,outer_01,elastic_net,142,4,51202732,2712
"[""cluster__23a7d3b95c5e30ff""]",cluster__23a7d3b95c5e30ff,block_permutation,-0.014769841482247914,negative,1416,outer_01,elastic_net,142,5,51202733,2712
"[""cluster__23a7d3b95c5e30ff""]",cluster__23a7d3b95c5e30ff,block_permutation,-0.019097749896162752,negative,1416,outer_01,elastic_net,142,6,51202734,2712
"[""cluster__23a7d3b95c5e30ff""]",cluster__23a7d3b95c5e30ff,block_permutation,0.006237941537656555,positive,1416,outer_01,elastic_net,142,7,51202735,2712
"[""cluster__23a7d3b95c5e30ff""]",cluster__23a7d3b95c5e30ff,block_permutation,-0.013244383968693874,negative,1416,outer_01,elastic_net,142,8,51202736,2712
"[""cluster__23a7d3b95c5e30ff""]",cluster__23a7d3b95c5e30ff,block_permutation,-0.021750173919775184,negative,1416,outer_01,elastic_net,142,9,51202737,2712
"[""cluster__26090851fa96f8cf""]",cluster__26090851fa96f8cf,block_permutation,0.0,zero,1416,outer_01,elastic_net,142,0,51202738,2712
"[""cluster__26090851fa96f8cf""]",cluster__26090851fa96f8cf,block_permutation,0.0,zero,1416,outer_01,elastic_net,142,1,51202739,2712
"[""cluster__26090851fa96f8cf""]",cluster__26090851fa96f8cf,block_permutation,0.0,zero,1416,outer_01,elastic_net,142,2,51202740,2712
"[""cluster__26090851fa96f8cf""]",cluster__26090851fa96f8cf,block_permutation,0.0,zero,1416,outer_01,elastic_net,142,3,51202741,2712
"[""cluster__26090851fa96f8cf""]",cluster__26090851fa96f8cf,block_permutation,0.0,zero,1416,outer_01,elastic_net,142,4,51202742,2712
"[""cluster__26090851fa96f8cf""]",cluster__26090851fa96f8cf,block_permutation,0.0,zero,1416,outer_01,elastic_net,142,5,51202743,2712
"[""cluster__26090851fa96f8cf""]",cluster__26090851fa96f8cf,block_permutation,0.0,zero,1416,outer_01,elastic_net,142,6,51202744,2712
"[""cluster__26090851fa96f8cf""]",cluster__26090851fa96f8cf,block_permutation,0.0,zero,1416,outer_01,elastic_net,142,7,51202745,2712
"[""cluster__26090851fa96f8cf""]",cluster__26090851fa96f8cf,block_permutation,0.0,zero,1416,outer_01,elastic_net,142,8,51202746,2712
"[""cluster__26090851fa96f8cf""]",cluster__26090851fa96f8cf,block_permutation,0.0,zero,1416,outer_01,elastic_net,142,9,51202747,2712
"[""cluster__26ad2c75d43d49ad""]",cluster__26ad2c75d43d49ad,block_permutation,5.914586067123917e-05,positive,1416,outer_01,elastic_net,142,0,51202748,2712
"[""cluster__26ad2c75d43d49ad""]",cluster__26ad2c75d43d49ad,block_permutation,-0.00022607542391150925,negative,1416,outer_01,elastic_net,142,1,51202749,2712
"[""cluster__26ad2c75d43d49ad""]",cluster__26ad2c75d43d49ad,block_permutation,-0.00032524907057851493,negative,1416,outer_01,elastic_net,142,2,51202750,2712
"[""cluster__26ad2c75d43d49ad""]",cluster__26ad2c75d43d49ad,block_permutation,-0.0001879225281582464,negative,1416,outer_01,elastic_net,142,3,51202751,2712
"[""cluster__26ad2c75d43d49ad""]",cluster__26ad2c75d43d49ad,block_permutation,-6.519355111622716e-05,negative,1416,outer_01,elastic_net,142,4,51202752,2712
"[""cluster__26ad2c75d43d49ad""]",cluster__26ad2c75d43d49ad,block_permutation,-0.0005995350802583399,negative,1416,outer_01,elastic_net,142,5,51202753,2712
"[""cluster__26ad2c75d43d49ad""]",cluster__26ad2c75d43d49ad,block_permutation,-0.00024772957961638475,negative,1416,outer_01,elastic_net,142,6,51202754,2712
"[""cluster__26ad2c75d43d49ad""]",cluster__26ad2c75d43d49ad,block_permutation,-0.00017514746955116234,negative,1416,outer_01,elastic_net,142,7,51202755,2712
"[""cluster__26ad2c75d43d49ad""]",cluster__26ad2c75d43d49ad,block_permutation,-0.00031217190750032486,negative,1416,outer_01,elastic_net,142,8,51202756,2712
"[""cluster__26ad2c75d43d49ad""]",cluster__26ad2c75d43d49ad,block_permutation,-0.00024652069217423467,negative,1416,outer_01,elastic_net,142,9,51202757,2712
"[""cluster__29963467135cd4cd""]",cluster__29963467135cd4cd,block_permutation,0.0,zero,1416,outer_01,elastic_net,142,0,51202758,2712
"[""cluster__29963467135cd4cd""]",cluster__29963467135cd4cd,block_permutation,0.0,zero,1416,outer_01,elastic_net,142,1,51202759,2712
"[""cluster__29963467135cd4cd""]",cluster__29963467135cd4cd,block_permutation,0.0,zero,1416,outer_01,elastic_net,142,2,51202760,2712
"[""cluster__29963467135cd4cd""]",cluster__29963467135cd4cd,block_permutation,0.0,zero,1416,outer_01,elastic_net,142,3,51202761,2712
"[""cluster__29963467135cd4cd""]",cluster__29963467135cd4cd,block_permutation,0.0,zero,1416,outer_01,elastic_net,142,4,51202762,2712
"[""cluster__29963467135cd4cd""]",cluster__29963467135cd4cd,block_permutation,0.0,zero,1416,outer_01,elastic_net,142,5,51202763,2712
"[""cluster__29963467135cd4cd""]",cluster__29963467135cd4cd,block_permutation,0.0,zero,1416,outer_01,elastic_net,142,6,51202764,2712
"[""cluster__29963467135cd4cd""]",cluster__29963467135cd4cd,block_permutation,0.0,zero,1416,outer_01,elastic_net,142,7,51202765,2712
"[""cluster__29963467135cd4cd""]",cluster__29963467135cd4cd,block_permutation,0.0,zero,1416,outer_01,elastic_net,142,8,51202766,2712
"[""cluster__29963467135cd4cd""]",cluster__29963467135cd4cd,block_permutation,0.0,zero,1416,outer_01,elastic_net,142,9,51202767,2712
"[""cluster__2d7a1c0d880f88ee""]",cluster__2d7a1c0d880f88ee,block_permutation,0.0,zero,1416,outer_01,elastic_net,142,0,51202768,2712
"[""cluster__2d7a1c0d880f88ee""]",cluster__2d7a1c0d880f88ee,block_permutation,0.0,zero,1416,outer_01,elastic_net,142,1,51202769,2712
"[""cluster__2d7a1c0d880f88ee""]",cluster__2d7a1c0d880f88ee,block_permutation,0.0,zero,1416,outer_01,elastic_net,142,2,51202770,2712
"[""cluster__2d7a1c0d880f88ee""]",cluster__2d7a1c0d880f88ee,block_permutation,0.0,zero,1416,outer_01,elastic_net,142,3,51202771,2712
"[""cluster__2d7a1c0d880f88ee""]",cluster__2d7a1c0d880f88ee,block_permutation,0.0,zero,1416,outer_01,elastic_net,142,4,51202772,2712
"[""cluster__2d7a1c0d880f88ee""]",cluster__2d7a1c0d880f88ee,block_permutation,0.0,zero,1416,outer_01,elastic_net,142,5,51202773,2712
"[""cluster__2d7a1c0d880f88ee""]",cluster__2d7a1c0d880f88ee,block_permutation,0.0,zero,1416,outer_01,elastic_net,142,6,51202774,2712
"[""cluster__2d7a1c0d880f88ee""]",cluster__2d7a1c0d880f88ee,block_permutation,0.0,zero,1416,outer_01,elastic_net,142,7,51202775,2712
"[""cluster__2d7a1c0d880f88ee""]",cluster__2d7a1c0d880f88ee,block_permutation,0.0,zero,1416,outer_01,elastic_net,142,8,51202776,2712
"[""cluster__2d7a1c0d880f88ee""]",cluster__2d7a1c0d880f88ee,block_permutation,0.0,zero,1416,outer_01,elastic_net,142,9,51202777,2712
"[""cluster__2e6f29d20733c126""]",cluster__2e6f29d20733c126,block_permutation,0.0,zero,1416,outer_01,elastic_net,142,0,51202778,2712
"[""cluster__2e6f29d20733c126""]",cluster__2e6f29d20733c126,block_permutation,0.0,zero,1416,outer_01,elastic_net,142,1,51202779,2712
"[""cluster__2e6f29d20733c126""]",cluster__2e6f29d20733c126,block_permutation,0.0,zero,1416,outer_01,elastic_net,142,2,51202780,2712
"[""cluster__2e6f29d20733c126""]",cluster__2e6f29d20733c126,block_permutation,0.0,zero,1416,outer_01,elastic_net,142,3,51202781,2712
"[""cluster__2e6f29d20733c126""]",cluster__2e6f29d20733c126,block_permutation,0.0,zero,1416,outer_01,elastic_net,142,4,51202782,2712
"[""cluster__2e6f29d20733c126""]",cluster__2e6f29d20733c126,block_permutation,0.0,zero,1416,outer_01,elastic_net,142,5,51202783,2712
"[""cluster__2e6f29d20733c126""]",cluster__2e6f29d20733c126,block_permutation,0.0,zero,1416,outer_01,elastic_net,142,6,51202784,2712
"[""cluster__2e6f29d20733c126""]",cluster__2e6f29d20733c126,block_permutation,0.0,zero,1416,outer_01,elastic_net,142,7,51202785,2712
"[""cluster__2e6f29d20733c126""]",cluster__2e6f29d20733c126,block_permutation,0.0,zero,1416,outer_01,elastic_net,142,8,51202786,2712
"[""cluster__2e6f29d20733c126""]",cluster__2e6f29d20733c126,block_permutation,0.0,zero,1416,outer_01,elastic_net,142,9,51202787,2712
"[""cluster__2f6f9b66bf9da773""]",cluster__2f6f9b66bf9da773,block_permutation,0.0,zero,1416,outer_01,elastic_net,142,0,51202788,2712
"[""cluster__2f6f9b66bf9da773""]",cluster__2f6f9b66bf9da773,block_permutation,0.0,zero,1416,outer_01,elastic_net,142,1,51202789,2712
"[""cluster__2f6f9b66bf9da773""]",cluster__2f6f9b66bf9da773,block_permutation,0.0,zero,1416,outer_01,elastic_net,142,2,51202790,2712
"[""cluster__2f6f9b66bf9da773""]",cluster__2f6f9b66bf9da773,block_permutation,0.0,zero,1416,outer_01,elastic_net,142,3,51202791,2712
"[""cluster__2f6f9b66bf9da773""]",cluster__2f6f9b66bf9da773,block_permutation,0.0,zero,1416,outer_01,elastic_net,142,4,51202792,2712
"[""cluster__2f6f9b66bf9da773""]",cluster__2f6f9b66bf9da773,block_permutation,0.0,zero,1416,outer_01,elastic_net,142,5,51202793,2712
"[""cluster__2f6f9b66bf9da773""]",cluster__2f6f9b66bf9da773,block_permutation,0.0,zero,1416,outer_01,elastic_net,142,6,51202794,2712
"[""cluster__2f6f9b66bf9da773""]",cluster__2f6f9b66bf9da773,block_permutation,0.0,zero,1416,outer_01,elastic_net,142,7,51202795,2712
"[""cluster__2f6f9b66bf9da773""]",cluster__2f6f9b66bf9da773,block_permutation,0.0,zero,1416,outer_01,elastic_net,142,8,51202796,2712
"[""cluster__2f6f9b66bf9da773""]",cluster__2f6f9b66bf9da773,block_permutation,0.0,zero,1416,outer_01,elastic_net,142,9,51202797,2712
"[""cluster__2f97bd40c280c05c""]",cluster__2f97bd40c280c05c,block_permutation,0.0,zero,1416,outer_01,elastic_net,142,0,51202798,2712
"[""cluster__2f97bd40c280c05c""]",cluster__2f97bd40c280c05c,block_permutation,0.0,zero,1416,outer_01,elastic_net,142,1,51202799,2712
"[""cluster__2f97bd40c280c05c""]",cluster__2f97bd40c280c05c,block_permutation,0.0,zero,1416,outer_01,elastic_net,142,2,51202800,2712
"[""cluster__2f97bd40c280c05c""]",cluster__2f97bd40c280c05c,block_permutation,0.0,zero,1416,outer_01,elastic_net,142,3,51202801,2712
"[""cluster__2f97bd40c280c05c""]",cluster__2f97bd40c280c05c,block_permutation,0.0,zero,1416,outer_01,elastic_net,142,4,51202802,2712
"[""cluster__2f97bd40c280c05c""]",cluster__2f97bd40c280c05c,block_permutation,0.0,zero,1416,outer_01,elastic_net,142,5,51202803,2712
"[""cluster__2f97bd40c280c05c""]",cluster__2f97bd40c280c05c,block_permutation,0.0,zero,1416,outer_01,elastic_net,142,6,51202804,2712
"[""cluster__2f97bd40c280c05c""]",cluster__2f97bd40c280c05c,block_permutation,0.0,zero,1416,outer_01,elastic_net,142,7,51202805,2712
"[""cluster__2f97bd40c280c05c""]",cluster__2f97bd40c280c05c,block_permutation,0.0,zero,1416,outer_01,elastic_net,142,8,51202806,2712
"[""cluster__2f97bd40c280c05c""]",cluster__2f97bd40c280c05c,block_permutation,0.0,zero,1416,outer_01,elastic_net,142,9,51202807,2712
"[""cluster__394bc857d8fc4a57""]",cluster__394bc857d8fc4a57,block_permutation,0.0,zero,1416,outer_01,elastic_net,142,0,51202808,2712
"[""cluster__394bc857d8fc4a57""]",cluster__394bc857d8fc4a57,block_permutation,0.0,zero,1416,outer_01,elastic_net,142,1,51202809,2712
"[""cluster__394bc857d8fc4a57""]",cluster__394bc857d8fc4a57,block_permutation,0.0,zero,1416,outer_01,elastic_net,142,2,51202810,2712
"[""cluster__394bc857d8fc4a57""]",cluster__394bc857d8fc4a57,block_permutation,0.0,zero,1416,outer_01,elastic_net,142,3,51202811,2712
"[""cluster__394bc857d8fc4a57""]",cluster__394bc857d8fc4a57,block_permutation,0.0,zero,1416,outer_01,elastic_net,142,4,51202812,2712
"[""cluster__394bc857d8fc4a57""]",cluster__394bc857d8fc4a57,block_permutation,0.0,zero,1416,outer_01,elastic_net,142,5,51202813,2712
"[""cluster__394bc857d8fc4a57""]",cluster__394bc857d8fc4a57,block_permutation,0.0,zero,1416,outer_01,elastic_net,142,6,51202814,2712
"[""cluster__394bc857d8fc4a57""]",cluster__394bc857d8fc4a57,block_permutation,0.0,zero,1416,outer_01,elastic_net,142,7,51202815,2712
"[""cluster__394bc857d8fc4a57""]",cluster__394bc857d8fc4a57,block_permutation,0.0,zero,1416,outer_01,elastic_net,142,8,51202816,2712
"[""cluster__394bc857d8fc4a57""]",cluster__394bc857d8fc4a57,block_permutation,0.0,zero,1416,outer_01,elastic_net,142,9,51202817,2712
"[""cluster__3a128293ed568dc0""]",cluster__3a128293ed568dc0,block_permutation,0.0,zero,1416,outer_01,elastic_net,142,0,51202818,2712
"[""cluster__3a128293ed568dc0""]",cluster__3a128293ed568dc0,block_permutation,0.0,zero,1416,outer_01,elastic_net,142,1,51202819,2712
"[""cluster__3a128293ed568dc0""]",cluster__3a128293ed568dc0,block_permutation,0.0,zero,1416,outer_01,elastic_net,142,2,51202820,2712
"[""cluster__3a128293ed568dc0""]",cluster__3a128293ed568dc0,block_permutation,0.0,zero,1416,outer_01,elastic_net,142,3,51202821,2712
"[""cluster__3a128293ed568dc0""]",cluster__3a128293ed568dc0,block_permutation,0.0,zero,1416,outer_01,elastic_net,142,4,51202822,2712
"[""cluster__3a128293ed568dc0""]",cluster__3a128293ed568dc0,block_permutation,0.0,zero,1416,outer_01,elastic_net,142,5,51202823,2712
"[""cluster__3a128293ed568dc0""]",cluster__3a128293ed568dc0,block_permutation,0.0,zero,1416,outer_01,elastic_net,142,6,51202824,2712
"[""cluster__3a128293ed568dc0""]",cluster__3a128293ed568dc0,block_permutation,0.0,zero,1416,outer_01,elastic_net,142,7,51202825,2712
"[""cluster__3a128293ed568dc0""]",cluster__3a128293ed568dc0,block_permutation,0.0,zero,1416,outer_01,elastic_net,142,8,51202826,2712
"[""cluster__3a128293ed568dc0""]",cluster__3a128293ed568dc0,block_permutation,0.0,zero,1416,outer_01,elastic_net,142,9,51202827,2712
"[""cluster__3b5a3dfcf12b13e5""]",cluster__3b5a3dfcf12b13e5,block_permutation,0.0,zero,1416,outer_01,elastic_net,142,0,51202828,2712
"[""cluster__3b5a3dfcf12b13e5""]",cluster__3b5a3dfcf12b13e5,block_permutation,0.0,zero,1416,outer_01,elastic_net,142,1,51202829,2712
"[""cluster__3b5a3dfcf12b13e5""]",cluster__3b5a3dfcf12b13e5,block_permutation,0.0,zero,1416,outer_01,elastic_net,142,2,51202830,2712
"[""cluster__3b5a3dfcf12b13e5""]",cluster__3b5a3dfcf12b13e5,block_permutation,0.0,zero,1416,outer_01,elastic_net,142,3,51202831,2712
"[""cluster__3b5a3dfcf12b13e5""]",cluster__3b5a3dfcf12b13e5,block_permutation,0.0,zero,1416,outer_01,elastic_net,142,4,51202832,2712
"[""cluster__3b5a3dfcf12b13e5""]",cluster__3b5a3dfcf12b13e5,block_permutation,0.0,zero,1416,outer_01,elastic_net,142,5,51202833,2712
"[""cluster__3b5a3dfcf12b13e5""]",cluster__3b5a3dfcf12b13e5,block_permutation,0.0,zero,1416,outer_01,elastic_net,142,6,51202834,2712
"[""cluster__3b5a3dfcf12b13e5""]",cluster__3b5a3dfcf12b13e5,block_permutation,0.0,zero,1416,outer_01,elastic_net,142,7,51202835,2712
"[""cluster__3b5a3dfcf12b13e5""]",cluster__3b5a3dfcf12b13e5,block_permutation,0.0,zero,1416,outer_01,elastic_net,142,8,51202836,2712
"[""cluster__3b5a3dfcf12b13e5""]",cluster__3b5a3dfcf12b13e5,block_permutation,0.0,zero,1416,outer_01,elastic_net,142,9,51202837,2712
"[""cluster__3c67dd0616449c2d""]",cluster__3c67dd0616449c2d,block_permutation,0.011036591132223883,positive,1416,outer_01,elastic_net,142,0,51202838,2712
"[""cluster__3c67dd0616449c2d""]",cluster__3c67dd0616449c2d,block_permutation,0.03635923657539353,positive,1416,outer_01,elastic_net,142,1,51202839,2712
"[""cluster__3c67dd0616449c2d""]",cluster__3c67dd0616449c2d,block_permutation,0.022942445898933572,positive,1416,outer_01,elastic_net,142,2,51202840,2712
"[""cluster__3c67dd0616449c2d""]",cluster__3c67dd0616449c2d,block_permutation,0.03554269299495738,positive,1416,outer_01,elastic_net,142,3,51202841,2712
"[""cluster__3c67dd0616449c2d""]",cluster__3c67dd0616449c2d,block_permutation,0.046194185160668866,positive,1416,outer_01,elastic_net,142,4,51202842,2712
"[""cluster__3c67dd0616449c2d""]",cluster__3c67dd0616449c2d,block_permutation,0.04098902621939704,positive,1416,outer_01,elastic_net,142,5,51202843,2712
"[""cluster__3c67dd0616449c2d""]",cluster__3c67dd0616449c2d,block_permutation,0.049904985417700054,positive,1416,outer_01,elastic_net,142,6,51202844,2712
"[""cluster__3c67dd0616449c2d""]",cluster__3c67dd0616449c2d,block_permutation,0.05096893197386465,positive,1416,outer_01,elastic_net,142,7,51202845,2712
"[""cluster__3c67dd0616449c2d""]",cluster__3c67dd0616449c2d,block_permutation,0.02959791083274066,positive,1416,outer_01,elastic_net,142,8,51202846,2712
"[""cluster__3c67dd0616449c2d""]",cluster__3c67dd0616449c2d,block_permutation,0.05619310096361829,positive,1416,outer_01,elastic_net,142,9,51202847,2712
"[""cluster__3cf051d5429a5851""]",cluster__3cf051d5429a5851,block_permutation,0.0,zero,1416,outer_01,elastic_net,142,0,51202848,2712
"[""cluster__3cf051d5429a5851""]",cluster__3cf051d5429a5851,block_permutation,0.0,zero,1416,outer_01,elastic_net,142,1,51202849,2712
"[""cluster__3cf051d5429a5851""]",cluster__3cf051d5429a5851,block_permutation,0.0,zero,1416,outer_01,elastic_net,142,2,51202850,2712
"[""cluster__3cf051d5429a5851""]",cluster__3cf051d5429a5851,block_permutation,0.0,zero,1416,outer_01,elastic_net,142,3,51202851,2712
"[""cluster__3cf051d5429a5851""]",cluster__3cf051d5429a5851,block_permutation,0.0,zero,1416,outer_01,elastic_net,142,4,51202852,2712
"[""cluster__3cf051d5429a5851""]",cluster__3cf051d5429a5851,block_permutation,0.0,zero,1416,outer_01,elastic_net,142,5,51202853,2712
"[""cluster__3cf051d5429a5851""]",cluster__3cf051d5429a5851,block_permutation,0.0,zero,1416,outer_01,elastic_net,142,6,51202854,2712
"[""cluster__3cf051d5429a5851""]",cluster__3cf051d5429a5851,block_permutation,0.0,zero,1416,outer_01,elastic_net,142,7,51202855,2712
"[""cluster__3cf051d5429a5851""]",cluster__3cf051d5429a5851,block_permutation,0.0,zero,1416,outer_01,elastic_net,142,8,51202856,2712
"[""cluster__3cf051d5429a5851""]",cluster__3cf051d5429a5851,block_permutation,0.0,zero,1416,outer_01,elastic_net,142,9,51202857,2712
"[""cluster__3e5336b9c24613b3""]",cluster__3e5336b9c24613b3,block_permutation,0.0,zero,1416,outer_01,elastic_net,142,0,51202858,2712
"[""cluster__3e5336b9c24613b3""]",cluster__3e5336b9c24613b3,block_permutation,0.0,zero,1416,outer_01,elastic_net,142,1,51202859,2712
"[""cluster__3e5336b9c24613b3""]",cluster__3e5336b9c24613b3,block_permutation,0.0,zero,1416,outer_01,elastic_net,142,2,51202860,2712
"[""cluster__3e5336b9c24613b3""]",cluster__3e5336b9c24613b3,block_permutation,0.0,zero,1416,outer_01,elastic_net,142,3,51202861,2712
"[""cluster__3e5336b9c24613b3""]",cluster__3e5336b9c24613b3,block_permutation,0.0,zero,1416,outer_01,elastic_net,142,4,51202862,2712
"[""cluster__3e5336b9c24613b3""]",cluster__3e5336b9c24613b3,block_permutation,0.0,zero,1416,outer_01,elastic_net,142,5,51202863,2712
"[""cluster__3e5336b9c24613b3""]",cluster__3e5336b9c24613b3,block_permutation,0.0,zero,1416,outer_01,elastic_net,142,6,51202864,2712
"[""cluster__3e5336b9c24613b3""]",cluster__3e5336b9c24613b3,block_permutation,0.0,zero,1416,outer_01,elastic_net,142,7,51202865,2712
"[""cluster__3e5336b9c24613b3""]",cluster__3e5336b9c24613b3,block_permutation,0.0,zero,1416,outer_01,elastic_net,142,8,51202866,2712
"[""cluster__3e5336b9c24613b3""]",cluster__3e5336b9c24613b3,block_permutation,0.0,zero,1416,outer_01,elastic_net,142,9,51202867,2712
"[""cluster__421a4a1c5073e265""]",cluster__421a4a1c5073e265,block_permutation,0.0,zero,1416,outer_01,elastic_net,142,0,51202868,2712
"[""cluster__421a4a1c5073e265""]",cluster__421a4a1c5073e265,block_permutation,0.0,zero,1416,outer_01,elastic_net,142,1,51202869,2712
"[""cluster__421a4a1c5073e265""]",cluster__421a4a1c5073e265,block_permutation,0.0,zero,1416,outer_01,elastic_net,142,2,51202870,2712
"[""cluster__421a4a1c5073e265""]",cluster__421a4a1c5073e265,block_permutation,0.0,zero,1416,outer_01,elastic_net,142,3,51202871,2712
"[""cluster__421a4a1c5073e265""]",cluster__421a4a1c5073e265,block_permutation,0.0,zero,1416,outer_01,elastic_net,142,4,51202872,2712
"[""cluster__421a4a1c5073e265""]",cluster__421a4a1c5073e265,block_permutation,0.0,zero,1416,outer_01,elastic_net,142,5,51202873,2712
"[""cluster__421a4a1c5073e265""]",cluster__421a4a1c5073e265,block_permutation,0.0,zero,1416,outer_01,elastic_net,142,6,51202874,2712
"[""cluster__421a4a1c5073e265""]",cluster__421a4a1c5073e265,block_permutation,0.0,zero,1416,outer_01,elastic_net,142,7,51202875,2712
"[""cluster__421a4a1c5073e265""]",cluster__421a4a1c5073e265,block_permutation,0.0,zero,1416,outer_01,elastic_net,142,8,51202876,2712
"[""cluster__421a4a1c5073e265""]",cluster__421a4a1c5073e265,block_permutation,0.0,zero,1416,outer_01,elastic_net,142,9,51202877,2712
"[""cluster__453e45b37c54e768""]",cluster__453e45b37c54e768,block_permutation,0.0,zero,1416,outer_01,elastic_net,142,0,51202878,2712
"[""cluster__453e45b37c54e768""]",cluster__453e45b37c54e768,block_permutation,0.0,zero,1416,outer_01,elastic_net,142,1,51202879,2712
"[""cluster__453e45b37c54e768""]",cluster__453e45b37c54e768,block_permutation,0.0,zero,1416,outer_01,elastic_net,142,2,51202880,2712
"[""cluster__453e45b37c54e768""]",cluster__453e45b37c54e768,block_permutation,0.0,zero,1416,outer_01,elastic_net,142,3,51202881,2712
"[""cluster__453e45b37c54e768""]",cluster__453e45b37c54e768,block_permutation,0.0,zero,1416,outer_01,elastic_net,142,4,51202882,2712
"[""cluster__453e45b37c54e768""]",cluster__453e45b37c54e768,block_permutation,0.0,zero,1416,outer_01,elastic_net,142,5,51202883,2712
"[""cluster__453e45b37c54e768""]",cluster__453e45b37c54e768,block_permutation,0.0,zero,1416,outer_01,elastic_net,142,6,51202884,2712
"[""cluster__453e45b37c54e768""]",cluster__453e45b37c54e768,block_permutation,0.0,zero,1416,outer_01,elastic_net,142,7,51202885,2712
"[""cluster__453e45b37c54e768""]",cluster__453e45b37c54e768,block_permutation,0.0,zero,1416,outer_01,elastic_net,142,8,51202886,2712
"[""cluster__453e45b37c54e768""]",cluster__453e45b37c54e768,block_permutation,0.0,zero,1416,outer_01,elastic_net,142,9,51202887,2712
"[""cluster__477b0804b0e235c3""]",cluster__477b0804b0e235c3,block_permutation,0.0,zero,1416,outer_01,elastic_net,142,0,51202888,2712
"[""cluster__477b0804b0e235c3""]",cluster__477b0804b0e235c3,block_permutation,0.0,zero,1416,outer_01,elastic_net,142,1,51202889,2712
"[""cluster__477b0804b0e235c3""]",cluster__477b0804b0e235c3,block_permutation,0.0,zero,1416,outer_01,elastic_net,142,2,51202890,2712
"[""cluster__477b0804b0e235c3""]",cluster__477b0804b0e235c3,block_permutation,0.0,zero,1416,outer_01,elastic_net,142,3,51202891,2712
"[""cluster__477b0804b0e235c3""]",cluster__477b0804b0e235c3,block_permutation,0.0,zero,1416,outer_01,elastic_net,142,4,51202892,2712
"[""cluster__477b0804b0e235c3""]",cluster__477b0804b0e235c3,block_permutation,0.0,zero,1416,outer_01,elastic_net,142,5,51202893,2712
"[""cluster__477b0804b0e235c3""]",cluster__477b0804b0e235c3,block_permutation,0.0,zero,1416,outer_01,elastic_net,142,6,51202894,2712
"[""cluster__477b0804b0e235c3""]",cluster__477b0804b0e235c3,block_permutation,0.0,zero,1416,outer_01,elastic_net,142,7,51202895,2712
"[""cluster__477b0804b0e235c3""]",cluster__477b0804b0e235c3,block_permutation,0.0,zero,1416,outer_01,elastic_net,142,8,51202896,2712
"[""cluster__477b0804b0e235c3""]",cluster__477b0804b0e235c3,block_permutation,0.0,zero,1416,outer_01,elastic_net,142,9,51202897,2712
"[""cluster__4a28d5e18578418a""]",cluster__4a28d5e18578418a,block_permutation,0.0,zero,1416,outer_01,elastic_net,142,0,51202898,2712
"[""cluster__4a28d5e18578418a""]",cluster__4a28d5e18578418a,block_permutation,0.0,zero,1416,outer_01,elastic_net,142,1,51202899,2712
"[""cluster__4a28d5e18578418a""]",cluster__4a28d5e18578418a,block_permutation,0.0,zero,1416,outer_01,elastic_net,142,2,51202900,2712
"[""cluster__4a28d5e18578418a""]",cluster__4a28d5e18578418a,block_permutation,0.0,zero,1416,outer_01,elastic_net,142,3,51202901,2712
"[""cluster__4a28d5e18578418a""]",cluster__4a28d5e18578418a,block_permutation,0.0,zero,1416,outer_01,elastic_net,142,4,51202902,2712
"[""cluster__4a28d5e18578418a""]",cluster__4a28d5e18578418a,block_permutation,0.0,zero,1416,outer_01,elastic_net,142,5,51202903,2712
"[""cluster__4a28d5e18578418a""]",cluster__4a28d5e18578418a,block_permutation,0.0,zero,1416,outer_01,elastic_net,142,6,51202904,2712
"[""cluster__4a28d5e18578418a""]",cluster__4a28d5e18578418a,block_permutation,0.0,zero,1416,outer_01,elastic_net,142,7,51202905,2712
"[""cluster__4a28d5e18578418a""]",cluster__4a28d5e18578418a,block_permutation,0.0,zero,1416,outer_01,elastic_net,142,8,51202906,2712
"[""cluster__4a28d5e18578418a""]",cluster__4a28d5e18578418a,block_permutation,0.0,zero,1416,outer_01,elastic_net,142,9,51202907,2712
"[""cluster__4e66a854583b258d""]",cluster__4e66a854583b258d,block_permutation,0.006391938796917573,positive,1416,outer_01,elastic_net,142,0,51202908,2712
"[""cluster__4e66a854583b258d""]",cluster__4e66a854583b258d,block_permutation,0.006781944500151682,positive,1416,outer_01,elastic_net,142,1,51202909,2712
"[""cluster__4e66a854583b258d""]",cluster__4e66a854583b258d,block_permutation,0.00932420121658184,positive,1416,outer_01,elastic_net,142,2,51202910,2712
"[""cluster__4e66a854583b258d""]",cluster__4e66a854583b258d,block_permutation,0.004507340323997577,positive,1416,outer_01,elastic_net,142,3,51202911,2712
"[""cluster__4e66a854583b258d""]",cluster__4e66a854583b258d,block_permutation,0.008372027060174037,positive,1416,outer_01,elastic_net,142,4,51202912,2712
"[""cluster__4e66a854583b258d""]",cluster__4e66a854583b258d,block_permutation,0.01444723263768044,positive,1416,outer_01,elastic_net,142,5,51202913,2712
"[""cluster__4e66a854583b258d""]",cluster__4e66a854583b258d,block_permutation,0.010863894243390071,positive,1416,outer_01,elastic_net,142,6,51202914,2712
"[""cluster__4e66a854583b258d""]",cluster__4e66a854583b258d,block_permutation,0.008988127129744838,positive,1416,outer_01,elastic_net,142,7,51202915,2712
"[""cluster__4e66a854583b258d""]",cluster__4e66a854583b258d,block_permutation,0.01160594461533826,positive,1416,outer_01,elastic_net,142,8,51202916,2712
"[""cluster__4e66a854583b258d""]",cluster__4e66a854583b258d,block_permutation,0.00825168682134969,positive,1416,outer_01,elastic_net,142,9,51202917,2712
"[""cluster__4f2f17103c6e4b0f""]",cluster__4f2f17103c6e4b0f,block_permutation,0.0,zero,1416,outer_01,elastic_net,142,0,51202918,2712
"[""cluster__4f2f17103c6e4b0f""]",cluster__4f2f17103c6e4b0f,block_permutation,0.0,zero,1416,outer_01,elastic_net,142,1,51202919,2712
"[""cluster__4f2f17103c6e4b0f""]",cluster__4f2f17103c6e4b0f,block_permutation,0.0,zero,1416,outer_01,elastic_net,142,2,51202920,2712
"[""cluster__4f2f17103c6e4b0f""]",cluster__4f2f17103c6e4b0f,block_permutation,0.0,zero,1416,outer_01,elastic_net,142,3,51202921,2712
"[""cluster__4f2f17103c6e4b0f""]",cluster__4f2f17103c6e4b0f,block_permutation,0.0,zero,1416,outer_01,elastic_net,142,4,51202922,2712
"[""cluster__4f2f17103c6e4b0f""]",cluster__4f2f17103c6e4b0f,block_permutation,0.0,zero,1416,outer_01,elastic_net,142,5,51202923,2712
"[""cluster__4f2f17103c6e4b0f""]",cluster__4f2f17103c6e4b0f,block_permutation,0.0,zero,1416,outer_01,elastic_net,142,6,51202924,2712
"[""cluster__4f2f17103c6e4b0f""]",cluster__4f2f17103c6e4b0f,block_permutation,0.0,zero,1416,outer_01,elastic_net,142,7,51202925,2712
"[""cluster__4f2f17103c6e4b0f""]",cluster__4f2f17103c6e4b0f,block_permutation,0.0,zero,1416,outer_01,elastic_net,142,8,51202926,2712
"[""cluster__4f2f17103c6e4b0f""]",cluster__4f2f17103c6e4b0f,block_permutation,0.0,zero,1416,outer_01,elastic_net,142,9,51202927,2712
"[""cluster__586a389aaf56ab73""]",cluster__586a389aaf56ab73,block_permutation,0.0,zero,1416,outer_01,elastic_net,142,0,51202928,2712
"[""cluster__586a389aaf56ab73""]",cluster__586a389aaf56ab73,block_permutation,0.0,zero,1416,outer_01,elastic_net,142,1,51202929,2712
"[""cluster__586a389aaf56ab73""]",cluster__586a389aaf56ab73,block_permutation,0.0,zero,1416,outer_01,elastic_net,142,2,51202930,2712
"[""cluster__586a389aaf56ab73""]",cluster__586a389aaf56ab73,block_permutation,0.0,zero,1416,outer_01,elastic_net,142,3,51202931,2712
"[""cluster__586a389aaf56ab73""]",cluster__586a389aaf56ab73,block_permutation,0.0,zero,1416,outer_01,elastic_net,142,4,51202932,2712
"[""cluster__586a389aaf56ab73""]",cluster__586a389aaf56ab73,block_permutation,0.0,zero,1416,outer_01,elastic_net,142,5,51202933,2712
"[""cluster__586a389aaf56ab73""]",cluster__586a389aaf56ab73,block_permutation,0.0,zero,1416,outer_01,elastic_net,142,6,51202934,2712
"[""cluster__586a389aaf56ab73""]",cluster__586a389aaf56ab73,block_permutation,0.0,zero,1416,outer_01,elastic_net,142,7,51202935,2712
"[""cluster__586a389aaf56ab73""]",cluster__586a389aaf56ab73,block_permutation,0.0,zero,1416,outer_01,elastic_net,142,8,51202936,2712
"[""cluster__586a389aaf56ab73""]",cluster__586a389aaf56ab73,block_permutation,0.0,zero,1416,outer_01,elastic_net,142,9,51202937,2712
"[""cluster__5a65732a4a4ff188""]",cluster__5a65732a4a4ff188,block_permutation,0.0,zero,1416,outer_01,elastic_net,142,0,51202938,2712
"[""cluster__5a65732a4a4ff188""]",cluster__5a65732a4a4ff188,block_permutation,0.0,zero,1416,outer_01,elastic_net,142,1,51202939,2712
"[""cluster__5a65732a4a4ff188""]",cluster__5a65732a4a4ff188,block_permutation,0.0,zero,1416,outer_01,elastic_net,142,2,51202940,2712
"[""cluster__5a65732a4a4ff188""]",cluster__5a65732a4a4ff188,block_permutation,0.0,zero,1416,outer_01,elastic_net,142,3,51202941,2712
"[""cluster__5a65732a4a4ff188""]",cluster__5a65732a4a4ff188,block_permutation,0.0,zero,1416,outer_01,elastic_net,142,4,51202942,2712
"[""cluster__5a65732a4a4ff188""]",cluster__5a65732a4a4ff188,block_permutation,0.0,zero,1416,outer_01,elastic_net,142,5,51202943,2712
"[""cluster__5a65732a4a4ff188""]",cluster__5a65732a4a4ff188,block_permutation,0.0,zero,1416,outer_01,elastic_net,142,6,51202944,2712
"[""cluster__5a65732a4a4ff188""]",cluster__5a65732a4a4ff188,block_permutation,0.0,zero,1416,outer_01,elastic_net,142,7,51202945,2712
"[""cluster__5a65732a4a4ff188""]",cluster__5a65732a4a4ff188,block_permutation,0.0,zero,1416,outer_01,elastic_net,142,8,51202946,2712
"[""cluster__5a65732a4a4ff188""]",cluster__5a65732a4a4ff188,block_permutation,0.0,zero,1416,outer_01,elastic_net,142,9,51202947,2712
"[""cluster__5c7bb033aa35772f""]",cluster__5c7bb033aa35772f,block_permutation,0.0,zero,1416,outer_01,elastic_net,142,0,51202948,2712
"[""cluster__5c7bb033aa35772f""]",cluster__5c7bb033aa35772f,block_permutation,0.0,zero,1416,outer_01,elastic_net,142,1,51202949,2712
"[""cluster__5c7bb033aa35772f""]",cluster__5c7bb033aa35772f,block_permutation,0.0,zero,1416,outer_01,elastic_net,142,2,51202950,2712
"[""cluster__5c7bb033aa35772f""]",cluster__5c7bb033aa35772f,block_permutation,0.0,zero,1416,outer_01,elastic_net,142,3,51202951,2712
"[""cluster__5c7bb033aa35772f""]",cluster__5c7bb033aa35772f,block_permutation,0.0,zero,1416,outer_01,elastic_net,142,4,51202952,2712
"[""cluster__5c7bb033aa35772f""]",cluster__5c7bb033aa35772f,block_permutation,0.0,zero,1416,outer_01,elastic_net,142,5,51202953,2712
"[""cluster__5c7bb033aa35772f""]",cluster__5c7bb033aa35772f,block_permutation,0.0,zero,1416,outer_01,elastic_net,142,6,51202954,2712
"[""cluster__5c7bb033aa35772f""]",cluster__5c7bb033aa35772f,block_permutation,0.0,zero,1416,outer_01,elastic_net,142,7,51202955,2712
"[""cluster__5c7bb033aa35772f""]",cluster__5c7bb033aa35772f,block_permutation,0.0,zero,1416,outer_01,elastic_net,142,8,51202956,2712
"[""cluster__5c7bb033aa35772f""]",cluster__5c7bb033aa35772f,block_permutation,0.0,zero,1416,outer_01,elastic_net,142,9,51202957,2712
"[""cluster__638294e28a507a16""]",cluster__638294e28a507a16,block_permutation,0.0,zero,1416,outer_01,elastic_net,142,0,51202958,2712
"[""cluster__638294e28a507a16""]",cluster__638294e28a507a16,block_permutation,0.0,zero,1416,outer_01,elastic_net,142,1,51202959,2712
"[""cluster__638294e28a507a16""]",cluster__638294e28a507a16,block_permutation,0.0,zero,1416,outer_01,elastic_net,142,2,51202960,2712
"[""cluster__638294e28a507a16""]",cluster__638294e28a507a16,block_permutation,0.0,zero,1416,outer_01,elastic_net,142,3,51202961,2712
"[""cluster__638294e28a507a16""]",cluster__638294e28a507a16,block_permutation,0.0,zero,1416,outer_01,elastic_net,142,4,51202962,2712
"[""cluster__638294e28a507a16""]",cluster__638294e28a507a16,block_permutation,0.0,zero,1416,outer_01,elastic_net,142,5,51202963,2712
"[""cluster__638294e28a507a16""]",cluster__638294e28a507a16,block_permutation,0.0,zero,1416,outer_01,elastic_net,142,6,51202964,2712
"[""cluster__638294e28a507a16""]",cluster__638294e28a507a16,block_permutation,0.0,zero,1416,outer_01,elastic_net,142,7,51202965,2712
"[""cluster__638294e28a507a16""]",cluster__638294e28a507a16,block_permutation,0.0,zero,1416,outer_01,elastic_net,142,8,51202966,2712
"[""cluster__638294e28a507a16""]",cluster__638294e28a507a16,block_permutation,0.0,zero,1416,outer_01,elastic_net,142,9,51202967,2712
"[""cluster__6567e1495fb81e67""]",cluster__6567e1495fb81e67,block_permutation,0.0,zero,1416,outer_01,elastic_net,142,0,51202968,2712
"[""cluster__6567e1495fb81e67""]",cluster__6567e1495fb81e67,block_permutation,0.0,zero,1416,outer_01,elastic_net,142,1,51202969,2712
"[""cluster__6567e1495fb81e67""]",cluster__6567e1495fb81e67,block_permutation,0.0,zero,1416,outer_01,elastic_net,142,2,51202970,2712
"[""cluster__6567e1495fb81e67""]",cluster__6567e1495fb81e67,block_permutation,0.0,zero,1416,outer_01,elastic_net,142,3,51202971,2712
"[""cluster__6567e1495fb81e67""]",cluster__6567e1495fb81e67,block_permutation,0.0,zero,1416,outer_01,elastic_net,142,4,51202972,2712
"[""cluster__6567e1495fb81e67""]",cluster__6567e1495fb81e67,block_permutation,0.0,zero,1416,outer_01,elastic_net,142,5,51202973,2712
"[""cluster__6567e1495fb81e67""]",cluster__6567e1495fb81e67,block_permutation,0.0,zero,1416,outer_01,elastic_net,142,6,51202974,2712
"[""cluster__6567e1495fb81e67""]",cluster__6567e1495fb81e67,block_permutation,0.0,zero,1416,outer_01,elastic_net,142,7,51202975,2712
"[""cluster__6567e1495fb81e67""]",cluster__6567e1495fb81e67,block_permutation,0.0,zero,1416,outer_01,elastic_net,142,8,51202976,2712
"[""cluster__6567e1495fb81e67""]",cluster__6567e1495fb81e67,block_permutation,0.0,zero,1416,outer_01,elastic_net,142,9,51202977,2712
"[""cluster__66ae01ac794f63eb""]",cluster__66ae01ac794f63eb,block_permutation,0.0,zero,1416,outer_01,elastic_net,142,0,51202978,2712
"[""cluster__66ae01ac794f63eb""]",cluster__66ae01ac794f63eb,block_permutation,0.0,zero,1416,outer_01,elastic_net,142,1,51202979,2712
"[""cluster__66ae01ac794f63eb""]",cluster__66ae01ac794f63eb,block_permutation,0.0,zero,1416,outer_01,elastic_net,142,2,51202980,2712
"[""cluster__66ae01ac794f63eb""]",cluster__66ae01ac794f63eb,block_permutation,0.0,zero,1416,outer_01,elastic_net,142,3,51202981,2712
"[""cluster__66ae01ac794f63eb""]",cluster__66ae01ac794f63eb,block_permutation,0.0,zero,1416,outer_01,elastic_net,142,4,51202982,2712
"[""cluster__66ae01ac794f63eb""]",cluster__66ae01ac794f63eb,block_permutation,0.0,zero,1416,outer_01,elastic_net,142,5,51202983,2712
"[""cluster__66ae01ac794f63eb""]",cluster__66ae01ac794f63eb,block_permutation,0.0,zero,1416,outer_01,elastic_net,142,6,51202984,2712
"[""cluster__66ae01ac794f63eb""]",cluster__66ae01ac794f63eb,block_permutation,0.0,zero,1416,outer_01,elastic_net,142,7,51202985,2712
"[""cluster__66ae01ac794f63eb""]",cluster__66ae01ac794f63eb,block_permutation,0.0,zero,1416,outer_01,elastic_net,142,8,51202986,2712
"[""cluster__66ae01ac794f63eb""]",cluster__66ae01ac794f63eb,block_permutation,0.0,zero,1416,outer_01,elastic_net,142,9,51202987,2712
"[""cluster__6712d3b7bf51390b""]",cluster__6712d3b7bf51390b,block_permutation,0.0,zero,1416,outer_01,elastic_net,142,0,51202988,2712
"[""cluster__6712d3b7bf51390b""]",cluster__6712d3b7bf51390b,block_permutation,0.0,zero,1416,outer_01,elastic_net,142,1,51202989,2712
"[""cluster__6712d3b7bf51390b""]",cluster__6712d3b7bf51390b,block_permutation,0.0,zero,1416,outer_01,elastic_net,142,2,51202990,2712
"[""cluster__6712d3b7bf51390b""]",cluster__6712d3b7bf51390b,block_permutation,0.0,zero,1416,outer_01,elastic_net,142,3,51202991,2712
"[""cluster__6712d3b7bf51390b""]",cluster__6712d3b7bf51390b,block_permutation,0.0,zero,1416,outer_01,elastic_net,142,4,51202992,2712
"[""cluster__6712d3b7bf51390b""]",cluster__6712d3b7bf51390b,block_permutation,0.0,zero,1416,outer_01,elastic_net,142,5,51202993,2712
"[""cluster__6712d3b7bf51390b""]",cluster__6712d3b7bf51390b,block_permutation,0.0,zero,1416,outer_01,elastic_net,142,6,51202994,2712
"[""cluster__6712d3b7bf51390b""]",cluster__6712d3b7bf51390b,block_permutation,0.0,zero,1416,outer_01,elastic_net,142,7,51202995,2712
"[""cluster__6712d3b7bf51390b""]",cluster__6712d3b7bf51390b,block_permutation,0.0,zero,1416,outer_01,elastic_net,142,8,51202996,2712
"[""cluster__6712d3b7bf51390b""]",cluster__6712d3b7bf51390b,block_permutation,0.0,zero,1416,outer_01,elastic_net,142,9,51202997,2712
"[""cluster__69905f0e3a72c606""]",cluster__69905f0e3a72c606,block_permutation,0.0,zero,1416,outer_01,elastic_net,142,0,51202998,2712
"[""cluster__69905f0e3a72c606""]",cluster__69905f0e3a72c606,block_permutation,0.0,zero,1416,outer_01,elastic_net,142,1,51202999,2712
"[""cluster__69905f0e3a72c606""]",cluster__69905f0e3a72c606,block_permutation,0.0,zero,1416,outer_01,elastic_net,142,2,51203000,2712
"[""cluster__69905f0e3a72c606""]",cluster__69905f0e3a72c606,block_permutation,0.0,zero,1416,outer_01,elastic_net,142,3,51203001,2712
"[""cluster__69905f0e3a72c606""]",cluster__69905f0e3a72c606,block_permutation,0.0,zero,1416,outer_01,elastic_net,142,4,51203002,2712
"[""cluster__69905f0e3a72c606""]",cluster__69905f0e3a72c606,block_permutation,0.0,zero,1416,outer_01,elastic_net,142,5,51203003,2712
"[""cluster__69905f0e3a72c606""]",cluster__69905f0e3a72c606,block_permutation,0.0,zero,1416,outer_01,elastic_net,142,6,51203004,2712
"[""cluster__69905f0e3a72c606""]",cluster__69905f0e3a72c606,block_permutation,0.0,zero,1416,outer_01,elastic_net,142,7,51203005,2712
"[""cluster__69905f0e3a72c606""]",cluster__69905f0e3a72c606,block_permutation,0.0,zero,1416,outer_01,elastic_net,142,8,51203006,2712
"[""cluster__69905f0e3a72c606""]",cluster__69905f0e3a72c606,block_permutation,0.0,zero,1416,outer_01,elastic_net,142,9,51203007,2712
"[""cluster__6a9c460c39dcad34""]",cluster__6a9c460c39dcad34,block_permutation,0.0,zero,1416,outer_01,elastic_net,142,0,51203008,2712
"[""cluster__6a9c460c39dcad34""]",cluster__6a9c460c39dcad34,block_permutation,0.0,zero,1416,outer_01,elastic_net,142,1,51203009,2712
"[""cluster__6a9c460c39dcad34""]",cluster__6a9c460c39dcad34,block_permutation,0.0,zero,1416,outer_01,elastic_net,142,2,51203010,2712
"[""cluster__6a9c460c39dcad34""]",cluster__6a9c460c39dcad34,block_permutation,0.0,zero,1416,outer_01,elastic_net,142,3,51203011,2712
"[""cluster__6a9c460c39dcad34""]",cluster__6a9c460c39dcad34,block_permutation,0.0,zero,1416,outer_01,elastic_net,142,4,51203012,2712
"[""cluster__6a9c460c39dcad34""]",cluster__6a9c460c39dcad34,block_permutation,0.0,zero,1416,outer_01,elastic_net,142,5,51203013,2712
"[""cluster__6a9c460c39dcad34""]",cluster__6a9c460c39dcad34,block_permutation,0.0,zero,1416,outer_01,elastic_net,142,6,51203014,2712
"[""cluster__6a9c460c39dcad34""]",cluster__6a9c460c39dcad34,block_permutation,0.0,zero,1416,outer_01,elastic_net,142,7,51203015,2712
"[""cluster__6a9c460c39dcad34""]",cluster__6a9c460c39dcad34,block_permutation,0.0,zero,1416,outer_01,elastic_net,142,8,51203016,2712
"[""cluster__6a9c460c39dcad34""]",cluster__6a9c460c39dcad34,block_permutation,0.0,zero,1416,outer_01,elastic_net,142,9,51203017,2712
"[""cluster__724520f09acc991f""]",cluster__724520f09acc991f,block_permutation,0.0,zero,1416,outer_01,elastic_net,142,0,51203018,2712
"[""cluster__724520f09acc991f""]",cluster__724520f09acc991f,block_permutation,0.0,zero,1416,outer_01,elastic_net,142,1,51203019,2712
"[""cluster__724520f09acc991f""]",cluster__724520f09acc991f,block_permutation,0.0,zero,1416,outer_01,elastic_net,142,2,51203020,2712
"[""cluster__724520f09acc991f""]",cluster__724520f09acc991f,block_permutation,0.0,zero,1416,outer_01,elastic_net,142,3,51203021,2712
"[""cluster__724520f09acc991f""]",cluster__724520f09acc991f,block_permutation,0.0,zero,1416,outer_01,elastic_net,142,4,51203022,2712
"[""cluster__724520f09acc991f""]",cluster__724520f09acc991f,block_permutation,0.0,zero,1416,outer_01,elastic_net,142,5,51203023,2712
"[""cluster__724520f09acc991f""]",cluster__724520f09acc991f,block_permutation,0.0,zero,1416,outer_01,elastic_net,142,6,51203024,2712
"[""cluster__724520f09acc991f""]",cluster__724520f09acc991f,block_permutation,0.0,zero,1416,outer_01,elastic_net,142,7,51203025,2712
"[""cluster__724520f09acc991f""]",cluster__724520f09acc991f,block_permutation,0.0,zero,1416,outer_01,elastic_net,142,8,51203026,2712
"[""cluster__724520f09acc991f""]",cluster__724520f09acc991f,block_permutation,0.0,zero,1416,outer_01,elastic_net,142,9,51203027,2712
"[""cluster__7533afca12d5c845""]",cluster__7533afca12d5c845,block_permutation,0.0,zero,1416,outer_01,elastic_net,142,0,51203028,2712
"[""cluster__7533afca12d5c845""]",cluster__7533afca12d5c845,block_permutation,0.0,zero,1416,outer_01,elastic_net,142,1,51203029,2712
"[""cluster__7533afca12d5c845""]",cluster__7533afca12d5c845,block_permutation,0.0,zero,1416,outer_01,elastic_net,142,2,51203030,2712
"[""cluster__7533afca12d5c845""]",cluster__7533afca12d5c845,block_permutation,0.0,zero,1416,outer_01,elastic_net,142,3,51203031,2712
"[""cluster__7533afca12d5c845""]",cluster__7533afca12d5c845,block_permutation,0.0,zero,1416,outer_01,elastic_net,142,4,51203032,2712
"[""cluster__7533afca12d5c845""]",cluster__7533afca12d5c845,block_permutation,0.0,zero,1416,outer_01,elastic_net,142,5,51203033,2712
"[""cluster__7533afca12d5c845""]",cluster__7533afca12d5c845,block_permutation,0.0,zero,1416,outer_01,elastic_net,142,6,51203034,2712
"[""cluster__7533afca12d5c845""]",cluster__7533afca12d5c845,block_permutation,0.0,zero,1416,outer_01,elastic_net,142,7,51203035,2712
"[""cluster__7533afca12d5c845""]",cluster__7533afca12d5c845,block_permutation,0.0,zero,1416,outer_01,elastic_net,142,8,51203036,2712
"[""cluster__7533afca12d5c845""]",cluster__7533afca12d5c845,block_permutation,0.0,zero,1416,outer_01,elastic_net,142,9,51203037,2712
"[""cluster__75ae125737df1102""]",cluster__75ae125737df1102,block_permutation,0.0,zero,1416,outer_01,elastic_net,142,0,51203038,2712
"[""cluster__75ae125737df1102""]",cluster__75ae125737df1102,block_permutation,0.0,zero,1416,outer_01,elastic_net,142,1,51203039,2712
"[""cluster__75ae125737df1102""]",cluster__75ae125737df1102,block_permutation,0.0,zero,1416,outer_01,elastic_net,142,2,51203040,2712
"[""cluster__75ae125737df1102""]",cluster__75ae125737df1102,block_permutation,0.0,zero,1416,outer_01,elastic_net,142,3,51203041,2712
"[""cluster__75ae125737df1102""]",cluster__75ae125737df1102,block_permutation,0.0,zero,1416,outer_01,elastic_net,142,4,51203042,2712
"[""cluster__75ae125737df1102""]",cluster__75ae125737df1102,block_permutation,0.0,zero,1416,outer_01,elastic_net,142,5,51203043,2712
"[""cluster__75ae125737df1102""]",cluster__75ae125737df1102,block_permutation,0.0,zero,1416,outer_01,elastic_net,142,6,51203044,2712
"[""cluster__75ae125737df1102""]",cluster__75ae125737df1102,block_permutation,0.0,zero,1416,outer_01,elastic_net,142,7,51203045,2712
"[""cluster__75ae125737df1102""]",cluster__75ae125737df1102,block_permutation,0.0,zero,1416,outer_01,elastic_net,142,8,51203046,2712
"[""cluster__75ae125737df1102""]",cluster__75ae125737df1102,block_permutation,0.0,zero,1416,outer_01,elastic_net,142,9,51203047,2712
"[""cluster__773984b00b5c1f1c""]",cluster__773984b00b5c1f1c,block_permutation,0.0,zero,1416,outer_01,elastic_net,142,0,51203048,2712
"[""cluster__773984b00b5c1f1c""]",cluster__773984b00b5c1f1c,block_permutation,0.0,zero,1416,outer_01,elastic_net,142,1,51203049,2712
"[""cluster__773984b00b5c1f1c""]",cluster__773984b00b5c1f1c,block_permutation,0.0,zero,1416,outer_01,elastic_net,142,2,51203050,2712
"[""cluster__773984b00b5c1f1c""]",cluster__773984b00b5c1f1c,block_permutation,0.0,zero,1416,outer_01,elastic_net,142,3,51203051,2712
"[""cluster__773984b00b5c1f1c""]",cluster__773984b00b5c1f1c,block_permutation,0.0,zero,1416,outer_01,elastic_net,142,4,51203052,2712
"[""cluster__773984b00b5c1f1c""]",cluster__773984b00b5c1f1c,block_permutation,0.0,zero,1416,outer_01,elastic_net,142,5,51203053,2712
"[""cluster__773984b00b5c1f1c""]",cluster__773984b00b5c1f1c,block_permutation,0.0,zero,1416,outer_01,elastic_net,142,6,51203054,2712
"[""cluster__773984b00b5c1f1c""]",cluster__773984b00b5c1f1c,block_permutation,0.0,zero,1416,outer_01,elastic_net,142,7,51203055,2712
"[""cluster__773984b00b5c1f1c""]",cluster__773984b00b5c1f1c,block_permutation,0.0,zero,1416,outer_01,elastic_net,142,8,51203056,2712
"[""cluster__773984b00b5c1f1c""]",cluster__773984b00b5c1f1c,block_permutation,0.0,zero,1416,outer_01,elastic_net,142,9,51203057,2712
"[""cluster__7cc2e09b9a932b39""]",cluster__7cc2e09b9a932b39,block_permutation,0.0,zero,1416,outer_01,elastic_net,142,0,51203058,2712
"[""cluster__7cc2e09b9a932b39""]",cluster__7cc2e09b9a932b39,block_permutation,0.0,zero,1416,outer_01,elastic_net,142,1,51203059,2712
"[""cluster__7cc2e09b9a932b39""]",cluster__7cc2e09b9a932b39,block_permutation,0.0,zero,1416,outer_01,elastic_net,142,2,51203060,2712
"[""cluster__7cc2e09b9a932b39""]",cluster__7cc2e09b9a932b39,block_permutation,0.0,zero,1416,outer_01,elastic_net,142,3,51203061,2712
"[""cluster__7cc2e09b9a932b39""]",cluster__7cc2e09b9a932b39,block_permutation,0.0,zero,1416,outer_01,elastic_net,142,4,51203062,2712
"[""cluster__7cc2e09b9a932b39""]",cluster__7cc2e09b9a932b39,block_permutation,0.0,zero,1416,outer_01,elastic_net,142,5,51203063,2712
"[""cluster__7cc2e09b9a932b39""]",cluster__7cc2e09b9a932b39,block_permutation,0.0,zero,1416,outer_01,elastic_net,142,6,51203064,2712
"[""cluster__7cc2e09b9a932b39""]",cluster__7cc2e09b9a932b39,block_permutation,0.0,zero,1416,outer_01,elastic_net,142,7,51203065,2712
"[""cluster__7cc2e09b9a932b39""]",cluster__7cc2e09b9a932b39,block_permutation,0.0,zero,1416,outer_01,elastic_net,142,8,51203066,2712
"[""cluster__7cc2e09b9a932b39""]",cluster__7cc2e09b9a932b39,block_permutation,0.0,zero,1416,outer_01,elastic_net,142,9,51203067,2712
"[""cluster__84da565ba8281d2a""]",cluster__84da565ba8281d2a,block_permutation,0.0,zero,1416,outer_01,elastic_net,142,0,51203068,2712
"[""cluster__84da565ba8281d2a""]",cluster__84da565ba8281d2a,block_permutation,0.0,zero,1416,outer_01,elastic_net,142,1,51203069,2712
"[""cluster__84da565ba8281d2a""]",cluster__84da565ba8281d2a,block_permutation,0.0,zero,1416,outer_01,elastic_net,142,2,51203070,2712
"[""cluster__84da565ba8281d2a""]",cluster__84da565ba8281d2a,block_permutation,0.0,zero,1416,outer_01,elastic_net,142,3,51203071,2712
"[""cluster__84da565ba8281d2a""]",cluster__84da565ba8281d2a,block_permutation,0.0,zero,1416,outer_01,elastic_net,142,4,51203072,2712
"[""cluster__84da565ba8281d2a""]",cluster__84da565ba8281d2a,block_permutation,0.0,zero,1416,outer_01,elastic_net,142,5,51203073,2712
"[""cluster__84da565ba8281d2a""]",cluster__84da565ba8281d2a,block_permutation,0.0,zero,1416,outer_01,elastic_net,142,6,51203074,2712
"[""cluster__84da565ba8281d2a""]",cluster__84da565ba8281d2a,block_permutation,0.0,zero,1416,outer_01,elastic_net,142,7,51203075,2712
"[""cluster__84da565ba8281d2a""]",cluster__84da565ba8281d2a,block_permutation,0.0,zero,1416,outer_01,elastic_net,142,8,51203076,2712
"[""cluster__84da565ba8281d2a""]",cluster__84da565ba8281d2a,block_permutation,0.0,zero,1416,outer_01,elastic_net,142,9,51203077,2712
"[""cluster__87f626d156f0ac67""]",cluster__87f626d156f0ac67,block_permutation,0.002740717040229934,positive,1416,outer_01,elastic_net,142,0,51203078,2712
"[""cluster__87f626d156f0ac67""]",cluster__87f626d156f0ac67,block_permutation,-0.003267318298596611,negative,1416,outer_01,elastic_net,142,1,51203079,2712
"[""cluster__87f626d156f0ac67""]",cluster__87f626d156f0ac67,block_permutation,0.005005858708222566,positive,1416,outer_01,elastic_net,142,2,51203080,2712
"[""cluster__87f626d156f0ac67""]",cluster__87f626d156f0ac67,block_permutation,-0.003722427125202321,negative,1416,outer_01,elastic_net,142,3,51203081,2712
"[""cluster__87f626d156f0ac67""]",cluster__87f626d156f0ac67,block_permutation,0.010462508411620552,positive,1416,outer_01,elastic_net,142,4,51203082,2712
"[""cluster__87f626d156f0ac67""]",cluster__87f626d156f0ac67,block_permutation,-0.002700683315506436,negative,1416,outer_01,elastic_net,142,5,51203083,2712
"[""cluster__87f626d156f0ac67""]",cluster__87f626d156f0ac67,block_permutation,0.006335021423177101,positive,1416,outer_01,elastic_net,142,6,51203084,2712
"[""cluster__87f626d156f0ac67""]",cluster__87f626d156f0ac67,block_permutation,-0.008351676233551486,negative,1416,outer_01,elastic_net,142,7,51203085,2712
"[""cluster__87f626d156f0ac67""]",cluster__87f626d156f0ac67,block_permutation,0.000580421562295097,positive,1416,outer_01,elastic_net,142,8,51203086,2712
"[""cluster__87f626d156f0ac67""]",cluster__87f626d156f0ac67,block_permutation,0.011507210194145356,positive,1416,outer_01,elastic_net,142,9,51203087,2712
"[""cluster__8b57524bef0d2ebf""]",cluster__8b57524bef0d2ebf,block_permutation,0.0024940198900430532,positive,1416,outer_01,elastic_net,142,0,51203088,2712
"[""cluster__8b57524bef0d2ebf""]",cluster__8b57524bef0d2ebf,block_permutation,0.005272374206163777,positive,1416,outer_01,elastic_net,142,1,51203089,2712
"[""cluster__8b57524bef0d2ebf""]",cluster__8b57524bef0d2ebf,block_permutation,-0.0019766957336795343,negative,1416,outer_01,elastic_net,142,2,51203090,2712
"[""cluster__8b57524bef0d2ebf""]",cluster__8b57524bef0d2ebf,block_permutation,0.011111138511780028,positive,1416,outer_01,elastic_net,142,3,51203091,2712
"[""cluster__8b57524bef0d2ebf""]",cluster__8b57524bef0d2ebf,block_permutation,-0.006851752165174307,negative,1416,outer_01,elastic_net,142,4,51203092,2712
"[""cluster__8b57524bef0d2ebf""]",cluster__8b57524bef0d2ebf,block_permutation,-0.0028477539914909533,negative,1416,outer_01,elastic_net,142,5,51203093,2712
"[""cluster__8b57524bef0d2ebf""]",cluster__8b57524bef0d2ebf,block_permutation,0.005962823519187199,positive,1416,outer_01,elastic_net,142,6,51203094,2712
"[""cluster__8b57524bef0d2ebf""]",cluster__8b57524bef0d2ebf,block_permutation,0.001427241358768594,positive,1416,outer_01,elastic_net,142,7,51203095,2712
"[""cluster__8b57524bef0d2ebf""]",cluster__8b57524bef0d2ebf,block_permutation,-0.006218250870062336,negative,1416,outer_01,elastic_net,142,8,51203096,2712
"[""cluster__8b57524bef0d2ebf""]",cluster__8b57524bef0d2ebf,block_permutation,-0.006832443889428719,negative,1416,outer_01,elastic_net,142,9,51203097,2712
"[""cluster__8c29a8ea6225c377""]",cluster__8c29a8ea6225c377,block_permutation,0.0,zero,1416,outer_01,elastic_net,142,0,51203098,2712
"[""cluster__8c29a8ea6225c377""]",cluster__8c29a8ea6225c377,block_permutation,0.0,zero,1416,outer_01,elastic_net,142,1,51203099,2712
"[""cluster__8c29a8ea6225c377""]",cluster__8c29a8ea6225c377,block_permutation,0.0,zero,1416,outer_01,elastic_net,142,2,51203100,2712
"[""cluster__8c29a8ea6225c377""]",cluster__8c29a8ea6225c377,block_permutation,0.0,zero,1416,outer_01,elastic_net,142,3,51203101,2712
"[""cluster__8c29a8ea6225c377""]",cluster__8c29a8ea6225c377,block_permutation,0.0,zero,1416,outer_01,elastic_net,142,4,51203102,2712
"[""cluster__8c29a8ea6225c377""]",cluster__8c29a8ea6225c377,block_permutation,0.0,zero,1416,outer_01,elastic_net,142,5,51203103,2712
"[""cluster__8c29a8ea6225c377""]",cluster__8c29a8ea6225c377,block_permutation,0.0,zero,1416,outer_01,elastic_net,142,6,51203104,2712
"[""cluster__8c29a8ea6225c377""]",cluster__8c29a8ea6225c377,block_permutation,0.0,zero,1416,outer_01,elastic_net,142,7,51203105,2712
"[""cluster__8c29a8ea6225c377""]",cluster__8c29a8ea6225c377,block_permutation,0.0,zero,1416,outer_01,elastic_net,142,8,51203106,2712
"[""cluster__8c29a8ea6225c377""]",cluster__8c29a8ea6225c377,block_permutation,0.0,zero,1416,outer_01,elastic_net,142,9,51203107,2712
"[""cluster__959b637bd3bb66d4""]",cluster__959b637bd3bb66d4,block_permutation,0.0,zero,1416,outer_01,elastic_net,142,0,51203108,2712
"[""cluster__959b637bd3bb66d4""]",cluster__959b637bd3bb66d4,block_permutation,0.0,zero,1416,outer_01,elastic_net,142,1,51203109,2712
"[""cluster__959b637bd3bb66d4""]",cluster__959b637bd3bb66d4,block_permutation,0.0,zero,1416,outer_01,elastic_net,142,2,51203110,2712
"[""cluster__959b637bd3bb66d4""]",cluster__959b637bd3bb66d4,block_permutation,0.0,zero,1416,outer_01,elastic_net,142,3,51203111,2712
"[""cluster__959b637bd3bb66d4""]",cluster__959b637bd3bb66d4,block_permutation,0.0,zero,1416,outer_01,elastic_net,142,4,51203112,2712
"[""cluster__959b637bd3bb66d4""]",cluster__959b637bd3bb66d4,block_permutation,0.0,zero,1416,outer_01,elastic_net,142,5,51203113,2712
"[""cluster__959b637bd3bb66d4""]",cluster__959b637bd3bb66d4,block_permutation,0.0,zero,1416,outer_01,elastic_net,142,6,51203114,2712
"[""cluster__959b637bd3bb66d4""]",cluster__959b637bd3bb66d4,block_permutation,0.0,zero,1416,outer_01,elastic_net,142,7,51203115,2712
"[""cluster__959b637bd3bb66d4""]",cluster__959b637bd3bb66d4,block_permutation,0.0,zero,1416,outer_01,elastic_net,142,8,51203116,2712
"[""cluster__959b637bd3bb66d4""]",cluster__959b637bd3bb66d4,block_permutation,0.0,zero,1416,outer_01,elastic_net,142,9,51203117,2712
"[""cluster__962c08b556b1c862""]",cluster__962c08b556b1c862,block_permutation,0.0,zero,1416,outer_01,elastic_net,142,0,51203118,2712
"[""cluster__962c08b556b1c862""]",cluster__962c08b556b1c862,block_permutation,0.0,zero,1416,outer_01,elastic_net,142,1,51203119,2712
"[""cluster__962c08b556b1c862""]",cluster__962c08b556b1c862,block_permutation,0.0,zero,1416,outer_01,elastic_net,142,2,51203120,2712
"[""cluster__962c08b556b1c862""]",cluster__962c08b556b1c862,block_permutation,0.0,zero,1416,outer_01,elastic_net,142,3,51203121,2712
"[""cluster__962c08b556b1c862""]",cluster__962c08b556b1c862,block_permutation,0.0,zero,1416,outer_01,elastic_net,142,4,51203122,2712
"[""cluster__962c08b556b1c862""]",cluster__962c08b556b1c862,block_permutation,0.0,zero,1416,outer_01,elastic_net,142,5,51203123,2712
"[""cluster__962c08b556b1c862""]",cluster__962c08b556b1c862,block_permutation,0.0,zero,1416,outer_01,elastic_net,142,6,51203124,2712
"[""cluster__962c08b556b1c862""]",cluster__962c08b556b1c862,block_permutation,0.0,zero,1416,outer_01,elastic_net,142,7,51203125,2712
"[""cluster__962c08b556b1c862""]",cluster__962c08b556b1c862,block_permutation,0.0,zero,1416,outer_01,elastic_net,142,8,51203126,2712
"[""cluster__962c08b556b1c862""]",cluster__962c08b556b1c862,block_permutation,0.0,zero,1416,outer_01,elastic_net,142,9,51203127,2712
"[""cluster__9ca9e2709e5c747a""]",cluster__9ca9e2709e5c747a,block_permutation,0.0,zero,1416,outer_01,elastic_net,142,0,51203128,2712
"[""cluster__9ca9e2709e5c747a""]",cluster__9ca9e2709e5c747a,block_permutation,0.0,zero,1416,outer_01,elastic_net,142,1,51203129,2712
"[""cluster__9ca9e2709e5c747a""]",cluster__9ca9e2709e5c747a,block_permutation,0.0,zero,1416,outer_01,elastic_net,142,2,51203130,2712
"[""cluster__9ca9e2709e5c747a""]",cluster__9ca9e2709e5c747a,block_permutation,0.0,zero,1416,outer_01,elastic_net,142,3,51203131,2712
"[""cluster__9ca9e2709e5c747a""]",cluster__9ca9e2709e5c747a,block_permutation,0.0,zero,1416,outer_01,elastic_net,142,4,51203132,2712
"[""cluster__9ca9e2709e5c747a""]",cluster__9ca9e2709e5c747a,block_permutation,0.0,zero,1416,outer_01,elastic_net,142,5,51203133,2712
"[""cluster__9ca9e2709e5c747a""]",cluster__9ca9e2709e5c747a,block_permutation,0.0,zero,1416,outer_01,elastic_net,142,6,51203134,2712
"[""cluster__9ca9e2709e5c747a""]",cluster__9ca9e2709e5c747a,block_permutation,0.0,zero,1416,outer_01,elastic_net,142,7,51203135,2712
"[""cluster__9ca9e2709e5c747a""]",cluster__9ca9e2709e5c747a,block_permutation,0.0,zero,1416,outer_01,elastic_net,142,8,51203136,2712
"[""cluster__9ca9e2709e5c747a""]",cluster__9ca9e2709e5c747a,block_permutation,0.0,zero,1416,outer_01,elastic_net,142,9,51203137,2712
"[""cluster__a1e835b95b16e9e9""]",cluster__a1e835b95b16e9e9,block_permutation,0.0,zero,1416,outer_01,elastic_net,142,0,51203138,2712
"[""cluster__a1e835b95b16e9e9""]",cluster__a1e835b95b16e9e9,block_permutation,0.0,zero,1416,outer_01,elastic_net,142,1,51203139,2712
"[""cluster__a1e835b95b16e9e9""]",cluster__a1e835b95b16e9e9,block_permutation,0.0,zero,1416,outer_01,elastic_net,142,2,51203140,2712
"[""cluster__a1e835b95b16e9e9""]",cluster__a1e835b95b16e9e9,block_permutation,0.0,zero,1416,outer_01,elastic_net,142,3,51203141,2712
"[""cluster__a1e835b95b16e9e9""]",cluster__a1e835b95b16e9e9,block_permutation,0.0,zero,1416,outer_01,elastic_net,142,4,51203142,2712
"[""cluster__a1e835b95b16e9e9""]",cluster__a1e835b95b16e9e9,block_permutation,0.0,zero,1416,outer_01,elastic_net,142,5,51203143,2712
"[""cluster__a1e835b95b16e9e9""]",cluster__a1e835b95b16e9e9,block_permutation,0.0,zero,1416,outer_01,elastic_net,142,6,51203144,2712
"[""cluster__a1e835b95b16e9e9""]",cluster__a1e835b95b16e9e9,block_permutation,0.0,zero,1416,outer_01,elastic_net,142,7,51203145,2712
"[""cluster__a1e835b95b16e9e9""]",cluster__a1e835b95b16e9e9,block_permutation,0.0,zero,1416,outer_01,elastic_net,142,8,51203146,2712
"[""cluster__a1e835b95b16e9e9""]",cluster__a1e835b95b16e9e9,block_permutation,0.0,zero,1416,outer_01,elastic_net,142,9,51203147,2712
"[""cluster__a391bd497d5a01b9""]",cluster__a391bd497d5a01b9,block_permutation,0.0,zero,1416,outer_01,elastic_net,142,0,51203148,2712
"[""cluster__a391bd497d5a01b9""]",cluster__a391bd497d5a01b9,block_permutation,0.0,zero,1416,outer_01,elastic_net,142,1,51203149,2712
"[""cluster__a391bd497d5a01b9""]",cluster__a391bd497d5a01b9,block_permutation,0.0,zero,1416,outer_01,elastic_net,142,2,51203150,2712
"[""cluster__a391bd497d5a01b9""]",cluster__a391bd497d5a01b9,block_permutation,0.0,zero,1416,outer_01,elastic_net,142,3,51203151,2712
"[""cluster__a391bd497d5a01b9""]",cluster__a391bd497d5a01b9,block_permutation,0.0,zero,1416,outer_01,elastic_net,142,4,51203152,2712
"[""cluster__a391bd497d5a01b9""]",cluster__a391bd497d5a01b9,block_permutation,0.0,zero,1416,outer_01,elastic_net,142,5,51203153,2712
"[""cluster__a391bd497d5a01b9""]",cluster__a391bd497d5a01b9,block_permutation,0.0,zero,1416,outer_01,elastic_net,142,6,51203154,2712
"[""cluster__a391bd497d5a01b9""]",cluster__a391bd497d5a01b9,block_permutation,0.0,zero,1416,outer_01,elastic_net,142,7,51203155,2712
"[""cluster__a391bd497d5a01b9""]",cluster__a391bd497d5a01b9,block_permutation,0.0,zero,1416,outer_01,elastic_net,142,8,51203156,2712
"[""cluster__a391bd497d5a01b9""]",cluster__a391bd497d5a01b9,block_permutation,0.0,zero,1416,outer_01,elastic_net,142,9,51203157,2712
"[""cluster__a59fb5db9f4fd3e0""]",cluster__a59fb5db9f4fd3e0,block_permutation,0.03125735122200979,positive,1416,outer_01,elastic_net,142,0,51203158,2712
"[""cluster__a59fb5db9f4fd3e0""]",cluster__a59fb5db9f4fd3e0,block_permutation,0.03918980347719536,positive,1416,outer_01,elastic_net,142,1,51203159,2712
"[""cluster__a59fb5db9f4fd3e0""]",cluster__a59fb5db9f4fd3e0,block_permutation,0.05298446047436545,positive,1416,outer_01,elastic_net,142,2,51203160,2712
"[""cluster__a59fb5db9f4fd3e0""]",cluster__a59fb5db9f4fd3e0,block_permutation,0.0304550065413689,positive,1416,outer_01,elastic_net,142,3,51203161,2712
"[""cluster__a59fb5db9f4fd3e0""]",cluster__a59fb5db9f4fd3e0,block_permutation,0.05411676468288018,positive,1416,outer_01,elastic_net,142,4,51203162,2712
"[""cluster__a59fb5db9f4fd3e0""]",cluster__a59fb5db9f4fd3e0,block_permutation,0.023563248440425344,positive,1416,outer_01,elastic_net,142,5,51203163,2712
"[""cluster__a59fb5db9f4fd3e0""]",cluster__a59fb5db9f4fd3e0,block_permutation,0.03286319802535331,positive,1416,outer_01,elastic_net,142,6,51203164,2712
"[""cluster__a59fb5db9f4fd3e0""]",cluster__a59fb5db9f4fd3e0,block_permutation,0.03452863171779663,positive,1416,outer_01,elastic_net,142,7,51203165,2712
"[""cluster__a59fb5db9f4fd3e0""]",cluster__a59fb5db9f4fd3e0,block_permutation,0.018859844010652438,positive,1416,outer_01,elastic_net,142,8,51203166,2712
"[""cluster__a59fb5db9f4fd3e0""]",cluster__a59fb5db9f4fd3e0,block_permutation,0.056498673788192066,positive,1416,outer_01,elastic_net,142,9,51203167,2712
"[""cluster__a7171c841cb9fb67""]",cluster__a7171c841cb9fb67,block_permutation,0.0006677029220096831,positive,1416,outer_01,elastic_net,142,0,51203168,2712
"[""cluster__a7171c841cb9fb67""]",cluster__a7171c841cb9fb67,block_permutation,-0.0015158593552911936,negative,1416,outer_01,elastic_net,142,1,51203169,2712
"[""cluster__a7171c841cb9fb67""]",cluster__a7171c841cb9fb67,block_permutation,-0.004761703656610661,negative,1416,outer_01,elastic_net,142,2,51203170,2712
"[""cluster__a7171c841cb9fb67""]",cluster__a7171c841cb9fb67,block_permutation,-0.004415803284190112,negative,1416,outer_01,elastic_net,142,3,51203171,2712
"[""cluster__a7171c841cb9fb67""]",cluster__a7171c841cb9fb67,block_permutation,-0.007875206470554175,negative,1416,outer_01,elastic_net,142,4,51203172,2712
"[""cluster__a7171c841cb9fb67""]",cluster__a7171c841cb9fb67,block_permutation,-0.000524051688526983,negative,1416,outer_01,elastic_net,142,5,51203173,2712
"[""cluster__a7171c841cb9fb67""]",cluster__a7171c841cb9fb67,block_permutation,-0.003303173544466853,negative,1416,outer_01,elastic_net,142,6,51203174,2712
"[""cluster__a7171c841cb9fb67""]",cluster__a7171c841cb9fb67,block_permutation,-0.0002500571723167422,negative,1416,outer_01,elastic_net,142,7,51203175,2712
"[""cluster__a7171c841cb9fb67""]",cluster__a7171c841cb9fb67,block_permutation,0.0005828226472043285,positive,1416,outer_01,elastic_net,142,8,51203176,2712
"[""cluster__a7171c841cb9fb67""]",cluster__a7171c841cb9fb67,block_permutation,0.0021247397889169184,positive,1416,outer_01,elastic_net,142,9,51203177,2712
"[""cluster__a867b4c1b44d375e""]",cluster__a867b4c1b44d375e,block_permutation,-0.011564701921288556,negative,1416,outer_01,elastic_net,142,0,51203178,2712
"[""cluster__a867b4c1b44d375e""]",cluster__a867b4c1b44d375e,block_permutation,-0.02163138566604117,negative,1416,outer_01,elastic_net,142,1,51203179,2712
"[""cluster__a867b4c1b44d375e""]",cluster__a867b4c1b44d375e,block_permutation,-0.00851129155863839,negative,1416,outer_01,elastic_net,142,2,51203180,2712
"[""cluster__a867b4c1b44d375e""]",cluster__a867b4c1b44d375e,block_permutation,-0.017064120026966223,negative,1416,outer_01,elastic_net,142,3,51203181,2712
"[""cluster__a867b4c1b44d375e""]",cluster__a867b4c1b44d375e,block_permutation,-0.008235013526269763,negative,1416,outer_01,elastic_net,142,4,51203182,2712
"[""cluster__a867b4c1b44d375e""]",cluster__a867b4c1b44d375e,block_permutation,0.00248858910214822,positive,1416,outer_01,elastic_net,142,5,51203183,2712
"[""cluster__a867b4c1b44d375e""]",cluster__a867b4c1b44d375e,block_permutation,-0.015759861160750788,negative,1416,outer_01,elastic_net,142,6,51203184,2712
"[""cluster__a867b4c1b44d375e""]",cluster__a867b4c1b44d375e,block_permutation,-0.014011948886059167,negative,1416,outer_01,elastic_net,142,7,51203185,2712
"[""cluster__a867b4c1b44d375e""]",cluster__a867b4c1b44d375e,block_permutation,-0.026411233348350605,negative,1416,outer_01,elastic_net,142,8,51203186,2712
"[""cluster__a867b4c1b44d375e""]",cluster__a867b4c1b44d375e,block_permutation,-0.007587966324151374,negative,1416,outer_01,elastic_net,142,9,51203187,2712
"[""cluster__ad0a96a048bbc7d8""]",cluster__ad0a96a048bbc7d8,block_permutation,0.0,zero,1416,outer_01,elastic_net,142,0,51203188,2712
"[""cluster__ad0a96a048bbc7d8""]",cluster__ad0a96a048bbc7d8,block_permutation,0.0,zero,1416,outer_01,elastic_net,142,1,51203189,2712
"[""cluster__ad0a96a048bbc7d8""]",cluster__ad0a96a048bbc7d8,block_permutation,0.0,zero,1416,outer_01,elastic_net,142,2,51203190,2712
"[""cluster__ad0a96a048bbc7d8""]",cluster__ad0a96a048bbc7d8,block_permutation,0.0,zero,1416,outer_01,elastic_net,142,3,51203191,2712
"[""cluster__ad0a96a048bbc7d8""]",cluster__ad0a96a048bbc7d8,block_permutation,0.0,zero,1416,outer_01,elastic_net,142,4,51203192,2712
"[""cluster__ad0a96a048bbc7d8""]",cluster__ad0a96a048bbc7d8,block_permutation,0.0,zero,1416,outer_01,elastic_net,142,5,51203193,2712
"[""cluster__ad0a96a048bbc7d8""]",cluster__ad0a96a048bbc7d8,block_permutation,0.0,zero,1416,outer_01,elastic_net,142,6,51203194,2712
"[""cluster__ad0a96a048bbc7d8""]",cluster__ad0a96a048bbc7d8,block_permutation,0.0,zero,1416,outer_01,elastic_net,142,7,51203195,2712
"[""cluster__ad0a96a048bbc7d8""]",cluster__ad0a96a048bbc7d8,block_permutation,0.0,zero,1416,outer_01,elastic_net,142,8,51203196,2712
"[""cluster__ad0a96a048bbc7d8""]",cluster__ad0a96a048bbc7d8,block_permutation,0.0,zero,1416,outer_01,elastic_net,142,9,51203197,2712
"[""cluster__afbf9ac7f0d6750b""]",cluster__afbf9ac7f0d6750b,block_permutation,0.0,zero,1416,outer_01,elastic_net,142,0,51203198,2712
"[""cluster__afbf9ac7f0d6750b""]",cluster__afbf9ac7f0d6750b,block_permutation,0.0,zero,1416,outer_01,elastic_net,142,1,51203199,2712
"[""cluster__afbf9ac7f0d6750b""]",cluster__afbf9ac7f0d6750b,block_permutation,0.0,zero,1416,outer_01,elastic_net,142,2,51203200,2712
"[""cluster__afbf9ac7f0d6750b""]",cluster__afbf9ac7f0d6750b,block_permutation,0.0,zero,1416,outer_01,elastic_net,142,3,51203201,2712
"[""cluster__afbf9ac7f0d6750b""]",cluster__afbf9ac7f0d6750b,block_permutation,0.0,zero,1416,outer_01,elastic_net,142,4,51203202,2712
"[""cluster__afbf9ac7f0d6750b""]",cluster__afbf9ac7f0d6750b,block_permutation,0.0,zero,1416,outer_01,elastic_net,142,5,51203203,2712
"[""cluster__afbf9ac7f0d6750b""]",cluster__afbf9ac7f0d6750b,block_permutation,0.0,zero,1416,outer_01,elastic_net,142,6,51203204,2712
"[""cluster__afbf9ac7f0d6750b""]",cluster__afbf9ac7f0d6750b,block_permutation,0.0,zero,1416,outer_01,elastic_net,142,7,51203205,2712
"[""cluster__afbf9ac7f0d6750b""]",cluster__afbf9ac7f0d6750b,block_permutation,0.0,zero,1416,outer_01,elastic_net,142,8,51203206,2712
"[""cluster__afbf9ac7f0d6750b""]",cluster__afbf9ac7f0d6750b,block_permutation,0.0,zero,1416,outer_01,elastic_net,142,9,51203207,2712
"[""cluster__b14504afa42d221d""]",cluster__b14504afa42d221d,block_permutation,0.0,zero,1416,outer_01,elastic_net,142,0,51203208,2712
"[""cluster__b14504afa42d221d""]",cluster__b14504afa42d221d,block_permutation,0.0,zero,1416,outer_01,elastic_net,142,1,51203209,2712
"[""cluster__b14504afa42d221d""]",cluster__b14504afa42d221d,block_permutation,0.0,zero,1416,outer_01,elastic_net,142,2,51203210,2712
"[""cluster__b14504afa42d221d""]",cluster__b14504afa42d221d,block_permutation,0.0,zero,1416,outer_01,elastic_net,142,3,51203211,2712
"[""cluster__b14504afa42d221d""]",cluster__b14504afa42d221d,block_permutation,0.0,zero,1416,outer_01,elastic_net,142,4,51203212,2712
"[""cluster__b14504afa42d221d""]",cluster__b14504afa42d221d,block_permutation,0.0,zero,1416,outer_01,elastic_net,142,5,51203213,2712
"[""cluster__b14504afa42d221d""]",cluster__b14504afa42d221d,block_permutation,0.0,zero,1416,outer_01,elastic_net,142,6,51203214,2712
"[""cluster__b14504afa42d221d""]",cluster__b14504afa42d221d,block_permutation,0.0,zero,1416,outer_01,elastic_net,142,7,51203215,2712
"[""cluster__b14504afa42d221d""]",cluster__b14504afa42d221d,block_permutation,0.0,zero,1416,outer_01,elastic_net,142,8,51203216,2712
"[""cluster__b14504afa42d221d""]",cluster__b14504afa42d221d,block_permutation,0.0,zero,1416,outer_01,elastic_net,142,9,51203217,2712
"[""cluster__b3049e2f6d60b737""]",cluster__b3049e2f6d60b737,block_permutation,0.0,zero,1416,outer_01,elastic_net,142,0,51203218,2712
"[""cluster__b3049e2f6d60b737""]",cluster__b3049e2f6d60b737,block_permutation,0.0,zero,1416,outer_01,elastic_net,142,1,51203219,2712
"[""cluster__b3049e2f6d60b737""]",cluster__b3049e2f6d60b737,block_permutation,0.0,zero,1416,outer_01,elastic_net,142,2,51203220,2712
"[""cluster__b3049e2f6d60b737""]",cluster__b3049e2f6d60b737,block_permutation,0.0,zero,1416,outer_01,elastic_net,142,3,51203221,2712
"[""cluster__b3049e2f6d60b737""]",cluster__b3049e2f6d60b737,block_permutation,0.0,zero,1416,outer_01,elastic_net,142,4,51203222,2712
"[""cluster__b3049e2f6d60b737""]",cluster__b3049e2f6d60b737,block_permutation,0.0,zero,1416,outer_01,elastic_net,142,5,51203223,2712
"[""cluster__b3049e2f6d60b737""]",cluster__b3049e2f6d60b737,block_permutation,0.0,zero,1416,outer_01,elastic_net,142,6,51203224,2712
"[""cluster__b3049e2f6d60b737""]",cluster__b3049e2f6d60b737,block_permutation,0.0,zero,1416,outer_01,elastic_net,142,7,51203225,2712
"[""cluster__b3049e2f6d60b737""]",cluster__b3049e2f6d60b737,block_permutation,0.0,zero,1416,outer_01,elastic_net,142,8,51203226,2712
"[""cluster__b3049e2f6d60b737""]",cluster__b3049e2f6d60b737,block_permutation,0.0,zero,1416,outer_01,elastic_net,142,9,51203227,2712
"[""cluster__b31ca2d0bf76f633""]",cluster__b31ca2d0bf76f633,block_permutation,0.0,zero,1416,outer_01,elastic_net,142,0,51203228,2712
"[""cluster__b31ca2d0bf76f633""]",cluster__b31ca2d0bf76f633,block_permutation,0.0,zero,1416,outer_01,elastic_net,142,1,51203229,2712
"[""cluster__b31ca2d0bf76f633""]",cluster__b31ca2d0bf76f633,block_permutation,0.0,zero,1416,outer_01,elastic_net,142,2,51203230,2712
"[""cluster__b31ca2d0bf76f633""]",cluster__b31ca2d0bf76f633,block_permutation,0.0,zero,1416,outer_01,elastic_net,142,3,51203231,2712
"[""cluster__b31ca2d0bf76f633""]",cluster__b31ca2d0bf76f633,block_permutation,0.0,zero,1416,outer_01,elastic_net,142,4,51203232,2712
"[""cluster__b31ca2d0bf76f633""]",cluster__b31ca2d0bf76f633,block_permutation,0.0,zero,1416,outer_01,elastic_net,142,5,51203233,2712
"[""cluster__b31ca2d0bf76f633""]",cluster__b31ca2d0bf76f633,block_permutation,0.0,zero,1416,outer_01,elastic_net,142,6,51203234,2712
"[""cluster__b31ca2d0bf76f633""]",cluster__b31ca2d0bf76f633,block_permutation,0.0,zero,1416,outer_01,elastic_net,142,7,51203235,2712
"[""cluster__b31ca2d0bf76f633""]",cluster__b31ca2d0bf76f633,block_permutation,0.0,zero,1416,outer_01,elastic_net,142,8,51203236,2712
"[""cluster__b31ca2d0bf76f633""]",cluster__b31ca2d0bf76f633,block_permutation,0.0,zero,1416,outer_01,elastic_net,142,9,51203237,2712
"[""cluster__b3a7ffd8d4e710b8""]",cluster__b3a7ffd8d4e710b8,block_permutation,-0.010607547471886636,negative,1416,outer_01,elastic_net,142,0,51203238,2712
"[""cluster__b3a7ffd8d4e710b8""]",cluster__b3a7ffd8d4e710b8,block_permutation,-0.008105742852972053,negative,1416,outer_01,elastic_net,142,1,51203239,2712
"[""cluster__b3a7ffd8d4e710b8""]",cluster__b3a7ffd8d4e710b8,block_permutation,-0.01068597133510929,negative,1416,outer_01,elastic_net,142,2,51203240,2712
"[""cluster__b3a7ffd8d4e710b8""]",cluster__b3a7ffd8d4e710b8,block_permutation,-0.007762197429115769,negative,1416,outer_01,elastic_net,142,3,51203241,2712
"[""cluster__b3a7ffd8d4e710b8""]",cluster__b3a7ffd8d4e710b8,block_permutation,-0.013596709509783866,negative,1416,outer_01,elastic_net,142,4,51203242,2712
"[""cluster__b3a7ffd8d4e710b8""]",cluster__b3a7ffd8d4e710b8,block_permutation,-0.010710330309520177,negative,1416,outer_01,elastic_net,142,5,51203243,2712
"[""cluster__b3a7ffd8d4e710b8""]",cluster__b3a7ffd8d4e710b8,block_permutation,-0.00577516453113236,negative,1416,outer_01,elastic_net,142,6,51203244,2712
"[""cluster__b3a7ffd8d4e710b8""]",cluster__b3a7ffd8d4e710b8,block_permutation,-0.02071659999989628,negative,1416,outer_01,elastic_net,142,7,51203245,2712
"[""cluster__b3a7ffd8d4e710b8""]",cluster__b3a7ffd8d4e710b8,block_permutation,-0.010101857243978496,negative,1416,outer_01,elastic_net,142,8,51203246,2712
"[""cluster__b3a7ffd8d4e710b8""]",cluster__b3a7ffd8d4e710b8,block_permutation,-0.004420492847881596,negative,1416,outer_01,elastic_net,142,9,51203247,2712
"[""cluster__b7ff184a7303a6f4""]",cluster__b7ff184a7303a6f4,block_permutation,-0.001057486663001983,negative,1416,outer_01,elastic_net,142,0,51203248,2712
"[""cluster__b7ff184a7303a6f4""]",cluster__b7ff184a7303a6f4,block_permutation,-0.007104512563170906,negative,1416,outer_01,elastic_net,142,1,51203249,2712
"[""cluster__b7ff184a7303a6f4""]",cluster__b7ff184a7303a6f4,block_permutation,-0.0009501444007663506,negative,1416,outer_01,elastic_net,142,2,51203250,2712
"[""cluster__b7ff184a7303a6f4""]",cluster__b7ff184a7303a6f4,block_permutation,0.0014113828659023664,positive,1416,outer_01,elastic_net,142,3,51203251,2712
"[""cluster__b7ff184a7303a6f4""]",cluster__b7ff184a7303a6f4,block_permutation,0.004213041274756746,positive,1416,outer_01,elastic_net,142,4,51203252,2712
"[""cluster__b7ff184a7303a6f4""]",cluster__b7ff184a7303a6f4,block_permutation,0.0022430607984762485,positive,1416,outer_01,elastic_net,142,5,51203253,2712
"[""cluster__b7ff184a7303a6f4""]",cluster__b7ff184a7303a6f4,block_permutation,-0.001845307459562906,negative,1416,outer_01,elastic_net,142,6,51203254,2712
"[""cluster__b7ff184a7303a6f4""]",cluster__b7ff184a7303a6f4,block_permutation,0.000512050972845568,positive,1416,outer_01,elastic_net,142,7,51203255,2712
"[""cluster__b7ff184a7303a6f4""]",cluster__b7ff184a7303a6f4,block_permutation,0.0012443050661864463,positive,1416,outer_01,elastic_net,142,8,51203256,2712
"[""cluster__b7ff184a7303a6f4""]",cluster__b7ff184a7303a6f4,block_permutation,-0.00012978412414044183,negative,1416,outer_01,elastic_net,142,9,51203257,2712
"[""cluster__b89a1d7f25394d90""]",cluster__b89a1d7f25394d90,block_permutation,0.0,zero,1416,outer_01,elastic_net,142,0,51203258,2712
"[""cluster__b89a1d7f25394d90""]",cluster__b89a1d7f25394d90,block_permutation,0.0,zero,1416,outer_01,elastic_net,142,1,51203259,2712
"[""cluster__b89a1d7f25394d90""]",cluster__b89a1d7f25394d90,block_permutation,0.0,zero,1416,outer_01,elastic_net,142,2,51203260,2712
"[""cluster__b89a1d7f25394d90""]",cluster__b89a1d7f25394d90,block_permutation,0.0,zero,1416,outer_01,elastic_net,142,3,51203261,2712
"[""cluster__b89a1d7f25394d90""]",cluster__b89a1d7f25394d90,block_permutation,0.0,zero,1416,outer_01,elastic_net,142,4,51203262,2712
"[""cluster__b89a1d7f25394d90""]",cluster__b89a1d7f25394d90,block_permutation,0.0,zero,1416,outer_01,elastic_net,142,5,51203263,2712
"[""cluster__b89a1d7f25394d90""]",cluster__b89a1d7f25394d90,block_permutation,0.0,zero,1416,outer_01,elastic_net,142,6,51203264,2712
"[""cluster__b89a1d7f25394d90""]",cluster__b89a1d7f25394d90,block_permutation,0.0,zero,1416,outer_01,elastic_net,142,7,51203265,2712
"[""cluster__b89a1d7f25394d90""]",cluster__b89a1d7f25394d90,block_permutation,0.0,zero,1416,outer_01,elastic_net,142,8,51203266,2712
"[""cluster__b89a1d7f25394d90""]",cluster__b89a1d7f25394d90,block_permutation,0.0,zero,1416,outer_01,elastic_net,142,9,51203267,2712
"[""cluster__b9449c25001f7b51""]",cluster__b9449c25001f7b51,block_permutation,-0.00021059894994457373,negative,1416,outer_01,elastic_net,142,0,51203268,2712
"[""cluster__b9449c25001f7b51""]",cluster__b9449c25001f7b51,block_permutation,-0.001022727641381005,negative,1416,outer_01,elastic_net,142,1,51203269,2712
"[""cluster__b9449c25001f7b51""]",cluster__b9449c25001f7b51,block_permutation,0.0010986958469415553,positive,1416,outer_01,elastic_net,142,2,51203270,2712
"[""cluster__b9449c25001f7b51""]",cluster__b9449c25001f7b51,block_permutation,-0.0016834775403145041,negative,1416,outer_01,elastic_net,142,3,51203271,2712
"[""cluster__b9449c25001f7b51""]",cluster__b9449c25001f7b51,block_permutation,-0.0028232303013263627,negative,1416,outer_01,elastic_net,142,4,51203272,2712
"[""cluster__b9449c25001f7b51""]",cluster__b9449c25001f7b51,block_permutation,0.0003669175737007757,positive,1416,outer_01,elastic_net,142,5,51203273,2712
"[""cluster__b9449c25001f7b51""]",cluster__b9449c25001f7b51,block_permutation,0.0025308531857101135,positive,1416,outer_01,elastic_net,142,6,51203274,2712
"[""cluster__b9449c25001f7b51""]",cluster__b9449c25001f7b51,block_permutation,-0.00254848425526788,negative,1416,outer_01,elastic_net,142,7,51203275,2712
"[""cluster__b9449c25001f7b51""]",cluster__b9449c25001f7b51,block_permutation,0.001133185249963864,positive,1416,outer_01,elastic_net,142,8,51203276,2712
"[""cluster__b9449c25001f7b51""]",cluster__b9449c25001f7b51,block_permutation,0.0018521286090491529,positive,1416,outer_01,elastic_net,142,9,51203277,2712
"[""cluster__bc09b5bb95952a78""]",cluster__bc09b5bb95952a78,block_permutation,0.0,zero,1416,outer_01,elastic_net,142,0,51203278,2712
"[""cluster__bc09b5bb95952a78""]",cluster__bc09b5bb95952a78,block_permutation,0.0,zero,1416,outer_01,elastic_net,142,1,51203279,2712
"[""cluster__bc09b5bb95952a78""]",cluster__bc09b5bb95952a78,block_permutation,0.0,zero,1416,outer_01,elastic_net,142,2,51203280,2712
"[""cluster__bc09b5bb95952a78""]",cluster__bc09b5bb95952a78,block_permutation,0.0,zero,1416,outer_01,elastic_net,142,3,51203281,2712
"[""cluster__bc09b5bb95952a78""]",cluster__bc09b5bb95952a78,block_permutation,0.0,zero,1416,outer_01,elastic_net,142,4,51203282,2712
"[""cluster__bc09b5bb95952a78""]",cluster__bc09b5bb95952a78,block_permutation,0.0,zero,1416,outer_01,elastic_net,142,5,51203283,2712
"[""cluster__bc09b5bb95952a78""]",cluster__bc09b5bb95952a78,block_permutation,0.0,zero,1416,outer_01,elastic_net,142,6,51203284,2712
"[""cluster__bc09b5bb95952a78""]",cluster__bc09b5bb95952a78,block_permutation,0.0,zero,1416,outer_01,elastic_net,142,7,51203285,2712
"[""cluster__bc09b5bb95952a78""]",cluster__bc09b5bb95952a78,block_permutation,0.0,zero,1416,outer_01,elastic_net,142,8,51203286,2712
"[""cluster__bc09b5bb95952a78""]",cluster__bc09b5bb95952a78,block_permutation,0.0,zero,1416,outer_01,elastic_net,142,9,51203287,2712
"[""cluster__c2362e322fead508""]",cluster__c2362e322fead508,block_permutation,0.0,zero,1416,outer_01,elastic_net,142,0,51203288,2712
"[""cluster__c2362e322fead508""]",cluster__c2362e322fead508,block_permutation,0.0,zero,1416,outer_01,elastic_net,142,1,51203289,2712
"[""cluster__c2362e322fead508""]",cluster__c2362e322fead508,block_permutation,0.0,zero,1416,outer_01,elastic_net,142,2,51203290,2712
"[""cluster__c2362e322fead508""]",cluster__c2362e322fead508,block_permutation,0.0,zero,1416,outer_01,elastic_net,142,3,51203291,2712
"[""cluster__c2362e322fead508""]",cluster__c2362e322fead508,block_permutation,0.0,zero,1416,outer_01,elastic_net,142,4,51203292,2712
"[""cluster__c2362e322fead508""]",cluster__c2362e322fead508,block_permutation,0.0,zero,1416,outer_01,elastic_net,142,5,51203293,2712
"[""cluster__c2362e322fead508""]",cluster__c2362e322fead508,block_permutation,0.0,zero,1416,outer_01,elastic_net,142,6,51203294,2712
"[""cluster__c2362e322fead508""]",cluster__c2362e322fead508,block_permutation,0.0,zero,1416,outer_01,elastic_net,142,7,51203295,2712
"[""cluster__c2362e322fead508""]",cluster__c2362e322fead508,block_permutation,0.0,zero,1416,outer_01,elastic_net,142,8,51203296,2712
"[""cluster__c2362e322fead508""]",cluster__c2362e322fead508,block_permutation,0.0,zero,1416,outer_01,elastic_net,142,9,51203297,2712
"[""cluster__c31b8136d504bf03""]",cluster__c31b8136d504bf03,block_permutation,0.0,zero,1416,outer_01,elastic_net,142,0,51203298,2712
"[""cluster__c31b8136d504bf03""]",cluster__c31b8136d504bf03,block_permutation,0.0,zero,1416,outer_01,elastic_net,142,1,51203299,2712
"[""cluster__c31b8136d504bf03""]",cluster__c31b8136d504bf03,block_permutation,0.0,zero,1416,outer_01,elastic_net,142,2,51203300,2712
"[""cluster__c31b8136d504bf03""]",cluster__c31b8136d504bf03,block_permutation,0.0,zero,1416,outer_01,elastic_net,142,3,51203301,2712
"[""cluster__c31b8136d504bf03""]",cluster__c31b8136d504bf03,block_permutation,0.0,zero,1416,outer_01,elastic_net,142,4,51203302,2712
"[""cluster__c31b8136d504bf03""]",cluster__c31b8136d504bf03,block_permutation,0.0,zero,1416,outer_01,elastic_net,142,5,51203303,2712
"[""cluster__c31b8136d504bf03""]",cluster__c31b8136d504bf03,block_permutation,0.0,zero,1416,outer_01,elastic_net,142,6,51203304,2712
"[""cluster__c31b8136d504bf03""]",cluster__c31b8136d504bf03,block_permutation,0.0,zero,1416,outer_01,elastic_net,142,7,51203305,2712
"[""cluster__c31b8136d504bf03""]",cluster__c31b8136d504bf03,block_permutation,0.0,zero,1416,outer_01,elastic_net,142,8,51203306,2712
"[""cluster__c31b8136d504bf03""]",cluster__c31b8136d504bf03,block_permutation,0.0,zero,1416,outer_01,elastic_net,142,9,51203307,2712
"[""cluster__c5e49f1433602139""]",cluster__c5e49f1433602139,block_permutation,0.0,zero,1416,outer_01,elastic_net,142,0,51203308,2712
"[""cluster__c5e49f1433602139""]",cluster__c5e49f1433602139,block_permutation,0.0,zero,1416,outer_01,elastic_net,142,1,51203309,2712
"[""cluster__c5e49f1433602139""]",cluster__c5e49f1433602139,block_permutation,0.0,zero,1416,outer_01,elastic_net,142,2,51203310,2712
"[""cluster__c5e49f1433602139""]",cluster__c5e49f1433602139,block_permutation,0.0,zero,1416,outer_01,elastic_net,142,3,51203311,2712
"[""cluster__c5e49f1433602139""]",cluster__c5e49f1433602139,block_permutation,0.0,zero,1416,outer_01,elastic_net,142,4,51203312,2712
"[""cluster__c5e49f1433602139""]",cluster__c5e49f1433602139,block_permutation,0.0,zero,1416,outer_01,elastic_net,142,5,51203313,2712
"[""cluster__c5e49f1433602139""]",cluster__c5e49f1433602139,block_permutation,0.0,zero,1416,outer_01,elastic_net,142,6,51203314,2712
"[""cluster__c5e49f1433602139""]",cluster__c5e49f1433602139,block_permutation,0.0,zero,1416,outer_01,elastic_net,142,7,51203315,2712
"[""cluster__c5e49f1433602139""]",cluster__c5e49f1433602139,block_permutation,0.0,zero,1416,outer_01,elastic_net,142,8,51203316,2712
"[""cluster__c5e49f1433602139""]",cluster__c5e49f1433602139,block_permutation,0.0,zero,1416,outer_01,elastic_net,142,9,51203317,2712
"[""cluster__c9bce3cfeb10e97e""]",cluster__c9bce3cfeb10e97e,block_permutation,0.0,zero,1416,outer_01,elastic_net,142,0,51203318,2712
"[""cluster__c9bce3cfeb10e97e""]",cluster__c9bce3cfeb10e97e,block_permutation,0.0,zero,1416,outer_01,elastic_net,142,1,51203319,2712
"[""cluster__c9bce3cfeb10e97e""]",cluster__c9bce3cfeb10e97e,block_permutation,0.0,zero,1416,outer_01,elastic_net,142,2,51203320,2712
"[""cluster__c9bce3cfeb10e97e""]",cluster__c9bce3cfeb10e97e,block_permutation,0.0,zero,1416,outer_01,elastic_net,142,3,51203321,2712
"[""cluster__c9bce3cfeb10e97e""]",cluster__c9bce3cfeb10e97e,block_permutation,0.0,zero,1416,outer_01,elastic_net,142,4,51203322,2712
"[""cluster__c9bce3cfeb10e97e""]",cluster__c9bce3cfeb10e97e,block_permutation,0.0,zero,1416,outer_01,elastic_net,142,5,51203323,2712
"[""cluster__c9bce3cfeb10e97e""]",cluster__c9bce3cfeb10e97e,block_permutation,0.0,zero,1416,outer_01,elastic_net,142,6,51203324,2712
"[""cluster__c9bce3cfeb10e97e""]",cluster__c9bce3cfeb10e97e,block_permutation,0.0,zero,1416,outer_01,elastic_net,142,7,51203325,2712
"[""cluster__c9bce3cfeb10e97e""]",cluster__c9bce3cfeb10e97e,block_permutation,0.0,zero,1416,outer_01,elastic_net,142,8,51203326,2712
"[""cluster__c9bce3cfeb10e97e""]",cluster__c9bce3cfeb10e97e,block_permutation,0.0,zero,1416,outer_01,elastic_net,142,9,51203327,2712
"[""cluster__d0b21ec5092ce804""]",cluster__d0b21ec5092ce804,block_permutation,0.0,zero,1416,outer_01,elastic_net,142,0,51203328,2712
"[""cluster__d0b21ec5092ce804""]",cluster__d0b21ec5092ce804,block_permutation,0.0,zero,1416,outer_01,elastic_net,142,1,51203329,2712
"[""cluster__d0b21ec5092ce804""]",cluster__d0b21ec5092ce804,block_permutation,0.0,zero,1416,outer_01,elastic_net,142,2,51203330,2712
"[""cluster__d0b21ec5092ce804""]",cluster__d0b21ec5092ce804,block_permutation,0.0,zero,1416,outer_01,elastic_net,142,3,51203331,2712
"[""cluster__d0b21ec5092ce804""]",cluster__d0b21ec5092ce804,block_permutation,0.0,zero,1416,outer_01,elastic_net,142,4,51203332,2712
"[""cluster__d0b21ec5092ce804""]",cluster__d0b21ec5092ce804,block_permutation,0.0,zero,1416,outer_01,elastic_net,142,5,51203333,2712
"[""cluster__d0b21ec5092ce804""]",cluster__d0b21ec5092ce804,block_permutation,0.0,zero,1416,outer_01,elastic_net,142,6,51203334,2712
"[""cluster__d0b21ec5092ce804""]",cluster__d0b21ec5092ce804,block_permutation,0.0,zero,1416,outer_01,elastic_net,142,7,51203335,2712
"[""cluster__d0b21ec5092ce804""]",cluster__d0b21ec5092ce804,block_permutation,0.0,zero,1416,outer_01,elastic_net,142,8,51203336,2712
"[""cluster__d0b21ec5092ce804""]",cluster__d0b21ec5092ce804,block_permutation,0.0,zero,1416,outer_01,elastic_net,142,9,51203337,2712
"[""cluster__db99c4b3ba8fc30d""]",cluster__db99c4b3ba8fc30d,block_permutation,-0.000840419046344798,negative,1416,outer_01,elastic_net,142,0,51203338,2712
"[""cluster__db99c4b3ba8fc30d""]",cluster__db99c4b3ba8fc30d,block_permutation,-0.0005894723450683426,negative,1416,outer_01,elastic_net,142,1,51203339,2712
"[""cluster__db99c4b3ba8fc30d""]",cluster__db99c4b3ba8fc30d,block_permutation,-0.004642399584722234,negative,1416,outer_01,elastic_net,142,2,51203340,2712
"[""cluster__db99c4b3ba8fc30d""]",cluster__db99c4b3ba8fc30d,block_permutation,-0.003735830770580151,negative,1416,outer_01,elastic_net,142,3,51203341,2712
"[""cluster__db99c4b3ba8fc30d""]",cluster__db99c4b3ba8fc30d,block_permutation,-0.002947421558478047,negative,1416,outer_01,elastic_net,142,4,51203342,2712
"[""cluster__db99c4b3ba8fc30d""]",cluster__db99c4b3ba8fc30d,block_permutation,-0.0013819818103429915,negative,1416,outer_01,elastic_net,142,5,51203343,2712
"[""cluster__db99c4b3ba8fc30d""]",cluster__db99c4b3ba8fc30d,block_permutation,-0.0009442994075520295,negative,1416,outer_01,elastic_net,142,6,51203344,2712
"[""cluster__db99c4b3ba8fc30d""]",cluster__db99c4b3ba8fc30d,block_permutation,-0.0024554939092708006,negative,1416,outer_01,elastic_net,142,7,51203345,2712
"[""cluster__db99c4b3ba8fc30d""]",cluster__db99c4b3ba8fc30d,block_permutation,-0.004809998406277716,negative,1416,outer_01,elastic_net,142,8,51203346,2712
"[""cluster__db99c4b3ba8fc30d""]",cluster__db99c4b3ba8fc30d,block_permutation,-0.0004262133446378824,negative,1416,outer_01,elastic_net,142,9,51203347,2712
"[""cluster__e11a6d709526da4b""]",cluster__e11a6d709526da4b,block_permutation,-0.002576339877865097,negative,1416,outer_01,elastic_net,142,0,51203348,2712
"[""cluster__e11a6d709526da4b""]",cluster__e11a6d709526da4b,block_permutation,-0.02150121347486178,negative,1416,outer_01,elastic_net,142,1,51203349,2712
"[""cluster__e11a6d709526da4b""]",cluster__e11a6d709526da4b,block_permutation,0.008499423220805213,positive,1416,outer_01,elastic_net,142,2,51203350,2712
"[""cluster__e11a6d709526da4b""]",cluster__e11a6d709526da4b,block_permutation,-0.004934922092386329,negative,1416,outer_01,elastic_net,142,3,51203351,2712
"[""cluster__e11a6d709526da4b""]",cluster__e11a6d709526da4b,block_permutation,-0.0012254472798810534,negative,1416,outer_01,elastic_net,142,4,51203352,2712
"[""cluster__e11a6d709526da4b""]",cluster__e11a6d709526da4b,block_permutation,-0.021968095549439015,negative,1416,outer_01,elastic_net,142,5,51203353,2712
"[""cluster__e11a6d709526da4b""]",cluster__e11a6d709526da4b,block_permutation,-0.01705605879702099,negative,1416,outer_01,elastic_net,142,6,51203354,2712
"[""cluster__e11a6d709526da4b""]",cluster__e11a6d709526da4b,block_permutation,0.007612832202282482,positive,1416,outer_01,elastic_net,142,7,51203355,2712
"[""cluster__e11a6d709526da4b""]",cluster__e11a6d709526da4b,block_permutation,-0.018894730080793454,negative,1416,outer_01,elastic_net,142,8,51203356,2712
"[""cluster__e11a6d709526da4b""]",cluster__e11a6d709526da4b,block_permutation,-0.003786157162813608,negative,1416,outer_01,elastic_net,142,9,51203357,2712
"[""cluster__e52784991ac5d943""]",cluster__e52784991ac5d943,block_permutation,0.0,zero,1416,outer_01,elastic_net,142,0,51203358,2712
"[""cluster__e52784991ac5d943""]",cluster__e52784991ac5d943,block_permutation,0.0,zero,1416,outer_01,elastic_net,142,1,51203359,2712
"[""cluster__e52784991ac5d943""]",cluster__e52784991ac5d943,block_permutation,0.0,zero,1416,outer_01,elastic_net,142,2,51203360,2712
"[""cluster__e52784991ac5d943""]",cluster__e52784991ac5d943,block_permutation,0.0,zero,1416,outer_01,elastic_net,142,3,51203361,2712
"[""cluster__e52784991ac5d943""]",cluster__e52784991ac5d943,block_permutation,0.0,zero,1416,outer_01,elastic_net,142,4,51203362,2712
"[""cluster__e52784991ac5d943""]",cluster__e52784991ac5d943,block_permutation,0.0,zero,1416,outer_01,elastic_net,142,5,51203363,2712
"[""cluster__e52784991ac5d943""]",cluster__e52784991ac5d943,block_permutation,0.0,zero,1416,outer_01,elastic_net,142,6,51203364,2712
"[""cluster__e52784991ac5d943""]",cluster__e52784991ac5d943,block_permutation,0.0,zero,1416,outer_01,elastic_net,142,7,51203365,2712
"[""cluster__e52784991ac5d943""]",cluster__e52784991ac5d943,block_permutation,0.0,zero,1416,outer_01,elastic_net,142,8,51203366,2712
"[""cluster__e52784991ac5d943""]",cluster__e52784991ac5d943,block_permutation,0.0,zero,1416,outer_01,elastic_net,142,9,51203367,2712
"[""cluster__e6215b6a0fbc0220""]",cluster__e6215b6a0fbc0220,block_permutation,0.0,zero,1416,outer_01,elastic_net,142,0,51203368,2712
"[""cluster__e6215b6a0fbc0220""]",cluster__e6215b6a0fbc0220,block_permutation,0.0,zero,1416,outer_01,elastic_net,142,1,51203369,2712
"[""cluster__e6215b6a0fbc0220""]",cluster__e6215b6a0fbc0220,block_permutation,0.0,zero,1416,outer_01,elastic_net,142,2,51203370,2712
"[""cluster__e6215b6a0fbc0220""]",cluster__e6215b6a0fbc0220,block_permutation,0.0,zero,1416,outer_01,elastic_net,142,3,51203371,2712
"[""cluster__e6215b6a0fbc0220""]",cluster__e6215b6a0fbc0220,block_permutation,0.0,zero,1416,outer_01,elastic_net,142,4,51203372,2712
"[""cluster__e6215b6a0fbc0220""]",cluster__e6215b6a0fbc0220,block_permutation,0.0,zero,1416,outer_01,elastic_net,142,5,51203373,2712
"[""cluster__e6215b6a0fbc0220""]",cluster__e6215b6a0fbc0220,block_permutation,0.0,zero,1416,outer_01,elastic_net,142,6,51203374,2712
"[""cluster__e6215b6a0fbc0220""]",cluster__e6215b6a0fbc0220,block_permutation,0.0,zero,1416,outer_01,elastic_net,142,7,51203375,2712
"[""cluster__e6215b6a0fbc0220""]",cluster__e6215b6a0fbc0220,block_permutation,0.0,zero,1416,outer_01,elastic_net,142,8,51203376,2712
"[""cluster__e6215b6a0fbc0220""]",cluster__e6215b6a0fbc0220,block_permutation,0.0,zero,1416,outer_01,elastic_net,142,9,51203377,2712
"[""cluster__ea16c5febde76055""]",cluster__ea16c5febde76055,block_permutation,0.0,zero,1416,outer_01,elastic_net,142,0,51203378,2712
"[""cluster__ea16c5febde76055""]",cluster__ea16c5febde76055,block_permutation,0.0,zero,1416,outer_01,elastic_net,142,1,51203379,2712
"[""cluster__ea16c5febde76055""]",cluster__ea16c5febde76055,block_permutation,0.0,zero,1416,outer_01,elastic_net,142,2,51203380,2712
"[""cluster__ea16c5febde76055""]",cluster__ea16c5febde76055,block_permutation,0.0,zero,1416,outer_01,elastic_net,142,3,51203381,2712
"[""cluster__ea16c5febde76055""]",cluster__ea16c5febde76055,block_permutation,0.0,zero,1416,outer_01,elastic_net,142,4,51203382,2712
"[""cluster__ea16c5febde76055""]",cluster__ea16c5febde76055,block_permutation,0.0,zero,1416,outer_01,elastic_net,142,5,51203383,2712
"[""cluster__ea16c5febde76055""]",cluster__ea16c5febde76055,block_permutation,0.0,zero,1416,outer_01,elastic_net,142,6,51203384,2712
"[""cluster__ea16c5febde76055""]",cluster__ea16c5febde76055,block_permutation,0.0,zero,1416,outer_01,elastic_net,142,7,51203385,2712
"[""cluster__ea16c5febde76055""]",cluster__ea16c5febde76055,block_permutation,0.0,zero,1416,outer_01,elastic_net,142,8,51203386,2712
"[""cluster__ea16c5febde76055""]",cluster__ea16c5febde76055,block_permutation,0.0,zero,1416,outer_01,elastic_net,142,9,51203387,2712
"[""cluster__ea1ef3c2c858720d""]",cluster__ea1ef3c2c858720d,block_permutation,0.0,zero,1416,outer_01,elastic_net,142,0,51203388,2712
"[""cluster__ea1ef3c2c858720d""]",cluster__ea1ef3c2c858720d,block_permutation,0.0,zero,1416,outer_01,elastic_net,142,1,51203389,2712
"[""cluster__ea1ef3c2c858720d""]",cluster__ea1ef3c2c858720d,block_permutation,0.0,zero,1416,outer_01,elastic_net,142,2,51203390,2712
"[""cluster__ea1ef3c2c858720d""]",cluster__ea1ef3c2c858720d,block_permutation,0.0,zero,1416,outer_01,elastic_net,142,3,51203391,2712
"[""cluster__ea1ef3c2c858720d""]",cluster__ea1ef3c2c858720d,block_permutation,0.0,zero,1416,outer_01,elastic_net,142,4,51203392,2712
"[""cluster__ea1ef3c2c858720d""]",cluster__ea1ef3c2c858720d,block_permutation,0.0,zero,1416,outer_01,elastic_net,142,5,51203393,2712
"[""cluster__ea1ef3c2c858720d""]",cluster__ea1ef3c2c858720d,block_permutation,0.0,zero,1416,outer_01,elastic_net,142,6,51203394,2712
"[""cluster__ea1ef3c2c858720d""]",cluster__ea1ef3c2c858720d,block_permutation,0.0,zero,1416,outer_01,elastic_net,142,7,51203395,2712
"[""cluster__ea1ef3c2c858720d""]",cluster__ea1ef3c2c858720d,block_permutation,0.0,zero,1416,outer_01,elastic_net,142,8,51203396,2712
"[""cluster__ea1ef3c2c858720d""]",cluster__ea1ef3c2c858720d,block_permutation,0.0,zero,1416,outer_01,elastic_net,142,9,51203397,2712
"[""cluster__ed8f648abf1108c3""]",cluster__ed8f648abf1108c3,block_permutation,0.0,zero,1416,outer_01,elastic_net,142,0,51203398,2712
"[""cluster__ed8f648abf1108c3""]",cluster__ed8f648abf1108c3,block_permutation,0.0,zero,1416,outer_01,elastic_net,142,1,51203399,2712
"[""cluster__ed8f648abf1108c3""]",cluster__ed8f648abf1108c3,block_permutation,0.0,zero,1416,outer_01,elastic_net,142,2,51203400,2712
"[""cluster__ed8f648abf1108c3""]",cluster__ed8f648abf1108c3,block_permutation,0.0,zero,1416,outer_01,elastic_net,142,3,51203401,2712
"[""cluster__ed8f648abf1108c3""]",cluster__ed8f648abf1108c3,block_permutation,0.0,zero,1416,outer_01,elastic_net,142,4,51203402,2712
"[""cluster__ed8f648abf1108c3""]",cluster__ed8f648abf1108c3,block_permutation,0.0,zero,1416,outer_01,elastic_net,142,5,51203403,2712
"[""cluster__ed8f648abf1108c3""]",cluster__ed8f648abf1108c3,block_permutation,0.0,zero,1416,outer_01,elastic_net,142,6,51203404,2712
"[""cluster__ed8f648abf1108c3""]",cluster__ed8f648abf1108c3,block_permutation,0.0,zero,1416,outer_01,elastic_net,142,7,51203405,2712
"[""cluster__ed8f648abf1108c3""]",cluster__ed8f648abf1108c3,block_permutation,0.0,zero,1416,outer_01,elastic_net,142,8,51203406,2712
"[""cluster__ed8f648abf1108c3""]",cluster__ed8f648abf1108c3,block_permutation,0.0,zero,1416,outer_01,elastic_net,142,9,51203407,2712
"[""cluster__f03f4701c752ba34""]",cluster__f03f4701c752ba34,block_permutation,-0.00042203778659044566,negative,1416,outer_01,elastic_net,142,0,51203408,2712
"[""cluster__f03f4701c752ba34""]",cluster__f03f4701c752ba34,block_permutation,-0.00017038742733910262,negative,1416,outer_01,elastic_net,142,1,51203409,2712
"[""cluster__f03f4701c752ba34""]",cluster__f03f4701c752ba34,block_permutation,-3.136092470668039e-05,negative,1416,outer_01,elastic_net,142,2,51203410,2712
"[""cluster__f03f4701c752ba34""]",cluster__f03f4701c752ba34,block_permutation,-0.00035542816468003835,negative,1416,outer_01,elastic_net,142,3,51203411,2712
"[""cluster__f03f4701c752ba34""]",cluster__f03f4701c752ba34,block_permutation,-7.538139936036359e-06,negative,1416,outer_01,elastic_net,142,4,51203412,2712
"[""cluster__f03f4701c752ba34""]",cluster__f03f4701c752ba34,block_permutation,-0.0005582508385191254,negative,1416,outer_01,elastic_net,142,5,51203413,2712
"[""cluster__f03f4701c752ba34""]",cluster__f03f4701c752ba34,block_permutation,-0.0003733266782592892,negative,1416,outer_01,elastic_net,142,6,51203414,2712
"[""cluster__f03f4701c752ba34""]",cluster__f03f4701c752ba34,block_permutation,-3.7255325199714306e-05,negative,1416,outer_01,elastic_net,142,7,51203415,2712
"[""cluster__f03f4701c752ba34""]",cluster__f03f4701c752ba34,block_permutation,0.00022008875842405295,positive,1416,outer_01,elastic_net,142,8,51203416,2712
"[""cluster__f03f4701c752ba34""]",cluster__f03f4701c752ba34,block_permutation,-7.438432673256834e-06,negative,1416,outer_01,elastic_net,142,9,51203417,2712
"[""cluster__f2308f5991ce73f6""]",cluster__f2308f5991ce73f6,block_permutation,-0.0045973873254446795,negative,1416,outer_01,elastic_net,142,0,51203418,2712
"[""cluster__f2308f5991ce73f6""]",cluster__f2308f5991ce73f6,block_permutation,-0.0033006147513549022,negative,1416,outer_01,elastic_net,142,1,51203419,2712
"[""cluster__f2308f5991ce73f6""]",cluster__f2308f5991ce73f6,block_permutation,-0.003410550360482878,negative,1416,outer_01,elastic_net,142,2,51203420,2712
"[""cluster__f2308f5991ce73f6""]",cluster__f2308f5991ce73f6,block_permutation,-0.001165176424973824,negative,1416,outer_01,elastic_net,142,3,51203421,2712
"[""cluster__f2308f5991ce73f6""]",cluster__f2308f5991ce73f6,block_permutation,-0.002945744632971814,negative,1416,outer_01,elastic_net,142,4,51203422,2712
"[""cluster__f2308f5991ce73f6""]",cluster__f2308f5991ce73f6,block_permutation,-0.004329609382577759,negative,1416,outer_01,elastic_net,142,5,51203423,2712
"[""cluster__f2308f5991ce73f6""]",cluster__f2308f5991ce73f6,block_permutation,-0.003993702144482469,negative,1416,outer_01,elastic_net,142,6,51203424,2712
"[""cluster__f2308f5991ce73f6""]",cluster__f2308f5991ce73f6,block_permutation,-0.0017630245982103165,negative,1416,outer_01,elastic_net,142,7,51203425,2712
"[""cluster__f2308f5991ce73f6""]",cluster__f2308f5991ce73f6,block_permutation,-0.001947492598159739,negative,1416,outer_01,elastic_net,142,8,51203426,2712
"[""cluster__f2308f5991ce73f6""]",cluster__f2308f5991ce73f6,block_permutation,-0.0035331881554654387,negative,1416,outer_01,elastic_net,142,9,51203427,2712
"[""cluster__f3105bf2ea19861a""]",cluster__f3105bf2ea19861a,block_permutation,0.0,zero,1416,outer_01,elastic_net,142,0,51203428,2712
"[""cluster__f3105bf2ea19861a""]",cluster__f3105bf2ea19861a,block_permutation,0.0,zero,1416,outer_01,elastic_net,142,1,51203429,2712
"[""cluster__f3105bf2ea19861a""]",cluster__f3105bf2ea19861a,block_permutation,0.0,zero,1416,outer_01,elastic_net,142,2,51203430,2712
"[""cluster__f3105bf2ea19861a""]",cluster__f3105bf2ea19861a,block_permutation,0.0,zero,1416,outer_01,elastic_net,142,3,51203431,2712
"[""cluster__f3105bf2ea19861a""]",cluster__f3105bf2ea19861a,block_permutation,0.0,zero,1416,outer_01,elastic_net,142,4,51203432,2712
"[""cluster__f3105bf2ea19861a""]",cluster__f3105bf2ea19861a,block_permutation,0.0,zero,1416,outer_01,elastic_net,142,5,51203433,2712
"[""cluster__f3105bf2ea19861a""]",cluster__f3105bf2ea19861a,block_permutation,0.0,zero,1416,outer_01,elastic_net,142,6,51203434,2712
"[""cluster__f3105bf2ea19861a""]",cluster__f3105bf2ea19861a,block_permutation,0.0,zero,1416,outer_01,elastic_net,142,7,51203435,2712
"[""cluster__f3105bf2ea19861a""]",cluster__f3105bf2ea19861a,block_permutation,0.0,zero,1416,outer_01,elastic_net,142,8,51203436,2712
"[""cluster__f3105bf2ea19861a""]",cluster__f3105bf2ea19861a,block_permutation,0.0,zero,1416,outer_01,elastic_net,142,9,51203437,2712
"[""cluster__f344d3ca8bc6155a""]",cluster__f344d3ca8bc6155a,block_permutation,0.0,zero,1416,outer_01,elastic_net,142,0,51203438,2712
"[""cluster__f344d3ca8bc6155a""]",cluster__f344d3ca8bc6155a,block_permutation,0.0,zero,1416,outer_01,elastic_net,142,1,51203439,2712
"[""cluster__f344d3ca8bc6155a""]",cluster__f344d3ca8bc6155a,block_permutation,0.0,zero,1416,outer_01,elastic_net,142,2,51203440,2712
"[""cluster__f344d3ca8bc6155a""]",cluster__f344d3ca8bc6155a,block_permutation,0.0,zero,1416,outer_01,elastic_net,142,3,51203441,2712
"[""cluster__f344d3ca8bc6155a""]",cluster__f344d3ca8bc6155a,block_permutation,0.0,zero,1416,outer_01,elastic_net,142,4,51203442,2712
"[""cluster__f344d3ca8bc6155a""]",cluster__f344d3ca8bc6155a,block_permutation,0.0,zero,1416,outer_01,elastic_net,142,5,51203443,2712
"[""cluster__f344d3ca8bc6155a""]",cluster__f344d3ca8bc6155a,block_permutation,0.0,zero,1416,outer_01,elastic_net,142,6,51203444,2712
"[""cluster__f344d3ca8bc6155a""]",cluster__f344d3ca8bc6155a,block_permutation,0.0,zero,1416,outer_01,elastic_net,142,7,51203445,2712
"[""cluster__f344d3ca8bc6155a""]",cluster__f344d3ca8bc6155a,block_permutation,0.0,zero,1416,outer_01,elastic_net,142,8,51203446,2712
"[""cluster__f344d3ca8bc6155a""]",cluster__f344d3ca8bc6155a,block_permutation,0.0,zero,1416,outer_01,elastic_net,142,9,51203447,2712
"[""cluster__fb3b9bf085ae4374""]",cluster__fb3b9bf085ae4374,block_permutation,0.0,zero,1416,outer_01,elastic_net,142,0,51203448,2712
"[""cluster__fb3b9bf085ae4374""]",cluster__fb3b9bf085ae4374,block_permutation,0.0,zero,1416,outer_01,elastic_net,142,1,51203449,2712
"[""cluster__fb3b9bf085ae4374""]",cluster__fb3b9bf085ae4374,block_permutation,0.0,zero,1416,outer_01,elastic_net,142,2,51203450,2712
"[""cluster__fb3b9bf085ae4374""]",cluster__fb3b9bf085ae4374,block_permutation,0.0,zero,1416,outer_01,elastic_net,142,3,51203451,2712
"[""cluster__fb3b9bf085ae4374""]",cluster__fb3b9bf085ae4374,block_permutation,0.0,zero,1416,outer_01,elastic_net,142,4,51203452,2712
"[""cluster__fb3b9bf085ae4374""]",cluster__fb3b9bf085ae4374,block_permutation,0.0,zero,1416,outer_01,elastic_net,142,5,51203453,2712
"[""cluster__fb3b9bf085ae4374""]",cluster__fb3b9bf085ae4374,block_permutation,0.0,zero,1416,outer_01,elastic_net,142,6,51203454,2712
"[""cluster__fb3b9bf085ae4374""]",cluster__fb3b9bf085ae4374,block_permutation,0.0,zero,1416,outer_01,elastic_net,142,7,51203455,2712
"[""cluster__fb3b9bf085ae4374""]",cluster__fb3b9bf085ae4374,block_permutation,0.0,zero,1416,outer_01,elastic_net,142,8,51203456,2712
"[""cluster__fb3b9bf085ae4374""]",cluster__fb3b9bf085ae4374,block_permutation,0.0,zero,1416,outer_01,elastic_net,142,9,51203457,2712
"[""cluster__fc5bdd24bfb709b8""]",cluster__fc5bdd24bfb709b8,block_permutation,0.0,zero,1416,outer_01,elastic_net,142,0,51203458,2712
"[""cluster__fc5bdd24bfb709b8""]",cluster__fc5bdd24bfb709b8,block_permutation,0.0,zero,1416,outer_01,elastic_net,142,1,51203459,2712
"[""cluster__fc5bdd24bfb709b8""]",cluster__fc5bdd24bfb709b8,block_permutation,0.0,zero,1416,outer_01,elastic_net,142,2,51203460,2712
"[""cluster__fc5bdd24bfb709b8""]",cluster__fc5bdd24bfb709b8,block_permutation,0.0,zero,1416,outer_01,elastic_net,142,3,51203461,2712
"[""cluster__fc5bdd24bfb709b8""]",cluster__fc5bdd24bfb709b8,block_permutation,0.0,zero,1416,outer_01,elastic_net,142,4,51203462,2712
"[""cluster__fc5bdd24bfb709b8""]",cluster__fc5bdd24bfb709b8,block_permutation,0.0,zero,1416,outer_01,elastic_net,142,5,51203463,2712
"[""cluster__fc5bdd24bfb709b8""]",cluster__fc5bdd24bfb709b8,block_permutation,0.0,zero,1416,outer_01,elastic_net,142,6,51203464,2712
"[""cluster__fc5bdd24bfb709b8""]",cluster__fc5bdd24bfb709b8,block_permutation,0.0,zero,1416,outer_01,elastic_net,142,7,51203465,2712
"[""cluster__fc5bdd24bfb709b8""]",cluster__fc5bdd24bfb709b8,block_permutation,0.0,zero,1416,outer_01,elastic_net,142,8,51203466,2712
"[""cluster__fc5bdd24bfb709b8""]",cluster__fc5bdd24bfb709b8,block_permutation,0.0,zero,1416,outer_01,elastic_net,142,9,51203467,2712
"[""cluster__fd3291f0b03d2dd6""]",cluster__fd3291f0b03d2dd6,block_permutation,0.0,zero,1416,outer_01,elastic_net,142,0,51203468,2712
"[""cluster__fd3291f0b03d2dd6""]",cluster__fd3291f0b03d2dd6,block_permutation,0.0,zero,1416,outer_01,elastic_net,142,1,51203469,2712
"[""cluster__fd3291f0b03d2dd6""]",cluster__fd3291f0b03d2dd6,block_permutation,0.0,zero,1416,outer_01,elastic_net,142,2,51203470,2712
"[""cluster__fd3291f0b03d2dd6""]",cluster__fd3291f0b03d2dd6,block_permutation,0.0,zero,1416,outer_01,elastic_net,142,3,51203471,2712
"[""cluster__fd3291f0b03d2dd6""]",cluster__fd3291f0b03d2dd6,block_permutation,0.0,zero,1416,outer_01,elastic_net,142,4,51203472,2712
"[""cluster__fd3291f0b03d2dd6""]",cluster__fd3291f0b03d2dd6,block_permutation,0.0,zero,1416,outer_01,elastic_net,142,5,51203473,2712
"[""cluster__fd3291f0b03d2dd6""]",cluster__fd3291f0b03d2dd6,block_permutation,0.0,zero,1416,outer_01,elastic_net,142,6,51203474,2712
"[""cluster__fd3291f0b03d2dd6""]",cluster__fd3291f0b03d2dd6,block_permutation,0.0,zero,1416,outer_01,elastic_net,142,7,51203475,2712
"[""cluster__fd3291f0b03d2dd6""]",cluster__fd3291f0b03d2dd6,block_permutation,0.0,zero,1416,outer_01,elastic_net,142,8,51203476,2712
"[""cluster__fd3291f0b03d2dd6""]",cluster__fd3291f0b03d2dd6,block_permutation,0.0,zero,1416,outer_01,elastic_net,142,9,51203477,2712
"[""cluster__feb3f6ac5faeccec""]",cluster__feb3f6ac5faeccec,block_permutation,0.0,zero,1416,outer_01,elastic_net,142,0,51203478,2712
"[""cluster__feb3f6ac5faeccec""]",cluster__feb3f6ac5faeccec,block_permutation,0.0,zero,1416,outer_01,elastic_net,142,1,51203479,2712
"[""cluster__feb3f6ac5faeccec""]",cluster__feb3f6ac5faeccec,block_permutation,0.0,zero,1416,outer_01,elastic_net,142,2,51203480,2712
"[""cluster__feb3f6ac5faeccec""]",cluster__feb3f6ac5faeccec,block_permutation,0.0,zero,1416,outer_01,elastic_net,142,3,51203481,2712
"[""cluster__feb3f6ac5faeccec""]",cluster__feb3f6ac5faeccec,block_permutation,0.0,zero,1416,outer_01,elastic_net,142,4,51203482,2712
"[""cluster__feb3f6ac5faeccec""]",cluster__feb3f6ac5faeccec,block_permutation,0.0,zero,1416,outer_01,elastic_net,142,5,51203483,2712
"[""cluster__feb3f6ac5faeccec""]",cluster__feb3f6ac5faeccec,block_permutation,0.0,zero,1416,outer_01,elastic_net,142,6,51203484,2712
"[""cluster__feb3f6ac5faeccec""]",cluster__feb3f6ac5faeccec,block_permutation,0.0,zero,1416,outer_01,elastic_net,142,7,51203485,2712
"[""cluster__feb3f6ac5faeccec""]",cluster__feb3f6ac5faeccec,block_permutation,0.0,zero,1416,outer_01,elastic_net,142,8,51203486,2712
"[""cluster__feb3f6ac5faeccec""]",cluster__feb3f6ac5faeccec,block_permutation,0.0,zero,1416,outer_01,elastic_net,142,9,51203487,2712
"[""cluster__057ded5ba3568a7f""]",cluster__057ded5ba3568a7f,drop_cluster,-0.0009407320681349418,negative,1416,outer_01,shallow_gradient_boosting,142,,,2712
"[""cluster__06ca194a0a433de6""]",cluster__06ca194a0a433de6,drop_cluster,0.0,zero,1416,outer_01,shallow_gradient_boosting,142,,,2712
"[""cluster__09e103f2030ca53e""]",cluster__09e103f2030ca53e,drop_cluster,0.0,zero,1416,outer_01,shallow_gradient_boosting,142,,,2712
"[""cluster__0ddaa772748cd2a8""]",cluster__0ddaa772748cd2a8,drop_cluster,0.002769678450078583,positive,1416,outer_01,shallow_gradient_boosting,142,,,2712
"[""cluster__11a9adfe78800106""]",cluster__11a9adfe78800106,drop_cluster,-0.012125287082944247,negative,1416,outer_01,shallow_gradient_boosting,142,,,2712
"[""cluster__189d1a90a1a742dc""]",cluster__189d1a90a1a742dc,drop_cluster,0.0,zero,1416,outer_01,shallow_gradient_boosting,142,,,2712
"[""cluster__1a13286f866c4155""]",cluster__1a13286f866c4155,drop_cluster,-0.0015692033853140774,negative,1416,outer_01,shallow_gradient_boosting,142,,,2712
"[""cluster__1ce77120fa004169""]",cluster__1ce77120fa004169,drop_cluster,0.0,zero,1416,outer_01,shallow_gradient_boosting,142,,,2712
"[""cluster__1e0e01b9fe15ec55""]",cluster__1e0e01b9fe15ec55,drop_cluster,0.002524248070115087,positive,1416,outer_01,shallow_gradient_boosting,142,,,2712
"[""cluster__1e968c8901c575db""]",cluster__1e968c8901c575db,drop_cluster,0.0,zero,1416,outer_01,shallow_gradient_boosting,142,,,2712
"[""cluster__1f48220de6e92f9d""]",cluster__1f48220de6e92f9d,drop_cluster,-0.006282857139400466,negative,1416,outer_01,shallow_gradient_boosting,142,,,2712
"[""cluster__20fb49f3528f30d2""]",cluster__20fb49f3528f30d2,drop_cluster,0.0,zero,1416,outer_01,shallow_gradient_boosting,142,,,2712
"[""cluster__23a7d3b95c5e30ff""]",cluster__23a7d3b95c5e30ff,drop_cluster,0.002689565350654455,positive,1416,outer_01,shallow_gradient_boosting,142,,,2712
"[""cluster__26090851fa96f8cf""]",cluster__26090851fa96f8cf,drop_cluster,0.009824071860597083,positive,1416,outer_01,shallow_gradient_boosting,142,,,2712
"[""cluster__26ad2c75d43d49ad""]",cluster__26ad2c75d43d49ad,drop_cluster,0.0,zero,1416,outer_01,shallow_gradient_boosting,142,,,2712
"[""cluster__29963467135cd4cd""]",cluster__29963467135cd4cd,drop_cluster,0.0,zero,1416,outer_01,shallow_gradient_boosting,142,,,2712
"[""cluster__2d7a1c0d880f88ee""]",cluster__2d7a1c0d880f88ee,drop_cluster,0.0,zero,1416,outer_01,shallow_gradient_boosting,142,,,2712
"[""cluster__2e6f29d20733c126""]",cluster__2e6f29d20733c126,drop_cluster,0.0,zero,1416,outer_01,shallow_gradient_boosting,142,,,2712
"[""cluster__2f6f9b66bf9da773""]",cluster__2f6f9b66bf9da773,drop_cluster,0.0,zero,1416,outer_01,shallow_gradient_boosting,142,,,2712
"[""cluster__2f97bd40c280c05c""]",cluster__2f97bd40c280c05c,drop_cluster,0.0,zero,1416,outer_01,shallow_gradient_boosting,142,,,2712
"[""cluster__394bc857d8fc4a57""]",cluster__394bc857d8fc4a57,drop_cluster,0.0,zero,1416,outer_01,shallow_gradient_boosting,142,,,2712
"[""cluster__3a128293ed568dc0""]",cluster__3a128293ed568dc0,drop_cluster,0.003158580196806593,positive,1416,outer_01,shallow_gradient_boosting,142,,,2712
"[""cluster__3b5a3dfcf12b13e5""]",cluster__3b5a3dfcf12b13e5,drop_cluster,-0.0002681363119421132,negative,1416,outer_01,shallow_gradient_boosting,142,,,2712
"[""cluster__3c67dd0616449c2d""]",cluster__3c67dd0616449c2d,drop_cluster,0.011178825857625307,positive,1416,outer_01,shallow_gradient_boosting,142,,,2712
"[""cluster__3cf051d5429a5851""]",cluster__3cf051d5429a5851,drop_cluster,0.0,zero,1416,outer_01,shallow_gradient_boosting,142,,,2712
"[""cluster__3e5336b9c24613b3""]",cluster__3e5336b9c24613b3,drop_cluster,0.0,zero,1416,outer_01,shallow_gradient_boosting,142,,,2712
"[""cluster__421a4a1c5073e265""]",cluster__421a4a1c5073e265,drop_cluster,0.0,zero,1416,outer_01,shallow_gradient_boosting,142,,,2712
"[""cluster__453e45b37c54e768""]",cluster__453e45b37c54e768,drop_cluster,0.0,zero,1416,outer_01,shallow_gradient_boosting,142,,,2712
"[""cluster__477b0804b0e235c3""]",cluster__477b0804b0e235c3,drop_cluster,0.0,zero,1416,outer_01,shallow_gradient_boosting,142,,,2712
"[""cluster__4a28d5e18578418a""]",cluster__4a28d5e18578418a,drop_cluster,0.0,zero,1416,outer_01,shallow_gradient_boosting,142,,,2712
"[""cluster__4e66a854583b258d""]",cluster__4e66a854583b258d,drop_cluster,-0.0021193120557629896,negative,1416,outer_01,shallow_gradient_boosting,142,,,2712
"[""cluster__4f2f17103c6e4b0f""]",cluster__4f2f17103c6e4b0f,drop_cluster,0.0,zero,1416,outer_01,shallow_gradient_boosting,142,,,2712
"[""cluster__586a389aaf56ab73""]",cluster__586a389aaf56ab73,drop_cluster,0.00040433593079391983,positive,1416,outer_01,shallow_gradient_boosting,142,,,2712
"[""cluster__5a65732a4a4ff188""]",cluster__5a65732a4a4ff188,drop_cluster,-0.004846919164592123,negative,1416,outer_01,shallow_gradient_boosting,142,,,2712
"[""cluster__5c7bb033aa35772f""]",cluster__5c7bb033aa35772f,drop_cluster,0.0,zero,1416,outer_01,shallow_gradient_boosting,142,,,2712
"[""cluster__638294e28a507a16""]",cluster__638294e28a507a16,drop_cluster,0.0008829539999017921,positive,1416,outer_01,shallow_gradient_boosting,142,,,2712
"[""cluster__6567e1495fb81e67""]",cluster__6567e1495fb81e67,drop_cluster,0.0016095535928302152,positive,1416,outer_01,shallow_gradient_boosting,142,,,2712
"[""cluster__66ae01ac794f63eb""]",cluster__66ae01ac794f63eb,drop_cluster,0.0,zero,1416,outer_01,shallow_gradient_boosting,142,,,2712
"[""cluster__6712d3b7bf51390b""]",cluster__6712d3b7bf51390b,drop_cluster,0.0,zero,1416,outer_01,shallow_gradient_boosting,142,,,2712
"[""cluster__69905f0e3a72c606""]",cluster__69905f0e3a72c606,drop_cluster,0.0,zero,1416,outer_01,shallow_gradient_boosting,142,,,2712
"[""cluster__6a9c460c39dcad34""]",cluster__6a9c460c39dcad34,drop_cluster,0.0,zero,1416,outer_01,shallow_gradient_boosting,142,,,2712
"[""cluster__724520f09acc991f""]",cluster__724520f09acc991f,drop_cluster,0.0,zero,1416,outer_01,shallow_gradient_boosting,142,,,2712
"[""cluster__7533afca12d5c845""]",cluster__7533afca12d5c845,drop_cluster,0.0018185539154849106,positive,1416,outer_01,shallow_gradient_boosting,142,,,2712
"[""cluster__75ae125737df1102""]",cluster__75ae125737df1102,drop_cluster,0.0,zero,1416,outer_01,shallow_gradient_boosting,142,,,2712
"[""cluster__773984b00b5c1f1c""]",cluster__773984b00b5c1f1c,drop_cluster,0.0,zero,1416,outer_01,shallow_gradient_boosting,142,,,2712
"[""cluster__7cc2e09b9a932b39""]",cluster__7cc2e09b9a932b39,drop_cluster,-0.0017148774565181046,negative,1416,outer_01,shallow_gradient_boosting,142,,,2712
"[""cluster__84da565ba8281d2a""]",cluster__84da565ba8281d2a,drop_cluster,0.0,zero,1416,outer_01,shallow_gradient_boosting,142,,,2712
"[""cluster__87f626d156f0ac67""]",cluster__87f626d156f0ac67,drop_cluster,-0.008704053600692374,negative,1416,outer_01,shallow_gradient_boosting,142,,,2712
"[""cluster__8b57524bef0d2ebf""]",cluster__8b57524bef0d2ebf,drop_cluster,0.013969384912959848,positive,1416,outer_01,shallow_gradient_boosting,142,,,2712
"[""cluster__8c29a8ea6225c377""]",cluster__8c29a8ea6225c377,drop_cluster,0.0,zero,1416,outer_01,shallow_gradient_boosting,142,,,2712
"[""cluster__959b637bd3bb66d4""]",cluster__959b637bd3bb66d4,drop_cluster,0.0,zero,1416,outer_01,shallow_gradient_boosting,142,,,2712
"[""cluster__962c08b556b1c862""]",cluster__962c08b556b1c862,drop_cluster,0.0,zero,1416,outer_01,shallow_gradient_boosting,142,,,2712
"[""cluster__9ca9e2709e5c747a""]",cluster__9ca9e2709e5c747a,drop_cluster,0.0,zero,1416,outer_01,shallow_gradient_boosting,142,,,2712
"[""cluster__a1e835b95b16e9e9""]",cluster__a1e835b95b16e9e9,drop_cluster,0.0,zero,1416,outer_01,shallow_gradient_boosting,142,,,2712
"[""cluster__a391bd497d5a01b9""]",cluster__a391bd497d5a01b9,drop_cluster,0.0013235136835898498,positive,1416,outer_01,shallow_gradient_boosting,142,,,2712
"[""cluster__a59fb5db9f4fd3e0""]",cluster__a59fb5db9f4fd3e0,drop_cluster,0.00929657769954706,positive,1416,outer_01,shallow_gradient_boosting,142,,,2712
"[""cluster__a7171c841cb9fb67""]",cluster__a7171c841cb9fb67,drop_cluster,0.0,zero,1416,outer_01,shallow_gradient_boosting,142,,,2712
"[""cluster__a867b4c1b44d375e""]",cluster__a867b4c1b44d375e,drop_cluster,0.010893988653981612,positive,1416,outer_01,shallow_gradient_boosting,142,,,2712
"[""cluster__ad0a96a048bbc7d8""]",cluster__ad0a96a048bbc7d8,drop_cluster,0.0029970763126556665,positive,1416,outer_01,shallow_gradient_boosting,142,,,2712
"[""cluster__afbf9ac7f0d6750b""]",cluster__afbf9ac7f0d6750b,drop_cluster,0.004780425071878813,positive,1416,outer_01,shallow_gradient_boosting,142,,,2712
"[""cluster__b14504afa42d221d""]",cluster__b14504afa42d221d,drop_cluster,0.0,zero,1416,outer_01,shallow_gradient_boosting,142,,,2712
"[""cluster__b3049e2f6d60b737""]",cluster__b3049e2f6d60b737,drop_cluster,0.01719418168811293,positive,1416,outer_01,shallow_gradient_boosting,142,,,2712
"[""cluster__b31ca2d0bf76f633""]",cluster__b31ca2d0bf76f633,drop_cluster,0.0,zero,1416,outer_01,shallow_gradient_boosting,142,,,2712
"[""cluster__b3a7ffd8d4e710b8""]",cluster__b3a7ffd8d4e710b8,drop_cluster,0.0,zero,1416,outer_01,shallow_gradient_boosting,142,,,2712
"[""cluster__b7ff184a7303a6f4""]",cluster__b7ff184a7303a6f4,drop_cluster,0.0,zero,1416,outer_01,shallow_gradient_boosting,142,,,2712
"[""cluster__b89a1d7f25394d90""]",cluster__b89a1d7f25394d90,drop_cluster,-0.002134739030389632,negative,1416,outer_01,shallow_gradient_boosting,142,,,2712
"[""cluster__b9449c25001f7b51""]",cluster__b9449c25001f7b51,drop_cluster,0.001975821694801816,positive,1416,outer_01,shallow_gradient_boosting,142,,,2712
"[""cluster__bc09b5bb95952a78""]",cluster__bc09b5bb95952a78,drop_cluster,0.0009973949815926808,positive,1416,outer_01,shallow_gradient_boosting,142,,,2712
"[""cluster__c2362e322fead508""]",cluster__c2362e322fead508,drop_cluster,0.0,zero,1416,outer_01,shallow_gradient_boosting,142,,,2712
"[""cluster__c31b8136d504bf03""]",cluster__c31b8136d504bf03,drop_cluster,0.0,zero,1416,outer_01,shallow_gradient_boosting,142,,,2712
"[""cluster__c5e49f1433602139""]",cluster__c5e49f1433602139,drop_cluster,0.0025114613954984044,positive,1416,outer_01,shallow_gradient_boosting,142,,,2712
"[""cluster__c9bce3cfeb10e97e""]",cluster__c9bce3cfeb10e97e,drop_cluster,-0.004097064628522329,negative,1416,outer_01,shallow_gradient_boosting,142,,,2712
"[""cluster__d0b21ec5092ce804""]",cluster__d0b21ec5092ce804,drop_cluster,0.0,zero,1416,outer_01,shallow_gradient_boosting,142,,,2712
"[""cluster__db99c4b3ba8fc30d""]",cluster__db99c4b3ba8fc30d,drop_cluster,0.0,zero,1416,outer_01,shallow_gradient_boosting,142,,,2712
"[""cluster__e11a6d709526da4b""]",cluster__e11a6d709526da4b,drop_cluster,0.003839255385939877,positive,1416,outer_01,shallow_gradient_boosting,142,,,2712
"[""cluster__e52784991ac5d943""]",cluster__e52784991ac5d943,drop_cluster,0.0,zero,1416,outer_01,shallow_gradient_boosting,142,,,2712
"[""cluster__e6215b6a0fbc0220""]",cluster__e6215b6a0fbc0220,drop_cluster,0.00180556303415913,positive,1416,outer_01,shallow_gradient_boosting,142,,,2712
"[""cluster__ea16c5febde76055""]",cluster__ea16c5febde76055,drop_cluster,0.002913192557138622,positive,1416,outer_01,shallow_gradient_boosting,142,,,2712
"[""cluster__ea1ef3c2c858720d""]",cluster__ea1ef3c2c858720d,drop_cluster,0.0,zero,1416,outer_01,shallow_gradient_boosting,142,,,2712
"[""cluster__ed8f648abf1108c3""]",cluster__ed8f648abf1108c3,drop_cluster,0.0,zero,1416,outer_01,shallow_gradient_boosting,142,,,2712
"[""cluster__f03f4701c752ba34""]",cluster__f03f4701c752ba34,drop_cluster,-0.005547075560163206,negative,1416,outer_01,shallow_gradient_boosting,142,,,2712
"[""cluster__f2308f5991ce73f6""]",cluster__f2308f5991ce73f6,drop_cluster,0.0054635277421368755,positive,1416,outer_01,shallow_gradient_boosting,142,,,2712
"[""cluster__f3105bf2ea19861a""]",cluster__f3105bf2ea19861a,drop_cluster,0.0,zero,1416,outer_01,shallow_gradient_boosting,142,,,2712
"[""cluster__f344d3ca8bc6155a""]",cluster__f344d3ca8bc6155a,drop_cluster,-0.001646443394081265,negative,1416,outer_01,shallow_gradient_boosting,142,,,2712
"[""cluster__fb3b9bf085ae4374""]",cluster__fb3b9bf085ae4374,drop_cluster,0.0,zero,1416,outer_01,shallow_gradient_boosting,142,,,2712
"[""cluster__fc5bdd24bfb709b8""]",cluster__fc5bdd24bfb709b8,drop_cluster,0.0,zero,1416,outer_01,shallow_gradient_boosting,142,,,2712
"[""cluster__fd3291f0b03d2dd6""]",cluster__fd3291f0b03d2dd6,drop_cluster,0.0,zero,1416,outer_01,shallow_gradient_boosting,142,,,2712
"[""cluster__feb3f6ac5faeccec""]",cluster__feb3f6ac5faeccec,drop_cluster,0.0,zero,1416,outer_01,shallow_gradient_boosting,142,,,2712
"[""cluster__057ded5ba3568a7f"", ""cluster__1ce77120fa004169"", ""cluster__1f48220de6e92f9d"", ""cluster__394bc857d8fc4a57"", ""cluster__3a128293ed568dc0"", ""cluster__5a65732a4a4ff188"", ""cluster__5c7bb033aa35772f"", ""cluster__724520f09acc991f"", ""cluster__7cc2e09b9a932b39"", ""cluster__a1e835b95b16e9e9"", ""cluster__ad0a96a048bbc7d8"", ""cluster__b89a1d7f25394d90"", ""cluster__b9449c25001f7b51"", ""cluster__c2362e322fead508"", ""cluster__c31b8136d504bf03"", ""cluster__c5e49f1433602139"", ""cluster__d0b21ec5092ce804"", ""cluster__e11a6d709526da4b"", ""cluster__e6215b6a0fbc0220"", ""cluster__f03f4701c752ba34"", ""cluster__f2308f5991ce73f6"", ""cluster__fd3291f0b03d2dd6""]",book_liquidity,drop_family,-0.03346116931964849,negative,1416,outer_01,shallow_gradient_boosting,142,,,2712
"[""cluster__477b0804b0e235c3"", ""cluster__ea16c5febde76055""]",interaction,drop_family,0.002913192557138622,positive,1416,outer_01,shallow_gradient_boosting,142,,,2712
"[""cluster__7533afca12d5c845""]",mixed:interaction+ofi,drop_family,0.0018185539154849106,positive,1416,outer_01,shallow_gradient_boosting,142,,,2712
"[""cluster__06ca194a0a433de6"", ""cluster__0ddaa772748cd2a8"", ""cluster__1a13286f866c4155"", ""cluster__1e0e01b9fe15ec55"", ""cluster__1e968c8901c575db"", ""cluster__26090851fa96f8cf"", ""cluster__26ad2c75d43d49ad"", ""cluster__29963467135cd4cd"", ""cluster__2d7a1c0d880f88ee"", ""cluster__2e6f29d20733c126"", ""cluster__2f6f9b66bf9da773"", ""cluster__2f97bd40c280c05c"", ""cluster__3cf051d5429a5851"", ""cluster__3e5336b9c24613b3"", ""cluster__421a4a1c5073e265"", ""cluster__453e45b37c54e768"", ""cluster__4a28d5e18578418a"", ""cluster__586a389aaf56ab73"", ""cluster__66ae01ac794f63eb"", ""cluster__6712d3b7bf51390b"", ""cluster__69905f0e3a72c606"", ""cluster__6a9c460c39dcad34"", ""cluster__75ae125737df1102"", ""cluster__773984b00b5c1f1c"", ""cluster__84da565ba8281d2a"", ""cluster__87f626d156f0ac67"", ""cluster__8b57524bef0d2ebf"", ""cluster__8c29a8ea6225c377"", ""cluster__959b637bd3bb66d4"", ""cluster__a7171c841cb9fb67"", ""cluster__a867b4c1b44d375e"", ""cluster__afbf9ac7f0d6750b"", ""cluster__b31ca2d0bf76f633"", ""cluster__b3a7ffd8d4e710b8"", ""cluster__c9bce3cfeb10e97e"", ""cluster__db99c4b3ba8fc30d"", ""cluster__e52784991ac5d943"", ""cluster__ea1ef3c2c858720d"", ""cluster__ed8f648abf1108c3"", ""cluster__fb3b9bf085ae4374"", ""cluster__fc5bdd24bfb709b8"", ""cluster__feb3f6ac5faeccec""]",ofi,drop_family,0.05012301879641745,positive,1416,outer_01,shallow_gradient_boosting,142,,,2712
"[""cluster__20fb49f3528f30d2"", ""cluster__3c67dd0616449c2d"", ""cluster__4e66a854583b258d"", ""cluster__4f2f17103c6e4b0f"", ""cluster__a59fb5db9f4fd3e0"", ""cluster__f3105bf2ea19861a""]",price_path,drop_family,0.05279175535926495,positive,1416,outer_01,shallow_gradient_boosting,142,,,2712
"[""cluster__09e103f2030ca53e"", ""cluster__189d1a90a1a742dc"", ""cluster__3b5a3dfcf12b13e5"", ""cluster__638294e28a507a16"", ""cluster__6567e1495fb81e67"", ""cluster__962c08b556b1c862"", ""cluster__9ca9e2709e5c747a"", ""cluster__a391bd497d5a01b9"", ""cluster__b14504afa42d221d"", ""cluster__b3049e2f6d60b737"", ""cluster__b7ff184a7303a6f4"", ""cluster__f344d3ca8bc6155a""]",surface_quality,drop_family,0.013399087613182203,positive,1416,outer_01,shallow_gradient_boosting,142,,,2712
"[""cluster__11a9adfe78800106"", ""cluster__23a7d3b95c5e30ff"", ""cluster__bc09b5bb95952a78""]",time_regime,drop_family,-0.0026665777108665356,negative,1416,outer_01,shallow_gradient_boosting,142,,,2712
"[""cluster__057ded5ba3568a7f""]",cluster__057ded5ba3568a7f,block_permutation,0.0009438686073632852,positive,1416,outer_01,shallow_gradient_boosting,142,0,51202608,2712
"[""cluster__057ded5ba3568a7f""]",cluster__057ded5ba3568a7f,block_permutation,-6.363132574738195e-05,negative,1416,outer_01,shallow_gradient_boosting,142,1,51202609,2712
"[""cluster__057ded5ba3568a7f""]",cluster__057ded5ba3568a7f,block_permutation,0.0003342297615602785,positive,1416,outer_01,shallow_gradient_boosting,142,2,51202610,2712
"[""cluster__057ded5ba3568a7f""]",cluster__057ded5ba3568a7f,block_permutation,0.00015484556777467517,positive,1416,outer_01,shallow_gradient_boosting,142,3,51202611,2712
"[""cluster__057ded5ba3568a7f""]",cluster__057ded5ba3568a7f,block_permutation,0.00039420543398160923,positive,1416,outer_01,shallow_gradient_boosting,142,4,51202612,2712
"[""cluster__057ded5ba3568a7f""]",cluster__057ded5ba3568a7f,block_permutation,0.0007242757113541387,positive,1416,outer_01,shallow_gradient_boosting,142,5,51202613,2712
"[""cluster__057ded5ba3568a7f""]",cluster__057ded5ba3568a7f,block_permutation,0.0028061513010475547,positive,1416,outer_01,shallow_gradient_boosting,142,6,51202614,2712
"[""cluster__057ded5ba3568a7f""]",cluster__057ded5ba3568a7f,block_permutation,0.0005735480930071368,positive,1416,outer_01,shallow_gradient_boosting,142,7,51202615,2712
"[""cluster__057ded5ba3568a7f""]",cluster__057ded5ba3568a7f,block_permutation,0.0005666563228527988,positive,1416,outer_01,shallow_gradient_boosting,142,8,51202616,2712
"[""cluster__057ded5ba3568a7f""]",cluster__057ded5ba3568a7f,block_permutation,0.0010480092560405385,positive,1416,outer_01,shallow_gradient_boosting,142,9,51202617,2712
"[""cluster__06ca194a0a433de6""]",cluster__06ca194a0a433de6,block_permutation,0.0,zero,1416,outer_01,shallow_gradient_boosting,142,0,51202618,2712
"[""cluster__06ca194a0a433de6""]",cluster__06ca194a0a433de6,block_permutation,0.0,zero,1416,outer_01,shallow_gradient_boosting,142,1,51202619,2712
"[""cluster__06ca194a0a433de6""]",cluster__06ca194a0a433de6,block_permutation,0.0,zero,1416,outer_01,shallow_gradient_boosting,142,2,51202620,2712
"[""cluster__06ca194a0a433de6""]",cluster__06ca194a0a433de6,block_permutation,0.0,zero,1416,outer_01,shallow_gradient_boosting,142,3,51202621,2712
"[""cluster__06ca194a0a433de6""]",cluster__06ca194a0a433de6,block_permutation,0.0,zero,1416,outer_01,shallow_gradient_boosting,142,4,51202622,2712
"[""cluster__06ca194a0a433de6""]",cluster__06ca194a0a433de6,block_permutation,0.0,zero,1416,outer_01,shallow_gradient_boosting,142,5,51202623,2712
"[""cluster__06ca194a0a433de6""]",cluster__06ca194a0a433de6,block_permutation,0.0,zero,1416,outer_01,shallow_gradient_boosting,142,6,51202624,2712
"[""cluster__06ca194a0a433de6""]",cluster__06ca194a0a433de6,block_permutation,0.0,zero,1416,outer_01,shallow_gradient_boosting,142,7,51202625,2712
"[""cluster__06ca194a0a433de6""]",cluster__06ca194a0a433de6,block_permutation,0.0,zero,1416,outer_01,shallow_gradient_boosting,142,8,51202626,2712
"[""cluster__06ca194a0a433de6""]",cluster__06ca194a0a433de6,block_permutation,0.0,zero,1416,outer_01,shallow_gradient_boosting,142,9,51202627,2712
"[""cluster__09e103f2030ca53e""]",cluster__09e103f2030ca53e,block_permutation,0.0,zero,1416,outer_01,shallow_gradient_boosting,142,0,51202628,2712
"[""cluster__09e103f2030ca53e""]",cluster__09e103f2030ca53e,block_permutation,0.0,zero,1416,outer_01,shallow_gradient_boosting,142,1,51202629,2712
"[""cluster__09e103f2030ca53e""]",cluster__09e103f2030ca53e,block_permutation,0.0,zero,1416,outer_01,shallow_gradient_boosting,142,2,51202630,2712
"[""cluster__09e103f2030ca53e""]",cluster__09e103f2030ca53e,block_permutation,0.0,zero,1416,outer_01,shallow_gradient_boosting,142,3,51202631,2712
"[""cluster__09e103f2030ca53e""]",cluster__09e103f2030ca53e,block_permutation,0.0,zero,1416,outer_01,shallow_gradient_boosting,142,4,51202632,2712
"[""cluster__09e103f2030ca53e""]",cluster__09e103f2030ca53e,block_permutation,0.0,zero,1416,outer_01,shallow_gradient_boosting,142,5,51202633,2712
"[""cluster__09e103f2030ca53e""]",cluster__09e103f2030ca53e,block_permutation,0.0,zero,1416,outer_01,shallow_gradient_boosting,142,6,51202634,2712
"[""cluster__09e103f2030ca53e""]",cluster__09e103f2030ca53e,block_permutation,0.0,zero,1416,outer_01,shallow_gradient_boosting,142,7,51202635,2712
"[""cluster__09e103f2030ca53e""]",cluster__09e103f2030ca53e,block_permutation,0.0,zero,1416,outer_01,shallow_gradient_boosting,142,8,51202636,2712
"[""cluster__09e103f2030ca53e""]",cluster__09e103f2030ca53e,block_permutation,0.0,zero,1416,outer_01,shallow_gradient_boosting,142,9,51202637,2712
"[""cluster__0ddaa772748cd2a8""]",cluster__0ddaa772748cd2a8,block_permutation,-0.019564958743130245,negative,1416,outer_01,shallow_gradient_boosting,142,0,51202638,2712
"[""cluster__0ddaa772748cd2a8""]",cluster__0ddaa772748cd2a8,block_permutation,-0.002403308556379491,negative,1416,outer_01,shallow_gradient_boosting,142,1,51202639,2712
"[""cluster__0ddaa772748cd2a8""]",cluster__0ddaa772748cd2a8,block_permutation,-0.004432583254637468,negative,1416,outer_01,shallow_gradient_boosting,142,2,51202640,2712
"[""cluster__0ddaa772748cd2a8""]",cluster__0ddaa772748cd2a8,block_permutation,-0.0109102956966447,negative,1416,outer_01,shallow_gradient_boosting,142,3,51202641,2712
"[""cluster__0ddaa772748cd2a8""]",cluster__0ddaa772748cd2a8,block_permutation,-0.016114903457455587,negative,1416,outer_01,shallow_gradient_boosting,142,4,51202642,2712
"[""cluster__0ddaa772748cd2a8""]",cluster__0ddaa772748cd2a8,block_permutation,-0.02202423843375878,negative,1416,outer_01,shallow_gradient_boosting,142,5,51202643,2712
"[""cluster__0ddaa772748cd2a8""]",cluster__0ddaa772748cd2a8,block_permutation,-0.01734238016388212,negative,1416,outer_01,shallow_gradient_boosting,142,6,51202644,2712
"[""cluster__0ddaa772748cd2a8""]",cluster__0ddaa772748cd2a8,block_permutation,-0.0063854852963791675,negative,1416,outer_01,shallow_gradient_boosting,142,7,51202645,2712
"[""cluster__0ddaa772748cd2a8""]",cluster__0ddaa772748cd2a8,block_permutation,-0.024729484711779826,negative,1416,outer_01,shallow_gradient_boosting,142,8,51202646,2712
"[""cluster__0ddaa772748cd2a8""]",cluster__0ddaa772748cd2a8,block_permutation,-0.017625645269124468,negative,1416,outer_01,shallow_gradient_boosting,142,9,51202647,2712
"[""cluster__11a9adfe78800106""]",cluster__11a9adfe78800106,block_permutation,0.0,zero,1416,outer_01,shallow_gradient_boosting,142,0,51202648,2712
"[""cluster__11a9adfe78800106""]",cluster__11a9adfe78800106,block_permutation,0.0,zero,1416,outer_01,shallow_gradient_boosting,142,1,51202649,2712
"[""cluster__11a9adfe78800106""]",cluster__11a9adfe78800106,block_permutation,0.0,zero,1416,outer_01,shallow_gradient_boosting,142,2,51202650,2712
"[""cluster__11a9adfe78800106""]",cluster__11a9adfe78800106,block_permutation,0.0,zero,1416,outer_01,shallow_gradient_boosting,142,3,51202651,2712
"[""cluster__11a9adfe78800106""]",cluster__11a9adfe78800106,block_permutation,0.0,zero,1416,outer_01,shallow_gradient_boosting,142,4,51202652,2712
"[""cluster__11a9adfe78800106""]",cluster__11a9adfe78800106,block_permutation,0.0,zero,1416,outer_01,shallow_gradient_boosting,142,5,51202653,2712
"[""cluster__11a9adfe78800106""]",cluster__11a9adfe78800106,block_permutation,0.0,zero,1416,outer_01,shallow_gradient_boosting,142,6,51202654,2712
"[""cluster__11a9adfe78800106""]",cluster__11a9adfe78800106,block_permutation,0.0,zero,1416,outer_01,shallow_gradient_boosting,142,7,51202655,2712
"[""cluster__11a9adfe78800106""]",cluster__11a9adfe78800106,block_permutation,0.0,zero,1416,outer_01,shallow_gradient_boosting,142,8,51202656,2712
"[""cluster__11a9adfe78800106""]",cluster__11a9adfe78800106,block_permutation,0.0,zero,1416,outer_01,shallow_gradient_boosting,142,9,51202657,2712
"[""cluster__189d1a90a1a742dc""]",cluster__189d1a90a1a742dc,block_permutation,0.0,zero,1416,outer_01,shallow_gradient_boosting,142,0,51202658,2712
"[""cluster__189d1a90a1a742dc""]",cluster__189d1a90a1a742dc,block_permutation,0.0,zero,1416,outer_01,shallow_gradient_boosting,142,1,51202659,2712
"[""cluster__189d1a90a1a742dc""]",cluster__189d1a90a1a742dc,block_permutation,0.0,zero,1416,outer_01,shallow_gradient_boosting,142,2,51202660,2712
"[""cluster__189d1a90a1a742dc""]",cluster__189d1a90a1a742dc,block_permutation,0.0,zero,1416,outer_01,shallow_gradient_boosting,142,3,51202661,2712
"[""cluster__189d1a90a1a742dc""]",cluster__189d1a90a1a742dc,block_permutation,0.0,zero,1416,outer_01,shallow_gradient_boosting,142,4,51202662,2712
"[""cluster__189d1a90a1a742dc""]",cluster__189d1a90a1a742dc,block_permutation,0.0,zero,1416,outer_01,shallow_gradient_boosting,142,5,51202663,2712
"[""cluster__189d1a90a1a742dc""]",cluster__189d1a90a1a742dc,block_permutation,0.0,zero,1416,outer_01,shallow_gradient_boosting,142,6,51202664,2712
"[""cluster__189d1a90a1a742dc""]",cluster__189d1a90a1a742dc,block_permutation,0.0,zero,1416,outer_01,shallow_gradient_boosting,142,7,51202665,2712
"[""cluster__189d1a90a1a742dc""]",cluster__189d1a90a1a742dc,block_permutation,0.0,zero,1416,outer_01,shallow_gradient_boosting,142,8,51202666,2712
"[""cluster__189d1a90a1a742dc""]",cluster__189d1a90a1a742dc,block_permutation,0.0,zero,1416,outer_01,shallow_gradient_boosting,142,9,51202667,2712
"[""cluster__1a13286f866c4155""]",cluster__1a13286f866c4155,block_permutation,-0.00957289685471907,negative,1416,outer_01,shallow_gradient_boosting,142,0,51202668,2712
"[""cluster__1a13286f866c4155""]",cluster__1a13286f866c4155,block_permutation,-0.0038434205195152504,negative,1416,outer_01,shallow_gradient_boosting,142,1,51202669,2712
"[""cluster__1a13286f866c4155""]",cluster__1a13286f866c4155,block_permutation,-0.0036580619818189497,negative,1416,outer_01,shallow_gradient_boosting,142,2,51202670,2712
"[""cluster__1a13286f866c4155""]",cluster__1a13286f866c4155,block_permutation,0.008812658557500797,positive,1416,outer_01,shallow_gradient_boosting,142,3,51202671,2712
"[""cluster__1a13286f866c4155""]",cluster__1a13286f866c4155,block_permutation,0.011403664805290425,positive,1416,outer_01,shallow_gradient_boosting,142,4,51202672,2712
"[""cluster__1a13286f866c4155""]",cluster__1a13286f866c4155,block_permutation,-0.01585867241370309,negative,1416,outer_01,shallow_gradient_boosting,142,5,51202673,2712
"[""cluster__1a13286f866c4155""]",cluster__1a13286f866c4155,block_permutation,-0.010463103547048158,negative,1416,outer_01,shallow_gradient_boosting,142,6,51202674,2712
"[""cluster__1a13286f866c4155""]",cluster__1a13286f866c4155,block_permutation,-0.007279538837145827,negative,1416,outer_01,shallow_gradient_boosting,142,7,51202675,2712
"[""cluster__1a13286f866c4155""]",cluster__1a13286f866c4155,block_permutation,0.007835188372918633,positive,1416,outer_01,shallow_gradient_boosting,142,8,51202676,2712
"[""cluster__1a13286f866c4155""]",cluster__1a13286f866c4155,block_permutation,-0.006369543293741842,negative,1416,outer_01,shallow_gradient_boosting,142,9,51202677,2712
"[""cluster__1ce77120fa004169""]",cluster__1ce77120fa004169,block_permutation,0.0,zero,1416,outer_01,shallow_gradient_boosting,142,0,51202678,2712
"[""cluster__1ce77120fa004169""]",cluster__1ce77120fa004169,block_permutation,0.0,zero,1416,outer_01,shallow_gradient_boosting,142,1,51202679,2712
"[""cluster__1ce77120fa004169""]",cluster__1ce77120fa004169,block_permutation,0.0,zero,1416,outer_01,shallow_gradient_boosting,142,2,51202680,2712
"[""cluster__1ce77120fa004169""]",cluster__1ce77120fa004169,block_permutation,0.0,zero,1416,outer_01,shallow_gradient_boosting,142,3,51202681,2712
"[""cluster__1ce77120fa004169""]",cluster__1ce77120fa004169,block_permutation,0.0,zero,1416,outer_01,shallow_gradient_boosting,142,4,51202682,2712
"[""cluster__1ce77120fa004169""]",cluster__1ce77120fa004169,block_permutation,0.0,zero,1416,outer_01,shallow_gradient_boosting,142,5,51202683,2712
"[""cluster__1ce77120fa004169""]",cluster__1ce77120fa004169,block_permutation,0.0,zero,1416,outer_01,shallow_gradient_boosting,142,6,51202684,2712
"[""cluster__1ce77120fa004169""]",cluster__1ce77120fa004169,block_permutation,0.0,zero,1416,outer_01,shallow_gradient_boosting,142,7,51202685,2712
"[""cluster__1ce77120fa004169""]",cluster__1ce77120fa004169,block_permutation,0.0,zero,1416,outer_01,shallow_gradient_boosting,142,8,51202686,2712
"[""cluster__1ce77120fa004169""]",cluster__1ce77120fa004169,block_permutation,0.0,zero,1416,outer_01,shallow_gradient_boosting,142,9,51202687,2712
"[""cluster__1e0e01b9fe15ec55""]",cluster__1e0e01b9fe15ec55,block_permutation,0.0025977689573815077,positive,1416,outer_01,shallow_gradient_boosting,142,0,51202688,2712
"[""cluster__1e0e01b9fe15ec55""]",cluster__1e0e01b9fe15ec55,block_permutation,0.0015758848060671848,positive,1416,outer_01,shallow_gradient_boosting,142,1,51202689,2712
"[""cluster__1e0e01b9fe15ec55""]",cluster__1e0e01b9fe15ec55,block_permutation,0.0028718398179476967,positive,1416,outer_01,shallow_gradient_boosting,142,2,51202690,2712
"[""cluster__1e0e01b9fe15ec55""]",cluster__1e0e01b9fe15ec55,block_permutation,0.005154782071102426,positive,1416,outer_01,shallow_gradient_boosting,142,3,51202691,2712
"[""cluster__1e0e01b9fe15ec55""]",cluster__1e0e01b9fe15ec55,block_permutation,0.004567314462958549,positive,1416,outer_01,shallow_gradient_boosting,142,4,51202692,2712
"[""cluster__1e0e01b9fe15ec55""]",cluster__1e0e01b9fe15ec55,block_permutation,0.0031926597449414285,positive,1416,outer_01,shallow_gradient_boosting,142,5,51202693,2712
"[""cluster__1e0e01b9fe15ec55""]",cluster__1e0e01b9fe15ec55,block_permutation,0.007264754137404461,positive,1416,outer_01,shallow_gradient_boosting,142,6,51202694,2712
"[""cluster__1e0e01b9fe15ec55""]",cluster__1e0e01b9fe15ec55,block_permutation,0.001586470438263099,positive,1416,outer_01,shallow_gradient_boosting,142,7,51202695,2712
"[""cluster__1e0e01b9fe15ec55""]",cluster__1e0e01b9fe15ec55,block_permutation,0.004059549910250038,positive,1416,outer_01,shallow_gradient_boosting,142,8,51202696,2712
"[""cluster__1e0e01b9fe15ec55""]",cluster__1e0e01b9fe15ec55,block_permutation,0.006700217608785808,positive,1416,outer_01,shallow_gradient_boosting,142,9,51202697,2712
"[""cluster__1e968c8901c575db""]",cluster__1e968c8901c575db,block_permutation,0.0,zero,1416,outer_01,shallow_gradient_boosting,142,0,51202698,2712
"[""cluster__1e968c8901c575db""]",cluster__1e968c8901c575db,block_permutation,0.0,zero,1416,outer_01,shallow_gradient_boosting,142,1,51202699,2712
"[""cluster__1e968c8901c575db""]",cluster__1e968c8901c575db,block_permutation,0.0,zero,1416,outer_01,shallow_gradient_boosting,142,2,51202700,2712
"[""cluster__1e968c8901c575db""]",cluster__1e968c8901c575db,block_permutation,0.0,zero,1416,outer_01,shallow_gradient_boosting,142,3,51202701,2712
"[""cluster__1e968c8901c575db""]",cluster__1e968c8901c575db,block_permutation,0.0,zero,1416,outer_01,shallow_gradient_boosting,142,4,51202702,2712
"[""cluster__1e968c8901c575db""]",cluster__1e968c8901c575db,block_permutation,0.0,zero,1416,outer_01,shallow_gradient_boosting,142,5,51202703,2712
"[""cluster__1e968c8901c575db""]",cluster__1e968c8901c575db,block_permutation,0.0,zero,1416,outer_01,shallow_gradient_boosting,142,6,51202704,2712
"[""cluster__1e968c8901c575db""]",cluster__1e968c8901c575db,block_permutation,0.0,zero,1416,outer_01,shallow_gradient_boosting,142,7,51202705,2712
"[""cluster__1e968c8901c575db""]",cluster__1e968c8901c575db,block_permutation,0.0,zero,1416,outer_01,shallow_gradient_boosting,142,8,51202706,2712
"[""cluster__1e968c8901c575db""]",cluster__1e968c8901c575db,block_permutation,0.0,zero,1416,outer_01,shallow_gradient_boosting,142,9,51202707,2712
"[""cluster__1f48220de6e92f9d""]",cluster__1f48220de6e92f9d,block_permutation,-0.00046352708820185384,negative,1416,outer_01,shallow_gradient_boosting,142,0,51202708,2712
"[""cluster__1f48220de6e92f9d""]",cluster__1f48220de6e92f9d,block_permutation,0.0001276099854401469,positive,1416,outer_01,shallow_gradient_boosting,142,1,51202709,2712
"[""cluster__1f48220de6e92f9d""]",cluster__1f48220de6e92f9d,block_permutation,0.00041138822553965504,positive,1416,outer_01,shallow_gradient_boosting,142,2,51202710,2712
"[""cluster__1f48220de6e92f9d""]",cluster__1f48220de6e92f9d,block_permutation,-0.0020312408128302373,negative,1416,outer_01,shallow_gradient_boosting,142,3,51202711,2712
"[""cluster__1f48220de6e92f9d""]",cluster__1f48220de6e92f9d,block_permutation,0.0004333823757809441,positive,1416,outer_01,shallow_gradient_boosting,142,4,51202712,2712
"[""cluster__1f48220de6e92f9d""]",cluster__1f48220de6e92f9d,block_permutation,-0.0022548099855135284,negative,1416,outer_01,shallow_gradient_boosting,142,5,51202713,2712
"[""cluster__1f48220de6e92f9d""]",cluster__1f48220de6e92f9d,block_permutation,-7.341908586622203e-05,negative,1416,outer_01,shallow_gradient_boosting,142,6,51202714,2712
"[""cluster__1f48220de6e92f9d""]",cluster__1f48220de6e92f9d,block_permutation,-0.0012965557045416798,negative,1416,outer_01,shallow_gradient_boosting,142,7,51202715,2712
"[""cluster__1f48220de6e92f9d""]",cluster__1f48220de6e92f9d,block_permutation,-0.0028801743480630915,negative,1416,outer_01,shallow_gradient_boosting,142,8,51202716,2712
"[""cluster__1f48220de6e92f9d""]",cluster__1f48220de6e92f9d,block_permutation,-0.0007474182357181114,negative,1416,outer_01,shallow_gradient_boosting,142,9,51202717,2712
"[""cluster__20fb49f3528f30d2""]",cluster__20fb49f3528f30d2,block_permutation,0.0,zero,1416,outer_01,shallow_gradient_boosting,142,0,51202718,2712
"[""cluster__20fb49f3528f30d2""]",cluster__20fb49f3528f30d2,block_permutation,0.0,zero,1416,outer_01,shallow_gradient_boosting,142,1,51202719,2712
"[""cluster__20fb49f3528f30d2""]",cluster__20fb49f3528f30d2,block_permutation,0.0,zero,1416,outer_01,shallow_gradient_boosting,142,2,51202720,2712
"[""cluster__20fb49f3528f30d2""]",cluster__20fb49f3528f30d2,block_permutation,0.0,zero,1416,outer_01,shallow_gradient_boosting,142,3,51202721,2712
"[""cluster__20fb49f3528f30d2""]",cluster__20fb49f3528f30d2,block_permutation,0.0,zero,1416,outer_01,shallow_gradient_boosting,142,4,51202722,2712
"[""cluster__20fb49f3528f30d2""]",cluster__20fb49f3528f30d2,block_permutation,0.0,zero,1416,outer_01,shallow_gradient_boosting,142,5,51202723,2712
"[""cluster__20fb49f3528f30d2""]",cluster__20fb49f3528f30d2,block_permutation,0.0,zero,1416,outer_01,shallow_gradient_boosting,142,6,51202724,2712
"[""cluster__20fb49f3528f30d2""]",cluster__20fb49f3528f30d2,block_permutation,0.0,zero,1416,outer_01,shallow_gradient_boosting,142,7,51202725,2712
"[""cluster__20fb49f3528f30d2""]",cluster__20fb49f3528f30d2,block_permutation,0.0,zero,1416,outer_01,shallow_gradient_boosting,142,8,51202726,2712
"[""cluster__20fb49f3528f30d2""]",cluster__20fb49f3528f30d2,block_permutation,0.0,zero,1416,outer_01,shallow_gradient_boosting,142,9,51202727,2712
"[""cluster__23a7d3b95c5e30ff""]",cluster__23a7d3b95c5e30ff,block_permutation,-0.000549743407588954,negative,1416,outer_01,shallow_gradient_boosting,142,0,51202728,2712
"[""cluster__23a7d3b95c5e30ff""]",cluster__23a7d3b95c5e30ff,block_permutation,-0.0006327514449375737,negative,1416,outer_01,shallow_gradient_boosting,142,1,51202729,2712
"[""cluster__23a7d3b95c5e30ff""]",cluster__23a7d3b95c5e30ff,block_permutation,-0.0005946868058348542,negative,1416,outer_01,shallow_gradient_boosting,142,2,51202730,2712
"[""cluster__23a7d3b95c5e30ff""]",cluster__23a7d3b95c5e30ff,block_permutation,-0.0005621849204138218,negative,1416,outer_01,shallow_gradient_boosting,142,3,51202731,2712
"[""cluster__23a7d3b95c5e30ff""]",cluster__23a7d3b95c5e30ff,block_permutation,-0.00037385744291662526,negative,1416,outer_01,shallow_gradient_boosting,142,4,51202732,2712
"[""cluster__23a7d3b95c5e30ff""]",cluster__23a7d3b95c5e30ff,block_permutation,-0.001426754575236222,negative,1416,outer_01,shallow_gradient_boosting,142,5,51202733,2712
"[""cluster__23a7d3b95c5e30ff""]",cluster__23a7d3b95c5e30ff,block_permutation,-0.0009275504880010832,negative,1416,outer_01,shallow_gradient_boosting,142,6,51202734,2712
"[""cluster__23a7d3b95c5e30ff""]",cluster__23a7d3b95c5e30ff,block_permutation,0.00038352193614299424,positive,1416,outer_01,shallow_gradient_boosting,142,7,51202735,2712
"[""cluster__23a7d3b95c5e30ff""]",cluster__23a7d3b95c5e30ff,block_permutation,-0.0015362426253109351,negative,1416,outer_01,shallow_gradient_boosting,142,8,51202736,2712
"[""cluster__23a7d3b95c5e30ff""]",cluster__23a7d3b95c5e30ff,block_permutation,-0.0009943225910469256,negative,1416,outer_01,shallow_gradient_boosting,142,9,51202737,2712
"[""cluster__26090851fa96f8cf""]",cluster__26090851fa96f8cf,block_permutation,0.0015730909421660666,positive,1416,outer_01,shallow_gradient_boosting,142,0,51202738,2712
"[""cluster__26090851fa96f8cf""]",cluster__26090851fa96f8cf,block_permutation,0.005896822366216581,positive,1416,outer_01,shallow_gradient_boosting,142,1,51202739,2712
"[""cluster__26090851fa96f8cf""]",cluster__26090851fa96f8cf,block_permutation,-0.006449553733642199,negative,1416,outer_01,shallow_gradient_boosting,142,2,51202740,2712
"[""cluster__26090851fa96f8cf""]",cluster__26090851fa96f8cf,block_permutation,0.0006548519243716466,positive,1416,outer_01,shallow_gradient_boosting,142,3,51202741,2712
"[""cluster__26090851fa96f8cf""]",cluster__26090851fa96f8cf,block_permutation,-0.004999539785285112,negative,1416,outer_01,shallow_gradient_boosting,142,4,51202742,2712
"[""cluster__26090851fa96f8cf""]",cluster__26090851fa96f8cf,block_permutation,-0.0017429545070848373,negative,1416,outer_01,shallow_gradient_boosting,142,5,51202743,2712
"[""cluster__26090851fa96f8cf""]",cluster__26090851fa96f8cf,block_permutation,0.0117146236042176,positive,1416,outer_01,shallow_gradient_boosting,142,6,51202744,2712
"[""cluster__26090851fa96f8cf""]",cluster__26090851fa96f8cf,block_permutation,-0.007477902038188988,negative,1416,outer_01,shallow_gradient_boosting,142,7,51202745,2712
"[""cluster__26090851fa96f8cf""]",cluster__26090851fa96f8cf,block_permutation,0.0033787851135342883,positive,1416,outer_01,shallow_gradient_boosting,142,8,51202746,2712
"[""cluster__26090851fa96f8cf""]",cluster__26090851fa96f8cf,block_permutation,0.00046825800450189803,positive,1416,outer_01,shallow_gradient_boosting,142,9,51202747,2712
"[""cluster__26ad2c75d43d49ad""]",cluster__26ad2c75d43d49ad,block_permutation,0.0,zero,1416,outer_01,shallow_gradient_boosting,142,0,51202748,2712
"[""cluster__26ad2c75d43d49ad""]",cluster__26ad2c75d43d49ad,block_permutation,0.0,zero,1416,outer_01,shallow_gradient_boosting,142,1,51202749,2712
"[""cluster__26ad2c75d43d49ad""]",cluster__26ad2c75d43d49ad,block_permutation,0.0,zero,1416,outer_01,shallow_gradient_boosting,142,2,51202750,2712
"[""cluster__26ad2c75d43d49ad""]",cluster__26ad2c75d43d49ad,block_permutation,0.0,zero,1416,outer_01,shallow_gradient_boosting,142,3,51202751,2712
"[""cluster__26ad2c75d43d49ad""]",cluster__26ad2c75d43d49ad,block_permutation,0.0,zero,1416,outer_01,shallow_gradient_boosting,142,4,51202752,2712
"[""cluster__26ad2c75d43d49ad""]",cluster__26ad2c75d43d49ad,block_permutation,0.0,zero,1416,outer_01,shallow_gradient_boosting,142,5,51202753,2712
"[""cluster__26ad2c75d43d49ad""]",cluster__26ad2c75d43d49ad,block_permutation,0.0,zero,1416,outer_01,shallow_gradient_boosting,142,6,51202754,2712
"[""cluster__26ad2c75d43d49ad""]",cluster__26ad2c75d43d49ad,block_permutation,0.0,zero,1416,outer_01,shallow_gradient_boosting,142,7,51202755,2712
"[""cluster__26ad2c75d43d49ad""]",cluster__26ad2c75d43d49ad,block_permutation,0.0,zero,1416,outer_01,shallow_gradient_boosting,142,8,51202756,2712
"[""cluster__26ad2c75d43d49ad""]",cluster__26ad2c75d43d49ad,block_permutation,0.0,zero,1416,outer_01,shallow_gradient_boosting,142,9,51202757,2712
"[""cluster__29963467135cd4cd""]",cluster__29963467135cd4cd,block_permutation,0.0,zero,1416,outer_01,shallow_gradient_boosting,142,0,51202758,2712
"[""cluster__29963467135cd4cd""]",cluster__29963467135cd4cd,block_permutation,0.0,zero,1416,outer_01,shallow_gradient_boosting,142,1,51202759,2712
"[""cluster__29963467135cd4cd""]",cluster__29963467135cd4cd,block_permutation,0.0,zero,1416,outer_01,shallow_gradient_boosting,142,2,51202760,2712
"[""cluster__29963467135cd4cd""]",cluster__29963467135cd4cd,block_permutation,0.0,zero,1416,outer_01,shallow_gradient_boosting,142,3,51202761,2712
"[""cluster__29963467135cd4cd""]",cluster__29963467135cd4cd,block_permutation,0.0,zero,1416,outer_01,shallow_gradient_boosting,142,4,51202762,2712
"[""cluster__29963467135cd4cd""]",cluster__29963467135cd4cd,block_permutation,0.0,zero,1416,outer_01,shallow_gradient_boosting,142,5,51202763,2712
"[""cluster__29963467135cd4cd""]",cluster__29963467135cd4cd,block_permutation,0.0,zero,1416,outer_01,shallow_gradient_boosting,142,6,51202764,2712
"[""cluster__29963467135cd4cd""]",cluster__29963467135cd4cd,block_permutation,0.0,zero,1416,outer_01,shallow_gradient_boosting,142,7,51202765,2712
"[""cluster__29963467135cd4cd""]",cluster__29963467135cd4cd,block_permutation,0.0,zero,1416,outer_01,shallow_gradient_boosting,142,8,51202766,2712
"[""cluster__29963467135cd4cd""]",cluster__29963467135cd4cd,block_permutation,0.0,zero,1416,outer_01,shallow_gradient_boosting,142,9,51202767,2712
"[""cluster__2d7a1c0d880f88ee""]",cluster__2d7a1c0d880f88ee,block_permutation,0.0,zero,1416,outer_01,shallow_gradient_boosting,142,0,51202768,2712
"[""cluster__2d7a1c0d880f88ee""]",cluster__2d7a1c0d880f88ee,block_permutation,0.0,zero,1416,outer_01,shallow_gradient_boosting,142,1,51202769,2712
"[""cluster__2d7a1c0d880f88ee""]",cluster__2d7a1c0d880f88ee,block_permutation,0.0,zero,1416,outer_01,shallow_gradient_boosting,142,2,51202770,2712
"[""cluster__2d7a1c0d880f88ee""]",cluster__2d7a1c0d880f88ee,block_permutation,0.0,zero,1416,outer_01,shallow_gradient_boosting,142,3,51202771,2712
"[""cluster__2d7a1c0d880f88ee""]",cluster__2d7a1c0d880f88ee,block_permutation,0.0,zero,1416,outer_01,shallow_gradient_boosting,142,4,51202772,2712
"[""cluster__2d7a1c0d880f88ee""]",cluster__2d7a1c0d880f88ee,block_permutation,0.0,zero,1416,outer_01,shallow_gradient_boosting,142,5,51202773,2712
"[""cluster__2d7a1c0d880f88ee""]",cluster__2d7a1c0d880f88ee,block_permutation,0.0,zero,1416,outer_01,shallow_gradient_boosting,142,6,51202774,2712
"[""cluster__2d7a1c0d880f88ee""]",cluster__2d7a1c0d880f88ee,block_permutation,0.0,zero,1416,outer_01,shallow_gradient_boosting,142,7,51202775,2712
"[""cluster__2d7a1c0d880f88ee""]",cluster__2d7a1c0d880f88ee,block_permutation,0.0,zero,1416,outer_01,shallow_gradient_boosting,142,8,51202776,2712
"[""cluster__2d7a1c0d880f88ee""]",cluster__2d7a1c0d880f88ee,block_permutation,0.0,zero,1416,outer_01,shallow_gradient_boosting,142,9,51202777,2712
"[""cluster__2e6f29d20733c126""]",cluster__2e6f29d20733c126,block_permutation,0.0,zero,1416,outer_01,shallow_gradient_boosting,142,0,51202778,2712
"[""cluster__2e6f29d20733c126""]",cluster__2e6f29d20733c126,block_permutation,0.0,zero,1416,outer_01,shallow_gradient_boosting,142,1,51202779,2712
"[""cluster__2e6f29d20733c126""]",cluster__2e6f29d20733c126,block_permutation,0.0,zero,1416,outer_01,shallow_gradient_boosting,142,2,51202780,2712
"[""cluster__2e6f29d20733c126""]",cluster__2e6f29d20733c126,block_permutation,0.0,zero,1416,outer_01,shallow_gradient_boosting,142,3,51202781,2712
"[""cluster__2e6f29d20733c126""]",cluster__2e6f29d20733c126,block_permutation,0.0,zero,1416,outer_01,shallow_gradient_boosting,142,4,51202782,2712
"[""cluster__2e6f29d20733c126""]",cluster__2e6f29d20733c126,block_permutation,0.0,zero,1416,outer_01,shallow_gradient_boosting,142,5,51202783,2712
"[""cluster__2e6f29d20733c126""]",cluster__2e6f29d20733c126,block_permutation,0.0,zero,1416,outer_01,shallow_gradient_boosting,142,6,51202784,2712
"[""cluster__2e6f29d20733c126""]",cluster__2e6f29d20733c126,block_permutation,0.0,zero,1416,outer_01,shallow_gradient_boosting,142,7,51202785,2712
"[""cluster__2e6f29d20733c126""]",cluster__2e6f29d20733c126,block_permutation,0.0,zero,1416,outer_01,shallow_gradient_boosting,142,8,51202786,2712
"[""cluster__2e6f29d20733c126""]",cluster__2e6f29d20733c126,block_permutation,0.0,zero,1416,outer_01,shallow_gradient_boosting,142,9,51202787,2712
"[""cluster__2f6f9b66bf9da773""]",cluster__2f6f9b66bf9da773,block_permutation,0.0,zero,1416,outer_01,shallow_gradient_boosting,142,0,51202788,2712
"[""cluster__2f6f9b66bf9da773""]",cluster__2f6f9b66bf9da773,block_permutation,0.0,zero,1416,outer_01,shallow_gradient_boosting,142,1,51202789,2712
"[""cluster__2f6f9b66bf9da773""]",cluster__2f6f9b66bf9da773,block_permutation,0.0,zero,1416,outer_01,shallow_gradient_boosting,142,2,51202790,2712
"[""cluster__2f6f9b66bf9da773""]",cluster__2f6f9b66bf9da773,block_permutation,0.0,zero,1416,outer_01,shallow_gradient_boosting,142,3,51202791,2712
"[""cluster__2f6f9b66bf9da773""]",cluster__2f6f9b66bf9da773,block_permutation,0.0,zero,1416,outer_01,shallow_gradient_boosting,142,4,51202792,2712
"[""cluster__2f6f9b66bf9da773""]",cluster__2f6f9b66bf9da773,block_permutation,0.0,zero,1416,outer_01,shallow_gradient_boosting,142,5,51202793,2712
"[""cluster__2f6f9b66bf9da773""]",cluster__2f6f9b66bf9da773,block_permutation,0.0,zero,1416,outer_01,shallow_gradient_boosting,142,6,51202794,2712
"[""cluster__2f6f9b66bf9da773""]",cluster__2f6f9b66bf9da773,block_permutation,0.0,zero,1416,outer_01,shallow_gradient_boosting,142,7,51202795,2712
"[""cluster__2f6f9b66bf9da773""]",cluster__2f6f9b66bf9da773,block_permutation,0.0,zero,1416,outer_01,shallow_gradient_boosting,142,8,51202796,2712
"[""cluster__2f6f9b66bf9da773""]",cluster__2f6f9b66bf9da773,block_permutation,0.0,zero,1416,outer_01,shallow_gradient_boosting,142,9,51202797,2712
"[""cluster__2f97bd40c280c05c""]",cluster__2f97bd40c280c05c,block_permutation,0.0,zero,1416,outer_01,shallow_gradient_boosting,142,0,51202798,2712
"[""cluster__2f97bd40c280c05c""]",cluster__2f97bd40c280c05c,block_permutation,0.0,zero,1416,outer_01,shallow_gradient_boosting,142,1,51202799,2712
"[""cluster__2f97bd40c280c05c""]",cluster__2f97bd40c280c05c,block_permutation,0.0,zero,1416,outer_01,shallow_gradient_boosting,142,2,51202800,2712
"[""cluster__2f97bd40c280c05c""]",cluster__2f97bd40c280c05c,block_permutation,0.0,zero,1416,outer_01,shallow_gradient_boosting,142,3,51202801,2712
"[""cluster__2f97bd40c280c05c""]",cluster__2f97bd40c280c05c,block_permutation,0.0,zero,1416,outer_01,shallow_gradient_boosting,142,4,51202802,2712
"[""cluster__2f97bd40c280c05c""]",cluster__2f97bd40c280c05c,block_permutation,0.0,zero,1416,outer_01,shallow_gradient_boosting,142,5,51202803,2712
"[""cluster__2f97bd40c280c05c""]",cluster__2f97bd40c280c05c,block_permutation,0.0,zero,1416,outer_01,shallow_gradient_boosting,142,6,51202804,2712
"[""cluster__2f97bd40c280c05c""]",cluster__2f97bd40c280c05c,block_permutation,0.0,zero,1416,outer_01,shallow_gradient_boosting,142,7,51202805,2712
"[""cluster__2f97bd40c280c05c""]",cluster__2f97bd40c280c05c,block_permutation,0.0,zero,1416,outer_01,shallow_gradient_boosting,142,8,51202806,2712
"[""cluster__2f97bd40c280c05c""]",cluster__2f97bd40c280c05c,block_permutation,0.0,zero,1416,outer_01,shallow_gradient_boosting,142,9,51202807,2712
"[""cluster__394bc857d8fc4a57""]",cluster__394bc857d8fc4a57,block_permutation,0.0,zero,1416,outer_01,shallow_gradient_boosting,142,0,51202808,2712
"[""cluster__394bc857d8fc4a57""]",cluster__394bc857d8fc4a57,block_permutation,0.0,zero,1416,outer_01,shallow_gradient_boosting,142,1,51202809,2712
"[""cluster__394bc857d8fc4a57""]",cluster__394bc857d8fc4a57,block_permutation,0.0,zero,1416,outer_01,shallow_gradient_boosting,142,2,51202810,2712
"[""cluster__394bc857d8fc4a57""]",cluster__394bc857d8fc4a57,block_permutation,0.0,zero,1416,outer_01,shallow_gradient_boosting,142,3,51202811,2712
"[""cluster__394bc857d8fc4a57""]",cluster__394bc857d8fc4a57,block_permutation,0.0,zero,1416,outer_01,shallow_gradient_boosting,142,4,51202812,2712
"[""cluster__394bc857d8fc4a57""]",cluster__394bc857d8fc4a57,block_permutation,0.0,zero,1416,outer_01,shallow_gradient_boosting,142,5,51202813,2712
"[""cluster__394bc857d8fc4a57""]",cluster__394bc857d8fc4a57,block_permutation,0.0,zero,1416,outer_01,shallow_gradient_boosting,142,6,51202814,2712
"[""cluster__394bc857d8fc4a57""]",cluster__394bc857d8fc4a57,block_permutation,0.0,zero,1416,outer_01,shallow_gradient_boosting,142,7,51202815,2712
"[""cluster__394bc857d8fc4a57""]",cluster__394bc857d8fc4a57,block_permutation,0.0,zero,1416,outer_01,shallow_gradient_boosting,142,8,51202816,2712
"[""cluster__394bc857d8fc4a57""]",cluster__394bc857d8fc4a57,block_permutation,0.0,zero,1416,outer_01,shallow_gradient_boosting,142,9,51202817,2712
"[""cluster__3a128293ed568dc0""]",cluster__3a128293ed568dc0,block_permutation,0.0,zero,1416,outer_01,shallow_gradient_boosting,142,0,51202818,2712
"[""cluster__3a128293ed568dc0""]",cluster__3a128293ed568dc0,block_permutation,0.0,zero,1416,outer_01,shallow_gradient_boosting,142,1,51202819,2712
"[""cluster__3a128293ed568dc0""]",cluster__3a128293ed568dc0,block_permutation,0.0,zero,1416,outer_01,shallow_gradient_boosting,142,2,51202820,2712
"[""cluster__3a128293ed568dc0""]",cluster__3a128293ed568dc0,block_permutation,0.0,zero,1416,outer_01,shallow_gradient_boosting,142,3,51202821,2712
"[""cluster__3a128293ed568dc0""]",cluster__3a128293ed568dc0,block_permutation,0.0,zero,1416,outer_01,shallow_gradient_boosting,142,4,51202822,2712
"[""cluster__3a128293ed568dc0""]",cluster__3a128293ed568dc0,block_permutation,0.0,zero,1416,outer_01,shallow_gradient_boosting,142,5,51202823,2712
"[""cluster__3a128293ed568dc0""]",cluster__3a128293ed568dc0,block_permutation,0.0,zero,1416,outer_01,shallow_gradient_boosting,142,6,51202824,2712
"[""cluster__3a128293ed568dc0""]",cluster__3a128293ed568dc0,block_permutation,0.0,zero,1416,outer_01,shallow_gradient_boosting,142,7,51202825,2712
"[""cluster__3a128293ed568dc0""]",cluster__3a128293ed568dc0,block_permutation,0.0,zero,1416,outer_01,shallow_gradient_boosting,142,8,51202826,2712
"[""cluster__3a128293ed568dc0""]",cluster__3a128293ed568dc0,block_permutation,0.0,zero,1416,outer_01,shallow_gradient_boosting,142,9,51202827,2712
"[""cluster__3b5a3dfcf12b13e5""]",cluster__3b5a3dfcf12b13e5,block_permutation,0.0019643884284497037,positive,1416,outer_01,shallow_gradient_boosting,142,0,51202828,2712
"[""cluster__3b5a3dfcf12b13e5""]",cluster__3b5a3dfcf12b13e5,block_permutation,0.0003315472007971998,positive,1416,outer_01,shallow_gradient_boosting,142,1,51202829,2712
"[""cluster__3b5a3dfcf12b13e5""]",cluster__3b5a3dfcf12b13e5,block_permutation,0.0007594563277388833,positive,1416,outer_01,shallow_gradient_boosting,142,2,51202830,2712
"[""cluster__3b5a3dfcf12b13e5""]",cluster__3b5a3dfcf12b13e5,block_permutation,0.0008490996061856215,positive,1416,outer_01,shallow_gradient_boosting,142,3,51202831,2712
"[""cluster__3b5a3dfcf12b13e5""]",cluster__3b5a3dfcf12b13e5,block_permutation,0.0009169057994822261,positive,1416,outer_01,shallow_gradient_boosting,142,4,51202832,2712
"[""cluster__3b5a3dfcf12b13e5""]",cluster__3b5a3dfcf12b13e5,block_permutation,0.0018497541225566128,positive,1416,outer_01,shallow_gradient_boosting,142,5,51202833,2712
"[""cluster__3b5a3dfcf12b13e5""]",cluster__3b5a3dfcf12b13e5,block_permutation,0.0009960946864633335,positive,1416,outer_01,shallow_gradient_boosting,142,6,51202834,2712
"[""cluster__3b5a3dfcf12b13e5""]",cluster__3b5a3dfcf12b13e5,block_permutation,0.0004941953621957484,positive,1416,outer_01,shallow_gradient_boosting,142,7,51202835,2712
"[""cluster__3b5a3dfcf12b13e5""]",cluster__3b5a3dfcf12b13e5,block_permutation,0.0022983808464100974,positive,1416,outer_01,shallow_gradient_boosting,142,8,51202836,2712
"[""cluster__3b5a3dfcf12b13e5""]",cluster__3b5a3dfcf12b13e5,block_permutation,0.0011562354606846625,positive,1416,outer_01,shallow_gradient_boosting,142,9,51202837,2712
"[""cluster__3c67dd0616449c2d""]",cluster__3c67dd0616449c2d,block_permutation,0.0023833773012034154,positive,1416,outer_01,shallow_gradient_boosting,142,0,51202838,2712
"[""cluster__3c67dd0616449c2d""]",cluster__3c67dd0616449c2d,block_permutation,0.004634254797671655,positive,1416,outer_01,shallow_gradient_boosting,142,1,51202839,2712
"[""cluster__3c67dd0616449c2d""]",cluster__3c67dd0616449c2d,block_permutation,0.005327097628887056,positive,1416,outer_01,shallow_gradient_boosting,142,2,51202840,2712
"[""cluster__3c67dd0616449c2d""]",cluster__3c67dd0616449c2d,block_permutation,0.008636882231903176,positive,1416,outer_01,shallow_gradient_boosting,142,3,51202841,2712
"[""cluster__3c67dd0616449c2d""]",cluster__3c67dd0616449c2d,block_permutation,0.0034960002176431804,positive,1416,outer_01,shallow_gradient_boosting,142,4,51202842,2712
"[""cluster__3c67dd0616449c2d""]",cluster__3c67dd0616449c2d,block_permutation,0.005449906299603624,positive,1416,outer_01,shallow_gradient_boosting,142,5,51202843,2712
"[""cluster__3c67dd0616449c2d""]",cluster__3c67dd0616449c2d,block_permutation,0.00896971842176475,positive,1416,outer_01,shallow_gradient_boosting,142,6,51202844,2712
"[""cluster__3c67dd0616449c2d""]",cluster__3c67dd0616449c2d,block_permutation,0.012073195486764554,positive,1416,outer_01,shallow_gradient_boosting,142,7,51202845,2712
"[""cluster__3c67dd0616449c2d""]",cluster__3c67dd0616449c2d,block_permutation,0.002815417896181671,positive,1416,outer_01,shallow_gradient_boosting,142,8,51202846,2712
"[""cluster__3c67dd0616449c2d""]",cluster__3c67dd0616449c2d,block_permutation,0.009129834315313001,positive,1416,outer_01,shallow_gradient_boosting,142,9,51202847,2712
"[""cluster__3cf051d5429a5851""]",cluster__3cf051d5429a5851,block_permutation,0.0,zero,1416,outer_01,shallow_gradient_boosting,142,0,51202848,2712
"[""cluster__3cf051d5429a5851""]",cluster__3cf051d5429a5851,block_permutation,0.0,zero,1416,outer_01,shallow_gradient_boosting,142,1,51202849,2712
"[""cluster__3cf051d5429a5851""]",cluster__3cf051d5429a5851,block_permutation,0.0,zero,1416,outer_01,shallow_gradient_boosting,142,2,51202850,2712
"[""cluster__3cf051d5429a5851""]",cluster__3cf051d5429a5851,block_permutation,0.0,zero,1416,outer_01,shallow_gradient_boosting,142,3,51202851,2712
"[""cluster__3cf051d5429a5851""]",cluster__3cf051d5429a5851,block_permutation,0.0,zero,1416,outer_01,shallow_gradient_boosting,142,4,51202852,2712
"[""cluster__3cf051d5429a5851""]",cluster__3cf051d5429a5851,block_permutation,0.0,zero,1416,outer_01,shallow_gradient_boosting,142,5,51202853,2712
"[""cluster__3cf051d5429a5851""]",cluster__3cf051d5429a5851,block_permutation,0.0,zero,1416,outer_01,shallow_gradient_boosting,142,6,51202854,2712
"[""cluster__3cf051d5429a5851""]",cluster__3cf051d5429a5851,block_permutation,0.0,zero,1416,outer_01,shallow_gradient_boosting,142,7,51202855,2712
"[""cluster__3cf051d5429a5851""]",cluster__3cf051d5429a5851,block_permutation,0.0,zero,1416,outer_01,shallow_gradient_boosting,142,8,51202856,2712
"[""cluster__3cf051d5429a5851""]",cluster__3cf051d5429a5851,block_permutation,0.0,zero,1416,outer_01,shallow_gradient_boosting,142,9,51202857,2712
"[""cluster__3e5336b9c24613b3""]",cluster__3e5336b9c24613b3,block_permutation,0.0,zero,1416,outer_01,shallow_gradient_boosting,142,0,51202858,2712
"[""cluster__3e5336b9c24613b3""]",cluster__3e5336b9c24613b3,block_permutation,0.0,zero,1416,outer_01,shallow_gradient_boosting,142,1,51202859,2712
"[""cluster__3e5336b9c24613b3""]",cluster__3e5336b9c24613b3,block_permutation,0.0,zero,1416,outer_01,shallow_gradient_boosting,142,2,51202860,2712
"[""cluster__3e5336b9c24613b3""]",cluster__3e5336b9c24613b3,block_permutation,0.0,zero,1416,outer_01,shallow_gradient_boosting,142,3,51202861,2712
"[""cluster__3e5336b9c24613b3""]",cluster__3e5336b9c24613b3,block_permutation,0.0,zero,1416,outer_01,shallow_gradient_boosting,142,4,51202862,2712
"[""cluster__3e5336b9c24613b3""]",cluster__3e5336b9c24613b3,block_permutation,0.0,zero,1416,outer_01,shallow_gradient_boosting,142,5,51202863,2712
"[""cluster__3e5336b9c24613b3""]",cluster__3e5336b9c24613b3,block_permutation,0.0,zero,1416,outer_01,shallow_gradient_boosting,142,6,51202864,2712
"[""cluster__3e5336b9c24613b3""]",cluster__3e5336b9c24613b3,block_permutation,0.0,zero,1416,outer_01,shallow_gradient_boosting,142,7,51202865,2712
"[""cluster__3e5336b9c24613b3""]",cluster__3e5336b9c24613b3,block_permutation,0.0,zero,1416,outer_01,shallow_gradient_boosting,142,8,51202866,2712
"[""cluster__3e5336b9c24613b3""]",cluster__3e5336b9c24613b3,block_permutation,0.0,zero,1416,outer_01,shallow_gradient_boosting,142,9,51202867,2712
"[""cluster__421a4a1c5073e265""]",cluster__421a4a1c5073e265,block_permutation,0.0,zero,1416,outer_01,shallow_gradient_boosting,142,0,51202868,2712
"[""cluster__421a4a1c5073e265""]",cluster__421a4a1c5073e265,block_permutation,0.0,zero,1416,outer_01,shallow_gradient_boosting,142,1,51202869,2712
"[""cluster__421a4a1c5073e265""]",cluster__421a4a1c5073e265,block_permutation,0.0,zero,1416,outer_01,shallow_gradient_boosting,142,2,51202870,2712
"[""cluster__421a4a1c5073e265""]",cluster__421a4a1c5073e265,block_permutation,0.0,zero,1416,outer_01,shallow_gradient_boosting,142,3,51202871,2712
"[""cluster__421a4a1c5073e265""]",cluster__421a4a1c5073e265,block_permutation,0.0,zero,1416,outer_01,shallow_gradient_boosting,142,4,51202872,2712
"[""cluster__421a4a1c5073e265""]",cluster__421a4a1c5073e265,block_permutation,0.0,zero,1416,outer_01,shallow_gradient_boosting,142,5,51202873,2712
"[""cluster__421a4a1c5073e265""]",cluster__421a4a1c5073e265,block_permutation,0.0,zero,1416,outer_01,shallow_gradient_boosting,142,6,51202874,2712
"[""cluster__421a4a1c5073e265""]",cluster__421a4a1c5073e265,block_permutation,0.0,zero,1416,outer_01,shallow_gradient_boosting,142,7,51202875,2712
"[""cluster__421a4a1c5073e265""]",cluster__421a4a1c5073e265,block_permutation,0.0,zero,1416,outer_01,shallow_gradient_boosting,142,8,51202876,2712
"[""cluster__421a4a1c5073e265""]",cluster__421a4a1c5073e265,block_permutation,0.0,zero,1416,outer_01,shallow_gradient_boosting,142,9,51202877,2712
"[""cluster__453e45b37c54e768""]",cluster__453e45b37c54e768,block_permutation,0.0,zero,1416,outer_01,shallow_gradient_boosting,142,0,51202878,2712
"[""cluster__453e45b37c54e768""]",cluster__453e45b37c54e768,block_permutation,0.0,zero,1416,outer_01,shallow_gradient_boosting,142,1,51202879,2712
"[""cluster__453e45b37c54e768""]",cluster__453e45b37c54e768,block_permutation,0.0,zero,1416,outer_01,shallow_gradient_boosting,142,2,51202880,2712
"[""cluster__453e45b37c54e768""]",cluster__453e45b37c54e768,block_permutation,0.0,zero,1416,outer_01,shallow_gradient_boosting,142,3,51202881,2712
"[""cluster__453e45b37c54e768""]",cluster__453e45b37c54e768,block_permutation,0.0,zero,1416,outer_01,shallow_gradient_boosting,142,4,51202882,2712
"[""cluster__453e45b37c54e768""]",cluster__453e45b37c54e768,block_permutation,0.0,zero,1416,outer_01,shallow_gradient_boosting,142,5,51202883,2712
"[""cluster__453e45b37c54e768""]",cluster__453e45b37c54e768,block_permutation,0.0,zero,1416,outer_01,shallow_gradient_boosting,142,6,51202884,2712
"[""cluster__453e45b37c54e768""]",cluster__453e45b37c54e768,block_permutation,0.0,zero,1416,outer_01,shallow_gradient_boosting,142,7,51202885,2712
"[""cluster__453e45b37c54e768""]",cluster__453e45b37c54e768,block_permutation,0.0,zero,1416,outer_01,shallow_gradient_boosting,142,8,51202886,2712
"[""cluster__453e45b37c54e768""]",cluster__453e45b37c54e768,block_permutation,0.0,zero,1416,outer_01,shallow_gradient_boosting,142,9,51202887,2712
"[""cluster__477b0804b0e235c3""]",cluster__477b0804b0e235c3,block_permutation,0.0,zero,1416,outer_01,shallow_gradient_boosting,142,0,51202888,2712
"[""cluster__477b0804b0e235c3""]",cluster__477b0804b0e235c3,block_permutation,0.0,zero,1416,outer_01,shallow_gradient_boosting,142,1,51202889,2712
"[""cluster__477b0804b0e235c3""]",cluster__477b0804b0e235c3,block_permutation,0.0,zero,1416,outer_01,shallow_gradient_boosting,142,2,51202890,2712
"[""cluster__477b0804b0e235c3""]",cluster__477b0804b0e235c3,block_permutation,0.0,zero,1416,outer_01,shallow_gradient_boosting,142,3,51202891,2712
"[""cluster__477b0804b0e235c3""]",cluster__477b0804b0e235c3,block_permutation,0.0,zero,1416,outer_01,shallow_gradient_boosting,142,4,51202892,2712
"[""cluster__477b0804b0e235c3""]",cluster__477b0804b0e235c3,block_permutation,0.0,zero,1416,outer_01,shallow_gradient_boosting,142,5,51202893,2712
"[""cluster__477b0804b0e235c3""]",cluster__477b0804b0e235c3,block_permutation,0.0,zero,1416,outer_01,shallow_gradient_boosting,142,6,51202894,2712
"[""cluster__477b0804b0e235c3""]",cluster__477b0804b0e235c3,block_permutation,0.0,zero,1416,outer_01,shallow_gradient_boosting,142,7,51202895,2712
"[""cluster__477b0804b0e235c3""]",cluster__477b0804b0e235c3,block_permutation,0.0,zero,1416,outer_01,shallow_gradient_boosting,142,8,51202896,2712
"[""cluster__477b0804b0e235c3""]",cluster__477b0804b0e235c3,block_permutation,0.0,zero,1416,outer_01,shallow_gradient_boosting,142,9,51202897,2712
"[""cluster__4a28d5e18578418a""]",cluster__4a28d5e18578418a,block_permutation,0.0,zero,1416,outer_01,shallow_gradient_boosting,142,0,51202898,2712
"[""cluster__4a28d5e18578418a""]",cluster__4a28d5e18578418a,block_permutation,0.0,zero,1416,outer_01,shallow_gradient_boosting,142,1,51202899,2712
"[""cluster__4a28d5e18578418a""]",cluster__4a28d5e18578418a,block_permutation,0.0,zero,1416,outer_01,shallow_gradient_boosting,142,2,51202900,2712
"[""cluster__4a28d5e18578418a""]",cluster__4a28d5e18578418a,block_permutation,0.0,zero,1416,outer_01,shallow_gradient_boosting,142,3,51202901,2712
"[""cluster__4a28d5e18578418a""]",cluster__4a28d5e18578418a,block_permutation,0.0,zero,1416,outer_01,shallow_gradient_boosting,142,4,51202902,2712
"[""cluster__4a28d5e18578418a""]",cluster__4a28d5e18578418a,block_permutation,0.0,zero,1416,outer_01,shallow_gradient_boosting,142,5,51202903,2712
"[""cluster__4a28d5e18578418a""]",cluster__4a28d5e18578418a,block_permutation,0.0,zero,1416,outer_01,shallow_gradient_boosting,142,6,51202904,2712
"[""cluster__4a28d5e18578418a""]",cluster__4a28d5e18578418a,block_permutation,0.0,zero,1416,outer_01,shallow_gradient_boosting,142,7,51202905,2712
"[""cluster__4a28d5e18578418a""]",cluster__4a28d5e18578418a,block_permutation,0.0,zero,1416,outer_01,shallow_gradient_boosting,142,8,51202906,2712
"[""cluster__4a28d5e18578418a""]",cluster__4a28d5e18578418a,block_permutation,0.0,zero,1416,outer_01,shallow_gradient_boosting,142,9,51202907,2712
"[""cluster__4e66a854583b258d""]",cluster__4e66a854583b258d,block_permutation,-0.004737857214755614,negative,1416,outer_01,shallow_gradient_boosting,142,0,51202908,2712
"[""cluster__4e66a854583b258d""]",cluster__4e66a854583b258d,block_permutation,0.005758948909166728,positive,1416,outer_01,shallow_gradient_boosting,142,1,51202909,2712
"[""cluster__4e66a854583b258d""]",cluster__4e66a854583b258d,block_permutation,-0.0019285891154179335,negative,1416,outer_01,shallow_gradient_boosting,142,2,51202910,2712
"[""cluster__4e66a854583b258d""]",cluster__4e66a854583b258d,block_permutation,-0.004012959037138719,negative,1416,outer_01,shallow_gradient_boosting,142,3,51202911,2712
"[""cluster__4e66a854583b258d""]",cluster__4e66a854583b258d,block_permutation,-0.004087285784657668,negative,1416,outer_01,shallow_gradient_boosting,142,4,51202912,2712
"[""cluster__4e66a854583b258d""]",cluster__4e66a854583b258d,block_permutation,-0.003948842104595673,negative,1416,outer_01,shallow_gradient_boosting,142,5,51202913,2712
"[""cluster__4e66a854583b258d""]",cluster__4e66a854583b258d,block_permutation,0.0012104628748714763,positive,1416,outer_01,shallow_gradient_boosting,142,6,51202914,2712
"[""cluster__4e66a854583b258d""]",cluster__4e66a854583b258d,block_permutation,-0.007888898109566389,negative,1416,outer_01,shallow_gradient_boosting,142,7,51202915,2712
"[""cluster__4e66a854583b258d""]",cluster__4e66a854583b258d,block_permutation,-0.0027028592864632994,negative,1416,outer_01,shallow_gradient_boosting,142,8,51202916,2712
"[""cluster__4e66a854583b258d""]",cluster__4e66a854583b258d,block_permutation,-0.002530811779289044,negative,1416,outer_01,shallow_gradient_boosting,142,9,51202917,2712
"[""cluster__4f2f17103c6e4b0f""]",cluster__4f2f17103c6e4b0f,block_permutation,0.0,zero,1416,outer_01,shallow_gradient_boosting,142,0,51202918,2712
"[""cluster__4f2f17103c6e4b0f""]",cluster__4f2f17103c6e4b0f,block_permutation,0.0,zero,1416,outer_01,shallow_gradient_boosting,142,1,51202919,2712
"[""cluster__4f2f17103c6e4b0f""]",cluster__4f2f17103c6e4b0f,block_permutation,0.0,zero,1416,outer_01,shallow_gradient_boosting,142,2,51202920,2712
"[""cluster__4f2f17103c6e4b0f""]",cluster__4f2f17103c6e4b0f,block_permutation,0.0,zero,1416,outer_01,shallow_gradient_boosting,142,3,51202921,2712
"[""cluster__4f2f17103c6e4b0f""]",cluster__4f2f17103c6e4b0f,block_permutation,0.0,zero,1416,outer_01,shallow_gradient_boosting,142,4,51202922,2712
"[""cluster__4f2f17103c6e4b0f""]",cluster__4f2f17103c6e4b0f,block_permutation,0.0,zero,1416,outer_01,shallow_gradient_boosting,142,5,51202923,2712
"[""cluster__4f2f17103c6e4b0f""]",cluster__4f2f17103c6e4b0f,block_permutation,0.0,zero,1416,outer_01,shallow_gradient_boosting,142,6,51202924,2712
"[""cluster__4f2f17103c6e4b0f""]",cluster__4f2f17103c6e4b0f,block_permutation,0.0,zero,1416,outer_01,shallow_gradient_boosting,142,7,51202925,2712
"[""cluster__4f2f17103c6e4b0f""]",cluster__4f2f17103c6e4b0f,block_permutation,0.0,zero,1416,outer_01,shallow_gradient_boosting,142,8,51202926,2712
"[""cluster__4f2f17103c6e4b0f""]",cluster__4f2f17103c6e4b0f,block_permutation,0.0,zero,1416,outer_01,shallow_gradient_boosting,142,9,51202927,2712
"[""cluster__586a389aaf56ab73""]",cluster__586a389aaf56ab73,block_permutation,-0.00027172362822946994,negative,1416,outer_01,shallow_gradient_boosting,142,0,51202928,2712
"[""cluster__586a389aaf56ab73""]",cluster__586a389aaf56ab73,block_permutation,-0.0001295373087926155,negative,1416,outer_01,shallow_gradient_boosting,142,1,51202929,2712
"[""cluster__586a389aaf56ab73""]",cluster__586a389aaf56ab73,block_permutation,1.4480305110087244e-05,positive,1416,outer_01,shallow_gradient_boosting,142,2,51202930,2712
"[""cluster__586a389aaf56ab73""]",cluster__586a389aaf56ab73,block_permutation,-2.629477428839344e-05,negative,1416,outer_01,shallow_gradient_boosting,142,3,51202931,2712
"[""cluster__586a389aaf56ab73""]",cluster__586a389aaf56ab73,block_permutation,-0.00022173348798770753,negative,1416,outer_01,shallow_gradient_boosting,142,4,51202932,2712
"[""cluster__586a389aaf56ab73""]",cluster__586a389aaf56ab73,block_permutation,-8.885722321028133e-05,negative,1416,outer_01,shallow_gradient_boosting,142,5,51202933,2712
"[""cluster__586a389aaf56ab73""]",cluster__586a389aaf56ab73,block_permutation,-1.2151418802730518e-05,negative,1416,outer_01,shallow_gradient_boosting,142,6,51202934,2712
"[""cluster__586a389aaf56ab73""]",cluster__586a389aaf56ab73,block_permutation,0.00010954433181931122,positive,1416,outer_01,shallow_gradient_boosting,142,7,51202935,2712
"[""cluster__586a389aaf56ab73""]",cluster__586a389aaf56ab73,block_permutation,-0.0004025409590049378,negative,1416,outer_01,shallow_gradient_boosting,142,8,51202936,2712
"[""cluster__586a389aaf56ab73""]",cluster__586a389aaf56ab73,block_permutation,0.00015724197868594025,positive,1416,outer_01,shallow_gradient_boosting,142,9,51202937,2712
"[""cluster__5a65732a4a4ff188""]",cluster__5a65732a4a4ff188,block_permutation,0.00023383131023324566,positive,1416,outer_01,shallow_gradient_boosting,142,0,51202938,2712
"[""cluster__5a65732a4a4ff188""]",cluster__5a65732a4a4ff188,block_permutation,-0.02150551432395631,negative,1416,outer_01,shallow_gradient_boosting,142,1,51202939,2712
"[""cluster__5a65732a4a4ff188""]",cluster__5a65732a4a4ff188,block_permutation,-0.018338438291006343,negative,1416,outer_01,shallow_gradient_boosting,142,2,51202940,2712
"[""cluster__5a65732a4a4ff188""]",cluster__5a65732a4a4ff188,block_permutation,0.004529995374478624,positive,1416,outer_01,shallow_gradient_boosting,142,3,51202941,2712
"[""cluster__5a65732a4a4ff188""]",cluster__5a65732a4a4ff188,block_permutation,-0.014655736243629258,negative,1416,outer_01,shallow_gradient_boosting,142,4,51202942,2712
"[""cluster__5a65732a4a4ff188""]",cluster__5a65732a4a4ff188,block_permutation,-0.0014446631649209785,negative,1416,outer_01,shallow_gradient_boosting,142,5,51202943,2712
"[""cluster__5a65732a4a4ff188""]",cluster__5a65732a4a4ff188,block_permutation,-0.0016985529992077364,negative,1416,outer_01,shallow_gradient_boosting,142,6,51202944,2712
"[""cluster__5a65732a4a4ff188""]",cluster__5a65732a4a4ff188,block_permutation,-0.003776648528011961,negative,1416,outer_01,shallow_gradient_boosting,142,7,51202945,2712
"[""cluster__5a65732a4a4ff188""]",cluster__5a65732a4a4ff188,block_permutation,-0.006418816193414001,negative,1416,outer_01,shallow_gradient_boosting,142,8,51202946,2712
"[""cluster__5a65732a4a4ff188""]",cluster__5a65732a4a4ff188,block_permutation,-0.005055122507350074,negative,1416,outer_01,shallow_gradient_boosting,142,9,51202947,2712
"[""cluster__5c7bb033aa35772f""]",cluster__5c7bb033aa35772f,block_permutation,0.0,zero,1416,outer_01,shallow_gradient_boosting,142,0,51202948,2712
"[""cluster__5c7bb033aa35772f""]",cluster__5c7bb033aa35772f,block_permutation,0.0,zero,1416,outer_01,shallow_gradient_boosting,142,1,51202949,2712
"[""cluster__5c7bb033aa35772f""]",cluster__5c7bb033aa35772f,block_permutation,0.0,zero,1416,outer_01,shallow_gradient_boosting,142,2,51202950,2712
"[""cluster__5c7bb033aa35772f""]",cluster__5c7bb033aa35772f,block_permutation,0.0,zero,1416,outer_01,shallow_gradient_boosting,142,3,51202951,2712
"[""cluster__5c7bb033aa35772f""]",cluster__5c7bb033aa35772f,block_permutation,0.0,zero,1416,outer_01,shallow_gradient_boosting,142,4,51202952,2712
"[""cluster__5c7bb033aa35772f""]",cluster__5c7bb033aa35772f,block_permutation,0.0,zero,1416,outer_01,shallow_gradient_boosting,142,5,51202953,2712
"[""cluster__5c7bb033aa35772f""]",cluster__5c7bb033aa35772f,block_permutation,0.0,zero,1416,outer_01,shallow_gradient_boosting,142,6,51202954,2712
"[""cluster__5c7bb033aa35772f""]",cluster__5c7bb033aa35772f,block_permutation,0.0,zero,1416,outer_01,shallow_gradient_boosting,142,7,51202955,2712
"[""cluster__5c7bb033aa35772f""]",cluster__5c7bb033aa35772f,block_permutation,0.0,zero,1416,outer_01,shallow_gradient_boosting,142,8,51202956,2712
"[""cluster__5c7bb033aa35772f""]",cluster__5c7bb033aa35772f,block_permutation,0.0,zero,1416,outer_01,shallow_gradient_boosting,142,9,51202957,2712
"[""cluster__638294e28a507a16""]",cluster__638294e28a507a16,block_permutation,0.0011375532120019294,positive,1416,outer_01,shallow_gradient_boosting,142,0,51202958,2712
"[""cluster__638294e28a507a16""]",cluster__638294e28a507a16,block_permutation,0.00015376919760345942,positive,1416,outer_01,shallow_gradient_boosting,142,1,51202959,2712
"[""cluster__638294e28a507a16""]",cluster__638294e28a507a16,block_permutation,0.0007726528272593569,positive,1416,outer_01,shallow_gradient_boosting,142,2,51202960,2712
"[""cluster__638294e28a507a16""]",cluster__638294e28a507a16,block_permutation,0.0002524070284233293,positive,1416,outer_01,shallow_gradient_boosting,142,3,51202961,2712
"[""cluster__638294e28a507a16""]",cluster__638294e28a507a16,block_permutation,-0.0006385344359656209,negative,1416,outer_01,shallow_gradient_boosting,142,4,51202962,2712
"[""cluster__638294e28a507a16""]",cluster__638294e28a507a16,block_permutation,0.0007774006721896765,positive,1416,outer_01,shallow_gradient_boosting,142,5,51202963,2712
"[""cluster__638294e28a507a16""]",cluster__638294e28a507a16,block_permutation,6.376575689936992e-05,positive,1416,outer_01,shallow_gradient_boosting,142,6,51202964,2712
"[""cluster__638294e28a507a16""]",cluster__638294e28a507a16,block_permutation,0.0006539726540761848,positive,1416,outer_01,shallow_gradient_boosting,142,7,51202965,2712
"[""cluster__638294e28a507a16""]",cluster__638294e28a507a16,block_permutation,-3.279576714243504e-05,negative,1416,outer_01,shallow_gradient_boosting,142,8,51202966,2712
"[""cluster__638294e28a507a16""]",cluster__638294e28a507a16,block_permutation,0.0007330150224620358,positive,1416,outer_01,shallow_gradient_boosting,142,9,51202967,2712
"[""cluster__6567e1495fb81e67""]",cluster__6567e1495fb81e67,block_permutation,-3.3161737699405336e-05,negative,1416,outer_01,shallow_gradient_boosting,142,0,51202968,2712
"[""cluster__6567e1495fb81e67""]",cluster__6567e1495fb81e67,block_permutation,0.00030379516720868693,positive,1416,outer_01,shallow_gradient_boosting,142,1,51202969,2712
"[""cluster__6567e1495fb81e67""]",cluster__6567e1495fb81e67,block_permutation,-0.0002474370521046154,negative,1416,outer_01,shallow_gradient_boosting,142,2,51202970,2712
"[""cluster__6567e1495fb81e67""]",cluster__6567e1495fb81e67,block_permutation,-5.852083393009799e-05,negative,1416,outer_01,shallow_gradient_boosting,142,3,51202971,2712
"[""cluster__6567e1495fb81e67""]",cluster__6567e1495fb81e67,block_permutation,-0.00021796038954668973,negative,1416,outer_01,shallow_gradient_boosting,142,4,51202972,2712
"[""cluster__6567e1495fb81e67""]",cluster__6567e1495fb81e67,block_permutation,-0.000215386570588727,negative,1416,outer_01,shallow_gradient_boosting,142,5,51202973,2712
"[""cluster__6567e1495fb81e67""]",cluster__6567e1495fb81e67,block_permutation,-1.289523563841044e-05,negative,1416,outer_01,shallow_gradient_boosting,142,6,51202974,2712
"[""cluster__6567e1495fb81e67""]",cluster__6567e1495fb81e67,block_permutation,-9.960846068191032e-06,negative,1416,outer_01,shallow_gradient_boosting,142,7,51202975,2712
"[""cluster__6567e1495fb81e67""]",cluster__6567e1495fb81e67,block_permutation,-0.00028037932284896705,negative,1416,outer_01,shallow_gradient_boosting,142,8,51202976,2712
"[""cluster__6567e1495fb81e67""]",cluster__6567e1495fb81e67,block_permutation,-0.0005512703223562454,negative,1416,outer_01,shallow_gradient_boosting,142,9,51202977,2712
"[""cluster__66ae01ac794f63eb""]",cluster__66ae01ac794f63eb,block_permutation,0.0,zero,1416,outer_01,shallow_gradient_boosting,142,0,51202978,2712
"[""cluster__66ae01ac794f63eb""]",cluster__66ae01ac794f63eb,block_permutation,0.0,zero,1416,outer_01,shallow_gradient_boosting,142,1,51202979,2712
"[""cluster__66ae01ac794f63eb""]",cluster__66ae01ac794f63eb,block_permutation,0.0,zero,1416,outer_01,shallow_gradient_boosting,142,2,51202980,2712
"[""cluster__66ae01ac794f63eb""]",cluster__66ae01ac794f63eb,block_permutation,0.0,zero,1416,outer_01,shallow_gradient_boosting,142,3,51202981,2712
"[""cluster__66ae01ac794f63eb""]",cluster__66ae01ac794f63eb,block_permutation,0.0,zero,1416,outer_01,shallow_gradient_boosting,142,4,51202982,2712
"[""cluster__66ae01ac794f63eb""]",cluster__66ae01ac794f63eb,block_permutation,0.0,zero,1416,outer_01,shallow_gradient_boosting,142,5,51202983,2712
"[""cluster__66ae01ac794f63eb""]",cluster__66ae01ac794f63eb,block_permutation,0.0,zero,1416,outer_01,shallow_gradient_boosting,142,6,51202984,2712
"[""cluster__66ae01ac794f63eb""]",cluster__66ae01ac794f63eb,block_permutation,0.0,zero,1416,outer_01,shallow_gradient_boosting,142,7,51202985,2712
"[""cluster__66ae01ac794f63eb""]",cluster__66ae01ac794f63eb,block_permutation,0.0,zero,1416,outer_01,shallow_gradient_boosting,142,8,51202986,2712
"[""cluster__66ae01ac794f63eb""]",cluster__66ae01ac794f63eb,block_permutation,0.0,zero,1416,outer_01,shallow_gradient_boosting,142,9,51202987,2712
"[""cluster__6712d3b7bf51390b""]",cluster__6712d3b7bf51390b,block_permutation,0.0,zero,1416,outer_01,shallow_gradient_boosting,142,0,51202988,2712
"[""cluster__6712d3b7bf51390b""]",cluster__6712d3b7bf51390b,block_permutation,0.0,zero,1416,outer_01,shallow_gradient_boosting,142,1,51202989,2712
"[""cluster__6712d3b7bf51390b""]",cluster__6712d3b7bf51390b,block_permutation,0.0,zero,1416,outer_01,shallow_gradient_boosting,142,2,51202990,2712
"[""cluster__6712d3b7bf51390b""]",cluster__6712d3b7bf51390b,block_permutation,0.0,zero,1416,outer_01,shallow_gradient_boosting,142,3,51202991,2712
"[""cluster__6712d3b7bf51390b""]",cluster__6712d3b7bf51390b,block_permutation,0.0,zero,1416,outer_01,shallow_gradient_boosting,142,4,51202992,2712
"[""cluster__6712d3b7bf51390b""]",cluster__6712d3b7bf51390b,block_permutation,0.0,zero,1416,outer_01,shallow_gradient_boosting,142,5,51202993,2712
"[""cluster__6712d3b7bf51390b""]",cluster__6712d3b7bf51390b,block_permutation,0.0,zero,1416,outer_01,shallow_gradient_boosting,142,6,51202994,2712
"[""cluster__6712d3b7bf51390b""]",cluster__6712d3b7bf51390b,block_permutation,0.0,zero,1416,outer_01,shallow_gradient_boosting,142,7,51202995,2712
"[""cluster__6712d3b7bf51390b""]",cluster__6712d3b7bf51390b,block_permutation,0.0,zero,1416,outer_01,shallow_gradient_boosting,142,8,51202996,2712
"[""cluster__6712d3b7bf51390b""]",cluster__6712d3b7bf51390b,block_permutation,0.0,zero,1416,outer_01,shallow_gradient_boosting,142,9,51202997,2712
"[""cluster__69905f0e3a72c606""]",cluster__69905f0e3a72c606,block_permutation,0.0,zero,1416,outer_01,shallow_gradient_boosting,142,0,51202998,2712
"[""cluster__69905f0e3a72c606""]",cluster__69905f0e3a72c606,block_permutation,0.0,zero,1416,outer_01,shallow_gradient_boosting,142,1,51202999,2712
"[""cluster__69905f0e3a72c606""]",cluster__69905f0e3a72c606,block_permutation,0.0,zero,1416,outer_01,shallow_gradient_boosting,142,2,51203000,2712
"[""cluster__69905f0e3a72c606""]",cluster__69905f0e3a72c606,block_permutation,0.0,zero,1416,outer_01,shallow_gradient_boosting,142,3,51203001,2712
"[""cluster__69905f0e3a72c606""]",cluster__69905f0e3a72c606,block_permutation,0.0,zero,1416,outer_01,shallow_gradient_boosting,142,4,51203002,2712
"[""cluster__69905f0e3a72c606""]",cluster__69905f0e3a72c606,block_permutation,0.0,zero,1416,outer_01,shallow_gradient_boosting,142,5,51203003,2712
"[""cluster__69905f0e3a72c606""]",cluster__69905f0e3a72c606,block_permutation,0.0,zero,1416,outer_01,shallow_gradient_boosting,142,6,51203004,2712
"[""cluster__69905f0e3a72c606""]",cluster__69905f0e3a72c606,block_permutation,0.0,zero,1416,outer_01,shallow_gradient_boosting,142,7,51203005,2712
"[""cluster__69905f0e3a72c606""]",cluster__69905f0e3a72c606,block_permutation,0.0,zero,1416,outer_01,shallow_gradient_boosting,142,8,51203006,2712
"[""cluster__69905f0e3a72c606""]",cluster__69905f0e3a72c606,block_permutation,0.0,zero,1416,outer_01,shallow_gradient_boosting,142,9,51203007,2712
"[""cluster__6a9c460c39dcad34""]",cluster__6a9c460c39dcad34,block_permutation,0.0,zero,1416,outer_01,shallow_gradient_boosting,142,0,51203008,2712
"[""cluster__6a9c460c39dcad34""]",cluster__6a9c460c39dcad34,block_permutation,0.0,zero,1416,outer_01,shallow_gradient_boosting,142,1,51203009,2712
"[""cluster__6a9c460c39dcad34""]",cluster__6a9c460c39dcad34,block_permutation,0.0,zero,1416,outer_01,shallow_gradient_boosting,142,2,51203010,2712
"[""cluster__6a9c460c39dcad34""]",cluster__6a9c460c39dcad34,block_permutation,0.0,zero,1416,outer_01,shallow_gradient_boosting,142,3,51203011,2712
"[""cluster__6a9c460c39dcad34""]",cluster__6a9c460c39dcad34,block_permutation,0.0,zero,1416,outer_01,shallow_gradient_boosting,142,4,51203012,2712
"[""cluster__6a9c460c39dcad34""]",cluster__6a9c460c39dcad34,block_permutation,0.0,zero,1416,outer_01,shallow_gradient_boosting,142,5,51203013,2712
"[""cluster__6a9c460c39dcad34""]",cluster__6a9c460c39dcad34,block_permutation,0.0,zero,1416,outer_01,shallow_gradient_boosting,142,6,51203014,2712
"[""cluster__6a9c460c39dcad34""]",cluster__6a9c460c39dcad34,block_permutation,0.0,zero,1416,outer_01,shallow_gradient_boosting,142,7,51203015,2712
"[""cluster__6a9c460c39dcad34""]",cluster__6a9c460c39dcad34,block_permutation,0.0,zero,1416,outer_01,shallow_gradient_boosting,142,8,51203016,2712
"[""cluster__6a9c460c39dcad34""]",cluster__6a9c460c39dcad34,block_permutation,0.0,zero,1416,outer_01,shallow_gradient_boosting,142,9,51203017,2712
"[""cluster__724520f09acc991f""]",cluster__724520f09acc991f,block_permutation,0.0,zero,1416,outer_01,shallow_gradient_boosting,142,0,51203018,2712
"[""cluster__724520f09acc991f""]",cluster__724520f09acc991f,block_permutation,0.0,zero,1416,outer_01,shallow_gradient_boosting,142,1,51203019,2712
"[""cluster__724520f09acc991f""]",cluster__724520f09acc991f,block_permutation,0.0,zero,1416,outer_01,shallow_gradient_boosting,142,2,51203020,2712
"[""cluster__724520f09acc991f""]",cluster__724520f09acc991f,block_permutation,0.0,zero,1416,outer_01,shallow_gradient_boosting,142,3,51203021,2712
"[""cluster__724520f09acc991f""]",cluster__724520f09acc991f,block_permutation,0.0,zero,1416,outer_01,shallow_gradient_boosting,142,4,51203022,2712
"[""cluster__724520f09acc991f""]",cluster__724520f09acc991f,block_permutation,0.0,zero,1416,outer_01,shallow_gradient_boosting,142,5,51203023,2712
"[""cluster__724520f09acc991f""]",cluster__724520f09acc991f,block_permutation,0.0,zero,1416,outer_01,shallow_gradient_boosting,142,6,51203024,2712
"[""cluster__724520f09acc991f""]",cluster__724520f09acc991f,block_permutation,0.0,zero,1416,outer_01,shallow_gradient_boosting,142,7,51203025,2712
"[""cluster__724520f09acc991f""]",cluster__724520f09acc991f,block_permutation,0.0,zero,1416,outer_01,shallow_gradient_boosting,142,8,51203026,2712
"[""cluster__724520f09acc991f""]",cluster__724520f09acc991f,block_permutation,0.0,zero,1416,outer_01,shallow_gradient_boosting,142,9,51203027,2712
"[""cluster__7533afca12d5c845""]",cluster__7533afca12d5c845,block_permutation,-0.0007703417483428954,negative,1416,outer_01,shallow_gradient_boosting,142,0,51203028,2712
"[""cluster__7533afca12d5c845""]",cluster__7533afca12d5c845,block_permutation,-0.0006664872078996353,negative,1416,outer_01,shallow_gradient_boosting,142,1,51203029,2712
"[""cluster__7533afca12d5c845""]",cluster__7533afca12d5c845,block_permutation,-0.00048604999539580973,negative,1416,outer_01,shallow_gradient_boosting,142,2,51203030,2712
"[""cluster__7533afca12d5c845""]",cluster__7533afca12d5c845,block_permutation,-0.0009593844866730983,negative,1416,outer_01,shallow_gradient_boosting,142,3,51203031,2712
"[""cluster__7533afca12d5c845""]",cluster__7533afca12d5c845,block_permutation,-0.0006254120850739397,negative,1416,outer_01,shallow_gradient_boosting,142,4,51203032,2712
"[""cluster__7533afca12d5c845""]",cluster__7533afca12d5c845,block_permutation,-0.00026465646332596293,negative,1416,outer_01,shallow_gradient_boosting,142,5,51203033,2712
"[""cluster__7533afca12d5c845""]",cluster__7533afca12d5c845,block_permutation,-0.0004537193612457191,negative,1416,outer_01,shallow_gradient_boosting,142,6,51203034,2712
"[""cluster__7533afca12d5c845""]",cluster__7533afca12d5c845,block_permutation,0.00024053092650055952,positive,1416,outer_01,shallow_gradient_boosting,142,7,51203035,2712
"[""cluster__7533afca12d5c845""]",cluster__7533afca12d5c845,block_permutation,-0.0007007920530486267,negative,1416,outer_01,shallow_gradient_boosting,142,8,51203036,2712
"[""cluster__7533afca12d5c845""]",cluster__7533afca12d5c845,block_permutation,-0.0009604356759973509,negative,1416,outer_01,shallow_gradient_boosting,142,9,51203037,2712
"[""cluster__75ae125737df1102""]",cluster__75ae125737df1102,block_permutation,0.0,zero,1416,outer_01,shallow_gradient_boosting,142,0,51203038,2712
"[""cluster__75ae125737df1102""]",cluster__75ae125737df1102,block_permutation,0.0,zero,1416,outer_01,shallow_gradient_boosting,142,1,51203039,2712
"[""cluster__75ae125737df1102""]",cluster__75ae125737df1102,block_permutation,0.0,zero,1416,outer_01,shallow_gradient_boosting,142,2,51203040,2712
"[""cluster__75ae125737df1102""]",cluster__75ae125737df1102,block_permutation,0.0,zero,1416,outer_01,shallow_gradient_boosting,142,3,51203041,2712
"[""cluster__75ae125737df1102""]",cluster__75ae125737df1102,block_permutation,0.0,zero,1416,outer_01,shallow_gradient_boosting,142,4,51203042,2712
"[""cluster__75ae125737df1102""]",cluster__75ae125737df1102,block_permutation,0.0,zero,1416,outer_01,shallow_gradient_boosting,142,5,51203043,2712
"[""cluster__75ae125737df1102""]",cluster__75ae125737df1102,block_permutation,0.0,zero,1416,outer_01,shallow_gradient_boosting,142,6,51203044,2712
"[""cluster__75ae125737df1102""]",cluster__75ae125737df1102,block_permutation,0.0,zero,1416,outer_01,shallow_gradient_boosting,142,7,51203045,2712
"[""cluster__75ae125737df1102""]",cluster__75ae125737df1102,block_permutation,0.0,zero,1416,outer_01,shallow_gradient_boosting,142,8,51203046,2712
"[""cluster__75ae125737df1102""]",cluster__75ae125737df1102,block_permutation,0.0,zero,1416,outer_01,shallow_gradient_boosting,142,9,51203047,2712
"[""cluster__773984b00b5c1f1c""]",cluster__773984b00b5c1f1c,block_permutation,0.0,zero,1416,outer_01,shallow_gradient_boosting,142,0,51203048,2712
"[""cluster__773984b00b5c1f1c""]",cluster__773984b00b5c1f1c,block_permutation,0.0,zero,1416,outer_01,shallow_gradient_boosting,142,1,51203049,2712
"[""cluster__773984b00b5c1f1c""]",cluster__773984b00b5c1f1c,block_permutation,0.0,zero,1416,outer_01,shallow_gradient_boosting,142,2,51203050,2712
"[""cluster__773984b00b5c1f1c""]",cluster__773984b00b5c1f1c,block_permutation,0.0,zero,1416,outer_01,shallow_gradient_boosting,142,3,51203051,2712
"[""cluster__773984b00b5c1f1c""]",cluster__773984b00b5c1f1c,block_permutation,0.0,zero,1416,outer_01,shallow_gradient_boosting,142,4,51203052,2712
"[""cluster__773984b00b5c1f1c""]",cluster__773984b00b5c1f1c,block_permutation,0.0,zero,1416,outer_01,shallow_gradient_boosting,142,5,51203053,2712
"[""cluster__773984b00b5c1f1c""]",cluster__773984b00b5c1f1c,block_permutation,0.0,zero,1416,outer_01,shallow_gradient_boosting,142,6,51203054,2712
"[""cluster__773984b00b5c1f1c""]",cluster__773984b00b5c1f1c,block_permutation,0.0,zero,1416,outer_01,shallow_gradient_boosting,142,7,51203055,2712
"[""cluster__773984b00b5c1f1c""]",cluster__773984b00b5c1f1c,block_permutation,0.0,zero,1416,outer_01,shallow_gradient_boosting,142,8,51203056,2712
"[""cluster__773984b00b5c1f1c""]",cluster__773984b00b5c1f1c,block_permutation,0.0,zero,1416,outer_01,shallow_gradient_boosting,142,9,51203057,2712
"[""cluster__7cc2e09b9a932b39""]",cluster__7cc2e09b9a932b39,block_permutation,0.00039517913345488154,positive,1416,outer_01,shallow_gradient_boosting,142,0,51203058,2712
"[""cluster__7cc2e09b9a932b39""]",cluster__7cc2e09b9a932b39,block_permutation,0.0003769589084254843,positive,1416,outer_01,shallow_gradient_boosting,142,1,51203059,2712
"[""cluster__7cc2e09b9a932b39""]",cluster__7cc2e09b9a932b39,block_permutation,0.0006677790111240256,positive,1416,outer_01,shallow_gradient_boosting,142,2,51203060,2712
"[""cluster__7cc2e09b9a932b39""]",cluster__7cc2e09b9a932b39,block_permutation,-6.493965874732055e-05,negative,1416,outer_01,shallow_gradient_boosting,142,3,51203061,2712
"[""cluster__7cc2e09b9a932b39""]",cluster__7cc2e09b9a932b39,block_permutation,0.0009040394618700098,positive,1416,outer_01,shallow_gradient_boosting,142,4,51203062,2712
"[""cluster__7cc2e09b9a932b39""]",cluster__7cc2e09b9a932b39,block_permutation,0.0007750496848009103,positive,1416,outer_01,shallow_gradient_boosting,142,5,51203063,2712
"[""cluster__7cc2e09b9a932b39""]",cluster__7cc2e09b9a932b39,block_permutation,0.00010998542805018552,positive,1416,outer_01,shallow_gradient_boosting,142,6,51203064,2712
"[""cluster__7cc2e09b9a932b39""]",cluster__7cc2e09b9a932b39,block_permutation,0.0009478762421051279,positive,1416,outer_01,shallow_gradient_boosting,142,7,51203065,2712
"[""cluster__7cc2e09b9a932b39""]",cluster__7cc2e09b9a932b39,block_permutation,0.0004862870545967457,positive,1416,outer_01,shallow_gradient_boosting,142,8,51203066,2712
"[""cluster__7cc2e09b9a932b39""]",cluster__7cc2e09b9a932b39,block_permutation,0.0009702161557854083,positive,1416,outer_01,shallow_gradient_boosting,142,9,51203067,2712
"[""cluster__84da565ba8281d2a""]",cluster__84da565ba8281d2a,block_permutation,0.0,zero,1416,outer_01,shallow_gradient_boosting,142,0,51203068,2712
"[""cluster__84da565ba8281d2a""]",cluster__84da565ba8281d2a,block_permutation,0.0,zero,1416,outer_01,shallow_gradient_boosting,142,1,51203069,2712
"[""cluster__84da565ba8281d2a""]",cluster__84da565ba8281d2a,block_permutation,0.0,zero,1416,outer_01,shallow_gradient_boosting,142,2,51203070,2712
"[""cluster__84da565ba8281d2a""]",cluster__84da565ba8281d2a,block_permutation,0.0,zero,1416,outer_01,shallow_gradient_boosting,142,3,51203071,2712
"[""cluster__84da565ba8281d2a""]",cluster__84da565ba8281d2a,block_permutation,0.0,zero,1416,outer_01,shallow_gradient_boosting,142,4,51203072,2712
"[""cluster__84da565ba8281d2a""]",cluster__84da565ba8281d2a,block_permutation,0.0,zero,1416,outer_01,shallow_gradient_boosting,142,5,51203073,2712
"[""cluster__84da565ba8281d2a""]",cluster__84da565ba8281d2a,block_permutation,0.0,zero,1416,outer_01,shallow_gradient_boosting,142,6,51203074,2712
"[""cluster__84da565ba8281d2a""]",cluster__84da565ba8281d2a,block_permutation,0.0,zero,1416,outer_01,shallow_gradient_boosting,142,7,51203075,2712
"[""cluster__84da565ba8281d2a""]",cluster__84da565ba8281d2a,block_permutation,0.0,zero,1416,outer_01,shallow_gradient_boosting,142,8,51203076,2712
"[""cluster__84da565ba8281d2a""]",cluster__84da565ba8281d2a,block_permutation,0.0,zero,1416,outer_01,shallow_gradient_boosting,142,9,51203077,2712
"[""cluster__87f626d156f0ac67""]",cluster__87f626d156f0ac67,block_permutation,-0.00714806122495415,negative,1416,outer_01,shallow_gradient_boosting,142,0,51203078,2712
"[""cluster__87f626d156f0ac67""]",cluster__87f626d156f0ac67,block_permutation,-0.015685274509287472,negative,1416,outer_01,shallow_gradient_boosting,142,1,51203079,2712
"[""cluster__87f626d156f0ac67""]",cluster__87f626d156f0ac67,block_permutation,0.0012001354362081162,positive,1416,outer_01,shallow_gradient_boosting,142,2,51203080,2712
"[""cluster__87f626d156f0ac67""]",cluster__87f626d156f0ac67,block_permutation,-0.006266170806690008,negative,1416,outer_01,shallow_gradient_boosting,142,3,51203081,2712
"[""cluster__87f626d156f0ac67""]",cluster__87f626d156f0ac67,block_permutation,-0.0002900804753711572,negative,1416,outer_01,shallow_gradient_boosting,142,4,51203082,2712
"[""cluster__87f626d156f0ac67""]",cluster__87f626d156f0ac67,block_permutation,-0.00987874417549306,negative,1416,outer_01,shallow_gradient_boosting,142,5,51203083,2712
"[""cluster__87f626d156f0ac67""]",cluster__87f626d156f0ac67,block_permutation,0.0001997350349771665,positive,1416,outer_01,shallow_gradient_boosting,142,6,51203084,2712
"[""cluster__87f626d156f0ac67""]",cluster__87f626d156f0ac67,block_permutation,-0.02398928127898292,negative,1416,outer_01,shallow_gradient_boosting,142,7,51203085,2712
"[""cluster__87f626d156f0ac67""]",cluster__87f626d156f0ac67,block_permutation,-0.007298592209968202,negative,1416,outer_01,shallow_gradient_boosting,142,8,51203086,2712
"[""cluster__87f626d156f0ac67""]",cluster__87f626d156f0ac67,block_permutation,-0.0011636109158135177,negative,1416,outer_01,shallow_gradient_boosting,142,9,51203087,2712
"[""cluster__8b57524bef0d2ebf""]",cluster__8b57524bef0d2ebf,block_permutation,0.010656627617346315,positive,1416,outer_01,shallow_gradient_boosting,142,0,51203088,2712
"[""cluster__8b57524bef0d2ebf""]",cluster__8b57524bef0d2ebf,block_permutation,0.013960935330930901,positive,1416,outer_01,shallow_gradient_boosting,142,1,51203089,2712
"[""cluster__8b57524bef0d2ebf""]",cluster__8b57524bef0d2ebf,block_permutation,0.005479861170785361,positive,1416,outer_01,shallow_gradient_boosting,142,2,51203090,2712
"[""cluster__8b57524bef0d2ebf""]",cluster__8b57524bef0d2ebf,block_permutation,0.014907085703270928,positive,1416,outer_01,shallow_gradient_boosting,142,3,51203091,2712
"[""cluster__8b57524bef0d2ebf""]",cluster__8b57524bef0d2ebf,block_permutation,0.0011152938167249271,positive,1416,outer_01,shallow_gradient_boosting,142,4,51203092,2712
"[""cluster__8b57524bef0d2ebf""]",cluster__8b57524bef0d2ebf,block_permutation,0.004498763866338296,positive,1416,outer_01,shallow_gradient_boosting,142,5,51203093,2712
"[""cluster__8b57524bef0d2ebf""]",cluster__8b57524bef0d2ebf,block_permutation,0.011300862844949355,positive,1416,outer_01,shallow_gradient_boosting,142,6,51203094,2712
"[""cluster__8b57524bef0d2ebf""]",cluster__8b57524bef0d2ebf,block_permutation,0.009144587077207111,positive,1416,outer_01,shallow_gradient_boosting,142,7,51203095,2712
"[""cluster__8b57524bef0d2ebf""]",cluster__8b57524bef0d2ebf,block_permutation,0.005012494899195197,positive,1416,outer_01,shallow_gradient_boosting,142,8,51203096,2712
"[""cluster__8b57524bef0d2ebf""]",cluster__8b57524bef0d2ebf,block_permutation,0.00022325386865751362,positive,1416,outer_01,shallow_gradient_boosting,142,9,51203097,2712
"[""cluster__8c29a8ea6225c377""]",cluster__8c29a8ea6225c377,block_permutation,0.0,zero,1416,outer_01,shallow_gradient_boosting,142,0,51203098,2712
"[""cluster__8c29a8ea6225c377""]",cluster__8c29a8ea6225c377,block_permutation,0.0,zero,1416,outer_01,shallow_gradient_boosting,142,1,51203099,2712
"[""cluster__8c29a8ea6225c377""]",cluster__8c29a8ea6225c377,block_permutation,0.0,zero,1416,outer_01,shallow_gradient_boosting,142,2,51203100,2712
"[""cluster__8c29a8ea6225c377""]",cluster__8c29a8ea6225c377,block_permutation,0.0,zero,1416,outer_01,shallow_gradient_boosting,142,3,51203101,2712
"[""cluster__8c29a8ea6225c377""]",cluster__8c29a8ea6225c377,block_permutation,0.0,zero,1416,outer_01,shallow_gradient_boosting,142,4,51203102,2712
"[""cluster__8c29a8ea6225c377""]",cluster__8c29a8ea6225c377,block_permutation,0.0,zero,1416,outer_01,shallow_gradient_boosting,142,5,51203103,2712
"[""cluster__8c29a8ea6225c377""]",cluster__8c29a8ea6225c377,block_permutation,0.0,zero,1416,outer_01,shallow_gradient_boosting,142,6,51203104,2712
"[""cluster__8c29a8ea6225c377""]",cluster__8c29a8ea6225c377,block_permutation,0.0,zero,1416,outer_01,shallow_gradient_boosting,142,7,51203105,2712
"[""cluster__8c29a8ea6225c377""]",cluster__8c29a8ea6225c377,block_permutation,0.0,zero,1416,outer_01,shallow_gradient_boosting,142,8,51203106,2712
"[""cluster__8c29a8ea6225c377""]",cluster__8c29a8ea6225c377,block_permutation,0.0,zero,1416,outer_01,shallow_gradient_boosting,142,9,51203107,2712
"[""cluster__959b637bd3bb66d4""]",cluster__959b637bd3bb66d4,block_permutation,0.0,zero,1416,outer_01,shallow_gradient_boosting,142,0,51203108,2712
"[""cluster__959b637bd3bb66d4""]",cluster__959b637bd3bb66d4,block_permutation,0.0,zero,1416,outer_01,shallow_gradient_boosting,142,1,51203109,2712
"[""cluster__959b637bd3bb66d4""]",cluster__959b637bd3bb66d4,block_permutation,0.0,zero,1416,outer_01,shallow_gradient_boosting,142,2,51203110,2712
"[""cluster__959b637bd3bb66d4""]",cluster__959b637bd3bb66d4,block_permutation,0.0,zero,1416,outer_01,shallow_gradient_boosting,142,3,51203111,2712
"[""cluster__959b637bd3bb66d4""]",cluster__959b637bd3bb66d4,block_permutation,0.0,zero,1416,outer_01,shallow_gradient_boosting,142,4,51203112,2712
"[""cluster__959b637bd3bb66d4""]",cluster__959b637bd3bb66d4,block_permutation,0.0,zero,1416,outer_01,shallow_gradient_boosting,142,5,51203113,2712
"[""cluster__959b637bd3bb66d4""]",cluster__959b637bd3bb66d4,block_permutation,0.0,zero,1416,outer_01,shallow_gradient_boosting,142,6,51203114,2712
"[""cluster__959b637bd3bb66d4""]",cluster__959b637bd3bb66d4,block_permutation,0.0,zero,1416,outer_01,shallow_gradient_boosting,142,7,51203115,2712
"[""cluster__959b637bd3bb66d4""]",cluster__959b637bd3bb66d4,block_permutation,0.0,zero,1416,outer_01,shallow_gradient_boosting,142,8,51203116,2712
"[""cluster__959b637bd3bb66d4""]",cluster__959b637bd3bb66d4,block_permutation,0.0,zero,1416,outer_01,shallow_gradient_boosting,142,9,51203117,2712
"[""cluster__962c08b556b1c862""]",cluster__962c08b556b1c862,block_permutation,0.0,zero,1416,outer_01,shallow_gradient_boosting,142,0,51203118,2712
"[""cluster__962c08b556b1c862""]",cluster__962c08b556b1c862,block_permutation,0.0,zero,1416,outer_01,shallow_gradient_boosting,142,1,51203119,2712
"[""cluster__962c08b556b1c862""]",cluster__962c08b556b1c862,block_permutation,0.0,zero,1416,outer_01,shallow_gradient_boosting,142,2,51203120,2712
"[""cluster__962c08b556b1c862""]",cluster__962c08b556b1c862,block_permutation,0.0,zero,1416,outer_01,shallow_gradient_boosting,142,3,51203121,2712
"[""cluster__962c08b556b1c862""]",cluster__962c08b556b1c862,block_permutation,0.0,zero,1416,outer_01,shallow_gradient_boosting,142,4,51203122,2712
"[""cluster__962c08b556b1c862""]",cluster__962c08b556b1c862,block_permutation,0.0,zero,1416,outer_01,shallow_gradient_boosting,142,5,51203123,2712
"[""cluster__962c08b556b1c862""]",cluster__962c08b556b1c862,block_permutation,0.0,zero,1416,outer_01,shallow_gradient_boosting,142,6,51203124,2712
"[""cluster__962c08b556b1c862""]",cluster__962c08b556b1c862,block_permutation,0.0,zero,1416,outer_01,shallow_gradient_boosting,142,7,51203125,2712
"[""cluster__962c08b556b1c862""]",cluster__962c08b556b1c862,block_permutation,0.0,zero,1416,outer_01,shallow_gradient_boosting,142,8,51203126,2712
"[""cluster__962c08b556b1c862""]",cluster__962c08b556b1c862,block_permutation,0.0,zero,1416,outer_01,shallow_gradient_boosting,142,9,51203127,2712
"[""cluster__9ca9e2709e5c747a""]",cluster__9ca9e2709e5c747a,block_permutation,0.0,zero,1416,outer_01,shallow_gradient_boosting,142,0,51203128,2712
"[""cluster__9ca9e2709e5c747a""]",cluster__9ca9e2709e5c747a,block_permutation,0.0,zero,1416,outer_01,shallow_gradient_boosting,142,1,51203129,2712
"[""cluster__9ca9e2709e5c747a""]",cluster__9ca9e2709e5c747a,block_permutation,0.0,zero,1416,outer_01,shallow_gradient_boosting,142,2,51203130,2712
"[""cluster__9ca9e2709e5c747a""]",cluster__9ca9e2709e5c747a,block_permutation,0.0,zero,1416,outer_01,shallow_gradient_boosting,142,3,51203131,2712
"[""cluster__9ca9e2709e5c747a""]",cluster__9ca9e2709e5c747a,block_permutation,0.0,zero,1416,outer_01,shallow_gradient_boosting,142,4,51203132,2712
"[""cluster__9ca9e2709e5c747a""]",cluster__9ca9e2709e5c747a,block_permutation,0.0,zero,1416,outer_01,shallow_gradient_boosting,142,5,51203133,2712
"[""cluster__9ca9e2709e5c747a""]",cluster__9ca9e2709e5c747a,block_permutation,0.0,zero,1416,outer_01,shallow_gradient_boosting,142,6,51203134,2712
"[""cluster__9ca9e2709e5c747a""]",cluster__9ca9e2709e5c747a,block_permutation,0.0,zero,1416,outer_01,shallow_gradient_boosting,142,7,51203135,2712
"[""cluster__9ca9e2709e5c747a""]",cluster__9ca9e2709e5c747a,block_permutation,0.0,zero,1416,outer_01,shallow_gradient_boosting,142,8,51203136,2712
"[""cluster__9ca9e2709e5c747a""]",cluster__9ca9e2709e5c747a,block_permutation,0.0,zero,1416,outer_01,shallow_gradient_boosting,142,9,51203137,2712
"[""cluster__a1e835b95b16e9e9""]",cluster__a1e835b95b16e9e9,block_permutation,0.0,zero,1416,outer_01,shallow_gradient_boosting,142,0,51203138,2712
"[""cluster__a1e835b95b16e9e9""]",cluster__a1e835b95b16e9e9,block_permutation,0.0,zero,1416,outer_01,shallow_gradient_boosting,142,1,51203139,2712
"[""cluster__a1e835b95b16e9e9""]",cluster__a1e835b95b16e9e9,block_permutation,0.0,zero,1416,outer_01,shallow_gradient_boosting,142,2,51203140,2712
"[""cluster__a1e835b95b16e9e9""]",cluster__a1e835b95b16e9e9,block_permutation,0.0,zero,1416,outer_01,shallow_gradient_boosting,142,3,51203141,2712
"[""cluster__a1e835b95b16e9e9""]",cluster__a1e835b95b16e9e9,block_permutation,0.0,zero,1416,outer_01,shallow_gradient_boosting,142,4,51203142,2712
"[""cluster__a1e835b95b16e9e9""]",cluster__a1e835b95b16e9e9,block_permutation,0.0,zero,1416,outer_01,shallow_gradient_boosting,142,5,51203143,2712
"[""cluster__a1e835b95b16e9e9""]",cluster__a1e835b95b16e9e9,block_permutation,0.0,zero,1416,outer_01,shallow_gradient_boosting,142,6,51203144,2712
"[""cluster__a1e835b95b16e9e9""]",cluster__a1e835b95b16e9e9,block_permutation,0.0,zero,1416,outer_01,shallow_gradient_boosting,142,7,51203145,2712
"[""cluster__a1e835b95b16e9e9""]",cluster__a1e835b95b16e9e9,block_permutation,0.0,zero,1416,outer_01,shallow_gradient_boosting,142,8,51203146,2712
"[""cluster__a1e835b95b16e9e9""]",cluster__a1e835b95b16e9e9,block_permutation,0.0,zero,1416,outer_01,shallow_gradient_boosting,142,9,51203147,2712
"[""cluster__a391bd497d5a01b9""]",cluster__a391bd497d5a01b9,block_permutation,-0.010726673316237001,negative,1416,outer_01,shallow_gradient_boosting,142,0,51203148,2712
"[""cluster__a391bd497d5a01b9""]",cluster__a391bd497d5a01b9,block_permutation,0.023557080981372547,positive,1416,outer_01,shallow_gradient_boosting,142,1,51203149,2712
"[""cluster__a391bd497d5a01b9""]",cluster__a391bd497d5a01b9,block_permutation,0.021119042397464316,positive,1416,outer_01,shallow_gradient_boosting,142,2,51203150,2712
"[""cluster__a391bd497d5a01b9""]",cluster__a391bd497d5a01b9,block_permutation,-0.0003656433519452218,negative,1416,outer_01,shallow_gradient_boosting,142,3,51203151,2712
"[""cluster__a391bd497d5a01b9""]",cluster__a391bd497d5a01b9,block_permutation,0.003286012574774677,positive,1416,outer_01,shallow_gradient_boosting,142,4,51203152,2712
"[""cluster__a391bd497d5a01b9""]",cluster__a391bd497d5a01b9,block_permutation,0.028423631015563444,positive,1416,outer_01,shallow_gradient_boosting,142,5,51203153,2712
"[""cluster__a391bd497d5a01b9""]",cluster__a391bd497d5a01b9,block_permutation,0.02595017972419633,positive,1416,outer_01,shallow_gradient_boosting,142,6,51203154,2712
"[""cluster__a391bd497d5a01b9""]",cluster__a391bd497d5a01b9,block_permutation,-0.00026510629636544714,negative,1416,outer_01,shallow_gradient_boosting,142,7,51203155,2712
"[""cluster__a391bd497d5a01b9""]",cluster__a391bd497d5a01b9,block_permutation,0.01674918714148843,positive,1416,outer_01,shallow_gradient_boosting,142,8,51203156,2712
"[""cluster__a391bd497d5a01b9""]",cluster__a391bd497d5a01b9,block_permutation,0.019362769443612482,positive,1416,outer_01,shallow_gradient_boosting,142,9,51203157,2712
"[""cluster__a59fb5db9f4fd3e0""]",cluster__a59fb5db9f4fd3e0,block_permutation,0.01941691294655845,positive,1416,outer_01,shallow_gradient_boosting,142,0,51203158,2712
"[""cluster__a59fb5db9f4fd3e0""]",cluster__a59fb5db9f4fd3e0,block_permutation,0.06308749415711534,positive,1416,outer_01,shallow_gradient_boosting,142,1,51203159,2712
"[""cluster__a59fb5db9f4fd3e0""]",cluster__a59fb5db9f4fd3e0,block_permutation,0.034645298050918205,positive,1416,outer_01,shallow_gradient_boosting,142,2,51203160,2712
"[""cluster__a59fb5db9f4fd3e0""]",cluster__a59fb5db9f4fd3e0,block_permutation,0.07003992037753437,positive,1416,outer_01,shallow_gradient_boosting,142,3,51203161,2712
"[""cluster__a59fb5db9f4fd3e0""]",cluster__a59fb5db9f4fd3e0,block_permutation,0.06739275414214174,positive,1416,outer_01,shallow_gradient_boosting,142,4,51203162,2712
"[""cluster__a59fb5db9f4fd3e0""]",cluster__a59fb5db9f4fd3e0,block_permutation,0.074497254609877,positive,1416,outer_01,shallow_gradient_boosting,142,5,51203163,2712
"[""cluster__a59fb5db9f4fd3e0""]",cluster__a59fb5db9f4fd3e0,block_permutation,0.05016444437909806,positive,1416,outer_01,shallow_gradient_boosting,142,6,51203164,2712
"[""cluster__a59fb5db9f4fd3e0""]",cluster__a59fb5db9f4fd3e0,block_permutation,0.07553512402783746,positive,1416,outer_01,shallow_gradient_boosting,142,7,51203165,2712
"[""cluster__a59fb5db9f4fd3e0""]",cluster__a59fb5db9f4fd3e0,block_permutation,0.0031107519969391095,positive,1416,outer_01,shallow_gradient_boosting,142,8,51203166,2712
"[""cluster__a59fb5db9f4fd3e0""]",cluster__a59fb5db9f4fd3e0,block_permutation,0.09933209334937088,positive,1416,outer_01,shallow_gradient_boosting,142,9,51203167,2712
"[""cluster__a7171c841cb9fb67""]",cluster__a7171c841cb9fb67,block_permutation,0.0,zero,1416,outer_01,shallow_gradient_boosting,142,0,51203168,2712
"[""cluster__a7171c841cb9fb67""]",cluster__a7171c841cb9fb67,block_permutation,0.0,zero,1416,outer_01,shallow_gradient_boosting,142,1,51203169,2712
"[""cluster__a7171c841cb9fb67""]",cluster__a7171c841cb9fb67,block_permutation,0.0,zero,1416,outer_01,shallow_gradient_boosting,142,2,51203170,2712
"[""cluster__a7171c841cb9fb67""]",cluster__a7171c841cb9fb67,block_permutation,0.0,zero,1416,outer_01,shallow_gradient_boosting,142,3,51203171,2712
"[""cluster__a7171c841cb9fb67""]",cluster__a7171c841cb9fb67,block_permutation,0.0,zero,1416,outer_01,shallow_gradient_boosting,142,4,51203172,2712
"[""cluster__a7171c841cb9fb67""]",cluster__a7171c841cb9fb67,block_permutation,0.0,zero,1416,outer_01,shallow_gradient_boosting,142,5,51203173,2712
"[""cluster__a7171c841cb9fb67""]",cluster__a7171c841cb9fb67,block_permutation,0.0,zero,1416,outer_01,shallow_gradient_boosting,142,6,51203174,2712
"[""cluster__a7171c841cb9fb67""]",cluster__a7171c841cb9fb67,block_permutation,0.0,zero,1416,outer_01,shallow_gradient_boosting,142,7,51203175,2712
"[""cluster__a7171c841cb9fb67""]",cluster__a7171c841cb9fb67,block_permutation,0.0,zero,1416,outer_01,shallow_gradient_boosting,142,8,51203176,2712
"[""cluster__a7171c841cb9fb67""]",cluster__a7171c841cb9fb67,block_permutation,0.0,zero,1416,outer_01,shallow_gradient_boosting,142,9,51203177,2712
"[""cluster__a867b4c1b44d375e""]",cluster__a867b4c1b44d375e,block_permutation,-0.018206795062692738,negative,1416,outer_01,shallow_gradient_boosting,142,0,51203178,2712
"[""cluster__a867b4c1b44d375e""]",cluster__a867b4c1b44d375e,block_permutation,-0.01640074799965885,negative,1416,outer_01,shallow_gradient_boosting,142,1,51203179,2712
"[""cluster__a867b4c1b44d375e""]",cluster__a867b4c1b44d375e,block_permutation,-0.017523472183718747,negative,1416,outer_01,shallow_gradient_boosting,142,2,51203180,2712
"[""cluster__a867b4c1b44d375e""]",cluster__a867b4c1b44d375e,block_permutation,-0.019894871702111572,negative,1416,outer_01,shallow_gradient_boosting,142,3,51203181,2712
"[""cluster__a867b4c1b44d375e""]",cluster__a867b4c1b44d375e,block_permutation,0.00169250495237816,positive,1416,outer_01,shallow_gradient_boosting,142,4,51203182,2712
"[""cluster__a867b4c1b44d375e""]",cluster__a867b4c1b44d375e,block_permutation,0.008682975238910151,positive,1416,outer_01,shallow_gradient_boosting,142,5,51203183,2712
"[""cluster__a867b4c1b44d375e""]",cluster__a867b4c1b44d375e,block_permutation,-0.018650514470550106,negative,1416,outer_01,shallow_gradient_boosting,142,6,51203184,2712
"[""cluster__a867b4c1b44d375e""]",cluster__a867b4c1b44d375e,block_permutation,-0.007720458514592243,negative,1416,outer_01,shallow_gradient_boosting,142,7,51203185,2712
"[""cluster__a867b4c1b44d375e""]",cluster__a867b4c1b44d375e,block_permutation,-0.017959273562897504,negative,1416,outer_01,shallow_gradient_boosting,142,8,51203186,2712
"[""cluster__a867b4c1b44d375e""]",cluster__a867b4c1b44d375e,block_permutation,-0.0068313327029077,negative,1416,outer_01,shallow_gradient_boosting,142,9,51203187,2712
"[""cluster__ad0a96a048bbc7d8""]",cluster__ad0a96a048bbc7d8,block_permutation,-0.002406388325801423,negative,1416,outer_01,shallow_gradient_boosting,142,0,51203188,2712
"[""cluster__ad0a96a048bbc7d8""]",cluster__ad0a96a048bbc7d8,block_permutation,-0.002489188283919086,negative,1416,outer_01,shallow_gradient_boosting,142,1,51203189,2712
"[""cluster__ad0a96a048bbc7d8""]",cluster__ad0a96a048bbc7d8,block_permutation,-0.000532246852571916,negative,1416,outer_01,shallow_gradient_boosting,142,2,51203190,2712
"[""cluster__ad0a96a048bbc7d8""]",cluster__ad0a96a048bbc7d8,block_permutation,0.0012491600213222487,positive,1416,outer_01,shallow_gradient_boosting,142,3,51203191,2712
"[""cluster__ad0a96a048bbc7d8""]",cluster__ad0a96a048bbc7d8,block_permutation,-0.0030951014366404905,negative,1416,outer_01,shallow_gradient_boosting,142,4,51203192,2712
"[""cluster__ad0a96a048bbc7d8""]",cluster__ad0a96a048bbc7d8,block_permutation,-0.002860889380778664,negative,1416,outer_01,shallow_gradient_boosting,142,5,51203193,2712
"[""cluster__ad0a96a048bbc7d8""]",cluster__ad0a96a048bbc7d8,block_permutation,-0.0010839177864865324,negative,1416,outer_01,shallow_gradient_boosting,142,6,51203194,2712
"[""cluster__ad0a96a048bbc7d8""]",cluster__ad0a96a048bbc7d8,block_permutation,-0.0007824636226518855,negative,1416,outer_01,shallow_gradient_boosting,142,7,51203195,2712
"[""cluster__ad0a96a048bbc7d8""]",cluster__ad0a96a048bbc7d8,block_permutation,-0.00016728992288639333,negative,1416,outer_01,shallow_gradient_boosting,142,8,51203196,2712
"[""cluster__ad0a96a048bbc7d8""]",cluster__ad0a96a048bbc7d8,block_permutation,0.0010500470165890619,positive,1416,outer_01,shallow_gradient_boosting,142,9,51203197,2712
"[""cluster__afbf9ac7f0d6750b""]",cluster__afbf9ac7f0d6750b,block_permutation,-0.0004957458154746242,negative,1416,outer_01,shallow_gradient_boosting,142,0,51203198,2712
"[""cluster__afbf9ac7f0d6750b""]",cluster__afbf9ac7f0d6750b,block_permutation,-0.000610871263732049,negative,1416,outer_01,shallow_gradient_boosting,142,1,51203199,2712
"[""cluster__afbf9ac7f0d6750b""]",cluster__afbf9ac7f0d6750b,block_permutation,-0.0008572830130482156,negative,1416,outer_01,shallow_gradient_boosting,142,2,51203200,2712
"[""cluster__afbf9ac7f0d6750b""]",cluster__afbf9ac7f0d6750b,block_permutation,-2.305733316787517e-05,negative,1416,outer_01,shallow_gradient_boosting,142,3,51203201,2712
"[""cluster__afbf9ac7f0d6750b""]",cluster__afbf9ac7f0d6750b,block_permutation,-0.001403498763990596,negative,1416,outer_01,shallow_gradient_boosting,142,4,51203202,2712
"[""cluster__afbf9ac7f0d6750b""]",cluster__afbf9ac7f0d6750b,block_permutation,-0.0008767355613574779,negative,1416,outer_01,shallow_gradient_boosting,142,5,51203203,2712
"[""cluster__afbf9ac7f0d6750b""]",cluster__afbf9ac7f0d6750b,block_permutation,-0.0007109382433569955,negative,1416,outer_01,shallow_gradient_boosting,142,6,51203204,2712
"[""cluster__afbf9ac7f0d6750b""]",cluster__afbf9ac7f0d6750b,block_permutation,-0.0006193347185823317,negative,1416,outer_01,shallow_gradient_boosting,142,7,51203205,2712
"[""cluster__afbf9ac7f0d6750b""]",cluster__afbf9ac7f0d6750b,block_permutation,-2.741406803119517e-06,negative,1416,outer_01,shallow_gradient_boosting,142,8,51203206,2712
"[""cluster__afbf9ac7f0d6750b""]",cluster__afbf9ac7f0d6750b,block_permutation,1.2080843282191722e-05,positive,1416,outer_01,shallow_gradient_boosting,142,9,51203207,2712
"[""cluster__b14504afa42d221d""]",cluster__b14504afa42d221d,block_permutation,0.0,zero,1416,outer_01,shallow_gradient_boosting,142,0,51203208,2712
"[""cluster__b14504afa42d221d""]",cluster__b14504afa42d221d,block_permutation,0.0,zero,1416,outer_01,shallow_gradient_boosting,142,1,51203209,2712
"[""cluster__b14504afa42d221d""]",cluster__b14504afa42d221d,block_permutation,0.0,zero,1416,outer_01,shallow_gradient_boosting,142,2,51203210,2712
"[""cluster__b14504afa42d221d""]",cluster__b14504afa42d221d,block_permutation,0.0,zero,1416,outer_01,shallow_gradient_boosting,142,3,51203211,2712
"[""cluster__b14504afa42d221d""]",cluster__b14504afa42d221d,block_permutation,0.0,zero,1416,outer_01,shallow_gradient_boosting,142,4,51203212,2712
"[""cluster__b14504afa42d221d""]",cluster__b14504afa42d221d,block_permutation,0.0,zero,1416,outer_01,shallow_gradient_boosting,142,5,51203213,2712
"[""cluster__b14504afa42d221d""]",cluster__b14504afa42d221d,block_permutation,0.0,zero,1416,outer_01,shallow_gradient_boosting,142,6,51203214,2712
"[""cluster__b14504afa42d221d""]",cluster__b14504afa42d221d,block_permutation,0.0,zero,1416,outer_01,shallow_gradient_boosting,142,7,51203215,2712
"[""cluster__b14504afa42d221d""]",cluster__b14504afa42d221d,block_permutation,0.0,zero,1416,outer_01,shallow_gradient_boosting,142,8,51203216,2712
"[""cluster__b14504afa42d221d""]",cluster__b14504afa42d221d,block_permutation,0.0,zero,1416,outer_01,shallow_gradient_boosting,142,9,51203217,2712
"[""cluster__b3049e2f6d60b737""]",cluster__b3049e2f6d60b737,block_permutation,0.009384347184361541,positive,1416,outer_01,shallow_gradient_boosting,142,0,51203218,2712
"[""cluster__b3049e2f6d60b737""]",cluster__b3049e2f6d60b737,block_permutation,0.0035775087754110757,positive,1416,outer_01,shallow_gradient_boosting,142,1,51203219,2712
"[""cluster__b3049e2f6d60b737""]",cluster__b3049e2f6d60b737,block_permutation,0.001438037485650412,positive,1416,outer_01,shallow_gradient_boosting,142,2,51203220,2712
"[""cluster__b3049e2f6d60b737""]",cluster__b3049e2f6d60b737,block_permutation,0.0032892212835498036,positive,1416,outer_01,shallow_gradient_boosting,142,3,51203221,2712
"[""cluster__b3049e2f6d60b737""]",cluster__b3049e2f6d60b737,block_permutation,0.006349565338645169,positive,1416,outer_01,shallow_gradient_boosting,142,4,51203222,2712
"[""cluster__b3049e2f6d60b737""]",cluster__b3049e2f6d60b737,block_permutation,0.0019085697716754169,positive,1416,outer_01,shallow_gradient_boosting,142,5,51203223,2712
"[""cluster__b3049e2f6d60b737""]",cluster__b3049e2f6d60b737,block_permutation,-0.0013172932321530162,negative,1416,outer_01,shallow_gradient_boosting,142,6,51203224,2712
"[""cluster__b3049e2f6d60b737""]",cluster__b3049e2f6d60b737,block_permutation,0.010626854710273026,positive,1416,outer_01,shallow_gradient_boosting,142,7,51203225,2712
"[""cluster__b3049e2f6d60b737""]",cluster__b3049e2f6d60b737,block_permutation,0.005045982703248297,positive,1416,outer_01,shallow_gradient_boosting,142,8,51203226,2712
"[""cluster__b3049e2f6d60b737""]",cluster__b3049e2f6d60b737,block_permutation,0.005048695740957454,positive,1416,outer_01,shallow_gradient_boosting,142,9,51203227,2712
"[""cluster__b31ca2d0bf76f633""]",cluster__b31ca2d0bf76f633,block_permutation,0.0,zero,1416,outer_01,shallow_gradient_boosting,142,0,51203228,2712
"[""cluster__b31ca2d0bf76f633""]",cluster__b31ca2d0bf76f633,block_permutation,0.0,zero,1416,outer_01,shallow_gradient_boosting,142,1,51203229,2712
"[""cluster__b31ca2d0bf76f633""]",cluster__b31ca2d0bf76f633,block_permutation,0.0,zero,1416,outer_01,shallow_gradient_boosting,142,2,51203230,2712
"[""cluster__b31ca2d0bf76f633""]",cluster__b31ca2d0bf76f633,block_permutation,0.0,zero,1416,outer_01,shallow_gradient_boosting,142,3,51203231,2712
"[""cluster__b31ca2d0bf76f633""]",cluster__b31ca2d0bf76f633,block_permutation,0.0,zero,1416,outer_01,shallow_gradient_boosting,142,4,51203232,2712
"[""cluster__b31ca2d0bf76f633""]",cluster__b31ca2d0bf76f633,block_permutation,0.0,zero,1416,outer_01,shallow_gradient_boosting,142,5,51203233,2712
"[""cluster__b31ca2d0bf76f633""]",cluster__b31ca2d0bf76f633,block_permutation,0.0,zero,1416,outer_01,shallow_gradient_boosting,142,6,51203234,2712
"[""cluster__b31ca2d0bf76f633""]",cluster__b31ca2d0bf76f633,block_permutation,0.0,zero,1416,outer_01,shallow_gradient_boosting,142,7,51203235,2712
"[""cluster__b31ca2d0bf76f633""]",cluster__b31ca2d0bf76f633,block_permutation,0.0,zero,1416,outer_01,shallow_gradient_boosting,142,8,51203236,2712
"[""cluster__b31ca2d0bf76f633""]",cluster__b31ca2d0bf76f633,block_permutation,0.0,zero,1416,outer_01,shallow_gradient_boosting,142,9,51203237,2712
"[""cluster__b3a7ffd8d4e710b8""]",cluster__b3a7ffd8d4e710b8,block_permutation,0.0,zero,1416,outer_01,shallow_gradient_boosting,142,0,51203238,2712
"[""cluster__b3a7ffd8d4e710b8""]",cluster__b3a7ffd8d4e710b8,block_permutation,0.0,zero,1416,outer_01,shallow_gradient_boosting,142,1,51203239,2712
"[""cluster__b3a7ffd8d4e710b8""]",cluster__b3a7ffd8d4e710b8,block_permutation,0.0,zero,1416,outer_01,shallow_gradient_boosting,142,2,51203240,2712
"[""cluster__b3a7ffd8d4e710b8""]",cluster__b3a7ffd8d4e710b8,block_permutation,0.0,zero,1416,outer_01,shallow_gradient_boosting,142,3,51203241,2712
"[""cluster__b3a7ffd8d4e710b8""]",cluster__b3a7ffd8d4e710b8,block_permutation,0.0,zero,1416,outer_01,shallow_gradient_boosting,142,4,51203242,2712
"[""cluster__b3a7ffd8d4e710b8""]",cluster__b3a7ffd8d4e710b8,block_permutation,0.0,zero,1416,outer_01,shallow_gradient_boosting,142,5,51203243,2712
"[""cluster__b3a7ffd8d4e710b8""]",cluster__b3a7ffd8d4e710b8,block_permutation,0.0,zero,1416,outer_01,shallow_gradient_boosting,142,6,51203244,2712
"[""cluster__b3a7ffd8d4e710b8""]",cluster__b3a7ffd8d4e710b8,block_permutation,0.0,zero,1416,outer_01,shallow_gradient_boosting,142,7,51203245,2712
"[""cluster__b3a7ffd8d4e710b8""]",cluster__b3a7ffd8d4e710b8,block_permutation,0.0,zero,1416,outer_01,shallow_gradient_boosting,142,8,51203246,2712
"[""cluster__b3a7ffd8d4e710b8""]",cluster__b3a7ffd8d4e710b8,block_permutation,0.0,zero,1416,outer_01,shallow_gradient_boosting,142,9,51203247,2712
"[""cluster__b7ff184a7303a6f4""]",cluster__b7ff184a7303a6f4,block_permutation,0.0,zero,1416,outer_01,shallow_gradient_boosting,142,0,51203248,2712
"[""cluster__b7ff184a7303a6f4""]",cluster__b7ff184a7303a6f4,block_permutation,0.0,zero,1416,outer_01,shallow_gradient_boosting,142,1,51203249,2712
"[""cluster__b7ff184a7303a6f4""]",cluster__b7ff184a7303a6f4,block_permutation,0.0,zero,1416,outer_01,shallow_gradient_boosting,142,2,51203250,2712
"[""cluster__b7ff184a7303a6f4""]",cluster__b7ff184a7303a6f4,block_permutation,0.0,zero,1416,outer_01,shallow_gradient_boosting,142,3,51203251,2712
"[""cluster__b7ff184a7303a6f4""]",cluster__b7ff184a7303a6f4,block_permutation,0.0,zero,1416,outer_01,shallow_gradient_boosting,142,4,51203252,2712
"[""cluster__b7ff184a7303a6f4""]",cluster__b7ff184a7303a6f4,block_permutation,0.0,zero,1416,outer_01,shallow_gradient_boosting,142,5,51203253,2712
"[""cluster__b7ff184a7303a6f4""]",cluster__b7ff184a7303a6f4,block_permutation,0.0,zero,1416,outer_01,shallow_gradient_boosting,142,6,51203254,2712
"[""cluster__b7ff184a7303a6f4""]",cluster__b7ff184a7303a6f4,block_permutation,0.0,zero,1416,outer_01,shallow_gradient_boosting,142,7,51203255,2712
"[""cluster__b7ff184a7303a6f4""]",cluster__b7ff184a7303a6f4,block_permutation,0.0,zero,1416,outer_01,shallow_gradient_boosting,142,8,51203256,2712
"[""cluster__b7ff184a7303a6f4""]",cluster__b7ff184a7303a6f4,block_permutation,0.0,zero,1416,outer_01,shallow_gradient_boosting,142,9,51203257,2712
"[""cluster__b89a1d7f25394d90""]",cluster__b89a1d7f25394d90,block_permutation,-0.006149309238836498,negative,1416,outer_01,shallow_gradient_boosting,142,0,51203258,2712
"[""cluster__b89a1d7f25394d90""]",cluster__b89a1d7f25394d90,block_permutation,-0.002773841105768282,negative,1416,outer_01,shallow_gradient_boosting,142,1,51203259,2712
"[""cluster__b89a1d7f25394d90""]",cluster__b89a1d7f25394d90,block_permutation,-0.0037234420224190323,negative,1416,outer_01,shallow_gradient_boosting,142,2,51203260,2712
"[""cluster__b89a1d7f25394d90""]",cluster__b89a1d7f25394d90,block_permutation,-0.00493851788540467,negative,1416,outer_01,shallow_gradient_boosting,142,3,51203261,2712
"[""cluster__b89a1d7f25394d90""]",cluster__b89a1d7f25394d90,block_permutation,-0.008356138713006889,negative,1416,outer_01,shallow_gradient_boosting,142,4,51203262,2712
"[""cluster__b89a1d7f25394d90""]",cluster__b89a1d7f25394d90,block_permutation,-0.005997293316513996,negative,1416,outer_01,shallow_gradient_boosting,142,5,51203263,2712
"[""cluster__b89a1d7f25394d90""]",cluster__b89a1d7f25394d90,block_permutation,-0.0023351902575825534,negative,1416,outer_01,shallow_gradient_boosting,142,6,51203264,2712
"[""cluster__b89a1d7f25394d90""]",cluster__b89a1d7f25394d90,block_permutation,-0.00018384629303791478,negative,1416,outer_01,shallow_gradient_boosting,142,7,51203265,2712
"[""cluster__b89a1d7f25394d90""]",cluster__b89a1d7f25394d90,block_permutation,-0.0008751751792337448,negative,1416,outer_01,shallow_gradient_boosting,142,8,51203266,2712
"[""cluster__b89a1d7f25394d90""]",cluster__b89a1d7f25394d90,block_permutation,-0.002352108701827449,negative,1416,outer_01,shallow_gradient_boosting,142,9,51203267,2712
"[""cluster__b9449c25001f7b51""]",cluster__b9449c25001f7b51,block_permutation,0.010637340899747771,positive,1416,outer_01,shallow_gradient_boosting,142,0,51203268,2712
"[""cluster__b9449c25001f7b51""]",cluster__b9449c25001f7b51,block_permutation,0.006689664692677066,positive,1416,outer_01,shallow_gradient_boosting,142,1,51203269,2712
"[""cluster__b9449c25001f7b51""]",cluster__b9449c25001f7b51,block_permutation,0.005971534010602131,positive,1416,outer_01,shallow_gradient_boosting,142,2,51203270,2712
"[""cluster__b9449c25001f7b51""]",cluster__b9449c25001f7b51,block_permutation,0.004043959726540258,positive,1416,outer_01,shallow_gradient_boosting,142,3,51203271,2712
"[""cluster__b9449c25001f7b51""]",cluster__b9449c25001f7b51,block_permutation,0.00556179702429338,positive,1416,outer_01,shallow_gradient_boosting,142,4,51203272,2712
"[""cluster__b9449c25001f7b51""]",cluster__b9449c25001f7b51,block_permutation,0.00874647621134983,positive,1416,outer_01,shallow_gradient_boosting,142,5,51203273,2712
"[""cluster__b9449c25001f7b51""]",cluster__b9449c25001f7b51,block_permutation,0.011228352602110192,positive,1416,outer_01,shallow_gradient_boosting,142,6,51203274,2712
"[""cluster__b9449c25001f7b51""]",cluster__b9449c25001f7b51,block_permutation,0.0018239764666925229,positive,1416,outer_01,shallow_gradient_boosting,142,7,51203275,2712
"[""cluster__b9449c25001f7b51""]",cluster__b9449c25001f7b51,block_permutation,0.009592700990255887,positive,1416,outer_01,shallow_gradient_boosting,142,8,51203276,2712
"[""cluster__b9449c25001f7b51""]",cluster__b9449c25001f7b51,block_permutation,0.010543302418080991,positive,1416,outer_01,shallow_gradient_boosting,142,9,51203277,2712
"[""cluster__bc09b5bb95952a78""]",cluster__bc09b5bb95952a78,block_permutation,0.0,zero,1416,outer_01,shallow_gradient_boosting,142,0,51203278,2712
"[""cluster__bc09b5bb95952a78""]",cluster__bc09b5bb95952a78,block_permutation,0.0,zero,1416,outer_01,shallow_gradient_boosting,142,1,51203279,2712
"[""cluster__bc09b5bb95952a78""]",cluster__bc09b5bb95952a78,block_permutation,0.0,zero,1416,outer_01,shallow_gradient_boosting,142,2,51203280,2712
"[""cluster__bc09b5bb95952a78""]",cluster__bc09b5bb95952a78,block_permutation,0.0,zero,1416,outer_01,shallow_gradient_boosting,142,3,51203281,2712
"[""cluster__bc09b5bb95952a78""]",cluster__bc09b5bb95952a78,block_permutation,0.0,zero,1416,outer_01,shallow_gradient_boosting,142,4,51203282,2712
"[""cluster__bc09b5bb95952a78""]",cluster__bc09b5bb95952a78,block_permutation,0.0,zero,1416,outer_01,shallow_gradient_boosting,142,5,51203283,2712
"[""cluster__bc09b5bb95952a78""]",cluster__bc09b5bb95952a78,block_permutation,0.0,zero,1416,outer_01,shallow_gradient_boosting,142,6,51203284,2712
"[""cluster__bc09b5bb95952a78""]",cluster__bc09b5bb95952a78,block_permutation,0.0,zero,1416,outer_01,shallow_gradient_boosting,142,7,51203285,2712
"[""cluster__bc09b5bb95952a78""]",cluster__bc09b5bb95952a78,block_permutation,0.0,zero,1416,outer_01,shallow_gradient_boosting,142,8,51203286,2712
"[""cluster__bc09b5bb95952a78""]",cluster__bc09b5bb95952a78,block_permutation,0.0,zero,1416,outer_01,shallow_gradient_boosting,142,9,51203287,2712
"[""cluster__c2362e322fead508""]",cluster__c2362e322fead508,block_permutation,0.0,zero,1416,outer_01,shallow_gradient_boosting,142,0,51203288,2712
"[""cluster__c2362e322fead508""]",cluster__c2362e322fead508,block_permutation,0.0,zero,1416,outer_01,shallow_gradient_boosting,142,1,51203289,2712
"[""cluster__c2362e322fead508""]",cluster__c2362e322fead508,block_permutation,0.0,zero,1416,outer_01,shallow_gradient_boosting,142,2,51203290,2712
"[""cluster__c2362e322fead508""]",cluster__c2362e322fead508,block_permutation,0.0,zero,1416,outer_01,shallow_gradient_boosting,142,3,51203291,2712
"[""cluster__c2362e322fead508""]",cluster__c2362e322fead508,block_permutation,0.0,zero,1416,outer_01,shallow_gradient_boosting,142,4,51203292,2712
"[""cluster__c2362e322fead508""]",cluster__c2362e322fead508,block_permutation,0.0,zero,1416,outer_01,shallow_gradient_boosting,142,5,51203293,2712
"[""cluster__c2362e322fead508""]",cluster__c2362e322fead508,block_permutation,0.0,zero,1416,outer_01,shallow_gradient_boosting,142,6,51203294,2712
"[""cluster__c2362e322fead508""]",cluster__c2362e322fead508,block_permutation,0.0,zero,1416,outer_01,shallow_gradient_boosting,142,7,51203295,2712
"[""cluster__c2362e322fead508""]",cluster__c2362e322fead508,block_permutation,0.0,zero,1416,outer_01,shallow_gradient_boosting,142,8,51203296,2712
"[""cluster__c2362e322fead508""]",cluster__c2362e322fead508,block_permutation,0.0,zero,1416,outer_01,shallow_gradient_boosting,142,9,51203297,2712
"[""cluster__c31b8136d504bf03""]",cluster__c31b8136d504bf03,block_permutation,0.0,zero,1416,outer_01,shallow_gradient_boosting,142,0,51203298,2712
"[""cluster__c31b8136d504bf03""]",cluster__c31b8136d504bf03,block_permutation,0.0,zero,1416,outer_01,shallow_gradient_boosting,142,1,51203299,2712
"[""cluster__c31b8136d504bf03""]",cluster__c31b8136d504bf03,block_permutation,0.0,zero,1416,outer_01,shallow_gradient_boosting,142,2,51203300,2712
"[""cluster__c31b8136d504bf03""]",cluster__c31b8136d504bf03,block_permutation,0.0,zero,1416,outer_01,shallow_gradient_boosting,142,3,51203301,2712
"[""cluster__c31b8136d504bf03""]",cluster__c31b8136d504bf03,block_permutation,0.0,zero,1416,outer_01,shallow_gradient_boosting,142,4,51203302,2712
"[""cluster__c31b8136d504bf03""]",cluster__c31b8136d504bf03,block_permutation,0.0,zero,1416,outer_01,shallow_gradient_boosting,142,5,51203303,2712
"[""cluster__c31b8136d504bf03""]",cluster__c31b8136d504bf03,block_permutation,0.0,zero,1416,outer_01,shallow_gradient_boosting,142,6,51203304,2712
"[""cluster__c31b8136d504bf03""]",cluster__c31b8136d504bf03,block_permutation,0.0,zero,1416,outer_01,shallow_gradient_boosting,142,7,51203305,2712
"[""cluster__c31b8136d504bf03""]",cluster__c31b8136d504bf03,block_permutation,0.0,zero,1416,outer_01,shallow_gradient_boosting,142,8,51203306,2712
"[""cluster__c31b8136d504bf03""]",cluster__c31b8136d504bf03,block_permutation,0.0,zero,1416,outer_01,shallow_gradient_boosting,142,9,51203307,2712
"[""cluster__c5e49f1433602139""]",cluster__c5e49f1433602139,block_permutation,0.0008518965131392164,positive,1416,outer_01,shallow_gradient_boosting,142,0,51203308,2712
"[""cluster__c5e49f1433602139""]",cluster__c5e49f1433602139,block_permutation,-0.000782235223939276,negative,1416,outer_01,shallow_gradient_boosting,142,1,51203309,2712
"[""cluster__c5e49f1433602139""]",cluster__c5e49f1433602139,block_permutation,-0.0012192020923733615,negative,1416,outer_01,shallow_gradient_boosting,142,2,51203310,2712
"[""cluster__c5e49f1433602139""]",cluster__c5e49f1433602139,block_permutation,0.0013582074895011065,positive,1416,outer_01,shallow_gradient_boosting,142,3,51203311,2712
"[""cluster__c5e49f1433602139""]",cluster__c5e49f1433602139,block_permutation,-0.0017162723855534967,negative,1416,outer_01,shallow_gradient_boosting,142,4,51203312,2712
"[""cluster__c5e49f1433602139""]",cluster__c5e49f1433602139,block_permutation,-0.0013417946700293726,negative,1416,outer_01,shallow_gradient_boosting,142,5,51203313,2712
"[""cluster__c5e49f1433602139""]",cluster__c5e49f1433602139,block_permutation,-0.0003156519319413853,negative,1416,outer_01,shallow_gradient_boosting,142,6,51203314,2712
"[""cluster__c5e49f1433602139""]",cluster__c5e49f1433602139,block_permutation,0.0012211527153966895,positive,1416,outer_01,shallow_gradient_boosting,142,7,51203315,2712
"[""cluster__c5e49f1433602139""]",cluster__c5e49f1433602139,block_permutation,-0.0002706521460511535,negative,1416,outer_01,shallow_gradient_boosting,142,8,51203316,2712
"[""cluster__c5e49f1433602139""]",cluster__c5e49f1433602139,block_permutation,-0.0021591515315049215,negative,1416,outer_01,shallow_gradient_boosting,142,9,51203317,2712
"[""cluster__c9bce3cfeb10e97e""]",cluster__c9bce3cfeb10e97e,block_permutation,-0.002363981544964533,negative,1416,outer_01,shallow_gradient_boosting,142,0,51203318,2712
"[""cluster__c9bce3cfeb10e97e""]",cluster__c9bce3cfeb10e97e,block_permutation,-0.0015024784150348136,negative,1416,outer_01,shallow_gradient_boosting,142,1,51203319,2712
"[""cluster__c9bce3cfeb10e97e""]",cluster__c9bce3cfeb10e97e,block_permutation,-0.0047155173998481015,negative,1416,outer_01,shallow_gradient_boosting,142,2,51203320,2712
"[""cluster__c9bce3cfeb10e97e""]",cluster__c9bce3cfeb10e97e,block_permutation,-0.006061346109484278,negative,1416,outer_01,shallow_gradient_boosting,142,3,51203321,2712
"[""cluster__c9bce3cfeb10e97e""]",cluster__c9bce3cfeb10e97e,block_permutation,-0.0026484239241924,negative,1416,outer_01,shallow_gradient_boosting,142,4,51203322,2712
"[""cluster__c9bce3cfeb10e97e""]",cluster__c9bce3cfeb10e97e,block_permutation,-0.0012148735985266779,negative,1416,outer_01,shallow_gradient_boosting,142,5,51203323,2712
"[""cluster__c9bce3cfeb10e97e""]",cluster__c9bce3cfeb10e97e,block_permutation,-0.002822796432732755,negative,1416,outer_01,shallow_gradient_boosting,142,6,51203324,2712
"[""cluster__c9bce3cfeb10e97e""]",cluster__c9bce3cfeb10e97e,block_permutation,-0.0022336344906752625,negative,1416,outer_01,shallow_gradient_boosting,142,7,51203325,2712
"[""cluster__c9bce3cfeb10e97e""]",cluster__c9bce3cfeb10e97e,block_permutation,-0.0026331784963939953,negative,1416,outer_01,shallow_gradient_boosting,142,8,51203326,2712
"[""cluster__c9bce3cfeb10e97e""]",cluster__c9bce3cfeb10e97e,block_permutation,-0.001658735601448802,negative,1416,outer_01,shallow_gradient_boosting,142,9,51203327,2712
"[""cluster__d0b21ec5092ce804""]",cluster__d0b21ec5092ce804,block_permutation,0.0,zero,1416,outer_01,shallow_gradient_boosting,142,0,51203328,2712
"[""cluster__d0b21ec5092ce804""]",cluster__d0b21ec5092ce804,block_permutation,0.0,zero,1416,outer_01,shallow_gradient_boosting,142,1,51203329,2712
"[""cluster__d0b21ec5092ce804""]",cluster__d0b21ec5092ce804,block_permutation,0.0,zero,1416,outer_01,shallow_gradient_boosting,142,2,51203330,2712
"[""cluster__d0b21ec5092ce804""]",cluster__d0b21ec5092ce804,block_permutation,0.0,zero,1416,outer_01,shallow_gradient_boosting,142,3,51203331,2712
"[""cluster__d0b21ec5092ce804""]",cluster__d0b21ec5092ce804,block_permutation,0.0,zero,1416,outer_01,shallow_gradient_boosting,142,4,51203332,2712
"[""cluster__d0b21ec5092ce804""]",cluster__d0b21ec5092ce804,block_permutation,0.0,zero,1416,outer_01,shallow_gradient_boosting,142,5,51203333,2712
"[""cluster__d0b21ec5092ce804""]",cluster__d0b21ec5092ce804,block_permutation,0.0,zero,1416,outer_01,shallow_gradient_boosting,142,6,51203334,2712
"[""cluster__d0b21ec5092ce804""]",cluster__d0b21ec5092ce804,block_permutation,0.0,zero,1416,outer_01,shallow_gradient_boosting,142,7,51203335,2712
"[""cluster__d0b21ec5092ce804""]",cluster__d0b21ec5092ce804,block_permutation,0.0,zero,1416,outer_01,shallow_gradient_boosting,142,8,51203336,2712
"[""cluster__d0b21ec5092ce804""]",cluster__d0b21ec5092ce804,block_permutation,0.0,zero,1416,outer_01,shallow_gradient_boosting,142,9,51203337,2712
"[""cluster__db99c4b3ba8fc30d""]",cluster__db99c4b3ba8fc30d,block_permutation,0.0,zero,1416,outer_01,shallow_gradient_boosting,142,0,51203338,2712
"[""cluster__db99c4b3ba8fc30d""]",cluster__db99c4b3ba8fc30d,block_permutation,0.0,zero,1416,outer_01,shallow_gradient_boosting,142,1,51203339,2712
"[""cluster__db99c4b3ba8fc30d""]",cluster__db99c4b3ba8fc30d,block_permutation,0.0,zero,1416,outer_01,shallow_gradient_boosting,142,2,51203340,2712
"[""cluster__db99c4b3ba8fc30d""]",cluster__db99c4b3ba8fc30d,block_permutation,0.0,zero,1416,outer_01,shallow_gradient_boosting,142,3,51203341,2712
"[""cluster__db99c4b3ba8fc30d""]",cluster__db99c4b3ba8fc30d,block_permutation,0.0,zero,1416,outer_01,shallow_gradient_boosting,142,4,51203342,2712
"[""cluster__db99c4b3ba8fc30d""]",cluster__db99c4b3ba8fc30d,block_permutation,0.0,zero,1416,outer_01,shallow_gradient_boosting,142,5,51203343,2712
"[""cluster__db99c4b3ba8fc30d""]",cluster__db99c4b3ba8fc30d,block_permutation,0.0,zero,1416,outer_01,shallow_gradient_boosting,142,6,51203344,2712
"[""cluster__db99c4b3ba8fc30d""]",cluster__db99c4b3ba8fc30d,block_permutation,0.0,zero,1416,outer_01,shallow_gradient_boosting,142,7,51203345,2712
"[""cluster__db99c4b3ba8fc30d""]",cluster__db99c4b3ba8fc30d,block_permutation,0.0,zero,1416,outer_01,shallow_gradient_boosting,142,8,51203346,2712
"[""cluster__db99c4b3ba8fc30d""]",cluster__db99c4b3ba8fc30d,block_permutation,0.0,zero,1416,outer_01,shallow_gradient_boosting,142,9,51203347,2712
"[""cluster__e11a6d709526da4b""]",cluster__e11a6d709526da4b,block_permutation,-0.0126270132132148,negative,1416,outer_01,shallow_gradient_boosting,142,0,51203348,2712
"[""cluster__e11a6d709526da4b""]",cluster__e11a6d709526da4b,block_permutation,-0.017345705341268558,negative,1416,outer_01,shallow_gradient_boosting,142,1,51203349,2712
"[""cluster__e11a6d709526da4b""]",cluster__e11a6d709526da4b,block_permutation,-0.0015347563371521655,negative,1416,outer_01,shallow_gradient_boosting,142,2,51203350,2712
"[""cluster__e11a6d709526da4b""]",cluster__e11a6d709526da4b,block_permutation,-0.017860748792534964,negative,1416,outer_01,shallow_gradient_boosting,142,3,51203351,2712
"[""cluster__e11a6d709526da4b""]",cluster__e11a6d709526da4b,block_permutation,-0.011113012520546972,negative,1416,outer_01,shallow_gradient_boosting,142,4,51203352,2712
"[""cluster__e11a6d709526da4b""]",cluster__e11a6d709526da4b,block_permutation,-0.0069717253699086434,negative,1416,outer_01,shallow_gradient_boosting,142,5,51203353,2712
"[""cluster__e11a6d709526da4b""]",cluster__e11a6d709526da4b,block_permutation,-0.019355882869315666,negative,1416,outer_01,shallow_gradient_boosting,142,6,51203354,2712
"[""cluster__e11a6d709526da4b""]",cluster__e11a6d709526da4b,block_permutation,-0.0041920216835715784,negative,1416,outer_01,shallow_gradient_boosting,142,7,51203355,2712
"[""cluster__e11a6d709526da4b""]",cluster__e11a6d709526da4b,block_permutation,-0.0195115857981637,negative,1416,outer_01,shallow_gradient_boosting,142,8,51203356,2712
"[""cluster__e11a6d709526da4b""]",cluster__e11a6d709526da4b,block_permutation,-0.00824673023456901,negative,1416,outer_01,shallow_gradient_boosting,142,9,51203357,2712
"[""cluster__e52784991ac5d943""]",cluster__e52784991ac5d943,block_permutation,0.0,zero,1416,outer_01,shallow_gradient_boosting,142,0,51203358,2712
"[""cluster__e52784991ac5d943""]",cluster__e52784991ac5d943,block_permutation,0.0,zero,1416,outer_01,shallow_gradient_boosting,142,1,51203359,2712
"[""cluster__e52784991ac5d943""]",cluster__e52784991ac5d943,block_permutation,0.0,zero,1416,outer_01,shallow_gradient_boosting,142,2,51203360,2712
"[""cluster__e52784991ac5d943""]",cluster__e52784991ac5d943,block_permutation,0.0,zero,1416,outer_01,shallow_gradient_boosting,142,3,51203361,2712
"[""cluster__e52784991ac5d943""]",cluster__e52784991ac5d943,block_permutation,0.0,zero,1416,outer_01,shallow_gradient_boosting,142,4,51203362,2712
"[""cluster__e52784991ac5d943""]",cluster__e52784991ac5d943,block_permutation,0.0,zero,1416,outer_01,shallow_gradient_boosting,142,5,51203363,2712
"[""cluster__e52784991ac5d943""]",cluster__e52784991ac5d943,block_permutation,0.0,zero,1416,outer_01,shallow_gradient_boosting,142,6,51203364,2712
"[""cluster__e52784991ac5d943""]",cluster__e52784991ac5d943,block_permutation,0.0,zero,1416,outer_01,shallow_gradient_boosting,142,7,51203365,2712
"[""cluster__e52784991ac5d943""]",cluster__e52784991ac5d943,block_permutation,0.0,zero,1416,outer_01,shallow_gradient_boosting,142,8,51203366,2712
"[""cluster__e52784991ac5d943""]",cluster__e52784991ac5d943,block_permutation,0.0,zero,1416,outer_01,shallow_gradient_boosting,142,9,51203367,2712
"[""cluster__e6215b6a0fbc0220""]",cluster__e6215b6a0fbc0220,block_permutation,-0.01176501771800742,negative,1416,outer_01,shallow_gradient_boosting,142,0,51203368,2712
"[""cluster__e6215b6a0fbc0220""]",cluster__e6215b6a0fbc0220,block_permutation,4.977698678798603e-06,positive,1416,outer_01,shallow_gradient_boosting,142,1,51203369,2712
"[""cluster__e6215b6a0fbc0220""]",cluster__e6215b6a0fbc0220,block_permutation,-0.00571668325779906,negative,1416,outer_01,shallow_gradient_boosting,142,2,51203370,2712
"[""cluster__e6215b6a0fbc0220""]",cluster__e6215b6a0fbc0220,block_permutation,-0.006736892975152342,negative,1416,outer_01,shallow_gradient_boosting,142,3,51203371,2712
"[""cluster__e6215b6a0fbc0220""]",cluster__e6215b6a0fbc0220,block_permutation,-0.006104244830378969,negative,1416,outer_01,shallow_gradient_boosting,142,4,51203372,2712
"[""cluster__e6215b6a0fbc0220""]",cluster__e6215b6a0fbc0220,block_permutation,-0.003602889754284133,negative,1416,outer_01,shallow_gradient_boosting,142,5,51203373,2712
"[""cluster__e6215b6a0fbc0220""]",cluster__e6215b6a0fbc0220,block_permutation,-0.013166767315269778,negative,1416,outer_01,shallow_gradient_boosting,142,6,51203374,2712
"[""cluster__e6215b6a0fbc0220""]",cluster__e6215b6a0fbc0220,block_permutation,-0.009067649876365325,negative,1416,outer_01,shallow_gradient_boosting,142,7,51203375,2712
"[""cluster__e6215b6a0fbc0220""]",cluster__e6215b6a0fbc0220,block_permutation,-0.002600824132495738,negative,1416,outer_01,shallow_gradient_boosting,142,8,51203376,2712
"[""cluster__e6215b6a0fbc0220""]",cluster__e6215b6a0fbc0220,block_permutation,-0.006666568945491669,negative,1416,outer_01,shallow_gradient_boosting,142,9,51203377,2712
"[""cluster__ea16c5febde76055""]",cluster__ea16c5febde76055,block_permutation,0.000768985279213652,positive,1416,outer_01,shallow_gradient_boosting,142,0,51203378,2712
"[""cluster__ea16c5febde76055""]",cluster__ea16c5febde76055,block_permutation,0.0038778548194080553,positive,1416,outer_01,shallow_gradient_boosting,142,1,51203379,2712
"[""cluster__ea16c5febde76055""]",cluster__ea16c5febde76055,block_permutation,0.003989388416073547,positive,1416,outer_01,shallow_gradient_boosting,142,2,51203380,2712
"[""cluster__ea16c5febde76055""]",cluster__ea16c5febde76055,block_permutation,-0.006948557855429804,negative,1416,outer_01,shallow_gradient_boosting,142,3,51203381,2712
"[""cluster__ea16c5febde76055""]",cluster__ea16c5febde76055,block_permutation,0.0009217800640239915,positive,1416,outer_01,shallow_gradient_boosting,142,4,51203382,2712
"[""cluster__ea16c5febde76055""]",cluster__ea16c5febde76055,block_permutation,-0.0025464630556952805,negative,1416,outer_01,shallow_gradient_boosting,142,5,51203383,2712
"[""cluster__ea16c5febde76055""]",cluster__ea16c5febde76055,block_permutation,-0.0006517903960856497,negative,1416,outer_01,shallow_gradient_boosting,142,6,51203384,2712
"[""cluster__ea16c5febde76055""]",cluster__ea16c5febde76055,block_permutation,-0.0041000867753762105,negative,1416,outer_01,shallow_gradient_boosting,142,7,51203385,2712
"[""cluster__ea16c5febde76055""]",cluster__ea16c5febde76055,block_permutation,-0.0006083074910154807,negative,1416,outer_01,shallow_gradient_boosting,142,8,51203386,2712
"[""cluster__ea16c5febde76055""]",cluster__ea16c5febde76055,block_permutation,-0.0029448129197116035,negative,1416,outer_01,shallow_gradient_boosting,142,9,51203387,2712
"[""cluster__ea1ef3c2c858720d""]",cluster__ea1ef3c2c858720d,block_permutation,0.0,zero,1416,outer_01,shallow_gradient_boosting,142,0,51203388,2712
"[""cluster__ea1ef3c2c858720d""]",cluster__ea1ef3c2c858720d,block_permutation,0.0,zero,1416,outer_01,shallow_gradient_boosting,142,1,51203389,2712
"[""cluster__ea1ef3c2c858720d""]",cluster__ea1ef3c2c858720d,block_permutation,0.0,zero,1416,outer_01,shallow_gradient_boosting,142,2,51203390,2712
"[""cluster__ea1ef3c2c858720d""]",cluster__ea1ef3c2c858720d,block_permutation,0.0,zero,1416,outer_01,shallow_gradient_boosting,142,3,51203391,2712
"[""cluster__ea1ef3c2c858720d""]",cluster__ea1ef3c2c858720d,block_permutation,0.0,zero,1416,outer_01,shallow_gradient_boosting,142,4,51203392,2712
"[""cluster__ea1ef3c2c858720d""]",cluster__ea1ef3c2c858720d,block_permutation,0.0,zero,1416,outer_01,shallow_gradient_boosting,142,5,51203393,2712
"[""cluster__ea1ef3c2c858720d""]",cluster__ea1ef3c2c858720d,block_permutation,0.0,zero,1416,outer_01,shallow_gradient_boosting,142,6,51203394,2712
"[""cluster__ea1ef3c2c858720d""]",cluster__ea1ef3c2c858720d,block_permutation,0.0,zero,1416,outer_01,shallow_gradient_boosting,142,7,51203395,2712
"[""cluster__ea1ef3c2c858720d""]",cluster__ea1ef3c2c858720d,block_permutation,0.0,zero,1416,outer_01,shallow_gradient_boosting,142,8,51203396,2712
"[""cluster__ea1ef3c2c858720d""]",cluster__ea1ef3c2c858720d,block_permutation,0.0,zero,1416,outer_01,shallow_gradient_boosting,142,9,51203397,2712
"[""cluster__ed8f648abf1108c3""]",cluster__ed8f648abf1108c3,block_permutation,0.0,zero,1416,outer_01,shallow_gradient_boosting,142,0,51203398,2712
"[""cluster__ed8f648abf1108c3""]",cluster__ed8f648abf1108c3,block_permutation,0.0,zero,1416,outer_01,shallow_gradient_boosting,142,1,51203399,2712
"[""cluster__ed8f648abf1108c3""]",cluster__ed8f648abf1108c3,block_permutation,0.0,zero,1416,outer_01,shallow_gradient_boosting,142,2,51203400,2712
"[""cluster__ed8f648abf1108c3""]",cluster__ed8f648abf1108c3,block_permutation,0.0,zero,1416,outer_01,shallow_gradient_boosting,142,3,51203401,2712
"[""cluster__ed8f648abf1108c3""]",cluster__ed8f648abf1108c3,block_permutation,0.0,zero,1416,outer_01,shallow_gradient_boosting,142,4,51203402,2712
"[""cluster__ed8f648abf1108c3""]",cluster__ed8f648abf1108c3,block_permutation,0.0,zero,1416,outer_01,shallow_gradient_boosting,142,5,51203403,2712
"[""cluster__ed8f648abf1108c3""]",cluster__ed8f648abf1108c3,block_permutation,0.0,zero,1416,outer_01,shallow_gradient_boosting,142,6,51203404,2712
"[""cluster__ed8f648abf1108c3""]",cluster__ed8f648abf1108c3,block_permutation,0.0,zero,1416,outer_01,shallow_gradient_boosting,142,7,51203405,2712
"[""cluster__ed8f648abf1108c3""]",cluster__ed8f648abf1108c3,block_permutation,0.0,zero,1416,outer_01,shallow_gradient_boosting,142,8,51203406,2712
"[""cluster__ed8f648abf1108c3""]",cluster__ed8f648abf1108c3,block_permutation,0.0,zero,1416,outer_01,shallow_gradient_boosting,142,9,51203407,2712
"[""cluster__f03f4701c752ba34""]",cluster__f03f4701c752ba34,block_permutation,-0.004910740395812185,negative,1416,outer_01,shallow_gradient_boosting,142,0,51203408,2712
"[""cluster__f03f4701c752ba34""]",cluster__f03f4701c752ba34,block_permutation,-0.0031341911522280164,negative,1416,outer_01,shallow_gradient_boosting,142,1,51203409,2712
"[""cluster__f03f4701c752ba34""]",cluster__f03f4701c752ba34,block_permutation,-0.002068158724806368,negative,1416,outer_01,shallow_gradient_boosting,142,2,51203410,2712
"[""cluster__f03f4701c752ba34""]",cluster__f03f4701c752ba34,block_permutation,-0.0017459751790329658,negative,1416,outer_01,shallow_gradient_boosting,142,3,51203411,2712
"[""cluster__f03f4701c752ba34""]",cluster__f03f4701c752ba34,block_permutation,-0.0022243656283633673,negative,1416,outer_01,shallow_gradient_boosting,142,4,51203412,2712
"[""cluster__f03f4701c752ba34""]",cluster__f03f4701c752ba34,block_permutation,-0.0048314749374411825,negative,1416,outer_01,shallow_gradient_boosting,142,5,51203413,2712
"[""cluster__f03f4701c752ba34""]",cluster__f03f4701c752ba34,block_permutation,-0.0032697657873719255,negative,1416,outer_01,shallow_gradient_boosting,142,6,51203414,2712
"[""cluster__f03f4701c752ba34""]",cluster__f03f4701c752ba34,block_permutation,-0.0016835066951519373,negative,1416,outer_01,shallow_gradient_boosting,142,7,51203415,2712
"[""cluster__f03f4701c752ba34""]",cluster__f03f4701c752ba34,block_permutation,-0.0020324222235201805,negative,1416,outer_01,shallow_gradient_boosting,142,8,51203416,2712
"[""cluster__f03f4701c752ba34""]",cluster__f03f4701c752ba34,block_permutation,-0.0008615418395618857,negative,1416,outer_01,shallow_gradient_boosting,142,9,51203417,2712
"[""cluster__f2308f5991ce73f6""]",cluster__f2308f5991ce73f6,block_permutation,-0.0022300961434758015,negative,1416,outer_01,shallow_gradient_boosting,142,0,51203418,2712
"[""cluster__f2308f5991ce73f6""]",cluster__f2308f5991ce73f6,block_permutation,-0.005038469044304383,negative,1416,outer_01,shallow_gradient_boosting,142,1,51203419,2712
"[""cluster__f2308f5991ce73f6""]",cluster__f2308f5991ce73f6,block_permutation,-0.0017081256152102764,negative,1416,outer_01,shallow_gradient_boosting,142,2,51203420,2712
"[""cluster__f2308f5991ce73f6""]",cluster__f2308f5991ce73f6,block_permutation,0.0010265027853095798,positive,1416,outer_01,shallow_gradient_boosting,142,3,51203421,2712
"[""cluster__f2308f5991ce73f6""]",cluster__f2308f5991ce73f6,block_permutation,-0.0003910502834130192,negative,1416,outer_01,shallow_gradient_boosting,142,4,51203422,2712
"[""cluster__f2308f5991ce73f6""]",cluster__f2308f5991ce73f6,block_permutation,-0.0035498787814183252,negative,1416,outer_01,shallow_gradient_boosting,142,5,51203423,2712
"[""cluster__f2308f5991ce73f6""]",cluster__f2308f5991ce73f6,block_permutation,-0.002211123893271605,negative,1416,outer_01,shallow_gradient_boosting,142,6,51203424,2712
"[""cluster__f2308f5991ce73f6""]",cluster__f2308f5991ce73f6,block_permutation,-0.0005765364791567862,negative,1416,outer_01,shallow_gradient_boosting,142,7,51203425,2712
"[""cluster__f2308f5991ce73f6""]",cluster__f2308f5991ce73f6,block_permutation,0.00030569220988163615,positive,1416,outer_01,shallow_gradient_boosting,142,8,51203426,2712
"[""cluster__f2308f5991ce73f6""]",cluster__f2308f5991ce73f6,block_permutation,0.001100208995030716,positive,1416,outer_01,shallow_gradient_boosting,142,9,51203427,2712
"[""cluster__f3105bf2ea19861a""]",cluster__f3105bf2ea19861a,block_permutation,0.0,zero,1416,outer_01,shallow_gradient_boosting,142,0,51203428,2712
"[""cluster__f3105bf2ea19861a""]",cluster__f3105bf2ea19861a,block_permutation,0.0,zero,1416,outer_01,shallow_gradient_boosting,142,1,51203429,2712
"[""cluster__f3105bf2ea19861a""]",cluster__f3105bf2ea19861a,block_permutation,0.0,zero,1416,outer_01,shallow_gradient_boosting,142,2,51203430,2712
"[""cluster__f3105bf2ea19861a""]",cluster__f3105bf2ea19861a,block_permutation,0.0,zero,1416,outer_01,shallow_gradient_boosting,142,3,51203431,2712
"[""cluster__f3105bf2ea19861a""]",cluster__f3105bf2ea19861a,block_permutation,0.0,zero,1416,outer_01,shallow_gradient_boosting,142,4,51203432,2712
"[""cluster__f3105bf2ea19861a""]",cluster__f3105bf2ea19861a,block_permutation,0.0,zero,1416,outer_01,shallow_gradient_boosting,142,5,51203433,2712
"[""cluster__f3105bf2ea19861a""]",cluster__f3105bf2ea19861a,block_permutation,0.0,zero,1416,outer_01,shallow_gradient_boosting,142,6,51203434,2712
"[""cluster__f3105bf2ea19861a""]",cluster__f3105bf2ea19861a,block_permutation,0.0,zero,1416,outer_01,shallow_gradient_boosting,142,7,51203435,2712
"[""cluster__f3105bf2ea19861a""]",cluster__f3105bf2ea19861a,block_permutation,0.0,zero,1416,outer_01,shallow_gradient_boosting,142,8,51203436,2712
"[""cluster__f3105bf2ea19861a""]",cluster__f3105bf2ea19861a,block_permutation,0.0,zero,1416,outer_01,shallow_gradient_boosting,142,9,51203437,2712
"[""cluster__f344d3ca8bc6155a""]",cluster__f344d3ca8bc6155a,block_permutation,-0.022777095596080543,negative,1416,outer_01,shallow_gradient_boosting,142,0,51203438,2712
"[""cluster__f344d3ca8bc6155a""]",cluster__f344d3ca8bc6155a,block_permutation,-0.00753190038112006,negative,1416,outer_01,shallow_gradient_boosting,142,1,51203439,2712
"[""cluster__f344d3ca8bc6155a""]",cluster__f344d3ca8bc6155a,block_permutation,-0.015426263141437246,negative,1416,outer_01,shallow_gradient_boosting,142,2,51203440,2712
"[""cluster__f344d3ca8bc6155a""]",cluster__f344d3ca8bc6155a,block_permutation,-0.017295123263947443,negative,1416,outer_01,shallow_gradient_boosting,142,3,51203441,2712
"[""cluster__f344d3ca8bc6155a""]",cluster__f344d3ca8bc6155a,block_permutation,-0.02049788891843618,negative,1416,outer_01,shallow_gradient_boosting,142,4,51203442,2712
"[""cluster__f344d3ca8bc6155a""]",cluster__f344d3ca8bc6155a,block_permutation,-0.019111660965696275,negative,1416,outer_01,shallow_gradient_boosting,142,5,51203443,2712
"[""cluster__f344d3ca8bc6155a""]",cluster__f344d3ca8bc6155a,block_permutation,-0.0009860489648183535,negative,1416,outer_01,shallow_gradient_boosting,142,6,51203444,2712
"[""cluster__f344d3ca8bc6155a""]",cluster__f344d3ca8bc6155a,block_permutation,-0.011759517890154392,negative,1416,outer_01,shallow_gradient_boosting,142,7,51203445,2712
"[""cluster__f344d3ca8bc6155a""]",cluster__f344d3ca8bc6155a,block_permutation,-0.010850330414718279,negative,1416,outer_01,shallow_gradient_boosting,142,8,51203446,2712
"[""cluster__f344d3ca8bc6155a""]",cluster__f344d3ca8bc6155a,block_permutation,-0.011887980506947948,negative,1416,outer_01,shallow_gradient_boosting,142,9,51203447,2712
"[""cluster__fb3b9bf085ae4374""]",cluster__fb3b9bf085ae4374,block_permutation,0.0,zero,1416,outer_01,shallow_gradient_boosting,142,0,51203448,2712
"[""cluster__fb3b9bf085ae4374""]",cluster__fb3b9bf085ae4374,block_permutation,0.0,zero,1416,outer_01,shallow_gradient_boosting,142,1,51203449,2712
"[""cluster__fb3b9bf085ae4374""]",cluster__fb3b9bf085ae4374,block_permutation,0.0,zero,1416,outer_01,shallow_gradient_boosting,142,2,51203450,2712
"[""cluster__fb3b9bf085ae4374""]",cluster__fb3b9bf085ae4374,block_permutation,0.0,zero,1416,outer_01,shallow_gradient_boosting,142,3,51203451,2712
"[""cluster__fb3b9bf085ae4374""]",cluster__fb3b9bf085ae4374,block_permutation,0.0,zero,1416,outer_01,shallow_gradient_boosting,142,4,51203452,2712
"[""cluster__fb3b9bf085ae4374""]",cluster__fb3b9bf085ae4374,block_permutation,0.0,zero,1416,outer_01,shallow_gradient_boosting,142,5,51203453,2712
"[""cluster__fb3b9bf085ae4374""]",cluster__fb3b9bf085ae4374,block_permutation,0.0,zero,1416,outer_01,shallow_gradient_boosting,142,6,51203454,2712
"[""cluster__fb3b9bf085ae4374""]",cluster__fb3b9bf085ae4374,block_permutation,0.0,zero,1416,outer_01,shallow_gradient_boosting,142,7,51203455,2712
"[""cluster__fb3b9bf085ae4374""]",cluster__fb3b9bf085ae4374,block_permutation,0.0,zero,1416,outer_01,shallow_gradient_boosting,142,8,51203456,2712
"[""cluster__fb3b9bf085ae4374""]",cluster__fb3b9bf085ae4374,block_permutation,0.0,zero,1416,outer_01,shallow_gradient_boosting,142,9,51203457,2712
"[""cluster__fc5bdd24bfb709b8""]",cluster__fc5bdd24bfb709b8,block_permutation,0.0,zero,1416,outer_01,shallow_gradient_boosting,142,0,51203458,2712
"[""cluster__fc5bdd24bfb709b8""]",cluster__fc5bdd24bfb709b8,block_permutation,0.0,zero,1416,outer_01,shallow_gradient_boosting,142,1,51203459,2712
"[""cluster__fc5bdd24bfb709b8""]",cluster__fc5bdd24bfb709b8,block_permutation,0.0,zero,1416,outer_01,shallow_gradient_boosting,142,2,51203460,2712
"[""cluster__fc5bdd24bfb709b8""]",cluster__fc5bdd24bfb709b8,block_permutation,0.0,zero,1416,outer_01,shallow_gradient_boosting,142,3,51203461,2712
"[""cluster__fc5bdd24bfb709b8""]",cluster__fc5bdd24bfb709b8,block_permutation,0.0,zero,1416,outer_01,shallow_gradient_boosting,142,4,51203462,2712
"[""cluster__fc5bdd24bfb709b8""]",cluster__fc5bdd24bfb709b8,block_permutation,0.0,zero,1416,outer_01,shallow_gradient_boosting,142,5,51203463,2712
"[""cluster__fc5bdd24bfb709b8""]",cluster__fc5bdd24bfb709b8,block_permutation,0.0,zero,1416,outer_01,shallow_gradient_boosting,142,6,51203464,2712
"[""cluster__fc5bdd24bfb709b8""]",cluster__fc5bdd24bfb709b8,block_permutation,0.0,zero,1416,outer_01,shallow_gradient_boosting,142,7,51203465,2712
"[""cluster__fc5bdd24bfb709b8""]",cluster__fc5bdd24bfb709b8,block_permutation,0.0,zero,1416,outer_01,shallow_gradient_boosting,142,8,51203466,2712
"[""cluster__fc5bdd24bfb709b8""]",cluster__fc5bdd24bfb709b8,block_permutation,0.0,zero,1416,outer_01,shallow_gradient_boosting,142,9,51203467,2712
"[""cluster__fd3291f0b03d2dd6""]",cluster__fd3291f0b03d2dd6,block_permutation,0.0,zero,1416,outer_01,shallow_gradient_boosting,142,0,51203468,2712
"[""cluster__fd3291f0b03d2dd6""]",cluster__fd3291f0b03d2dd6,block_permutation,0.0,zero,1416,outer_01,shallow_gradient_boosting,142,1,51203469,2712
"[""cluster__fd3291f0b03d2dd6""]",cluster__fd3291f0b03d2dd6,block_permutation,0.0,zero,1416,outer_01,shallow_gradient_boosting,142,2,51203470,2712
"[""cluster__fd3291f0b03d2dd6""]",cluster__fd3291f0b03d2dd6,block_permutation,0.0,zero,1416,outer_01,shallow_gradient_boosting,142,3,51203471,2712
"[""cluster__fd3291f0b03d2dd6""]",cluster__fd3291f0b03d2dd6,block_permutation,0.0,zero,1416,outer_01,shallow_gradient_boosting,142,4,51203472,2712
"[""cluster__fd3291f0b03d2dd6""]",cluster__fd3291f0b03d2dd6,block_permutation,0.0,zero,1416,outer_01,shallow_gradient_boosting,142,5,51203473,2712
"[""cluster__fd3291f0b03d2dd6""]",cluster__fd3291f0b03d2dd6,block_permutation,0.0,zero,1416,outer_01,shallow_gradient_boosting,142,6,51203474,2712
"[""cluster__fd3291f0b03d2dd6""]",cluster__fd3291f0b03d2dd6,block_permutation,0.0,zero,1416,outer_01,shallow_gradient_boosting,142,7,51203475,2712
"[""cluster__fd3291f0b03d2dd6""]",cluster__fd3291f0b03d2dd6,block_permutation,0.0,zero,1416,outer_01,shallow_gradient_boosting,142,8,51203476,2712
"[""cluster__fd3291f0b03d2dd6""]",cluster__fd3291f0b03d2dd6,block_permutation,0.0,zero,1416,outer_01,shallow_gradient_boosting,142,9,51203477,2712
"[""cluster__feb3f6ac5faeccec""]",cluster__feb3f6ac5faeccec,block_permutation,0.0,zero,1416,outer_01,shallow_gradient_boosting,142,0,51203478,2712
"[""cluster__feb3f6ac5faeccec""]",cluster__feb3f6ac5faeccec,block_permutation,0.0,zero,1416,outer_01,shallow_gradient_boosting,142,1,51203479,2712
"[""cluster__feb3f6ac5faeccec""]",cluster__feb3f6ac5faeccec,block_permutation,0.0,zero,1416,outer_01,shallow_gradient_boosting,142,2,51203480,2712
"[""cluster__feb3f6ac5faeccec""]",cluster__feb3f6ac5faeccec,block_permutation,0.0,zero,1416,outer_01,shallow_gradient_boosting,142,3,51203481,2712
"[""cluster__feb3f6ac5faeccec""]",cluster__feb3f6ac5faeccec,block_permutation,0.0,zero,1416,outer_01,shallow_gradient_boosting,142,4,51203482,2712
"[""cluster__feb3f6ac5faeccec""]",cluster__feb3f6ac5faeccec,block_permutation,0.0,zero,1416,outer_01,shallow_gradient_boosting,142,5,51203483,2712
"[""cluster__feb3f6ac5faeccec""]",cluster__feb3f6ac5faeccec,block_permutation,0.0,zero,1416,outer_01,shallow_gradient_boosting,142,6,51203484,2712
"[""cluster__feb3f6ac5faeccec""]",cluster__feb3f6ac5faeccec,block_permutation,0.0,zero,1416,outer_01,shallow_gradient_boosting,142,7,51203485,2712
"[""cluster__feb3f6ac5faeccec""]",cluster__feb3f6ac5faeccec,block_permutation,0.0,zero,1416,outer_01,shallow_gradient_boosting,142,8,51203486,2712
"[""cluster__feb3f6ac5faeccec""]",cluster__feb3f6ac5faeccec,block_permutation,0.0,zero,1416,outer_01,shallow_gradient_boosting,142,9,51203487,2712
"[""cluster__057ded5ba3568a7f""]",cluster__057ded5ba3568a7f,drop_cluster,0.0027867131575802784,positive,1416,outer_02,elastic_net,142,,,4129
"[""cluster__06ca194a0a433de6""]",cluster__06ca194a0a433de6,drop_cluster,-7.882583474838611e-15,negative,1416,outer_02,elastic_net,142,,,4129
"[""cluster__09e103f2030ca53e""]",cluster__09e103f2030ca53e,drop_cluster,1.1102230246251565e-16,zero,1416,outer_02,elastic_net,142,,,4129
"[""cluster__0ddaa772748cd2a8""]",cluster__0ddaa772748cd2a8,drop_cluster,4.5075054799781356e-14,positive,1416,outer_02,elastic_net,142,,,4129
"[""cluster__11a9adfe78800106""]",cluster__11a9adfe78800106,drop_cluster,1.1102230246251565e-16,zero,1416,outer_02,elastic_net,142,,,4129
"[""cluster__183ba54d92e73c9e""]",cluster__183ba54d92e73c9e,drop_cluster,3.30213165038451e-05,positive,1416,outer_02,elastic_net,142,,,4129
"[""cluster__18424cecdf110691""]",cluster__18424cecdf110691,drop_cluster,1.1102230246251565e-16,zero,1416,outer_02,elastic_net,142,,,4129
"[""cluster__189d1a90a1a742dc""]",cluster__189d1a90a1a742dc,drop_cluster,1.1102230246251565e-16,zero,1416,outer_02,elastic_net,142,,,4129
"[""cluster__1a13286f866c4155""]",cluster__1a13286f866c4155,drop_cluster,8.718111697447739e-06,positive,1416,outer_02,elastic_net,142,,,4129
"[""cluster__1ce77120fa004169""]",cluster__1ce77120fa004169,drop_cluster,0.0,zero,1416,outer_02,elastic_net,142,,,4129
"[""cluster__1e0e01b9fe15ec55""]",cluster__1e0e01b9fe15ec55,drop_cluster,4.973799150320701e-14,positive,1416,outer_02,elastic_net,142,,,4129
"[""cluster__1e968c8901c575db""]",cluster__1e968c8901c575db,drop_cluster,0.0,zero,1416,outer_02,elastic_net,142,,,4129
"[""cluster__1f48220de6e92f9d""]",cluster__1f48220de6e92f9d,drop_cluster,0.0,zero,1416,outer_02,elastic_net,142,,,4129
"[""cluster__20fb49f3528f30d2""]",cluster__20fb49f3528f30d2,drop_cluster,7.438494264988549e-15,positive,1416,outer_02,elastic_net,142,,,4129
"[""cluster__23a7d3b95c5e30ff""]",cluster__23a7d3b95c5e30ff,drop_cluster,-3.0419793698999165e-05,negative,1416,outer_02,elastic_net,142,,,4129
"[""cluster__26090851fa96f8cf""]",cluster__26090851fa96f8cf,drop_cluster,2.2648549702353193e-13,positive,1416,outer_02,elastic_net,142,,,4129
"[""cluster__26ad2c75d43d49ad""]",cluster__26ad2c75d43d49ad,drop_cluster,-1.4066525722000733e-13,negative,1416,outer_02,elastic_net,142,,,4129
"[""cluster__29963467135cd4cd""]",cluster__29963467135cd4cd,drop_cluster,1.1102230246251565e-16,zero,1416,outer_02,elastic_net,142,,,4129
"[""cluster__2d7a1c0d880f88ee""]",cluster__2d7a1c0d880f88ee,drop_cluster,-6.550315845288424e-14,negative,1416,outer_02,elastic_net,142,,,4129
"[""cluster__2e6f29d20733c126""]",cluster__2e6f29d20733c126,drop_cluster,1.1102230246251565e-16,zero,1416,outer_02,elastic_net,142,,,4129
"[""cluster__2f6f9b66bf9da773""]",cluster__2f6f9b66bf9da773,drop_cluster,1.1102230246251565e-16,zero,1416,outer_02,elastic_net,142,,,4129
"[""cluster__2f97bd40c280c05c""]",cluster__2f97bd40c280c05c,drop_cluster,1.1102230246251565e-16,zero,1416,outer_02,elastic_net,142,,,4129
"[""cluster__394bc857d8fc4a57""]",cluster__394bc857d8fc4a57,drop_cluster,0.0,zero,1416,outer_02,elastic_net,142,,,4129
"[""cluster__3a128293ed568dc0""]",cluster__3a128293ed568dc0,drop_cluster,1.1102230246251565e-16,zero,1416,outer_02,elastic_net,142,,,4129
"[""cluster__3c67dd0616449c2d""]",cluster__3c67dd0616449c2d,drop_cluster,0.0003077613484726571,positive,1416,outer_02,elastic_net,142,,,4129
"[""cluster__3cf051d5429a5851""]",cluster__3cf051d5429a5851,drop_cluster,0.0,zero,1416,outer_02,elastic_net,142,,,4129
"[""cluster__3e5336b9c24613b3""]",cluster__3e5336b9c24613b3,drop_cluster,0.0,zero,1416,outer_02,elastic_net,142,,,4129
"[""cluster__421a4a1c5073e265""]",cluster__421a4a1c5073e265,drop_cluster,0.0,zero,1416,outer_02,elastic_net,142,,,4129
"[""cluster__453e45b37c54e768""]",cluster__453e45b37c54e768,drop_cluster,0.0,zero,1416,outer_02,elastic_net,142,,,4129
"[""cluster__477b0804b0e235c3""]",cluster__477b0804b0e235c3,drop_cluster,-3.552713678800501e-15,negative,1416,outer_02,elastic_net,142,,,4129
"[""cluster__4a28d5e18578418a""]",cluster__4a28d5e18578418a,drop_cluster,0.0,zero,1416,outer_02,elastic_net,142,,,4129
"[""cluster__4e66a854583b258d""]",cluster__4e66a854583b258d,drop_cluster,0.0009597234633751395,positive,1416,outer_02,elastic_net,142,,,4129
"[""cluster__4e7b6658b598876b""]",cluster__4e7b6658b598876b,drop_cluster,-0.004966916111519448,negative,1416,outer_02,elastic_net,142,,,4129
"[""cluster__4f2f17103c6e4b0f""]",cluster__4f2f17103c6e4b0f,drop_cluster,0.0,zero,1416,outer_02,elastic_net,142,,,4129
"[""cluster__5a65732a4a4ff188""]",cluster__5a65732a4a4ff188,drop_cluster,0.0,zero,1416,outer_02,elastic_net,142,,,4129
"[""cluster__5c7bb033aa35772f""]",cluster__5c7bb033aa35772f,drop_cluster,0.0,zero,1416,outer_02,elastic_net,142,,,4129
"[""cluster__638294e28a507a16""]",cluster__638294e28a507a16,drop_cluster,0.0,zero,1416,outer_02,elastic_net,142,,,4129
"[""cluster__6567e1495fb81e67""]",cluster__6567e1495fb81e67,drop_cluster,0.0,zero,1416,outer_02,elastic_net,142,,,4129
"[""cluster__66ae01ac794f63eb""]",cluster__66ae01ac794f63eb,drop_cluster,0.0,zero,1416,outer_02,elastic_net,142,,,4129
"[""cluster__6712d3b7bf51390b""]",cluster__6712d3b7bf51390b,drop_cluster,0.0,zero,1416,outer_02,elastic_net,142,,,4129
"[""cluster__69905f0e3a72c606""]",cluster__69905f0e3a72c606,drop_cluster,0.0,zero,1416,outer_02,elastic_net,142,,,4129
"[""cluster__6a9c460c39dcad34""]",cluster__6a9c460c39dcad34,drop_cluster,0.0,zero,1416,outer_02,elastic_net,142,,,4129
"[""cluster__724520f09acc991f""]",cluster__724520f09acc991f,drop_cluster,0.0,zero,1416,outer_02,elastic_net,142,,,4129
"[""cluster__7533afca12d5c845""]",cluster__7533afca12d5c845,drop_cluster,0.0,zero,1416,outer_02,elastic_net,142,,,4129
"[""cluster__75ae125737df1102""]",cluster__75ae125737df1102,drop_cluster,0.0,zero,1416,outer_02,elastic_net,142,,,4129
"[""cluster__773984b00b5c1f1c""]",cluster__773984b00b5c1f1c,drop_cluster,0.0,zero,1416,outer_02,elastic_net,142,,,4129
"[""cluster__7cc2e09b9a932b39""]",cluster__7cc2e09b9a932b39,drop_cluster,0.0,zero,1416,outer_02,elastic_net,142,,,4129
"[""cluster__84da565ba8281d2a""]",cluster__84da565ba8281d2a,drop_cluster,0.0,zero,1416,outer_02,elastic_net,142,,,4129
"[""cluster__87f626d156f0ac67""]",cluster__87f626d156f0ac67,drop_cluster,-0.024888950828483525,negative,1416,outer_02,elastic_net,142,,,4129
"[""cluster__8b57524bef0d2ebf""]",cluster__8b57524bef0d2ebf,drop_cluster,0.01304070396714807,positive,1416,outer_02,elastic_net,142,,,4129
"[""cluster__8c29a8ea6225c377""]",cluster__8c29a8ea6225c377,drop_cluster,1.1102230246251565e-16,zero,1416,outer_02,elastic_net,142,,,4129
"[""cluster__8c9f8f99361a6fed""]",cluster__8c9f8f99361a6fed,drop_cluster,1.1102230246251565e-16,zero,1416,outer_02,elastic_net,142,,,4129
"[""cluster__959b637bd3bb66d4""]",cluster__959b637bd3bb66d4,drop_cluster,1.1102230246251565e-16,zero,1416,outer_02,elastic_net,142,,,4129
"[""cluster__962c08b556b1c862""]",cluster__962c08b556b1c862,drop_cluster,1.1102230246251565e-16,zero,1416,outer_02,elastic_net,142,,,4129
"[""cluster__9ca9e2709e5c747a""]",cluster__9ca9e2709e5c747a,drop_cluster,1.1102230246251565e-16,zero,1416,outer_02,elastic_net,142,,,4129
"[""cluster__a1e835b95b16e9e9""]",cluster__a1e835b95b16e9e9,drop_cluster,1.1102230246251565e-16,zero,1416,outer_02,elastic_net,142,,,4129
"[""cluster__a59fb5db9f4fd3e0""]",cluster__a59fb5db9f4fd3e0,drop_cluster,-0.0006269783602161905,negative,1416,outer_02,elastic_net,142,,,4129
"[""cluster__a7171c841cb9fb67""]",cluster__a7171c841cb9fb67,drop_cluster,1.1102230246251565e-16,zero,1416,outer_02,elastic_net,142,,,4129
"[""cluster__a867b4c1b44d375e""]",cluster__a867b4c1b44d375e,drop_cluster,-6.661338147750939e-15,negative,1416,outer_02,elastic_net,142,,,4129
"[""cluster__ad0a96a048bbc7d8""]",cluster__ad0a96a048bbc7d8,drop_cluster,1.1102230246251565e-16,zero,1416,outer_02,elastic_net,142,,,4129
"[""cluster__afbf9ac7f0d6750b""]",cluster__afbf9ac7f0d6750b,drop_cluster,1.1102230246251565e-16,zero,1416,outer_02,elastic_net,142,,,4129
"[""cluster__b14504afa42d221d""]",cluster__b14504afa42d221d,drop_cluster,1.1102230246251565e-16,zero,1416,outer_02,elastic_net,142,,,4129
"[""cluster__b3049e2f6d60b737""]",cluster__b3049e2f6d60b737,drop_cluster,1.1102230246251565e-16,zero,1416,outer_02,elastic_net,142,,,4129
"[""cluster__b31ca2d0bf76f633""]",cluster__b31ca2d0bf76f633,drop_cluster,1.1102230246251565e-16,zero,1416,outer_02,elastic_net,142,,,4129
"[""cluster__b3a7ffd8d4e710b8""]",cluster__b3a7ffd8d4e710b8,drop_cluster,1.1102230246251565e-16,zero,1416,outer_02,elastic_net,142,,,4129
"[""cluster__b89a1d7f25394d90""]",cluster__b89a1d7f25394d90,drop_cluster,1.1102230246251565e-16,zero,1416,outer_02,elastic_net,142,,,4129
"[""cluster__b8b7a0836024d4d3""]",cluster__b8b7a0836024d4d3,drop_cluster,-6.217248937900877e-15,negative,1416,outer_02,elastic_net,142,,,4129
"[""cluster__b9449c25001f7b51""]",cluster__b9449c25001f7b51,drop_cluster,1.1102230246251565e-16,zero,1416,outer_02,elastic_net,142,,,4129
"[""cluster__bc09b5bb95952a78""]",cluster__bc09b5bb95952a78,drop_cluster,1.1102230246251565e-16,zero,1416,outer_02,elastic_net,142,,,4129
"[""cluster__c2362e322fead508""]",cluster__c2362e322fead508,drop_cluster,1.1102230246251565e-16,zero,1416,outer_02,elastic_net,142,,,4129
"[""cluster__c31b8136d504bf03""]",cluster__c31b8136d504bf03,drop_cluster,1.1102230246251565e-16,zero,1416,outer_02,elastic_net,142,,,4129
"[""cluster__c5e49f1433602139""]",cluster__c5e49f1433602139,drop_cluster,1.1102230246251565e-16,zero,1416,outer_02,elastic_net,142,,,4129
"[""cluster__c9bce3cfeb10e97e""]",cluster__c9bce3cfeb10e97e,drop_cluster,1.1102230246251565e-16,zero,1416,outer_02,elastic_net,142,,,4129
"[""cluster__d0b21ec5092ce804""]",cluster__d0b21ec5092ce804,drop_cluster,1.1102230246251565e-16,zero,1416,outer_02,elastic_net,142,,,4129
"[""cluster__db99c4b3ba8fc30d""]",cluster__db99c4b3ba8fc30d,drop_cluster,1.1102230246251565e-16,zero,1416,outer_02,elastic_net,142,,,4129
"[""cluster__e11a6d709526da4b""]",cluster__e11a6d709526da4b,drop_cluster,0.0045916756818819016,positive,1416,outer_02,elastic_net,142,,,4129
"[""cluster__e52784991ac5d943""]",cluster__e52784991ac5d943,drop_cluster,1.1102230246251565e-16,zero,1416,outer_02,elastic_net,142,,,4129
"[""cluster__e6215b6a0fbc0220""]",cluster__e6215b6a0fbc0220,drop_cluster,1.1102230246251565e-16,zero,1416,outer_02,elastic_net,142,,,4129
"[""cluster__ea16c5febde76055""]",cluster__ea16c5febde76055,drop_cluster,1.1102230246251565e-16,zero,1416,outer_02,elastic_net,142,,,4129
"[""cluster__efa5f4d4b9a2c999""]",cluster__efa5f4d4b9a2c999,drop_cluster,1.1102230246251565e-16,zero,1416,outer_02,elastic_net,142,,,4129
"[""cluster__f03f4701c752ba34""]",cluster__f03f4701c752ba34,drop_cluster,1.1102230246251565e-16,zero,1416,outer_02,elastic_net,142,,,4129
"[""cluster__f2308f5991ce73f6""]",cluster__f2308f5991ce73f6,drop_cluster,0.0009664904579097522,positive,1416,outer_02,elastic_net,142,,,4129
"[""cluster__f3105bf2ea19861a""]",cluster__f3105bf2ea19861a,drop_cluster,0.0,zero,1416,outer_02,elastic_net,142,,,4129
"[""cluster__f344d3ca8bc6155a""]",cluster__f344d3ca8bc6155a,drop_cluster,0.0,zero,1416,outer_02,elastic_net,142,,,4129
"[""cluster__fb3b9bf085ae4374""]",cluster__fb3b9bf085ae4374,drop_cluster,0.0,zero,1416,outer_02,elastic_net,142,,,4129
"[""cluster__fc5bdd24bfb709b8""]",cluster__fc5bdd24bfb709b8,drop_cluster,0.0,zero,1416,outer_02,elastic_net,142,,,4129
"[""cluster__fd3291f0b03d2dd6""]",cluster__fd3291f0b03d2dd6,drop_cluster,0.0,zero,1416,outer_02,elastic_net,142,,,4129
"[""cluster__feb3f6ac5faeccec""]",cluster__feb3f6ac5faeccec,drop_cluster,0.0,zero,1416,outer_02,elastic_net,142,,,4129
"[""cluster__057ded5ba3568a7f"", ""cluster__1ce77120fa004169"", ""cluster__1f48220de6e92f9d"", ""cluster__394bc857d8fc4a57"", ""cluster__3a128293ed568dc0"", ""cluster__5a65732a4a4ff188"", ""cluster__5c7bb033aa35772f"", ""cluster__724520f09acc991f"", ""cluster__7cc2e09b9a932b39"", ""cluster__a1e835b95b16e9e9"", ""cluster__ad0a96a048bbc7d8"", ""cluster__b89a1d7f25394d90"", ""cluster__b9449c25001f7b51"", ""cluster__c2362e322fead508"", ""cluster__c31b8136d504bf03"", ""cluster__c5e49f1433602139"", ""cluster__d0b21ec5092ce804"", ""cluster__e11a6d709526da4b"", ""cluster__e6215b6a0fbc0220"", ""cluster__f03f4701c752ba34"", ""cluster__f2308f5991ce73f6"", ""cluster__fd3291f0b03d2dd6""]",book_liquidity,drop_family,0.014928968320134794,positive,1416,outer_02,elastic_net,142,,,4129
"[""cluster__477b0804b0e235c3"", ""cluster__ea16c5febde76055""]",interaction,drop_family,-3.3306690738754696e-15,negative,1416,outer_02,elastic_net,142,,,4129
"[""cluster__7533afca12d5c845""]",mixed:interaction+ofi,drop_family,0.0,zero,1416,outer_02,elastic_net,142,,,4129
"[""cluster__06ca194a0a433de6"", ""cluster__0ddaa772748cd2a8"", ""cluster__183ba54d92e73c9e"", ""cluster__1a13286f866c4155"", ""cluster__1e0e01b9fe15ec55"", ""cluster__1e968c8901c575db"", ""cluster__26090851fa96f8cf"", ""cluster__26ad2c75d43d49ad"", ""cluster__29963467135cd4cd"", ""cluster__2d7a1c0d880f88ee"", ""cluster__2e6f29d20733c126"", ""cluster__2f6f9b66bf9da773"", ""cluster__2f97bd40c280c05c"", ""cluster__3cf051d5429a5851"", ""cluster__3e5336b9c24613b3"", ""cluster__421a4a1c5073e265"", ""cluster__453e45b37c54e768"", ""cluster__4a28d5e18578418a"", ""cluster__66ae01ac794f63eb"", ""cluster__6712d3b7bf51390b"", ""cluster__69905f0e3a72c606"", ""cluster__6a9c460c39dcad34"", ""cluster__75ae125737df1102"", ""cluster__773984b00b5c1f1c"", ""cluster__84da565ba8281d2a"", ""cluster__87f626d156f0ac67"", ""cluster__8b57524bef0d2ebf"", ""cluster__8c29a8ea6225c377"", ""cluster__8c9f8f99361a6fed"", ""cluster__959b637bd3bb66d4"", ""cluster__a7171c841cb9fb67"", ""cluster__a867b4c1b44d375e"", ""cluster__afbf9ac7f0d6750b"", ""cluster__b31ca2d0bf76f633"", ""cluster__b3a7ffd8d4e710b8"", ""cluster__c9bce3cfeb10e97e"", ""cluster__db99c4b3ba8fc30d"", ""cluster__e52784991ac5d943"", ""cluster__efa5f4d4b9a2c999"", ""cluster__fb3b9bf085ae4374"", ""cluster__fc5bdd24bfb709b8"", ""cluster__feb3f6ac5faeccec""]",ofi,drop_family,-0.03578806516324207,negative,1416,outer_02,elastic_net,142,,,4129
"[""cluster__20fb49f3528f30d2"", ""cluster__3c67dd0616449c2d"", ""cluster__4e66a854583b258d"", ""cluster__4f2f17103c6e4b0f"", ""cluster__a59fb5db9f4fd3e0"", ""cluster__f3105bf2ea19861a""]",price_path,drop_family,0.024763754528430826,positive,1416,outer_02,elastic_net,142,,,4129
"[""cluster__09e103f2030ca53e"", ""cluster__18424cecdf110691"", ""cluster__189d1a90a1a742dc"", ""cluster__4e7b6658b598876b"", ""cluster__638294e28a507a16"", ""cluster__6567e1495fb81e67"", ""cluster__962c08b556b1c862"", ""cluster__9ca9e2709e5c747a"", ""cluster__b14504afa42d221d"", ""cluster__b3049e2f6d60b737"", ""cluster__b8b7a0836024d4d3"", ""cluster__f344d3ca8bc6155a""]",surface_quality,drop_family,-0.005968744539220139,negative,1416,outer_02,elastic_net,142,,,4129
"[""cluster__11a9adfe78800106"", ""cluster__23a7d3b95c5e30ff"", ""cluster__bc09b5bb95952a78""]",time_regime,drop_family,-3.0419793698999165e-05,negative,1416,outer_02,elastic_net,142,,,4129
"[""cluster__057ded5ba3568a7f""]",cluster__057ded5ba3568a7f,block_permutation,0.012013469208033367,positive,1416,outer_02,elastic_net,142,0,51202608,4129
"[""cluster__057ded5ba3568a7f""]",cluster__057ded5ba3568a7f,block_permutation,-0.008453986687482318,negative,1416,outer_02,elastic_net,142,1,51202609,4129
"[""cluster__057ded5ba3568a7f""]",cluster__057ded5ba3568a7f,block_permutation,0.008646200792919667,positive,1416,outer_02,elastic_net,142,2,51202610,4129
"[""cluster__057ded5ba3568a7f""]",cluster__057ded5ba3568a7f,block_permutation,0.00620045034200456,positive,1416,outer_02,elastic_net,142,3,51202611,4129
"[""cluster__057ded5ba3568a7f""]",cluster__057ded5ba3568a7f,block_permutation,0.0050684561848245435,positive,1416,outer_02,elastic_net,142,4,51202612,4129
"[""cluster__057ded5ba3568a7f""]",cluster__057ded5ba3568a7f,block_permutation,0.002806528705912692,positive,1416,outer_02,elastic_net,142,5,51202613,4129
"[""cluster__057ded5ba3568a7f""]",cluster__057ded5ba3568a7f,block_permutation,-0.001675101998049655,negative,1416,outer_02,elastic_net,142,6,51202614,4129
"[""cluster__057ded5ba3568a7f""]",cluster__057ded5ba3568a7f,block_permutation,0.0018950451503843002,positive,1416,outer_02,elastic_net,142,7,51202615,4129
"[""cluster__057ded5ba3568a7f""]",cluster__057ded5ba3568a7f,block_permutation,-0.01297330056954038,negative,1416,outer_02,elastic_net,142,8,51202616,4129
"[""cluster__057ded5ba3568a7f""]",cluster__057ded5ba3568a7f,block_permutation,0.0038514863005533195,positive,1416,outer_02,elastic_net,142,9,51202617,4129
"[""cluster__06ca194a0a433de6""]",cluster__06ca194a0a433de6,block_permutation,0.0,zero,1416,outer_02,elastic_net,142,0,51202618,4129
"[""cluster__06ca194a0a433de6""]",cluster__06ca194a0a433de6,block_permutation,0.0,zero,1416,outer_02,elastic_net,142,1,51202619,4129
"[""cluster__06ca194a0a433de6""]",cluster__06ca194a0a433de6,block_permutation,0.0,zero,1416,outer_02,elastic_net,142,2,51202620,4129
"[""cluster__06ca194a0a433de6""]",cluster__06ca194a0a433de6,block_permutation,0.0,zero,1416,outer_02,elastic_net,142,3,51202621,4129
"[""cluster__06ca194a0a433de6""]",cluster__06ca194a0a433de6,block_permutation,0.0,zero,1416,outer_02,elastic_net,142,4,51202622,4129
"[""cluster__06ca194a0a433de6""]",cluster__06ca194a0a433de6,block_permutation,0.0,zero,1416,outer_02,elastic_net,142,5,51202623,4129
"[""cluster__06ca194a0a433de6""]",cluster__06ca194a0a433de6,block_permutation,0.0,zero,1416,outer_02,elastic_net,142,6,51202624,4129
"[""cluster__06ca194a0a433de6""]",cluster__06ca194a0a433de6,block_permutation,0.0,zero,1416,outer_02,elastic_net,142,7,51202625,4129
"[""cluster__06ca194a0a433de6""]",cluster__06ca194a0a433de6,block_permutation,0.0,zero,1416,outer_02,elastic_net,142,8,51202626,4129
"[""cluster__06ca194a0a433de6""]",cluster__06ca194a0a433de6,block_permutation,0.0,zero,1416,outer_02,elastic_net,142,9,51202627,4129
"[""cluster__09e103f2030ca53e""]",cluster__09e103f2030ca53e,block_permutation,0.0,zero,1416,outer_02,elastic_net,142,0,51202628,4129
"[""cluster__09e103f2030ca53e""]",cluster__09e103f2030ca53e,block_permutation,0.0,zero,1416,outer_02,elastic_net,142,1,51202629,4129
"[""cluster__09e103f2030ca53e""]",cluster__09e103f2030ca53e,block_permutation,0.0,zero,1416,outer_02,elastic_net,142,2,51202630,4129
"[""cluster__09e103f2030ca53e""]",cluster__09e103f2030ca53e,block_permutation,0.0,zero,1416,outer_02,elastic_net,142,3,51202631,4129
"[""cluster__09e103f2030ca53e""]",cluster__09e103f2030ca53e,block_permutation,0.0,zero,1416,outer_02,elastic_net,142,4,51202632,4129
"[""cluster__09e103f2030ca53e""]",cluster__09e103f2030ca53e,block_permutation,0.0,zero,1416,outer_02,elastic_net,142,5,51202633,4129
"[""cluster__09e103f2030ca53e""]",cluster__09e103f2030ca53e,block_permutation,0.0,zero,1416,outer_02,elastic_net,142,6,51202634,4129
"[""cluster__09e103f2030ca53e""]",cluster__09e103f2030ca53e,block_permutation,0.0,zero,1416,outer_02,elastic_net,142,7,51202635,4129
"[""cluster__09e103f2030ca53e""]",cluster__09e103f2030ca53e,block_permutation,0.0,zero,1416,outer_02,elastic_net,142,8,51202636,4129
"[""cluster__09e103f2030ca53e""]",cluster__09e103f2030ca53e,block_permutation,0.0,zero,1416,outer_02,elastic_net,142,9,51202637,4129
"[""cluster__0ddaa772748cd2a8""]",cluster__0ddaa772748cd2a8,block_permutation,0.0,zero,1416,outer_02,elastic_net,142,0,51202638,4129
"[""cluster__0ddaa772748cd2a8""]",cluster__0ddaa772748cd2a8,block_permutation,0.0,zero,1416,outer_02,elastic_net,142,1,51202639,4129
"[""cluster__0ddaa772748cd2a8""]",cluster__0ddaa772748cd2a8,block_permutation,0.0,zero,1416,outer_02,elastic_net,142,2,51202640,4129
"[""cluster__0ddaa772748cd2a8""]",cluster__0ddaa772748cd2a8,block_permutation,0.0,zero,1416,outer_02,elastic_net,142,3,51202641,4129
"[""cluster__0ddaa772748cd2a8""]",cluster__0ddaa772748cd2a8,block_permutation,0.0,zero,1416,outer_02,elastic_net,142,4,51202642,4129
"[""cluster__0ddaa772748cd2a8""]",cluster__0ddaa772748cd2a8,block_permutation,0.0,zero,1416,outer_02,elastic_net,142,5,51202643,4129
"[""cluster__0ddaa772748cd2a8""]",cluster__0ddaa772748cd2a8,block_permutation,0.0,zero,1416,outer_02,elastic_net,142,6,51202644,4129
"[""cluster__0ddaa772748cd2a8""]",cluster__0ddaa772748cd2a8,block_permutation,0.0,zero,1416,outer_02,elastic_net,142,7,51202645,4129
"[""cluster__0ddaa772748cd2a8""]",cluster__0ddaa772748cd2a8,block_permutation,0.0,zero,1416,outer_02,elastic_net,142,8,51202646,4129
"[""cluster__0ddaa772748cd2a8""]",cluster__0ddaa772748cd2a8,block_permutation,0.0,zero,1416,outer_02,elastic_net,142,9,51202647,4129
"[""cluster__11a9adfe78800106""]",cluster__11a9adfe78800106,block_permutation,0.0,zero,1416,outer_02,elastic_net,142,0,51202648,4129
"[""cluster__11a9adfe78800106""]",cluster__11a9adfe78800106,block_permutation,0.0,zero,1416,outer_02,elastic_net,142,1,51202649,4129
"[""cluster__11a9adfe78800106""]",cluster__11a9adfe78800106,block_permutation,0.0,zero,1416,outer_02,elastic_net,142,2,51202650,4129
"[""cluster__11a9adfe78800106""]",cluster__11a9adfe78800106,block_permutation,0.0,zero,1416,outer_02,elastic_net,142,3,51202651,4129
"[""cluster__11a9adfe78800106""]",cluster__11a9adfe78800106,block_permutation,0.0,zero,1416,outer_02,elastic_net,142,4,51202652,4129
"[""cluster__11a9adfe78800106""]",cluster__11a9adfe78800106,block_permutation,0.0,zero,1416,outer_02,elastic_net,142,5,51202653,4129
"[""cluster__11a9adfe78800106""]",cluster__11a9adfe78800106,block_permutation,0.0,zero,1416,outer_02,elastic_net,142,6,51202654,4129
"[""cluster__11a9adfe78800106""]",cluster__11a9adfe78800106,block_permutation,0.0,zero,1416,outer_02,elastic_net,142,7,51202655,4129
"[""cluster__11a9adfe78800106""]",cluster__11a9adfe78800106,block_permutation,0.0,zero,1416,outer_02,elastic_net,142,8,51202656,4129
"[""cluster__11a9adfe78800106""]",cluster__11a9adfe78800106,block_permutation,0.0,zero,1416,outer_02,elastic_net,142,9,51202657,4129
"[""cluster__183ba54d92e73c9e""]",cluster__183ba54d92e73c9e,block_permutation,0.0009082497146997159,positive,1416,outer_02,elastic_net,142,0,51202658,4129
"[""cluster__183ba54d92e73c9e""]",cluster__183ba54d92e73c9e,block_permutation,0.0006037428713060455,positive,1416,outer_02,elastic_net,142,1,51202659,4129
"[""cluster__183ba54d92e73c9e""]",cluster__183ba54d92e73c9e,block_permutation,0.0002788250679234272,positive,1416,outer_02,elastic_net,142,2,51202660,4129
"[""cluster__183ba54d92e73c9e""]",cluster__183ba54d92e73c9e,block_permutation,0.0003842464540664281,positive,1416,outer_02,elastic_net,142,3,51202661,4129
"[""cluster__183ba54d92e73c9e""]",cluster__183ba54d92e73c9e,block_permutation,0.0008410228101346506,positive,1416,outer_02,elastic_net,142,4,51202662,4129
"[""cluster__183ba54d92e73c9e""]",cluster__183ba54d92e73c9e,block_permutation,0.00013855301582565982,positive,1416,outer_02,elastic_net,142,5,51202663,4129
"[""cluster__183ba54d92e73c9e""]",cluster__183ba54d92e73c9e,block_permutation,-0.00026854224399419646,negative,1416,outer_02,elastic_net,142,6,51202664,4129
"[""cluster__183ba54d92e73c9e""]",cluster__183ba54d92e73c9e,block_permutation,0.00043199312057307093,positive,1416,outer_02,elastic_net,142,7,51202665,4129
"[""cluster__183ba54d92e73c9e""]",cluster__183ba54d92e73c9e,block_permutation,8.73395553803169e-05,positive,1416,outer_02,elastic_net,142,8,51202666,4129
"[""cluster__183ba54d92e73c9e""]",cluster__183ba54d92e73c9e,block_permutation,-0.0006436298982686051,negative,1416,outer_02,elastic_net,142,9,51202667,4129
"[""cluster__18424cecdf110691""]",cluster__18424cecdf110691,block_permutation,0.0,zero,1416,outer_02,elastic_net,142,0,51202668,4129
"[""cluster__18424cecdf110691""]",cluster__18424cecdf110691,block_permutation,0.0,zero,1416,outer_02,elastic_net,142,1,51202669,4129
"[""cluster__18424cecdf110691""]",cluster__18424cecdf110691,block_permutation,0.0,zero,1416,outer_02,elastic_net,142,2,51202670,4129
"[""cluster__18424cecdf110691""]",cluster__18424cecdf110691,block_permutation,0.0,zero,1416,outer_02,elastic_net,142,3,51202671,4129
"[""cluster__18424cecdf110691""]",cluster__18424cecdf110691,block_permutation,0.0,zero,1416,outer_02,elastic_net,142,4,51202672,4129
"[""cluster__18424cecdf110691""]",cluster__18424cecdf110691,block_permutation,0.0,zero,1416,outer_02,elastic_net,142,5,51202673,4129
"[""cluster__18424cecdf110691""]",cluster__18424cecdf110691,block_permutation,0.0,zero,1416,outer_02,elastic_net,142,6,51202674,4129
"[""cluster__18424cecdf110691""]",cluster__18424cecdf110691,block_permutation,0.0,zero,1416,outer_02,elastic_net,142,7,51202675,4129
"[""cluster__18424cecdf110691""]",cluster__18424cecdf110691,block_permutation,0.0,zero,1416,outer_02,elastic_net,142,8,51202676,4129
"[""cluster__18424cecdf110691""]",cluster__18424cecdf110691,block_permutation,0.0,zero,1416,outer_02,elastic_net,142,9,51202677,4129
"[""cluster__189d1a90a1a742dc""]",cluster__189d1a90a1a742dc,block_permutation,0.0,zero,1416,outer_02,elastic_net,142,0,51202678,4129
"[""cluster__189d1a90a1a742dc""]",cluster__189d1a90a1a742dc,block_permutation,0.0,zero,1416,outer_02,elastic_net,142,1,51202679,4129
"[""cluster__189d1a90a1a742dc""]",cluster__189d1a90a1a742dc,block_permutation,0.0,zero,1416,outer_02,elastic_net,142,2,51202680,4129
"[""cluster__189d1a90a1a742dc""]",cluster__189d1a90a1a742dc,block_permutation,0.0,zero,1416,outer_02,elastic_net,142,3,51202681,4129
"[""cluster__189d1a90a1a742dc""]",cluster__189d1a90a1a742dc,block_permutation,0.0,zero,1416,outer_02,elastic_net,142,4,51202682,4129
"[""cluster__189d1a90a1a742dc""]",cluster__189d1a90a1a742dc,block_permutation,0.0,zero,1416,outer_02,elastic_net,142,5,51202683,4129
"[""cluster__189d1a90a1a742dc""]",cluster__189d1a90a1a742dc,block_permutation,0.0,zero,1416,outer_02,elastic_net,142,6,51202684,4129
"[""cluster__189d1a90a1a742dc""]",cluster__189d1a90a1a742dc,block_permutation,0.0,zero,1416,outer_02,elastic_net,142,7,51202685,4129
"[""cluster__189d1a90a1a742dc""]",cluster__189d1a90a1a742dc,block_permutation,0.0,zero,1416,outer_02,elastic_net,142,8,51202686,4129
"[""cluster__189d1a90a1a742dc""]",cluster__189d1a90a1a742dc,block_permutation,0.0,zero,1416,outer_02,elastic_net,142,9,51202687,4129
"[""cluster__1a13286f866c4155""]",cluster__1a13286f866c4155,block_permutation,-0.0011977904544449025,negative,1416,outer_02,elastic_net,142,0,51202688,4129
"[""cluster__1a13286f866c4155""]",cluster__1a13286f866c4155,block_permutation,-0.001345426538503891,negative,1416,outer_02,elastic_net,142,1,51202689,4129
"[""cluster__1a13286f866c4155""]",cluster__1a13286f866c4155,block_permutation,0.0021388914142729254,positive,1416,outer_02,elastic_net,142,2,51202690,4129
"[""cluster__1a13286f866c4155""]",cluster__1a13286f866c4155,block_permutation,0.003008359606237132,positive,1416,outer_02,elastic_net,142,3,51202691,4129
"[""cluster__1a13286f866c4155""]",cluster__1a13286f866c4155,block_permutation,0.001788930396286692,positive,1416,outer_02,elastic_net,142,4,51202692,4129
"[""cluster__1a13286f866c4155""]",cluster__1a13286f866c4155,block_permutation,0.003959156545195963,positive,1416,outer_02,elastic_net,142,5,51202693,4129
"[""cluster__1a13286f866c4155""]",cluster__1a13286f866c4155,block_permutation,0.0015355018715527136,positive,1416,outer_02,elastic_net,142,6,51202694,4129
"[""cluster__1a13286f866c4155""]",cluster__1a13286f866c4155,block_permutation,0.006003091603856592,positive,1416,outer_02,elastic_net,142,7,51202695,4129
"[""cluster__1a13286f866c4155""]",cluster__1a13286f866c4155,block_permutation,0.0021013931709220612,positive,1416,outer_02,elastic_net,142,8,51202696,4129
"[""cluster__1a13286f866c4155""]",cluster__1a13286f866c4155,block_permutation,0.0025497405358807512,positive,1416,outer_02,elastic_net,142,9,51202697,4129
"[""cluster__1ce77120fa004169""]",cluster__1ce77120fa004169,block_permutation,0.0,zero,1416,outer_02,elastic_net,142,0,51202698,4129
"[""cluster__1ce77120fa004169""]",cluster__1ce77120fa004169,block_permutation,0.0,zero,1416,outer_02,elastic_net,142,1,51202699,4129
"[""cluster__1ce77120fa004169""]",cluster__1ce77120fa004169,block_permutation,0.0,zero,1416,outer_02,elastic_net,142,2,51202700,4129
"[""cluster__1ce77120fa004169""]",cluster__1ce77120fa004169,block_permutation,0.0,zero,1416,outer_02,elastic_net,142,3,51202701,4129
"[""cluster__1ce77120fa004169""]",cluster__1ce77120fa004169,block_permutation,0.0,zero,1416,outer_02,elastic_net,142,4,51202702,4129
"[""cluster__1ce77120fa004169""]",cluster__1ce77120fa004169,block_permutation,0.0,zero,1416,outer_02,elastic_net,142,5,51202703,4129
"[""cluster__1ce77120fa004169""]",cluster__1ce77120fa004169,block_permutation,0.0,zero,1416,outer_02,elastic_net,142,6,51202704,4129
"[""cluster__1ce77120fa004169""]",cluster__1ce77120fa004169,block_permutation,0.0,zero,1416,outer_02,elastic_net,142,7,51202705,4129
"[""cluster__1ce77120fa004169""]",cluster__1ce77120fa004169,block_permutation,0.0,zero,1416,outer_02,elastic_net,142,8,51202706,4129
"[""cluster__1ce77120fa004169""]",cluster__1ce77120fa004169,block_permutation,0.0,zero,1416,outer_02,elastic_net,142,9,51202707,4129
"[""cluster__1e0e01b9fe15ec55""]",cluster__1e0e01b9fe15ec55,block_permutation,0.0,zero,1416,outer_02,elastic_net,142,0,51202708,4129
"[""cluster__1e0e01b9fe15ec55""]",cluster__1e0e01b9fe15ec55,block_permutation,0.0,zero,1416,outer_02,elastic_net,142,1,51202709,4129
"[""cluster__1e0e01b9fe15ec55""]",cluster__1e0e01b9fe15ec55,block_permutation,0.0,zero,1416,outer_02,elastic_net,142,2,51202710,4129
"[""cluster__1e0e01b9fe15ec55""]",cluster__1e0e01b9fe15ec55,block_permutation,0.0,zero,1416,outer_02,elastic_net,142,3,51202711,4129
"[""cluster__1e0e01b9fe15ec55""]",cluster__1e0e01b9fe15ec55,block_permutation,0.0,zero,1416,outer_02,elastic_net,142,4,51202712,4129
"[""cluster__1e0e01b9fe15ec55""]",cluster__1e0e01b9fe15ec55,block_permutation,0.0,zero,1416,outer_02,elastic_net,142,5,51202713,4129
"[""cluster__1e0e01b9fe15ec55""]",cluster__1e0e01b9fe15ec55,block_permutation,0.0,zero,1416,outer_02,elastic_net,142,6,51202714,4129
"[""cluster__1e0e01b9fe15ec55""]",cluster__1e0e01b9fe15ec55,block_permutation,0.0,zero,1416,outer_02,elastic_net,142,7,51202715,4129
"[""cluster__1e0e01b9fe15ec55""]",cluster__1e0e01b9fe15ec55,block_permutation,0.0,zero,1416,outer_02,elastic_net,142,8,51202716,4129
"[""cluster__1e0e01b9fe15ec55""]",cluster__1e0e01b9fe15ec55,block_permutation,0.0,zero,1416,outer_02,elastic_net,142,9,51202717,4129
"[""cluster__1e968c8901c575db""]",cluster__1e968c8901c575db,block_permutation,0.0,zero,1416,outer_02,elastic_net,142,0,51202718,4129
"[""cluster__1e968c8901c575db""]",cluster__1e968c8901c575db,block_permutation,0.0,zero,1416,outer_02,elastic_net,142,1,51202719,4129
"[""cluster__1e968c8901c575db""]",cluster__1e968c8901c575db,block_permutation,0.0,zero,1416,outer_02,elastic_net,142,2,51202720,4129
"[""cluster__1e968c8901c575db""]",cluster__1e968c8901c575db,block_permutation,0.0,zero,1416,outer_02,elastic_net,142,3,51202721,4129
"[""cluster__1e968c8901c575db""]",cluster__1e968c8901c575db,block_permutation,0.0,zero,1416,outer_02,elastic_net,142,4,51202722,4129
"[""cluster__1e968c8901c575db""]",cluster__1e968c8901c575db,block_permutation,0.0,zero,1416,outer_02,elastic_net,142,5,51202723,4129
"[""cluster__1e968c8901c575db""]",cluster__1e968c8901c575db,block_permutation,0.0,zero,1416,outer_02,elastic_net,142,6,51202724,4129
"[""cluster__1e968c8901c575db""]",cluster__1e968c8901c575db,block_permutation,0.0,zero,1416,outer_02,elastic_net,142,7,51202725,4129
"[""cluster__1e968c8901c575db""]",cluster__1e968c8901c575db,block_permutation,0.0,zero,1416,outer_02,elastic_net,142,8,51202726,4129
"[""cluster__1e968c8901c575db""]",cluster__1e968c8901c575db,block_permutation,0.0,zero,1416,outer_02,elastic_net,142,9,51202727,4129
"[""cluster__1f48220de6e92f9d""]",cluster__1f48220de6e92f9d,block_permutation,0.0,zero,1416,outer_02,elastic_net,142,0,51202728,4129
"[""cluster__1f48220de6e92f9d""]",cluster__1f48220de6e92f9d,block_permutation,0.0,zero,1416,outer_02,elastic_net,142,1,51202729,4129
"[""cluster__1f48220de6e92f9d""]",cluster__1f48220de6e92f9d,block_permutation,0.0,zero,1416,outer_02,elastic_net,142,2,51202730,4129
"[""cluster__1f48220de6e92f9d""]",cluster__1f48220de6e92f9d,block_permutation,0.0,zero,1416,outer_02,elastic_net,142,3,51202731,4129
"[""cluster__1f48220de6e92f9d""]",cluster__1f48220de6e92f9d,block_permutation,0.0,zero,1416,outer_02,elastic_net,142,4,51202732,4129
"[""cluster__1f48220de6e92f9d""]",cluster__1f48220de6e92f9d,block_permutation,0.0,zero,1416,outer_02,elastic_net,142,5,51202733,4129
"[""cluster__1f48220de6e92f9d""]",cluster__1f48220de6e92f9d,block_permutation,0.0,zero,1416,outer_02,elastic_net,142,6,51202734,4129
"[""cluster__1f48220de6e92f9d""]",cluster__1f48220de6e92f9d,block_permutation,0.0,zero,1416,outer_02,elastic_net,142,7,51202735,4129
"[""cluster__1f48220de6e92f9d""]",cluster__1f48220de6e92f9d,block_permutation,0.0,zero,1416,outer_02,elastic_net,142,8,51202736,4129
"[""cluster__1f48220de6e92f9d""]",cluster__1f48220de6e92f9d,block_permutation,0.0,zero,1416,outer_02,elastic_net,142,9,51202737,4129
"[""cluster__20fb49f3528f30d2""]",cluster__20fb49f3528f30d2,block_permutation,0.0,zero,1416,outer_02,elastic_net,142,0,51202738,4129
"[""cluster__20fb49f3528f30d2""]",cluster__20fb49f3528f30d2,block_permutation,0.0,zero,1416,outer_02,elastic_net,142,1,51202739,4129
"[""cluster__20fb49f3528f30d2""]",cluster__20fb49f3528f30d2,block_permutation,0.0,zero,1416,outer_02,elastic_net,142,2,51202740,4129
"[""cluster__20fb49f3528f30d2""]",cluster__20fb49f3528f30d2,block_permutation,0.0,zero,1416,outer_02,elastic_net,142,3,51202741,4129
"[""cluster__20fb49f3528f30d2""]",cluster__20fb49f3528f30d2,block_permutation,0.0,zero,1416,outer_02,elastic_net,142,4,51202742,4129
"[""cluster__20fb49f3528f30d2""]",cluster__20fb49f3528f30d2,block_permutation,0.0,zero,1416,outer_02,elastic_net,142,5,51202743,4129
"[""cluster__20fb49f3528f30d2""]",cluster__20fb49f3528f30d2,block_permutation,0.0,zero,1416,outer_02,elastic_net,142,6,51202744,4129
"[""cluster__20fb49f3528f30d2""]",cluster__20fb49f3528f30d2,block_permutation,0.0,zero,1416,outer_02,elastic_net,142,7,51202745,4129
"[""cluster__20fb49f3528f30d2""]",cluster__20fb49f3528f30d2,block_permutation,0.0,zero,1416,outer_02,elastic_net,142,8,51202746,4129
"[""cluster__20fb49f3528f30d2""]",cluster__20fb49f3528f30d2,block_permutation,0.0,zero,1416,outer_02,elastic_net,142,9,51202747,4129
"[""cluster__23a7d3b95c5e30ff""]",cluster__23a7d3b95c5e30ff,block_permutation,-6.709654364134288e-05,negative,1416,outer_02,elastic_net,142,0,51202748,4129
"[""cluster__23a7d3b95c5e30ff""]",cluster__23a7d3b95c5e30ff,block_permutation,-9.189528866104801e-05,negative,1416,outer_02,elastic_net,142,1,51202749,4129
"[""cluster__23a7d3b95c5e30ff""]",cluster__23a7d3b95c5e30ff,block_permutation,0.00010589314656528348,positive,1416,outer_02,elastic_net,142,2,51202750,4129
"[""cluster__23a7d3b95c5e30ff""]",cluster__23a7d3b95c5e30ff,block_permutation,0.00012077745845151533,positive,1416,outer_02,elastic_net,142,3,51202751,4129
"[""cluster__23a7d3b95c5e30ff""]",cluster__23a7d3b95c5e30ff,block_permutation,0.00015845289474625268,positive,1416,outer_02,elastic_net,142,4,51202752,4129
"[""cluster__23a7d3b95c5e30ff""]",cluster__23a7d3b95c5e30ff,block_permutation,0.00010274553826528088,positive,1416,outer_02,elastic_net,142,5,51202753,4129
"[""cluster__23a7d3b95c5e30ff""]",cluster__23a7d3b95c5e30ff,block_permutation,-1.7306838087649545e-05,negative,1416,outer_02,elastic_net,142,6,51202754,4129
"[""cluster__23a7d3b95c5e30ff""]",cluster__23a7d3b95c5e30ff,block_permutation,0.0004213992481164608,positive,1416,outer_02,elastic_net,142,7,51202755,4129
"[""cluster__23a7d3b95c5e30ff""]",cluster__23a7d3b95c5e30ff,block_permutation,0.0007643356016540093,positive,1416,outer_02,elastic_net,142,8,51202756,4129
"[""cluster__23a7d3b95c5e30ff""]",cluster__23a7d3b95c5e30ff,block_permutation,0.00029465494076896803,positive,1416,outer_02,elastic_net,142,9,51202757,4129
"[""cluster__26090851fa96f8cf""]",cluster__26090851fa96f8cf,block_permutation,0.0,zero,1416,outer_02,elastic_net,142,0,51202758,4129
"[""cluster__26090851fa96f8cf""]",cluster__26090851fa96f8cf,block_permutation,0.0,zero,1416,outer_02,elastic_net,142,1,51202759,4129
"[""cluster__26090851fa96f8cf""]",cluster__26090851fa96f8cf,block_permutation,0.0,zero,1416,outer_02,elastic_net,142,2,51202760,4129
"[""cluster__26090851fa96f8cf""]",cluster__26090851fa96f8cf,block_permutation,0.0,zero,1416,outer_02,elastic_net,142,3,51202761,4129
"[""cluster__26090851fa96f8cf""]",cluster__26090851fa96f8cf,block_permutation,0.0,zero,1416,outer_02,elastic_net,142,4,51202762,4129
"[""cluster__26090851fa96f8cf""]",cluster__26090851fa96f8cf,block_permutation,0.0,zero,1416,outer_02,elastic_net,142,5,51202763,4129
"[""cluster__26090851fa96f8cf""]",cluster__26090851fa96f8cf,block_permutation,0.0,zero,1416,outer_02,elastic_net,142,6,51202764,4129
"[""cluster__26090851fa96f8cf""]",cluster__26090851fa96f8cf,block_permutation,0.0,zero,1416,outer_02,elastic_net,142,7,51202765,4129
"[""cluster__26090851fa96f8cf""]",cluster__26090851fa96f8cf,block_permutation,0.0,zero,1416,outer_02,elastic_net,142,8,51202766,4129
"[""cluster__26090851fa96f8cf""]",cluster__26090851fa96f8cf,block_permutation,0.0,zero,1416,outer_02,elastic_net,142,9,51202767,4129
"[""cluster__26ad2c75d43d49ad""]",cluster__26ad2c75d43d49ad,block_permutation,0.0,zero,1416,outer_02,elastic_net,142,0,51202768,4129
"[""cluster__26ad2c75d43d49ad""]",cluster__26ad2c75d43d49ad,block_permutation,0.0,zero,1416,outer_02,elastic_net,142,1,51202769,4129
"[""cluster__26ad2c75d43d49ad""]",cluster__26ad2c75d43d49ad,block_permutation,0.0,zero,1416,outer_02,elastic_net,142,2,51202770,4129
"[""cluster__26ad2c75d43d49ad""]",cluster__26ad2c75d43d49ad,block_permutation,0.0,zero,1416,outer_02,elastic_net,142,3,51202771,4129
"[""cluster__26ad2c75d43d49ad""]",cluster__26ad2c75d43d49ad,block_permutation,0.0,zero,1416,outer_02,elastic_net,142,4,51202772,4129
"[""cluster__26ad2c75d43d49ad""]",cluster__26ad2c75d43d49ad,block_permutation,0.0,zero,1416,outer_02,elastic_net,142,5,51202773,4129
"[""cluster__26ad2c75d43d49ad""]",cluster__26ad2c75d43d49ad,block_permutation,0.0,zero,1416,outer_02,elastic_net,142,6,51202774,4129
"[""cluster__26ad2c75d43d49ad""]",cluster__26ad2c75d43d49ad,block_permutation,0.0,zero,1416,outer_02,elastic_net,142,7,51202775,4129
"[""cluster__26ad2c75d43d49ad""]",cluster__26ad2c75d43d49ad,block_permutation,0.0,zero,1416,outer_02,elastic_net,142,8,51202776,4129
"[""cluster__26ad2c75d43d49ad""]",cluster__26ad2c75d43d49ad,block_permutation,0.0,zero,1416,outer_02,elastic_net,142,9,51202777,4129
"[""cluster__29963467135cd4cd""]",cluster__29963467135cd4cd,block_permutation,0.0,zero,1416,outer_02,elastic_net,142,0,51202778,4129
"[""cluster__29963467135cd4cd""]",cluster__29963467135cd4cd,block_permutation,0.0,zero,1416,outer_02,elastic_net,142,1,51202779,4129
"[""cluster__29963467135cd4cd""]",cluster__29963467135cd4cd,block_permutation,0.0,zero,1416,outer_02,elastic_net,142,2,51202780,4129
"[""cluster__29963467135cd4cd""]",cluster__29963467135cd4cd,block_permutation,0.0,zero,1416,outer_02,elastic_net,142,3,51202781,4129
"[""cluster__29963467135cd4cd""]",cluster__29963467135cd4cd,block_permutation,0.0,zero,1416,outer_02,elastic_net,142,4,51202782,4129
"[""cluster__29963467135cd4cd""]",cluster__29963467135cd4cd,block_permutation,0.0,zero,1416,outer_02,elastic_net,142,5,51202783,4129
"[""cluster__29963467135cd4cd""]",cluster__29963467135cd4cd,block_permutation,0.0,zero,1416,outer_02,elastic_net,142,6,51202784,4129
"[""cluster__29963467135cd4cd""]",cluster__29963467135cd4cd,block_permutation,0.0,zero,1416,outer_02,elastic_net,142,7,51202785,4129
"[""cluster__29963467135cd4cd""]",cluster__29963467135cd4cd,block_permutation,0.0,zero,1416,outer_02,elastic_net,142,8,51202786,4129
"[""cluster__29963467135cd4cd""]",cluster__29963467135cd4cd,block_permutation,0.0,zero,1416,outer_02,elastic_net,142,9,51202787,4129
"[""cluster__2d7a1c0d880f88ee""]",cluster__2d7a1c0d880f88ee,block_permutation,0.0,zero,1416,outer_02,elastic_net,142,0,51202788,4129
"[""cluster__2d7a1c0d880f88ee""]",cluster__2d7a1c0d880f88ee,block_permutation,0.0,zero,1416,outer_02,elastic_net,142,1,51202789,4129
"[""cluster__2d7a1c0d880f88ee""]",cluster__2d7a1c0d880f88ee,block_permutation,0.0,zero,1416,outer_02,elastic_net,142,2,51202790,4129
"[""cluster__2d7a1c0d880f88ee""]",cluster__2d7a1c0d880f88ee,block_permutation,0.0,zero,1416,outer_02,elastic_net,142,3,51202791,4129
"[""cluster__2d7a1c0d880f88ee""]",cluster__2d7a1c0d880f88ee,block_permutation,0.0,zero,1416,outer_02,elastic_net,142,4,51202792,4129
"[""cluster__2d7a1c0d880f88ee""]",cluster__2d7a1c0d880f88ee,block_permutation,0.0,zero,1416,outer_02,elastic_net,142,5,51202793,4129
"[""cluster__2d7a1c0d880f88ee""]",cluster__2d7a1c0d880f88ee,block_permutation,0.0,zero,1416,outer_02,elastic_net,142,6,51202794,4129
"[""cluster__2d7a1c0d880f88ee""]",cluster__2d7a1c0d880f88ee,block_permutation,0.0,zero,1416,outer_02,elastic_net,142,7,51202795,4129
"[""cluster__2d7a1c0d880f88ee""]",cluster__2d7a1c0d880f88ee,block_permutation,0.0,zero,1416,outer_02,elastic_net,142,8,51202796,4129
"[""cluster__2d7a1c0d880f88ee""]",cluster__2d7a1c0d880f88ee,block_permutation,0.0,zero,1416,outer_02,elastic_net,142,9,51202797,4129
"[""cluster__2e6f29d20733c126""]",cluster__2e6f29d20733c126,block_permutation,0.0,zero,1416,outer_02,elastic_net,142,0,51202798,4129
"[""cluster__2e6f29d20733c126""]",cluster__2e6f29d20733c126,block_permutation,0.0,zero,1416,outer_02,elastic_net,142,1,51202799,4129
"[""cluster__2e6f29d20733c126""]",cluster__2e6f29d20733c126,block_permutation,0.0,zero,1416,outer_02,elastic_net,142,2,51202800,4129
"[""cluster__2e6f29d20733c126""]",cluster__2e6f29d20733c126,block_permutation,0.0,zero,1416,outer_02,elastic_net,142,3,51202801,4129
"[""cluster__2e6f29d20733c126""]",cluster__2e6f29d20733c126,block_permutation,0.0,zero,1416,outer_02,elastic_net,142,4,51202802,4129
"[""cluster__2e6f29d20733c126""]",cluster__2e6f29d20733c126,block_permutation,0.0,zero,1416,outer_02,elastic_net,142,5,51202803,4129
"[""cluster__2e6f29d20733c126""]",cluster__2e6f29d20733c126,block_permutation,0.0,zero,1416,outer_02,elastic_net,142,6,51202804,4129
"[""cluster__2e6f29d20733c126""]",cluster__2e6f29d20733c126,block_permutation,0.0,zero,1416,outer_02,elastic_net,142,7,51202805,4129
"[""cluster__2e6f29d20733c126""]",cluster__2e6f29d20733c126,block_permutation,0.0,zero,1416,outer_02,elastic_net,142,8,51202806,4129
"[""cluster__2e6f29d20733c126""]",cluster__2e6f29d20733c126,block_permutation,0.0,zero,1416,outer_02,elastic_net,142,9,51202807,4129
"[""cluster__2f6f9b66bf9da773""]",cluster__2f6f9b66bf9da773,block_permutation,0.0,zero,1416,outer_02,elastic_net,142,0,51202808,4129
"[""cluster__2f6f9b66bf9da773""]",cluster__2f6f9b66bf9da773,block_permutation,0.0,zero,1416,outer_02,elastic_net,142,1,51202809,4129
"[""cluster__2f6f9b66bf9da773""]",cluster__2f6f9b66bf9da773,block_permutation,0.0,zero,1416,outer_02,elastic_net,142,2,51202810,4129
"[""cluster__2f6f9b66bf9da773""]",cluster__2f6f9b66bf9da773,block_permutation,0.0,zero,1416,outer_02,elastic_net,142,3,51202811,4129
"[""cluster__2f6f9b66bf9da773""]",cluster__2f6f9b66bf9da773,block_permutation,0.0,zero,1416,outer_02,elastic_net,142,4,51202812,4129
"[""cluster__2f6f9b66bf9da773""]",cluster__2f6f9b66bf9da773,block_permutation,0.0,zero,1416,outer_02,elastic_net,142,5,51202813,4129
"[""cluster__2f6f9b66bf9da773""]",cluster__2f6f9b66bf9da773,block_permutation,0.0,zero,1416,outer_02,elastic_net,142,6,51202814,4129
"[""cluster__2f6f9b66bf9da773""]",cluster__2f6f9b66bf9da773,block_permutation,0.0,zero,1416,outer_02,elastic_net,142,7,51202815,4129
"[""cluster__2f6f9b66bf9da773""]",cluster__2f6f9b66bf9da773,block_permutation,0.0,zero,1416,outer_02,elastic_net,142,8,51202816,4129
"[""cluster__2f6f9b66bf9da773""]",cluster__2f6f9b66bf9da773,block_permutation,0.0,zero,1416,outer_02,elastic_net,142,9,51202817,4129
"[""cluster__2f97bd40c280c05c""]",cluster__2f97bd40c280c05c,block_permutation,0.0,zero,1416,outer_02,elastic_net,142,0,51202818,4129
"[""cluster__2f97bd40c280c05c""]",cluster__2f97bd40c280c05c,block_permutation,0.0,zero,1416,outer_02,elastic_net,142,1,51202819,4129
"[""cluster__2f97bd40c280c05c""]",cluster__2f97bd40c280c05c,block_permutation,0.0,zero,1416,outer_02,elastic_net,142,2,51202820,4129
"[""cluster__2f97bd40c280c05c""]",cluster__2f97bd40c280c05c,block_permutation,0.0,zero,1416,outer_02,elastic_net,142,3,51202821,4129
"[""cluster__2f97bd40c280c05c""]",cluster__2f97bd40c280c05c,block_permutation,0.0,zero,1416,outer_02,elastic_net,142,4,51202822,4129
"[""cluster__2f97bd40c280c05c""]",cluster__2f97bd40c280c05c,block_permutation,0.0,zero,1416,outer_02,elastic_net,142,5,51202823,4129
"[""cluster__2f97bd40c280c05c""]",cluster__2f97bd40c280c05c,block_permutation,0.0,zero,1416,outer_02,elastic_net,142,6,51202824,4129
"[""cluster__2f97bd40c280c05c""]",cluster__2f97bd40c280c05c,block_permutation,0.0,zero,1416,outer_02,elastic_net,142,7,51202825,4129
"[""cluster__2f97bd40c280c05c""]",cluster__2f97bd40c280c05c,block_permutation,0.0,zero,1416,outer_02,elastic_net,142,8,51202826,4129
"[""cluster__2f97bd40c280c05c""]",cluster__2f97bd40c280c05c,block_permutation,0.0,zero,1416,outer_02,elastic_net,142,9,51202827,4129
"[""cluster__394bc857d8fc4a57""]",cluster__394bc857d8fc4a57,block_permutation,0.0,zero,1416,outer_02,elastic_net,142,0,51202828,4129
"[""cluster__394bc857d8fc4a57""]",cluster__394bc857d8fc4a57,block_permutation,0.0,zero,1416,outer_02,elastic_net,142,1,51202829,4129
"[""cluster__394bc857d8fc4a57""]",cluster__394bc857d8fc4a57,block_permutation,0.0,zero,1416,outer_02,elastic_net,142,2,51202830,4129
"[""cluster__394bc857d8fc4a57""]",cluster__394bc857d8fc4a57,block_permutation,0.0,zero,1416,outer_02,elastic_net,142,3,51202831,4129
"[""cluster__394bc857d8fc4a57""]",cluster__394bc857d8fc4a57,block_permutation,0.0,zero,1416,outer_02,elastic_net,142,4,51202832,4129
"[""cluster__394bc857d8fc4a57""]",cluster__394bc857d8fc4a57,block_permutation,0.0,zero,1416,outer_02,elastic_net,142,5,51202833,4129
"[""cluster__394bc857d8fc4a57""]",cluster__394bc857d8fc4a57,block_permutation,0.0,zero,1416,outer_02,elastic_net,142,6,51202834,4129
"[""cluster__394bc857d8fc4a57""]",cluster__394bc857d8fc4a57,block_permutation,0.0,zero,1416,outer_02,elastic_net,142,7,51202835,4129
"[""cluster__394bc857d8fc4a57""]",cluster__394bc857d8fc4a57,block_permutation,0.0,zero,1416,outer_02,elastic_net,142,8,51202836,4129
"[""cluster__394bc857d8fc4a57""]",cluster__394bc857d8fc4a57,block_permutation,0.0,zero,1416,outer_02,elastic_net,142,9,51202837,4129
"[""cluster__3a128293ed568dc0""]",cluster__3a128293ed568dc0,block_permutation,0.0,zero,1416,outer_02,elastic_net,142,0,51202838,4129
"[""cluster__3a128293ed568dc0""]",cluster__3a128293ed568dc0,block_permutation,0.0,zero,1416,outer_02,elastic_net,142,1,51202839,4129
"[""cluster__3a128293ed568dc0""]",cluster__3a128293ed568dc0,block_permutation,0.0,zero,1416,outer_02,elastic_net,142,2,51202840,4129
"[""cluster__3a128293ed568dc0""]",cluster__3a128293ed568dc0,block_permutation,0.0,zero,1416,outer_02,elastic_net,142,3,51202841,4129
"[""cluster__3a128293ed568dc0""]",cluster__3a128293ed568dc0,block_permutation,0.0,zero,1416,outer_02,elastic_net,142,4,51202842,4129
"[""cluster__3a128293ed568dc0""]",cluster__3a128293ed568dc0,block_permutation,0.0,zero,1416,outer_02,elastic_net,142,5,51202843,4129
"[""cluster__3a128293ed568dc0""]",cluster__3a128293ed568dc0,block_permutation,0.0,zero,1416,outer_02,elastic_net,142,6,51202844,4129
"[""cluster__3a128293ed568dc0""]",cluster__3a128293ed568dc0,block_permutation,0.0,zero,1416,outer_02,elastic_net,142,7,51202845,4129
"[""cluster__3a128293ed568dc0""]",cluster__3a128293ed568dc0,block_permutation,0.0,zero,1416,outer_02,elastic_net,142,8,51202846,4129
"[""cluster__3a128293ed568dc0""]",cluster__3a128293ed568dc0,block_permutation,0.0,zero,1416,outer_02,elastic_net,142,9,51202847,4129
"[""cluster__3c67dd0616449c2d""]",cluster__3c67dd0616449c2d,block_permutation,0.033960703125081704,positive,1416,outer_02,elastic_net,142,0,51202848,4129
"[""cluster__3c67dd0616449c2d""]",cluster__3c67dd0616449c2d,block_permutation,0.06081581234845368,positive,1416,outer_02,elastic_net,142,1,51202849,4129
"[""cluster__3c67dd0616449c2d""]",cluster__3c67dd0616449c2d,block_permutation,0.0495526158676205,positive,1416,outer_02,elastic_net,142,2,51202850,4129
"[""cluster__3c67dd0616449c2d""]",cluster__3c67dd0616449c2d,block_permutation,0.033858135038780546,positive,1416,outer_02,elastic_net,142,3,51202851,4129
"[""cluster__3c67dd0616449c2d""]",cluster__3c67dd0616449c2d,block_permutation,0.02369547453081644,positive,1416,outer_02,elastic_net,142,4,51202852,4129
"[""cluster__3c67dd0616449c2d""]",cluster__3c67dd0616449c2d,block_permutation,0.05375898691938108,positive,1416,outer_02,elastic_net,142,5,51202853,4129
"[""cluster__3c67dd0616449c2d""]",cluster__3c67dd0616449c2d,block_permutation,0.028360032001713997,positive,1416,outer_02,elastic_net,142,6,51202854,4129
"[""cluster__3c67dd0616449c2d""]",cluster__3c67dd0616449c2d,block_permutation,0.02366859397396215,positive,1416,outer_02,elastic_net,142,7,51202855,4129
"[""cluster__3c67dd0616449c2d""]",cluster__3c67dd0616449c2d,block_permutation,0.05164714673655024,positive,1416,outer_02,elastic_net,142,8,51202856,4129
"[""cluster__3c67dd0616449c2d""]",cluster__3c67dd0616449c2d,block_permutation,0.03942209640640559,positive,1416,outer_02,elastic_net,142,9,51202857,4129
"[""cluster__3cf051d5429a5851""]",cluster__3cf051d5429a5851,block_permutation,0.0,zero,1416,outer_02,elastic_net,142,0,51202858,4129
"[""cluster__3cf051d5429a5851""]",cluster__3cf051d5429a5851,block_permutation,0.0,zero,1416,outer_02,elastic_net,142,1,51202859,4129
"[""cluster__3cf051d5429a5851""]",cluster__3cf051d5429a5851,block_permutation,0.0,zero,1416,outer_02,elastic_net,142,2,51202860,4129
"[""cluster__3cf051d5429a5851""]",cluster__3cf051d5429a5851,block_permutation,0.0,zero,1416,outer_02,elastic_net,142,3,51202861,4129
"[""cluster__3cf051d5429a5851""]",cluster__3cf051d5429a5851,block_permutation,0.0,zero,1416,outer_02,elastic_net,142,4,51202862,4129
"[""cluster__3cf051d5429a5851""]",cluster__3cf051d5429a5851,block_permutation,0.0,zero,1416,outer_02,elastic_net,142,5,51202863,4129
"[""cluster__3cf051d5429a5851""]",cluster__3cf051d5429a5851,block_permutation,0.0,zero,1416,outer_02,elastic_net,142,6,51202864,4129
"[""cluster__3cf051d5429a5851""]",cluster__3cf051d5429a5851,block_permutation,0.0,zero,1416,outer_02,elastic_net,142,7,51202865,4129
"[""cluster__3cf051d5429a5851""]",cluster__3cf051d5429a5851,block_permutation,0.0,zero,1416,outer_02,elastic_net,142,8,51202866,4129
"[""cluster__3cf051d5429a5851""]",cluster__3cf051d5429a5851,block_permutation,0.0,zero,1416,outer_02,elastic_net,142,9,51202867,4129
"[""cluster__3e5336b9c24613b3""]",cluster__3e5336b9c24613b3,block_permutation,0.0,zero,1416,outer_02,elastic_net,142,0,51202868,4129
"[""cluster__3e5336b9c24613b3""]",cluster__3e5336b9c24613b3,block_permutation,0.0,zero,1416,outer_02,elastic_net,142,1,51202869,4129
"[""cluster__3e5336b9c24613b3""]",cluster__3e5336b9c24613b3,block_permutation,0.0,zero,1416,outer_02,elastic_net,142,2,51202870,4129
"[""cluster__3e5336b9c24613b3""]",cluster__3e5336b9c24613b3,block_permutation,0.0,zero,1416,outer_02,elastic_net,142,3,51202871,4129
"[""cluster__3e5336b9c24613b3""]",cluster__3e5336b9c24613b3,block_permutation,0.0,zero,1416,outer_02,elastic_net,142,4,51202872,4129
"[""cluster__3e5336b9c24613b3""]",cluster__3e5336b9c24613b3,block_permutation,0.0,zero,1416,outer_02,elastic_net,142,5,51202873,4129
"[""cluster__3e5336b9c24613b3""]",cluster__3e5336b9c24613b3,block_permutation,0.0,zero,1416,outer_02,elastic_net,142,6,51202874,4129
"[""cluster__3e5336b9c24613b3""]",cluster__3e5336b9c24613b3,block_permutation,0.0,zero,1416,outer_02,elastic_net,142,7,51202875,4129
"[""cluster__3e5336b9c24613b3""]",cluster__3e5336b9c24613b3,block_permutation,0.0,zero,1416,outer_02,elastic_net,142,8,51202876,4129
"[""cluster__3e5336b9c24613b3""]",cluster__3e5336b9c24613b3,block_permutation,0.0,zero,1416,outer_02,elastic_net,142,9,51202877,4129
"[""cluster__421a4a1c5073e265""]",cluster__421a4a1c5073e265,block_permutation,0.0,zero,1416,outer_02,elastic_net,142,0,51202878,4129
"[""cluster__421a4a1c5073e265""]",cluster__421a4a1c5073e265,block_permutation,0.0,zero,1416,outer_02,elastic_net,142,1,51202879,4129
"[""cluster__421a4a1c5073e265""]",cluster__421a4a1c5073e265,block_permutation,0.0,zero,1416,outer_02,elastic_net,142,2,51202880,4129
"[""cluster__421a4a1c5073e265""]",cluster__421a4a1c5073e265,block_permutation,0.0,zero,1416,outer_02,elastic_net,142,3,51202881,4129
"[""cluster__421a4a1c5073e265""]",cluster__421a4a1c5073e265,block_permutation,0.0,zero,1416,outer_02,elastic_net,142,4,51202882,4129
"[""cluster__421a4a1c5073e265""]",cluster__421a4a1c5073e265,block_permutation,0.0,zero,1416,outer_02,elastic_net,142,5,51202883,4129
"[""cluster__421a4a1c5073e265""]",cluster__421a4a1c5073e265,block_permutation,0.0,zero,1416,outer_02,elastic_net,142,6,51202884,4129
"[""cluster__421a4a1c5073e265""]",cluster__421a4a1c5073e265,block_permutation,0.0,zero,1416,outer_02,elastic_net,142,7,51202885,4129
"[""cluster__421a4a1c5073e265""]",cluster__421a4a1c5073e265,block_permutation,0.0,zero,1416,outer_02,elastic_net,142,8,51202886,4129
"[""cluster__421a4a1c5073e265""]",cluster__421a4a1c5073e265,block_permutation,0.0,zero,1416,outer_02,elastic_net,142,9,51202887,4129
"[""cluster__453e45b37c54e768""]",cluster__453e45b37c54e768,block_permutation,0.0,zero,1416,outer_02,elastic_net,142,0,51202888,4129
"[""cluster__453e45b37c54e768""]",cluster__453e45b37c54e768,block_permutation,0.0,zero,1416,outer_02,elastic_net,142,1,51202889,4129
"[""cluster__453e45b37c54e768""]",cluster__453e45b37c54e768,block_permutation,0.0,zero,1416,outer_02,elastic_net,142,2,51202890,4129
"[""cluster__453e45b37c54e768""]",cluster__453e45b37c54e768,block_permutation,0.0,zero,1416,outer_02,elastic_net,142,3,51202891,4129
"[""cluster__453e45b37c54e768""]",cluster__453e45b37c54e768,block_permutation,0.0,zero,1416,outer_02,elastic_net,142,4,51202892,4129
"[""cluster__453e45b37c54e768""]",cluster__453e45b37c54e768,block_permutation,0.0,zero,1416,outer_02,elastic_net,142,5,51202893,4129
"[""cluster__453e45b37c54e768""]",cluster__453e45b37c54e768,block_permutation,0.0,zero,1416,outer_02,elastic_net,142,6,51202894,4129
"[""cluster__453e45b37c54e768""]",cluster__453e45b37c54e768,block_permutation,0.0,zero,1416,outer_02,elastic_net,142,7,51202895,4129
"[""cluster__453e45b37c54e768""]",cluster__453e45b37c54e768,block_permutation,0.0,zero,1416,outer_02,elastic_net,142,8,51202896,4129
"[""cluster__453e45b37c54e768""]",cluster__453e45b37c54e768,block_permutation,0.0,zero,1416,outer_02,elastic_net,142,9,51202897,4129
"[""cluster__477b0804b0e235c3""]",cluster__477b0804b0e235c3,block_permutation,0.0,zero,1416,outer_02,elastic_net,142,0,51202898,4129
"[""cluster__477b0804b0e235c3""]",cluster__477b0804b0e235c3,block_permutation,0.0,zero,1416,outer_02,elastic_net,142,1,51202899,4129
"[""cluster__477b0804b0e235c3""]",cluster__477b0804b0e235c3,block_permutation,0.0,zero,1416,outer_02,elastic_net,142,2,51202900,4129
"[""cluster__477b0804b0e235c3""]",cluster__477b0804b0e235c3,block_permutation,0.0,zero,1416,outer_02,elastic_net,142,3,51202901,4129
"[""cluster__477b0804b0e235c3""]",cluster__477b0804b0e235c3,block_permutation,0.0,zero,1416,outer_02,elastic_net,142,4,51202902,4129
"[""cluster__477b0804b0e235c3""]",cluster__477b0804b0e235c3,block_permutation,0.0,zero,1416,outer_02,elastic_net,142,5,51202903,4129
"[""cluster__477b0804b0e235c3""]",cluster__477b0804b0e235c3,block_permutation,0.0,zero,1416,outer_02,elastic_net,142,6,51202904,4129
"[""cluster__477b0804b0e235c3""]",cluster__477b0804b0e235c3,block_permutation,0.0,zero,1416,outer_02,elastic_net,142,7,51202905,4129
"[""cluster__477b0804b0e235c3""]",cluster__477b0804b0e235c3,block_permutation,0.0,zero,1416,outer_02,elastic_net,142,8,51202906,4129
"[""cluster__477b0804b0e235c3""]",cluster__477b0804b0e235c3,block_permutation,0.0,zero,1416,outer_02,elastic_net,142,9,51202907,4129
"[""cluster__4a28d5e18578418a""]",cluster__4a28d5e18578418a,block_permutation,0.0,zero,1416,outer_02,elastic_net,142,0,51202908,4129
"[""cluster__4a28d5e18578418a""]",cluster__4a28d5e18578418a,block_permutation,0.0,zero,1416,outer_02,elastic_net,142,1,51202909,4129
"[""cluster__4a28d5e18578418a""]",cluster__4a28d5e18578418a,block_permutation,0.0,zero,1416,outer_02,elastic_net,142,2,51202910,4129
"[""cluster__4a28d5e18578418a""]",cluster__4a28d5e18578418a,block_permutation,0.0,zero,1416,outer_02,elastic_net,142,3,51202911,4129
"[""cluster__4a28d5e18578418a""]",cluster__4a28d5e18578418a,block_permutation,0.0,zero,1416,outer_02,elastic_net,142,4,51202912,4129
"[""cluster__4a28d5e18578418a""]",cluster__4a28d5e18578418a,block_permutation,0.0,zero,1416,outer_02,elastic_net,142,5,51202913,4129
"[""cluster__4a28d5e18578418a""]",cluster__4a28d5e18578418a,block_permutation,0.0,zero,1416,outer_02,elastic_net,142,6,51202914,4129
"[""cluster__4a28d5e18578418a""]",cluster__4a28d5e18578418a,block_permutation,0.0,zero,1416,outer_02,elastic_net,142,7,51202915,4129
"[""cluster__4a28d5e18578418a""]",cluster__4a28d5e18578418a,block_permutation,0.0,zero,1416,outer_02,elastic_net,142,8,51202916,4129
"[""cluster__4a28d5e18578418a""]",cluster__4a28d5e18578418a,block_permutation,0.0,zero,1416,outer_02,elastic_net,142,9,51202917,4129
"[""cluster__4e66a854583b258d""]",cluster__4e66a854583b258d,block_permutation,0.002412936599493709,positive,1416,outer_02,elastic_net,142,0,51202918,4129
"[""cluster__4e66a854583b258d""]",cluster__4e66a854583b258d,block_permutation,0.003577373971833109,positive,1416,outer_02,elastic_net,142,1,51202919,4129
"[""cluster__4e66a854583b258d""]",cluster__4e66a854583b258d,block_permutation,0.005846822984922007,positive,1416,outer_02,elastic_net,142,2,51202920,4129
"[""cluster__4e66a854583b258d""]",cluster__4e66a854583b258d,block_permutation,0.003286400621623997,positive,1416,outer_02,elastic_net,142,3,51202921,4129
"[""cluster__4e66a854583b258d""]",cluster__4e66a854583b258d,block_permutation,0.0017567033769957385,positive,1416,outer_02,elastic_net,142,4,51202922,4129
"[""cluster__4e66a854583b258d""]",cluster__4e66a854583b258d,block_permutation,0.0006843446948531229,positive,1416,outer_02,elastic_net,142,5,51202923,4129
"[""cluster__4e66a854583b258d""]",cluster__4e66a854583b258d,block_permutation,0.0015818538459477782,positive,1416,outer_02,elastic_net,142,6,51202924,4129
"[""cluster__4e66a854583b258d""]",cluster__4e66a854583b258d,block_permutation,0.0032308857169394134,positive,1416,outer_02,elastic_net,142,7,51202925,4129
"[""cluster__4e66a854583b258d""]",cluster__4e66a854583b258d,block_permutation,0.004798642445684398,positive,1416,outer_02,elastic_net,142,8,51202926,4129
"[""cluster__4e66a854583b258d""]",cluster__4e66a854583b258d,block_permutation,0.0031340841429233768,positive,1416,outer_02,elastic_net,142,9,51202927,4129
"[""cluster__4e7b6658b598876b""]",cluster__4e7b6658b598876b,block_permutation,-0.0009280929166728402,negative,1416,outer_02,elastic_net,142,0,51202928,4129
"[""cluster__4e7b6658b598876b""]",cluster__4e7b6658b598876b,block_permutation,0.0015610828154732914,positive,1416,outer_02,elastic_net,142,1,51202929,4129
"[""cluster__4e7b6658b598876b""]",cluster__4e7b6658b598876b,block_permutation,0.00020314625687711807,positive,1416,outer_02,elastic_net,142,2,51202930,4129
"[""cluster__4e7b6658b598876b""]",cluster__4e7b6658b598876b,block_permutation,-0.0018714052859407637,negative,1416,outer_02,elastic_net,142,3,51202931,4129
"[""cluster__4e7b6658b598876b""]",cluster__4e7b6658b598876b,block_permutation,-0.0023184423860732606,negative,1416,outer_02,elastic_net,142,4,51202932,4129
"[""cluster__4e7b6658b598876b""]",cluster__4e7b6658b598876b,block_permutation,-0.0010042103320778706,negative,1416,outer_02,elastic_net,142,5,51202933,4129
"[""cluster__4e7b6658b598876b""]",cluster__4e7b6658b598876b,block_permutation,-9.66622647867732e-05,negative,1416,outer_02,elastic_net,142,6,51202934,4129
"[""cluster__4e7b6658b598876b""]",cluster__4e7b6658b598876b,block_permutation,0.002630250594456318,positive,1416,outer_02,elastic_net,142,7,51202935,4129
"[""cluster__4e7b6658b598876b""]",cluster__4e7b6658b598876b,block_permutation,0.0005192147490411525,positive,1416,outer_02,elastic_net,142,8,51202936,4129
"[""cluster__4e7b6658b598876b""]",cluster__4e7b6658b598876b,block_permutation,-0.0010713231667053291,negative,1416,outer_02,elastic_net,142,9,51202937,4129
"[""cluster__4f2f17103c6e4b0f""]",cluster__4f2f17103c6e4b0f,block_permutation,0.0,zero,1416,outer_02,elastic_net,142,0,51202938,4129
"[""cluster__4f2f17103c6e4b0f""]",cluster__4f2f17103c6e4b0f,block_permutation,0.0,zero,1416,outer_02,elastic_net,142,1,51202939,4129
"[""cluster__4f2f17103c6e4b0f""]",cluster__4f2f17103c6e4b0f,block_permutation,0.0,zero,1416,outer_02,elastic_net,142,2,51202940,4129
"[""cluster__4f2f17103c6e4b0f""]",cluster__4f2f17103c6e4b0f,block_permutation,0.0,zero,1416,outer_02,elastic_net,142,3,51202941,4129
"[""cluster__4f2f17103c6e4b0f""]",cluster__4f2f17103c6e4b0f,block_permutation,0.0,zero,1416,outer_02,elastic_net,142,4,51202942,4129
"[""cluster__4f2f17103c6e4b0f""]",cluster__4f2f17103c6e4b0f,block_permutation,0.0,zero,1416,outer_02,elastic_net,142,5,51202943,4129
"[""cluster__4f2f17103c6e4b0f""]",cluster__4f2f17103c6e4b0f,block_permutation,0.0,zero,1416,outer_02,elastic_net,142,6,51202944,4129
"[""cluster__4f2f17103c6e4b0f""]",cluster__4f2f17103c6e4b0f,block_permutation,0.0,zero,1416,outer_02,elastic_net,142,7,51202945,4129
"[""cluster__4f2f17103c6e4b0f""]",cluster__4f2f17103c6e4b0f,block_permutation,0.0,zero,1416,outer_02,elastic_net,142,8,51202946,4129
"[""cluster__4f2f17103c6e4b0f""]",cluster__4f2f17103c6e4b0f,block_permutation,0.0,zero,1416,outer_02,elastic_net,142,9,51202947,4129
"[""cluster__5a65732a4a4ff188""]",cluster__5a65732a4a4ff188,block_permutation,0.0,zero,1416,outer_02,elastic_net,142,0,51202948,4129
"[""cluster__5a65732a4a4ff188""]",cluster__5a65732a4a4ff188,block_permutation,0.0,zero,1416,outer_02,elastic_net,142,1,51202949,4129
"[""cluster__5a65732a4a4ff188""]",cluster__5a65732a4a4ff188,block_permutation,0.0,zero,1416,outer_02,elastic_net,142,2,51202950,4129
"[""cluster__5a65732a4a4ff188""]",cluster__5a65732a4a4ff188,block_permutation,0.0,zero,1416,outer_02,elastic_net,142,3,51202951,4129
"[""cluster__5a65732a4a4ff188""]",cluster__5a65732a4a4ff188,block_permutation,0.0,zero,1416,outer_02,elastic_net,142,4,51202952,4129
"[""cluster__5a65732a4a4ff188""]",cluster__5a65732a4a4ff188,block_permutation,0.0,zero,1416,outer_02,elastic_net,142,5,51202953,4129
"[""cluster__5a65732a4a4ff188""]",cluster__5a65732a4a4ff188,block_permutation,0.0,zero,1416,outer_02,elastic_net,142,6,51202954,4129
"[""cluster__5a65732a4a4ff188""]",cluster__5a65732a4a4ff188,block_permutation,0.0,zero,1416,outer_02,elastic_net,142,7,51202955,4129
"[""cluster__5a65732a4a4ff188""]",cluster__5a65732a4a4ff188,block_permutation,0.0,zero,1416,outer_02,elastic_net,142,8,51202956,4129
"[""cluster__5a65732a4a4ff188""]",cluster__5a65732a4a4ff188,block_permutation,0.0,zero,1416,outer_02,elastic_net,142,9,51202957,4129
"[""cluster__5c7bb033aa35772f""]",cluster__5c7bb033aa35772f,block_permutation,0.0,zero,1416,outer_02,elastic_net,142,0,51202958,4129
"[""cluster__5c7bb033aa35772f""]",cluster__5c7bb033aa35772f,block_permutation,0.0,zero,1416,outer_02,elastic_net,142,1,51202959,4129
"[""cluster__5c7bb033aa35772f""]",cluster__5c7bb033aa35772f,block_permutation,0.0,zero,1416,outer_02,elastic_net,142,2,51202960,4129
"[""cluster__5c7bb033aa35772f""]",cluster__5c7bb033aa35772f,block_permutation,0.0,zero,1416,outer_02,elastic_net,142,3,51202961,4129
"[""cluster__5c7bb033aa35772f""]",cluster__5c7bb033aa35772f,block_permutation,0.0,zero,1416,outer_02,elastic_net,142,4,51202962,4129
"[""cluster__5c7bb033aa35772f""]",cluster__5c7bb033aa35772f,block_permutation,0.0,zero,1416,outer_02,elastic_net,142,5,51202963,4129
"[""cluster__5c7bb033aa35772f""]",cluster__5c7bb033aa35772f,block_permutation,0.0,zero,1416,outer_02,elastic_net,142,6,51202964,4129
"[""cluster__5c7bb033aa35772f""]",cluster__5c7bb033aa35772f,block_permutation,0.0,zero,1416,outer_02,elastic_net,142,7,51202965,4129
"[""cluster__5c7bb033aa35772f""]",cluster__5c7bb033aa35772f,block_permutation,0.0,zero,1416,outer_02,elastic_net,142,8,51202966,4129
"[""cluster__5c7bb033aa35772f""]",cluster__5c7bb033aa35772f,block_permutation,0.0,zero,1416,outer_02,elastic_net,142,9,51202967,4129
"[""cluster__638294e28a507a16""]",cluster__638294e28a507a16,block_permutation,0.0,zero,1416,outer_02,elastic_net,142,0,51202968,4129
"[""cluster__638294e28a507a16""]",cluster__638294e28a507a16,block_permutation,0.0,zero,1416,outer_02,elastic_net,142,1,51202969,4129
"[""cluster__638294e28a507a16""]",cluster__638294e28a507a16,block_permutation,0.0,zero,1416,outer_02,elastic_net,142,2,51202970,4129
"[""cluster__638294e28a507a16""]",cluster__638294e28a507a16,block_permutation,0.0,zero,1416,outer_02,elastic_net,142,3,51202971,4129
"[""cluster__638294e28a507a16""]",cluster__638294e28a507a16,block_permutation,0.0,zero,1416,outer_02,elastic_net,142,4,51202972,4129
"[""cluster__638294e28a507a16""]",cluster__638294e28a507a16,block_permutation,0.0,zero,1416,outer_02,elastic_net,142,5,51202973,4129
"[""cluster__638294e28a507a16""]",cluster__638294e28a507a16,block_permutation,0.0,zero,1416,outer_02,elastic_net,142,6,51202974,4129
"[""cluster__638294e28a507a16""]",cluster__638294e28a507a16,block_permutation,0.0,zero,1416,outer_02,elastic_net,142,7,51202975,4129
"[""cluster__638294e28a507a16""]",cluster__638294e28a507a16,block_permutation,0.0,zero,1416,outer_02,elastic_net,142,8,51202976,4129
"[""cluster__638294e28a507a16""]",cluster__638294e28a507a16,block_permutation,0.0,zero,1416,outer_02,elastic_net,142,9,51202977,4129
"[""cluster__6567e1495fb81e67""]",cluster__6567e1495fb81e67,block_permutation,0.0,zero,1416,outer_02,elastic_net,142,0,51202978,4129
"[""cluster__6567e1495fb81e67""]",cluster__6567e1495fb81e67,block_permutation,0.0,zero,1416,outer_02,elastic_net,142,1,51202979,4129
"[""cluster__6567e1495fb81e67""]",cluster__6567e1495fb81e67,block_permutation,0.0,zero,1416,outer_02,elastic_net,142,2,51202980,4129
"[""cluster__6567e1495fb81e67""]",cluster__6567e1495fb81e67,block_permutation,0.0,zero,1416,outer_02,elastic_net,142,3,51202981,4129
"[""cluster__6567e1495fb81e67""]",cluster__6567e1495fb81e67,block_permutation,0.0,zero,1416,outer_02,elastic_net,142,4,51202982,4129
"[""cluster__6567e1495fb81e67""]",cluster__6567e1495fb81e67,block_permutation,0.0,zero,1416,outer_02,elastic_net,142,5,51202983,4129
"[""cluster__6567e1495fb81e67""]",cluster__6567e1495fb81e67,block_permutation,0.0,zero,1416,outer_02,elastic_net,142,6,51202984,4129
"[""cluster__6567e1495fb81e67""]",cluster__6567e1495fb81e67,block_permutation,0.0,zero,1416,outer_02,elastic_net,142,7,51202985,4129
"[""cluster__6567e1495fb81e67""]",cluster__6567e1495fb81e67,block_permutation,0.0,zero,1416,outer_02,elastic_net,142,8,51202986,4129
"[""cluster__6567e1495fb81e67""]",cluster__6567e1495fb81e67,block_permutation,0.0,zero,1416,outer_02,elastic_net,142,9,51202987,4129
"[""cluster__66ae01ac794f63eb""]",cluster__66ae01ac794f63eb,block_permutation,0.0,zero,1416,outer_02,elastic_net,142,0,51202988,4129
"[""cluster__66ae01ac794f63eb""]",cluster__66ae01ac794f63eb,block_permutation,0.0,zero,1416,outer_02,elastic_net,142,1,51202989,4129
"[""cluster__66ae01ac794f63eb""]",cluster__66ae01ac794f63eb,block_permutation,0.0,zero,1416,outer_02,elastic_net,142,2,51202990,4129
"[""cluster__66ae01ac794f63eb""]",cluster__66ae01ac794f63eb,block_permutation,0.0,zero,1416,outer_02,elastic_net,142,3,51202991,4129
"[""cluster__66ae01ac794f63eb""]",cluster__66ae01ac794f63eb,block_permutation,0.0,zero,1416,outer_02,elastic_net,142,4,51202992,4129
"[""cluster__66ae01ac794f63eb""]",cluster__66ae01ac794f63eb,block_permutation,0.0,zero,1416,outer_02,elastic_net,142,5,51202993,4129
"[""cluster__66ae01ac794f63eb""]",cluster__66ae01ac794f63eb,block_permutation,0.0,zero,1416,outer_02,elastic_net,142,6,51202994,4129
"[""cluster__66ae01ac794f63eb""]",cluster__66ae01ac794f63eb,block_permutation,0.0,zero,1416,outer_02,elastic_net,142,7,51202995,4129
"[""cluster__66ae01ac794f63eb""]",cluster__66ae01ac794f63eb,block_permutation,0.0,zero,1416,outer_02,elastic_net,142,8,51202996,4129
"[""cluster__66ae01ac794f63eb""]",cluster__66ae01ac794f63eb,block_permutation,0.0,zero,1416,outer_02,elastic_net,142,9,51202997,4129
"[""cluster__6712d3b7bf51390b""]",cluster__6712d3b7bf51390b,block_permutation,0.0,zero,1416,outer_02,elastic_net,142,0,51202998,4129
"[""cluster__6712d3b7bf51390b""]",cluster__6712d3b7bf51390b,block_permutation,0.0,zero,1416,outer_02,elastic_net,142,1,51202999,4129
"[""cluster__6712d3b7bf51390b""]",cluster__6712d3b7bf51390b,block_permutation,0.0,zero,1416,outer_02,elastic_net,142,2,51203000,4129
"[""cluster__6712d3b7bf51390b""]",cluster__6712d3b7bf51390b,block_permutation,0.0,zero,1416,outer_02,elastic_net,142,3,51203001,4129
"[""cluster__6712d3b7bf51390b""]",cluster__6712d3b7bf51390b,block_permutation,0.0,zero,1416,outer_02,elastic_net,142,4,51203002,4129
"[""cluster__6712d3b7bf51390b""]",cluster__6712d3b7bf51390b,block_permutation,0.0,zero,1416,outer_02,elastic_net,142,5,51203003,4129
"[""cluster__6712d3b7bf51390b""]",cluster__6712d3b7bf51390b,block_permutation,0.0,zero,1416,outer_02,elastic_net,142,6,51203004,4129
"[""cluster__6712d3b7bf51390b""]",cluster__6712d3b7bf51390b,block_permutation,0.0,zero,1416,outer_02,elastic_net,142,7,51203005,4129
"[""cluster__6712d3b7bf51390b""]",cluster__6712d3b7bf51390b,block_permutation,0.0,zero,1416,outer_02,elastic_net,142,8,51203006,4129
"[""cluster__6712d3b7bf51390b""]",cluster__6712d3b7bf51390b,block_permutation,0.0,zero,1416,outer_02,elastic_net,142,9,51203007,4129
"[""cluster__69905f0e3a72c606""]",cluster__69905f0e3a72c606,block_permutation,0.0,zero,1416,outer_02,elastic_net,142,0,51203008,4129
"[""cluster__69905f0e3a72c606""]",cluster__69905f0e3a72c606,block_permutation,0.0,zero,1416,outer_02,elastic_net,142,1,51203009,4129
"[""cluster__69905f0e3a72c606""]",cluster__69905f0e3a72c606,block_permutation,0.0,zero,1416,outer_02,elastic_net,142,2,51203010,4129
"[""cluster__69905f0e3a72c606""]",cluster__69905f0e3a72c606,block_permutation,0.0,zero,1416,outer_02,elastic_net,142,3,51203011,4129
"[""cluster__69905f0e3a72c606""]",cluster__69905f0e3a72c606,block_permutation,0.0,zero,1416,outer_02,elastic_net,142,4,51203012,4129
"[""cluster__69905f0e3a72c606""]",cluster__69905f0e3a72c606,block_permutation,0.0,zero,1416,outer_02,elastic_net,142,5,51203013,4129
"[""cluster__69905f0e3a72c606""]",cluster__69905f0e3a72c606,block_permutation,0.0,zero,1416,outer_02,elastic_net,142,6,51203014,4129
"[""cluster__69905f0e3a72c606""]",cluster__69905f0e3a72c606,block_permutation,0.0,zero,1416,outer_02,elastic_net,142,7,51203015,4129
"[""cluster__69905f0e3a72c606""]",cluster__69905f0e3a72c606,block_permutation,0.0,zero,1416,outer_02,elastic_net,142,8,51203016,4129
"[""cluster__69905f0e3a72c606""]",cluster__69905f0e3a72c606,block_permutation,0.0,zero,1416,outer_02,elastic_net,142,9,51203017,4129
"[""cluster__6a9c460c39dcad34""]",cluster__6a9c460c39dcad34,block_permutation,0.0,zero,1416,outer_02,elastic_net,142,0,51203018,4129
"[""cluster__6a9c460c39dcad34""]",cluster__6a9c460c39dcad34,block_permutation,0.0,zero,1416,outer_02,elastic_net,142,1,51203019,4129
"[""cluster__6a9c460c39dcad34""]",cluster__6a9c460c39dcad34,block_permutation,0.0,zero,1416,outer_02,elastic_net,142,2,51203020,4129
"[""cluster__6a9c460c39dcad34""]",cluster__6a9c460c39dcad34,block_permutation,0.0,zero,1416,outer_02,elastic_net,142,3,51203021,4129
"[""cluster__6a9c460c39dcad34""]",cluster__6a9c460c39dcad34,block_permutation,0.0,zero,1416,outer_02,elastic_net,142,4,51203022,4129
"[""cluster__6a9c460c39dcad34""]",cluster__6a9c460c39dcad34,block_permutation,0.0,zero,1416,outer_02,elastic_net,142,5,51203023,4129
"[""cluster__6a9c460c39dcad34""]",cluster__6a9c460c39dcad34,block_permutation,0.0,zero,1416,outer_02,elastic_net,142,6,51203024,4129
"[""cluster__6a9c460c39dcad34""]",cluster__6a9c460c39dcad34,block_permutation,0.0,zero,1416,outer_02,elastic_net,142,7,51203025,4129
"[""cluster__6a9c460c39dcad34""]",cluster__6a9c460c39dcad34,block_permutation,0.0,zero,1416,outer_02,elastic_net,142,8,51203026,4129
"[""cluster__6a9c460c39dcad34""]",cluster__6a9c460c39dcad34,block_permutation,0.0,zero,1416,outer_02,elastic_net,142,9,51203027,4129
"[""cluster__724520f09acc991f""]",cluster__724520f09acc991f,block_permutation,0.0,zero,1416,outer_02,elastic_net,142,0,51203028,4129
"[""cluster__724520f09acc991f""]",cluster__724520f09acc991f,block_permutation,0.0,zero,1416,outer_02,elastic_net,142,1,51203029,4129
"[""cluster__724520f09acc991f""]",cluster__724520f09acc991f,block_permutation,0.0,zero,1416,outer_02,elastic_net,142,2,51203030,4129
"[""cluster__724520f09acc991f""]",cluster__724520f09acc991f,block_permutation,0.0,zero,1416,outer_02,elastic_net,142,3,51203031,4129
"[""cluster__724520f09acc991f""]",cluster__724520f09acc991f,block_permutation,0.0,zero,1416,outer_02,elastic_net,142,4,51203032,4129
"[""cluster__724520f09acc991f""]",cluster__724520f09acc991f,block_permutation,0.0,zero,1416,outer_02,elastic_net,142,5,51203033,4129
"[""cluster__724520f09acc991f""]",cluster__724520f09acc991f,block_permutation,0.0,zero,1416,outer_02,elastic_net,142,6,51203034,4129
"[""cluster__724520f09acc991f""]",cluster__724520f09acc991f,block_permutation,0.0,zero,1416,outer_02,elastic_net,142,7,51203035,4129
"[""cluster__724520f09acc991f""]",cluster__724520f09acc991f,block_permutation,0.0,zero,1416,outer_02,elastic_net,142,8,51203036,4129
"[""cluster__724520f09acc991f""]",cluster__724520f09acc991f,block_permutation,0.0,zero,1416,outer_02,elastic_net,142,9,51203037,4129
"[""cluster__7533afca12d5c845""]",cluster__7533afca12d5c845,block_permutation,0.0,zero,1416,outer_02,elastic_net,142,0,51203038,4129
"[""cluster__7533afca12d5c845""]",cluster__7533afca12d5c845,block_permutation,0.0,zero,1416,outer_02,elastic_net,142,1,51203039,4129
"[""cluster__7533afca12d5c845""]",cluster__7533afca12d5c845,block_permutation,0.0,zero,1416,outer_02,elastic_net,142,2,51203040,4129
"[""cluster__7533afca12d5c845""]",cluster__7533afca12d5c845,block_permutation,0.0,zero,1416,outer_02,elastic_net,142,3,51203041,4129
"[""cluster__7533afca12d5c845""]",cluster__7533afca12d5c845,block_permutation,0.0,zero,1416,outer_02,elastic_net,142,4,51203042,4129
"[""cluster__7533afca12d5c845""]",cluster__7533afca12d5c845,block_permutation,0.0,zero,1416,outer_02,elastic_net,142,5,51203043,4129
"[""cluster__7533afca12d5c845""]",cluster__7533afca12d5c845,block_permutation,0.0,zero,1416,outer_02,elastic_net,142,6,51203044,4129
"[""cluster__7533afca12d5c845""]",cluster__7533afca12d5c845,block_permutation,0.0,zero,1416,outer_02,elastic_net,142,7,51203045,4129
"[""cluster__7533afca12d5c845""]",cluster__7533afca12d5c845,block_permutation,0.0,zero,1416,outer_02,elastic_net,142,8,51203046,4129
"[""cluster__7533afca12d5c845""]",cluster__7533afca12d5c845,block_permutation,0.0,zero,1416,outer_02,elastic_net,142,9,51203047,4129
"[""cluster__75ae125737df1102""]",cluster__75ae125737df1102,block_permutation,0.0,zero,1416,outer_02,elastic_net,142,0,51203048,4129
"[""cluster__75ae125737df1102""]",cluster__75ae125737df1102,block_permutation,0.0,zero,1416,outer_02,elastic_net,142,1,51203049,4129
"[""cluster__75ae125737df1102""]",cluster__75ae125737df1102,block_permutation,0.0,zero,1416,outer_02,elastic_net,142,2,51203050,4129
"[""cluster__75ae125737df1102""]",cluster__75ae125737df1102,block_permutation,0.0,zero,1416,outer_02,elastic_net,142,3,51203051,4129
"[""cluster__75ae125737df1102""]",cluster__75ae125737df1102,block_permutation,0.0,zero,1416,outer_02,elastic_net,142,4,51203052,4129
"[""cluster__75ae125737df1102""]",cluster__75ae125737df1102,block_permutation,0.0,zero,1416,outer_02,elastic_net,142,5,51203053,4129
"[""cluster__75ae125737df1102""]",cluster__75ae125737df1102,block_permutation,0.0,zero,1416,outer_02,elastic_net,142,6,51203054,4129
"[""cluster__75ae125737df1102""]",cluster__75ae125737df1102,block_permutation,0.0,zero,1416,outer_02,elastic_net,142,7,51203055,4129
"[""cluster__75ae125737df1102""]",cluster__75ae125737df1102,block_permutation,0.0,zero,1416,outer_02,elastic_net,142,8,51203056,4129
"[""cluster__75ae125737df1102""]",cluster__75ae125737df1102,block_permutation,0.0,zero,1416,outer_02,elastic_net,142,9,51203057,4129
"[""cluster__773984b00b5c1f1c""]",cluster__773984b00b5c1f1c,block_permutation,0.0,zero,1416,outer_02,elastic_net,142,0,51203058,4129
"[""cluster__773984b00b5c1f1c""]",cluster__773984b00b5c1f1c,block_permutation,0.0,zero,1416,outer_02,elastic_net,142,1,51203059,4129
"[""cluster__773984b00b5c1f1c""]",cluster__773984b00b5c1f1c,block_permutation,0.0,zero,1416,outer_02,elastic_net,142,2,51203060,4129
"[""cluster__773984b00b5c1f1c""]",cluster__773984b00b5c1f1c,block_permutation,0.0,zero,1416,outer_02,elastic_net,142,3,51203061,4129
"[""cluster__773984b00b5c1f1c""]",cluster__773984b00b5c1f1c,block_permutation,0.0,zero,1416,outer_02,elastic_net,142,4,51203062,4129
"[""cluster__773984b00b5c1f1c""]",cluster__773984b00b5c1f1c,block_permutation,0.0,zero,1416,outer_02,elastic_net,142,5,51203063,4129
"[""cluster__773984b00b5c1f1c""]",cluster__773984b00b5c1f1c,block_permutation,0.0,zero,1416,outer_02,elastic_net,142,6,51203064,4129
"[""cluster__773984b00b5c1f1c""]",cluster__773984b00b5c1f1c,block_permutation,0.0,zero,1416,outer_02,elastic_net,142,7,51203065,4129
"[""cluster__773984b00b5c1f1c""]",cluster__773984b00b5c1f1c,block_permutation,0.0,zero,1416,outer_02,elastic_net,142,8,51203066,4129
"[""cluster__773984b00b5c1f1c""]",cluster__773984b00b5c1f1c,block_permutation,0.0,zero,1416,outer_02,elastic_net,142,9,51203067,4129
"[""cluster__7cc2e09b9a932b39""]",cluster__7cc2e09b9a932b39,block_permutation,0.0,zero,1416,outer_02,elastic_net,142,0,51203068,4129
"[""cluster__7cc2e09b9a932b39""]",cluster__7cc2e09b9a932b39,block_permutation,0.0,zero,1416,outer_02,elastic_net,142,1,51203069,4129
"[""cluster__7cc2e09b9a932b39""]",cluster__7cc2e09b9a932b39,block_permutation,0.0,zero,1416,outer_02,elastic_net,142,2,51203070,4129
"[""cluster__7cc2e09b9a932b39""]",cluster__7cc2e09b9a932b39,block_permutation,0.0,zero,1416,outer_02,elastic_net,142,3,51203071,4129
"[""cluster__7cc2e09b9a932b39""]",cluster__7cc2e09b9a932b39,block_permutation,0.0,zero,1416,outer_02,elastic_net,142,4,51203072,4129
"[""cluster__7cc2e09b9a932b39""]",cluster__7cc2e09b9a932b39,block_permutation,0.0,zero,1416,outer_02,elastic_net,142,5,51203073,4129
"[""cluster__7cc2e09b9a932b39""]",cluster__7cc2e09b9a932b39,block_permutation,0.0,zero,1416,outer_02,elastic_net,142,6,51203074,4129
"[""cluster__7cc2e09b9a932b39""]",cluster__7cc2e09b9a932b39,block_permutation,0.0,zero,1416,outer_02,elastic_net,142,7,51203075,4129
"[""cluster__7cc2e09b9a932b39""]",cluster__7cc2e09b9a932b39,block_permutation,0.0,zero,1416,outer_02,elastic_net,142,8,51203076,4129
"[""cluster__7cc2e09b9a932b39""]",cluster__7cc2e09b9a932b39,block_permutation,0.0,zero,1416,outer_02,elastic_net,142,9,51203077,4129
"[""cluster__84da565ba8281d2a""]",cluster__84da565ba8281d2a,block_permutation,0.0,zero,1416,outer_02,elastic_net,142,0,51203078,4129
"[""cluster__84da565ba8281d2a""]",cluster__84da565ba8281d2a,block_permutation,0.0,zero,1416,outer_02,elastic_net,142,1,51203079,4129
"[""cluster__84da565ba8281d2a""]",cluster__84da565ba8281d2a,block_permutation,0.0,zero,1416,outer_02,elastic_net,142,2,51203080,4129
"[""cluster__84da565ba8281d2a""]",cluster__84da565ba8281d2a,block_permutation,0.0,zero,1416,outer_02,elastic_net,142,3,51203081,4129
"[""cluster__84da565ba8281d2a""]",cluster__84da565ba8281d2a,block_permutation,0.0,zero,1416,outer_02,elastic_net,142,4,51203082,4129
"[""cluster__84da565ba8281d2a""]",cluster__84da565ba8281d2a,block_permutation,0.0,zero,1416,outer_02,elastic_net,142,5,51203083,4129
"[""cluster__84da565ba8281d2a""]",cluster__84da565ba8281d2a,block_permutation,0.0,zero,1416,outer_02,elastic_net,142,6,51203084,4129
"[""cluster__84da565ba8281d2a""]",cluster__84da565ba8281d2a,block_permutation,0.0,zero,1416,outer_02,elastic_net,142,7,51203085,4129
"[""cluster__84da565ba8281d2a""]",cluster__84da565ba8281d2a,block_permutation,0.0,zero,1416,outer_02,elastic_net,142,8,51203086,4129
"[""cluster__84da565ba8281d2a""]",cluster__84da565ba8281d2a,block_permutation,0.0,zero,1416,outer_02,elastic_net,142,9,51203087,4129
"[""cluster__87f626d156f0ac67""]",cluster__87f626d156f0ac67,block_permutation,0.051122791564524483,positive,1416,outer_02,elastic_net,142,0,51203088,4129
"[""cluster__87f626d156f0ac67""]",cluster__87f626d156f0ac67,block_permutation,0.031089689258154918,positive,1416,outer_02,elastic_net,142,1,51203089,4129
"[""cluster__87f626d156f0ac67""]",cluster__87f626d156f0ac67,block_permutation,0.013196203868186762,positive,1416,outer_02,elastic_net,142,2,51203090,4129
"[""cluster__87f626d156f0ac67""]",cluster__87f626d156f0ac67,block_permutation,0.03121077176089504,positive,1416,outer_02,elastic_net,142,3,51203091,4129
"[""cluster__87f626d156f0ac67""]",cluster__87f626d156f0ac67,block_permutation,0.040639716065175246,positive,1416,outer_02,elastic_net,142,4,51203092,4129
"[""cluster__87f626d156f0ac67""]",cluster__87f626d156f0ac67,block_permutation,0.07505216923455715,positive,1416,outer_02,elastic_net,142,5,51203093,4129
"[""cluster__87f626d156f0ac67""]",cluster__87f626d156f0ac67,block_permutation,0.04980024682245476,positive,1416,outer_02,elastic_net,142,6,51203094,4129
"[""cluster__87f626d156f0ac67""]",cluster__87f626d156f0ac67,block_permutation,0.04568309640677182,positive,1416,outer_02,elastic_net,142,7,51203095,4129
"[""cluster__87f626d156f0ac67""]",cluster__87f626d156f0ac67,block_permutation,0.04054544547669692,positive,1416,outer_02,elastic_net,142,8,51203096,4129
"[""cluster__87f626d156f0ac67""]",cluster__87f626d156f0ac67,block_permutation,0.045007330658669575,positive,1416,outer_02,elastic_net,142,9,51203097,4129
"[""cluster__8b57524bef0d2ebf""]",cluster__8b57524bef0d2ebf,block_permutation,0.009412968921259424,positive,1416,outer_02,elastic_net,142,0,51203098,4129
"[""cluster__8b57524bef0d2ebf""]",cluster__8b57524bef0d2ebf,block_permutation,0.037055189539051736,positive,1416,outer_02,elastic_net,142,1,51203099,4129
"[""cluster__8b57524bef0d2ebf""]",cluster__8b57524bef0d2ebf,block_permutation,0.010433220178967417,positive,1416,outer_02,elastic_net,142,2,51203100,4129
"[""cluster__8b57524bef0d2ebf""]",cluster__8b57524bef0d2ebf,block_permutation,0.04343523424161755,positive,1416,outer_02,elastic_net,142,3,51203101,4129
"[""cluster__8b57524bef0d2ebf""]",cluster__8b57524bef0d2ebf,block_permutation,0.027806749701766442,positive,1416,outer_02,elastic_net,142,4,51203102,4129
"[""cluster__8b57524bef0d2ebf""]",cluster__8b57524bef0d2ebf,block_permutation,0.03453020264902873,positive,1416,outer_02,elastic_net,142,5,51203103,4129
"[""cluster__8b57524bef0d2ebf""]",cluster__8b57524bef0d2ebf,block_permutation,-0.00016609510931353544,negative,1416,outer_02,elastic_net,142,6,51203104,4129
"[""cluster__8b57524bef0d2ebf""]",cluster__8b57524bef0d2ebf,block_permutation,0.032974995066912705,positive,1416,outer_02,elastic_net,142,7,51203105,4129
"[""cluster__8b57524bef0d2ebf""]",cluster__8b57524bef0d2ebf,block_permutation,0.033528295594174584,positive,1416,outer_02,elastic_net,142,8,51203106,4129
"[""cluster__8b57524bef0d2ebf""]",cluster__8b57524bef0d2ebf,block_permutation,-0.013602926224891232,negative,1416,outer_02,elastic_net,142,9,51203107,4129
"[""cluster__8c29a8ea6225c377""]",cluster__8c29a8ea6225c377,block_permutation,0.0,zero,1416,outer_02,elastic_net,142,0,51203108,4129
"[""cluster__8c29a8ea6225c377""]",cluster__8c29a8ea6225c377,block_permutation,0.0,zero,1416,outer_02,elastic_net,142,1,51203109,4129
"[""cluster__8c29a8ea6225c377""]",cluster__8c29a8ea6225c377,block_permutation,0.0,zero,1416,outer_02,elastic_net,142,2,51203110,4129
"[""cluster__8c29a8ea6225c377""]",cluster__8c29a8ea6225c377,block_permutation,0.0,zero,1416,outer_02,elastic_net,142,3,51203111,4129
"[""cluster__8c29a8ea6225c377""]",cluster__8c29a8ea6225c377,block_permutation,0.0,zero,1416,outer_02,elastic_net,142,4,51203112,4129
"[""cluster__8c29a8ea6225c377""]",cluster__8c29a8ea6225c377,block_permutation,0.0,zero,1416,outer_02,elastic_net,142,5,51203113,4129
"[""cluster__8c29a8ea6225c377""]",cluster__8c29a8ea6225c377,block_permutation,0.0,zero,1416,outer_02,elastic_net,142,6,51203114,4129
"[""cluster__8c29a8ea6225c377""]",cluster__8c29a8ea6225c377,block_permutation,0.0,zero,1416,outer_02,elastic_net,142,7,51203115,4129
"[""cluster__8c29a8ea6225c377""]",cluster__8c29a8ea6225c377,block_permutation,0.0,zero,1416,outer_02,elastic_net,142,8,51203116,4129
"[""cluster__8c29a8ea6225c377""]",cluster__8c29a8ea6225c377,block_permutation,0.0,zero,1416,outer_02,elastic_net,142,9,51203117,4129
"[""cluster__8c9f8f99361a6fed""]",cluster__8c9f8f99361a6fed,block_permutation,0.0,zero,1416,outer_02,elastic_net,142,0,51203118,4129
"[""cluster__8c9f8f99361a6fed""]",cluster__8c9f8f99361a6fed,block_permutation,0.0,zero,1416,outer_02,elastic_net,142,1,51203119,4129
"[""cluster__8c9f8f99361a6fed""]",cluster__8c9f8f99361a6fed,block_permutation,0.0,zero,1416,outer_02,elastic_net,142,2,51203120,4129
"[""cluster__8c9f8f99361a6fed""]",cluster__8c9f8f99361a6fed,block_permutation,0.0,zero,1416,outer_02,elastic_net,142,3,51203121,4129
"[""cluster__8c9f8f99361a6fed""]",cluster__8c9f8f99361a6fed,block_permutation,0.0,zero,1416,outer_02,elastic_net,142,4,51203122,4129
"[""cluster__8c9f8f99361a6fed""]",cluster__8c9f8f99361a6fed,block_permutation,0.0,zero,1416,outer_02,elastic_net,142,5,51203123,4129
"[""cluster__8c9f8f99361a6fed""]",cluster__8c9f8f99361a6fed,block_permutation,0.0,zero,1416,outer_02,elastic_net,142,6,51203124,4129
"[""cluster__8c9f8f99361a6fed""]",cluster__8c9f8f99361a6fed,block_permutation,0.0,zero,1416,outer_02,elastic_net,142,7,51203125,4129
"[""cluster__8c9f8f99361a6fed""]",cluster__8c9f8f99361a6fed,block_permutation,0.0,zero,1416,outer_02,elastic_net,142,8,51203126,4129
"[""cluster__8c9f8f99361a6fed""]",cluster__8c9f8f99361a6fed,block_permutation,0.0,zero,1416,outer_02,elastic_net,142,9,51203127,4129
"[""cluster__959b637bd3bb66d4""]",cluster__959b637bd3bb66d4,block_permutation,0.0,zero,1416,outer_02,elastic_net,142,0,51203128,4129
"[""cluster__959b637bd3bb66d4""]",cluster__959b637bd3bb66d4,block_permutation,0.0,zero,1416,outer_02,elastic_net,142,1,51203129,4129
"[""cluster__959b637bd3bb66d4""]",cluster__959b637bd3bb66d4,block_permutation,0.0,zero,1416,outer_02,elastic_net,142,2,51203130,4129
"[""cluster__959b637bd3bb66d4""]",cluster__959b637bd3bb66d4,block_permutation,0.0,zero,1416,outer_02,elastic_net,142,3,51203131,4129
"[""cluster__959b637bd3bb66d4""]",cluster__959b637bd3bb66d4,block_permutation,0.0,zero,1416,outer_02,elastic_net,142,4,51203132,4129
"[""cluster__959b637bd3bb66d4""]",cluster__959b637bd3bb66d4,block_permutation,0.0,zero,1416,outer_02,elastic_net,142,5,51203133,4129
"[""cluster__959b637bd3bb66d4""]",cluster__959b637bd3bb66d4,block_permutation,0.0,zero,1416,outer_02,elastic_net,142,6,51203134,4129
"[""cluster__959b637bd3bb66d4""]",cluster__959b637bd3bb66d4,block_permutation,0.0,zero,1416,outer_02,elastic_net,142,7,51203135,4129
"[""cluster__959b637bd3bb66d4""]",cluster__959b637bd3bb66d4,block_permutation,0.0,zero,1416,outer_02,elastic_net,142,8,51203136,4129
"[""cluster__959b637bd3bb66d4""]",cluster__959b637bd3bb66d4,block_permutation,0.0,zero,1416,outer_02,elastic_net,142,9,51203137,4129
"[""cluster__962c08b556b1c862""]",cluster__962c08b556b1c862,block_permutation,0.0,zero,1416,outer_02,elastic_net,142,0,51203138,4129
"[""cluster__962c08b556b1c862""]",cluster__962c08b556b1c862,block_permutation,0.0,zero,1416,outer_02,elastic_net,142,1,51203139,4129
"[""cluster__962c08b556b1c862""]",cluster__962c08b556b1c862,block_permutation,0.0,zero,1416,outer_02,elastic_net,142,2,51203140,4129
"[""cluster__962c08b556b1c862""]",cluster__962c08b556b1c862,block_permutation,0.0,zero,1416,outer_02,elastic_net,142,3,51203141,4129
"[""cluster__962c08b556b1c862""]",cluster__962c08b556b1c862,block_permutation,0.0,zero,1416,outer_02,elastic_net,142,4,51203142,4129
"[""cluster__962c08b556b1c862""]",cluster__962c08b556b1c862,block_permutation,0.0,zero,1416,outer_02,elastic_net,142,5,51203143,4129
"[""cluster__962c08b556b1c862""]",cluster__962c08b556b1c862,block_permutation,0.0,zero,1416,outer_02,elastic_net,142,6,51203144,4129
"[""cluster__962c08b556b1c862""]",cluster__962c08b556b1c862,block_permutation,0.0,zero,1416,outer_02,elastic_net,142,7,51203145,4129
"[""cluster__962c08b556b1c862""]",cluster__962c08b556b1c862,block_permutation,0.0,zero,1416,outer_02,elastic_net,142,8,51203146,4129
"[""cluster__962c08b556b1c862""]",cluster__962c08b556b1c862,block_permutation,0.0,zero,1416,outer_02,elastic_net,142,9,51203147,4129
"[""cluster__9ca9e2709e5c747a""]",cluster__9ca9e2709e5c747a,block_permutation,0.0,zero,1416,outer_02,elastic_net,142,0,51203148,4129
"[""cluster__9ca9e2709e5c747a""]",cluster__9ca9e2709e5c747a,block_permutation,0.0,zero,1416,outer_02,elastic_net,142,1,51203149,4129
"[""cluster__9ca9e2709e5c747a""]",cluster__9ca9e2709e5c747a,block_permutation,0.0,zero,1416,outer_02,elastic_net,142,2,51203150,4129
"[""cluster__9ca9e2709e5c747a""]",cluster__9ca9e2709e5c747a,block_permutation,0.0,zero,1416,outer_02,elastic_net,142,3,51203151,4129
"[""cluster__9ca9e2709e5c747a""]",cluster__9ca9e2709e5c747a,block_permutation,0.0,zero,1416,outer_02,elastic_net,142,4,51203152,4129
"[""cluster__9ca9e2709e5c747a""]",cluster__9ca9e2709e5c747a,block_permutation,0.0,zero,1416,outer_02,elastic_net,142,5,51203153,4129
"[""cluster__9ca9e2709e5c747a""]",cluster__9ca9e2709e5c747a,block_permutation,0.0,zero,1416,outer_02,elastic_net,142,6,51203154,4129
"[""cluster__9ca9e2709e5c747a""]",cluster__9ca9e2709e5c747a,block_permutation,0.0,zero,1416,outer_02,elastic_net,142,7,51203155,4129
"[""cluster__9ca9e2709e5c747a""]",cluster__9ca9e2709e5c747a,block_permutation,0.0,zero,1416,outer_02,elastic_net,142,8,51203156,4129
"[""cluster__9ca9e2709e5c747a""]",cluster__9ca9e2709e5c747a,block_permutation,0.0,zero,1416,outer_02,elastic_net,142,9,51203157,4129
"[""cluster__a1e835b95b16e9e9""]",cluster__a1e835b95b16e9e9,block_permutation,0.0,zero,1416,outer_02,elastic_net,142,0,51203158,4129
"[""cluster__a1e835b95b16e9e9""]",cluster__a1e835b95b16e9e9,block_permutation,0.0,zero,1416,outer_02,elastic_net,142,1,51203159,4129
"[""cluster__a1e835b95b16e9e9""]",cluster__a1e835b95b16e9e9,block_permutation,0.0,zero,1416,outer_02,elastic_net,142,2,51203160,4129
"[""cluster__a1e835b95b16e9e9""]",cluster__a1e835b95b16e9e9,block_permutation,0.0,zero,1416,outer_02,elastic_net,142,3,51203161,4129
"[""cluster__a1e835b95b16e9e9""]",cluster__a1e835b95b16e9e9,block_permutation,0.0,zero,1416,outer_02,elastic_net,142,4,51203162,4129
"[""cluster__a1e835b95b16e9e9""]",cluster__a1e835b95b16e9e9,block_permutation,0.0,zero,1416,outer_02,elastic_net,142,5,51203163,4129
"[""cluster__a1e835b95b16e9e9""]",cluster__a1e835b95b16e9e9,block_permutation,0.0,zero,1416,outer_02,elastic_net,142,6,51203164,4129
"[""cluster__a1e835b95b16e9e9""]",cluster__a1e835b95b16e9e9,block_permutation,0.0,zero,1416,outer_02,elastic_net,142,7,51203165,4129
"[""cluster__a1e835b95b16e9e9""]",cluster__a1e835b95b16e9e9,block_permutation,0.0,zero,1416,outer_02,elastic_net,142,8,51203166,4129
"[""cluster__a1e835b95b16e9e9""]",cluster__a1e835b95b16e9e9,block_permutation,0.0,zero,1416,outer_02,elastic_net,142,9,51203167,4129
"[""cluster__a59fb5db9f4fd3e0""]",cluster__a59fb5db9f4fd3e0,block_permutation,0.04562093515248167,positive,1416,outer_02,elastic_net,142,0,51203168,4129
"[""cluster__a59fb5db9f4fd3e0""]",cluster__a59fb5db9f4fd3e0,block_permutation,0.04448747400946251,positive,1416,outer_02,elastic_net,142,1,51203169,4129
"[""cluster__a59fb5db9f4fd3e0""]",cluster__a59fb5db9f4fd3e0,block_permutation,0.028309067484061368,positive,1416,outer_02,elastic_net,142,2,51203170,4129
"[""cluster__a59fb5db9f4fd3e0""]",cluster__a59fb5db9f4fd3e0,block_permutation,0.033105977214927584,positive,1416,outer_02,elastic_net,142,3,51203171,4129
"[""cluster__a59fb5db9f4fd3e0""]",cluster__a59fb5db9f4fd3e0,block_permutation,0.028109684159540183,positive,1416,outer_02,elastic_net,142,4,51203172,4129
"[""cluster__a59fb5db9f4fd3e0""]",cluster__a59fb5db9f4fd3e0,block_permutation,0.022116297507554172,positive,1416,outer_02,elastic_net,142,5,51203173,4129
"[""cluster__a59fb5db9f4fd3e0""]",cluster__a59fb5db9f4fd3e0,block_permutation,0.04469137501785592,positive,1416,outer_02,elastic_net,142,6,51203174,4129
"[""cluster__a59fb5db9f4fd3e0""]",cluster__a59fb5db9f4fd3e0,block_permutation,-0.011090083404534656,negative,1416,outer_02,elastic_net,142,7,51203175,4129
"[""cluster__a59fb5db9f4fd3e0""]",cluster__a59fb5db9f4fd3e0,block_permutation,0.01523050076760979,positive,1416,outer_02,elastic_net,142,8,51203176,4129
"[""cluster__a59fb5db9f4fd3e0""]",cluster__a59fb5db9f4fd3e0,block_permutation,0.029720359414369124,positive,1416,outer_02,elastic_net,142,9,51203177,4129
"[""cluster__a7171c841cb9fb67""]",cluster__a7171c841cb9fb67,block_permutation,0.0,zero,1416,outer_02,elastic_net,142,0,51203178,4129
"[""cluster__a7171c841cb9fb67""]",cluster__a7171c841cb9fb67,block_permutation,0.0,zero,1416,outer_02,elastic_net,142,1,51203179,4129
"[""cluster__a7171c841cb9fb67""]",cluster__a7171c841cb9fb67,block_permutation,0.0,zero,1416,outer_02,elastic_net,142,2,51203180,4129
"[""cluster__a7171c841cb9fb67""]",cluster__a7171c841cb9fb67,block_permutation,0.0,zero,1416,outer_02,elastic_net,142,3,51203181,4129
"[""cluster__a7171c841cb9fb67""]",cluster__a7171c841cb9fb67,block_permutation,0.0,zero,1416,outer_02,elastic_net,142,4,51203182,4129
"[""cluster__a7171c841cb9fb67""]",cluster__a7171c841cb9fb67,block_permutation,0.0,zero,1416,outer_02,elastic_net,142,5,51203183,4129
"[""cluster__a7171c841cb9fb67""]",cluster__a7171c841cb9fb67,block_permutation,0.0,zero,1416,outer_02,elastic_net,142,6,51203184,4129
"[""cluster__a7171c841cb9fb67""]",cluster__a7171c841cb9fb67,block_permutation,0.0,zero,1416,outer_02,elastic_net,142,7,51203185,4129
"[""cluster__a7171c841cb9fb67""]",cluster__a7171c841cb9fb67,block_permutation,0.0,zero,1416,outer_02,elastic_net,142,8,51203186,4129
"[""cluster__a7171c841cb9fb67""]",cluster__a7171c841cb9fb67,block_permutation,0.0,zero,1416,outer_02,elastic_net,142,9,51203187,4129
"[""cluster__a867b4c1b44d375e""]",cluster__a867b4c1b44d375e,block_permutation,0.0,zero,1416,outer_02,elastic_net,142,0,51203188,4129
"[""cluster__a867b4c1b44d375e""]",cluster__a867b4c1b44d375e,block_permutation,0.0,zero,1416,outer_02,elastic_net,142,1,51203189,4129
"[""cluster__a867b4c1b44d375e""]",cluster__a867b4c1b44d375e,block_permutation,0.0,zero,1416,outer_02,elastic_net,142,2,51203190,4129
"[""cluster__a867b4c1b44d375e""]",cluster__a867b4c1b44d375e,block_permutation,0.0,zero,1416,outer_02,elastic_net,142,3,51203191,4129
"[""cluster__a867b4c1b44d375e""]",cluster__a867b4c1b44d375e,block_permutation,0.0,zero,1416,outer_02,elastic_net,142,4,51203192,4129
"[""cluster__a867b4c1b44d375e""]",cluster__a867b4c1b44d375e,block_permutation,0.0,zero,1416,outer_02,elastic_net,142,5,51203193,4129
"[""cluster__a867b4c1b44d375e""]",cluster__a867b4c1b44d375e,block_permutation,0.0,zero,1416,outer_02,elastic_net,142,6,51203194,4129
"[""cluster__a867b4c1b44d375e""]",cluster__a867b4c1b44d375e,block_permutation,0.0,zero,1416,outer_02,elastic_net,142,7,51203195,4129
"[""cluster__a867b4c1b44d375e""]",cluster__a867b4c1b44d375e,block_permutation,0.0,zero,1416,outer_02,elastic_net,142,8,51203196,4129
"[""cluster__a867b4c1b44d375e""]",cluster__a867b4c1b44d375e,block_permutation,0.0,zero,1416,outer_02,elastic_net,142,9,51203197,4129
"[""cluster__ad0a96a048bbc7d8""]",cluster__ad0a96a048bbc7d8,block_permutation,0.0,zero,1416,outer_02,elastic_net,142,0,51203198,4129
"[""cluster__ad0a96a048bbc7d8""]",cluster__ad0a96a048bbc7d8,block_permutation,0.0,zero,1416,outer_02,elastic_net,142,1,51203199,4129
"[""cluster__ad0a96a048bbc7d8""]",cluster__ad0a96a048bbc7d8,block_permutation,0.0,zero,1416,outer_02,elastic_net,142,2,51203200,4129
"[""cluster__ad0a96a048bbc7d8""]",cluster__ad0a96a048bbc7d8,block_permutation,0.0,zero,1416,outer_02,elastic_net,142,3,51203201,4129
"[""cluster__ad0a96a048bbc7d8""]",cluster__ad0a96a048bbc7d8,block_permutation,0.0,zero,1416,outer_02,elastic_net,142,4,51203202,4129
"[""cluster__ad0a96a048bbc7d8""]",cluster__ad0a96a048bbc7d8,block_permutation,0.0,zero,1416,outer_02,elastic_net,142,5,51203203,4129
"[""cluster__ad0a96a048bbc7d8""]",cluster__ad0a96a048bbc7d8,block_permutation,0.0,zero,1416,outer_02,elastic_net,142,6,51203204,4129
"[""cluster__ad0a96a048bbc7d8""]",cluster__ad0a96a048bbc7d8,block_permutation,0.0,zero,1416,outer_02,elastic_net,142,7,51203205,4129
"[""cluster__ad0a96a048bbc7d8""]",cluster__ad0a96a048bbc7d8,block_permutation,0.0,zero,1416,outer_02,elastic_net,142,8,51203206,4129
"[""cluster__ad0a96a048bbc7d8""]",cluster__ad0a96a048bbc7d8,block_permutation,0.0,zero,1416,outer_02,elastic_net,142,9,51203207,4129
"[""cluster__afbf9ac7f0d6750b""]",cluster__afbf9ac7f0d6750b,block_permutation,0.0,zero,1416,outer_02,elastic_net,142,0,51203208,4129
"[""cluster__afbf9ac7f0d6750b""]",cluster__afbf9ac7f0d6750b,block_permutation,0.0,zero,1416,outer_02,elastic_net,142,1,51203209,4129
"[""cluster__afbf9ac7f0d6750b""]",cluster__afbf9ac7f0d6750b,block_permutation,0.0,zero,1416,outer_02,elastic_net,142,2,51203210,4129
"[""cluster__afbf9ac7f0d6750b""]",cluster__afbf9ac7f0d6750b,block_permutation,0.0,zero,1416,outer_02,elastic_net,142,3,51203211,4129
"[""cluster__afbf9ac7f0d6750b""]",cluster__afbf9ac7f0d6750b,block_permutation,0.0,zero,1416,outer_02,elastic_net,142,4,51203212,4129
"[""cluster__afbf9ac7f0d6750b""]",cluster__afbf9ac7f0d6750b,block_permutation,0.0,zero,1416,outer_02,elastic_net,142,5,51203213,4129
"[""cluster__afbf9ac7f0d6750b""]",cluster__afbf9ac7f0d6750b,block_permutation,0.0,zero,1416,outer_02,elastic_net,142,6,51203214,4129
"[""cluster__afbf9ac7f0d6750b""]",cluster__afbf9ac7f0d6750b,block_permutation,0.0,zero,1416,outer_02,elastic_net,142,7,51203215,4129
"[""cluster__afbf9ac7f0d6750b""]",cluster__afbf9ac7f0d6750b,block_permutation,0.0,zero,1416,outer_02,elastic_net,142,8,51203216,4129
"[""cluster__afbf9ac7f0d6750b""]",cluster__afbf9ac7f0d6750b,block_permutation,0.0,zero,1416,outer_02,elastic_net,142,9,51203217,4129
"[""cluster__b14504afa42d221d""]",cluster__b14504afa42d221d,block_permutation,0.0,zero,1416,outer_02,elastic_net,142,0,51203218,4129
"[""cluster__b14504afa42d221d""]",cluster__b14504afa42d221d,block_permutation,0.0,zero,1416,outer_02,elastic_net,142,1,51203219,4129
"[""cluster__b14504afa42d221d""]",cluster__b14504afa42d221d,block_permutation,0.0,zero,1416,outer_02,elastic_net,142,2,51203220,4129
"[""cluster__b14504afa42d221d""]",cluster__b14504afa42d221d,block_permutation,0.0,zero,1416,outer_02,elastic_net,142,3,51203221,4129
"[""cluster__b14504afa42d221d""]",cluster__b14504afa42d221d,block_permutation,0.0,zero,1416,outer_02,elastic_net,142,4,51203222,4129
"[""cluster__b14504afa42d221d""]",cluster__b14504afa42d221d,block_permutation,0.0,zero,1416,outer_02,elastic_net,142,5,51203223,4129
"[""cluster__b14504afa42d221d""]",cluster__b14504afa42d221d,block_permutation,0.0,zero,1416,outer_02,elastic_net,142,6,51203224,4129
"[""cluster__b14504afa42d221d""]",cluster__b14504afa42d221d,block_permutation,0.0,zero,1416,outer_02,elastic_net,142,7,51203225,4129
"[""cluster__b14504afa42d221d""]",cluster__b14504afa42d221d,block_permutation,0.0,zero,1416,outer_02,elastic_net,142,8,51203226,4129
"[""cluster__b14504afa42d221d""]",cluster__b14504afa42d221d,block_permutation,0.0,zero,1416,outer_02,elastic_net,142,9,51203227,4129
"[""cluster__b3049e2f6d60b737""]",cluster__b3049e2f6d60b737,block_permutation,0.0,zero,1416,outer_02,elastic_net,142,0,51203228,4129
"[""cluster__b3049e2f6d60b737""]",cluster__b3049e2f6d60b737,block_permutation,0.0,zero,1416,outer_02,elastic_net,142,1,51203229,4129
"[""cluster__b3049e2f6d60b737""]",cluster__b3049e2f6d60b737,block_permutation,0.0,zero,1416,outer_02,elastic_net,142,2,51203230,4129
"[""cluster__b3049e2f6d60b737""]",cluster__b3049e2f6d60b737,block_permutation,0.0,zero,1416,outer_02,elastic_net,142,3,51203231,4129
"[""cluster__b3049e2f6d60b737""]",cluster__b3049e2f6d60b737,block_permutation,0.0,zero,1416,outer_02,elastic_net,142,4,51203232,4129
"[""cluster__b3049e2f6d60b737""]",cluster__b3049e2f6d60b737,block_permutation,0.0,zero,1416,outer_02,elastic_net,142,5,51203233,4129
"[""cluster__b3049e2f6d60b737""]",cluster__b3049e2f6d60b737,block_permutation,0.0,zero,1416,outer_02,elastic_net,142,6,51203234,4129
"[""cluster__b3049e2f6d60b737""]",cluster__b3049e2f6d60b737,block_permutation,0.0,zero,1416,outer_02,elastic_net,142,7,51203235,4129
"[""cluster__b3049e2f6d60b737""]",cluster__b3049e2f6d60b737,block_permutation,0.0,zero,1416,outer_02,elastic_net,142,8,51203236,4129
"[""cluster__b3049e2f6d60b737""]",cluster__b3049e2f6d60b737,block_permutation,0.0,zero,1416,outer_02,elastic_net,142,9,51203237,4129
"[""cluster__b31ca2d0bf76f633""]",cluster__b31ca2d0bf76f633,block_permutation,0.0,zero,1416,outer_02,elastic_net,142,0,51203238,4129
"[""cluster__b31ca2d0bf76f633""]",cluster__b31ca2d0bf76f633,block_permutation,0.0,zero,1416,outer_02,elastic_net,142,1,51203239,4129
"[""cluster__b31ca2d0bf76f633""]",cluster__b31ca2d0bf76f633,block_permutation,0.0,zero,1416,outer_02,elastic_net,142,2,51203240,4129
"[""cluster__b31ca2d0bf76f633""]",cluster__b31ca2d0bf76f633,block_permutation,0.0,zero,1416,outer_02,elastic_net,142,3,51203241,4129
"[""cluster__b31ca2d0bf76f633""]",cluster__b31ca2d0bf76f633,block_permutation,0.0,zero,1416,outer_02,elastic_net,142,4,51203242,4129
"[""cluster__b31ca2d0bf76f633""]",cluster__b31ca2d0bf76f633,block_permutation,0.0,zero,1416,outer_02,elastic_net,142,5,51203243,4129
"[""cluster__b31ca2d0bf76f633""]",cluster__b31ca2d0bf76f633,block_permutation,0.0,zero,1416,outer_02,elastic_net,142,6,51203244,4129
"[""cluster__b31ca2d0bf76f633""]",cluster__b31ca2d0bf76f633,block_permutation,0.0,zero,1416,outer_02,elastic_net,142,7,51203245,4129
"[""cluster__b31ca2d0bf76f633""]",cluster__b31ca2d0bf76f633,block_permutation,0.0,zero,1416,outer_02,elastic_net,142,8,51203246,4129
"[""cluster__b31ca2d0bf76f633""]",cluster__b31ca2d0bf76f633,block_permutation,0.0,zero,1416,outer_02,elastic_net,142,9,51203247,4129
"[""cluster__b3a7ffd8d4e710b8""]",cluster__b3a7ffd8d4e710b8,block_permutation,0.0,zero,1416,outer_02,elastic_net,142,0,51203248,4129
"[""cluster__b3a7ffd8d4e710b8""]",cluster__b3a7ffd8d4e710b8,block_permutation,0.0,zero,1416,outer_02,elastic_net,142,1,51203249,4129
"[""cluster__b3a7ffd8d4e710b8""]",cluster__b3a7ffd8d4e710b8,block_permutation,0.0,zero,1416,outer_02,elastic_net,142,2,51203250,4129
"[""cluster__b3a7ffd8d4e710b8""]",cluster__b3a7ffd8d4e710b8,block_permutation,0.0,zero,1416,outer_02,elastic_net,142,3,51203251,4129
"[""cluster__b3a7ffd8d4e710b8""]",cluster__b3a7ffd8d4e710b8,block_permutation,0.0,zero,1416,outer_02,elastic_net,142,4,51203252,4129
"[""cluster__b3a7ffd8d4e710b8""]",cluster__b3a7ffd8d4e710b8,block_permutation,0.0,zero,1416,outer_02,elastic_net,142,5,51203253,4129
"[""cluster__b3a7ffd8d4e710b8""]",cluster__b3a7ffd8d4e710b8,block_permutation,0.0,zero,1416,outer_02,elastic_net,142,6,51203254,4129
"[""cluster__b3a7ffd8d4e710b8""]",cluster__b3a7ffd8d4e710b8,block_permutation,0.0,zero,1416,outer_02,elastic_net,142,7,51203255,4129
"[""cluster__b3a7ffd8d4e710b8""]",cluster__b3a7ffd8d4e710b8,block_permutation,0.0,zero,1416,outer_02,elastic_net,142,8,51203256,4129
"[""cluster__b3a7ffd8d4e710b8""]",cluster__b3a7ffd8d4e710b8,block_permutation,0.0,zero,1416,outer_02,elastic_net,142,9,51203257,4129
"[""cluster__b89a1d7f25394d90""]",cluster__b89a1d7f25394d90,block_permutation,0.0,zero,1416,outer_02,elastic_net,142,0,51203258,4129
"[""cluster__b89a1d7f25394d90""]",cluster__b89a1d7f25394d90,block_permutation,0.0,zero,1416,outer_02,elastic_net,142,1,51203259,4129
"[""cluster__b89a1d7f25394d90""]",cluster__b89a1d7f25394d90,block_permutation,0.0,zero,1416,outer_02,elastic_net,142,2,51203260,4129
"[""cluster__b89a1d7f25394d90""]",cluster__b89a1d7f25394d90,block_permutation,0.0,zero,1416,outer_02,elastic_net,142,3,51203261,4129
"[""cluster__b89a1d7f25394d90""]",cluster__b89a1d7f25394d90,block_permutation,0.0,zero,1416,outer_02,elastic_net,142,4,51203262,4129
"[""cluster__b89a1d7f25394d90""]",cluster__b89a1d7f25394d90,block_permutation,0.0,zero,1416,outer_02,elastic_net,142,5,51203263,4129
"[""cluster__b89a1d7f25394d90""]",cluster__b89a1d7f25394d90,block_permutation,0.0,zero,1416,outer_02,elastic_net,142,6,51203264,4129
"[""cluster__b89a1d7f25394d90""]",cluster__b89a1d7f25394d90,block_permutation,0.0,zero,1416,outer_02,elastic_net,142,7,51203265,4129
"[""cluster__b89a1d7f25394d90""]",cluster__b89a1d7f25394d90,block_permutation,0.0,zero,1416,outer_02,elastic_net,142,8,51203266,4129
"[""cluster__b89a1d7f25394d90""]",cluster__b89a1d7f25394d90,block_permutation,0.0,zero,1416,outer_02,elastic_net,142,9,51203267,4129
"[""cluster__b8b7a0836024d4d3""]",cluster__b8b7a0836024d4d3,block_permutation,0.0,zero,1416,outer_02,elastic_net,142,0,51203268,4129
"[""cluster__b8b7a0836024d4d3""]",cluster__b8b7a0836024d4d3,block_permutation,0.0,zero,1416,outer_02,elastic_net,142,1,51203269,4129
"[""cluster__b8b7a0836024d4d3""]",cluster__b8b7a0836024d4d3,block_permutation,0.0,zero,1416,outer_02,elastic_net,142,2,51203270,4129
"[""cluster__b8b7a0836024d4d3""]",cluster__b8b7a0836024d4d3,block_permutation,0.0,zero,1416,outer_02,elastic_net,142,3,51203271,4129
"[""cluster__b8b7a0836024d4d3""]",cluster__b8b7a0836024d4d3,block_permutation,0.0,zero,1416,outer_02,elastic_net,142,4,51203272,4129
"[""cluster__b8b7a0836024d4d3""]",cluster__b8b7a0836024d4d3,block_permutation,0.0,zero,1416,outer_02,elastic_net,142,5,51203273,4129
"[""cluster__b8b7a0836024d4d3""]",cluster__b8b7a0836024d4d3,block_permutation,0.0,zero,1416,outer_02,elastic_net,142,6,51203274,4129
"[""cluster__b8b7a0836024d4d3""]",cluster__b8b7a0836024d4d3,block_permutation,0.0,zero,1416,outer_02,elastic_net,142,7,51203275,4129
"[""cluster__b8b7a0836024d4d3""]",cluster__b8b7a0836024d4d3,block_permutation,0.0,zero,1416,outer_02,elastic_net,142,8,51203276,4129
"[""cluster__b8b7a0836024d4d3""]",cluster__b8b7a0836024d4d3,block_permutation,0.0,zero,1416,outer_02,elastic_net,142,9,51203277,4129
"[""cluster__b9449c25001f7b51""]",cluster__b9449c25001f7b51,block_permutation,0.0,zero,1416,outer_02,elastic_net,142,0,51203278,4129
"[""cluster__b9449c25001f7b51""]",cluster__b9449c25001f7b51,block_permutation,0.0,zero,1416,outer_02,elastic_net,142,1,51203279,4129
"[""cluster__b9449c25001f7b51""]",cluster__b9449c25001f7b51,block_permutation,0.0,zero,1416,outer_02,elastic_net,142,2,51203280,4129
"[""cluster__b9449c25001f7b51""]",cluster__b9449c25001f7b51,block_permutation,0.0,zero,1416,outer_02,elastic_net,142,3,51203281,4129
"[""cluster__b9449c25001f7b51""]",cluster__b9449c25001f7b51,block_permutation,0.0,zero,1416,outer_02,elastic_net,142,4,51203282,4129
"[""cluster__b9449c25001f7b51""]",cluster__b9449c25001f7b51,block_permutation,0.0,zero,1416,outer_02,elastic_net,142,5,51203283,4129
"[""cluster__b9449c25001f7b51""]",cluster__b9449c25001f7b51,block_permutation,0.0,zero,1416,outer_02,elastic_net,142,6,51203284,4129
"[""cluster__b9449c25001f7b51""]",cluster__b9449c25001f7b51,block_permutation,0.0,zero,1416,outer_02,elastic_net,142,7,51203285,4129
"[""cluster__b9449c25001f7b51""]",cluster__b9449c25001f7b51,block_permutation,0.0,zero,1416,outer_02,elastic_net,142,8,51203286,4129
"[""cluster__b9449c25001f7b51""]",cluster__b9449c25001f7b51,block_permutation,0.0,zero,1416,outer_02,elastic_net,142,9,51203287,4129
"[""cluster__bc09b5bb95952a78""]",cluster__bc09b5bb95952a78,block_permutation,0.0,zero,1416,outer_02,elastic_net,142,0,51203288,4129
"[""cluster__bc09b5bb95952a78""]",cluster__bc09b5bb95952a78,block_permutation,0.0,zero,1416,outer_02,elastic_net,142,1,51203289,4129
"[""cluster__bc09b5bb95952a78""]",cluster__bc09b5bb95952a78,block_permutation,0.0,zero,1416,outer_02,elastic_net,142,2,51203290,4129
"[""cluster__bc09b5bb95952a78""]",cluster__bc09b5bb95952a78,block_permutation,0.0,zero,1416,outer_02,elastic_net,142,3,51203291,4129
"[""cluster__bc09b5bb95952a78""]",cluster__bc09b5bb95952a78,block_permutation,0.0,zero,1416,outer_02,elastic_net,142,4,51203292,4129
"[""cluster__bc09b5bb95952a78""]",cluster__bc09b5bb95952a78,block_permutation,0.0,zero,1416,outer_02,elastic_net,142,5,51203293,4129
"[""cluster__bc09b5bb95952a78""]",cluster__bc09b5bb95952a78,block_permutation,0.0,zero,1416,outer_02,elastic_net,142,6,51203294,4129
"[""cluster__bc09b5bb95952a78""]",cluster__bc09b5bb95952a78,block_permutation,0.0,zero,1416,outer_02,elastic_net,142,7,51203295,4129
"[""cluster__bc09b5bb95952a78""]",cluster__bc09b5bb95952a78,block_permutation,0.0,zero,1416,outer_02,elastic_net,142,8,51203296,4129
"[""cluster__bc09b5bb95952a78""]",cluster__bc09b5bb95952a78,block_permutation,0.0,zero,1416,outer_02,elastic_net,142,9,51203297,4129
"[""cluster__c2362e322fead508""]",cluster__c2362e322fead508,block_permutation,0.0,zero,1416,outer_02,elastic_net,142,0,51203298,4129
"[""cluster__c2362e322fead508""]",cluster__c2362e322fead508,block_permutation,0.0,zero,1416,outer_02,elastic_net,142,1,51203299,4129
"[""cluster__c2362e322fead508""]",cluster__c2362e322fead508,block_permutation,0.0,zero,1416,outer_02,elastic_net,142,2,51203300,4129
"[""cluster__c2362e322fead508""]",cluster__c2362e322fead508,block_permutation,0.0,zero,1416,outer_02,elastic_net,142,3,51203301,4129
"[""cluster__c2362e322fead508""]",cluster__c2362e322fead508,block_permutation,0.0,zero,1416,outer_02,elastic_net,142,4,51203302,4129
"[""cluster__c2362e322fead508""]",cluster__c2362e322fead508,block_permutation,0.0,zero,1416,outer_02,elastic_net,142,5,51203303,4129
"[""cluster__c2362e322fead508""]",cluster__c2362e322fead508,block_permutation,0.0,zero,1416,outer_02,elastic_net,142,6,51203304,4129
"[""cluster__c2362e322fead508""]",cluster__c2362e322fead508,block_permutation,0.0,zero,1416,outer_02,elastic_net,142,7,51203305,4129
"[""cluster__c2362e322fead508""]",cluster__c2362e322fead508,block_permutation,0.0,zero,1416,outer_02,elastic_net,142,8,51203306,4129
"[""cluster__c2362e322fead508""]",cluster__c2362e322fead508,block_permutation,0.0,zero,1416,outer_02,elastic_net,142,9,51203307,4129
"[""cluster__c31b8136d504bf03""]",cluster__c31b8136d504bf03,block_permutation,0.0,zero,1416,outer_02,elastic_net,142,0,51203308,4129
"[""cluster__c31b8136d504bf03""]",cluster__c31b8136d504bf03,block_permutation,0.0,zero,1416,outer_02,elastic_net,142,1,51203309,4129
"[""cluster__c31b8136d504bf03""]",cluster__c31b8136d504bf03,block_permutation,0.0,zero,1416,outer_02,elastic_net,142,2,51203310,4129
"[""cluster__c31b8136d504bf03""]",cluster__c31b8136d504bf03,block_permutation,0.0,zero,1416,outer_02,elastic_net,142,3,51203311,4129
"[""cluster__c31b8136d504bf03""]",cluster__c31b8136d504bf03,block_permutation,0.0,zero,1416,outer_02,elastic_net,142,4,51203312,4129
"[""cluster__c31b8136d504bf03""]",cluster__c31b8136d504bf03,block_permutation,0.0,zero,1416,outer_02,elastic_net,142,5,51203313,4129
"[""cluster__c31b8136d504bf03""]",cluster__c31b8136d504bf03,block_permutation,0.0,zero,1416,outer_02,elastic_net,142,6,51203314,4129
"[""cluster__c31b8136d504bf03""]",cluster__c31b8136d504bf03,block_permutation,0.0,zero,1416,outer_02,elastic_net,142,7,51203315,4129
"[""cluster__c31b8136d504bf03""]",cluster__c31b8136d504bf03,block_permutation,0.0,zero,1416,outer_02,elastic_net,142,8,51203316,4129
"[""cluster__c31b8136d504bf03""]",cluster__c31b8136d504bf03,block_permutation,0.0,zero,1416,outer_02,elastic_net,142,9,51203317,4129
"[""cluster__c5e49f1433602139""]",cluster__c5e49f1433602139,block_permutation,0.0,zero,1416,outer_02,elastic_net,142,0,51203318,4129
"[""cluster__c5e49f1433602139""]",cluster__c5e49f1433602139,block_permutation,0.0,zero,1416,outer_02,elastic_net,142,1,51203319,4129
"[""cluster__c5e49f1433602139""]",cluster__c5e49f1433602139,block_permutation,0.0,zero,1416,outer_02,elastic_net,142,2,51203320,4129
"[""cluster__c5e49f1433602139""]",cluster__c5e49f1433602139,block_permutation,0.0,zero,1416,outer_02,elastic_net,142,3,51203321,4129
"[""cluster__c5e49f1433602139""]",cluster__c5e49f1433602139,block_permutation,0.0,zero,1416,outer_02,elastic_net,142,4,51203322,4129
"[""cluster__c5e49f1433602139""]",cluster__c5e49f1433602139,block_permutation,0.0,zero,1416,outer_02,elastic_net,142,5,51203323,4129
"[""cluster__c5e49f1433602139""]",cluster__c5e49f1433602139,block_permutation,0.0,zero,1416,outer_02,elastic_net,142,6,51203324,4129
"[""cluster__c5e49f1433602139""]",cluster__c5e49f1433602139,block_permutation,0.0,zero,1416,outer_02,elastic_net,142,7,51203325,4129
"[""cluster__c5e49f1433602139""]",cluster__c5e49f1433602139,block_permutation,0.0,zero,1416,outer_02,elastic_net,142,8,51203326,4129
"[""cluster__c5e49f1433602139""]",cluster__c5e49f1433602139,block_permutation,0.0,zero,1416,outer_02,elastic_net,142,9,51203327,4129
"[""cluster__c9bce3cfeb10e97e""]",cluster__c9bce3cfeb10e97e,block_permutation,0.0,zero,1416,outer_02,elastic_net,142,0,51203328,4129
"[""cluster__c9bce3cfeb10e97e""]",cluster__c9bce3cfeb10e97e,block_permutation,0.0,zero,1416,outer_02,elastic_net,142,1,51203329,4129
"[""cluster__c9bce3cfeb10e97e""]",cluster__c9bce3cfeb10e97e,block_permutation,0.0,zero,1416,outer_02,elastic_net,142,2,51203330,4129
"[""cluster__c9bce3cfeb10e97e""]",cluster__c9bce3cfeb10e97e,block_permutation,0.0,zero,1416,outer_02,elastic_net,142,3,51203331,4129
"[""cluster__c9bce3cfeb10e97e""]",cluster__c9bce3cfeb10e97e,block_permutation,0.0,zero,1416,outer_02,elastic_net,142,4,51203332,4129
"[""cluster__c9bce3cfeb10e97e""]",cluster__c9bce3cfeb10e97e,block_permutation,0.0,zero,1416,outer_02,elastic_net,142,5,51203333,4129
"[""cluster__c9bce3cfeb10e97e""]",cluster__c9bce3cfeb10e97e,block_permutation,0.0,zero,1416,outer_02,elastic_net,142,6,51203334,4129
"[""cluster__c9bce3cfeb10e97e""]",cluster__c9bce3cfeb10e97e,block_permutation,0.0,zero,1416,outer_02,elastic_net,142,7,51203335,4129
"[""cluster__c9bce3cfeb10e97e""]",cluster__c9bce3cfeb10e97e,block_permutation,0.0,zero,1416,outer_02,elastic_net,142,8,51203336,4129
"[""cluster__c9bce3cfeb10e97e""]",cluster__c9bce3cfeb10e97e,block_permutation,0.0,zero,1416,outer_02,elastic_net,142,9,51203337,4129
"[""cluster__d0b21ec5092ce804""]",cluster__d0b21ec5092ce804,block_permutation,0.0,zero,1416,outer_02,elastic_net,142,0,51203338,4129
"[""cluster__d0b21ec5092ce804""]",cluster__d0b21ec5092ce804,block_permutation,0.0,zero,1416,outer_02,elastic_net,142,1,51203339,4129
"[""cluster__d0b21ec5092ce804""]",cluster__d0b21ec5092ce804,block_permutation,0.0,zero,1416,outer_02,elastic_net,142,2,51203340,4129
"[""cluster__d0b21ec5092ce804""]",cluster__d0b21ec5092ce804,block_permutation,0.0,zero,1416,outer_02,elastic_net,142,3,51203341,4129
"[""cluster__d0b21ec5092ce804""]",cluster__d0b21ec5092ce804,block_permutation,0.0,zero,1416,outer_02,elastic_net,142,4,51203342,4129
"[""cluster__d0b21ec5092ce804""]",cluster__d0b21ec5092ce804,block_permutation,0.0,zero,1416,outer_02,elastic_net,142,5,51203343,4129
"[""cluster__d0b21ec5092ce804""]",cluster__d0b21ec5092ce804,block_permutation,0.0,zero,1416,outer_02,elastic_net,142,6,51203344,4129
"[""cluster__d0b21ec5092ce804""]",cluster__d0b21ec5092ce804,block_permutation,0.0,zero,1416,outer_02,elastic_net,142,7,51203345,4129
"[""cluster__d0b21ec5092ce804""]",cluster__d0b21ec5092ce804,block_permutation,0.0,zero,1416,outer_02,elastic_net,142,8,51203346,4129
"[""cluster__d0b21ec5092ce804""]",cluster__d0b21ec5092ce804,block_permutation,0.0,zero,1416,outer_02,elastic_net,142,9,51203347,4129
"[""cluster__db99c4b3ba8fc30d""]",cluster__db99c4b3ba8fc30d,block_permutation,0.0,zero,1416,outer_02,elastic_net,142,0,51203348,4129
"[""cluster__db99c4b3ba8fc30d""]",cluster__db99c4b3ba8fc30d,block_permutation,0.0,zero,1416,outer_02,elastic_net,142,1,51203349,4129
"[""cluster__db99c4b3ba8fc30d""]",cluster__db99c4b3ba8fc30d,block_permutation,0.0,zero,1416,outer_02,elastic_net,142,2,51203350,4129
"[""cluster__db99c4b3ba8fc30d""]",cluster__db99c4b3ba8fc30d,block_permutation,0.0,zero,1416,outer_02,elastic_net,142,3,51203351,4129
"[""cluster__db99c4b3ba8fc30d""]",cluster__db99c4b3ba8fc30d,block_permutation,0.0,zero,1416,outer_02,elastic_net,142,4,51203352,4129
"[""cluster__db99c4b3ba8fc30d""]",cluster__db99c4b3ba8fc30d,block_permutation,0.0,zero,1416,outer_02,elastic_net,142,5,51203353,4129
"[""cluster__db99c4b3ba8fc30d""]",cluster__db99c4b3ba8fc30d,block_permutation,0.0,zero,1416,outer_02,elastic_net,142,6,51203354,4129
"[""cluster__db99c4b3ba8fc30d""]",cluster__db99c4b3ba8fc30d,block_permutation,0.0,zero,1416,outer_02,elastic_net,142,7,51203355,4129
"[""cluster__db99c4b3ba8fc30d""]",cluster__db99c4b3ba8fc30d,block_permutation,0.0,zero,1416,outer_02,elastic_net,142,8,51203356,4129
"[""cluster__db99c4b3ba8fc30d""]",cluster__db99c4b3ba8fc30d,block_permutation,0.0,zero,1416,outer_02,elastic_net,142,9,51203357,4129
"[""cluster__e11a6d709526da4b""]",cluster__e11a6d709526da4b,block_permutation,0.009069752500615702,positive,1416,outer_02,elastic_net,142,0,51203358,4129
"[""cluster__e11a6d709526da4b""]",cluster__e11a6d709526da4b,block_permutation,0.007732011429945507,positive,1416,outer_02,elastic_net,142,1,51203359,4129
"[""cluster__e11a6d709526da4b""]",cluster__e11a6d709526da4b,block_permutation,-0.006738654705119584,negative,1416,outer_02,elastic_net,142,2,51203360,4129
"[""cluster__e11a6d709526da4b""]",cluster__e11a6d709526da4b,block_permutation,-0.0014861759579650746,negative,1416,outer_02,elastic_net,142,3,51203361,4129
"[""cluster__e11a6d709526da4b""]",cluster__e11a6d709526da4b,block_permutation,-0.005235834319718524,negative,1416,outer_02,elastic_net,142,4,51203362,4129
"[""cluster__e11a6d709526da4b""]",cluster__e11a6d709526da4b,block_permutation,0.0006081161034056093,positive,1416,outer_02,elastic_net,142,5,51203363,4129
"[""cluster__e11a6d709526da4b""]",cluster__e11a6d709526da4b,block_permutation,0.003005455439988425,positive,1416,outer_02,elastic_net,142,6,51203364,4129
"[""cluster__e11a6d709526da4b""]",cluster__e11a6d709526da4b,block_permutation,-0.000348120882704972,negative,1416,outer_02,elastic_net,142,7,51203365,4129
"[""cluster__e11a6d709526da4b""]",cluster__e11a6d709526da4b,block_permutation,0.009079300302603066,positive,1416,outer_02,elastic_net,142,8,51203366,4129
"[""cluster__e11a6d709526da4b""]",cluster__e11a6d709526da4b,block_permutation,0.005399768520910397,positive,1416,outer_02,elastic_net,142,9,51203367,4129
"[""cluster__e52784991ac5d943""]",cluster__e52784991ac5d943,block_permutation,0.0,zero,1416,outer_02,elastic_net,142,0,51203368,4129
"[""cluster__e52784991ac5d943""]",cluster__e52784991ac5d943,block_permutation,0.0,zero,1416,outer_02,elastic_net,142,1,51203369,4129
"[""cluster__e52784991ac5d943""]",cluster__e52784991ac5d943,block_permutation,0.0,zero,1416,outer_02,elastic_net,142,2,51203370,4129
"[""cluster__e52784991ac5d943""]",cluster__e52784991ac5d943,block_permutation,0.0,zero,1416,outer_02,elastic_net,142,3,51203371,4129
"[""cluster__e52784991ac5d943""]",cluster__e52784991ac5d943,block_permutation,0.0,zero,1416,outer_02,elastic_net,142,4,51203372,4129
"[""cluster__e52784991ac5d943""]",cluster__e52784991ac5d943,block_permutation,0.0,zero,1416,outer_02,elastic_net,142,5,51203373,4129
"[""cluster__e52784991ac5d943""]",cluster__e52784991ac5d943,block_permutation,0.0,zero,1416,outer_02,elastic_net,142,6,51203374,4129
"[""cluster__e52784991ac5d943""]",cluster__e52784991ac5d943,block_permutation,0.0,zero,1416,outer_02,elastic_net,142,7,51203375,4129
"[""cluster__e52784991ac5d943""]",cluster__e52784991ac5d943,block_permutation,0.0,zero,1416,outer_02,elastic_net,142,8,51203376,4129
"[""cluster__e52784991ac5d943""]",cluster__e52784991ac5d943,block_permutation,0.0,zero,1416,outer_02,elastic_net,142,9,51203377,4129
"[""cluster__e6215b6a0fbc0220""]",cluster__e6215b6a0fbc0220,block_permutation,0.0,zero,1416,outer_02,elastic_net,142,0,51203378,4129
"[""cluster__e6215b6a0fbc0220""]",cluster__e6215b6a0fbc0220,block_permutation,0.0,zero,1416,outer_02,elastic_net,142,1,51203379,4129
"[""cluster__e6215b6a0fbc0220""]",cluster__e6215b6a0fbc0220,block_permutation,0.0,zero,1416,outer_02,elastic_net,142,2,51203380,4129
"[""cluster__e6215b6a0fbc0220""]",cluster__e6215b6a0fbc0220,block_permutation,0.0,zero,1416,outer_02,elastic_net,142,3,51203381,4129
"[""cluster__e6215b6a0fbc0220""]",cluster__e6215b6a0fbc0220,block_permutation,0.0,zero,1416,outer_02,elastic_net,142,4,51203382,4129
"[""cluster__e6215b6a0fbc0220""]",cluster__e6215b6a0fbc0220,block_permutation,0.0,zero,1416,outer_02,elastic_net,142,5,51203383,4129
"[""cluster__e6215b6a0fbc0220""]",cluster__e6215b6a0fbc0220,block_permutation,0.0,zero,1416,outer_02,elastic_net,142,6,51203384,4129
"[""cluster__e6215b6a0fbc0220""]",cluster__e6215b6a0fbc0220,block_permutation,0.0,zero,1416,outer_02,elastic_net,142,7,51203385,4129
"[""cluster__e6215b6a0fbc0220""]",cluster__e6215b6a0fbc0220,block_permutation,0.0,zero,1416,outer_02,elastic_net,142,8,51203386,4129
"[""cluster__e6215b6a0fbc0220""]",cluster__e6215b6a0fbc0220,block_permutation,0.0,zero,1416,outer_02,elastic_net,142,9,51203387,4129
"[""cluster__ea16c5febde76055""]",cluster__ea16c5febde76055,block_permutation,0.0,zero,1416,outer_02,elastic_net,142,0,51203388,4129
"[""cluster__ea16c5febde76055""]",cluster__ea16c5febde76055,block_permutation,0.0,zero,1416,outer_02,elastic_net,142,1,51203389,4129
"[""cluster__ea16c5febde76055""]",cluster__ea16c5febde76055,block_permutation,0.0,zero,1416,outer_02,elastic_net,142,2,51203390,4129
"[""cluster__ea16c5febde76055""]",cluster__ea16c5febde76055,block_permutation,0.0,zero,1416,outer_02,elastic_net,142,3,51203391,4129
"[""cluster__ea16c5febde76055""]",cluster__ea16c5febde76055,block_permutation,0.0,zero,1416,outer_02,elastic_net,142,4,51203392,4129
"[""cluster__ea16c5febde76055""]",cluster__ea16c5febde76055,block_permutation,0.0,zero,1416,outer_02,elastic_net,142,5,51203393,4129
"[""cluster__ea16c5febde76055""]",cluster__ea16c5febde76055,block_permutation,0.0,zero,1416,outer_02,elastic_net,142,6,51203394,4129
"[""cluster__ea16c5febde76055""]",cluster__ea16c5febde76055,block_permutation,0.0,zero,1416,outer_02,elastic_net,142,7,51203395,4129
"[""cluster__ea16c5febde76055""]",cluster__ea16c5febde76055,block_permutation,0.0,zero,1416,outer_02,elastic_net,142,8,51203396,4129
"[""cluster__ea16c5febde76055""]",cluster__ea16c5febde76055,block_permutation,0.0,zero,1416,outer_02,elastic_net,142,9,51203397,4129
"[""cluster__efa5f4d4b9a2c999""]",cluster__efa5f4d4b9a2c999,block_permutation,0.0,zero,1416,outer_02,elastic_net,142,0,51203398,4129
"[""cluster__efa5f4d4b9a2c999""]",cluster__efa5f4d4b9a2c999,block_permutation,0.0,zero,1416,outer_02,elastic_net,142,1,51203399,4129
"[""cluster__efa5f4d4b9a2c999""]",cluster__efa5f4d4b9a2c999,block_permutation,0.0,zero,1416,outer_02,elastic_net,142,2,51203400,4129
"[""cluster__efa5f4d4b9a2c999""]",cluster__efa5f4d4b9a2c999,block_permutation,0.0,zero,1416,outer_02,elastic_net,142,3,51203401,4129
"[""cluster__efa5f4d4b9a2c999""]",cluster__efa5f4d4b9a2c999,block_permutation,0.0,zero,1416,outer_02,elastic_net,142,4,51203402,4129
"[""cluster__efa5f4d4b9a2c999""]",cluster__efa5f4d4b9a2c999,block_permutation,0.0,zero,1416,outer_02,elastic_net,142,5,51203403,4129
"[""cluster__efa5f4d4b9a2c999""]",cluster__efa5f4d4b9a2c999,block_permutation,0.0,zero,1416,outer_02,elastic_net,142,6,51203404,4129
"[""cluster__efa5f4d4b9a2c999""]",cluster__efa5f4d4b9a2c999,block_permutation,0.0,zero,1416,outer_02,elastic_net,142,7,51203405,4129
"[""cluster__efa5f4d4b9a2c999""]",cluster__efa5f4d4b9a2c999,block_permutation,0.0,zero,1416,outer_02,elastic_net,142,8,51203406,4129
"[""cluster__efa5f4d4b9a2c999""]",cluster__efa5f4d4b9a2c999,block_permutation,0.0,zero,1416,outer_02,elastic_net,142,9,51203407,4129
"[""cluster__f03f4701c752ba34""]",cluster__f03f4701c752ba34,block_permutation,0.0,zero,1416,outer_02,elastic_net,142,0,51203408,4129
"[""cluster__f03f4701c752ba34""]",cluster__f03f4701c752ba34,block_permutation,0.0,zero,1416,outer_02,elastic_net,142,1,51203409,4129
"[""cluster__f03f4701c752ba34""]",cluster__f03f4701c752ba34,block_permutation,0.0,zero,1416,outer_02,elastic_net,142,2,51203410,4129
"[""cluster__f03f4701c752ba34""]",cluster__f03f4701c752ba34,block_permutation,0.0,zero,1416,outer_02,elastic_net,142,3,51203411,4129
"[""cluster__f03f4701c752ba34""]",cluster__f03f4701c752ba34,block_permutation,0.0,zero,1416,outer_02,elastic_net,142,4,51203412,4129
"[""cluster__f03f4701c752ba34""]",cluster__f03f4701c752ba34,block_permutation,0.0,zero,1416,outer_02,elastic_net,142,5,51203413,4129
"[""cluster__f03f4701c752ba34""]",cluster__f03f4701c752ba34,block_permutation,0.0,zero,1416,outer_02,elastic_net,142,6,51203414,4129
"[""cluster__f03f4701c752ba34""]",cluster__f03f4701c752ba34,block_permutation,0.0,zero,1416,outer_02,elastic_net,142,7,51203415,4129
"[""cluster__f03f4701c752ba34""]",cluster__f03f4701c752ba34,block_permutation,0.0,zero,1416,outer_02,elastic_net,142,8,51203416,4129
"[""cluster__f03f4701c752ba34""]",cluster__f03f4701c752ba34,block_permutation,0.0,zero,1416,outer_02,elastic_net,142,9,51203417,4129
"[""cluster__f2308f5991ce73f6""]",cluster__f2308f5991ce73f6,block_permutation,-0.0004280201017456964,negative,1416,outer_02,elastic_net,142,0,51203418,4129
"[""cluster__f2308f5991ce73f6""]",cluster__f2308f5991ce73f6,block_permutation,0.0009748717679139984,positive,1416,outer_02,elastic_net,142,1,51203419,4129
"[""cluster__f2308f5991ce73f6""]",cluster__f2308f5991ce73f6,block_permutation,7.895278102443282e-05,positive,1416,outer_02,elastic_net,142,2,51203420,4129
"[""cluster__f2308f5991ce73f6""]",cluster__f2308f5991ce73f6,block_permutation,-0.0008762591816031673,negative,1416,outer_02,elastic_net,142,3,51203421,4129
"[""cluster__f2308f5991ce73f6""]",cluster__f2308f5991ce73f6,block_permutation,-0.0006650043366770442,negative,1416,outer_02,elastic_net,142,4,51203422,4129
"[""cluster__f2308f5991ce73f6""]",cluster__f2308f5991ce73f6,block_permutation,0.0011846297661589622,positive,1416,outer_02,elastic_net,142,5,51203423,4129
"[""cluster__f2308f5991ce73f6""]",cluster__f2308f5991ce73f6,block_permutation,-0.0003137681162456163,negative,1416,outer_02,elastic_net,142,6,51203424,4129
"[""cluster__f2308f5991ce73f6""]",cluster__f2308f5991ce73f6,block_permutation,-0.0016036644958551394,negative,1416,outer_02,elastic_net,142,7,51203425,4129
"[""cluster__f2308f5991ce73f6""]",cluster__f2308f5991ce73f6,block_permutation,-0.001493718915647646,negative,1416,outer_02,elastic_net,142,8,51203426,4129
"[""cluster__f2308f5991ce73f6""]",cluster__f2308f5991ce73f6,block_permutation,0.0009176084549351593,positive,1416,outer_02,elastic_net,142,9,51203427,4129
"[""cluster__f3105bf2ea19861a""]",cluster__f3105bf2ea19861a,block_permutation,0.0,zero,1416,outer_02,elastic_net,142,0,51203428,4129
"[""cluster__f3105bf2ea19861a""]",cluster__f3105bf2ea19861a,block_permutation,0.0,zero,1416,outer_02,elastic_net,142,1,51203429,4129
"[""cluster__f3105bf2ea19861a""]",cluster__f3105bf2ea19861a,block_permutation,0.0,zero,1416,outer_02,elastic_net,142,2,51203430,4129
"[""cluster__f3105bf2ea19861a""]",cluster__f3105bf2ea19861a,block_permutation,0.0,zero,1416,outer_02,elastic_net,142,3,51203431,4129
"[""cluster__f3105bf2ea19861a""]",cluster__f3105bf2ea19861a,block_permutation,0.0,zero,1416,outer_02,elastic_net,142,4,51203432,4129
"[""cluster__f3105bf2ea19861a""]",cluster__f3105bf2ea19861a,block_permutation,0.0,zero,1416,outer_02,elastic_net,142,5,51203433,4129
"[""cluster__f3105bf2ea19861a""]",cluster__f3105bf2ea19861a,block_permutation,0.0,zero,1416,outer_02,elastic_net,142,6,51203434,4129
"[""cluster__f3105bf2ea19861a""]",cluster__f3105bf2ea19861a,block_permutation,0.0,zero,1416,outer_02,elastic_net,142,7,51203435,4129
"[""cluster__f3105bf2ea19861a""]",cluster__f3105bf2ea19861a,block_permutation,0.0,zero,1416,outer_02,elastic_net,142,8,51203436,4129
"[""cluster__f3105bf2ea19861a""]",cluster__f3105bf2ea19861a,block_permutation,0.0,zero,1416,outer_02,elastic_net,142,9,51203437,4129
"[""cluster__f344d3ca8bc6155a""]",cluster__f344d3ca8bc6155a,block_permutation,0.0,zero,1416,outer_02,elastic_net,142,0,51203438,4129
"[""cluster__f344d3ca8bc6155a""]",cluster__f344d3ca8bc6155a,block_permutation,0.0,zero,1416,outer_02,elastic_net,142,1,51203439,4129
"[""cluster__f344d3ca8bc6155a""]",cluster__f344d3ca8bc6155a,block_permutation,0.0,zero,1416,outer_02,elastic_net,142,2,51203440,4129
"[""cluster__f344d3ca8bc6155a""]",cluster__f344d3ca8bc6155a,block_permutation,0.0,zero,1416,outer_02,elastic_net,142,3,51203441,4129
"[""cluster__f344d3ca8bc6155a""]",cluster__f344d3ca8bc6155a,block_permutation,0.0,zero,1416,outer_02,elastic_net,142,4,51203442,4129
"[""cluster__f344d3ca8bc6155a""]",cluster__f344d3ca8bc6155a,block_permutation,0.0,zero,1416,outer_02,elastic_net,142,5,51203443,4129
"[""cluster__f344d3ca8bc6155a""]",cluster__f344d3ca8bc6155a,block_permutation,0.0,zero,1416,outer_02,elastic_net,142,6,51203444,4129
"[""cluster__f344d3ca8bc6155a""]",cluster__f344d3ca8bc6155a,block_permutation,0.0,zero,1416,outer_02,elastic_net,142,7,51203445,4129
"[""cluster__f344d3ca8bc6155a""]",cluster__f344d3ca8bc6155a,block_permutation,0.0,zero,1416,outer_02,elastic_net,142,8,51203446,4129
"[""cluster__f344d3ca8bc6155a""]",cluster__f344d3ca8bc6155a,block_permutation,0.0,zero,1416,outer_02,elastic_net,142,9,51203447,4129
"[""cluster__fb3b9bf085ae4374""]",cluster__fb3b9bf085ae4374,block_permutation,0.0,zero,1416,outer_02,elastic_net,142,0,51203448,4129
"[""cluster__fb3b9bf085ae4374""]",cluster__fb3b9bf085ae4374,block_permutation,0.0,zero,1416,outer_02,elastic_net,142,1,51203449,4129
"[""cluster__fb3b9bf085ae4374""]",cluster__fb3b9bf085ae4374,block_permutation,0.0,zero,1416,outer_02,elastic_net,142,2,51203450,4129
"[""cluster__fb3b9bf085ae4374""]",cluster__fb3b9bf085ae4374,block_permutation,0.0,zero,1416,outer_02,elastic_net,142,3,51203451,4129
"[""cluster__fb3b9bf085ae4374""]",cluster__fb3b9bf085ae4374,block_permutation,0.0,zero,1416,outer_02,elastic_net,142,4,51203452,4129
"[""cluster__fb3b9bf085ae4374""]",cluster__fb3b9bf085ae4374,block_permutation,0.0,zero,1416,outer_02,elastic_net,142,5,51203453,4129
"[""cluster__fb3b9bf085ae4374""]",cluster__fb3b9bf085ae4374,block_permutation,0.0,zero,1416,outer_02,elastic_net,142,6,51203454,4129
"[""cluster__fb3b9bf085ae4374""]",cluster__fb3b9bf085ae4374,block_permutation,0.0,zero,1416,outer_02,elastic_net,142,7,51203455,4129
"[""cluster__fb3b9bf085ae4374""]",cluster__fb3b9bf085ae4374,block_permutation,0.0,zero,1416,outer_02,elastic_net,142,8,51203456,4129
"[""cluster__fb3b9bf085ae4374""]",cluster__fb3b9bf085ae4374,block_permutation,0.0,zero,1416,outer_02,elastic_net,142,9,51203457,4129
"[""cluster__fc5bdd24bfb709b8""]",cluster__fc5bdd24bfb709b8,block_permutation,0.0,zero,1416,outer_02,elastic_net,142,0,51203458,4129
"[""cluster__fc5bdd24bfb709b8""]",cluster__fc5bdd24bfb709b8,block_permutation,0.0,zero,1416,outer_02,elastic_net,142,1,51203459,4129
"[""cluster__fc5bdd24bfb709b8""]",cluster__fc5bdd24bfb709b8,block_permutation,0.0,zero,1416,outer_02,elastic_net,142,2,51203460,4129
"[""cluster__fc5bdd24bfb709b8""]",cluster__fc5bdd24bfb709b8,block_permutation,0.0,zero,1416,outer_02,elastic_net,142,3,51203461,4129
"[""cluster__fc5bdd24bfb709b8""]",cluster__fc5bdd24bfb709b8,block_permutation,0.0,zero,1416,outer_02,elastic_net,142,4,51203462,4129
"[""cluster__fc5bdd24bfb709b8""]",cluster__fc5bdd24bfb709b8,block_permutation,0.0,zero,1416,outer_02,elastic_net,142,5,51203463,4129
"[""cluster__fc5bdd24bfb709b8""]",cluster__fc5bdd24bfb709b8,block_permutation,0.0,zero,1416,outer_02,elastic_net,142,6,51203464,4129
"[""cluster__fc5bdd24bfb709b8""]",cluster__fc5bdd24bfb709b8,block_permutation,0.0,zero,1416,outer_02,elastic_net,142,7,51203465,4129
"[""cluster__fc5bdd24bfb709b8""]",cluster__fc5bdd24bfb709b8,block_permutation,0.0,zero,1416,outer_02,elastic_net,142,8,51203466,4129
"[""cluster__fc5bdd24bfb709b8""]",cluster__fc5bdd24bfb709b8,block_permutation,0.0,zero,1416,outer_02,elastic_net,142,9,51203467,4129
"[""cluster__fd3291f0b03d2dd6""]",cluster__fd3291f0b03d2dd6,block_permutation,0.0,zero,1416,outer_02,elastic_net,142,0,51203468,4129
"[""cluster__fd3291f0b03d2dd6""]",cluster__fd3291f0b03d2dd6,block_permutation,0.0,zero,1416,outer_02,elastic_net,142,1,51203469,4129
"[""cluster__fd3291f0b03d2dd6""]",cluster__fd3291f0b03d2dd6,block_permutation,0.0,zero,1416,outer_02,elastic_net,142,2,51203470,4129
"[""cluster__fd3291f0b03d2dd6""]",cluster__fd3291f0b03d2dd6,block_permutation,0.0,zero,1416,outer_02,elastic_net,142,3,51203471,4129
"[""cluster__fd3291f0b03d2dd6""]",cluster__fd3291f0b03d2dd6,block_permutation,0.0,zero,1416,outer_02,elastic_net,142,4,51203472,4129
"[""cluster__fd3291f0b03d2dd6""]",cluster__fd3291f0b03d2dd6,block_permutation,0.0,zero,1416,outer_02,elastic_net,142,5,51203473,4129
"[""cluster__fd3291f0b03d2dd6""]",cluster__fd3291f0b03d2dd6,block_permutation,0.0,zero,1416,outer_02,elastic_net,142,6,51203474,4129
"[""cluster__fd3291f0b03d2dd6""]",cluster__fd3291f0b03d2dd6,block_permutation,0.0,zero,1416,outer_02,elastic_net,142,7,51203475,4129
"[""cluster__fd3291f0b03d2dd6""]",cluster__fd3291f0b03d2dd6,block_permutation,0.0,zero,1416,outer_02,elastic_net,142,8,51203476,4129
"[""cluster__fd3291f0b03d2dd6""]",cluster__fd3291f0b03d2dd6,block_permutation,0.0,zero,1416,outer_02,elastic_net,142,9,51203477,4129
"[""cluster__feb3f6ac5faeccec""]",cluster__feb3f6ac5faeccec,block_permutation,0.0,zero,1416,outer_02,elastic_net,142,0,51203478,4129
"[""cluster__feb3f6ac5faeccec""]",cluster__feb3f6ac5faeccec,block_permutation,0.0,zero,1416,outer_02,elastic_net,142,1,51203479,4129
"[""cluster__feb3f6ac5faeccec""]",cluster__feb3f6ac5faeccec,block_permutation,0.0,zero,1416,outer_02,elastic_net,142,2,51203480,4129
"[""cluster__feb3f6ac5faeccec""]",cluster__feb3f6ac5faeccec,block_permutation,0.0,zero,1416,outer_02,elastic_net,142,3,51203481,4129
"[""cluster__feb3f6ac5faeccec""]",cluster__feb3f6ac5faeccec,block_permutation,0.0,zero,1416,outer_02,elastic_net,142,4,51203482,4129
"[""cluster__feb3f6ac5faeccec""]",cluster__feb3f6ac5faeccec,block_permutation,0.0,zero,1416,outer_02,elastic_net,142,5,51203483,4129
"[""cluster__feb3f6ac5faeccec""]",cluster__feb3f6ac5faeccec,block_permutation,0.0,zero,1416,outer_02,elastic_net,142,6,51203484,4129
"[""cluster__feb3f6ac5faeccec""]",cluster__feb3f6ac5faeccec,block_permutation,0.0,zero,1416,outer_02,elastic_net,142,7,51203485,4129
"[""cluster__feb3f6ac5faeccec""]",cluster__feb3f6ac5faeccec,block_permutation,0.0,zero,1416,outer_02,elastic_net,142,8,51203486,4129
"[""cluster__feb3f6ac5faeccec""]",cluster__feb3f6ac5faeccec,block_permutation,0.0,zero,1416,outer_02,elastic_net,142,9,51203487,4129
"[""cluster__057ded5ba3568a7f""]",cluster__057ded5ba3568a7f,drop_cluster,0.0,zero,1416,outer_02,shallow_gradient_boosting,142,,,4129
"[""cluster__06ca194a0a433de6""]",cluster__06ca194a0a433de6,drop_cluster,0.0,zero,1416,outer_02,shallow_gradient_boosting,142,,,4129
"[""cluster__09e103f2030ca53e""]",cluster__09e103f2030ca53e,drop_cluster,0.0,zero,1416,outer_02,shallow_gradient_boosting,142,,,4129
"[""cluster__0ddaa772748cd2a8""]",cluster__0ddaa772748cd2a8,drop_cluster,0.0,zero,1416,outer_02,shallow_gradient_boosting,142,,,4129
"[""cluster__11a9adfe78800106""]",cluster__11a9adfe78800106,drop_cluster,0.0,zero,1416,outer_02,shallow_gradient_boosting,142,,,4129
"[""cluster__183ba54d92e73c9e""]",cluster__183ba54d92e73c9e,drop_cluster,0.0,zero,1416,outer_02,shallow_gradient_boosting,142,,,4129
"[""cluster__18424cecdf110691""]",cluster__18424cecdf110691,drop_cluster,0.0,zero,1416,outer_02,shallow_gradient_boosting,142,,,4129
"[""cluster__189d1a90a1a742dc""]",cluster__189d1a90a1a742dc,drop_cluster,0.0,zero,1416,outer_02,shallow_gradient_boosting,142,,,4129
"[""cluster__1a13286f866c4155""]",cluster__1a13286f866c4155,drop_cluster,0.0,zero,1416,outer_02,shallow_gradient_boosting,142,,,4129
"[""cluster__1ce77120fa004169""]",cluster__1ce77120fa004169,drop_cluster,0.0,zero,1416,outer_02,shallow_gradient_boosting,142,,,4129
"[""cluster__1e0e01b9fe15ec55""]",cluster__1e0e01b9fe15ec55,drop_cluster,0.001173446247734855,positive,1416,outer_02,shallow_gradient_boosting,142,,,4129
"[""cluster__1e968c8901c575db""]",cluster__1e968c8901c575db,drop_cluster,0.0,zero,1416,outer_02,shallow_gradient_boosting,142,,,4129
"[""cluster__1f48220de6e92f9d""]",cluster__1f48220de6e92f9d,drop_cluster,0.0,zero,1416,outer_02,shallow_gradient_boosting,142,,,4129
"[""cluster__20fb49f3528f30d2""]",cluster__20fb49f3528f30d2,drop_cluster,0.0,zero,1416,outer_02,shallow_gradient_boosting,142,,,4129
"[""cluster__23a7d3b95c5e30ff""]",cluster__23a7d3b95c5e30ff,drop_cluster,0.0037279748557573766,positive,1416,outer_02,shallow_gradient_boosting,142,,,4129
"[""cluster__26090851fa96f8cf""]",cluster__26090851fa96f8cf,drop_cluster,-0.004061043681769627,negative,1416,outer_02,shallow_gradient_boosting,142,,,4129
"[""cluster__26ad2c75d43d49ad""]",cluster__26ad2c75d43d49ad,drop_cluster,0.0,zero,1416,outer_02,shallow_gradient_boosting,142,,,4129
"[""cluster__29963467135cd4cd""]",cluster__29963467135cd4cd,drop_cluster,0.0,zero,1416,outer_02,shallow_gradient_boosting,142,,,4129
"[""cluster__2d7a1c0d880f88ee""]",cluster__2d7a1c0d880f88ee,drop_cluster,0.0,zero,1416,outer_02,shallow_gradient_boosting,142,,,4129
"[""cluster__2e6f29d20733c126""]",cluster__2e6f29d20733c126,drop_cluster,0.0,zero,1416,outer_02,shallow_gradient_boosting,142,,,4129
"[""cluster__2f6f9b66bf9da773""]",cluster__2f6f9b66bf9da773,drop_cluster,0.0,zero,1416,outer_02,shallow_gradient_boosting,142,,,4129
"[""cluster__2f97bd40c280c05c""]",cluster__2f97bd40c280c05c,drop_cluster,0.0,zero,1416,outer_02,shallow_gradient_boosting,142,,,4129
"[""cluster__394bc857d8fc4a57""]",cluster__394bc857d8fc4a57,drop_cluster,0.0,zero,1416,outer_02,shallow_gradient_boosting,142,,,4129
"[""cluster__3a128293ed568dc0""]",cluster__3a128293ed568dc0,drop_cluster,0.0,zero,1416,outer_02,shallow_gradient_boosting,142,,,4129
"[""cluster__3c67dd0616449c2d""]",cluster__3c67dd0616449c2d,drop_cluster,0.011500190082081918,positive,1416,outer_02,shallow_gradient_boosting,142,,,4129
"[""cluster__3cf051d5429a5851""]",cluster__3cf051d5429a5851,drop_cluster,0.0,zero,1416,outer_02,shallow_gradient_boosting,142,,,4129
"[""cluster__3e5336b9c24613b3""]",cluster__3e5336b9c24613b3,drop_cluster,0.0,zero,1416,outer_02,shallow_gradient_boosting,142,,,4129
"[""cluster__421a4a1c5073e265""]",cluster__421a4a1c5073e265,drop_cluster,0.0,zero,1416,outer_02,shallow_gradient_boosting,142,,,4129
"[""cluster__453e45b37c54e768""]",cluster__453e45b37c54e768,drop_cluster,0.0,zero,1416,outer_02,shallow_gradient_boosting,142,,,4129
"[""cluster__477b0804b0e235c3""]",cluster__477b0804b0e235c3,drop_cluster,0.0,zero,1416,outer_02,shallow_gradient_boosting,142,,,4129
"[""cluster__4a28d5e18578418a""]",cluster__4a28d5e18578418a,drop_cluster,0.0,zero,1416,outer_02,shallow_gradient_boosting,142,,,4129
"[""cluster__4e66a854583b258d""]",cluster__4e66a854583b258d,drop_cluster,-0.005558174279122974,negative,1416,outer_02,shallow_gradient_boosting,142,,,4129
"[""cluster__4e7b6658b598876b""]",cluster__4e7b6658b598876b,drop_cluster,0.0,zero,1416,outer_02,shallow_gradient_boosting,142,,,4129
"[""cluster__4f2f17103c6e4b0f""]",cluster__4f2f17103c6e4b0f,drop_cluster,0.0,zero,1416,outer_02,shallow_gradient_boosting,142,,,4129
"[""cluster__5a65732a4a4ff188""]",cluster__5a65732a4a4ff188,drop_cluster,0.0,zero,1416,outer_02,shallow_gradient_boosting,142,,,4129
"[""cluster__5c7bb033aa35772f""]",cluster__5c7bb033aa35772f,drop_cluster,0.0,zero,1416,outer_02,shallow_gradient_boosting,142,,,4129
"[""cluster__638294e28a507a16""]",cluster__638294e28a507a16,drop_cluster,0.0,zero,1416,outer_02,shallow_gradient_boosting,142,,,4129
"[""cluster__6567e1495fb81e67""]",cluster__6567e1495fb81e67,drop_cluster,0.0,zero,1416,outer_02,shallow_gradient_boosting,142,,,4129
"[""cluster__66ae01ac794f63eb""]",cluster__66ae01ac794f63eb,drop_cluster,0.0,zero,1416,outer_02,shallow_gradient_boosting,142,,,4129
"[""cluster__6712d3b7bf51390b""]",cluster__6712d3b7bf51390b,drop_cluster,0.0,zero,1416,outer_02,shallow_gradient_boosting,142,,,4129
"[""cluster__69905f0e3a72c606""]",cluster__69905f0e3a72c606,drop_cluster,0.0,zero,1416,outer_02,shallow_gradient_boosting,142,,,4129
"[""cluster__6a9c460c39dcad34""]",cluster__6a9c460c39dcad34,drop_cluster,0.0,zero,1416,outer_02,shallow_gradient_boosting,142,,,4129
"[""cluster__724520f09acc991f""]",cluster__724520f09acc991f,drop_cluster,0.0,zero,1416,outer_02,shallow_gradient_boosting,142,,,4129
"[""cluster__7533afca12d5c845""]",cluster__7533afca12d5c845,drop_cluster,0.0,zero,1416,outer_02,shallow_gradient_boosting,142,,,4129
"[""cluster__75ae125737df1102""]",cluster__75ae125737df1102,drop_cluster,0.0,zero,1416,outer_02,shallow_gradient_boosting,142,,,4129
"[""cluster__773984b00b5c1f1c""]",cluster__773984b00b5c1f1c,drop_cluster,0.0,zero,1416,outer_02,shallow_gradient_boosting,142,,,4129
"[""cluster__7cc2e09b9a932b39""]",cluster__7cc2e09b9a932b39,drop_cluster,0.0,zero,1416,outer_02,shallow_gradient_boosting,142,,,4129
"[""cluster__84da565ba8281d2a""]",cluster__84da565ba8281d2a,drop_cluster,0.0,zero,1416,outer_02,shallow_gradient_boosting,142,,,4129
"[""cluster__87f626d156f0ac67""]",cluster__87f626d156f0ac67,drop_cluster,-0.0022031323996156704,negative,1416,outer_02,shallow_gradient_boosting,142,,,4129
"[""cluster__8b57524bef0d2ebf""]",cluster__8b57524bef0d2ebf,drop_cluster,-0.0017352061154779497,negative,1416,outer_02,shallow_gradient_boosting,142,,,4129
"[""cluster__8c29a8ea6225c377""]",cluster__8c29a8ea6225c377,drop_cluster,0.0,zero,1416,outer_02,shallow_gradient_boosting,142,,,4129
"[""cluster__8c9f8f99361a6fed""]",cluster__8c9f8f99361a6fed,drop_cluster,0.0,zero,1416,outer_02,shallow_gradient_boosting,142,,,4129
"[""cluster__959b637bd3bb66d4""]",cluster__959b637bd3bb66d4,drop_cluster,0.0,zero,1416,outer_02,shallow_gradient_boosting,142,,,4129
"[""cluster__962c08b556b1c862""]",cluster__962c08b556b1c862,drop_cluster,0.0,zero,1416,outer_02,shallow_gradient_boosting,142,,,4129
"[""cluster__9ca9e2709e5c747a""]",cluster__9ca9e2709e5c747a,drop_cluster,0.0,zero,1416,outer_02,shallow_gradient_boosting,142,,,4129
"[""cluster__a1e835b95b16e9e9""]",cluster__a1e835b95b16e9e9,drop_cluster,0.0,zero,1416,outer_02,shallow_gradient_boosting,142,,,4129
"[""cluster__a59fb5db9f4fd3e0""]",cluster__a59fb5db9f4fd3e0,drop_cluster,0.00010395357382186887,positive,1416,outer_02,shallow_gradient_boosting,142,,,4129
"[""cluster__a7171c841cb9fb67""]",cluster__a7171c841cb9fb67,drop_cluster,0.0,zero,1416,outer_02,shallow_gradient_boosting,142,,,4129
"[""cluster__a867b4c1b44d375e""]",cluster__a867b4c1b44d375e,drop_cluster,0.0,zero,1416,outer_02,shallow_gradient_boosting,142,,,4129
"[""cluster__ad0a96a048bbc7d8""]",cluster__ad0a96a048bbc7d8,drop_cluster,0.0,zero,1416,outer_02,shallow_gradient_boosting,142,,,4129
"[""cluster__afbf9ac7f0d6750b""]",cluster__afbf9ac7f0d6750b,drop_cluster,0.0,zero,1416,outer_02,shallow_gradient_boosting,142,,,4129
"[""cluster__b14504afa42d221d""]",cluster__b14504afa42d221d,drop_cluster,0.0,zero,1416,outer_02,shallow_gradient_boosting,142,,,4129
"[""cluster__b3049e2f6d60b737""]",cluster__b3049e2f6d60b737,drop_cluster,0.00012109371326052276,positive,1416,outer_02,shallow_gradient_boosting,142,,,4129
"[""cluster__b31ca2d0bf76f633""]",cluster__b31ca2d0bf76f633,drop_cluster,0.0,zero,1416,outer_02,shallow_gradient_boosting,142,,,4129
"[""cluster__b3a7ffd8d4e710b8""]",cluster__b3a7ffd8d4e710b8,drop_cluster,0.0,zero,1416,outer_02,shallow_gradient_boosting,142,,,4129
"[""cluster__b89a1d7f25394d90""]",cluster__b89a1d7f25394d90,drop_cluster,0.0,zero,1416,outer_02,shallow_gradient_boosting,142,,,4129
"[""cluster__b8b7a0836024d4d3""]",cluster__b8b7a0836024d4d3,drop_cluster,0.0,zero,1416,outer_02,shallow_gradient_boosting,142,,,4129
"[""cluster__b9449c25001f7b51""]",cluster__b9449c25001f7b51,drop_cluster,0.0026910128403253575,positive,1416,outer_02,shallow_gradient_boosting,142,,,4129
"[""cluster__bc09b5bb95952a78""]",cluster__bc09b5bb95952a78,drop_cluster,0.0,zero,1416,outer_02,shallow_gradient_boosting,142,,,4129
"[""cluster__c2362e322fead508""]",cluster__c2362e322fead508,drop_cluster,-0.0004371549250030693,negative,1416,outer_02,shallow_gradient_boosting,142,,,4129
"[""cluster__c31b8136d504bf03""]",cluster__c31b8136d504bf03,drop_cluster,0.0,zero,1416,outer_02,shallow_gradient_boosting,142,,,4129
"[""cluster__c5e49f1433602139""]",cluster__c5e49f1433602139,drop_cluster,0.0,zero,1416,outer_02,shallow_gradient_boosting,142,,,4129
"[""cluster__c9bce3cfeb10e97e""]",cluster__c9bce3cfeb10e97e,drop_cluster,0.0,zero,1416,outer_02,shallow_gradient_boosting,142,,,4129
"[""cluster__d0b21ec5092ce804""]",cluster__d0b21ec5092ce804,drop_cluster,0.0,zero,1416,outer_02,shallow_gradient_boosting,142,,,4129
"[""cluster__db99c4b3ba8fc30d""]",cluster__db99c4b3ba8fc30d,drop_cluster,0.0,zero,1416,outer_02,shallow_gradient_boosting,142,,,4129
"[""cluster__e11a6d709526da4b""]",cluster__e11a6d709526da4b,drop_cluster,0.0001457885056803665,positive,1416,outer_02,shallow_gradient_boosting,142,,,4129
"[""cluster__e52784991ac5d943""]",cluster__e52784991ac5d943,drop_cluster,0.0,zero,1416,outer_02,shallow_gradient_boosting,142,,,4129
"[""cluster__e6215b6a0fbc0220""]",cluster__e6215b6a0fbc0220,drop_cluster,0.0,zero,1416,outer_02,shallow_gradient_boosting,142,,,4129
"[""cluster__ea16c5febde76055""]",cluster__ea16c5febde76055,drop_cluster,0.0,zero,1416,outer_02,shallow_gradient_boosting,142,,,4129
"[""cluster__efa5f4d4b9a2c999""]",cluster__efa5f4d4b9a2c999,drop_cluster,0.0,zero,1416,outer_02,shallow_gradient_boosting,142,,,4129
"[""cluster__f03f4701c752ba34""]",cluster__f03f4701c752ba34,drop_cluster,-0.0017678802897371781,negative,1416,outer_02,shallow_gradient_boosting,142,,,4129
"[""cluster__f2308f5991ce73f6""]",cluster__f2308f5991ce73f6,drop_cluster,-0.0017868888813438177,negative,1416,outer_02,shallow_gradient_boosting,142,,,4129
"[""cluster__f3105bf2ea19861a""]",cluster__f3105bf2ea19861a,drop_cluster,0.0,zero,1416,outer_02,shallow_gradient_boosting,142,,,4129
"[""cluster__f344d3ca8bc6155a""]",cluster__f344d3ca8bc6155a,drop_cluster,-0.0004218583112045593,negative,1416,outer_02,shallow_gradient_boosting,142,,,4129
"[""cluster__fb3b9bf085ae4374""]",cluster__fb3b9bf085ae4374,drop_cluster,0.0,zero,1416,outer_02,shallow_gradient_boosting,142,,,4129
"[""cluster__fc5bdd24bfb709b8""]",cluster__fc5bdd24bfb709b8,drop_cluster,0.0,zero,1416,outer_02,shallow_gradient_boosting,142,,,4129
"[""cluster__fd3291f0b03d2dd6""]",cluster__fd3291f0b03d2dd6,drop_cluster,0.0,zero,1416,outer_02,shallow_gradient_boosting,142,,,4129
"[""cluster__feb3f6ac5faeccec""]",cluster__feb3f6ac5faeccec,drop_cluster,0.0,zero,1416,outer_02,shallow_gradient_boosting,142,,,4129
"[""cluster__057ded5ba3568a7f"", ""cluster__1ce77120fa004169"", ""cluster__1f48220de6e92f9d"", ""cluster__394bc857d8fc4a57"", ""cluster__3a128293ed568dc0"", ""cluster__5a65732a4a4ff188"", ""cluster__5c7bb033aa35772f"", ""cluster__724520f09acc991f"", ""cluster__7cc2e09b9a932b39"", ""cluster__a1e835b95b16e9e9"", ""cluster__ad0a96a048bbc7d8"", ""cluster__b89a1d7f25394d90"", ""cluster__b9449c25001f7b51"", ""cluster__c2362e322fead508"", ""cluster__c31b8136d504bf03"", ""cluster__c5e49f1433602139"", ""cluster__d0b21ec5092ce804"", ""cluster__e11a6d709526da4b"", ""cluster__e6215b6a0fbc0220"", ""cluster__f03f4701c752ba34"", ""cluster__f2308f5991ce73f6"", ""cluster__fd3291f0b03d2dd6""]",book_liquidity,drop_family,0.008777222984855504,positive,1416,outer_02,shallow_gradient_boosting,142,,,4129
"[""cluster__477b0804b0e235c3"", ""cluster__ea16c5febde76055""]",interaction,drop_family,0.0,zero,1416,outer_02,shallow_gradient_boosting,142,,,4129
"[""cluster__7533afca12d5c845""]",mixed:interaction+ofi,drop_family,0.0,zero,1416,outer_02,shallow_gradient_boosting,142,,,4129
"[""cluster__06ca194a0a433de6"", ""cluster__0ddaa772748cd2a8"", ""cluster__183ba54d92e73c9e"", ""cluster__1a13286f866c4155"", ""cluster__1e0e01b9fe15ec55"", ""cluster__1e968c8901c575db"", ""cluster__26090851fa96f8cf"", ""cluster__26ad2c75d43d49ad"", ""cluster__29963467135cd4cd"", ""cluster__2d7a1c0d880f88ee"", ""cluster__2e6f29d20733c126"", ""cluster__2f6f9b66bf9da773"", ""cluster__2f97bd40c280c05c"", ""cluster__3cf051d5429a5851"", ""cluster__3e5336b9c24613b3"", ""cluster__421a4a1c5073e265"", ""cluster__453e45b37c54e768"", ""cluster__4a28d5e18578418a"", ""cluster__66ae01ac794f63eb"", ""cluster__6712d3b7bf51390b"", ""cluster__69905f0e3a72c606"", ""cluster__6a9c460c39dcad34"", ""cluster__75ae125737df1102"", ""cluster__773984b00b5c1f1c"", ""cluster__84da565ba8281d2a"", ""cluster__87f626d156f0ac67"", ""cluster__8b57524bef0d2ebf"", ""cluster__8c29a8ea6225c377"", ""cluster__8c9f8f99361a6fed"", ""cluster__959b637bd3bb66d4"", ""cluster__a7171c841cb9fb67"", ""cluster__a867b4c1b44d375e"", ""cluster__afbf9ac7f0d6750b"", ""cluster__b31ca2d0bf76f633"", ""cluster__b3a7ffd8d4e710b8"", ""cluster__c9bce3cfeb10e97e"", ""cluster__db99c4b3ba8fc30d"", ""cluster__e52784991ac5d943"", ""cluster__efa5f4d4b9a2c999"", ""cluster__fb3b9bf085ae4374"", ""cluster__fc5bdd24bfb709b8"", ""cluster__feb3f6ac5faeccec""]",ofi,drop_family,0.01390238656713605,positive,1416,outer_02,shallow_gradient_boosting,142,,,4129
"[""cluster__20fb49f3528f30d2"", ""cluster__3c67dd0616449c2d"", ""cluster__4e66a854583b258d"", ""cluster__4f2f17103c6e4b0f"", ""cluster__a59fb5db9f4fd3e0"", ""cluster__f3105bf2ea19861a""]",price_path,drop_family,-0.0034354183893775536,negative,1416,outer_02,shallow_gradient_boosting,142,,,4129
"[""cluster__09e103f2030ca53e"", ""cluster__18424cecdf110691"", ""cluster__189d1a90a1a742dc"", ""cluster__4e7b6658b598876b"", ""cluster__638294e28a507a16"", ""cluster__6567e1495fb81e67"", ""cluster__962c08b556b1c862"", ""cluster__9ca9e2709e5c747a"", ""cluster__b14504afa42d221d"", ""cluster__b3049e2f6d60b737"", ""cluster__b8b7a0836024d4d3"", ""cluster__f344d3ca8bc6155a""]",surface_quality,drop_family,-0.004052563082133087,negative,1416,outer_02,shallow_gradient_boosting,142,,,4129
"[""cluster__11a9adfe78800106"", ""cluster__23a7d3b95c5e30ff"", ""cluster__bc09b5bb95952a78""]",time_regime,drop_family,0.0037279748557573766,positive,1416,outer_02,shallow_gradient_boosting,142,,,4129
"[""cluster__057ded5ba3568a7f""]",cluster__057ded5ba3568a7f,block_permutation,0.0,zero,1416,outer_02,shallow_gradient_boosting,142,0,51202608,4129
"[""cluster__057ded5ba3568a7f""]",cluster__057ded5ba3568a7f,block_permutation,0.0,zero,1416,outer_02,shallow_gradient_boosting,142,1,51202609,4129
"[""cluster__057ded5ba3568a7f""]",cluster__057ded5ba3568a7f,block_permutation,0.0,zero,1416,outer_02,shallow_gradient_boosting,142,2,51202610,4129
"[""cluster__057ded5ba3568a7f""]",cluster__057ded5ba3568a7f,block_permutation,0.0,zero,1416,outer_02,shallow_gradient_boosting,142,3,51202611,4129
"[""cluster__057ded5ba3568a7f""]",cluster__057ded5ba3568a7f,block_permutation,0.0,zero,1416,outer_02,shallow_gradient_boosting,142,4,51202612,4129
"[""cluster__057ded5ba3568a7f""]",cluster__057ded5ba3568a7f,block_permutation,0.0,zero,1416,outer_02,shallow_gradient_boosting,142,5,51202613,4129
"[""cluster__057ded5ba3568a7f""]",cluster__057ded5ba3568a7f,block_permutation,0.0,zero,1416,outer_02,shallow_gradient_boosting,142,6,51202614,4129
"[""cluster__057ded5ba3568a7f""]",cluster__057ded5ba3568a7f,block_permutation,0.0,zero,1416,outer_02,shallow_gradient_boosting,142,7,51202615,4129
"[""cluster__057ded5ba3568a7f""]",cluster__057ded5ba3568a7f,block_permutation,0.0,zero,1416,outer_02,shallow_gradient_boosting,142,8,51202616,4129
"[""cluster__057ded5ba3568a7f""]",cluster__057ded5ba3568a7f,block_permutation,0.0,zero,1416,outer_02,shallow_gradient_boosting,142,9,51202617,4129
"[""cluster__06ca194a0a433de6""]",cluster__06ca194a0a433de6,block_permutation,0.0,zero,1416,outer_02,shallow_gradient_boosting,142,0,51202618,4129
"[""cluster__06ca194a0a433de6""]",cluster__06ca194a0a433de6,block_permutation,0.0,zero,1416,outer_02,shallow_gradient_boosting,142,1,51202619,4129
"[""cluster__06ca194a0a433de6""]",cluster__06ca194a0a433de6,block_permutation,0.0,zero,1416,outer_02,shallow_gradient_boosting,142,2,51202620,4129
"[""cluster__06ca194a0a433de6""]",cluster__06ca194a0a433de6,block_permutation,0.0,zero,1416,outer_02,shallow_gradient_boosting,142,3,51202621,4129
"[""cluster__06ca194a0a433de6""]",cluster__06ca194a0a433de6,block_permutation,0.0,zero,1416,outer_02,shallow_gradient_boosting,142,4,51202622,4129
"[""cluster__06ca194a0a433de6""]",cluster__06ca194a0a433de6,block_permutation,0.0,zero,1416,outer_02,shallow_gradient_boosting,142,5,51202623,4129
"[""cluster__06ca194a0a433de6""]",cluster__06ca194a0a433de6,block_permutation,0.0,zero,1416,outer_02,shallow_gradient_boosting,142,6,51202624,4129
"[""cluster__06ca194a0a433de6""]",cluster__06ca194a0a433de6,block_permutation,0.0,zero,1416,outer_02,shallow_gradient_boosting,142,7,51202625,4129
"[""cluster__06ca194a0a433de6""]",cluster__06ca194a0a433de6,block_permutation,0.0,zero,1416,outer_02,shallow_gradient_boosting,142,8,51202626,4129
"[""cluster__06ca194a0a433de6""]",cluster__06ca194a0a433de6,block_permutation,0.0,zero,1416,outer_02,shallow_gradient_boosting,142,9,51202627,4129
"[""cluster__09e103f2030ca53e""]",cluster__09e103f2030ca53e,block_permutation,0.0,zero,1416,outer_02,shallow_gradient_boosting,142,0,51202628,4129
"[""cluster__09e103f2030ca53e""]",cluster__09e103f2030ca53e,block_permutation,0.0,zero,1416,outer_02,shallow_gradient_boosting,142,1,51202629,4129
"[""cluster__09e103f2030ca53e""]",cluster__09e103f2030ca53e,block_permutation,0.0,zero,1416,outer_02,shallow_gradient_boosting,142,2,51202630,4129
"[""cluster__09e103f2030ca53e""]",cluster__09e103f2030ca53e,block_permutation,0.0,zero,1416,outer_02,shallow_gradient_boosting,142,3,51202631,4129
"[""cluster__09e103f2030ca53e""]",cluster__09e103f2030ca53e,block_permutation,0.0,zero,1416,outer_02,shallow_gradient_boosting,142,4,51202632,4129
"[""cluster__09e103f2030ca53e""]",cluster__09e103f2030ca53e,block_permutation,0.0,zero,1416,outer_02,shallow_gradient_boosting,142,5,51202633,4129
"[""cluster__09e103f2030ca53e""]",cluster__09e103f2030ca53e,block_permutation,0.0,zero,1416,outer_02,shallow_gradient_boosting,142,6,51202634,4129
"[""cluster__09e103f2030ca53e""]",cluster__09e103f2030ca53e,block_permutation,0.0,zero,1416,outer_02,shallow_gradient_boosting,142,7,51202635,4129
"[""cluster__09e103f2030ca53e""]",cluster__09e103f2030ca53e,block_permutation,0.0,zero,1416,outer_02,shallow_gradient_boosting,142,8,51202636,4129
"[""cluster__09e103f2030ca53e""]",cluster__09e103f2030ca53e,block_permutation,0.0,zero,1416,outer_02,shallow_gradient_boosting,142,9,51202637,4129
"[""cluster__0ddaa772748cd2a8""]",cluster__0ddaa772748cd2a8,block_permutation,0.0,zero,1416,outer_02,shallow_gradient_boosting,142,0,51202638,4129
"[""cluster__0ddaa772748cd2a8""]",cluster__0ddaa772748cd2a8,block_permutation,0.0,zero,1416,outer_02,shallow_gradient_boosting,142,1,51202639,4129
"[""cluster__0ddaa772748cd2a8""]",cluster__0ddaa772748cd2a8,block_permutation,0.0,zero,1416,outer_02,shallow_gradient_boosting,142,2,51202640,4129
"[""cluster__0ddaa772748cd2a8""]",cluster__0ddaa772748cd2a8,block_permutation,0.0,zero,1416,outer_02,shallow_gradient_boosting,142,3,51202641,4129
"[""cluster__0ddaa772748cd2a8""]",cluster__0ddaa772748cd2a8,block_permutation,0.0,zero,1416,outer_02,shallow_gradient_boosting,142,4,51202642,4129
"[""cluster__0ddaa772748cd2a8""]",cluster__0ddaa772748cd2a8,block_permutation,0.0,zero,1416,outer_02,shallow_gradient_boosting,142,5,51202643,4129
"[""cluster__0ddaa772748cd2a8""]",cluster__0ddaa772748cd2a8,block_permutation,0.0,zero,1416,outer_02,shallow_gradient_boosting,142,6,51202644,4129
"[""cluster__0ddaa772748cd2a8""]",cluster__0ddaa772748cd2a8,block_permutation,0.0,zero,1416,outer_02,shallow_gradient_boosting,142,7,51202645,4129
"[""cluster__0ddaa772748cd2a8""]",cluster__0ddaa772748cd2a8,block_permutation,0.0,zero,1416,outer_02,shallow_gradient_boosting,142,8,51202646,4129
"[""cluster__0ddaa772748cd2a8""]",cluster__0ddaa772748cd2a8,block_permutation,0.0,zero,1416,outer_02,shallow_gradient_boosting,142,9,51202647,4129
"[""cluster__11a9adfe78800106""]",cluster__11a9adfe78800106,block_permutation,0.0,zero,1416,outer_02,shallow_gradient_boosting,142,0,51202648,4129
"[""cluster__11a9adfe78800106""]",cluster__11a9adfe78800106,block_permutation,0.0,zero,1416,outer_02,shallow_gradient_boosting,142,1,51202649,4129
"[""cluster__11a9adfe78800106""]",cluster__11a9adfe78800106,block_permutation,0.0,zero,1416,outer_02,shallow_gradient_boosting,142,2,51202650,4129
"[""cluster__11a9adfe78800106""]",cluster__11a9adfe78800106,block_permutation,0.0,zero,1416,outer_02,shallow_gradient_boosting,142,3,51202651,4129
"[""cluster__11a9adfe78800106""]",cluster__11a9adfe78800106,block_permutation,0.0,zero,1416,outer_02,shallow_gradient_boosting,142,4,51202652,4129
"[""cluster__11a9adfe78800106""]",cluster__11a9adfe78800106,block_permutation,0.0,zero,1416,outer_02,shallow_gradient_boosting,142,5,51202653,4129
"[""cluster__11a9adfe78800106""]",cluster__11a9adfe78800106,block_permutation,0.0,zero,1416,outer_02,shallow_gradient_boosting,142,6,51202654,4129
"[""cluster__11a9adfe78800106""]",cluster__11a9adfe78800106,block_permutation,0.0,zero,1416,outer_02,shallow_gradient_boosting,142,7,51202655,4129
"[""cluster__11a9adfe78800106""]",cluster__11a9adfe78800106,block_permutation,0.0,zero,1416,outer_02,shallow_gradient_boosting,142,8,51202656,4129
"[""cluster__11a9adfe78800106""]",cluster__11a9adfe78800106,block_permutation,0.0,zero,1416,outer_02,shallow_gradient_boosting,142,9,51202657,4129
"[""cluster__183ba54d92e73c9e""]",cluster__183ba54d92e73c9e,block_permutation,0.0,zero,1416,outer_02,shallow_gradient_boosting,142,0,51202658,4129
"[""cluster__183ba54d92e73c9e""]",cluster__183ba54d92e73c9e,block_permutation,0.0,zero,1416,outer_02,shallow_gradient_boosting,142,1,51202659,4129
"[""cluster__183ba54d92e73c9e""]",cluster__183ba54d92e73c9e,block_permutation,0.0,zero,1416,outer_02,shallow_gradient_boosting,142,2,51202660,4129
"[""cluster__183ba54d92e73c9e""]",cluster__183ba54d92e73c9e,block_permutation,0.0,zero,1416,outer_02,shallow_gradient_boosting,142,3,51202661,4129
"[""cluster__183ba54d92e73c9e""]",cluster__183ba54d92e73c9e,block_permutation,0.0,zero,1416,outer_02,shallow_gradient_boosting,142,4,51202662,4129
"[""cluster__183ba54d92e73c9e""]",cluster__183ba54d92e73c9e,block_permutation,0.0,zero,1416,outer_02,shallow_gradient_boosting,142,5,51202663,4129
"[""cluster__183ba54d92e73c9e""]",cluster__183ba54d92e73c9e,block_permutation,0.0,zero,1416,outer_02,shallow_gradient_boosting,142,6,51202664,4129
"[""cluster__183ba54d92e73c9e""]",cluster__183ba54d92e73c9e,block_permutation,0.0,zero,1416,outer_02,shallow_gradient_boosting,142,7,51202665,4129
"[""cluster__183ba54d92e73c9e""]",cluster__183ba54d92e73c9e,block_permutation,0.0,zero,1416,outer_02,shallow_gradient_boosting,142,8,51202666,4129
"[""cluster__183ba54d92e73c9e""]",cluster__183ba54d92e73c9e,block_permutation,0.0,zero,1416,outer_02,shallow_gradient_boosting,142,9,51202667,4129
"[""cluster__18424cecdf110691""]",cluster__18424cecdf110691,block_permutation,0.0,zero,1416,outer_02,shallow_gradient_boosting,142,0,51202668,4129
"[""cluster__18424cecdf110691""]",cluster__18424cecdf110691,block_permutation,0.0,zero,1416,outer_02,shallow_gradient_boosting,142,1,51202669,4129
"[""cluster__18424cecdf110691""]",cluster__18424cecdf110691,block_permutation,0.0,zero,1416,outer_02,shallow_gradient_boosting,142,2,51202670,4129
"[""cluster__18424cecdf110691""]",cluster__18424cecdf110691,block_permutation,0.0,zero,1416,outer_02,shallow_gradient_boosting,142,3,51202671,4129
"[""cluster__18424cecdf110691""]",cluster__18424cecdf110691,block_permutation,0.0,zero,1416,outer_02,shallow_gradient_boosting,142,4,51202672,4129
"[""cluster__18424cecdf110691""]",cluster__18424cecdf110691,block_permutation,0.0,zero,1416,outer_02,shallow_gradient_boosting,142,5,51202673,4129
"[""cluster__18424cecdf110691""]",cluster__18424cecdf110691,block_permutation,0.0,zero,1416,outer_02,shallow_gradient_boosting,142,6,51202674,4129
"[""cluster__18424cecdf110691""]",cluster__18424cecdf110691,block_permutation,0.0,zero,1416,outer_02,shallow_gradient_boosting,142,7,51202675,4129
"[""cluster__18424cecdf110691""]",cluster__18424cecdf110691,block_permutation,0.0,zero,1416,outer_02,shallow_gradient_boosting,142,8,51202676,4129
"[""cluster__18424cecdf110691""]",cluster__18424cecdf110691,block_permutation,0.0,zero,1416,outer_02,shallow_gradient_boosting,142,9,51202677,4129
"[""cluster__189d1a90a1a742dc""]",cluster__189d1a90a1a742dc,block_permutation,0.0,zero,1416,outer_02,shallow_gradient_boosting,142,0,51202678,4129
"[""cluster__189d1a90a1a742dc""]",cluster__189d1a90a1a742dc,block_permutation,0.0,zero,1416,outer_02,shallow_gradient_boosting,142,1,51202679,4129
"[""cluster__189d1a90a1a742dc""]",cluster__189d1a90a1a742dc,block_permutation,0.0,zero,1416,outer_02,shallow_gradient_boosting,142,2,51202680,4129
"[""cluster__189d1a90a1a742dc""]",cluster__189d1a90a1a742dc,block_permutation,0.0,zero,1416,outer_02,shallow_gradient_boosting,142,3,51202681,4129
"[""cluster__189d1a90a1a742dc""]",cluster__189d1a90a1a742dc,block_permutation,0.0,zero,1416,outer_02,shallow_gradient_boosting,142,4,51202682,4129
"[""cluster__189d1a90a1a742dc""]",cluster__189d1a90a1a742dc,block_permutation,0.0,zero,1416,outer_02,shallow_gradient_boosting,142,5,51202683,4129
"[""cluster__189d1a90a1a742dc""]",cluster__189d1a90a1a742dc,block_permutation,0.0,zero,1416,outer_02,shallow_gradient_boosting,142,6,51202684,4129
"[""cluster__189d1a90a1a742dc""]",cluster__189d1a90a1a742dc,block_permutation,0.0,zero,1416,outer_02,shallow_gradient_boosting,142,7,51202685,4129
"[""cluster__189d1a90a1a742dc""]",cluster__189d1a90a1a742dc,block_permutation,0.0,zero,1416,outer_02,shallow_gradient_boosting,142,8,51202686,4129
"[""cluster__189d1a90a1a742dc""]",cluster__189d1a90a1a742dc,block_permutation,0.0,zero,1416,outer_02,shallow_gradient_boosting,142,9,51202687,4129
"[""cluster__1a13286f866c4155""]",cluster__1a13286f866c4155,block_permutation,0.0,zero,1416,outer_02,shallow_gradient_boosting,142,0,51202688,4129
"[""cluster__1a13286f866c4155""]",cluster__1a13286f866c4155,block_permutation,0.0,zero,1416,outer_02,shallow_gradient_boosting,142,1,51202689,4129
"[""cluster__1a13286f866c4155""]",cluster__1a13286f866c4155,block_permutation,0.0,zero,1416,outer_02,shallow_gradient_boosting,142,2,51202690,4129
"[""cluster__1a13286f866c4155""]",cluster__1a13286f866c4155,block_permutation,0.0,zero,1416,outer_02,shallow_gradient_boosting,142,3,51202691,4129
"[""cluster__1a13286f866c4155""]",cluster__1a13286f866c4155,block_permutation,0.0,zero,1416,outer_02,shallow_gradient_boosting,142,4,51202692,4129
"[""cluster__1a13286f866c4155""]",cluster__1a13286f866c4155,block_permutation,0.0,zero,1416,outer_02,shallow_gradient_boosting,142,5,51202693,4129
"[""cluster__1a13286f866c4155""]",cluster__1a13286f866c4155,block_permutation,0.0,zero,1416,outer_02,shallow_gradient_boosting,142,6,51202694,4129
"[""cluster__1a13286f866c4155""]",cluster__1a13286f866c4155,block_permutation,0.0,zero,1416,outer_02,shallow_gradient_boosting,142,7,51202695,4129
"[""cluster__1a13286f866c4155""]",cluster__1a13286f866c4155,block_permutation,0.0,zero,1416,outer_02,shallow_gradient_boosting,142,8,51202696,4129
"[""cluster__1a13286f866c4155""]",cluster__1a13286f866c4155,block_permutation,0.0,zero,1416,outer_02,shallow_gradient_boosting,142,9,51202697,4129
"[""cluster__1ce77120fa004169""]",cluster__1ce77120fa004169,block_permutation,0.0,zero,1416,outer_02,shallow_gradient_boosting,142,0,51202698,4129
"[""cluster__1ce77120fa004169""]",cluster__1ce77120fa004169,block_permutation,0.0,zero,1416,outer_02,shallow_gradient_boosting,142,1,51202699,4129
"[""cluster__1ce77120fa004169""]",cluster__1ce77120fa004169,block_permutation,0.0,zero,1416,outer_02,shallow_gradient_boosting,142,2,51202700,4129
"[""cluster__1ce77120fa004169""]",cluster__1ce77120fa004169,block_permutation,0.0,zero,1416,outer_02,shallow_gradient_boosting,142,3,51202701,4129
"[""cluster__1ce77120fa004169""]",cluster__1ce77120fa004169,block_permutation,0.0,zero,1416,outer_02,shallow_gradient_boosting,142,4,51202702,4129
"[""cluster__1ce77120fa004169""]",cluster__1ce77120fa004169,block_permutation,0.0,zero,1416,outer_02,shallow_gradient_boosting,142,5,51202703,4129
"[""cluster__1ce77120fa004169""]",cluster__1ce77120fa004169,block_permutation,0.0,zero,1416,outer_02,shallow_gradient_boosting,142,6,51202704,4129
"[""cluster__1ce77120fa004169""]",cluster__1ce77120fa004169,block_permutation,0.0,zero,1416,outer_02,shallow_gradient_boosting,142,7,51202705,4129
"[""cluster__1ce77120fa004169""]",cluster__1ce77120fa004169,block_permutation,0.0,zero,1416,outer_02,shallow_gradient_boosting,142,8,51202706,4129
"[""cluster__1ce77120fa004169""]",cluster__1ce77120fa004169,block_permutation,0.0,zero,1416,outer_02,shallow_gradient_boosting,142,9,51202707,4129
"[""cluster__1e0e01b9fe15ec55""]",cluster__1e0e01b9fe15ec55,block_permutation,-0.0030739244745113803,negative,1416,outer_02,shallow_gradient_boosting,142,0,51202708,4129
"[""cluster__1e0e01b9fe15ec55""]",cluster__1e0e01b9fe15ec55,block_permutation,0.005513101108266638,positive,1416,outer_02,shallow_gradient_boosting,142,1,51202709,4129
"[""cluster__1e0e01b9fe15ec55""]",cluster__1e0e01b9fe15ec55,block_permutation,0.004286607245385432,positive,1416,outer_02,shallow_gradient_boosting,142,2,51202710,4129
"[""cluster__1e0e01b9fe15ec55""]",cluster__1e0e01b9fe15ec55,block_permutation,0.004232542324796196,positive,1416,outer_02,shallow_gradient_boosting,142,3,51202711,4129
"[""cluster__1e0e01b9fe15ec55""]",cluster__1e0e01b9fe15ec55,block_permutation,0.00040462966362375674,positive,1416,outer_02,shallow_gradient_boosting,142,4,51202712,4129
"[""cluster__1e0e01b9fe15ec55""]",cluster__1e0e01b9fe15ec55,block_permutation,0.00037250663339183365,positive,1416,outer_02,shallow_gradient_boosting,142,5,51202713,4129
"[""cluster__1e0e01b9fe15ec55""]",cluster__1e0e01b9fe15ec55,block_permutation,0.004354075513187561,positive,1416,outer_02,shallow_gradient_boosting,142,6,51202714,4129
"[""cluster__1e0e01b9fe15ec55""]",cluster__1e0e01b9fe15ec55,block_permutation,0.008675195536861136,positive,1416,outer_02,shallow_gradient_boosting,142,7,51202715,4129
"[""cluster__1e0e01b9fe15ec55""]",cluster__1e0e01b9fe15ec55,block_permutation,0.008406374503832192,positive,1416,outer_02,shallow_gradient_boosting,142,8,51202716,4129
"[""cluster__1e0e01b9fe15ec55""]",cluster__1e0e01b9fe15ec55,block_permutation,0.006066164848541944,positive,1416,outer_02,shallow_gradient_boosting,142,9,51202717,4129
"[""cluster__1e968c8901c575db""]",cluster__1e968c8901c575db,block_permutation,0.0,zero,1416,outer_02,shallow_gradient_boosting,142,0,51202718,4129
"[""cluster__1e968c8901c575db""]",cluster__1e968c8901c575db,block_permutation,0.0,zero,1416,outer_02,shallow_gradient_boosting,142,1,51202719,4129
"[""cluster__1e968c8901c575db""]",cluster__1e968c8901c575db,block_permutation,0.0,zero,1416,outer_02,shallow_gradient_boosting,142,2,51202720,4129
"[""cluster__1e968c8901c575db""]",cluster__1e968c8901c575db,block_permutation,0.0,zero,1416,outer_02,shallow_gradient_boosting,142,3,51202721,4129
"[""cluster__1e968c8901c575db""]",cluster__1e968c8901c575db,block_permutation,0.0,zero,1416,outer_02,shallow_gradient_boosting,142,4,51202722,4129
"[""cluster__1e968c8901c575db""]",cluster__1e968c8901c575db,block_permutation,0.0,zero,1416,outer_02,shallow_gradient_boosting,142,5,51202723,4129
"[""cluster__1e968c8901c575db""]",cluster__1e968c8901c575db,block_permutation,0.0,zero,1416,outer_02,shallow_gradient_boosting,142,6,51202724,4129
"[""cluster__1e968c8901c575db""]",cluster__1e968c8901c575db,block_permutation,0.0,zero,1416,outer_02,shallow_gradient_boosting,142,7,51202725,4129
"[""cluster__1e968c8901c575db""]",cluster__1e968c8901c575db,block_permutation,0.0,zero,1416,outer_02,shallow_gradient_boosting,142,8,51202726,4129
"[""cluster__1e968c8901c575db""]",cluster__1e968c8901c575db,block_permutation,0.0,zero,1416,outer_02,shallow_gradient_boosting,142,9,51202727,4129
"[""cluster__1f48220de6e92f9d""]",cluster__1f48220de6e92f9d,block_permutation,0.0,zero,1416,outer_02,shallow_gradient_boosting,142,0,51202728,4129
"[""cluster__1f48220de6e92f9d""]",cluster__1f48220de6e92f9d,block_permutation,0.0,zero,1416,outer_02,shallow_gradient_boosting,142,1,51202729,4129
"[""cluster__1f48220de6e92f9d""]",cluster__1f48220de6e92f9d,block_permutation,0.0,zero,1416,outer_02,shallow_gradient_boosting,142,2,51202730,4129
"[""cluster__1f48220de6e92f9d""]",cluster__1f48220de6e92f9d,block_permutation,0.0,zero,1416,outer_02,shallow_gradient_boosting,142,3,51202731,4129
"[""cluster__1f48220de6e92f9d""]",cluster__1f48220de6e92f9d,block_permutation,0.0,zero,1416,outer_02,shallow_gradient_boosting,142,4,51202732,4129
"[""cluster__1f48220de6e92f9d""]",cluster__1f48220de6e92f9d,block_permutation,0.0,zero,1416,outer_02,shallow_gradient_boosting,142,5,51202733,4129
"[""cluster__1f48220de6e92f9d""]",cluster__1f48220de6e92f9d,block_permutation,0.0,zero,1416,outer_02,shallow_gradient_boosting,142,6,51202734,4129
"[""cluster__1f48220de6e92f9d""]",cluster__1f48220de6e92f9d,block_permutation,0.0,zero,1416,outer_02,shallow_gradient_boosting,142,7,51202735,4129
"[""cluster__1f48220de6e92f9d""]",cluster__1f48220de6e92f9d,block_permutation,0.0,zero,1416,outer_02,shallow_gradient_boosting,142,8,51202736,4129
"[""cluster__1f48220de6e92f9d""]",cluster__1f48220de6e92f9d,block_permutation,0.0,zero,1416,outer_02,shallow_gradient_boosting,142,9,51202737,4129
"[""cluster__20fb49f3528f30d2""]",cluster__20fb49f3528f30d2,block_permutation,0.0,zero,1416,outer_02,shallow_gradient_boosting,142,0,51202738,4129
"[""cluster__20fb49f3528f30d2""]",cluster__20fb49f3528f30d2,block_permutation,0.0,zero,1416,outer_02,shallow_gradient_boosting,142,1,51202739,4129
"[""cluster__20fb49f3528f30d2""]",cluster__20fb49f3528f30d2,block_permutation,0.0,zero,1416,outer_02,shallow_gradient_boosting,142,2,51202740,4129
"[""cluster__20fb49f3528f30d2""]",cluster__20fb49f3528f30d2,block_permutation,0.0,zero,1416,outer_02,shallow_gradient_boosting,142,3,51202741,4129
"[""cluster__20fb49f3528f30d2""]",cluster__20fb49f3528f30d2,block_permutation,0.0,zero,1416,outer_02,shallow_gradient_boosting,142,4,51202742,4129
"[""cluster__20fb49f3528f30d2""]",cluster__20fb49f3528f30d2,block_permutation,0.0,zero,1416,outer_02,shallow_gradient_boosting,142,5,51202743,4129
"[""cluster__20fb49f3528f30d2""]",cluster__20fb49f3528f30d2,block_permutation,0.0,zero,1416,outer_02,shallow_gradient_boosting,142,6,51202744,4129
"[""cluster__20fb49f3528f30d2""]",cluster__20fb49f3528f30d2,block_permutation,0.0,zero,1416,outer_02,shallow_gradient_boosting,142,7,51202745,4129
"[""cluster__20fb49f3528f30d2""]",cluster__20fb49f3528f30d2,block_permutation,0.0,zero,1416,outer_02,shallow_gradient_boosting,142,8,51202746,4129
"[""cluster__20fb49f3528f30d2""]",cluster__20fb49f3528f30d2,block_permutation,0.0,zero,1416,outer_02,shallow_gradient_boosting,142,9,51202747,4129
"[""cluster__23a7d3b95c5e30ff""]",cluster__23a7d3b95c5e30ff,block_permutation,0.0023129663350893725,positive,1416,outer_02,shallow_gradient_boosting,142,0,51202748,4129
"[""cluster__23a7d3b95c5e30ff""]",cluster__23a7d3b95c5e30ff,block_permutation,0.0014130054634723388,positive,1416,outer_02,shallow_gradient_boosting,142,1,51202749,4129
"[""cluster__23a7d3b95c5e30ff""]",cluster__23a7d3b95c5e30ff,block_permutation,0.0009437967631937827,positive,1416,outer_02,shallow_gradient_boosting,142,2,51202750,4129
"[""cluster__23a7d3b95c5e30ff""]",cluster__23a7d3b95c5e30ff,block_permutation,0.003824857630218337,positive,1416,outer_02,shallow_gradient_boosting,142,3,51202751,4129
"[""cluster__23a7d3b95c5e30ff""]",cluster__23a7d3b95c5e30ff,block_permutation,0.0038552325917941,positive,1416,outer_02,shallow_gradient_boosting,142,4,51202752,4129
"[""cluster__23a7d3b95c5e30ff""]",cluster__23a7d3b95c5e30ff,block_permutation,0.001521658005964821,positive,1416,outer_02,shallow_gradient_boosting,142,5,51202753,4129
"[""cluster__23a7d3b95c5e30ff""]",cluster__23a7d3b95c5e30ff,block_permutation,0.0008387469375298329,positive,1416,outer_02,shallow_gradient_boosting,142,6,51202754,4129
"[""cluster__23a7d3b95c5e30ff""]",cluster__23a7d3b95c5e30ff,block_permutation,0.0029822712922997763,positive,1416,outer_02,shallow_gradient_boosting,142,7,51202755,4129
"[""cluster__23a7d3b95c5e30ff""]",cluster__23a7d3b95c5e30ff,block_permutation,0.004941487547548085,positive,1416,outer_02,shallow_gradient_boosting,142,8,51202756,4129
"[""cluster__23a7d3b95c5e30ff""]",cluster__23a7d3b95c5e30ff,block_permutation,0.0031639858846236324,positive,1416,outer_02,shallow_gradient_boosting,142,9,51202757,4129
"[""cluster__26090851fa96f8cf""]",cluster__26090851fa96f8cf,block_permutation,-0.0016002182514186503,negative,1416,outer_02,shallow_gradient_boosting,142,0,51202758,4129
"[""cluster__26090851fa96f8cf""]",cluster__26090851fa96f8cf,block_permutation,-0.0034709517597865114,negative,1416,outer_02,shallow_gradient_boosting,142,1,51202759,4129
"[""cluster__26090851fa96f8cf""]",cluster__26090851fa96f8cf,block_permutation,0.002537374508439161,positive,1416,outer_02,shallow_gradient_boosting,142,2,51202760,4129
"[""cluster__26090851fa96f8cf""]",cluster__26090851fa96f8cf,block_permutation,0.0009173965319353439,positive,1416,outer_02,shallow_gradient_boosting,142,3,51202761,4129
"[""cluster__26090851fa96f8cf""]",cluster__26090851fa96f8cf,block_permutation,-0.005118362459953674,negative,1416,outer_02,shallow_gradient_boosting,142,4,51202762,4129
"[""cluster__26090851fa96f8cf""]",cluster__26090851fa96f8cf,block_permutation,-0.00040626021970446846,negative,1416,outer_02,shallow_gradient_boosting,142,5,51202763,4129
"[""cluster__26090851fa96f8cf""]",cluster__26090851fa96f8cf,block_permutation,-0.007187425846124418,negative,1416,outer_02,shallow_gradient_boosting,142,6,51202764,4129
"[""cluster__26090851fa96f8cf""]",cluster__26090851fa96f8cf,block_permutation,0.00021466073817844045,positive,1416,outer_02,shallow_gradient_boosting,142,7,51202765,4129
"[""cluster__26090851fa96f8cf""]",cluster__26090851fa96f8cf,block_permutation,-0.002373322422329127,negative,1416,outer_02,shallow_gradient_boosting,142,8,51202766,4129
"[""cluster__26090851fa96f8cf""]",cluster__26090851fa96f8cf,block_permutation,-0.00012813592128801954,negative,1416,outer_02,shallow_gradient_boosting,142,9,51202767,4129
"[""cluster__26ad2c75d43d49ad""]",cluster__26ad2c75d43d49ad,block_permutation,0.0,zero,1416,outer_02,shallow_gradient_boosting,142,0,51202768,4129
"[""cluster__26ad2c75d43d49ad""]",cluster__26ad2c75d43d49ad,block_permutation,0.0,zero,1416,outer_02,shallow_gradient_boosting,142,1,51202769,4129
"[""cluster__26ad2c75d43d49ad""]",cluster__26ad2c75d43d49ad,block_permutation,0.0,zero,1416,outer_02,shallow_gradient_boosting,142,2,51202770,4129
"[""cluster__26ad2c75d43d49ad""]",cluster__26ad2c75d43d49ad,block_permutation,0.0,zero,1416,outer_02,shallow_gradient_boosting,142,3,51202771,4129
"[""cluster__26ad2c75d43d49ad""]",cluster__26ad2c75d43d49ad,block_permutation,0.0,zero,1416,outer_02,shallow_gradient_boosting,142,4,51202772,4129
"[""cluster__26ad2c75d43d49ad""]",cluster__26ad2c75d43d49ad,block_permutation,0.0,zero,1416,outer_02,shallow_gradient_boosting,142,5,51202773,4129
"[""cluster__26ad2c75d43d49ad""]",cluster__26ad2c75d43d49ad,block_permutation,0.0,zero,1416,outer_02,shallow_gradient_boosting,142,6,51202774,4129
"[""cluster__26ad2c75d43d49ad""]",cluster__26ad2c75d43d49ad,block_permutation,0.0,zero,1416,outer_02,shallow_gradient_boosting,142,7,51202775,4129
"[""cluster__26ad2c75d43d49ad""]",cluster__26ad2c75d43d49ad,block_permutation,0.0,zero,1416,outer_02,shallow_gradient_boosting,142,8,51202776,4129
"[""cluster__26ad2c75d43d49ad""]",cluster__26ad2c75d43d49ad,block_permutation,0.0,zero,1416,outer_02,shallow_gradient_boosting,142,9,51202777,4129
"[""cluster__29963467135cd4cd""]",cluster__29963467135cd4cd,block_permutation,0.0,zero,1416,outer_02,shallow_gradient_boosting,142,0,51202778,4129
"[""cluster__29963467135cd4cd""]",cluster__29963467135cd4cd,block_permutation,0.0,zero,1416,outer_02,shallow_gradient_boosting,142,1,51202779,4129
"[""cluster__29963467135cd4cd""]",cluster__29963467135cd4cd,block_permutation,0.0,zero,1416,outer_02,shallow_gradient_boosting,142,2,51202780,4129
"[""cluster__29963467135cd4cd""]",cluster__29963467135cd4cd,block_permutation,0.0,zero,1416,outer_02,shallow_gradient_boosting,142,3,51202781,4129
"[""cluster__29963467135cd4cd""]",cluster__29963467135cd4cd,block_permutation,0.0,zero,1416,outer_02,shallow_gradient_boosting,142,4,51202782,4129
"[""cluster__29963467135cd4cd""]",cluster__29963467135cd4cd,block_permutation,0.0,zero,1416,outer_02,shallow_gradient_boosting,142,5,51202783,4129
"[""cluster__29963467135cd4cd""]",cluster__29963467135cd4cd,block_permutation,0.0,zero,1416,outer_02,shallow_gradient_boosting,142,6,51202784,4129
"[""cluster__29963467135cd4cd""]",cluster__29963467135cd4cd,block_permutation,0.0,zero,1416,outer_02,shallow_gradient_boosting,142,7,51202785,4129
"[""cluster__29963467135cd4cd""]",cluster__29963467135cd4cd,block_permutation,0.0,zero,1416,outer_02,shallow_gradient_boosting,142,8,51202786,4129
"[""cluster__29963467135cd4cd""]",cluster__29963467135cd4cd,block_permutation,0.0,zero,1416,outer_02,shallow_gradient_boosting,142,9,51202787,4129
"[""cluster__2d7a1c0d880f88ee""]",cluster__2d7a1c0d880f88ee,block_permutation,0.0,zero,1416,outer_02,shallow_gradient_boosting,142,0,51202788,4129
"[""cluster__2d7a1c0d880f88ee""]",cluster__2d7a1c0d880f88ee,block_permutation,0.0,zero,1416,outer_02,shallow_gradient_boosting,142,1,51202789,4129
"[""cluster__2d7a1c0d880f88ee""]",cluster__2d7a1c0d880f88ee,block_permutation,0.0,zero,1416,outer_02,shallow_gradient_boosting,142,2,51202790,4129
"[""cluster__2d7a1c0d880f88ee""]",cluster__2d7a1c0d880f88ee,block_permutation,0.0,zero,1416,outer_02,shallow_gradient_boosting,142,3,51202791,4129
"[""cluster__2d7a1c0d880f88ee""]",cluster__2d7a1c0d880f88ee,block_permutation,0.0,zero,1416,outer_02,shallow_gradient_boosting,142,4,51202792,4129
"[""cluster__2d7a1c0d880f88ee""]",cluster__2d7a1c0d880f88ee,block_permutation,0.0,zero,1416,outer_02,shallow_gradient_boosting,142,5,51202793,4129
"[""cluster__2d7a1c0d880f88ee""]",cluster__2d7a1c0d880f88ee,block_permutation,0.0,zero,1416,outer_02,shallow_gradient_boosting,142,6,51202794,4129
"[""cluster__2d7a1c0d880f88ee""]",cluster__2d7a1c0d880f88ee,block_permutation,0.0,zero,1416,outer_02,shallow_gradient_boosting,142,7,51202795,4129
"[""cluster__2d7a1c0d880f88ee""]",cluster__2d7a1c0d880f88ee,block_permutation,0.0,zero,1416,outer_02,shallow_gradient_boosting,142,8,51202796,4129
"[""cluster__2d7a1c0d880f88ee""]",cluster__2d7a1c0d880f88ee,block_permutation,0.0,zero,1416,outer_02,shallow_gradient_boosting,142,9,51202797,4129
"[""cluster__2e6f29d20733c126""]",cluster__2e6f29d20733c126,block_permutation,0.0,zero,1416,outer_02,shallow_gradient_boosting,142,0,51202798,4129
"[""cluster__2e6f29d20733c126""]",cluster__2e6f29d20733c126,block_permutation,0.0,zero,1416,outer_02,shallow_gradient_boosting,142,1,51202799,4129
"[""cluster__2e6f29d20733c126""]",cluster__2e6f29d20733c126,block_permutation,0.0,zero,1416,outer_02,shallow_gradient_boosting,142,2,51202800,4129
"[""cluster__2e6f29d20733c126""]",cluster__2e6f29d20733c126,block_permutation,0.0,zero,1416,outer_02,shallow_gradient_boosting,142,3,51202801,4129
"[""cluster__2e6f29d20733c126""]",cluster__2e6f29d20733c126,block_permutation,0.0,zero,1416,outer_02,shallow_gradient_boosting,142,4,51202802,4129
"[""cluster__2e6f29d20733c126""]",cluster__2e6f29d20733c126,block_permutation,0.0,zero,1416,outer_02,shallow_gradient_boosting,142,5,51202803,4129
"[""cluster__2e6f29d20733c126""]",cluster__2e6f29d20733c126,block_permutation,0.0,zero,1416,outer_02,shallow_gradient_boosting,142,6,51202804,4129
"[""cluster__2e6f29d20733c126""]",cluster__2e6f29d20733c126,block_permutation,0.0,zero,1416,outer_02,shallow_gradient_boosting,142,7,51202805,4129
"[""cluster__2e6f29d20733c126""]",cluster__2e6f29d20733c126,block_permutation,0.0,zero,1416,outer_02,shallow_gradient_boosting,142,8,51202806,4129
"[""cluster__2e6f29d20733c126""]",cluster__2e6f29d20733c126,block_permutation,0.0,zero,1416,outer_02,shallow_gradient_boosting,142,9,51202807,4129
"[""cluster__2f6f9b66bf9da773""]",cluster__2f6f9b66bf9da773,block_permutation,0.0,zero,1416,outer_02,shallow_gradient_boosting,142,0,51202808,4129
"[""cluster__2f6f9b66bf9da773""]",cluster__2f6f9b66bf9da773,block_permutation,0.0,zero,1416,outer_02,shallow_gradient_boosting,142,1,51202809,4129
"[""cluster__2f6f9b66bf9da773""]",cluster__2f6f9b66bf9da773,block_permutation,0.0,zero,1416,outer_02,shallow_gradient_boosting,142,2,51202810,4129
"[""cluster__2f6f9b66bf9da773""]",cluster__2f6f9b66bf9da773,block_permutation,0.0,zero,1416,outer_02,shallow_gradient_boosting,142,3,51202811,4129
"[""cluster__2f6f9b66bf9da773""]",cluster__2f6f9b66bf9da773,block_permutation,0.0,zero,1416,outer_02,shallow_gradient_boosting,142,4,51202812,4129
"[""cluster__2f6f9b66bf9da773""]",cluster__2f6f9b66bf9da773,block_permutation,0.0,zero,1416,outer_02,shallow_gradient_boosting,142,5,51202813,4129
"[""cluster__2f6f9b66bf9da773""]",cluster__2f6f9b66bf9da773,block_permutation,0.0,zero,1416,outer_02,shallow_gradient_boosting,142,6,51202814,4129
"[""cluster__2f6f9b66bf9da773""]",cluster__2f6f9b66bf9da773,block_permutation,0.0,zero,1416,outer_02,shallow_gradient_boosting,142,7,51202815,4129
"[""cluster__2f6f9b66bf9da773""]",cluster__2f6f9b66bf9da773,block_permutation,0.0,zero,1416,outer_02,shallow_gradient_boosting,142,8,51202816,4129
"[""cluster__2f6f9b66bf9da773""]",cluster__2f6f9b66bf9da773,block_permutation,0.0,zero,1416,outer_02,shallow_gradient_boosting,142,9,51202817,4129
"[""cluster__2f97bd40c280c05c""]",cluster__2f97bd40c280c05c,block_permutation,0.0,zero,1416,outer_02,shallow_gradient_boosting,142,0,51202818,4129
"[""cluster__2f97bd40c280c05c""]",cluster__2f97bd40c280c05c,block_permutation,0.0,zero,1416,outer_02,shallow_gradient_boosting,142,1,51202819,4129
"[""cluster__2f97bd40c280c05c""]",cluster__2f97bd40c280c05c,block_permutation,0.0,zero,1416,outer_02,shallow_gradient_boosting,142,2,51202820,4129
"[""cluster__2f97bd40c280c05c""]",cluster__2f97bd40c280c05c,block_permutation,0.0,zero,1416,outer_02,shallow_gradient_boosting,142,3,51202821,4129
"[""cluster__2f97bd40c280c05c""]",cluster__2f97bd40c280c05c,block_permutation,0.0,zero,1416,outer_02,shallow_gradient_boosting,142,4,51202822,4129
"[""cluster__2f97bd40c280c05c""]",cluster__2f97bd40c280c05c,block_permutation,0.0,zero,1416,outer_02,shallow_gradient_boosting,142,5,51202823,4129
"[""cluster__2f97bd40c280c05c""]",cluster__2f97bd40c280c05c,block_permutation,0.0,zero,1416,outer_02,shallow_gradient_boosting,142,6,51202824,4129
"[""cluster__2f97bd40c280c05c""]",cluster__2f97bd40c280c05c,block_permutation,0.0,zero,1416,outer_02,shallow_gradient_boosting,142,7,51202825,4129
"[""cluster__2f97bd40c280c05c""]",cluster__2f97bd40c280c05c,block_permutation,0.0,zero,1416,outer_02,shallow_gradient_boosting,142,8,51202826,4129
"[""cluster__2f97bd40c280c05c""]",cluster__2f97bd40c280c05c,block_permutation,0.0,zero,1416,outer_02,shallow_gradient_boosting,142,9,51202827,4129
"[""cluster__394bc857d8fc4a57""]",cluster__394bc857d8fc4a57,block_permutation,0.0,zero,1416,outer_02,shallow_gradient_boosting,142,0,51202828,4129
"[""cluster__394bc857d8fc4a57""]",cluster__394bc857d8fc4a57,block_permutation,0.0,zero,1416,outer_02,shallow_gradient_boosting,142,1,51202829,4129
"[""cluster__394bc857d8fc4a57""]",cluster__394bc857d8fc4a57,block_permutation,0.0,zero,1416,outer_02,shallow_gradient_boosting,142,2,51202830,4129
"[""cluster__394bc857d8fc4a57""]",cluster__394bc857d8fc4a57,block_permutation,0.0,zero,1416,outer_02,shallow_gradient_boosting,142,3,51202831,4129
"[""cluster__394bc857d8fc4a57""]",cluster__394bc857d8fc4a57,block_permutation,0.0,zero,1416,outer_02,shallow_gradient_boosting,142,4,51202832,4129
"[""cluster__394bc857d8fc4a57""]",cluster__394bc857d8fc4a57,block_permutation,0.0,zero,1416,outer_02,shallow_gradient_boosting,142,5,51202833,4129
"[""cluster__394bc857d8fc4a57""]",cluster__394bc857d8fc4a57,block_permutation,0.0,zero,1416,outer_02,shallow_gradient_boosting,142,6,51202834,4129
"[""cluster__394bc857d8fc4a57""]",cluster__394bc857d8fc4a57,block_permutation,0.0,zero,1416,outer_02,shallow_gradient_boosting,142,7,51202835,4129
"[""cluster__394bc857d8fc4a57""]",cluster__394bc857d8fc4a57,block_permutation,0.0,zero,1416,outer_02,shallow_gradient_boosting,142,8,51202836,4129
"[""cluster__394bc857d8fc4a57""]",cluster__394bc857d8fc4a57,block_permutation,0.0,zero,1416,outer_02,shallow_gradient_boosting,142,9,51202837,4129
"[""cluster__3a128293ed568dc0""]",cluster__3a128293ed568dc0,block_permutation,0.0,zero,1416,outer_02,shallow_gradient_boosting,142,0,51202838,4129
"[""cluster__3a128293ed568dc0""]",cluster__3a128293ed568dc0,block_permutation,0.0,zero,1416,outer_02,shallow_gradient_boosting,142,1,51202839,4129
"[""cluster__3a128293ed568dc0""]",cluster__3a128293ed568dc0,block_permutation,0.0,zero,1416,outer_02,shallow_gradient_boosting,142,2,51202840,4129
"[""cluster__3a128293ed568dc0""]",cluster__3a128293ed568dc0,block_permutation,0.0,zero,1416,outer_02,shallow_gradient_boosting,142,3,51202841,4129
"[""cluster__3a128293ed568dc0""]",cluster__3a128293ed568dc0,block_permutation,0.0,zero,1416,outer_02,shallow_gradient_boosting,142,4,51202842,4129
"[""cluster__3a128293ed568dc0""]",cluster__3a128293ed568dc0,block_permutation,0.0,zero,1416,outer_02,shallow_gradient_boosting,142,5,51202843,4129
"[""cluster__3a128293ed568dc0""]",cluster__3a128293ed568dc0,block_permutation,0.0,zero,1416,outer_02,shallow_gradient_boosting,142,6,51202844,4129
"[""cluster__3a128293ed568dc0""]",cluster__3a128293ed568dc0,block_permutation,0.0,zero,1416,outer_02,shallow_gradient_boosting,142,7,51202845,4129
"[""cluster__3a128293ed568dc0""]",cluster__3a128293ed568dc0,block_permutation,0.0,zero,1416,outer_02,shallow_gradient_boosting,142,8,51202846,4129
"[""cluster__3a128293ed568dc0""]",cluster__3a128293ed568dc0,block_permutation,0.0,zero,1416,outer_02,shallow_gradient_boosting,142,9,51202847,4129
"[""cluster__3c67dd0616449c2d""]",cluster__3c67dd0616449c2d,block_permutation,0.009586018725573964,positive,1416,outer_02,shallow_gradient_boosting,142,0,51202848,4129
"[""cluster__3c67dd0616449c2d""]",cluster__3c67dd0616449c2d,block_permutation,0.03588635800508588,positive,1416,outer_02,shallow_gradient_boosting,142,1,51202849,4129
"[""cluster__3c67dd0616449c2d""]",cluster__3c67dd0616449c2d,block_permutation,0.01209604511834872,positive,1416,outer_02,shallow_gradient_boosting,142,2,51202850,4129
"[""cluster__3c67dd0616449c2d""]",cluster__3c67dd0616449c2d,block_permutation,0.00965759004431177,positive,1416,outer_02,shallow_gradient_boosting,142,3,51202851,4129
"[""cluster__3c67dd0616449c2d""]",cluster__3c67dd0616449c2d,block_permutation,-0.000665074693771861,negative,1416,outer_02,shallow_gradient_boosting,142,4,51202852,4129
"[""cluster__3c67dd0616449c2d""]",cluster__3c67dd0616449c2d,block_permutation,0.010344293582771558,positive,1416,outer_02,shallow_gradient_boosting,142,5,51202853,4129
"[""cluster__3c67dd0616449c2d""]",cluster__3c67dd0616449c2d,block_permutation,0.009934409446658576,positive,1416,outer_02,shallow_gradient_boosting,142,6,51202854,4129
"[""cluster__3c67dd0616449c2d""]",cluster__3c67dd0616449c2d,block_permutation,0.013827101419925159,positive,1416,outer_02,shallow_gradient_boosting,142,7,51202855,4129
"[""cluster__3c67dd0616449c2d""]",cluster__3c67dd0616449c2d,block_permutation,0.012968277033488795,positive,1416,outer_02,shallow_gradient_boosting,142,8,51202856,4129
"[""cluster__3c67dd0616449c2d""]",cluster__3c67dd0616449c2d,block_permutation,0.020662312330913535,positive,1416,outer_02,shallow_gradient_boosting,142,9,51202857,4129
"[""cluster__3cf051d5429a5851""]",cluster__3cf051d5429a5851,block_permutation,0.0,zero,1416,outer_02,shallow_gradient_boosting,142,0,51202858,4129
"[""cluster__3cf051d5429a5851""]",cluster__3cf051d5429a5851,block_permutation,0.0,zero,1416,outer_02,shallow_gradient_boosting,142,1,51202859,4129
"[""cluster__3cf051d5429a5851""]",cluster__3cf051d5429a5851,block_permutation,0.0,zero,1416,outer_02,shallow_gradient_boosting,142,2,51202860,4129
"[""cluster__3cf051d5429a5851""]",cluster__3cf051d5429a5851,block_permutation,0.0,zero,1416,outer_02,shallow_gradient_boosting,142,3,51202861,4129
"[""cluster__3cf051d5429a5851""]",cluster__3cf051d5429a5851,block_permutation,0.0,zero,1416,outer_02,shallow_gradient_boosting,142,4,51202862,4129
"[""cluster__3cf051d5429a5851""]",cluster__3cf051d5429a5851,block_permutation,0.0,zero,1416,outer_02,shallow_gradient_boosting,142,5,51202863,4129
"[""cluster__3cf051d5429a5851""]",cluster__3cf051d5429a5851,block_permutation,0.0,zero,1416,outer_02,shallow_gradient_boosting,142,6,51202864,4129
"[""cluster__3cf051d5429a5851""]",cluster__3cf051d5429a5851,block_permutation,0.0,zero,1416,outer_02,shallow_gradient_boosting,142,7,51202865,4129
"[""cluster__3cf051d5429a5851""]",cluster__3cf051d5429a5851,block_permutation,0.0,zero,1416,outer_02,shallow_gradient_boosting,142,8,51202866,4129
"[""cluster__3cf051d5429a5851""]",cluster__3cf051d5429a5851,block_permutation,0.0,zero,1416,outer_02,shallow_gradient_boosting,142,9,51202867,4129
"[""cluster__3e5336b9c24613b3""]",cluster__3e5336b9c24613b3,block_permutation,0.0,zero,1416,outer_02,shallow_gradient_boosting,142,0,51202868,4129
"[""cluster__3e5336b9c24613b3""]",cluster__3e5336b9c24613b3,block_permutation,0.0,zero,1416,outer_02,shallow_gradient_boosting,142,1,51202869,4129
"[""cluster__3e5336b9c24613b3""]",cluster__3e5336b9c24613b3,block_permutation,0.0,zero,1416,outer_02,shallow_gradient_boosting,142,2,51202870,4129
"[""cluster__3e5336b9c24613b3""]",cluster__3e5336b9c24613b3,block_permutation,0.0,zero,1416,outer_02,shallow_gradient_boosting,142,3,51202871,4129
"[""cluster__3e5336b9c24613b3""]",cluster__3e5336b9c24613b3,block_permutation,0.0,zero,1416,outer_02,shallow_gradient_boosting,142,4,51202872,4129
"[""cluster__3e5336b9c24613b3""]",cluster__3e5336b9c24613b3,block_permutation,0.0,zero,1416,outer_02,shallow_gradient_boosting,142,5,51202873,4129
"[""cluster__3e5336b9c24613b3""]",cluster__3e5336b9c24613b3,block_permutation,0.0,zero,1416,outer_02,shallow_gradient_boosting,142,6,51202874,4129
"[""cluster__3e5336b9c24613b3""]",cluster__3e5336b9c24613b3,block_permutation,0.0,zero,1416,outer_02,shallow_gradient_boosting,142,7,51202875,4129
"[""cluster__3e5336b9c24613b3""]",cluster__3e5336b9c24613b3,block_permutation,0.0,zero,1416,outer_02,shallow_gradient_boosting,142,8,51202876,4129
"[""cluster__3e5336b9c24613b3""]",cluster__3e5336b9c24613b3,block_permutation,0.0,zero,1416,outer_02,shallow_gradient_boosting,142,9,51202877,4129
"[""cluster__421a4a1c5073e265""]",cluster__421a4a1c5073e265,block_permutation,0.0,zero,1416,outer_02,shallow_gradient_boosting,142,0,51202878,4129
"[""cluster__421a4a1c5073e265""]",cluster__421a4a1c5073e265,block_permutation,0.0,zero,1416,outer_02,shallow_gradient_boosting,142,1,51202879,4129
"[""cluster__421a4a1c5073e265""]",cluster__421a4a1c5073e265,block_permutation,0.0,zero,1416,outer_02,shallow_gradient_boosting,142,2,51202880,4129
"[""cluster__421a4a1c5073e265""]",cluster__421a4a1c5073e265,block_permutation,0.0,zero,1416,outer_02,shallow_gradient_boosting,142,3,51202881,4129
"[""cluster__421a4a1c5073e265""]",cluster__421a4a1c5073e265,block_permutation,0.0,zero,1416,outer_02,shallow_gradient_boosting,142,4,51202882,4129
"[""cluster__421a4a1c5073e265""]",cluster__421a4a1c5073e265,block_permutation,0.0,zero,1416,outer_02,shallow_gradient_boosting,142,5,51202883,4129
"[""cluster__421a4a1c5073e265""]",cluster__421a4a1c5073e265,block_permutation,0.0,zero,1416,outer_02,shallow_gradient_boosting,142,6,51202884,4129
"[""cluster__421a4a1c5073e265""]",cluster__421a4a1c5073e265,block_permutation,0.0,zero,1416,outer_02,shallow_gradient_boosting,142,7,51202885,4129
"[""cluster__421a4a1c5073e265""]",cluster__421a4a1c5073e265,block_permutation,0.0,zero,1416,outer_02,shallow_gradient_boosting,142,8,51202886,4129
"[""cluster__421a4a1c5073e265""]",cluster__421a4a1c5073e265,block_permutation,0.0,zero,1416,outer_02,shallow_gradient_boosting,142,9,51202887,4129
"[""cluster__453e45b37c54e768""]",cluster__453e45b37c54e768,block_permutation,0.0,zero,1416,outer_02,shallow_gradient_boosting,142,0,51202888,4129
"[""cluster__453e45b37c54e768""]",cluster__453e45b37c54e768,block_permutation,0.0,zero,1416,outer_02,shallow_gradient_boosting,142,1,51202889,4129
"[""cluster__453e45b37c54e768""]",cluster__453e45b37c54e768,block_permutation,0.0,zero,1416,outer_02,shallow_gradient_boosting,142,2,51202890,4129
"[""cluster__453e45b37c54e768""]",cluster__453e45b37c54e768,block_permutation,0.0,zero,1416,outer_02,shallow_gradient_boosting,142,3,51202891,4129
"[""cluster__453e45b37c54e768""]",cluster__453e45b37c54e768,block_permutation,0.0,zero,1416,outer_02,shallow_gradient_boosting,142,4,51202892,4129
"[""cluster__453e45b37c54e768""]",cluster__453e45b37c54e768,block_permutation,0.0,zero,1416,outer_02,shallow_gradient_boosting,142,5,51202893,4129
"[""cluster__453e45b37c54e768""]",cluster__453e45b37c54e768,block_permutation,0.0,zero,1416,outer_02,shallow_gradient_boosting,142,6,51202894,4129
"[""cluster__453e45b37c54e768""]",cluster__453e45b37c54e768,block_permutation,0.0,zero,1416,outer_02,shallow_gradient_boosting,142,7,51202895,4129
"[""cluster__453e45b37c54e768""]",cluster__453e45b37c54e768,block_permutation,0.0,zero,1416,outer_02,shallow_gradient_boosting,142,8,51202896,4129
"[""cluster__453e45b37c54e768""]",cluster__453e45b37c54e768,block_permutation,0.0,zero,1416,outer_02,shallow_gradient_boosting,142,9,51202897,4129
"[""cluster__477b0804b0e235c3""]",cluster__477b0804b0e235c3,block_permutation,0.0,zero,1416,outer_02,shallow_gradient_boosting,142,0,51202898,4129
"[""cluster__477b0804b0e235c3""]",cluster__477b0804b0e235c3,block_permutation,0.0,zero,1416,outer_02,shallow_gradient_boosting,142,1,51202899,4129
"[""cluster__477b0804b0e235c3""]",cluster__477b0804b0e235c3,block_permutation,0.0,zero,1416,outer_02,shallow_gradient_boosting,142,2,51202900,4129
"[""cluster__477b0804b0e235c3""]",cluster__477b0804b0e235c3,block_permutation,0.0,zero,1416,outer_02,shallow_gradient_boosting,142,3,51202901,4129
"[""cluster__477b0804b0e235c3""]",cluster__477b0804b0e235c3,block_permutation,0.0,zero,1416,outer_02,shallow_gradient_boosting,142,4,51202902,4129
"[""cluster__477b0804b0e235c3""]",cluster__477b0804b0e235c3,block_permutation,0.0,zero,1416,outer_02,shallow_gradient_boosting,142,5,51202903,4129
"[""cluster__477b0804b0e235c3""]",cluster__477b0804b0e235c3,block_permutation,0.0,zero,1416,outer_02,shallow_gradient_boosting,142,6,51202904,4129
"[""cluster__477b0804b0e235c3""]",cluster__477b0804b0e235c3,block_permutation,0.0,zero,1416,outer_02,shallow_gradient_boosting,142,7,51202905,4129
"[""cluster__477b0804b0e235c3""]",cluster__477b0804b0e235c3,block_permutation,0.0,zero,1416,outer_02,shallow_gradient_boosting,142,8,51202906,4129
"[""cluster__477b0804b0e235c3""]",cluster__477b0804b0e235c3,block_permutation,0.0,zero,1416,outer_02,shallow_gradient_boosting,142,9,51202907,4129
"[""cluster__4a28d5e18578418a""]",cluster__4a28d5e18578418a,block_permutation,0.0,zero,1416,outer_02,shallow_gradient_boosting,142,0,51202908,4129
"[""cluster__4a28d5e18578418a""]",cluster__4a28d5e18578418a,block_permutation,0.0,zero,1416,outer_02,shallow_gradient_boosting,142,1,51202909,4129
"[""cluster__4a28d5e18578418a""]",cluster__4a28d5e18578418a,block_permutation,0.0,zero,1416,outer_02,shallow_gradient_boosting,142,2,51202910,4129
"[""cluster__4a28d5e18578418a""]",cluster__4a28d5e18578418a,block_permutation,0.0,zero,1416,outer_02,shallow_gradient_boosting,142,3,51202911,4129
"[""cluster__4a28d5e18578418a""]",cluster__4a28d5e18578418a,block_permutation,0.0,zero,1416,outer_02,shallow_gradient_boosting,142,4,51202912,4129
"[""cluster__4a28d5e18578418a""]",cluster__4a28d5e18578418a,block_permutation,0.0,zero,1416,outer_02,shallow_gradient_boosting,142,5,51202913,4129
"[""cluster__4a28d5e18578418a""]",cluster__4a28d5e18578418a,block_permutation,0.0,zero,1416,outer_02,shallow_gradient_boosting,142,6,51202914,4129
"[""cluster__4a28d5e18578418a""]",cluster__4a28d5e18578418a,block_permutation,0.0,zero,1416,outer_02,shallow_gradient_boosting,142,7,51202915,4129
"[""cluster__4a28d5e18578418a""]",cluster__4a28d5e18578418a,block_permutation,0.0,zero,1416,outer_02,shallow_gradient_boosting,142,8,51202916,4129
"[""cluster__4a28d5e18578418a""]",cluster__4a28d5e18578418a,block_permutation,0.0,zero,1416,outer_02,shallow_gradient_boosting,142,9,51202917,4129
"[""cluster__4e66a854583b258d""]",cluster__4e66a854583b258d,block_permutation,0.0005278851675132312,positive,1416,outer_02,shallow_gradient_boosting,142,0,51202918,4129
"[""cluster__4e66a854583b258d""]",cluster__4e66a854583b258d,block_permutation,0.0004181013194364258,positive,1416,outer_02,shallow_gradient_boosting,142,1,51202919,4129
"[""cluster__4e66a854583b258d""]",cluster__4e66a854583b258d,block_permutation,0.002146190275436055,positive,1416,outer_02,shallow_gradient_boosting,142,2,51202920,4129
"[""cluster__4e66a854583b258d""]",cluster__4e66a854583b258d,block_permutation,0.004222981747676324,positive,1416,outer_02,shallow_gradient_boosting,142,3,51202921,4129
"[""cluster__4e66a854583b258d""]",cluster__4e66a854583b258d,block_permutation,0.0008985762292257338,positive,1416,outer_02,shallow_gradient_boosting,142,4,51202922,4129
"[""cluster__4e66a854583b258d""]",cluster__4e66a854583b258d,block_permutation,-0.0012093381125940494,negative,1416,outer_02,shallow_gradient_boosting,142,5,51202923,4129
"[""cluster__4e66a854583b258d""]",cluster__4e66a854583b258d,block_permutation,-0.005110550260946756,negative,1416,outer_02,shallow_gradient_boosting,142,6,51202924,4129
"[""cluster__4e66a854583b258d""]",cluster__4e66a854583b258d,block_permutation,0.0036783075116025854,positive,1416,outer_02,shallow_gradient_boosting,142,7,51202925,4129
"[""cluster__4e66a854583b258d""]",cluster__4e66a854583b258d,block_permutation,0.0033886307376382874,positive,1416,outer_02,shallow_gradient_boosting,142,8,51202926,4129
"[""cluster__4e66a854583b258d""]",cluster__4e66a854583b258d,block_permutation,-0.0021104150946970046,negative,1416,outer_02,shallow_gradient_boosting,142,9,51202927,4129
"[""cluster__4e7b6658b598876b""]",cluster__4e7b6658b598876b,block_permutation,0.0,zero,1416,outer_02,shallow_gradient_boosting,142,0,51202928,4129
"[""cluster__4e7b6658b598876b""]",cluster__4e7b6658b598876b,block_permutation,0.0,zero,1416,outer_02,shallow_gradient_boosting,142,1,51202929,4129
"[""cluster__4e7b6658b598876b""]",cluster__4e7b6658b598876b,block_permutation,0.0,zero,1416,outer_02,shallow_gradient_boosting,142,2,51202930,4129
"[""cluster__4e7b6658b598876b""]",cluster__4e7b6658b598876b,block_permutation,0.0,zero,1416,outer_02,shallow_gradient_boosting,142,3,51202931,4129
"[""cluster__4e7b6658b598876b""]",cluster__4e7b6658b598876b,block_permutation,0.0,zero,1416,outer_02,shallow_gradient_boosting,142,4,51202932,4129
"[""cluster__4e7b6658b598876b""]",cluster__4e7b6658b598876b,block_permutation,0.0,zero,1416,outer_02,shallow_gradient_boosting,142,5,51202933,4129
"[""cluster__4e7b6658b598876b""]",cluster__4e7b6658b598876b,block_permutation,0.0,zero,1416,outer_02,shallow_gradient_boosting,142,6,51202934,4129
"[""cluster__4e7b6658b598876b""]",cluster__4e7b6658b598876b,block_permutation,0.0,zero,1416,outer_02,shallow_gradient_boosting,142,7,51202935,4129
"[""cluster__4e7b6658b598876b""]",cluster__4e7b6658b598876b,block_permutation,0.0,zero,1416,outer_02,shallow_gradient_boosting,142,8,51202936,4129
"[""cluster__4e7b6658b598876b""]",cluster__4e7b6658b598876b,block_permutation,0.0,zero,1416,outer_02,shallow_gradient_boosting,142,9,51202937,4129
"[""cluster__4f2f17103c6e4b0f""]",cluster__4f2f17103c6e4b0f,block_permutation,0.0,zero,1416,outer_02,shallow_gradient_boosting,142,0,51202938,4129
"[""cluster__4f2f17103c6e4b0f""]",cluster__4f2f17103c6e4b0f,block_permutation,0.0,zero,1416,outer_02,shallow_gradient_boosting,142,1,51202939,4129
"[""cluster__4f2f17103c6e4b0f""]",cluster__4f2f17103c6e4b0f,block_permutation,0.0,zero,1416,outer_02,shallow_gradient_boosting,142,2,51202940,4129
"[""cluster__4f2f17103c6e4b0f""]",cluster__4f2f17103c6e4b0f,block_permutation,0.0,zero,1416,outer_02,shallow_gradient_boosting,142,3,51202941,4129
"[""cluster__4f2f17103c6e4b0f""]",cluster__4f2f17103c6e4b0f,block_permutation,0.0,zero,1416,outer_02,shallow_gradient_boosting,142,4,51202942,4129
"[""cluster__4f2f17103c6e4b0f""]",cluster__4f2f17103c6e4b0f,block_permutation,0.0,zero,1416,outer_02,shallow_gradient_boosting,142,5,51202943,4129
"[""cluster__4f2f17103c6e4b0f""]",cluster__4f2f17103c6e4b0f,block_permutation,0.0,zero,1416,outer_02,shallow_gradient_boosting,142,6,51202944,4129
"[""cluster__4f2f17103c6e4b0f""]",cluster__4f2f17103c6e4b0f,block_permutation,0.0,zero,1416,outer_02,shallow_gradient_boosting,142,7,51202945,4129
"[""cluster__4f2f17103c6e4b0f""]",cluster__4f2f17103c6e4b0f,block_permutation,0.0,zero,1416,outer_02,shallow_gradient_boosting,142,8,51202946,4129
"[""cluster__4f2f17103c6e4b0f""]",cluster__4f2f17103c6e4b0f,block_permutation,0.0,zero,1416,outer_02,shallow_gradient_boosting,142,9,51202947,4129
"[""cluster__5a65732a4a4ff188""]",cluster__5a65732a4a4ff188,block_permutation,0.0,zero,1416,outer_02,shallow_gradient_boosting,142,0,51202948,4129
"[""cluster__5a65732a4a4ff188""]",cluster__5a65732a4a4ff188,block_permutation,0.0,zero,1416,outer_02,shallow_gradient_boosting,142,1,51202949,4129
"[""cluster__5a65732a4a4ff188""]",cluster__5a65732a4a4ff188,block_permutation,0.0,zero,1416,outer_02,shallow_gradient_boosting,142,2,51202950,4129
"[""cluster__5a65732a4a4ff188""]",cluster__5a65732a4a4ff188,block_permutation,0.0,zero,1416,outer_02,shallow_gradient_boosting,142,3,51202951,4129
"[""cluster__5a65732a4a4ff188""]",cluster__5a65732a4a4ff188,block_permutation,0.0,zero,1416,outer_02,shallow_gradient_boosting,142,4,51202952,4129
"[""cluster__5a65732a4a4ff188""]",cluster__5a65732a4a4ff188,block_permutation,0.0,zero,1416,outer_02,shallow_gradient_boosting,142,5,51202953,4129
"[""cluster__5a65732a4a4ff188""]",cluster__5a65732a4a4ff188,block_permutation,0.0,zero,1416,outer_02,shallow_gradient_boosting,142,6,51202954,4129
"[""cluster__5a65732a4a4ff188""]",cluster__5a65732a4a4ff188,block_permutation,0.0,zero,1416,outer_02,shallow_gradient_boosting,142,7,51202955,4129
"[""cluster__5a65732a4a4ff188""]",cluster__5a65732a4a4ff188,block_permutation,0.0,zero,1416,outer_02,shallow_gradient_boosting,142,8,51202956,4129
"[""cluster__5a65732a4a4ff188""]",cluster__5a65732a4a4ff188,block_permutation,0.0,zero,1416,outer_02,shallow_gradient_boosting,142,9,51202957,4129
"[""cluster__5c7bb033aa35772f""]",cluster__5c7bb033aa35772f,block_permutation,0.0,zero,1416,outer_02,shallow_gradient_boosting,142,0,51202958,4129
"[""cluster__5c7bb033aa35772f""]",cluster__5c7bb033aa35772f,block_permutation,0.0,zero,1416,outer_02,shallow_gradient_boosting,142,1,51202959,4129
"[""cluster__5c7bb033aa35772f""]",cluster__5c7bb033aa35772f,block_permutation,0.0,zero,1416,outer_02,shallow_gradient_boosting,142,2,51202960,4129
"[""cluster__5c7bb033aa35772f""]",cluster__5c7bb033aa35772f,block_permutation,0.0,zero,1416,outer_02,shallow_gradient_boosting,142,3,51202961,4129
"[""cluster__5c7bb033aa35772f""]",cluster__5c7bb033aa35772f,block_permutation,0.0,zero,1416,outer_02,shallow_gradient_boosting,142,4,51202962,4129
"[""cluster__5c7bb033aa35772f""]",cluster__5c7bb033aa35772f,block_permutation,0.0,zero,1416,outer_02,shallow_gradient_boosting,142,5,51202963,4129
"[""cluster__5c7bb033aa35772f""]",cluster__5c7bb033aa35772f,block_permutation,0.0,zero,1416,outer_02,shallow_gradient_boosting,142,6,51202964,4129
"[""cluster__5c7bb033aa35772f""]",cluster__5c7bb033aa35772f,block_permutation,0.0,zero,1416,outer_02,shallow_gradient_boosting,142,7,51202965,4129
"[""cluster__5c7bb033aa35772f""]",cluster__5c7bb033aa35772f,block_permutation,0.0,zero,1416,outer_02,shallow_gradient_boosting,142,8,51202966,4129
"[""cluster__5c7bb033aa35772f""]",cluster__5c7bb033aa35772f,block_permutation,0.0,zero,1416,outer_02,shallow_gradient_boosting,142,9,51202967,4129
"[""cluster__638294e28a507a16""]",cluster__638294e28a507a16,block_permutation,0.0,zero,1416,outer_02,shallow_gradient_boosting,142,0,51202968,4129
"[""cluster__638294e28a507a16""]",cluster__638294e28a507a16,block_permutation,0.0,zero,1416,outer_02,shallow_gradient_boosting,142,1,51202969,4129
"[""cluster__638294e28a507a16""]",cluster__638294e28a507a16,block_permutation,0.0,zero,1416,outer_02,shallow_gradient_boosting,142,2,51202970,4129
"[""cluster__638294e28a507a16""]",cluster__638294e28a507a16,block_permutation,0.0,zero,1416,outer_02,shallow_gradient_boosting,142,3,51202971,4129
"[""cluster__638294e28a507a16""]",cluster__638294e28a507a16,block_permutation,0.0,zero,1416,outer_02,shallow_gradient_boosting,142,4,51202972,4129
"[""cluster__638294e28a507a16""]",cluster__638294e28a507a16,block_permutation,0.0,zero,1416,outer_02,shallow_gradient_boosting,142,5,51202973,4129
"[""cluster__638294e28a507a16""]",cluster__638294e28a507a16,block_permutation,0.0,zero,1416,outer_02,shallow_gradient_boosting,142,6,51202974,4129
"[""cluster__638294e28a507a16""]",cluster__638294e28a507a16,block_permutation,0.0,zero,1416,outer_02,shallow_gradient_boosting,142,7,51202975,4129
"[""cluster__638294e28a507a16""]",cluster__638294e28a507a16,block_permutation,0.0,zero,1416,outer_02,shallow_gradient_boosting,142,8,51202976,4129
"[""cluster__638294e28a507a16""]",cluster__638294e28a507a16,block_permutation,0.0,zero,1416,outer_02,shallow_gradient_boosting,142,9,51202977,4129
"[""cluster__6567e1495fb81e67""]",cluster__6567e1495fb81e67,block_permutation,0.0,zero,1416,outer_02,shallow_gradient_boosting,142,0,51202978,4129
"[""cluster__6567e1495fb81e67""]",cluster__6567e1495fb81e67,block_permutation,0.0,zero,1416,outer_02,shallow_gradient_boosting,142,1,51202979,4129
"[""cluster__6567e1495fb81e67""]",cluster__6567e1495fb81e67,block_permutation,0.0,zero,1416,outer_02,shallow_gradient_boosting,142,2,51202980,4129
"[""cluster__6567e1495fb81e67""]",cluster__6567e1495fb81e67,block_permutation,0.0,zero,1416,outer_02,shallow_gradient_boosting,142,3,51202981,4129
"[""cluster__6567e1495fb81e67""]",cluster__6567e1495fb81e67,block_permutation,0.0,zero,1416,outer_02,shallow_gradient_boosting,142,4,51202982,4129
"[""cluster__6567e1495fb81e67""]",cluster__6567e1495fb81e67,block_permutation,0.0,zero,1416,outer_02,shallow_gradient_boosting,142,5,51202983,4129
"[""cluster__6567e1495fb81e67""]",cluster__6567e1495fb81e67,block_permutation,0.0,zero,1416,outer_02,shallow_gradient_boosting,142,6,51202984,4129
"[""cluster__6567e1495fb81e67""]",cluster__6567e1495fb81e67,block_permutation,0.0,zero,1416,outer_02,shallow_gradient_boosting,142,7,51202985,4129
"[""cluster__6567e1495fb81e67""]",cluster__6567e1495fb81e67,block_permutation,0.0,zero,1416,outer_02,shallow_gradient_boosting,142,8,51202986,4129
"[""cluster__6567e1495fb81e67""]",cluster__6567e1495fb81e67,block_permutation,0.0,zero,1416,outer_02,shallow_gradient_boosting,142,9,51202987,4129
"[""cluster__66ae01ac794f63eb""]",cluster__66ae01ac794f63eb,block_permutation,0.0,zero,1416,outer_02,shallow_gradient_boosting,142,0,51202988,4129
"[""cluster__66ae01ac794f63eb""]",cluster__66ae01ac794f63eb,block_permutation,0.0,zero,1416,outer_02,shallow_gradient_boosting,142,1,51202989,4129
"[""cluster__66ae01ac794f63eb""]",cluster__66ae01ac794f63eb,block_permutation,0.0,zero,1416,outer_02,shallow_gradient_boosting,142,2,51202990,4129
"[""cluster__66ae01ac794f63eb""]",cluster__66ae01ac794f63eb,block_permutation,0.0,zero,1416,outer_02,shallow_gradient_boosting,142,3,51202991,4129
"[""cluster__66ae01ac794f63eb""]",cluster__66ae01ac794f63eb,block_permutation,0.0,zero,1416,outer_02,shallow_gradient_boosting,142,4,51202992,4129
"[""cluster__66ae01ac794f63eb""]",cluster__66ae01ac794f63eb,block_permutation,0.0,zero,1416,outer_02,shallow_gradient_boosting,142,5,51202993,4129
"[""cluster__66ae01ac794f63eb""]",cluster__66ae01ac794f63eb,block_permutation,0.0,zero,1416,outer_02,shallow_gradient_boosting,142,6,51202994,4129
"[""cluster__66ae01ac794f63eb""]",cluster__66ae01ac794f63eb,block_permutation,0.0,zero,1416,outer_02,shallow_gradient_boosting,142,7,51202995,4129
"[""cluster__66ae01ac794f63eb""]",cluster__66ae01ac794f63eb,block_permutation,0.0,zero,1416,outer_02,shallow_gradient_boosting,142,8,51202996,4129
"[""cluster__66ae01ac794f63eb""]",cluster__66ae01ac794f63eb,block_permutation,0.0,zero,1416,outer_02,shallow_gradient_boosting,142,9,51202997,4129
"[""cluster__6712d3b7bf51390b""]",cluster__6712d3b7bf51390b,block_permutation,0.0,zero,1416,outer_02,shallow_gradient_boosting,142,0,51202998,4129
"[""cluster__6712d3b7bf51390b""]",cluster__6712d3b7bf51390b,block_permutation,0.0,zero,1416,outer_02,shallow_gradient_boosting,142,1,51202999,4129
"[""cluster__6712d3b7bf51390b""]",cluster__6712d3b7bf51390b,block_permutation,0.0,zero,1416,outer_02,shallow_gradient_boosting,142,2,51203000,4129
"[""cluster__6712d3b7bf51390b""]",cluster__6712d3b7bf51390b,block_permutation,0.0,zero,1416,outer_02,shallow_gradient_boosting,142,3,51203001,4129
"[""cluster__6712d3b7bf51390b""]",cluster__6712d3b7bf51390b,block_permutation,0.0,zero,1416,outer_02,shallow_gradient_boosting,142,4,51203002,4129
"[""cluster__6712d3b7bf51390b""]",cluster__6712d3b7bf51390b,block_permutation,0.0,zero,1416,outer_02,shallow_gradient_boosting,142,5,51203003,4129
"[""cluster__6712d3b7bf51390b""]",cluster__6712d3b7bf51390b,block_permutation,0.0,zero,1416,outer_02,shallow_gradient_boosting,142,6,51203004,4129
"[""cluster__6712d3b7bf51390b""]",cluster__6712d3b7bf51390b,block_permutation,0.0,zero,1416,outer_02,shallow_gradient_boosting,142,7,51203005,4129
"[""cluster__6712d3b7bf51390b""]",cluster__6712d3b7bf51390b,block_permutation,0.0,zero,1416,outer_02,shallow_gradient_boosting,142,8,51203006,4129
"[""cluster__6712d3b7bf51390b""]",cluster__6712d3b7bf51390b,block_permutation,0.0,zero,1416,outer_02,shallow_gradient_boosting,142,9,51203007,4129
"[""cluster__69905f0e3a72c606""]",cluster__69905f0e3a72c606,block_permutation,0.0,zero,1416,outer_02,shallow_gradient_boosting,142,0,51203008,4129
"[""cluster__69905f0e3a72c606""]",cluster__69905f0e3a72c606,block_permutation,0.0,zero,1416,outer_02,shallow_gradient_boosting,142,1,51203009,4129
"[""cluster__69905f0e3a72c606""]",cluster__69905f0e3a72c606,block_permutation,0.0,zero,1416,outer_02,shallow_gradient_boosting,142,2,51203010,4129
"[""cluster__69905f0e3a72c606""]",cluster__69905f0e3a72c606,block_permutation,0.0,zero,1416,outer_02,shallow_gradient_boosting,142,3,51203011,4129
"[""cluster__69905f0e3a72c606""]",cluster__69905f0e3a72c606,block_permutation,0.0,zero,1416,outer_02,shallow_gradient_boosting,142,4,51203012,4129
"[""cluster__69905f0e3a72c606""]",cluster__69905f0e3a72c606,block_permutation,0.0,zero,1416,outer_02,shallow_gradient_boosting,142,5,51203013,4129
"[""cluster__69905f0e3a72c606""]",cluster__69905f0e3a72c606,block_permutation,0.0,zero,1416,outer_02,shallow_gradient_boosting,142,6,51203014,4129
"[""cluster__69905f0e3a72c606""]",cluster__69905f0e3a72c606,block_permutation,0.0,zero,1416,outer_02,shallow_gradient_boosting,142,7,51203015,4129
"[""cluster__69905f0e3a72c606""]",cluster__69905f0e3a72c606,block_permutation,0.0,zero,1416,outer_02,shallow_gradient_boosting,142,8,51203016,4129
"[""cluster__69905f0e3a72c606""]",cluster__69905f0e3a72c606,block_permutation,0.0,zero,1416,outer_02,shallow_gradient_boosting,142,9,51203017,4129
"[""cluster__6a9c460c39dcad34""]",cluster__6a9c460c39dcad34,block_permutation,0.0,zero,1416,outer_02,shallow_gradient_boosting,142,0,51203018,4129
"[""cluster__6a9c460c39dcad34""]",cluster__6a9c460c39dcad34,block_permutation,0.0,zero,1416,outer_02,shallow_gradient_boosting,142,1,51203019,4129
"[""cluster__6a9c460c39dcad34""]",cluster__6a9c460c39dcad34,block_permutation,0.0,zero,1416,outer_02,shallow_gradient_boosting,142,2,51203020,4129
"[""cluster__6a9c460c39dcad34""]",cluster__6a9c460c39dcad34,block_permutation,0.0,zero,1416,outer_02,shallow_gradient_boosting,142,3,51203021,4129
"[""cluster__6a9c460c39dcad34""]",cluster__6a9c460c39dcad34,block_permutation,0.0,zero,1416,outer_02,shallow_gradient_boosting,142,4,51203022,4129
"[""cluster__6a9c460c39dcad34""]",cluster__6a9c460c39dcad34,block_permutation,0.0,zero,1416,outer_02,shallow_gradient_boosting,142,5,51203023,4129
"[""cluster__6a9c460c39dcad34""]",cluster__6a9c460c39dcad34,block_permutation,0.0,zero,1416,outer_02,shallow_gradient_boosting,142,6,51203024,4129
"[""cluster__6a9c460c39dcad34""]",cluster__6a9c460c39dcad34,block_permutation,0.0,zero,1416,outer_02,shallow_gradient_boosting,142,7,51203025,4129
"[""cluster__6a9c460c39dcad34""]",cluster__6a9c460c39dcad34,block_permutation,0.0,zero,1416,outer_02,shallow_gradient_boosting,142,8,51203026,4129
"[""cluster__6a9c460c39dcad34""]",cluster__6a9c460c39dcad34,block_permutation,0.0,zero,1416,outer_02,shallow_gradient_boosting,142,9,51203027,4129
"[""cluster__724520f09acc991f""]",cluster__724520f09acc991f,block_permutation,0.0,zero,1416,outer_02,shallow_gradient_boosting,142,0,51203028,4129
"[""cluster__724520f09acc991f""]",cluster__724520f09acc991f,block_permutation,0.0,zero,1416,outer_02,shallow_gradient_boosting,142,1,51203029,4129
"[""cluster__724520f09acc991f""]",cluster__724520f09acc991f,block_permutation,0.0,zero,1416,outer_02,shallow_gradient_boosting,142,2,51203030,4129
"[""cluster__724520f09acc991f""]",cluster__724520f09acc991f,block_permutation,0.0,zero,1416,outer_02,shallow_gradient_boosting,142,3,51203031,4129
"[""cluster__724520f09acc991f""]",cluster__724520f09acc991f,block_permutation,0.0,zero,1416,outer_02,shallow_gradient_boosting,142,4,51203032,4129
"[""cluster__724520f09acc991f""]",cluster__724520f09acc991f,block_permutation,0.0,zero,1416,outer_02,shallow_gradient_boosting,142,5,51203033,4129
"[""cluster__724520f09acc991f""]",cluster__724520f09acc991f,block_permutation,0.0,zero,1416,outer_02,shallow_gradient_boosting,142,6,51203034,4129
"[""cluster__724520f09acc991f""]",cluster__724520f09acc991f,block_permutation,0.0,zero,1416,outer_02,shallow_gradient_boosting,142,7,51203035,4129
"[""cluster__724520f09acc991f""]",cluster__724520f09acc991f,block_permutation,0.0,zero,1416,outer_02,shallow_gradient_boosting,142,8,51203036,4129
"[""cluster__724520f09acc991f""]",cluster__724520f09acc991f,block_permutation,0.0,zero,1416,outer_02,shallow_gradient_boosting,142,9,51203037,4129
"[""cluster__7533afca12d5c845""]",cluster__7533afca12d5c845,block_permutation,0.0,zero,1416,outer_02,shallow_gradient_boosting,142,0,51203038,4129
"[""cluster__7533afca12d5c845""]",cluster__7533afca12d5c845,block_permutation,0.0,zero,1416,outer_02,shallow_gradient_boosting,142,1,51203039,4129
"[""cluster__7533afca12d5c845""]",cluster__7533afca12d5c845,block_permutation,0.0,zero,1416,outer_02,shallow_gradient_boosting,142,2,51203040,4129
"[""cluster__7533afca12d5c845""]",cluster__7533afca12d5c845,block_permutation,0.0,zero,1416,outer_02,shallow_gradient_boosting,142,3,51203041,4129
"[""cluster__7533afca12d5c845""]",cluster__7533afca12d5c845,block_permutation,0.0,zero,1416,outer_02,shallow_gradient_boosting,142,4,51203042,4129
"[""cluster__7533afca12d5c845""]",cluster__7533afca12d5c845,block_permutation,0.0,zero,1416,outer_02,shallow_gradient_boosting,142,5,51203043,4129
"[""cluster__7533afca12d5c845""]",cluster__7533afca12d5c845,block_permutation,0.0,zero,1416,outer_02,shallow_gradient_boosting,142,6,51203044,4129
"[""cluster__7533afca12d5c845""]",cluster__7533afca12d5c845,block_permutation,0.0,zero,1416,outer_02,shallow_gradient_boosting,142,7,51203045,4129
"[""cluster__7533afca12d5c845""]",cluster__7533afca12d5c845,block_permutation,0.0,zero,1416,outer_02,shallow_gradient_boosting,142,8,51203046,4129
"[""cluster__7533afca12d5c845""]",cluster__7533afca12d5c845,block_permutation,0.0,zero,1416,outer_02,shallow_gradient_boosting,142,9,51203047,4129
"[""cluster__75ae125737df1102""]",cluster__75ae125737df1102,block_permutation,0.0,zero,1416,outer_02,shallow_gradient_boosting,142,0,51203048,4129
"[""cluster__75ae125737df1102""]",cluster__75ae125737df1102,block_permutation,0.0,zero,1416,outer_02,shallow_gradient_boosting,142,1,51203049,4129
"[""cluster__75ae125737df1102""]",cluster__75ae125737df1102,block_permutation,0.0,zero,1416,outer_02,shallow_gradient_boosting,142,2,51203050,4129
"[""cluster__75ae125737df1102""]",cluster__75ae125737df1102,block_permutation,0.0,zero,1416,outer_02,shallow_gradient_boosting,142,3,51203051,4129
"[""cluster__75ae125737df1102""]",cluster__75ae125737df1102,block_permutation,0.0,zero,1416,outer_02,shallow_gradient_boosting,142,4,51203052,4129
"[""cluster__75ae125737df1102""]",cluster__75ae125737df1102,block_permutation,0.0,zero,1416,outer_02,shallow_gradient_boosting,142,5,51203053,4129
"[""cluster__75ae125737df1102""]",cluster__75ae125737df1102,block_permutation,0.0,zero,1416,outer_02,shallow_gradient_boosting,142,6,51203054,4129
"[""cluster__75ae125737df1102""]",cluster__75ae125737df1102,block_permutation,0.0,zero,1416,outer_02,shallow_gradient_boosting,142,7,51203055,4129
"[""cluster__75ae125737df1102""]",cluster__75ae125737df1102,block_permutation,0.0,zero,1416,outer_02,shallow_gradient_boosting,142,8,51203056,4129
"[""cluster__75ae125737df1102""]",cluster__75ae125737df1102,block_permutation,0.0,zero,1416,outer_02,shallow_gradient_boosting,142,9,51203057,4129
"[""cluster__773984b00b5c1f1c""]",cluster__773984b00b5c1f1c,block_permutation,0.0,zero,1416,outer_02,shallow_gradient_boosting,142,0,51203058,4129
"[""cluster__773984b00b5c1f1c""]",cluster__773984b00b5c1f1c,block_permutation,0.0,zero,1416,outer_02,shallow_gradient_boosting,142,1,51203059,4129
"[""cluster__773984b00b5c1f1c""]",cluster__773984b00b5c1f1c,block_permutation,0.0,zero,1416,outer_02,shallow_gradient_boosting,142,2,51203060,4129
"[""cluster__773984b00b5c1f1c""]",cluster__773984b00b5c1f1c,block_permutation,0.0,zero,1416,outer_02,shallow_gradient_boosting,142,3,51203061,4129
"[""cluster__773984b00b5c1f1c""]",cluster__773984b00b5c1f1c,block_permutation,0.0,zero,1416,outer_02,shallow_gradient_boosting,142,4,51203062,4129
"[""cluster__773984b00b5c1f1c""]",cluster__773984b00b5c1f1c,block_permutation,0.0,zero,1416,outer_02,shallow_gradient_boosting,142,5,51203063,4129
"[""cluster__773984b00b5c1f1c""]",cluster__773984b00b5c1f1c,block_permutation,0.0,zero,1416,outer_02,shallow_gradient_boosting,142,6,51203064,4129
"[""cluster__773984b00b5c1f1c""]",cluster__773984b00b5c1f1c,block_permutation,0.0,zero,1416,outer_02,shallow_gradient_boosting,142,7,51203065,4129
"[""cluster__773984b00b5c1f1c""]",cluster__773984b00b5c1f1c,block_permutation,0.0,zero,1416,outer_02,shallow_gradient_boosting,142,8,51203066,4129
"[""cluster__773984b00b5c1f1c""]",cluster__773984b00b5c1f1c,block_permutation,0.0,zero,1416,outer_02,shallow_gradient_boosting,142,9,51203067,4129
"[""cluster__7cc2e09b9a932b39""]",cluster__7cc2e09b9a932b39,block_permutation,0.0,zero,1416,outer_02,shallow_gradient_boosting,142,0,51203068,4129
"[""cluster__7cc2e09b9a932b39""]",cluster__7cc2e09b9a932b39,block_permutation,0.0,zero,1416,outer_02,shallow_gradient_boosting,142,1,51203069,4129
"[""cluster__7cc2e09b9a932b39""]",cluster__7cc2e09b9a932b39,block_permutation,0.0,zero,1416,outer_02,shallow_gradient_boosting,142,2,51203070,4129
"[""cluster__7cc2e09b9a932b39""]",cluster__7cc2e09b9a932b39,block_permutation,0.0,zero,1416,outer_02,shallow_gradient_boosting,142,3,51203071,4129
"[""cluster__7cc2e09b9a932b39""]",cluster__7cc2e09b9a932b39,block_permutation,0.0,zero,1416,outer_02,shallow_gradient_boosting,142,4,51203072,4129
"[""cluster__7cc2e09b9a932b39""]",cluster__7cc2e09b9a932b39,block_permutation,0.0,zero,1416,outer_02,shallow_gradient_boosting,142,5,51203073,4129
"[""cluster__7cc2e09b9a932b39""]",cluster__7cc2e09b9a932b39,block_permutation,0.0,zero,1416,outer_02,shallow_gradient_boosting,142,6,51203074,4129
"[""cluster__7cc2e09b9a932b39""]",cluster__7cc2e09b9a932b39,block_permutation,0.0,zero,1416,outer_02,shallow_gradient_boosting,142,7,51203075,4129
"[""cluster__7cc2e09b9a932b39""]",cluster__7cc2e09b9a932b39,block_permutation,0.0,zero,1416,outer_02,shallow_gradient_boosting,142,8,51203076,4129
"[""cluster__7cc2e09b9a932b39""]",cluster__7cc2e09b9a932b39,block_permutation,0.0,zero,1416,outer_02,shallow_gradient_boosting,142,9,51203077,4129
"[""cluster__84da565ba8281d2a""]",cluster__84da565ba8281d2a,block_permutation,0.0,zero,1416,outer_02,shallow_gradient_boosting,142,0,51203078,4129
"[""cluster__84da565ba8281d2a""]",cluster__84da565ba8281d2a,block_permutation,0.0,zero,1416,outer_02,shallow_gradient_boosting,142,1,51203079,4129
"[""cluster__84da565ba8281d2a""]",cluster__84da565ba8281d2a,block_permutation,0.0,zero,1416,outer_02,shallow_gradient_boosting,142,2,51203080,4129
"[""cluster__84da565ba8281d2a""]",cluster__84da565ba8281d2a,block_permutation,0.0,zero,1416,outer_02,shallow_gradient_boosting,142,3,51203081,4129
"[""cluster__84da565ba8281d2a""]",cluster__84da565ba8281d2a,block_permutation,0.0,zero,1416,outer_02,shallow_gradient_boosting,142,4,51203082,4129
"[""cluster__84da565ba8281d2a""]",cluster__84da565ba8281d2a,block_permutation,0.0,zero,1416,outer_02,shallow_gradient_boosting,142,5,51203083,4129
"[""cluster__84da565ba8281d2a""]",cluster__84da565ba8281d2a,block_permutation,0.0,zero,1416,outer_02,shallow_gradient_boosting,142,6,51203084,4129
"[""cluster__84da565ba8281d2a""]",cluster__84da565ba8281d2a,block_permutation,0.0,zero,1416,outer_02,shallow_gradient_boosting,142,7,51203085,4129
"[""cluster__84da565ba8281d2a""]",cluster__84da565ba8281d2a,block_permutation,0.0,zero,1416,outer_02,shallow_gradient_boosting,142,8,51203086,4129
"[""cluster__84da565ba8281d2a""]",cluster__84da565ba8281d2a,block_permutation,0.0,zero,1416,outer_02,shallow_gradient_boosting,142,9,51203087,4129
"[""cluster__87f626d156f0ac67""]",cluster__87f626d156f0ac67,block_permutation,0.0013013487072437435,positive,1416,outer_02,shallow_gradient_boosting,142,0,51203088,4129
"[""cluster__87f626d156f0ac67""]",cluster__87f626d156f0ac67,block_permutation,-0.0011934413596861315,negative,1416,outer_02,shallow_gradient_boosting,142,1,51203089,4129
"[""cluster__87f626d156f0ac67""]",cluster__87f626d156f0ac67,block_permutation,0.002381274983336512,positive,1416,outer_02,shallow_gradient_boosting,142,2,51203090,4129
"[""cluster__87f626d156f0ac67""]",cluster__87f626d156f0ac67,block_permutation,-0.0010794283471994293,negative,1416,outer_02,shallow_gradient_boosting,142,3,51203091,4129
"[""cluster__87f626d156f0ac67""]",cluster__87f626d156f0ac67,block_permutation,0.0001857035890814318,positive,1416,outer_02,shallow_gradient_boosting,142,4,51203092,4129
"[""cluster__87f626d156f0ac67""]",cluster__87f626d156f0ac67,block_permutation,7.843559198239536e-05,positive,1416,outer_02,shallow_gradient_boosting,142,5,51203093,4129
"[""cluster__87f626d156f0ac67""]",cluster__87f626d156f0ac67,block_permutation,0.0013774074080855625,positive,1416,outer_02,shallow_gradient_boosting,142,6,51203094,4129
"[""cluster__87f626d156f0ac67""]",cluster__87f626d156f0ac67,block_permutation,-0.0005093559152044014,negative,1416,outer_02,shallow_gradient_boosting,142,7,51203095,4129
"[""cluster__87f626d156f0ac67""]",cluster__87f626d156f0ac67,block_permutation,-0.00032069916187049685,negative,1416,outer_02,shallow_gradient_boosting,142,8,51203096,4129
"[""cluster__87f626d156f0ac67""]",cluster__87f626d156f0ac67,block_permutation,0.0010933947394934362,positive,1416,outer_02,shallow_gradient_boosting,142,9,51203097,4129
"[""cluster__8b57524bef0d2ebf""]",cluster__8b57524bef0d2ebf,block_permutation,0.03583632051995933,positive,1416,outer_02,shallow_gradient_boosting,142,0,51203098,4129
"[""cluster__8b57524bef0d2ebf""]",cluster__8b57524bef0d2ebf,block_permutation,0.03691300330808167,positive,1416,outer_02,shallow_gradient_boosting,142,1,51203099,4129
"[""cluster__8b57524bef0d2ebf""]",cluster__8b57524bef0d2ebf,block_permutation,0.020017520327957228,positive,1416,outer_02,shallow_gradient_boosting,142,2,51203100,4129
"[""cluster__8b57524bef0d2ebf""]",cluster__8b57524bef0d2ebf,block_permutation,0.07663519091973037,positive,1416,outer_02,shallow_gradient_boosting,142,3,51203101,4129
"[""cluster__8b57524bef0d2ebf""]",cluster__8b57524bef0d2ebf,block_permutation,0.05781563760498021,positive,1416,outer_02,shallow_gradient_boosting,142,4,51203102,4129
"[""cluster__8b57524bef0d2ebf""]",cluster__8b57524bef0d2ebf,block_permutation,0.03905821400816134,positive,1416,outer_02,shallow_gradient_boosting,142,5,51203103,4129
"[""cluster__8b57524bef0d2ebf""]",cluster__8b57524bef0d2ebf,block_permutation,0.01915674855818794,positive,1416,outer_02,shallow_gradient_boosting,142,6,51203104,4129
"[""cluster__8b57524bef0d2ebf""]",cluster__8b57524bef0d2ebf,block_permutation,0.06856694700207366,positive,1416,outer_02,shallow_gradient_boosting,142,7,51203105,4129
"[""cluster__8b57524bef0d2ebf""]",cluster__8b57524bef0d2ebf,block_permutation,0.0613176751012775,positive,1416,outer_02,shallow_gradient_boosting,142,8,51203106,4129
"[""cluster__8b57524bef0d2ebf""]",cluster__8b57524bef0d2ebf,block_permutation,0.00734235370951275,positive,1416,outer_02,shallow_gradient_boosting,142,9,51203107,4129
"[""cluster__8c29a8ea6225c377""]",cluster__8c29a8ea6225c377,block_permutation,0.0,zero,1416,outer_02,shallow_gradient_boosting,142,0,51203108,4129
"[""cluster__8c29a8ea6225c377""]",cluster__8c29a8ea6225c377,block_permutation,0.0,zero,1416,outer_02,shallow_gradient_boosting,142,1,51203109,4129
"[""cluster__8c29a8ea6225c377""]",cluster__8c29a8ea6225c377,block_permutation,0.0,zero,1416,outer_02,shallow_gradient_boosting,142,2,51203110,4129
"[""cluster__8c29a8ea6225c377""]",cluster__8c29a8ea6225c377,block_permutation,0.0,zero,1416,outer_02,shallow_gradient_boosting,142,3,51203111,4129
"[""cluster__8c29a8ea6225c377""]",cluster__8c29a8ea6225c377,block_permutation,0.0,zero,1416,outer_02,shallow_gradient_boosting,142,4,51203112,4129
"[""cluster__8c29a8ea6225c377""]",cluster__8c29a8ea6225c377,block_permutation,0.0,zero,1416,outer_02,shallow_gradient_boosting,142,5,51203113,4129
"[""cluster__8c29a8ea6225c377""]",cluster__8c29a8ea6225c377,block_permutation,0.0,zero,1416,outer_02,shallow_gradient_boosting,142,6,51203114,4129
"[""cluster__8c29a8ea6225c377""]",cluster__8c29a8ea6225c377,block_permutation,0.0,zero,1416,outer_02,shallow_gradient_boosting,142,7,51203115,4129
"[""cluster__8c29a8ea6225c377""]",cluster__8c29a8ea6225c377,block_permutation,0.0,zero,1416,outer_02,shallow_gradient_boosting,142,8,51203116,4129
"[""cluster__8c29a8ea6225c377""]",cluster__8c29a8ea6225c377,block_permutation,0.0,zero,1416,outer_02,shallow_gradient_boosting,142,9,51203117,4129
"[""cluster__8c9f8f99361a6fed""]",cluster__8c9f8f99361a6fed,block_permutation,0.0,zero,1416,outer_02,shallow_gradient_boosting,142,0,51203118,4129
"[""cluster__8c9f8f99361a6fed""]",cluster__8c9f8f99361a6fed,block_permutation,0.0,zero,1416,outer_02,shallow_gradient_boosting,142,1,51203119,4129
"[""cluster__8c9f8f99361a6fed""]",cluster__8c9f8f99361a6fed,block_permutation,0.0,zero,1416,outer_02,shallow_gradient_boosting,142,2,51203120,4129
"[""cluster__8c9f8f99361a6fed""]",cluster__8c9f8f99361a6fed,block_permutation,0.0,zero,1416,outer_02,shallow_gradient_boosting,142,3,51203121,4129
"[""cluster__8c9f8f99361a6fed""]",cluster__8c9f8f99361a6fed,block_permutation,0.0,zero,1416,outer_02,shallow_gradient_boosting,142,4,51203122,4129
"[""cluster__8c9f8f99361a6fed""]",cluster__8c9f8f99361a6fed,block_permutation,0.0,zero,1416,outer_02,shallow_gradient_boosting,142,5,51203123,4129
"[""cluster__8c9f8f99361a6fed""]",cluster__8c9f8f99361a6fed,block_permutation,0.0,zero,1416,outer_02,shallow_gradient_boosting,142,6,51203124,4129
"[""cluster__8c9f8f99361a6fed""]",cluster__8c9f8f99361a6fed,block_permutation,0.0,zero,1416,outer_02,shallow_gradient_boosting,142,7,51203125,4129
"[""cluster__8c9f8f99361a6fed""]",cluster__8c9f8f99361a6fed,block_permutation,0.0,zero,1416,outer_02,shallow_gradient_boosting,142,8,51203126,4129
"[""cluster__8c9f8f99361a6fed""]",cluster__8c9f8f99361a6fed,block_permutation,0.0,zero,1416,outer_02,shallow_gradient_boosting,142,9,51203127,4129
"[""cluster__959b637bd3bb66d4""]",cluster__959b637bd3bb66d4,block_permutation,0.0,zero,1416,outer_02,shallow_gradient_boosting,142,0,51203128,4129
"[""cluster__959b637bd3bb66d4""]",cluster__959b637bd3bb66d4,block_permutation,0.0,zero,1416,outer_02,shallow_gradient_boosting,142,1,51203129,4129
"[""cluster__959b637bd3bb66d4""]",cluster__959b637bd3bb66d4,block_permutation,0.0,zero,1416,outer_02,shallow_gradient_boosting,142,2,51203130,4129
"[""cluster__959b637bd3bb66d4""]",cluster__959b637bd3bb66d4,block_permutation,0.0,zero,1416,outer_02,shallow_gradient_boosting,142,3,51203131,4129
"[""cluster__959b637bd3bb66d4""]",cluster__959b637bd3bb66d4,block_permutation,0.0,zero,1416,outer_02,shallow_gradient_boosting,142,4,51203132,4129
"[""cluster__959b637bd3bb66d4""]",cluster__959b637bd3bb66d4,block_permutation,0.0,zero,1416,outer_02,shallow_gradient_boosting,142,5,51203133,4129
"[""cluster__959b637bd3bb66d4""]",cluster__959b637bd3bb66d4,block_permutation,0.0,zero,1416,outer_02,shallow_gradient_boosting,142,6,51203134,4129
"[""cluster__959b637bd3bb66d4""]",cluster__959b637bd3bb66d4,block_permutation,0.0,zero,1416,outer_02,shallow_gradient_boosting,142,7,51203135,4129
"[""cluster__959b637bd3bb66d4""]",cluster__959b637bd3bb66d4,block_permutation,0.0,zero,1416,outer_02,shallow_gradient_boosting,142,8,51203136,4129
"[""cluster__959b637bd3bb66d4""]",cluster__959b637bd3bb66d4,block_permutation,0.0,zero,1416,outer_02,shallow_gradient_boosting,142,9,51203137,4129
"[""cluster__962c08b556b1c862""]",cluster__962c08b556b1c862,block_permutation,0.0,zero,1416,outer_02,shallow_gradient_boosting,142,0,51203138,4129
"[""cluster__962c08b556b1c862""]",cluster__962c08b556b1c862,block_permutation,0.0,zero,1416,outer_02,shallow_gradient_boosting,142,1,51203139,4129
"[""cluster__962c08b556b1c862""]",cluster__962c08b556b1c862,block_permutation,0.0,zero,1416,outer_02,shallow_gradient_boosting,142,2,51203140,4129
"[""cluster__962c08b556b1c862""]",cluster__962c08b556b1c862,block_permutation,0.0,zero,1416,outer_02,shallow_gradient_boosting,142,3,51203141,4129
"[""cluster__962c08b556b1c862""]",cluster__962c08b556b1c862,block_permutation,0.0,zero,1416,outer_02,shallow_gradient_boosting,142,4,51203142,4129
"[""cluster__962c08b556b1c862""]",cluster__962c08b556b1c862,block_permutation,0.0,zero,1416,outer_02,shallow_gradient_boosting,142,5,51203143,4129
"[""cluster__962c08b556b1c862""]",cluster__962c08b556b1c862,block_permutation,0.0,zero,1416,outer_02,shallow_gradient_boosting,142,6,51203144,4129
"[""cluster__962c08b556b1c862""]",cluster__962c08b556b1c862,block_permutation,0.0,zero,1416,outer_02,shallow_gradient_boosting,142,7,51203145,4129
"[""cluster__962c08b556b1c862""]",cluster__962c08b556b1c862,block_permutation,0.0,zero,1416,outer_02,shallow_gradient_boosting,142,8,51203146,4129
"[""cluster__962c08b556b1c862""]",cluster__962c08b556b1c862,block_permutation,0.0,zero,1416,outer_02,shallow_gradient_boosting,142,9,51203147,4129
"[""cluster__9ca9e2709e5c747a""]",cluster__9ca9e2709e5c747a,block_permutation,0.0,zero,1416,outer_02,shallow_gradient_boosting,142,0,51203148,4129
"[""cluster__9ca9e2709e5c747a""]",cluster__9ca9e2709e5c747a,block_permutation,0.0,zero,1416,outer_02,shallow_gradient_boosting,142,1,51203149,4129
"[""cluster__9ca9e2709e5c747a""]",cluster__9ca9e2709e5c747a,block_permutation,0.0,zero,1416,outer_02,shallow_gradient_boosting,142,2,51203150,4129
"[""cluster__9ca9e2709e5c747a""]",cluster__9ca9e2709e5c747a,block_permutation,0.0,zero,1416,outer_02,shallow_gradient_boosting,142,3,51203151,4129
"[""cluster__9ca9e2709e5c747a""]",cluster__9ca9e2709e5c747a,block_permutation,0.0,zero,1416,outer_02,shallow_gradient_boosting,142,4,51203152,4129
"[""cluster__9ca9e2709e5c747a""]",cluster__9ca9e2709e5c747a,block_permutation,0.0,zero,1416,outer_02,shallow_gradient_boosting,142,5,51203153,4129
"[""cluster__9ca9e2709e5c747a""]",cluster__9ca9e2709e5c747a,block_permutation,0.0,zero,1416,outer_02,shallow_gradient_boosting,142,6,51203154,4129
"[""cluster__9ca9e2709e5c747a""]",cluster__9ca9e2709e5c747a,block_permutation,0.0,zero,1416,outer_02,shallow_gradient_boosting,142,7,51203155,4129
"[""cluster__9ca9e2709e5c747a""]",cluster__9ca9e2709e5c747a,block_permutation,0.0,zero,1416,outer_02,shallow_gradient_boosting,142,8,51203156,4129
"[""cluster__9ca9e2709e5c747a""]",cluster__9ca9e2709e5c747a,block_permutation,0.0,zero,1416,outer_02,shallow_gradient_boosting,142,9,51203157,4129
"[""cluster__a1e835b95b16e9e9""]",cluster__a1e835b95b16e9e9,block_permutation,0.0,zero,1416,outer_02,shallow_gradient_boosting,142,0,51203158,4129
"[""cluster__a1e835b95b16e9e9""]",cluster__a1e835b95b16e9e9,block_permutation,0.0,zero,1416,outer_02,shallow_gradient_boosting,142,1,51203159,4129
"[""cluster__a1e835b95b16e9e9""]",cluster__a1e835b95b16e9e9,block_permutation,0.0,zero,1416,outer_02,shallow_gradient_boosting,142,2,51203160,4129
"[""cluster__a1e835b95b16e9e9""]",cluster__a1e835b95b16e9e9,block_permutation,0.0,zero,1416,outer_02,shallow_gradient_boosting,142,3,51203161,4129
"[""cluster__a1e835b95b16e9e9""]",cluster__a1e835b95b16e9e9,block_permutation,0.0,zero,1416,outer_02,shallow_gradient_boosting,142,4,51203162,4129
"[""cluster__a1e835b95b16e9e9""]",cluster__a1e835b95b16e9e9,block_permutation,0.0,zero,1416,outer_02,shallow_gradient_boosting,142,5,51203163,4129
"[""cluster__a1e835b95b16e9e9""]",cluster__a1e835b95b16e9e9,block_permutation,0.0,zero,1416,outer_02,shallow_gradient_boosting,142,6,51203164,4129
"[""cluster__a1e835b95b16e9e9""]",cluster__a1e835b95b16e9e9,block_permutation,0.0,zero,1416,outer_02,shallow_gradient_boosting,142,7,51203165,4129
"[""cluster__a1e835b95b16e9e9""]",cluster__a1e835b95b16e9e9,block_permutation,0.0,zero,1416,outer_02,shallow_gradient_boosting,142,8,51203166,4129
"[""cluster__a1e835b95b16e9e9""]",cluster__a1e835b95b16e9e9,block_permutation,0.0,zero,1416,outer_02,shallow_gradient_boosting,142,9,51203167,4129
"[""cluster__a59fb5db9f4fd3e0""]",cluster__a59fb5db9f4fd3e0,block_permutation,0.02266005146372807,positive,1416,outer_02,shallow_gradient_boosting,142,0,51203168,4129
"[""cluster__a59fb5db9f4fd3e0""]",cluster__a59fb5db9f4fd3e0,block_permutation,0.04862125936628481,positive,1416,outer_02,shallow_gradient_boosting,142,1,51203169,4129
"[""cluster__a59fb5db9f4fd3e0""]",cluster__a59fb5db9f4fd3e0,block_permutation,0.01104123401424384,positive,1416,outer_02,shallow_gradient_boosting,142,2,51203170,4129
"[""cluster__a59fb5db9f4fd3e0""]",cluster__a59fb5db9f4fd3e0,block_permutation,0.020338360499442376,positive,1416,outer_02,shallow_gradient_boosting,142,3,51203171,4129
"[""cluster__a59fb5db9f4fd3e0""]",cluster__a59fb5db9f4fd3e0,block_permutation,0.0235139384331452,positive,1416,outer_02,shallow_gradient_boosting,142,4,51203172,4129
"[""cluster__a59fb5db9f4fd3e0""]",cluster__a59fb5db9f4fd3e0,block_permutation,0.017868175997633906,positive,1416,outer_02,shallow_gradient_boosting,142,5,51203173,4129
"[""cluster__a59fb5db9f4fd3e0""]",cluster__a59fb5db9f4fd3e0,block_permutation,0.033121992092456476,positive,1416,outer_02,shallow_gradient_boosting,142,6,51203174,4129
"[""cluster__a59fb5db9f4fd3e0""]",cluster__a59fb5db9f4fd3e0,block_permutation,-0.008084469613581224,negative,1416,outer_02,shallow_gradient_boosting,142,7,51203175,4129
"[""cluster__a59fb5db9f4fd3e0""]",cluster__a59fb5db9f4fd3e0,block_permutation,0.0307370631646805,positive,1416,outer_02,shallow_gradient_boosting,142,8,51203176,4129
"[""cluster__a59fb5db9f4fd3e0""]",cluster__a59fb5db9f4fd3e0,block_permutation,0.03511719101175337,positive,1416,outer_02,shallow_gradient_boosting,142,9,51203177,4129
"[""cluster__a7171c841cb9fb67""]",cluster__a7171c841cb9fb67,block_permutation,0.0,zero,1416,outer_02,shallow_gradient_boosting,142,0,51203178,4129
"[""cluster__a7171c841cb9fb67""]",cluster__a7171c841cb9fb67,block_permutation,0.0,zero,1416,outer_02,shallow_gradient_boosting,142,1,51203179,4129
"[""cluster__a7171c841cb9fb67""]",cluster__a7171c841cb9fb67,block_permutation,0.0,zero,1416,outer_02,shallow_gradient_boosting,142,2,51203180,4129
"[""cluster__a7171c841cb9fb67""]",cluster__a7171c841cb9fb67,block_permutation,0.0,zero,1416,outer_02,shallow_gradient_boosting,142,3,51203181,4129
"[""cluster__a7171c841cb9fb67""]",cluster__a7171c841cb9fb67,block_permutation,0.0,zero,1416,outer_02,shallow_gradient_boosting,142,4,51203182,4129
"[""cluster__a7171c841cb9fb67""]",cluster__a7171c841cb9fb67,block_permutation,0.0,zero,1416,outer_02,shallow_gradient_boosting,142,5,51203183,4129
"[""cluster__a7171c841cb9fb67""]",cluster__a7171c841cb9fb67,block_permutation,0.0,zero,1416,outer_02,shallow_gradient_boosting,142,6,51203184,4129
"[""cluster__a7171c841cb9fb67""]",cluster__a7171c841cb9fb67,block_permutation,0.0,zero,1416,outer_02,shallow_gradient_boosting,142,7,51203185,4129
"[""cluster__a7171c841cb9fb67""]",cluster__a7171c841cb9fb67,block_permutation,0.0,zero,1416,outer_02,shallow_gradient_boosting,142,8,51203186,4129
"[""cluster__a7171c841cb9fb67""]",cluster__a7171c841cb9fb67,block_permutation,0.0,zero,1416,outer_02,shallow_gradient_boosting,142,9,51203187,4129
"[""cluster__a867b4c1b44d375e""]",cluster__a867b4c1b44d375e,block_permutation,0.0,zero,1416,outer_02,shallow_gradient_boosting,142,0,51203188,4129
"[""cluster__a867b4c1b44d375e""]",cluster__a867b4c1b44d375e,block_permutation,0.0,zero,1416,outer_02,shallow_gradient_boosting,142,1,51203189,4129
"[""cluster__a867b4c1b44d375e""]",cluster__a867b4c1b44d375e,block_permutation,0.0,zero,1416,outer_02,shallow_gradient_boosting,142,2,51203190,4129
"[""cluster__a867b4c1b44d375e""]",cluster__a867b4c1b44d375e,block_permutation,0.0,zero,1416,outer_02,shallow_gradient_boosting,142,3,51203191,4129
"[""cluster__a867b4c1b44d375e""]",cluster__a867b4c1b44d375e,block_permutation,0.0,zero,1416,outer_02,shallow_gradient_boosting,142,4,51203192,4129
"[""cluster__a867b4c1b44d375e""]",cluster__a867b4c1b44d375e,block_permutation,0.0,zero,1416,outer_02,shallow_gradient_boosting,142,5,51203193,4129
"[""cluster__a867b4c1b44d375e""]",cluster__a867b4c1b44d375e,block_permutation,0.0,zero,1416,outer_02,shallow_gradient_boosting,142,6,51203194,4129
"[""cluster__a867b4c1b44d375e""]",cluster__a867b4c1b44d375e,block_permutation,0.0,zero,1416,outer_02,shallow_gradient_boosting,142,7,51203195,4129
"[""cluster__a867b4c1b44d375e""]",cluster__a867b4c1b44d375e,block_permutation,0.0,zero,1416,outer_02,shallow_gradient_boosting,142,8,51203196,4129
"[""cluster__a867b4c1b44d375e""]",cluster__a867b4c1b44d375e,block_permutation,0.0,zero,1416,outer_02,shallow_gradient_boosting,142,9,51203197,4129
"[""cluster__ad0a96a048bbc7d8""]",cluster__ad0a96a048bbc7d8,block_permutation,0.0,zero,1416,outer_02,shallow_gradient_boosting,142,0,51203198,4129
"[""cluster__ad0a96a048bbc7d8""]",cluster__ad0a96a048bbc7d8,block_permutation,0.0,zero,1416,outer_02,shallow_gradient_boosting,142,1,51203199,4129
"[""cluster__ad0a96a048bbc7d8""]",cluster__ad0a96a048bbc7d8,block_permutation,0.0,zero,1416,outer_02,shallow_gradient_boosting,142,2,51203200,4129
"[""cluster__ad0a96a048bbc7d8""]",cluster__ad0a96a048bbc7d8,block_permutation,0.0,zero,1416,outer_02,shallow_gradient_boosting,142,3,51203201,4129
"[""cluster__ad0a96a048bbc7d8""]",cluster__ad0a96a048bbc7d8,block_permutation,0.0,zero,1416,outer_02,shallow_gradient_boosting,142,4,51203202,4129
"[""cluster__ad0a96a048bbc7d8""]",cluster__ad0a96a048bbc7d8,block_permutation,0.0,zero,1416,outer_02,shallow_gradient_boosting,142,5,51203203,4129
"[""cluster__ad0a96a048bbc7d8""]",cluster__ad0a96a048bbc7d8,block_permutation,0.0,zero,1416,outer_02,shallow_gradient_boosting,142,6,51203204,4129
"[""cluster__ad0a96a048bbc7d8""]",cluster__ad0a96a048bbc7d8,block_permutation,0.0,zero,1416,outer_02,shallow_gradient_boosting,142,7,51203205,4129
"[""cluster__ad0a96a048bbc7d8""]",cluster__ad0a96a048bbc7d8,block_permutation,0.0,zero,1416,outer_02,shallow_gradient_boosting,142,8,51203206,4129
"[""cluster__ad0a96a048bbc7d8""]",cluster__ad0a96a048bbc7d8,block_permutation,0.0,zero,1416,outer_02,shallow_gradient_boosting,142,9,51203207,4129
"[""cluster__afbf9ac7f0d6750b""]",cluster__afbf9ac7f0d6750b,block_permutation,0.0,zero,1416,outer_02,shallow_gradient_boosting,142,0,51203208,4129
"[""cluster__afbf9ac7f0d6750b""]",cluster__afbf9ac7f0d6750b,block_permutation,0.0,zero,1416,outer_02,shallow_gradient_boosting,142,1,51203209,4129
"[""cluster__afbf9ac7f0d6750b""]",cluster__afbf9ac7f0d6750b,block_permutation,0.0,zero,1416,outer_02,shallow_gradient_boosting,142,2,51203210,4129
"[""cluster__afbf9ac7f0d6750b""]",cluster__afbf9ac7f0d6750b,block_permutation,0.0,zero,1416,outer_02,shallow_gradient_boosting,142,3,51203211,4129
"[""cluster__afbf9ac7f0d6750b""]",cluster__afbf9ac7f0d6750b,block_permutation,0.0,zero,1416,outer_02,shallow_gradient_boosting,142,4,51203212,4129
"[""cluster__afbf9ac7f0d6750b""]",cluster__afbf9ac7f0d6750b,block_permutation,0.0,zero,1416,outer_02,shallow_gradient_boosting,142,5,51203213,4129
"[""cluster__afbf9ac7f0d6750b""]",cluster__afbf9ac7f0d6750b,block_permutation,0.0,zero,1416,outer_02,shallow_gradient_boosting,142,6,51203214,4129
"[""cluster__afbf9ac7f0d6750b""]",cluster__afbf9ac7f0d6750b,block_permutation,0.0,zero,1416,outer_02,shallow_gradient_boosting,142,7,51203215,4129
"[""cluster__afbf9ac7f0d6750b""]",cluster__afbf9ac7f0d6750b,block_permutation,0.0,zero,1416,outer_02,shallow_gradient_boosting,142,8,51203216,4129
"[""cluster__afbf9ac7f0d6750b""]",cluster__afbf9ac7f0d6750b,block_permutation,0.0,zero,1416,outer_02,shallow_gradient_boosting,142,9,51203217,4129
"[""cluster__b14504afa42d221d""]",cluster__b14504afa42d221d,block_permutation,0.0,zero,1416,outer_02,shallow_gradient_boosting,142,0,51203218,4129
"[""cluster__b14504afa42d221d""]",cluster__b14504afa42d221d,block_permutation,0.0,zero,1416,outer_02,shallow_gradient_boosting,142,1,51203219,4129
"[""cluster__b14504afa42d221d""]",cluster__b14504afa42d221d,block_permutation,0.0,zero,1416,outer_02,shallow_gradient_boosting,142,2,51203220,4129
"[""cluster__b14504afa42d221d""]",cluster__b14504afa42d221d,block_permutation,0.0,zero,1416,outer_02,shallow_gradient_boosting,142,3,51203221,4129
"[""cluster__b14504afa42d221d""]",cluster__b14504afa42d221d,block_permutation,0.0,zero,1416,outer_02,shallow_gradient_boosting,142,4,51203222,4129
"[""cluster__b14504afa42d221d""]",cluster__b14504afa42d221d,block_permutation,0.0,zero,1416,outer_02,shallow_gradient_boosting,142,5,51203223,4129
"[""cluster__b14504afa42d221d""]",cluster__b14504afa42d221d,block_permutation,0.0,zero,1416,outer_02,shallow_gradient_boosting,142,6,51203224,4129
"[""cluster__b14504afa42d221d""]",cluster__b14504afa42d221d,block_permutation,0.0,zero,1416,outer_02,shallow_gradient_boosting,142,7,51203225,4129
"[""cluster__b14504afa42d221d""]",cluster__b14504afa42d221d,block_permutation,0.0,zero,1416,outer_02,shallow_gradient_boosting,142,8,51203226,4129
"[""cluster__b14504afa42d221d""]",cluster__b14504afa42d221d,block_permutation,0.0,zero,1416,outer_02,shallow_gradient_boosting,142,9,51203227,4129
"[""cluster__b3049e2f6d60b737""]",cluster__b3049e2f6d60b737,block_permutation,-0.0008455768326399715,negative,1416,outer_02,shallow_gradient_boosting,142,0,51203228,4129
"[""cluster__b3049e2f6d60b737""]",cluster__b3049e2f6d60b737,block_permutation,0.0018850645754028283,positive,1416,outer_02,shallow_gradient_boosting,142,1,51203229,4129
"[""cluster__b3049e2f6d60b737""]",cluster__b3049e2f6d60b737,block_permutation,0.0002890188664098625,positive,1416,outer_02,shallow_gradient_boosting,142,2,51203230,4129
"[""cluster__b3049e2f6d60b737""]",cluster__b3049e2f6d60b737,block_permutation,0.0003940680544548547,positive,1416,outer_02,shallow_gradient_boosting,142,3,51203231,4129
"[""cluster__b3049e2f6d60b737""]",cluster__b3049e2f6d60b737,block_permutation,0.0012013343058864256,positive,1416,outer_02,shallow_gradient_boosting,142,4,51203232,4129
"[""cluster__b3049e2f6d60b737""]",cluster__b3049e2f6d60b737,block_permutation,0.00215891238319621,positive,1416,outer_02,shallow_gradient_boosting,142,5,51203233,4129
"[""cluster__b3049e2f6d60b737""]",cluster__b3049e2f6d60b737,block_permutation,0.0011025446481793821,positive,1416,outer_02,shallow_gradient_boosting,142,6,51203234,4129
"[""cluster__b3049e2f6d60b737""]",cluster__b3049e2f6d60b737,block_permutation,-0.0006494068636350159,negative,1416,outer_02,shallow_gradient_boosting,142,7,51203235,4129
"[""cluster__b3049e2f6d60b737""]",cluster__b3049e2f6d60b737,block_permutation,-0.0004816531315039452,negative,1416,outer_02,shallow_gradient_boosting,142,8,51203236,4129
"[""cluster__b3049e2f6d60b737""]",cluster__b3049e2f6d60b737,block_permutation,-0.0029597433540955453,negative,1416,outer_02,shallow_gradient_boosting,142,9,51203237,4129
"[""cluster__b31ca2d0bf76f633""]",cluster__b31ca2d0bf76f633,block_permutation,0.0,zero,1416,outer_02,shallow_gradient_boosting,142,0,51203238,4129
"[""cluster__b31ca2d0bf76f633""]",cluster__b31ca2d0bf76f633,block_permutation,0.0,zero,1416,outer_02,shallow_gradient_boosting,142,1,51203239,4129
"[""cluster__b31ca2d0bf76f633""]",cluster__b31ca2d0bf76f633,block_permutation,0.0,zero,1416,outer_02,shallow_gradient_boosting,142,2,51203240,4129
"[""cluster__b31ca2d0bf76f633""]",cluster__b31ca2d0bf76f633,block_permutation,0.0,zero,1416,outer_02,shallow_gradient_boosting,142,3,51203241,4129
"[""cluster__b31ca2d0bf76f633""]",cluster__b31ca2d0bf76f633,block_permutation,0.0,zero,1416,outer_02,shallow_gradient_boosting,142,4,51203242,4129
"[""cluster__b31ca2d0bf76f633""]",cluster__b31ca2d0bf76f633,block_permutation,0.0,zero,1416,outer_02,shallow_gradient_boosting,142,5,51203243,4129
"[""cluster__b31ca2d0bf76f633""]",cluster__b31ca2d0bf76f633,block_permutation,0.0,zero,1416,outer_02,shallow_gradient_boosting,142,6,51203244,4129
"[""cluster__b31ca2d0bf76f633""]",cluster__b31ca2d0bf76f633,block_permutation,0.0,zero,1416,outer_02,shallow_gradient_boosting,142,7,51203245,4129
"[""cluster__b31ca2d0bf76f633""]",cluster__b31ca2d0bf76f633,block_permutation,0.0,zero,1416,outer_02,shallow_gradient_boosting,142,8,51203246,4129
"[""cluster__b31ca2d0bf76f633""]",cluster__b31ca2d0bf76f633,block_permutation,0.0,zero,1416,outer_02,shallow_gradient_boosting,142,9,51203247,4129
"[""cluster__b3a7ffd8d4e710b8""]",cluster__b3a7ffd8d4e710b8,block_permutation,0.0,zero,1416,outer_02,shallow_gradient_boosting,142,0,51203248,4129
"[""cluster__b3a7ffd8d4e710b8""]",cluster__b3a7ffd8d4e710b8,block_permutation,0.0,zero,1416,outer_02,shallow_gradient_boosting,142,1,51203249,4129
"[""cluster__b3a7ffd8d4e710b8""]",cluster__b3a7ffd8d4e710b8,block_permutation,0.0,zero,1416,outer_02,shallow_gradient_boosting,142,2,51203250,4129
"[""cluster__b3a7ffd8d4e710b8""]",cluster__b3a7ffd8d4e710b8,block_permutation,0.0,zero,1416,outer_02,shallow_gradient_boosting,142,3,51203251,4129
"[""cluster__b3a7ffd8d4e710b8""]",cluster__b3a7ffd8d4e710b8,block_permutation,0.0,zero,1416,outer_02,shallow_gradient_boosting,142,4,51203252,4129
"[""cluster__b3a7ffd8d4e710b8""]",cluster__b3a7ffd8d4e710b8,block_permutation,0.0,zero,1416,outer_02,shallow_gradient_boosting,142,5,51203253,4129
"[""cluster__b3a7ffd8d4e710b8""]",cluster__b3a7ffd8d4e710b8,block_permutation,0.0,zero,1416,outer_02,shallow_gradient_boosting,142,6,51203254,4129
"[""cluster__b3a7ffd8d4e710b8""]",cluster__b3a7ffd8d4e710b8,block_permutation,0.0,zero,1416,outer_02,shallow_gradient_boosting,142,7,51203255,4129
"[""cluster__b3a7ffd8d4e710b8""]",cluster__b3a7ffd8d4e710b8,block_permutation,0.0,zero,1416,outer_02,shallow_gradient_boosting,142,8,51203256,4129
"[""cluster__b3a7ffd8d4e710b8""]",cluster__b3a7ffd8d4e710b8,block_permutation,0.0,zero,1416,outer_02,shallow_gradient_boosting,142,9,51203257,4129
"[""cluster__b89a1d7f25394d90""]",cluster__b89a1d7f25394d90,block_permutation,0.0,zero,1416,outer_02,shallow_gradient_boosting,142,0,51203258,4129
"[""cluster__b89a1d7f25394d90""]",cluster__b89a1d7f25394d90,block_permutation,0.0,zero,1416,outer_02,shallow_gradient_boosting,142,1,51203259,4129
"[""cluster__b89a1d7f25394d90""]",cluster__b89a1d7f25394d90,block_permutation,0.0,zero,1416,outer_02,shallow_gradient_boosting,142,2,51203260,4129
"[""cluster__b89a1d7f25394d90""]",cluster__b89a1d7f25394d90,block_permutation,0.0,zero,1416,outer_02,shallow_gradient_boosting,142,3,51203261,4129
"[""cluster__b89a1d7f25394d90""]",cluster__b89a1d7f25394d90,block_permutation,0.0,zero,1416,outer_02,shallow_gradient_boosting,142,4,51203262,4129
"[""cluster__b89a1d7f25394d90""]",cluster__b89a1d7f25394d90,block_permutation,0.0,zero,1416,outer_02,shallow_gradient_boosting,142,5,51203263,4129
"[""cluster__b89a1d7f25394d90""]",cluster__b89a1d7f25394d90,block_permutation,0.0,zero,1416,outer_02,shallow_gradient_boosting,142,6,51203264,4129
"[""cluster__b89a1d7f25394d90""]",cluster__b89a1d7f25394d90,block_permutation,0.0,zero,1416,outer_02,shallow_gradient_boosting,142,7,51203265,4129
"[""cluster__b89a1d7f25394d90""]",cluster__b89a1d7f25394d90,block_permutation,0.0,zero,1416,outer_02,shallow_gradient_boosting,142,8,51203266,4129
"[""cluster__b89a1d7f25394d90""]",cluster__b89a1d7f25394d90,block_permutation,0.0,zero,1416,outer_02,shallow_gradient_boosting,142,9,51203267,4129
"[""cluster__b8b7a0836024d4d3""]",cluster__b8b7a0836024d4d3,block_permutation,0.0,zero,1416,outer_02,shallow_gradient_boosting,142,0,51203268,4129
"[""cluster__b8b7a0836024d4d3""]",cluster__b8b7a0836024d4d3,block_permutation,0.0,zero,1416,outer_02,shallow_gradient_boosting,142,1,51203269,4129
"[""cluster__b8b7a0836024d4d3""]",cluster__b8b7a0836024d4d3,block_permutation,0.0,zero,1416,outer_02,shallow_gradient_boosting,142,2,51203270,4129
"[""cluster__b8b7a0836024d4d3""]",cluster__b8b7a0836024d4d3,block_permutation,0.0,zero,1416,outer_02,shallow_gradient_boosting,142,3,51203271,4129
"[""cluster__b8b7a0836024d4d3""]",cluster__b8b7a0836024d4d3,block_permutation,0.0,zero,1416,outer_02,shallow_gradient_boosting,142,4,51203272,4129
"[""cluster__b8b7a0836024d4d3""]",cluster__b8b7a0836024d4d3,block_permutation,0.0,zero,1416,outer_02,shallow_gradient_boosting,142,5,51203273,4129
"[""cluster__b8b7a0836024d4d3""]",cluster__b8b7a0836024d4d3,block_permutation,0.0,zero,1416,outer_02,shallow_gradient_boosting,142,6,51203274,4129
"[""cluster__b8b7a0836024d4d3""]",cluster__b8b7a0836024d4d3,block_permutation,0.0,zero,1416,outer_02,shallow_gradient_boosting,142,7,51203275,4129
"[""cluster__b8b7a0836024d4d3""]",cluster__b8b7a0836024d4d3,block_permutation,0.0,zero,1416,outer_02,shallow_gradient_boosting,142,8,51203276,4129
"[""cluster__b8b7a0836024d4d3""]",cluster__b8b7a0836024d4d3,block_permutation,0.0,zero,1416,outer_02,shallow_gradient_boosting,142,9,51203277,4129
"[""cluster__b9449c25001f7b51""]",cluster__b9449c25001f7b51,block_permutation,0.003534487417504728,positive,1416,outer_02,shallow_gradient_boosting,142,0,51203278,4129
"[""cluster__b9449c25001f7b51""]",cluster__b9449c25001f7b51,block_permutation,0.0033607532495048,positive,1416,outer_02,shallow_gradient_boosting,142,1,51203279,4129
"[""cluster__b9449c25001f7b51""]",cluster__b9449c25001f7b51,block_permutation,0.006725384359394959,positive,1416,outer_02,shallow_gradient_boosting,142,2,51203280,4129
"[""cluster__b9449c25001f7b51""]",cluster__b9449c25001f7b51,block_permutation,0.0017759542808597484,positive,1416,outer_02,shallow_gradient_boosting,142,3,51203281,4129
"[""cluster__b9449c25001f7b51""]",cluster__b9449c25001f7b51,block_permutation,0.0025392015354583908,positive,1416,outer_02,shallow_gradient_boosting,142,4,51203282,4129
"[""cluster__b9449c25001f7b51""]",cluster__b9449c25001f7b51,block_permutation,0.0018994988628806553,positive,1416,outer_02,shallow_gradient_boosting,142,5,51203283,4129
"[""cluster__b9449c25001f7b51""]",cluster__b9449c25001f7b51,block_permutation,0.001340419817899341,positive,1416,outer_02,shallow_gradient_boosting,142,6,51203284,4129
"[""cluster__b9449c25001f7b51""]",cluster__b9449c25001f7b51,block_permutation,0.005730892344451011,positive,1416,outer_02,shallow_gradient_boosting,142,7,51203285,4129
"[""cluster__b9449c25001f7b51""]",cluster__b9449c25001f7b51,block_permutation,0.004552431000029555,positive,1416,outer_02,shallow_gradient_boosting,142,8,51203286,4129
"[""cluster__b9449c25001f7b51""]",cluster__b9449c25001f7b51,block_permutation,0.003631067181830594,positive,1416,outer_02,shallow_gradient_boosting,142,9,51203287,4129
"[""cluster__bc09b5bb95952a78""]",cluster__bc09b5bb95952a78,block_permutation,0.0,zero,1416,outer_02,shallow_gradient_boosting,142,0,51203288,4129
"[""cluster__bc09b5bb95952a78""]",cluster__bc09b5bb95952a78,block_permutation,0.0,zero,1416,outer_02,shallow_gradient_boosting,142,1,51203289,4129
"[""cluster__bc09b5bb95952a78""]",cluster__bc09b5bb95952a78,block_permutation,0.0,zero,1416,outer_02,shallow_gradient_boosting,142,2,51203290,4129
"[""cluster__bc09b5bb95952a78""]",cluster__bc09b5bb95952a78,block_permutation,0.0,zero,1416,outer_02,shallow_gradient_boosting,142,3,51203291,4129
"[""cluster__bc09b5bb95952a78""]",cluster__bc09b5bb95952a78,block_permutation,0.0,zero,1416,outer_02,shallow_gradient_boosting,142,4,51203292,4129
"[""cluster__bc09b5bb95952a78""]",cluster__bc09b5bb95952a78,block_permutation,0.0,zero,1416,outer_02,shallow_gradient_boosting,142,5,51203293,4129
"[""cluster__bc09b5bb95952a78""]",cluster__bc09b5bb95952a78,block_permutation,0.0,zero,1416,outer_02,shallow_gradient_boosting,142,6,51203294,4129
"[""cluster__bc09b5bb95952a78""]",cluster__bc09b5bb95952a78,block_permutation,0.0,zero,1416,outer_02,shallow_gradient_boosting,142,7,51203295,4129
"[""cluster__bc09b5bb95952a78""]",cluster__bc09b5bb95952a78,block_permutation,0.0,zero,1416,outer_02,shallow_gradient_boosting,142,8,51203296,4129
"[""cluster__bc09b5bb95952a78""]",cluster__bc09b5bb95952a78,block_permutation,0.0,zero,1416,outer_02,shallow_gradient_boosting,142,9,51203297,4129
"[""cluster__c2362e322fead508""]",cluster__c2362e322fead508,block_permutation,0.0011934684046610577,positive,1416,outer_02,shallow_gradient_boosting,142,0,51203298,4129
"[""cluster__c2362e322fead508""]",cluster__c2362e322fead508,block_permutation,-0.0010171339179803063,negative,1416,outer_02,shallow_gradient_boosting,142,1,51203299,4129
"[""cluster__c2362e322fead508""]",cluster__c2362e322fead508,block_permutation,-0.0006669352686855534,negative,1416,outer_02,shallow_gradient_boosting,142,2,51203300,4129
"[""cluster__c2362e322fead508""]",cluster__c2362e322fead508,block_permutation,9.003882842173461e-05,positive,1416,outer_02,shallow_gradient_boosting,142,3,51203301,4129
"[""cluster__c2362e322fead508""]",cluster__c2362e322fead508,block_permutation,0.000406750723878746,positive,1416,outer_02,shallow_gradient_boosting,142,4,51203302,4129
"[""cluster__c2362e322fead508""]",cluster__c2362e322fead508,block_permutation,0.0006901018662697211,positive,1416,outer_02,shallow_gradient_boosting,142,5,51203303,4129
"[""cluster__c2362e322fead508""]",cluster__c2362e322fead508,block_permutation,-0.0002857567791393345,negative,1416,outer_02,shallow_gradient_boosting,142,6,51203304,4129
"[""cluster__c2362e322fead508""]",cluster__c2362e322fead508,block_permutation,-0.0005085546028583687,negative,1416,outer_02,shallow_gradient_boosting,142,7,51203305,4129
"[""cluster__c2362e322fead508""]",cluster__c2362e322fead508,block_permutation,-0.0004231577271575082,negative,1416,outer_02,shallow_gradient_boosting,142,8,51203306,4129
"[""cluster__c2362e322fead508""]",cluster__c2362e322fead508,block_permutation,0.0011322102826460956,positive,1416,outer_02,shallow_gradient_boosting,142,9,51203307,4129
"[""cluster__c31b8136d504bf03""]",cluster__c31b8136d504bf03,block_permutation,0.0,zero,1416,outer_02,shallow_gradient_boosting,142,0,51203308,4129
"[""cluster__c31b8136d504bf03""]",cluster__c31b8136d504bf03,block_permutation,0.0,zero,1416,outer_02,shallow_gradient_boosting,142,1,51203309,4129
"[""cluster__c31b8136d504bf03""]",cluster__c31b8136d504bf03,block_permutation,0.0,zero,1416,outer_02,shallow_gradient_boosting,142,2,51203310,4129
"[""cluster__c31b8136d504bf03""]",cluster__c31b8136d504bf03,block_permutation,0.0,zero,1416,outer_02,shallow_gradient_boosting,142,3,51203311,4129
"[""cluster__c31b8136d504bf03""]",cluster__c31b8136d504bf03,block_permutation,0.0,zero,1416,outer_02,shallow_gradient_boosting,142,4,51203312,4129
"[""cluster__c31b8136d504bf03""]",cluster__c31b8136d504bf03,block_permutation,0.0,zero,1416,outer_02,shallow_gradient_boosting,142,5,51203313,4129
"[""cluster__c31b8136d504bf03""]",cluster__c31b8136d504bf03,block_permutation,0.0,zero,1416,outer_02,shallow_gradient_boosting,142,6,51203314,4129
"[""cluster__c31b8136d504bf03""]",cluster__c31b8136d504bf03,block_permutation,0.0,zero,1416,outer_02,shallow_gradient_boosting,142,7,51203315,4129
"[""cluster__c31b8136d504bf03""]",cluster__c31b8136d504bf03,block_permutation,0.0,zero,1416,outer_02,shallow_gradient_boosting,142,8,51203316,4129
"[""cluster__c31b8136d504bf03""]",cluster__c31b8136d504bf03,block_permutation,0.0,zero,1416,outer_02,shallow_gradient_boosting,142,9,51203317,4129
"[""cluster__c5e49f1433602139""]",cluster__c5e49f1433602139,block_permutation,0.0,zero,1416,outer_02,shallow_gradient_boosting,142,0,51203318,4129
"[""cluster__c5e49f1433602139""]",cluster__c5e49f1433602139,block_permutation,0.0,zero,1416,outer_02,shallow_gradient_boosting,142,1,51203319,4129
"[""cluster__c5e49f1433602139""]",cluster__c5e49f1433602139,block_permutation,0.0,zero,1416,outer_02,shallow_gradient_boosting,142,2,51203320,4129
"[""cluster__c5e49f1433602139""]",cluster__c5e49f1433602139,block_permutation,0.0,zero,1416,outer_02,shallow_gradient_boosting,142,3,51203321,4129
"[""cluster__c5e49f1433602139""]",cluster__c5e49f1433602139,block_permutation,0.0,zero,1416,outer_02,shallow_gradient_boosting,142,4,51203322,4129
"[""cluster__c5e49f1433602139""]",cluster__c5e49f1433602139,block_permutation,0.0,zero,1416,outer_02,shallow_gradient_boosting,142,5,51203323,4129
"[""cluster__c5e49f1433602139""]",cluster__c5e49f1433602139,block_permutation,0.0,zero,1416,outer_02,shallow_gradient_boosting,142,6,51203324,4129
"[""cluster__c5e49f1433602139""]",cluster__c5e49f1433602139,block_permutation,0.0,zero,1416,outer_02,shallow_gradient_boosting,142,7,51203325,4129
"[""cluster__c5e49f1433602139""]",cluster__c5e49f1433602139,block_permutation,0.0,zero,1416,outer_02,shallow_gradient_boosting,142,8,51203326,4129
"[""cluster__c5e49f1433602139""]",cluster__c5e49f1433602139,block_permutation,0.0,zero,1416,outer_02,shallow_gradient_boosting,142,9,51203327,4129
"[""cluster__c9bce3cfeb10e97e""]",cluster__c9bce3cfeb10e97e,block_permutation,0.0,zero,1416,outer_02,shallow_gradient_boosting,142,0,51203328,4129
"[""cluster__c9bce3cfeb10e97e""]",cluster__c9bce3cfeb10e97e,block_permutation,0.0,zero,1416,outer_02,shallow_gradient_boosting,142,1,51203329,4129
"[""cluster__c9bce3cfeb10e97e""]",cluster__c9bce3cfeb10e97e,block_permutation,0.0,zero,1416,outer_02,shallow_gradient_boosting,142,2,51203330,4129
"[""cluster__c9bce3cfeb10e97e""]",cluster__c9bce3cfeb10e97e,block_permutation,0.0,zero,1416,outer_02,shallow_gradient_boosting,142,3,51203331,4129
"[""cluster__c9bce3cfeb10e97e""]",cluster__c9bce3cfeb10e97e,block_permutation,0.0,zero,1416,outer_02,shallow_gradient_boosting,142,4,51203332,4129
"[""cluster__c9bce3cfeb10e97e""]",cluster__c9bce3cfeb10e97e,block_permutation,0.0,zero,1416,outer_02,shallow_gradient_boosting,142,5,51203333,4129
"[""cluster__c9bce3cfeb10e97e""]",cluster__c9bce3cfeb10e97e,block_permutation,0.0,zero,1416,outer_02,shallow_gradient_boosting,142,6,51203334,4129
"[""cluster__c9bce3cfeb10e97e""]",cluster__c9bce3cfeb10e97e,block_permutation,0.0,zero,1416,outer_02,shallow_gradient_boosting,142,7,51203335,4129
"[""cluster__c9bce3cfeb10e97e""]",cluster__c9bce3cfeb10e97e,block_permutation,0.0,zero,1416,outer_02,shallow_gradient_boosting,142,8,51203336,4129
"[""cluster__c9bce3cfeb10e97e""]",cluster__c9bce3cfeb10e97e,block_permutation,0.0,zero,1416,outer_02,shallow_gradient_boosting,142,9,51203337,4129
"[""cluster__d0b21ec5092ce804""]",cluster__d0b21ec5092ce804,block_permutation,0.0,zero,1416,outer_02,shallow_gradient_boosting,142,0,51203338,4129
"[""cluster__d0b21ec5092ce804""]",cluster__d0b21ec5092ce804,block_permutation,0.0,zero,1416,outer_02,shallow_gradient_boosting,142,1,51203339,4129
"[""cluster__d0b21ec5092ce804""]",cluster__d0b21ec5092ce804,block_permutation,0.0,zero,1416,outer_02,shallow_gradient_boosting,142,2,51203340,4129
"[""cluster__d0b21ec5092ce804""]",cluster__d0b21ec5092ce804,block_permutation,0.0,zero,1416,outer_02,shallow_gradient_boosting,142,3,51203341,4129
"[""cluster__d0b21ec5092ce804""]",cluster__d0b21ec5092ce804,block_permutation,0.0,zero,1416,outer_02,shallow_gradient_boosting,142,4,51203342,4129
"[""cluster__d0b21ec5092ce804""]",cluster__d0b21ec5092ce804,block_permutation,0.0,zero,1416,outer_02,shallow_gradient_boosting,142,5,51203343,4129
"[""cluster__d0b21ec5092ce804""]",cluster__d0b21ec5092ce804,block_permutation,0.0,zero,1416,outer_02,shallow_gradient_boosting,142,6,51203344,4129
"[""cluster__d0b21ec5092ce804""]",cluster__d0b21ec5092ce804,block_permutation,0.0,zero,1416,outer_02,shallow_gradient_boosting,142,7,51203345,4129
"[""cluster__d0b21ec5092ce804""]",cluster__d0b21ec5092ce804,block_permutation,0.0,zero,1416,outer_02,shallow_gradient_boosting,142,8,51203346,4129
"[""cluster__d0b21ec5092ce804""]",cluster__d0b21ec5092ce804,block_permutation,0.0,zero,1416,outer_02,shallow_gradient_boosting,142,9,51203347,4129
"[""cluster__db99c4b3ba8fc30d""]",cluster__db99c4b3ba8fc30d,block_permutation,0.0,zero,1416,outer_02,shallow_gradient_boosting,142,0,51203348,4129
"[""cluster__db99c4b3ba8fc30d""]",cluster__db99c4b3ba8fc30d,block_permutation,0.0,zero,1416,outer_02,shallow_gradient_boosting,142,1,51203349,4129
"[""cluster__db99c4b3ba8fc30d""]",cluster__db99c4b3ba8fc30d,block_permutation,0.0,zero,1416,outer_02,shallow_gradient_boosting,142,2,51203350,4129
"[""cluster__db99c4b3ba8fc30d""]",cluster__db99c4b3ba8fc30d,block_permutation,0.0,zero,1416,outer_02,shallow_gradient_boosting,142,3,51203351,4129
"[""cluster__db99c4b3ba8fc30d""]",cluster__db99c4b3ba8fc30d,block_permutation,0.0,zero,1416,outer_02,shallow_gradient_boosting,142,4,51203352,4129
"[""cluster__db99c4b3ba8fc30d""]",cluster__db99c4b3ba8fc30d,block_permutation,0.0,zero,1416,outer_02,shallow_gradient_boosting,142,5,51203353,4129
"[""cluster__db99c4b3ba8fc30d""]",cluster__db99c4b3ba8fc30d,block_permutation,0.0,zero,1416,outer_02,shallow_gradient_boosting,142,6,51203354,4129
"[""cluster__db99c4b3ba8fc30d""]",cluster__db99c4b3ba8fc30d,block_permutation,0.0,zero,1416,outer_02,shallow_gradient_boosting,142,7,51203355,4129
"[""cluster__db99c4b3ba8fc30d""]",cluster__db99c4b3ba8fc30d,block_permutation,0.0,zero,1416,outer_02,shallow_gradient_boosting,142,8,51203356,4129
"[""cluster__db99c4b3ba8fc30d""]",cluster__db99c4b3ba8fc30d,block_permutation,0.0,zero,1416,outer_02,shallow_gradient_boosting,142,9,51203357,4129
"[""cluster__e11a6d709526da4b""]",cluster__e11a6d709526da4b,block_permutation,0.0013404793791013114,positive,1416,outer_02,shallow_gradient_boosting,142,0,51203358,4129
"[""cluster__e11a6d709526da4b""]",cluster__e11a6d709526da4b,block_permutation,0.0018330377964126399,positive,1416,outer_02,shallow_gradient_boosting,142,1,51203359,4129
"[""cluster__e11a6d709526da4b""]",cluster__e11a6d709526da4b,block_permutation,0.0006933368174463217,positive,1416,outer_02,shallow_gradient_boosting,142,2,51203360,4129
"[""cluster__e11a6d709526da4b""]",cluster__e11a6d709526da4b,block_permutation,0.0012704515410686401,positive,1416,outer_02,shallow_gradient_boosting,142,3,51203361,4129
"[""cluster__e11a6d709526da4b""]",cluster__e11a6d709526da4b,block_permutation,-0.0006804879343013104,negative,1416,outer_02,shallow_gradient_boosting,142,4,51203362,4129
"[""cluster__e11a6d709526da4b""]",cluster__e11a6d709526da4b,block_permutation,0.0009398664686726121,positive,1416,outer_02,shallow_gradient_boosting,142,5,51203363,4129
"[""cluster__e11a6d709526da4b""]",cluster__e11a6d709526da4b,block_permutation,0.0011453602250939277,positive,1416,outer_02,shallow_gradient_boosting,142,6,51203364,4129
"[""cluster__e11a6d709526da4b""]",cluster__e11a6d709526da4b,block_permutation,0.001008160424602056,positive,1416,outer_02,shallow_gradient_boosting,142,7,51203365,4129
"[""cluster__e11a6d709526da4b""]",cluster__e11a6d709526da4b,block_permutation,0.00202341686972618,positive,1416,outer_02,shallow_gradient_boosting,142,8,51203366,4129
"[""cluster__e11a6d709526da4b""]",cluster__e11a6d709526da4b,block_permutation,0.001432881319407886,positive,1416,outer_02,shallow_gradient_boosting,142,9,51203367,4129
"[""cluster__e52784991ac5d943""]",cluster__e52784991ac5d943,block_permutation,0.0,zero,1416,outer_02,shallow_gradient_boosting,142,0,51203368,4129
"[""cluster__e52784991ac5d943""]",cluster__e52784991ac5d943,block_permutation,0.0,zero,1416,outer_02,shallow_gradient_boosting,142,1,51203369,4129
"[""cluster__e52784991ac5d943""]",cluster__e52784991ac5d943,block_permutation,0.0,zero,1416,outer_02,shallow_gradient_boosting,142,2,51203370,4129
"[""cluster__e52784991ac5d943""]",cluster__e52784991ac5d943,block_permutation,0.0,zero,1416,outer_02,shallow_gradient_boosting,142,3,51203371,4129
"[""cluster__e52784991ac5d943""]",cluster__e52784991ac5d943,block_permutation,0.0,zero,1416,outer_02,shallow_gradient_boosting,142,4,51203372,4129
"[""cluster__e52784991ac5d943""]",cluster__e52784991ac5d943,block_permutation,0.0,zero,1416,outer_02,shallow_gradient_boosting,142,5,51203373,4129
"[""cluster__e52784991ac5d943""]",cluster__e52784991ac5d943,block_permutation,0.0,zero,1416,outer_02,shallow_gradient_boosting,142,6,51203374,4129
"[""cluster__e52784991ac5d943""]",cluster__e52784991ac5d943,block_permutation,0.0,zero,1416,outer_02,shallow_gradient_boosting,142,7,51203375,4129
"[""cluster__e52784991ac5d943""]",cluster__e52784991ac5d943,block_permutation,0.0,zero,1416,outer_02,shallow_gradient_boosting,142,8,51203376,4129
"[""cluster__e52784991ac5d943""]",cluster__e52784991ac5d943,block_permutation,0.0,zero,1416,outer_02,shallow_gradient_boosting,142,9,51203377,4129
"[""cluster__e6215b6a0fbc0220""]",cluster__e6215b6a0fbc0220,block_permutation,0.0,zero,1416,outer_02,shallow_gradient_boosting,142,0,51203378,4129
"[""cluster__e6215b6a0fbc0220""]",cluster__e6215b6a0fbc0220,block_permutation,0.0,zero,1416,outer_02,shallow_gradient_boosting,142,1,51203379,4129
"[""cluster__e6215b6a0fbc0220""]",cluster__e6215b6a0fbc0220,block_permutation,0.0,zero,1416,outer_02,shallow_gradient_boosting,142,2,51203380,4129
"[""cluster__e6215b6a0fbc0220""]",cluster__e6215b6a0fbc0220,block_permutation,0.0,zero,1416,outer_02,shallow_gradient_boosting,142,3,51203381,4129
"[""cluster__e6215b6a0fbc0220""]",cluster__e6215b6a0fbc0220,block_permutation,0.0,zero,1416,outer_02,shallow_gradient_boosting,142,4,51203382,4129
"[""cluster__e6215b6a0fbc0220""]",cluster__e6215b6a0fbc0220,block_permutation,0.0,zero,1416,outer_02,shallow_gradient_boosting,142,5,51203383,4129
"[""cluster__e6215b6a0fbc0220""]",cluster__e6215b6a0fbc0220,block_permutation,0.0,zero,1416,outer_02,shallow_gradient_boosting,142,6,51203384,4129
"[""cluster__e6215b6a0fbc0220""]",cluster__e6215b6a0fbc0220,block_permutation,0.0,zero,1416,outer_02,shallow_gradient_boosting,142,7,51203385,4129
"[""cluster__e6215b6a0fbc0220""]",cluster__e6215b6a0fbc0220,block_permutation,0.0,zero,1416,outer_02,shallow_gradient_boosting,142,8,51203386,4129
"[""cluster__e6215b6a0fbc0220""]",cluster__e6215b6a0fbc0220,block_permutation,0.0,zero,1416,outer_02,shallow_gradient_boosting,142,9,51203387,4129
"[""cluster__ea16c5febde76055""]",cluster__ea16c5febde76055,block_permutation,0.0,zero,1416,outer_02,shallow_gradient_boosting,142,0,51203388,4129
"[""cluster__ea16c5febde76055""]",cluster__ea16c5febde76055,block_permutation,0.0,zero,1416,outer_02,shallow_gradient_boosting,142,1,51203389,4129
"[""cluster__ea16c5febde76055""]",cluster__ea16c5febde76055,block_permutation,0.0,zero,1416,outer_02,shallow_gradient_boosting,142,2,51203390,4129
"[""cluster__ea16c5febde76055""]",cluster__ea16c5febde76055,block_permutation,0.0,zero,1416,outer_02,shallow_gradient_boosting,142,3,51203391,4129
"[""cluster__ea16c5febde76055""]",cluster__ea16c5febde76055,block_permutation,0.0,zero,1416,outer_02,shallow_gradient_boosting,142,4,51203392,4129
"[""cluster__ea16c5febde76055""]",cluster__ea16c5febde76055,block_permutation,0.0,zero,1416,outer_02,shallow_gradient_boosting,142,5,51203393,4129
"[""cluster__ea16c5febde76055""]",cluster__ea16c5febde76055,block_permutation,0.0,zero,1416,outer_02,shallow_gradient_boosting,142,6,51203394,4129
"[""cluster__ea16c5febde76055""]",cluster__ea16c5febde76055,block_permutation,0.0,zero,1416,outer_02,shallow_gradient_boosting,142,7,51203395,4129
"[""cluster__ea16c5febde76055""]",cluster__ea16c5febde76055,block_permutation,0.0,zero,1416,outer_02,shallow_gradient_boosting,142,8,51203396,4129
"[""cluster__ea16c5febde76055""]",cluster__ea16c5febde76055,block_permutation,0.0,zero,1416,outer_02,shallow_gradient_boosting,142,9,51203397,4129
"[""cluster__efa5f4d4b9a2c999""]",cluster__efa5f4d4b9a2c999,block_permutation,0.0,zero,1416,outer_02,shallow_gradient_boosting,142,0,51203398,4129
"[""cluster__efa5f4d4b9a2c999""]",cluster__efa5f4d4b9a2c999,block_permutation,0.0,zero,1416,outer_02,shallow_gradient_boosting,142,1,51203399,4129
"[""cluster__efa5f4d4b9a2c999""]",cluster__efa5f4d4b9a2c999,block_permutation,0.0,zero,1416,outer_02,shallow_gradient_boosting,142,2,51203400,4129
"[""cluster__efa5f4d4b9a2c999""]",cluster__efa5f4d4b9a2c999,block_permutation,0.0,zero,1416,outer_02,shallow_gradient_boosting,142,3,51203401,4129
"[""cluster__efa5f4d4b9a2c999""]",cluster__efa5f4d4b9a2c999,block_permutation,0.0,zero,1416,outer_02,shallow_gradient_boosting,142,4,51203402,4129
"[""cluster__efa5f4d4b9a2c999""]",cluster__efa5f4d4b9a2c999,block_permutation,0.0,zero,1416,outer_02,shallow_gradient_boosting,142,5,51203403,4129
"[""cluster__efa5f4d4b9a2c999""]",cluster__efa5f4d4b9a2c999,block_permutation,0.0,zero,1416,outer_02,shallow_gradient_boosting,142,6,51203404,4129
"[""cluster__efa5f4d4b9a2c999""]",cluster__efa5f4d4b9a2c999,block_permutation,0.0,zero,1416,outer_02,shallow_gradient_boosting,142,7,51203405,4129
"[""cluster__efa5f4d4b9a2c999""]",cluster__efa5f4d4b9a2c999,block_permutation,0.0,zero,1416,outer_02,shallow_gradient_boosting,142,8,51203406,4129
"[""cluster__efa5f4d4b9a2c999""]",cluster__efa5f4d4b9a2c999,block_permutation,0.0,zero,1416,outer_02,shallow_gradient_boosting,142,9,51203407,4129
"[""cluster__f03f4701c752ba34""]",cluster__f03f4701c752ba34,block_permutation,0.002740177768453478,positive,1416,outer_02,shallow_gradient_boosting,142,0,51203408,4129
"[""cluster__f03f4701c752ba34""]",cluster__f03f4701c752ba34,block_permutation,0.0015455258994852006,positive,1416,outer_02,shallow_gradient_boosting,142,1,51203409,4129
"[""cluster__f03f4701c752ba34""]",cluster__f03f4701c752ba34,block_permutation,0.003113905335646594,positive,1416,outer_02,shallow_gradient_boosting,142,2,51203410,4129
"[""cluster__f03f4701c752ba34""]",cluster__f03f4701c752ba34,block_permutation,0.004650269001617469,positive,1416,outer_02,shallow_gradient_boosting,142,3,51203411,4129
"[""cluster__f03f4701c752ba34""]",cluster__f03f4701c752ba34,block_permutation,0.004938276645392481,positive,1416,outer_02,shallow_gradient_boosting,142,4,51203412,4129
"[""cluster__f03f4701c752ba34""]",cluster__f03f4701c752ba34,block_permutation,0.007830579717083452,positive,1416,outer_02,shallow_gradient_boosting,142,5,51203413,4129
"[""cluster__f03f4701c752ba34""]",cluster__f03f4701c752ba34,block_permutation,0.0027888334891107425,positive,1416,outer_02,shallow_gradient_boosting,142,6,51203414,4129
"[""cluster__f03f4701c752ba34""]",cluster__f03f4701c752ba34,block_permutation,0.006040461735182467,positive,1416,outer_02,shallow_gradient_boosting,142,7,51203415,4129
"[""cluster__f03f4701c752ba34""]",cluster__f03f4701c752ba34,block_permutation,0.004287284718222484,positive,1416,outer_02,shallow_gradient_boosting,142,8,51203416,4129
"[""cluster__f03f4701c752ba34""]",cluster__f03f4701c752ba34,block_permutation,0.00583357868473211,positive,1416,outer_02,shallow_gradient_boosting,142,9,51203417,4129
"[""cluster__f2308f5991ce73f6""]",cluster__f2308f5991ce73f6,block_permutation,-0.00019599187116103867,negative,1416,outer_02,shallow_gradient_boosting,142,0,51203418,4129
"[""cluster__f2308f5991ce73f6""]",cluster__f2308f5991ce73f6,block_permutation,-0.0010273370180833297,negative,1416,outer_02,shallow_gradient_boosting,142,1,51203419,4129
"[""cluster__f2308f5991ce73f6""]",cluster__f2308f5991ce73f6,block_permutation,9.94896026085268e-06,positive,1416,outer_02,shallow_gradient_boosting,142,2,51203420,4129
"[""cluster__f2308f5991ce73f6""]",cluster__f2308f5991ce73f6,block_permutation,-0.00033279511776185267,negative,1416,outer_02,shallow_gradient_boosting,142,3,51203421,4129
"[""cluster__f2308f5991ce73f6""]",cluster__f2308f5991ce73f6,block_permutation,-0.001456168708217187,negative,1416,outer_02,shallow_gradient_boosting,142,4,51203422,4129
"[""cluster__f2308f5991ce73f6""]",cluster__f2308f5991ce73f6,block_permutation,-0.0017514915259640995,negative,1416,outer_02,shallow_gradient_boosting,142,5,51203423,4129
"[""cluster__f2308f5991ce73f6""]",cluster__f2308f5991ce73f6,block_permutation,-0.0003918986686561876,negative,1416,outer_02,shallow_gradient_boosting,142,6,51203424,4129
"[""cluster__f2308f5991ce73f6""]",cluster__f2308f5991ce73f6,block_permutation,-0.000571481495576287,negative,1416,outer_02,shallow_gradient_boosting,142,7,51203425,4129
"[""cluster__f2308f5991ce73f6""]",cluster__f2308f5991ce73f6,block_permutation,-0.0013978895060272611,negative,1416,outer_02,shallow_gradient_boosting,142,8,51203426,4129
"[""cluster__f2308f5991ce73f6""]",cluster__f2308f5991ce73f6,block_permutation,-0.0004495087222443628,negative,1416,outer_02,shallow_gradient_boosting,142,9,51203427,4129
"[""cluster__f3105bf2ea19861a""]",cluster__f3105bf2ea19861a,block_permutation,0.0,zero,1416,outer_02,shallow_gradient_boosting,142,0,51203428,4129
"[""cluster__f3105bf2ea19861a""]",cluster__f3105bf2ea19861a,block_permutation,0.0,zero,1416,outer_02,shallow_gradient_boosting,142,1,51203429,4129
"[""cluster__f3105bf2ea19861a""]",cluster__f3105bf2ea19861a,block_permutation,0.0,zero,1416,outer_02,shallow_gradient_boosting,142,2,51203430,4129
"[""cluster__f3105bf2ea19861a""]",cluster__f3105bf2ea19861a,block_permutation,0.0,zero,1416,outer_02,shallow_gradient_boosting,142,3,51203431,4129
"[""cluster__f3105bf2ea19861a""]",cluster__f3105bf2ea19861a,block_permutation,0.0,zero,1416,outer_02,shallow_gradient_boosting,142,4,51203432,4129
"[""cluster__f3105bf2ea19861a""]",cluster__f3105bf2ea19861a,block_permutation,0.0,zero,1416,outer_02,shallow_gradient_boosting,142,5,51203433,4129
"[""cluster__f3105bf2ea19861a""]",cluster__f3105bf2ea19861a,block_permutation,0.0,zero,1416,outer_02,shallow_gradient_boosting,142,6,51203434,4129
"[""cluster__f3105bf2ea19861a""]",cluster__f3105bf2ea19861a,block_permutation,0.0,zero,1416,outer_02,shallow_gradient_boosting,142,7,51203435,4129
"[""cluster__f3105bf2ea19861a""]",cluster__f3105bf2ea19861a,block_permutation,0.0,zero,1416,outer_02,shallow_gradient_boosting,142,8,51203436,4129
"[""cluster__f3105bf2ea19861a""]",cluster__f3105bf2ea19861a,block_permutation,0.0,zero,1416,outer_02,shallow_gradient_boosting,142,9,51203437,4129
"[""cluster__f344d3ca8bc6155a""]",cluster__f344d3ca8bc6155a,block_permutation,0.0,zero,1416,outer_02,shallow_gradient_boosting,142,0,51203438,4129
"[""cluster__f344d3ca8bc6155a""]",cluster__f344d3ca8bc6155a,block_permutation,0.0,zero,1416,outer_02,shallow_gradient_boosting,142,1,51203439,4129
"[""cluster__f344d3ca8bc6155a""]",cluster__f344d3ca8bc6155a,block_permutation,-0.0002127200793374806,negative,1416,outer_02,shallow_gradient_boosting,142,2,51203440,4129
"[""cluster__f344d3ca8bc6155a""]",cluster__f344d3ca8bc6155a,block_permutation,-0.00023334653880258127,negative,1416,outer_02,shallow_gradient_boosting,142,3,51203441,4129
"[""cluster__f344d3ca8bc6155a""]",cluster__f344d3ca8bc6155a,block_permutation,0.0,zero,1416,outer_02,shallow_gradient_boosting,142,4,51203442,4129
"[""cluster__f344d3ca8bc6155a""]",cluster__f344d3ca8bc6155a,block_permutation,0.00034474744732737594,positive,1416,outer_02,shallow_gradient_boosting,142,5,51203443,4129
"[""cluster__f344d3ca8bc6155a""]",cluster__f344d3ca8bc6155a,block_permutation,0.0,zero,1416,outer_02,shallow_gradient_boosting,142,6,51203444,4129
"[""cluster__f344d3ca8bc6155a""]",cluster__f344d3ca8bc6155a,block_permutation,0.0,zero,1416,outer_02,shallow_gradient_boosting,142,7,51203445,4129
"[""cluster__f344d3ca8bc6155a""]",cluster__f344d3ca8bc6155a,block_permutation,0.0,zero,1416,outer_02,shallow_gradient_boosting,142,8,51203446,4129
"[""cluster__f344d3ca8bc6155a""]",cluster__f344d3ca8bc6155a,block_permutation,0.0007106986476275168,positive,1416,outer_02,shallow_gradient_boosting,142,9,51203447,4129
"[""cluster__fb3b9bf085ae4374""]",cluster__fb3b9bf085ae4374,block_permutation,0.0,zero,1416,outer_02,shallow_gradient_boosting,142,0,51203448,4129
"[""cluster__fb3b9bf085ae4374""]",cluster__fb3b9bf085ae4374,block_permutation,0.0,zero,1416,outer_02,shallow_gradient_boosting,142,1,51203449,4129
"[""cluster__fb3b9bf085ae4374""]",cluster__fb3b9bf085ae4374,block_permutation,0.0,zero,1416,outer_02,shallow_gradient_boosting,142,2,51203450,4129
"[""cluster__fb3b9bf085ae4374""]",cluster__fb3b9bf085ae4374,block_permutation,0.0,zero,1416,outer_02,shallow_gradient_boosting,142,3,51203451,4129
"[""cluster__fb3b9bf085ae4374""]",cluster__fb3b9bf085ae4374,block_permutation,0.0,zero,1416,outer_02,shallow_gradient_boosting,142,4,51203452,4129
"[""cluster__fb3b9bf085ae4374""]",cluster__fb3b9bf085ae4374,block_permutation,0.0,zero,1416,outer_02,shallow_gradient_boosting,142,5,51203453,4129
"[""cluster__fb3b9bf085ae4374""]",cluster__fb3b9bf085ae4374,block_permutation,0.0,zero,1416,outer_02,shallow_gradient_boosting,142,6,51203454,4129
"[""cluster__fb3b9bf085ae4374""]",cluster__fb3b9bf085ae4374,block_permutation,0.0,zero,1416,outer_02,shallow_gradient_boosting,142,7,51203455,4129
"[""cluster__fb3b9bf085ae4374""]",cluster__fb3b9bf085ae4374,block_permutation,0.0,zero,1416,outer_02,shallow_gradient_boosting,142,8,51203456,4129
"[""cluster__fb3b9bf085ae4374""]",cluster__fb3b9bf085ae4374,block_permutation,0.0,zero,1416,outer_02,shallow_gradient_boosting,142,9,51203457,4129
"[""cluster__fc5bdd24bfb709b8""]",cluster__fc5bdd24bfb709b8,block_permutation,0.0,zero,1416,outer_02,shallow_gradient_boosting,142,0,51203458,4129
"[""cluster__fc5bdd24bfb709b8""]",cluster__fc5bdd24bfb709b8,block_permutation,0.0,zero,1416,outer_02,shallow_gradient_boosting,142,1,51203459,4129
"[""cluster__fc5bdd24bfb709b8""]",cluster__fc5bdd24bfb709b8,block_permutation,0.0,zero,1416,outer_02,shallow_gradient_boosting,142,2,51203460,4129
"[""cluster__fc5bdd24bfb709b8""]",cluster__fc5bdd24bfb709b8,block_permutation,0.0,zero,1416,outer_02,shallow_gradient_boosting,142,3,51203461,4129
"[""cluster__fc5bdd24bfb709b8""]",cluster__fc5bdd24bfb709b8,block_permutation,0.0,zero,1416,outer_02,shallow_gradient_boosting,142,4,51203462,4129
"[""cluster__fc5bdd24bfb709b8""]",cluster__fc5bdd24bfb709b8,block_permutation,0.0,zero,1416,outer_02,shallow_gradient_boosting,142,5,51203463,4129
"[""cluster__fc5bdd24bfb709b8""]",cluster__fc5bdd24bfb709b8,block_permutation,0.0,zero,1416,outer_02,shallow_gradient_boosting,142,6,51203464,4129
"[""cluster__fc5bdd24bfb709b8""]",cluster__fc5bdd24bfb709b8,block_permutation,0.0,zero,1416,outer_02,shallow_gradient_boosting,142,7,51203465,4129
"[""cluster__fc5bdd24bfb709b8""]",cluster__fc5bdd24bfb709b8,block_permutation,0.0,zero,1416,outer_02,shallow_gradient_boosting,142,8,51203466,4129
"[""cluster__fc5bdd24bfb709b8""]",cluster__fc5bdd24bfb709b8,block_permutation,0.0,zero,1416,outer_02,shallow_gradient_boosting,142,9,51203467,4129
"[""cluster__fd3291f0b03d2dd6""]",cluster__fd3291f0b03d2dd6,block_permutation,0.0,zero,1416,outer_02,shallow_gradient_boosting,142,0,51203468,4129
"[""cluster__fd3291f0b03d2dd6""]",cluster__fd3291f0b03d2dd6,block_permutation,0.0,zero,1416,outer_02,shallow_gradient_boosting,142,1,51203469,4129
"[""cluster__fd3291f0b03d2dd6""]",cluster__fd3291f0b03d2dd6,block_permutation,0.0,zero,1416,outer_02,shallow_gradient_boosting,142,2,51203470,4129
"[""cluster__fd3291f0b03d2dd6""]",cluster__fd3291f0b03d2dd6,block_permutation,0.0,zero,1416,outer_02,shallow_gradient_boosting,142,3,51203471,4129
"[""cluster__fd3291f0b03d2dd6""]",cluster__fd3291f0b03d2dd6,block_permutation,0.0,zero,1416,outer_02,shallow_gradient_boosting,142,4,51203472,4129
"[""cluster__fd3291f0b03d2dd6""]",cluster__fd3291f0b03d2dd6,block_permutation,0.0,zero,1416,outer_02,shallow_gradient_boosting,142,5,51203473,4129
"[""cluster__fd3291f0b03d2dd6""]",cluster__fd3291f0b03d2dd6,block_permutation,0.0,zero,1416,outer_02,shallow_gradient_boosting,142,6,51203474,4129
"[""cluster__fd3291f0b03d2dd6""]",cluster__fd3291f0b03d2dd6,block_permutation,0.0,zero,1416,outer_02,shallow_gradient_boosting,142,7,51203475,4129
"[""cluster__fd3291f0b03d2dd6""]",cluster__fd3291f0b03d2dd6,block_permutation,0.0,zero,1416,outer_02,shallow_gradient_boosting,142,8,51203476,4129
"[""cluster__fd3291f0b03d2dd6""]",cluster__fd3291f0b03d2dd6,block_permutation,0.0,zero,1416,outer_02,shallow_gradient_boosting,142,9,51203477,4129
"[""cluster__feb3f6ac5faeccec""]",cluster__feb3f6ac5faeccec,block_permutation,0.0,zero,1416,outer_02,shallow_gradient_boosting,142,0,51203478,4129
"[""cluster__feb3f6ac5faeccec""]",cluster__feb3f6ac5faeccec,block_permutation,0.0,zero,1416,outer_02,shallow_gradient_boosting,142,1,51203479,4129
"[""cluster__feb3f6ac5faeccec""]",cluster__feb3f6ac5faeccec,block_permutation,0.0,zero,1416,outer_02,shallow_gradient_boosting,142,2,51203480,4129
"[""cluster__feb3f6ac5faeccec""]",cluster__feb3f6ac5faeccec,block_permutation,0.0,zero,1416,outer_02,shallow_gradient_boosting,142,3,51203481,4129
"[""cluster__feb3f6ac5faeccec""]",cluster__feb3f6ac5faeccec,block_permutation,0.0,zero,1416,outer_02,shallow_gradient_boosting,142,4,51203482,4129
"[""cluster__feb3f6ac5faeccec""]",cluster__feb3f6ac5faeccec,block_permutation,0.0,zero,1416,outer_02,shallow_gradient_boosting,142,5,51203483,4129
"[""cluster__feb3f6ac5faeccec""]",cluster__feb3f6ac5faeccec,block_permutation,0.0,zero,1416,outer_02,shallow_gradient_boosting,142,6,51203484,4129
"[""cluster__feb3f6ac5faeccec""]",cluster__feb3f6ac5faeccec,block_permutation,0.0,zero,1416,outer_02,shallow_gradient_boosting,142,7,51203485,4129
"[""cluster__feb3f6ac5faeccec""]",cluster__feb3f6ac5faeccec,block_permutation,0.0,zero,1416,outer_02,shallow_gradient_boosting,142,8,51203486,4129
"[""cluster__feb3f6ac5faeccec""]",cluster__feb3f6ac5faeccec,block_permutation,0.0,zero,1416,outer_02,shallow_gradient_boosting,142,9,51203487,4129
"[""cluster__057ded5ba3568a7f""]",cluster__057ded5ba3568a7f,drop_cluster,-0.011650139200676368,negative,1418,outer_03,elastic_net,142,,,5544
"[""cluster__06ca194a0a433de6""]",cluster__06ca194a0a433de6,drop_cluster,0.0004738952220194603,positive,1418,outer_03,elastic_net,142,,,5544
"[""cluster__09e103f2030ca53e""]",cluster__09e103f2030ca53e,drop_cluster,0.0,zero,1418,outer_03,elastic_net,142,,,5544
"[""cluster__0ddaa772748cd2a8""]",cluster__0ddaa772748cd2a8,drop_cluster,0.002050743480788708,positive,1418,outer_03,elastic_net,142,,,5544
"[""cluster__11a9adfe78800106""]",cluster__11a9adfe78800106,drop_cluster,0.0,zero,1418,outer_03,elastic_net,142,,,5544
"[""cluster__183ba54d92e73c9e""]",cluster__183ba54d92e73c9e,drop_cluster,0.00042703877050698225,positive,1418,outer_03,elastic_net,142,,,5544
"[""cluster__18424cecdf110691""]",cluster__18424cecdf110691,drop_cluster,0.0010739775243897576,positive,1418,outer_03,elastic_net,142,,,5544
"[""cluster__189d1a90a1a742dc""]",cluster__189d1a90a1a742dc,drop_cluster,-1.1102230246251565e-16,zero,1418,outer_03,elastic_net,142,,,5544
"[""cluster__1a13286f866c4155""]",cluster__1a13286f866c4155,drop_cluster,-0.00039243902360464045,negative,1418,outer_03,elastic_net,142,,,5544
"[""cluster__1ce77120fa004169""]",cluster__1ce77120fa004169,drop_cluster,-1.1102230246251565e-15,negative,1418,outer_03,elastic_net,142,,,5544
"[""cluster__1e0e01b9fe15ec55""]",cluster__1e0e01b9fe15ec55,drop_cluster,-0.001256624182581656,negative,1418,outer_03,elastic_net,142,,,5544
"[""cluster__1e968c8901c575db""]",cluster__1e968c8901c575db,drop_cluster,0.0,zero,1418,outer_03,elastic_net,142,,,5544
"[""cluster__1f48220de6e92f9d""]",cluster__1f48220de6e92f9d,drop_cluster,-1.1102230246251565e-16,zero,1418,outer_03,elastic_net,142,,,5544
"[""cluster__20fb49f3528f30d2""]",cluster__20fb49f3528f30d2,drop_cluster,2.4291174843149577e-05,positive,1418,outer_03,elastic_net,142,,,5544
"[""cluster__23a7d3b95c5e30ff""]",cluster__23a7d3b95c5e30ff,drop_cluster,-0.00011631990804927828,negative,1418,outer_03,elastic_net,142,,,5544
"[""cluster__26090851fa96f8cf""]",cluster__26090851fa96f8cf,drop_cluster,-0.0008845784490225661,negative,1418,outer_03,elastic_net,142,,,5544
"[""cluster__26ad2c75d43d49ad""]",cluster__26ad2c75d43d49ad,drop_cluster,0.00037272033398694226,positive,1418,outer_03,elastic_net,142,,,5544
"[""cluster__29963467135cd4cd""]",cluster__29963467135cd4cd,drop_cluster,0.0,zero,1418,outer_03,elastic_net,142,,,5544
"[""cluster__2d7a1c0d880f88ee""]",cluster__2d7a1c0d880f88ee,drop_cluster,0.0013008973479964325,positive,1418,outer_03,elastic_net,142,,,5544
"[""cluster__2e6f29d20733c126""]",cluster__2e6f29d20733c126,drop_cluster,0.0,zero,1418,outer_03,elastic_net,142,,,5544
"[""cluster__2f6f9b66bf9da773""]",cluster__2f6f9b66bf9da773,drop_cluster,0.0,zero,1418,outer_03,elastic_net,142,,,5544
"[""cluster__2f97bd40c280c05c""]",cluster__2f97bd40c280c05c,drop_cluster,0.0,zero,1418,outer_03,elastic_net,142,,,5544
"[""cluster__372b2f68b07503c0""]",cluster__372b2f68b07503c0,drop_cluster,0.0,zero,1418,outer_03,elastic_net,142,,,5544
"[""cluster__394bc857d8fc4a57""]",cluster__394bc857d8fc4a57,drop_cluster,-4.440892098500626e-15,negative,1418,outer_03,elastic_net,142,,,5544
"[""cluster__3a128293ed568dc0""]",cluster__3a128293ed568dc0,drop_cluster,-2.7755575615628914e-15,negative,1418,outer_03,elastic_net,142,,,5544
"[""cluster__3c67dd0616449c2d""]",cluster__3c67dd0616449c2d,drop_cluster,0.01094739560262381,positive,1418,outer_03,elastic_net,142,,,5544
"[""cluster__3cf051d5429a5851""]",cluster__3cf051d5429a5851,drop_cluster,0.0,zero,1418,outer_03,elastic_net,142,,,5544
"[""cluster__3e5336b9c24613b3""]",cluster__3e5336b9c24613b3,drop_cluster,0.0,zero,1418,outer_03,elastic_net,142,,,5544
"[""cluster__421a4a1c5073e265""]",cluster__421a4a1c5073e265,drop_cluster,0.0,zero,1418,outer_03,elastic_net,142,,,5544
"[""cluster__453e45b37c54e768""]",cluster__453e45b37c54e768,drop_cluster,0.0,zero,1418,outer_03,elastic_net,142,,,5544
"[""cluster__477b0804b0e235c3""]",cluster__477b0804b0e235c3,drop_cluster,-9.43689570931383e-15,negative,1418,outer_03,elastic_net,142,,,5544
"[""cluster__4a28d5e18578418a""]",cluster__4a28d5e18578418a,drop_cluster,0.0,zero,1418,outer_03,elastic_net,142,,,5544
"[""cluster__4e66a854583b258d""]",cluster__4e66a854583b258d,drop_cluster,-0.0016521919328733592,negative,1418,outer_03,elastic_net,142,,,5544
"[""cluster__4e7b6658b598876b""]",cluster__4e7b6658b598876b,drop_cluster,2.3314683517128287e-15,positive,1418,outer_03,elastic_net,142,,,5544
"[""cluster__4f2f17103c6e4b0f""]",cluster__4f2f17103c6e4b0f,drop_cluster,0.00018470128415204456,positive,1418,outer_03,elastic_net,142,,,5544
"[""cluster__5a65732a4a4ff188""]",cluster__5a65732a4a4ff188,drop_cluster,0.0,zero,1418,outer_03,elastic_net,142,,,5544
"[""cluster__5c7bb033aa35772f""]",cluster__5c7bb033aa35772f,drop_cluster,0.0,zero,1418,outer_03,elastic_net,142,,,5544
"[""cluster__638294e28a507a16""]",cluster__638294e28a507a16,drop_cluster,0.0,zero,1418,outer_03,elastic_net,142,,,5544
"[""cluster__6567e1495fb81e67""]",cluster__6567e1495fb81e67,drop_cluster,0.0,zero,1418,outer_03,elastic_net,142,,,5544
"[""cluster__6712d3b7bf51390b""]",cluster__6712d3b7bf51390b,drop_cluster,0.0,zero,1418,outer_03,elastic_net,142,,,5544
"[""cluster__69905f0e3a72c606""]",cluster__69905f0e3a72c606,drop_cluster,-0.00013785206189953492,negative,1418,outer_03,elastic_net,142,,,5544
"[""cluster__6a9c460c39dcad34""]",cluster__6a9c460c39dcad34,drop_cluster,0.0,zero,1418,outer_03,elastic_net,142,,,5544
"[""cluster__71c4d932236b3eeb""]",cluster__71c4d932236b3eeb,drop_cluster,0.0,zero,1418,outer_03,elastic_net,142,,,5544
"[""cluster__724520f09acc991f""]",cluster__724520f09acc991f,drop_cluster,-0.0001970329002243254,negative,1418,outer_03,elastic_net,142,,,5544
"[""cluster__7533afca12d5c845""]",cluster__7533afca12d5c845,drop_cluster,1.9984014443252818e-15,positive,1418,outer_03,elastic_net,142,,,5544
"[""cluster__75ae125737df1102""]",cluster__75ae125737df1102,drop_cluster,0.0,zero,1418,outer_03,elastic_net,142,,,5544
"[""cluster__773984b00b5c1f1c""]",cluster__773984b00b5c1f1c,drop_cluster,0.0,zero,1418,outer_03,elastic_net,142,,,5544
"[""cluster__7cc2e09b9a932b39""]",cluster__7cc2e09b9a932b39,drop_cluster,0.0,zero,1418,outer_03,elastic_net,142,,,5544
"[""cluster__84da565ba8281d2a""]",cluster__84da565ba8281d2a,drop_cluster,0.0,zero,1418,outer_03,elastic_net,142,,,5544
"[""cluster__87f626d156f0ac67""]",cluster__87f626d156f0ac67,drop_cluster,-0.0006903115807505023,negative,1418,outer_03,elastic_net,142,,,5544
"[""cluster__8b57524bef0d2ebf""]",cluster__8b57524bef0d2ebf,drop_cluster,0.00012130442889435322,positive,1418,outer_03,elastic_net,142,,,5544
"[""cluster__8c29a8ea6225c377""]",cluster__8c29a8ea6225c377,drop_cluster,0.0,zero,1418,outer_03,elastic_net,142,,,5544
"[""cluster__8c9f8f99361a6fed""]",cluster__8c9f8f99361a6fed,drop_cluster,0.0,zero,1418,outer_03,elastic_net,142,,,5544
"[""cluster__959b637bd3bb66d4""]",cluster__959b637bd3bb66d4,drop_cluster,0.0,zero,1418,outer_03,elastic_net,142,,,5544
"[""cluster__962c08b556b1c862""]",cluster__962c08b556b1c862,drop_cluster,0.0,zero,1418,outer_03,elastic_net,142,,,5544
"[""cluster__9ca9e2709e5c747a""]",cluster__9ca9e2709e5c747a,drop_cluster,0.0,zero,1418,outer_03,elastic_net,142,,,5544
"[""cluster__a1e835b95b16e9e9""]",cluster__a1e835b95b16e9e9,drop_cluster,0.0,zero,1418,outer_03,elastic_net,142,,,5544
"[""cluster__a59fb5db9f4fd3e0""]",cluster__a59fb5db9f4fd3e0,drop_cluster,0.0028776210595055085,positive,1418,outer_03,elastic_net,142,,,5544
"[""cluster__a7171c841cb9fb67""]",cluster__a7171c841cb9fb67,drop_cluster,-1.1102230246251565e-16,zero,1418,outer_03,elastic_net,142,,,5544
"[""cluster__a827e2207d675df1""]",cluster__a827e2207d675df1,drop_cluster,0.0,zero,1418,outer_03,elastic_net,142,,,5544
"[""cluster__a867b4c1b44d375e""]",cluster__a867b4c1b44d375e,drop_cluster,0.0012230580319350093,positive,1418,outer_03,elastic_net,142,,,5544
"[""cluster__ad0a96a048bbc7d8""]",cluster__ad0a96a048bbc7d8,drop_cluster,0.0,zero,1418,outer_03,elastic_net,142,,,5544
"[""cluster__afbf9ac7f0d6750b""]",cluster__afbf9ac7f0d6750b,drop_cluster,0.0,zero,1418,outer_03,elastic_net,142,,,5544
"[""cluster__b3049e2f6d60b737""]",cluster__b3049e2f6d60b737,drop_cluster,0.0,zero,1418,outer_03,elastic_net,142,,,5544
"[""cluster__b31ca2d0bf76f633""]",cluster__b31ca2d0bf76f633,drop_cluster,0.0,zero,1418,outer_03,elastic_net,142,,,5544
"[""cluster__b3a7ffd8d4e710b8""]",cluster__b3a7ffd8d4e710b8,drop_cluster,0.0,zero,1418,outer_03,elastic_net,142,,,5544
"[""cluster__b89a1d7f25394d90""]",cluster__b89a1d7f25394d90,drop_cluster,0.0,zero,1418,outer_03,elastic_net,142,,,5544
"[""cluster__b8b7a0836024d4d3""]",cluster__b8b7a0836024d4d3,drop_cluster,0.00024003305930686558,positive,1418,outer_03,elastic_net,142,,,5544
"[""cluster__b9449c25001f7b51""]",cluster__b9449c25001f7b51,drop_cluster,1.1102230246251565e-16,zero,1418,outer_03,elastic_net,142,,,5544
"[""cluster__bc09b5bb95952a78""]",cluster__bc09b5bb95952a78,drop_cluster,0.0009439883526491943,positive,1418,outer_03,elastic_net,142,,,5544
"[""cluster__c2362e322fead508""]",cluster__c2362e322fead508,drop_cluster,6.661338147750939e-16,zero,1418,outer_03,elastic_net,142,,,5544
"[""cluster__c31b8136d504bf03""]",cluster__c31b8136d504bf03,drop_cluster,-1.1102230246251565e-16,zero,1418,outer_03,elastic_net,142,,,5544
"[""cluster__c5e49f1433602139""]",cluster__c5e49f1433602139,drop_cluster,0.0016343158081503217,positive,1418,outer_03,elastic_net,142,,,5544
"[""cluster__c9bce3cfeb10e97e""]",cluster__c9bce3cfeb10e97e,drop_cluster,-0.0010367400087479828,negative,1418,outer_03,elastic_net,142,,,5544
"[""cluster__d0b21ec5092ce804""]",cluster__d0b21ec5092ce804,drop_cluster,0.0,zero,1418,outer_03,elastic_net,142,,,5544
"[""cluster__db99c4b3ba8fc30d""]",cluster__db99c4b3ba8fc30d,drop_cluster,-1.0558492217538351e-05,negative,1418,outer_03,elastic_net,142,,,5544
"[""cluster__e11a6d709526da4b""]",cluster__e11a6d709526da4b,drop_cluster,-0.0029022280021072655,negative,1418,outer_03,elastic_net,142,,,5544
"[""cluster__e52784991ac5d943""]",cluster__e52784991ac5d943,drop_cluster,-6.142318879842623e-05,negative,1418,outer_03,elastic_net,142,,,5544
"[""cluster__e6215b6a0fbc0220""]",cluster__e6215b6a0fbc0220,drop_cluster,0.0,zero,1418,outer_03,elastic_net,142,,,5544
"[""cluster__e7f75a569587b0f8""]",cluster__e7f75a569587b0f8,drop_cluster,0.0,zero,1418,outer_03,elastic_net,142,,,5544
"[""cluster__ea16c5febde76055""]",cluster__ea16c5febde76055,drop_cluster,0.000324215169055897,positive,1418,outer_03,elastic_net,142,,,5544
"[""cluster__efa5f4d4b9a2c999""]",cluster__efa5f4d4b9a2c999,drop_cluster,4.104526116532892e-05,positive,1418,outer_03,elastic_net,142,,,5544
"[""cluster__f03f4701c752ba34""]",cluster__f03f4701c752ba34,drop_cluster,-0.0002154390229947012,negative,1418,outer_03,elastic_net,142,,,5544
"[""cluster__f2308f5991ce73f6""]",cluster__f2308f5991ce73f6,drop_cluster,-0.00010597254725430716,negative,1418,outer_03,elastic_net,142,,,5544
"[""cluster__f3105bf2ea19861a""]",cluster__f3105bf2ea19861a,drop_cluster,0.0,zero,1418,outer_03,elastic_net,142,,,5544
"[""cluster__f344d3ca8bc6155a""]",cluster__f344d3ca8bc6155a,drop_cluster,-7.771561172376096e-16,zero,1418,outer_03,elastic_net,142,,,5544
"[""cluster__fb3b9bf085ae4374""]",cluster__fb3b9bf085ae4374,drop_cluster,0.0,zero,1418,outer_03,elastic_net,142,,,5544
"[""cluster__fc5bdd24bfb709b8""]",cluster__fc5bdd24bfb709b8,drop_cluster,0.0,zero,1418,outer_03,elastic_net,142,,,5544
"[""cluster__fd3291f0b03d2dd6""]",cluster__fd3291f0b03d2dd6,drop_cluster,0.00410083803920569,positive,1418,outer_03,elastic_net,142,,,5544
"[""cluster__feb3f6ac5faeccec""]",cluster__feb3f6ac5faeccec,drop_cluster,0.0,zero,1418,outer_03,elastic_net,142,,,5544
"[""cluster__057ded5ba3568a7f"", ""cluster__1ce77120fa004169"", ""cluster__1f48220de6e92f9d"", ""cluster__394bc857d8fc4a57"", ""cluster__3a128293ed568dc0"", ""cluster__5a65732a4a4ff188"", ""cluster__5c7bb033aa35772f"", ""cluster__724520f09acc991f"", ""cluster__7cc2e09b9a932b39"", ""cluster__a1e835b95b16e9e9"", ""cluster__ad0a96a048bbc7d8"", ""cluster__b89a1d7f25394d90"", ""cluster__b9449c25001f7b51"", ""cluster__c2362e322fead508"", ""cluster__c31b8136d504bf03"", ""cluster__c5e49f1433602139"", ""cluster__d0b21ec5092ce804"", ""cluster__e11a6d709526da4b"", ""cluster__e6215b6a0fbc0220"", ""cluster__f03f4701c752ba34"", ""cluster__f2308f5991ce73f6"", ""cluster__fd3291f0b03d2dd6""]",book_liquidity,drop_family,-0.006941513770264196,negative,1418,outer_03,elastic_net,142,,,5544
"[""cluster__477b0804b0e235c3"", ""cluster__ea16c5febde76055""]",interaction,drop_family,0.0003242151690464601,positive,1418,outer_03,elastic_net,142,,,5544
"[""cluster__7533afca12d5c845""]",mixed:interaction+ofi,drop_family,1.9984014443252818e-15,positive,1418,outer_03,elastic_net,142,,,5544
"[""cluster__06ca194a0a433de6"", ""cluster__0ddaa772748cd2a8"", ""cluster__183ba54d92e73c9e"", ""cluster__1a13286f866c4155"", ""cluster__1e0e01b9fe15ec55"", ""cluster__1e968c8901c575db"", ""cluster__26090851fa96f8cf"", ""cluster__26ad2c75d43d49ad"", ""cluster__29963467135cd4cd"", ""cluster__2d7a1c0d880f88ee"", ""cluster__2e6f29d20733c126"", ""cluster__2f6f9b66bf9da773"", ""cluster__2f97bd40c280c05c"", ""cluster__372b2f68b07503c0"", ""cluster__3cf051d5429a5851"", ""cluster__3e5336b9c24613b3"", ""cluster__421a4a1c5073e265"", ""cluster__453e45b37c54e768"", ""cluster__4a28d5e18578418a"", ""cluster__6712d3b7bf51390b"", ""cluster__69905f0e3a72c606"", ""cluster__6a9c460c39dcad34"", ""cluster__75ae125737df1102"", ""cluster__773984b00b5c1f1c"", ""cluster__84da565ba8281d2a"", ""cluster__87f626d156f0ac67"", ""cluster__8b57524bef0d2ebf"", ""cluster__8c29a8ea6225c377"", ""cluster__8c9f8f99361a6fed"", ""cluster__959b637bd3bb66d4"", ""cluster__a7171c841cb9fb67"", ""cluster__a827e2207d675df1"", ""cluster__a867b4c1b44d375e"", ""cluster__afbf9ac7f0d6750b"", ""cluster__b31ca2d0bf76f633"", ""cluster__b3a7ffd8d4e710b8"", ""cluster__c9bce3cfeb10e97e"", ""cluster__db99c4b3ba8fc30d"", ""cluster__e52784991ac5d943"", ""cluster__efa5f4d4b9a2c999"", ""cluster__fb3b9bf085ae4374"", ""cluster__fc5bdd24bfb709b8"", ""cluster__feb3f6ac5faeccec""]",ofi,drop_family,0.007414701756887299,positive,1418,outer_03,elastic_net,142,,,5544
"[""cluster__20fb49f3528f30d2"", ""cluster__3c67dd0616449c2d"", ""cluster__4e66a854583b258d"", ""cluster__4f2f17103c6e4b0f"", ""cluster__a59fb5db9f4fd3e0"", ""cluster__f3105bf2ea19861a""]",price_path,drop_family,0.024722236142933562,positive,1418,outer_03,elastic_net,142,,,5544
"[""cluster__09e103f2030ca53e"", ""cluster__18424cecdf110691"", ""cluster__189d1a90a1a742dc"", ""cluster__4e7b6658b598876b"", ""cluster__638294e28a507a16"", ""cluster__6567e1495fb81e67"", ""cluster__71c4d932236b3eeb"", ""cluster__962c08b556b1c862"", ""cluster__9ca9e2709e5c747a"", ""cluster__b3049e2f6d60b737"", ""cluster__b8b7a0836024d4d3"", ""cluster__e7f75a569587b0f8"", ""cluster__f344d3ca8bc6155a""]",surface_quality,drop_family,0.0014515203132118293,positive,1418,outer_03,elastic_net,142,,,5544
"[""cluster__11a9adfe78800106"", ""cluster__23a7d3b95c5e30ff"", ""cluster__bc09b5bb95952a78""]",time_regime,drop_family,0.0015376795968713441,positive,1418,outer_03,elastic_net,142,,,5544
"[""cluster__057ded5ba3568a7f""]",cluster__057ded5ba3568a7f,block_permutation,-0.009447329836362539,negative,1418,outer_03,elastic_net,142,0,51202608,5544
"[""cluster__057ded5ba3568a7f""]",cluster__057ded5ba3568a7f,block_permutation,-0.004515563067025052,negative,1418,outer_03,elastic_net,142,1,51202609,5544
"[""cluster__057ded5ba3568a7f""]",cluster__057ded5ba3568a7f,block_permutation,-0.005057927404012452,negative,1418,outer_03,elastic_net,142,2,51202610,5544
"[""cluster__057ded5ba3568a7f""]",cluster__057ded5ba3568a7f,block_permutation,-0.010333922282090624,negative,1418,outer_03,elastic_net,142,3,51202611,5544
"[""cluster__057ded5ba3568a7f""]",cluster__057ded5ba3568a7f,block_permutation,-0.003592231878136065,negative,1418,outer_03,elastic_net,142,4,51202612,5544
"[""cluster__057ded5ba3568a7f""]",cluster__057ded5ba3568a7f,block_permutation,-0.020148331640307937,negative,1418,outer_03,elastic_net,142,5,51202613,5544
"[""cluster__057ded5ba3568a7f""]",cluster__057ded5ba3568a7f,block_permutation,-0.02251644466125824,negative,1418,outer_03,elastic_net,142,6,51202614,5544
"[""cluster__057ded5ba3568a7f""]",cluster__057ded5ba3568a7f,block_permutation,0.0004614208780259199,positive,1418,outer_03,elastic_net,142,7,51202615,5544
"[""cluster__057ded5ba3568a7f""]",cluster__057ded5ba3568a7f,block_permutation,0.003483067396847783,positive,1418,outer_03,elastic_net,142,8,51202616,5544
"[""cluster__057ded5ba3568a7f""]",cluster__057ded5ba3568a7f,block_permutation,-0.018007075497623926,negative,1418,outer_03,elastic_net,142,9,51202617,5544
"[""cluster__06ca194a0a433de6""]",cluster__06ca194a0a433de6,block_permutation,0.0014677462130737728,positive,1418,outer_03,elastic_net,142,0,51202618,5544
"[""cluster__06ca194a0a433de6""]",cluster__06ca194a0a433de6,block_permutation,0.0023288262154076422,positive,1418,outer_03,elastic_net,142,1,51202619,5544
"[""cluster__06ca194a0a433de6""]",cluster__06ca194a0a433de6,block_permutation,0.0015091219665850364,positive,1418,outer_03,elastic_net,142,2,51202620,5544
"[""cluster__06ca194a0a433de6""]",cluster__06ca194a0a433de6,block_permutation,0.0011410239015712254,positive,1418,outer_03,elastic_net,142,3,51202621,5544
"[""cluster__06ca194a0a433de6""]",cluster__06ca194a0a433de6,block_permutation,0.0010932994697191445,positive,1418,outer_03,elastic_net,142,4,51202622,5544
"[""cluster__06ca194a0a433de6""]",cluster__06ca194a0a433de6,block_permutation,0.0007915658363870648,positive,1418,outer_03,elastic_net,142,5,51202623,5544
"[""cluster__06ca194a0a433de6""]",cluster__06ca194a0a433de6,block_permutation,0.0009369007907824578,positive,1418,outer_03,elastic_net,142,6,51202624,5544
"[""cluster__06ca194a0a433de6""]",cluster__06ca194a0a433de6,block_permutation,0.0008428002535725287,positive,1418,outer_03,elastic_net,142,7,51202625,5544
"[""cluster__06ca194a0a433de6""]",cluster__06ca194a0a433de6,block_permutation,0.0012328392725086124,positive,1418,outer_03,elastic_net,142,8,51202626,5544
"[""cluster__06ca194a0a433de6""]",cluster__06ca194a0a433de6,block_permutation,0.0002779264705216056,positive,1418,outer_03,elastic_net,142,9,51202627,5544
"[""cluster__09e103f2030ca53e""]",cluster__09e103f2030ca53e,block_permutation,0.0,zero,1418,outer_03,elastic_net,142,0,51202628,5544
"[""cluster__09e103f2030ca53e""]",cluster__09e103f2030ca53e,block_permutation,0.0,zero,1418,outer_03,elastic_net,142,1,51202629,5544
"[""cluster__09e103f2030ca53e""]",cluster__09e103f2030ca53e,block_permutation,0.0,zero,1418,outer_03,elastic_net,142,2,51202630,5544
"[""cluster__09e103f2030ca53e""]",cluster__09e103f2030ca53e,block_permutation,0.0,zero,1418,outer_03,elastic_net,142,3,51202631,5544
"[""cluster__09e103f2030ca53e""]",cluster__09e103f2030ca53e,block_permutation,0.0,zero,1418,outer_03,elastic_net,142,4,51202632,5544
"[""cluster__09e103f2030ca53e""]",cluster__09e103f2030ca53e,block_permutation,0.0,zero,1418,outer_03,elastic_net,142,5,51202633,5544
"[""cluster__09e103f2030ca53e""]",cluster__09e103f2030ca53e,block_permutation,0.0,zero,1418,outer_03,elastic_net,142,6,51202634,5544
"[""cluster__09e103f2030ca53e""]",cluster__09e103f2030ca53e,block_permutation,0.0,zero,1418,outer_03,elastic_net,142,7,51202635,5544
"[""cluster__09e103f2030ca53e""]",cluster__09e103f2030ca53e,block_permutation,0.0,zero,1418,outer_03,elastic_net,142,8,51202636,5544
"[""cluster__09e103f2030ca53e""]",cluster__09e103f2030ca53e,block_permutation,0.0,zero,1418,outer_03,elastic_net,142,9,51202637,5544
"[""cluster__0ddaa772748cd2a8""]",cluster__0ddaa772748cd2a8,block_permutation,0.009611217779944892,positive,1418,outer_03,elastic_net,142,0,51202638,5544
"[""cluster__0ddaa772748cd2a8""]",cluster__0ddaa772748cd2a8,block_permutation,0.0004162715150219931,positive,1418,outer_03,elastic_net,142,1,51202639,5544
"[""cluster__0ddaa772748cd2a8""]",cluster__0ddaa772748cd2a8,block_permutation,0.008594898441024235,positive,1418,outer_03,elastic_net,142,2,51202640,5544
"[""cluster__0ddaa772748cd2a8""]",cluster__0ddaa772748cd2a8,block_permutation,0.008393554909050804,positive,1418,outer_03,elastic_net,142,3,51202641,5544
"[""cluster__0ddaa772748cd2a8""]",cluster__0ddaa772748cd2a8,block_permutation,0.0069875458972330495,positive,1418,outer_03,elastic_net,142,4,51202642,5544
"[""cluster__0ddaa772748cd2a8""]",cluster__0ddaa772748cd2a8,block_permutation,0.008952733140763391,positive,1418,outer_03,elastic_net,142,5,51202643,5544
"[""cluster__0ddaa772748cd2a8""]",cluster__0ddaa772748cd2a8,block_permutation,0.01075239604982925,positive,1418,outer_03,elastic_net,142,6,51202644,5544
"[""cluster__0ddaa772748cd2a8""]",cluster__0ddaa772748cd2a8,block_permutation,0.008601960625929106,positive,1418,outer_03,elastic_net,142,7,51202645,5544
"[""cluster__0ddaa772748cd2a8""]",cluster__0ddaa772748cd2a8,block_permutation,0.0028026292800653607,positive,1418,outer_03,elastic_net,142,8,51202646,5544
"[""cluster__0ddaa772748cd2a8""]",cluster__0ddaa772748cd2a8,block_permutation,0.008286911468989522,positive,1418,outer_03,elastic_net,142,9,51202647,5544
"[""cluster__11a9adfe78800106""]",cluster__11a9adfe78800106,block_permutation,0.0,zero,1418,outer_03,elastic_net,142,0,51202648,5544
"[""cluster__11a9adfe78800106""]",cluster__11a9adfe78800106,block_permutation,0.0,zero,1418,outer_03,elastic_net,142,1,51202649,5544
"[""cluster__11a9adfe78800106""]",cluster__11a9adfe78800106,block_permutation,0.0,zero,1418,outer_03,elastic_net,142,2,51202650,5544
"[""cluster__11a9adfe78800106""]",cluster__11a9adfe78800106,block_permutation,0.0,zero,1418,outer_03,elastic_net,142,3,51202651,5544
"[""cluster__11a9adfe78800106""]",cluster__11a9adfe78800106,block_permutation,0.0,zero,1418,outer_03,elastic_net,142,4,51202652,5544
"[""cluster__11a9adfe78800106""]",cluster__11a9adfe78800106,block_permutation,0.0,zero,1418,outer_03,elastic_net,142,5,51202653,5544
"[""cluster__11a9adfe78800106""]",cluster__11a9adfe78800106,block_permutation,0.0,zero,1418,outer_03,elastic_net,142,6,51202654,5544
"[""cluster__11a9adfe78800106""]",cluster__11a9adfe78800106,block_permutation,0.0,zero,1418,outer_03,elastic_net,142,7,51202655,5544
"[""cluster__11a9adfe78800106""]",cluster__11a9adfe78800106,block_permutation,0.0,zero,1418,outer_03,elastic_net,142,8,51202656,5544
"[""cluster__11a9adfe78800106""]",cluster__11a9adfe78800106,block_permutation,0.0,zero,1418,outer_03,elastic_net,142,9,51202657,5544
"[""cluster__183ba54d92e73c9e""]",cluster__183ba54d92e73c9e,block_permutation,0.0008752334459889433,positive,1418,outer_03,elastic_net,142,0,51202658,5544
"[""cluster__183ba54d92e73c9e""]",cluster__183ba54d92e73c9e,block_permutation,0.001866496619813307,positive,1418,outer_03,elastic_net,142,1,51202659,5544
"[""cluster__183ba54d92e73c9e""]",cluster__183ba54d92e73c9e,block_permutation,-0.0002289097285606001,negative,1418,outer_03,elastic_net,142,2,51202660,5544
"[""cluster__183ba54d92e73c9e""]",cluster__183ba54d92e73c9e,block_permutation,0.0004316923948914919,positive,1418,outer_03,elastic_net,142,3,51202661,5544
"[""cluster__183ba54d92e73c9e""]",cluster__183ba54d92e73c9e,block_permutation,-0.0006149153509197314,negative,1418,outer_03,elastic_net,142,4,51202662,5544
"[""cluster__183ba54d92e73c9e""]",cluster__183ba54d92e73c9e,block_permutation,0.0017361302385995314,positive,1418,outer_03,elastic_net,142,5,51202663,5544
"[""cluster__183ba54d92e73c9e""]",cluster__183ba54d92e73c9e,block_permutation,-0.00012417891312244134,negative,1418,outer_03,elastic_net,142,6,51202664,5544
"[""cluster__183ba54d92e73c9e""]",cluster__183ba54d92e73c9e,block_permutation,0.0014239278225985919,positive,1418,outer_03,elastic_net,142,7,51202665,5544
"[""cluster__183ba54d92e73c9e""]",cluster__183ba54d92e73c9e,block_permutation,0.0011943135470173782,positive,1418,outer_03,elastic_net,142,8,51202666,5544
"[""cluster__183ba54d92e73c9e""]",cluster__183ba54d92e73c9e,block_permutation,0.001720197405817081,positive,1418,outer_03,elastic_net,142,9,51202667,5544
"[""cluster__18424cecdf110691""]",cluster__18424cecdf110691,block_permutation,-0.0020535533307391995,negative,1418,outer_03,elastic_net,142,0,51202668,5544
"[""cluster__18424cecdf110691""]",cluster__18424cecdf110691,block_permutation,-0.000445533481457705,negative,1418,outer_03,elastic_net,142,1,51202669,5544
"[""cluster__18424cecdf110691""]",cluster__18424cecdf110691,block_permutation,-0.0006177983283789379,negative,1418,outer_03,elastic_net,142,2,51202670,5544
"[""cluster__18424cecdf110691""]",cluster__18424cecdf110691,block_permutation,0.004170248514928088,positive,1418,outer_03,elastic_net,142,3,51202671,5544
"[""cluster__18424cecdf110691""]",cluster__18424cecdf110691,block_permutation,0.0010441268754386446,positive,1418,outer_03,elastic_net,142,4,51202672,5544
"[""cluster__18424cecdf110691""]",cluster__18424cecdf110691,block_permutation,-0.0008659110376398882,negative,1418,outer_03,elastic_net,142,5,51202673,5544
"[""cluster__18424cecdf110691""]",cluster__18424cecdf110691,block_permutation,-0.0015405431313852969,negative,1418,outer_03,elastic_net,142,6,51202674,5544
"[""cluster__18424cecdf110691""]",cluster__18424cecdf110691,block_permutation,0.00383094023170516,positive,1418,outer_03,elastic_net,142,7,51202675,5544
"[""cluster__18424cecdf110691""]",cluster__18424cecdf110691,block_permutation,0.0023054236243136295,positive,1418,outer_03,elastic_net,142,8,51202676,5544
"[""cluster__18424cecdf110691""]",cluster__18424cecdf110691,block_permutation,0.007654807036817424,positive,1418,outer_03,elastic_net,142,9,51202677,5544
"[""cluster__189d1a90a1a742dc""]",cluster__189d1a90a1a742dc,block_permutation,0.0,zero,1418,outer_03,elastic_net,142,0,51202678,5544
"[""cluster__189d1a90a1a742dc""]",cluster__189d1a90a1a742dc,block_permutation,0.0,zero,1418,outer_03,elastic_net,142,1,51202679,5544
"[""cluster__189d1a90a1a742dc""]",cluster__189d1a90a1a742dc,block_permutation,0.0,zero,1418,outer_03,elastic_net,142,2,51202680,5544
"[""cluster__189d1a90a1a742dc""]",cluster__189d1a90a1a742dc,block_permutation,0.0,zero,1418,outer_03,elastic_net,142,3,51202681,5544
"[""cluster__189d1a90a1a742dc""]",cluster__189d1a90a1a742dc,block_permutation,0.0,zero,1418,outer_03,elastic_net,142,4,51202682,5544
"[""cluster__189d1a90a1a742dc""]",cluster__189d1a90a1a742dc,block_permutation,0.0,zero,1418,outer_03,elastic_net,142,5,51202683,5544
"[""cluster__189d1a90a1a742dc""]",cluster__189d1a90a1a742dc,block_permutation,0.0,zero,1418,outer_03,elastic_net,142,6,51202684,5544
"[""cluster__189d1a90a1a742dc""]",cluster__189d1a90a1a742dc,block_permutation,0.0,zero,1418,outer_03,elastic_net,142,7,51202685,5544
"[""cluster__189d1a90a1a742dc""]",cluster__189d1a90a1a742dc,block_permutation,0.0,zero,1418,outer_03,elastic_net,142,8,51202686,5544
"[""cluster__189d1a90a1a742dc""]",cluster__189d1a90a1a742dc,block_permutation,0.0,zero,1418,outer_03,elastic_net,142,9,51202687,5544
"[""cluster__1a13286f866c4155""]",cluster__1a13286f866c4155,block_permutation,0.001358799923347087,positive,1418,outer_03,elastic_net,142,0,51202688,5544
"[""cluster__1a13286f866c4155""]",cluster__1a13286f866c4155,block_permutation,-0.00013459873012533485,negative,1418,outer_03,elastic_net,142,1,51202689,5544
"[""cluster__1a13286f866c4155""]",cluster__1a13286f866c4155,block_permutation,-0.0017841298312231135,negative,1418,outer_03,elastic_net,142,2,51202690,5544
"[""cluster__1a13286f866c4155""]",cluster__1a13286f866c4155,block_permutation,6.507580458159357e-05,positive,1418,outer_03,elastic_net,142,3,51202691,5544
"[""cluster__1a13286f866c4155""]",cluster__1a13286f866c4155,block_permutation,-0.0024959939021914623,negative,1418,outer_03,elastic_net,142,4,51202692,5544
"[""cluster__1a13286f866c4155""]",cluster__1a13286f866c4155,block_permutation,0.0039010384599439396,positive,1418,outer_03,elastic_net,142,5,51202693,5544
"[""cluster__1a13286f866c4155""]",cluster__1a13286f866c4155,block_permutation,0.0009341502706314841,positive,1418,outer_03,elastic_net,142,6,51202694,5544
"[""cluster__1a13286f866c4155""]",cluster__1a13286f866c4155,block_permutation,0.002090797606045691,positive,1418,outer_03,elastic_net,142,7,51202695,5544
"[""cluster__1a13286f866c4155""]",cluster__1a13286f866c4155,block_permutation,-0.0010893240737844812,negative,1418,outer_03,elastic_net,142,8,51202696,5544
"[""cluster__1a13286f866c4155""]",cluster__1a13286f866c4155,block_permutation,0.0017679542909659895,positive,1418,outer_03,elastic_net,142,9,51202697,5544
"[""cluster__1ce77120fa004169""]",cluster__1ce77120fa004169,block_permutation,0.0,zero,1418,outer_03,elastic_net,142,0,51202698,5544
"[""cluster__1ce77120fa004169""]",cluster__1ce77120fa004169,block_permutation,0.0,zero,1418,outer_03,elastic_net,142,1,51202699,5544
"[""cluster__1ce77120fa004169""]",cluster__1ce77120fa004169,block_permutation,0.0,zero,1418,outer_03,elastic_net,142,2,51202700,5544
"[""cluster__1ce77120fa004169""]",cluster__1ce77120fa004169,block_permutation,0.0,zero,1418,outer_03,elastic_net,142,3,51202701,5544
"[""cluster__1ce77120fa004169""]",cluster__1ce77120fa004169,block_permutation,0.0,zero,1418,outer_03,elastic_net,142,4,51202702,5544
"[""cluster__1ce77120fa004169""]",cluster__1ce77120fa004169,block_permutation,0.0,zero,1418,outer_03,elastic_net,142,5,51202703,5544
"[""cluster__1ce77120fa004169""]",cluster__1ce77120fa004169,block_permutation,0.0,zero,1418,outer_03,elastic_net,142,6,51202704,5544
"[""cluster__1ce77120fa004169""]",cluster__1ce77120fa004169,block_permutation,0.0,zero,1418,outer_03,elastic_net,142,7,51202705,5544
"[""cluster__1ce77120fa004169""]",cluster__1ce77120fa004169,block_permutation,0.0,zero,1418,outer_03,elastic_net,142,8,51202706,5544
"[""cluster__1ce77120fa004169""]",cluster__1ce77120fa004169,block_permutation,0.0,zero,1418,outer_03,elastic_net,142,9,51202707,5544
"[""cluster__1e0e01b9fe15ec55""]",cluster__1e0e01b9fe15ec55,block_permutation,0.0028600299428785947,positive,1418,outer_03,elastic_net,142,0,51202708,5544
"[""cluster__1e0e01b9fe15ec55""]",cluster__1e0e01b9fe15ec55,block_permutation,0.0015620502556400462,positive,1418,outer_03,elastic_net,142,1,51202709,5544
"[""cluster__1e0e01b9fe15ec55""]",cluster__1e0e01b9fe15ec55,block_permutation,-0.0067184044862557135,negative,1418,outer_03,elastic_net,142,2,51202710,5544
"[""cluster__1e0e01b9fe15ec55""]",cluster__1e0e01b9fe15ec55,block_permutation,0.002386826398546593,positive,1418,outer_03,elastic_net,142,3,51202711,5544
"[""cluster__1e0e01b9fe15ec55""]",cluster__1e0e01b9fe15ec55,block_permutation,0.0013087539459295527,positive,1418,outer_03,elastic_net,142,4,51202712,5544
"[""cluster__1e0e01b9fe15ec55""]",cluster__1e0e01b9fe15ec55,block_permutation,-0.004653881307315366,negative,1418,outer_03,elastic_net,142,5,51202713,5544
"[""cluster__1e0e01b9fe15ec55""]",cluster__1e0e01b9fe15ec55,block_permutation,0.0018714462587748892,positive,1418,outer_03,elastic_net,142,6,51202714,5544
"[""cluster__1e0e01b9fe15ec55""]",cluster__1e0e01b9fe15ec55,block_permutation,-0.003365584630687146,negative,1418,outer_03,elastic_net,142,7,51202715,5544
"[""cluster__1e0e01b9fe15ec55""]",cluster__1e0e01b9fe15ec55,block_permutation,-0.0005627993017640609,negative,1418,outer_03,elastic_net,142,8,51202716,5544
"[""cluster__1e0e01b9fe15ec55""]",cluster__1e0e01b9fe15ec55,block_permutation,-0.0009461907928882685,negative,1418,outer_03,elastic_net,142,9,51202717,5544
"[""cluster__1e968c8901c575db""]",cluster__1e968c8901c575db,block_permutation,0.0,zero,1418,outer_03,elastic_net,142,0,51202718,5544
"[""cluster__1e968c8901c575db""]",cluster__1e968c8901c575db,block_permutation,0.0,zero,1418,outer_03,elastic_net,142,1,51202719,5544
"[""cluster__1e968c8901c575db""]",cluster__1e968c8901c575db,block_permutation,0.0,zero,1418,outer_03,elastic_net,142,2,51202720,5544
"[""cluster__1e968c8901c575db""]",cluster__1e968c8901c575db,block_permutation,0.0,zero,1418,outer_03,elastic_net,142,3,51202721,5544
"[""cluster__1e968c8901c575db""]",cluster__1e968c8901c575db,block_permutation,0.0,zero,1418,outer_03,elastic_net,142,4,51202722,5544
"[""cluster__1e968c8901c575db""]",cluster__1e968c8901c575db,block_permutation,0.0,zero,1418,outer_03,elastic_net,142,5,51202723,5544
"[""cluster__1e968c8901c575db""]",cluster__1e968c8901c575db,block_permutation,0.0,zero,1418,outer_03,elastic_net,142,6,51202724,5544
"[""cluster__1e968c8901c575db""]",cluster__1e968c8901c575db,block_permutation,0.0,zero,1418,outer_03,elastic_net,142,7,51202725,5544
"[""cluster__1e968c8901c575db""]",cluster__1e968c8901c575db,block_permutation,0.0,zero,1418,outer_03,elastic_net,142,8,51202726,5544
"[""cluster__1e968c8901c575db""]",cluster__1e968c8901c575db,block_permutation,0.0,zero,1418,outer_03,elastic_net,142,9,51202727,5544
"[""cluster__1f48220de6e92f9d""]",cluster__1f48220de6e92f9d,block_permutation,0.0,zero,1418,outer_03,elastic_net,142,0,51202728,5544
"[""cluster__1f48220de6e92f9d""]",cluster__1f48220de6e92f9d,block_permutation,0.0,zero,1418,outer_03,elastic_net,142,1,51202729,5544
"[""cluster__1f48220de6e92f9d""]",cluster__1f48220de6e92f9d,block_permutation,0.0,zero,1418,outer_03,elastic_net,142,2,51202730,5544
"[""cluster__1f48220de6e92f9d""]",cluster__1f48220de6e92f9d,block_permutation,0.0,zero,1418,outer_03,elastic_net,142,3,51202731,5544
"[""cluster__1f48220de6e92f9d""]",cluster__1f48220de6e92f9d,block_permutation,0.0,zero,1418,outer_03,elastic_net,142,4,51202732,5544
"[""cluster__1f48220de6e92f9d""]",cluster__1f48220de6e92f9d,block_permutation,0.0,zero,1418,outer_03,elastic_net,142,5,51202733,5544
"[""cluster__1f48220de6e92f9d""]",cluster__1f48220de6e92f9d,block_permutation,0.0,zero,1418,outer_03,elastic_net,142,6,51202734,5544
"[""cluster__1f48220de6e92f9d""]",cluster__1f48220de6e92f9d,block_permutation,0.0,zero,1418,outer_03,elastic_net,142,7,51202735,5544
"[""cluster__1f48220de6e92f9d""]",cluster__1f48220de6e92f9d,block_permutation,0.0,zero,1418,outer_03,elastic_net,142,8,51202736,5544
"[""cluster__1f48220de6e92f9d""]",cluster__1f48220de6e92f9d,block_permutation,0.0,zero,1418,outer_03,elastic_net,142,9,51202737,5544
"[""cluster__20fb49f3528f30d2""]",cluster__20fb49f3528f30d2,block_permutation,-1.3291525528313919e-05,negative,1418,outer_03,elastic_net,142,0,51202738,5544
"[""cluster__20fb49f3528f30d2""]",cluster__20fb49f3528f30d2,block_permutation,-9.507446259937602e-06,negative,1418,outer_03,elastic_net,142,1,51202739,5544
"[""cluster__20fb49f3528f30d2""]",cluster__20fb49f3528f30d2,block_permutation,2.213543050744171e-05,positive,1418,outer_03,elastic_net,142,2,51202740,5544
"[""cluster__20fb49f3528f30d2""]",cluster__20fb49f3528f30d2,block_permutation,1.2845011796658312e-05,positive,1418,outer_03,elastic_net,142,3,51202741,5544
"[""cluster__20fb49f3528f30d2""]",cluster__20fb49f3528f30d2,block_permutation,-2.4023577738230273e-06,negative,1418,outer_03,elastic_net,142,4,51202742,5544
"[""cluster__20fb49f3528f30d2""]",cluster__20fb49f3528f30d2,block_permutation,-1.8798041546586042e-05,negative,1418,outer_03,elastic_net,142,5,51202743,5544
"[""cluster__20fb49f3528f30d2""]",cluster__20fb49f3528f30d2,block_permutation,2.4713556671440706e-05,positive,1418,outer_03,elastic_net,142,6,51202744,5544
"[""cluster__20fb49f3528f30d2""]",cluster__20fb49f3528f30d2,block_permutation,2.2144178350114174e-05,positive,1418,outer_03,elastic_net,142,7,51202745,5544
"[""cluster__20fb49f3528f30d2""]",cluster__20fb49f3528f30d2,block_permutation,9.118477528458069e-05,positive,1418,outer_03,elastic_net,142,8,51202746,5544
"[""cluster__20fb49f3528f30d2""]",cluster__20fb49f3528f30d2,block_permutation,-2.260695210576369e-05,negative,1418,outer_03,elastic_net,142,9,51202747,5544
"[""cluster__23a7d3b95c5e30ff""]",cluster__23a7d3b95c5e30ff,block_permutation,-0.0018610457833744265,negative,1418,outer_03,elastic_net,142,0,51202748,5544
"[""cluster__23a7d3b95c5e30ff""]",cluster__23a7d3b95c5e30ff,block_permutation,0.00011656949535909789,positive,1418,outer_03,elastic_net,142,1,51202749,5544
"[""cluster__23a7d3b95c5e30ff""]",cluster__23a7d3b95c5e30ff,block_permutation,-0.0016410244454508893,negative,1418,outer_03,elastic_net,142,2,51202750,5544
"[""cluster__23a7d3b95c5e30ff""]",cluster__23a7d3b95c5e30ff,block_permutation,0.0006061012717638592,positive,1418,outer_03,elastic_net,142,3,51202751,5544
"[""cluster__23a7d3b95c5e30ff""]",cluster__23a7d3b95c5e30ff,block_permutation,-0.0004331691616823452,negative,1418,outer_03,elastic_net,142,4,51202752,5544
"[""cluster__23a7d3b95c5e30ff""]",cluster__23a7d3b95c5e30ff,block_permutation,0.0013809028838492887,positive,1418,outer_03,elastic_net,142,5,51202753,5544
"[""cluster__23a7d3b95c5e30ff""]",cluster__23a7d3b95c5e30ff,block_permutation,-0.0043191389146222114,negative,1418,outer_03,elastic_net,142,6,51202754,5544
"[""cluster__23a7d3b95c5e30ff""]",cluster__23a7d3b95c5e30ff,block_permutation,8.706052500806472e-05,positive,1418,outer_03,elastic_net,142,7,51202755,5544
"[""cluster__23a7d3b95c5e30ff""]",cluster__23a7d3b95c5e30ff,block_permutation,-0.00023131470977122426,negative,1418,outer_03,elastic_net,142,8,51202756,5544
"[""cluster__23a7d3b95c5e30ff""]",cluster__23a7d3b95c5e30ff,block_permutation,2.521021568457904e-05,positive,1418,outer_03,elastic_net,142,9,51202757,5544
"[""cluster__26090851fa96f8cf""]",cluster__26090851fa96f8cf,block_permutation,0.0040388430869876535,positive,1418,outer_03,elastic_net,142,0,51202758,5544
"[""cluster__26090851fa96f8cf""]",cluster__26090851fa96f8cf,block_permutation,-0.0004939638342287278,negative,1418,outer_03,elastic_net,142,1,51202759,5544
"[""cluster__26090851fa96f8cf""]",cluster__26090851fa96f8cf,block_permutation,0.0032699659058016417,positive,1418,outer_03,elastic_net,142,2,51202760,5544
"[""cluster__26090851fa96f8cf""]",cluster__26090851fa96f8cf,block_permutation,0.0012346093731854246,positive,1418,outer_03,elastic_net,142,3,51202761,5544
"[""cluster__26090851fa96f8cf""]",cluster__26090851fa96f8cf,block_permutation,0.004110289212307161,positive,1418,outer_03,elastic_net,142,4,51202762,5544
"[""cluster__26090851fa96f8cf""]",cluster__26090851fa96f8cf,block_permutation,0.001537315686292673,positive,1418,outer_03,elastic_net,142,5,51202763,5544
"[""cluster__26090851fa96f8cf""]",cluster__26090851fa96f8cf,block_permutation,0.0007840719784160122,positive,1418,outer_03,elastic_net,142,6,51202764,5544
"[""cluster__26090851fa96f8cf""]",cluster__26090851fa96f8cf,block_permutation,0.003936071402184993,positive,1418,outer_03,elastic_net,142,7,51202765,5544
"[""cluster__26090851fa96f8cf""]",cluster__26090851fa96f8cf,block_permutation,-0.00033847472120951405,negative,1418,outer_03,elastic_net,142,8,51202766,5544
"[""cluster__26090851fa96f8cf""]",cluster__26090851fa96f8cf,block_permutation,0.0026108700342619695,positive,1418,outer_03,elastic_net,142,9,51202767,5544
"[""cluster__26ad2c75d43d49ad""]",cluster__26ad2c75d43d49ad,block_permutation,0.0037660312331964096,positive,1418,outer_03,elastic_net,142,0,51202768,5544
"[""cluster__26ad2c75d43d49ad""]",cluster__26ad2c75d43d49ad,block_permutation,-0.0010732375184652199,negative,1418,outer_03,elastic_net,142,1,51202769,5544
"[""cluster__26ad2c75d43d49ad""]",cluster__26ad2c75d43d49ad,block_permutation,0.006404204254610524,positive,1418,outer_03,elastic_net,142,2,51202770,5544
"[""cluster__26ad2c75d43d49ad""]",cluster__26ad2c75d43d49ad,block_permutation,0.0016751425161947164,positive,1418,outer_03,elastic_net,142,3,51202771,5544
"[""cluster__26ad2c75d43d49ad""]",cluster__26ad2c75d43d49ad,block_permutation,0.006106791695574265,positive,1418,outer_03,elastic_net,142,4,51202772,5544
"[""cluster__26ad2c75d43d49ad""]",cluster__26ad2c75d43d49ad,block_permutation,0.002869678696923006,positive,1418,outer_03,elastic_net,142,5,51202773,5544
"[""cluster__26ad2c75d43d49ad""]",cluster__26ad2c75d43d49ad,block_permutation,0.0023041937406915736,positive,1418,outer_03,elastic_net,142,6,51202774,5544
"[""cluster__26ad2c75d43d49ad""]",cluster__26ad2c75d43d49ad,block_permutation,0.0004919150092598246,positive,1418,outer_03,elastic_net,142,7,51202775,5544
"[""cluster__26ad2c75d43d49ad""]",cluster__26ad2c75d43d49ad,block_permutation,0.003198496349138269,positive,1418,outer_03,elastic_net,142,8,51202776,5544
"[""cluster__26ad2c75d43d49ad""]",cluster__26ad2c75d43d49ad,block_permutation,0.007326443937251348,positive,1418,outer_03,elastic_net,142,9,51202777,5544
"[""cluster__29963467135cd4cd""]",cluster__29963467135cd4cd,block_permutation,0.0,zero,1418,outer_03,elastic_net,142,0,51202778,5544
"[""cluster__29963467135cd4cd""]",cluster__29963467135cd4cd,block_permutation,0.0,zero,1418,outer_03,elastic_net,142,1,51202779,5544
"[""cluster__29963467135cd4cd""]",cluster__29963467135cd4cd,block_permutation,0.0,zero,1418,outer_03,elastic_net,142,2,51202780,5544
"[""cluster__29963467135cd4cd""]",cluster__29963467135cd4cd,block_permutation,0.0,zero,1418,outer_03,elastic_net,142,3,51202781,5544
"[""cluster__29963467135cd4cd""]",cluster__29963467135cd4cd,block_permutation,0.0,zero,1418,outer_03,elastic_net,142,4,51202782,5544
"[""cluster__29963467135cd4cd""]",cluster__29963467135cd4cd,block_permutation,0.0,zero,1418,outer_03,elastic_net,142,5,51202783,5544
"[""cluster__29963467135cd4cd""]",cluster__29963467135cd4cd,block_permutation,0.0,zero,1418,outer_03,elastic_net,142,6,51202784,5544
"[""cluster__29963467135cd4cd""]",cluster__29963467135cd4cd,block_permutation,0.0,zero,1418,outer_03,elastic_net,142,7,51202785,5544
"[""cluster__29963467135cd4cd""]",cluster__29963467135cd4cd,block_permutation,0.0,zero,1418,outer_03,elastic_net,142,8,51202786,5544
"[""cluster__29963467135cd4cd""]",cluster__29963467135cd4cd,block_permutation,0.0,zero,1418,outer_03,elastic_net,142,9,51202787,5544
"[""cluster__2d7a1c0d880f88ee""]",cluster__2d7a1c0d880f88ee,block_permutation,0.004337740674402624,positive,1418,outer_03,elastic_net,142,0,51202788,5544
"[""cluster__2d7a1c0d880f88ee""]",cluster__2d7a1c0d880f88ee,block_permutation,0.0005937185536930567,positive,1418,outer_03,elastic_net,142,1,51202789,5544
"[""cluster__2d7a1c0d880f88ee""]",cluster__2d7a1c0d880f88ee,block_permutation,-5.5440068558509914e-05,negative,1418,outer_03,elastic_net,142,2,51202790,5544
"[""cluster__2d7a1c0d880f88ee""]",cluster__2d7a1c0d880f88ee,block_permutation,0.0013632575789486179,positive,1418,outer_03,elastic_net,142,3,51202791,5544
"[""cluster__2d7a1c0d880f88ee""]",cluster__2d7a1c0d880f88ee,block_permutation,0.0040897436856015545,positive,1418,outer_03,elastic_net,142,4,51202792,5544
"[""cluster__2d7a1c0d880f88ee""]",cluster__2d7a1c0d880f88ee,block_permutation,0.002747333433118726,positive,1418,outer_03,elastic_net,142,5,51202793,5544
"[""cluster__2d7a1c0d880f88ee""]",cluster__2d7a1c0d880f88ee,block_permutation,0.0038806737436226646,positive,1418,outer_03,elastic_net,142,6,51202794,5544
"[""cluster__2d7a1c0d880f88ee""]",cluster__2d7a1c0d880f88ee,block_permutation,-0.0031685105210844666,negative,1418,outer_03,elastic_net,142,7,51202795,5544
"[""cluster__2d7a1c0d880f88ee""]",cluster__2d7a1c0d880f88ee,block_permutation,-0.004389119261840269,negative,1418,outer_03,elastic_net,142,8,51202796,5544
"[""cluster__2d7a1c0d880f88ee""]",cluster__2d7a1c0d880f88ee,block_permutation,0.005241812672508117,positive,1418,outer_03,elastic_net,142,9,51202797,5544
"[""cluster__2e6f29d20733c126""]",cluster__2e6f29d20733c126,block_permutation,0.0,zero,1418,outer_03,elastic_net,142,0,51202798,5544
"[""cluster__2e6f29d20733c126""]",cluster__2e6f29d20733c126,block_permutation,0.0,zero,1418,outer_03,elastic_net,142,1,51202799,5544
"[""cluster__2e6f29d20733c126""]",cluster__2e6f29d20733c126,block_permutation,0.0,zero,1418,outer_03,elastic_net,142,2,51202800,5544
"[""cluster__2e6f29d20733c126""]",cluster__2e6f29d20733c126,block_permutation,0.0,zero,1418,outer_03,elastic_net,142,3,51202801,5544
"[""cluster__2e6f29d20733c126""]",cluster__2e6f29d20733c126,block_permutation,0.0,zero,1418,outer_03,elastic_net,142,4,51202802,5544
"[""cluster__2e6f29d20733c126""]",cluster__2e6f29d20733c126,block_permutation,0.0,zero,1418,outer_03,elastic_net,142,5,51202803,5544
"[""cluster__2e6f29d20733c126""]",cluster__2e6f29d20733c126,block_permutation,0.0,zero,1418,outer_03,elastic_net,142,6,51202804,5544
"[""cluster__2e6f29d20733c126""]",cluster__2e6f29d20733c126,block_permutation,0.0,zero,1418,outer_03,elastic_net,142,7,51202805,5544
"[""cluster__2e6f29d20733c126""]",cluster__2e6f29d20733c126,block_permutation,0.0,zero,1418,outer_03,elastic_net,142,8,51202806,5544
"[""cluster__2e6f29d20733c126""]",cluster__2e6f29d20733c126,block_permutation,0.0,zero,1418,outer_03,elastic_net,142,9,51202807,5544
"[""cluster__2f6f9b66bf9da773""]",cluster__2f6f9b66bf9da773,block_permutation,0.0,zero,1418,outer_03,elastic_net,142,0,51202808,5544
"[""cluster__2f6f9b66bf9da773""]",cluster__2f6f9b66bf9da773,block_permutation,0.0,zero,1418,outer_03,elastic_net,142,1,51202809,5544
"[""cluster__2f6f9b66bf9da773""]",cluster__2f6f9b66bf9da773,block_permutation,0.0,zero,1418,outer_03,elastic_net,142,2,51202810,5544
"[""cluster__2f6f9b66bf9da773""]",cluster__2f6f9b66bf9da773,block_permutation,0.0,zero,1418,outer_03,elastic_net,142,3,51202811,5544
"[""cluster__2f6f9b66bf9da773""]",cluster__2f6f9b66bf9da773,block_permutation,0.0,zero,1418,outer_03,elastic_net,142,4,51202812,5544
"[""cluster__2f6f9b66bf9da773""]",cluster__2f6f9b66bf9da773,block_permutation,0.0,zero,1418,outer_03,elastic_net,142,5,51202813,5544
"[""cluster__2f6f9b66bf9da773""]",cluster__2f6f9b66bf9da773,block_permutation,0.0,zero,1418,outer_03,elastic_net,142,6,51202814,5544
"[""cluster__2f6f9b66bf9da773""]",cluster__2f6f9b66bf9da773,block_permutation,0.0,zero,1418,outer_03,elastic_net,142,7,51202815,5544
"[""cluster__2f6f9b66bf9da773""]",cluster__2f6f9b66bf9da773,block_permutation,0.0,zero,1418,outer_03,elastic_net,142,8,51202816,5544
"[""cluster__2f6f9b66bf9da773""]",cluster__2f6f9b66bf9da773,block_permutation,0.0,zero,1418,outer_03,elastic_net,142,9,51202817,5544
"[""cluster__2f97bd40c280c05c""]",cluster__2f97bd40c280c05c,block_permutation,0.0,zero,1418,outer_03,elastic_net,142,0,51202818,5544
"[""cluster__2f97bd40c280c05c""]",cluster__2f97bd40c280c05c,block_permutation,0.0,zero,1418,outer_03,elastic_net,142,1,51202819,5544
"[""cluster__2f97bd40c280c05c""]",cluster__2f97bd40c280c05c,block_permutation,0.0,zero,1418,outer_03,elastic_net,142,2,51202820,5544
"[""cluster__2f97bd40c280c05c""]",cluster__2f97bd40c280c05c,block_permutation,0.0,zero,1418,outer_03,elastic_net,142,3,51202821,5544
"[""cluster__2f97bd40c280c05c""]",cluster__2f97bd40c280c05c,block_permutation,0.0,zero,1418,outer_03,elastic_net,142,4,51202822,5544
"[""cluster__2f97bd40c280c05c""]",cluster__2f97bd40c280c05c,block_permutation,0.0,zero,1418,outer_03,elastic_net,142,5,51202823,5544
"[""cluster__2f97bd40c280c05c""]",cluster__2f97bd40c280c05c,block_permutation,0.0,zero,1418,outer_03,elastic_net,142,6,51202824,5544
"[""cluster__2f97bd40c280c05c""]",cluster__2f97bd40c280c05c,block_permutation,0.0,zero,1418,outer_03,elastic_net,142,7,51202825,5544
"[""cluster__2f97bd40c280c05c""]",cluster__2f97bd40c280c05c,block_permutation,0.0,zero,1418,outer_03,elastic_net,142,8,51202826,5544
"[""cluster__2f97bd40c280c05c""]",cluster__2f97bd40c280c05c,block_permutation,0.0,zero,1418,outer_03,elastic_net,142,9,51202827,5544
"[""cluster__372b2f68b07503c0""]",cluster__372b2f68b07503c0,block_permutation,0.0,zero,1418,outer_03,elastic_net,142,0,51202828,5544
"[""cluster__372b2f68b07503c0""]",cluster__372b2f68b07503c0,block_permutation,0.0,zero,1418,outer_03,elastic_net,142,1,51202829,5544
"[""cluster__372b2f68b07503c0""]",cluster__372b2f68b07503c0,block_permutation,0.0,zero,1418,outer_03,elastic_net,142,2,51202830,5544
"[""cluster__372b2f68b07503c0""]",cluster__372b2f68b07503c0,block_permutation,0.0,zero,1418,outer_03,elastic_net,142,3,51202831,5544
"[""cluster__372b2f68b07503c0""]",cluster__372b2f68b07503c0,block_permutation,0.0,zero,1418,outer_03,elastic_net,142,4,51202832,5544
"[""cluster__372b2f68b07503c0""]",cluster__372b2f68b07503c0,block_permutation,0.0,zero,1418,outer_03,elastic_net,142,5,51202833,5544
"[""cluster__372b2f68b07503c0""]",cluster__372b2f68b07503c0,block_permutation,0.0,zero,1418,outer_03,elastic_net,142,6,51202834,5544
"[""cluster__372b2f68b07503c0""]",cluster__372b2f68b07503c0,block_permutation,0.0,zero,1418,outer_03,elastic_net,142,7,51202835,5544
"[""cluster__372b2f68b07503c0""]",cluster__372b2f68b07503c0,block_permutation,0.0,zero,1418,outer_03,elastic_net,142,8,51202836,5544
"[""cluster__372b2f68b07503c0""]",cluster__372b2f68b07503c0,block_permutation,0.0,zero,1418,outer_03,elastic_net,142,9,51202837,5544
"[""cluster__394bc857d8fc4a57""]",cluster__394bc857d8fc4a57,block_permutation,0.0,zero,1418,outer_03,elastic_net,142,0,51202838,5544
"[""cluster__394bc857d8fc4a57""]",cluster__394bc857d8fc4a57,block_permutation,0.0,zero,1418,outer_03,elastic_net,142,1,51202839,5544
"[""cluster__394bc857d8fc4a57""]",cluster__394bc857d8fc4a57,block_permutation,0.0,zero,1418,outer_03,elastic_net,142,2,51202840,5544
"[""cluster__394bc857d8fc4a57""]",cluster__394bc857d8fc4a57,block_permutation,0.0,zero,1418,outer_03,elastic_net,142,3,51202841,5544
"[""cluster__394bc857d8fc4a57""]",cluster__394bc857d8fc4a57,block_permutation,0.0,zero,1418,outer_03,elastic_net,142,4,51202842,5544
"[""cluster__394bc857d8fc4a57""]",cluster__394bc857d8fc4a57,block_permutation,0.0,zero,1418,outer_03,elastic_net,142,5,51202843,5544
"[""cluster__394bc857d8fc4a57""]",cluster__394bc857d8fc4a57,block_permutation,0.0,zero,1418,outer_03,elastic_net,142,6,51202844,5544
"[""cluster__394bc857d8fc4a57""]",cluster__394bc857d8fc4a57,block_permutation,0.0,zero,1418,outer_03,elastic_net,142,7,51202845,5544
"[""cluster__394bc857d8fc4a57""]",cluster__394bc857d8fc4a57,block_permutation,0.0,zero,1418,outer_03,elastic_net,142,8,51202846,5544
"[""cluster__394bc857d8fc4a57""]",cluster__394bc857d8fc4a57,block_permutation,0.0,zero,1418,outer_03,elastic_net,142,9,51202847,5544
"[""cluster__3a128293ed568dc0""]",cluster__3a128293ed568dc0,block_permutation,0.0,zero,1418,outer_03,elastic_net,142,0,51202848,5544
"[""cluster__3a128293ed568dc0""]",cluster__3a128293ed568dc0,block_permutation,0.0,zero,1418,outer_03,elastic_net,142,1,51202849,5544
"[""cluster__3a128293ed568dc0""]",cluster__3a128293ed568dc0,block_permutation,0.0,zero,1418,outer_03,elastic_net,142,2,51202850,5544
"[""cluster__3a128293ed568dc0""]",cluster__3a128293ed568dc0,block_permutation,0.0,zero,1418,outer_03,elastic_net,142,3,51202851,5544
"[""cluster__3a128293ed568dc0""]",cluster__3a128293ed568dc0,block_permutation,0.0,zero,1418,outer_03,elastic_net,142,4,51202852,5544
"[""cluster__3a128293ed568dc0""]",cluster__3a128293ed568dc0,block_permutation,0.0,zero,1418,outer_03,elastic_net,142,5,51202853,5544
"[""cluster__3a128293ed568dc0""]",cluster__3a128293ed568dc0,block_permutation,0.0,zero,1418,outer_03,elastic_net,142,6,51202854,5544
"[""cluster__3a128293ed568dc0""]",cluster__3a128293ed568dc0,block_permutation,0.0,zero,1418,outer_03,elastic_net,142,7,51202855,5544
"[""cluster__3a128293ed568dc0""]",cluster__3a128293ed568dc0,block_permutation,0.0,zero,1418,outer_03,elastic_net,142,8,51202856,5544
"[""cluster__3a128293ed568dc0""]",cluster__3a128293ed568dc0,block_permutation,0.0,zero,1418,outer_03,elastic_net,142,9,51202857,5544
"[""cluster__3c67dd0616449c2d""]",cluster__3c67dd0616449c2d,block_permutation,0.024197115780595024,positive,1418,outer_03,elastic_net,142,0,51202858,5544
"[""cluster__3c67dd0616449c2d""]",cluster__3c67dd0616449c2d,block_permutation,0.014688468576164349,positive,1418,outer_03,elastic_net,142,1,51202859,5544
"[""cluster__3c67dd0616449c2d""]",cluster__3c67dd0616449c2d,block_permutation,0.014863823714574731,positive,1418,outer_03,elastic_net,142,2,51202860,5544
"[""cluster__3c67dd0616449c2d""]",cluster__3c67dd0616449c2d,block_permutation,0.022002869238063827,positive,1418,outer_03,elastic_net,142,3,51202861,5544
"[""cluster__3c67dd0616449c2d""]",cluster__3c67dd0616449c2d,block_permutation,0.027240087911972077,positive,1418,outer_03,elastic_net,142,4,51202862,5544
"[""cluster__3c67dd0616449c2d""]",cluster__3c67dd0616449c2d,block_permutation,0.016348022503977266,positive,1418,outer_03,elastic_net,142,5,51202863,5544
"[""cluster__3c67dd0616449c2d""]",cluster__3c67dd0616449c2d,block_permutation,0.009400798913246411,positive,1418,outer_03,elastic_net,142,6,51202864,5544
"[""cluster__3c67dd0616449c2d""]",cluster__3c67dd0616449c2d,block_permutation,0.010829214953358313,positive,1418,outer_03,elastic_net,142,7,51202865,5544
"[""cluster__3c67dd0616449c2d""]",cluster__3c67dd0616449c2d,block_permutation,0.016931255771113762,positive,1418,outer_03,elastic_net,142,8,51202866,5544
"[""cluster__3c67dd0616449c2d""]",cluster__3c67dd0616449c2d,block_permutation,0.023124515768519927,positive,1418,outer_03,elastic_net,142,9,51202867,5544
"[""cluster__3cf051d5429a5851""]",cluster__3cf051d5429a5851,block_permutation,0.0,zero,1418,outer_03,elastic_net,142,0,51202868,5544
"[""cluster__3cf051d5429a5851""]",cluster__3cf051d5429a5851,block_permutation,0.0,zero,1418,outer_03,elastic_net,142,1,51202869,5544
"[""cluster__3cf051d5429a5851""]",cluster__3cf051d5429a5851,block_permutation,0.0,zero,1418,outer_03,elastic_net,142,2,51202870,5544
"[""cluster__3cf051d5429a5851""]",cluster__3cf051d5429a5851,block_permutation,0.0,zero,1418,outer_03,elastic_net,142,3,51202871,5544
"[""cluster__3cf051d5429a5851""]",cluster__3cf051d5429a5851,block_permutation,0.0,zero,1418,outer_03,elastic_net,142,4,51202872,5544
"[""cluster__3cf051d5429a5851""]",cluster__3cf051d5429a5851,block_permutation,0.0,zero,1418,outer_03,elastic_net,142,5,51202873,5544
"[""cluster__3cf051d5429a5851""]",cluster__3cf051d5429a5851,block_permutation,0.0,zero,1418,outer_03,elastic_net,142,6,51202874,5544
"[""cluster__3cf051d5429a5851""]",cluster__3cf051d5429a5851,block_permutation,0.0,zero,1418,outer_03,elastic_net,142,7,51202875,5544
"[""cluster__3cf051d5429a5851""]",cluster__3cf051d5429a5851,block_permutation,0.0,zero,1418,outer_03,elastic_net,142,8,51202876,5544
"[""cluster__3cf051d5429a5851""]",cluster__3cf051d5429a5851,block_permutation,0.0,zero,1418,outer_03,elastic_net,142,9,51202877,5544
"[""cluster__3e5336b9c24613b3""]",cluster__3e5336b9c24613b3,block_permutation,0.0,zero,1418,outer_03,elastic_net,142,0,51202878,5544
"[""cluster__3e5336b9c24613b3""]",cluster__3e5336b9c24613b3,block_permutation,0.0,zero,1418,outer_03,elastic_net,142,1,51202879,5544
"[""cluster__3e5336b9c24613b3""]",cluster__3e5336b9c24613b3,block_permutation,0.0,zero,1418,outer_03,elastic_net,142,2,51202880,5544
"[""cluster__3e5336b9c24613b3""]",cluster__3e5336b9c24613b3,block_permutation,0.0,zero,1418,outer_03,elastic_net,142,3,51202881,5544
"[""cluster__3e5336b9c24613b3""]",cluster__3e5336b9c24613b3,block_permutation,0.0,zero,1418,outer_03,elastic_net,142,4,51202882,5544
"[""cluster__3e5336b9c24613b3""]",cluster__3e5336b9c24613b3,block_permutation,0.0,zero,1418,outer_03,elastic_net,142,5,51202883,5544
"[""cluster__3e5336b9c24613b3""]",cluster__3e5336b9c24613b3,block_permutation,0.0,zero,1418,outer_03,elastic_net,142,6,51202884,5544
"[""cluster__3e5336b9c24613b3""]",cluster__3e5336b9c24613b3,block_permutation,0.0,zero,1418,outer_03,elastic_net,142,7,51202885,5544
"[""cluster__3e5336b9c24613b3""]",cluster__3e5336b9c24613b3,block_permutation,0.0,zero,1418,outer_03,elastic_net,142,8,51202886,5544
"[""cluster__3e5336b9c24613b3""]",cluster__3e5336b9c24613b3,block_permutation,0.0,zero,1418,outer_03,elastic_net,142,9,51202887,5544
"[""cluster__421a4a1c5073e265""]",cluster__421a4a1c5073e265,block_permutation,0.0,zero,1418,outer_03,elastic_net,142,0,51202888,5544
"[""cluster__421a4a1c5073e265""]",cluster__421a4a1c5073e265,block_permutation,0.0,zero,1418,outer_03,elastic_net,142,1,51202889,5544
"[""cluster__421a4a1c5073e265""]",cluster__421a4a1c5073e265,block_permutation,0.0,zero,1418,outer_03,elastic_net,142,2,51202890,5544
"[""cluster__421a4a1c5073e265""]",cluster__421a4a1c5073e265,block_permutation,0.0,zero,1418,outer_03,elastic_net,142,3,51202891,5544
"[""cluster__421a4a1c5073e265""]",cluster__421a4a1c5073e265,block_permutation,0.0,zero,1418,outer_03,elastic_net,142,4,51202892,5544
"[""cluster__421a4a1c5073e265""]",cluster__421a4a1c5073e265,block_permutation,0.0,zero,1418,outer_03,elastic_net,142,5,51202893,5544
"[""cluster__421a4a1c5073e265""]",cluster__421a4a1c5073e265,block_permutation,0.0,zero,1418,outer_03,elastic_net,142,6,51202894,5544
"[""cluster__421a4a1c5073e265""]",cluster__421a4a1c5073e265,block_permutation,0.0,zero,1418,outer_03,elastic_net,142,7,51202895,5544
"[""cluster__421a4a1c5073e265""]",cluster__421a4a1c5073e265,block_permutation,0.0,zero,1418,outer_03,elastic_net,142,8,51202896,5544
"[""cluster__421a4a1c5073e265""]",cluster__421a4a1c5073e265,block_permutation,0.0,zero,1418,outer_03,elastic_net,142,9,51202897,5544
"[""cluster__453e45b37c54e768""]",cluster__453e45b37c54e768,block_permutation,0.0,zero,1418,outer_03,elastic_net,142,0,51202898,5544
"[""cluster__453e45b37c54e768""]",cluster__453e45b37c54e768,block_permutation,0.0,zero,1418,outer_03,elastic_net,142,1,51202899,5544
"[""cluster__453e45b37c54e768""]",cluster__453e45b37c54e768,block_permutation,0.0,zero,1418,outer_03,elastic_net,142,2,51202900,5544
"[""cluster__453e45b37c54e768""]",cluster__453e45b37c54e768,block_permutation,0.0,zero,1418,outer_03,elastic_net,142,3,51202901,5544
"[""cluster__453e45b37c54e768""]",cluster__453e45b37c54e768,block_permutation,0.0,zero,1418,outer_03,elastic_net,142,4,51202902,5544
"[""cluster__453e45b37c54e768""]",cluster__453e45b37c54e768,block_permutation,0.0,zero,1418,outer_03,elastic_net,142,5,51202903,5544
"[""cluster__453e45b37c54e768""]",cluster__453e45b37c54e768,block_permutation,0.0,zero,1418,outer_03,elastic_net,142,6,51202904,5544
"[""cluster__453e45b37c54e768""]",cluster__453e45b37c54e768,block_permutation,0.0,zero,1418,outer_03,elastic_net,142,7,51202905,5544
"[""cluster__453e45b37c54e768""]",cluster__453e45b37c54e768,block_permutation,0.0,zero,1418,outer_03,elastic_net,142,8,51202906,5544
"[""cluster__453e45b37c54e768""]",cluster__453e45b37c54e768,block_permutation,0.0,zero,1418,outer_03,elastic_net,142,9,51202907,5544
"[""cluster__477b0804b0e235c3""]",cluster__477b0804b0e235c3,block_permutation,0.0,zero,1418,outer_03,elastic_net,142,0,51202908,5544
"[""cluster__477b0804b0e235c3""]",cluster__477b0804b0e235c3,block_permutation,0.0,zero,1418,outer_03,elastic_net,142,1,51202909,5544
"[""cluster__477b0804b0e235c3""]",cluster__477b0804b0e235c3,block_permutation,0.0,zero,1418,outer_03,elastic_net,142,2,51202910,5544
"[""cluster__477b0804b0e235c3""]",cluster__477b0804b0e235c3,block_permutation,0.0,zero,1418,outer_03,elastic_net,142,3,51202911,5544
"[""cluster__477b0804b0e235c3""]",cluster__477b0804b0e235c3,block_permutation,0.0,zero,1418,outer_03,elastic_net,142,4,51202912,5544
"[""cluster__477b0804b0e235c3""]",cluster__477b0804b0e235c3,block_permutation,0.0,zero,1418,outer_03,elastic_net,142,5,51202913,5544
"[""cluster__477b0804b0e235c3""]",cluster__477b0804b0e235c3,block_permutation,0.0,zero,1418,outer_03,elastic_net,142,6,51202914,5544
"[""cluster__477b0804b0e235c3""]",cluster__477b0804b0e235c3,block_permutation,0.0,zero,1418,outer_03,elastic_net,142,7,51202915,5544
"[""cluster__477b0804b0e235c3""]",cluster__477b0804b0e235c3,block_permutation,0.0,zero,1418,outer_03,elastic_net,142,8,51202916,5544
"[""cluster__477b0804b0e235c3""]",cluster__477b0804b0e235c3,block_permutation,0.0,zero,1418,outer_03,elastic_net,142,9,51202917,5544
"[""cluster__4a28d5e18578418a""]",cluster__4a28d5e18578418a,block_permutation,0.0,zero,1418,outer_03,elastic_net,142,0,51202918,5544
"[""cluster__4a28d5e18578418a""]",cluster__4a28d5e18578418a,block_permutation,0.0,zero,1418,outer_03,elastic_net,142,1,51202919,5544
"[""cluster__4a28d5e18578418a""]",cluster__4a28d5e18578418a,block_permutation,0.0,zero,1418,outer_03,elastic_net,142,2,51202920,5544
"[""cluster__4a28d5e18578418a""]",cluster__4a28d5e18578418a,block_permutation,0.0,zero,1418,outer_03,elastic_net,142,3,51202921,5544
"[""cluster__4a28d5e18578418a""]",cluster__4a28d5e18578418a,block_permutation,0.0,zero,1418,outer_03,elastic_net,142,4,51202922,5544
"[""cluster__4a28d5e18578418a""]",cluster__4a28d5e18578418a,block_permutation,0.0,zero,1418,outer_03,elastic_net,142,5,51202923,5544
"[""cluster__4a28d5e18578418a""]",cluster__4a28d5e18578418a,block_permutation,0.0,zero,1418,outer_03,elastic_net,142,6,51202924,5544
"[""cluster__4a28d5e18578418a""]",cluster__4a28d5e18578418a,block_permutation,0.0,zero,1418,outer_03,elastic_net,142,7,51202925,5544
"[""cluster__4a28d5e18578418a""]",cluster__4a28d5e18578418a,block_permutation,0.0,zero,1418,outer_03,elastic_net,142,8,51202926,5544
"[""cluster__4a28d5e18578418a""]",cluster__4a28d5e18578418a,block_permutation,0.0,zero,1418,outer_03,elastic_net,142,9,51202927,5544
"[""cluster__4e66a854583b258d""]",cluster__4e66a854583b258d,block_permutation,-0.008117927888864451,negative,1418,outer_03,elastic_net,142,0,51202928,5544
"[""cluster__4e66a854583b258d""]",cluster__4e66a854583b258d,block_permutation,-0.001985027754812685,negative,1418,outer_03,elastic_net,142,1,51202929,5544
"[""cluster__4e66a854583b258d""]",cluster__4e66a854583b258d,block_permutation,0.002994094281153159,positive,1418,outer_03,elastic_net,142,2,51202930,5544
"[""cluster__4e66a854583b258d""]",cluster__4e66a854583b258d,block_permutation,0.0008297545940260109,positive,1418,outer_03,elastic_net,142,3,51202931,5544
"[""cluster__4e66a854583b258d""]",cluster__4e66a854583b258d,block_permutation,0.0013961681409236926,positive,1418,outer_03,elastic_net,142,4,51202932,5544
"[""cluster__4e66a854583b258d""]",cluster__4e66a854583b258d,block_permutation,-0.006881625169764427,negative,1418,outer_03,elastic_net,142,5,51202933,5544
"[""cluster__4e66a854583b258d""]",cluster__4e66a854583b258d,block_permutation,-0.006620852785290454,negative,1418,outer_03,elastic_net,142,6,51202934,5544
"[""cluster__4e66a854583b258d""]",cluster__4e66a854583b258d,block_permutation,-0.002303447718955298,negative,1418,outer_03,elastic_net,142,7,51202935,5544
"[""cluster__4e66a854583b258d""]",cluster__4e66a854583b258d,block_permutation,-0.0073659688934824,negative,1418,outer_03,elastic_net,142,8,51202936,5544
"[""cluster__4e66a854583b258d""]",cluster__4e66a854583b258d,block_permutation,-0.005704463023920803,negative,1418,outer_03,elastic_net,142,9,51202937,5544
"[""cluster__4e7b6658b598876b""]",cluster__4e7b6658b598876b,block_permutation,0.0,zero,1418,outer_03,elastic_net,142,0,51202938,5544
"[""cluster__4e7b6658b598876b""]",cluster__4e7b6658b598876b,block_permutation,0.0,zero,1418,outer_03,elastic_net,142,1,51202939,5544
"[""cluster__4e7b6658b598876b""]",cluster__4e7b6658b598876b,block_permutation,0.0,zero,1418,outer_03,elastic_net,142,2,51202940,5544
"[""cluster__4e7b6658b598876b""]",cluster__4e7b6658b598876b,block_permutation,0.0,zero,1418,outer_03,elastic_net,142,3,51202941,5544
"[""cluster__4e7b6658b598876b""]",cluster__4e7b6658b598876b,block_permutation,0.0,zero,1418,outer_03,elastic_net,142,4,51202942,5544
"[""cluster__4e7b6658b598876b""]",cluster__4e7b6658b598876b,block_permutation,0.0,zero,1418,outer_03,elastic_net,142,5,51202943,5544
"[""cluster__4e7b6658b598876b""]",cluster__4e7b6658b598876b,block_permutation,0.0,zero,1418,outer_03,elastic_net,142,6,51202944,5544
"[""cluster__4e7b6658b598876b""]",cluster__4e7b6658b598876b,block_permutation,0.0,zero,1418,outer_03,elastic_net,142,7,51202945,5544
"[""cluster__4e7b6658b598876b""]",cluster__4e7b6658b598876b,block_permutation,0.0,zero,1418,outer_03,elastic_net,142,8,51202946,5544
"[""cluster__4e7b6658b598876b""]",cluster__4e7b6658b598876b,block_permutation,0.0,zero,1418,outer_03,elastic_net,142,9,51202947,5544
"[""cluster__4f2f17103c6e4b0f""]",cluster__4f2f17103c6e4b0f,block_permutation,-0.0003126176414577353,negative,1418,outer_03,elastic_net,142,0,51202948,5544
"[""cluster__4f2f17103c6e4b0f""]",cluster__4f2f17103c6e4b0f,block_permutation,0.0004418555037735139,positive,1418,outer_03,elastic_net,142,1,51202949,5544
"[""cluster__4f2f17103c6e4b0f""]",cluster__4f2f17103c6e4b0f,block_permutation,0.0001578628397377324,positive,1418,outer_03,elastic_net,142,2,51202950,5544
"[""cluster__4f2f17103c6e4b0f""]",cluster__4f2f17103c6e4b0f,block_permutation,0.0006813999592172326,positive,1418,outer_03,elastic_net,142,3,51202951,5544
"[""cluster__4f2f17103c6e4b0f""]",cluster__4f2f17103c6e4b0f,block_permutation,-0.0006556279330079962,negative,1418,outer_03,elastic_net,142,4,51202952,5544
"[""cluster__4f2f17103c6e4b0f""]",cluster__4f2f17103c6e4b0f,block_permutation,0.0006730640072217797,positive,1418,outer_03,elastic_net,142,5,51202953,5544
"[""cluster__4f2f17103c6e4b0f""]",cluster__4f2f17103c6e4b0f,block_permutation,-0.00019854811103436898,negative,1418,outer_03,elastic_net,142,6,51202954,5544
"[""cluster__4f2f17103c6e4b0f""]",cluster__4f2f17103c6e4b0f,block_permutation,-5.9716469263726424e-05,negative,1418,outer_03,elastic_net,142,7,51202955,5544
"[""cluster__4f2f17103c6e4b0f""]",cluster__4f2f17103c6e4b0f,block_permutation,-0.0006325183050522876,negative,1418,outer_03,elastic_net,142,8,51202956,5544
"[""cluster__4f2f17103c6e4b0f""]",cluster__4f2f17103c6e4b0f,block_permutation,-0.00019052767035865337,negative,1418,outer_03,elastic_net,142,9,51202957,5544
"[""cluster__5a65732a4a4ff188""]",cluster__5a65732a4a4ff188,block_permutation,0.0,zero,1418,outer_03,elastic_net,142,0,51202958,5544
"[""cluster__5a65732a4a4ff188""]",cluster__5a65732a4a4ff188,block_permutation,0.0,zero,1418,outer_03,elastic_net,142,1,51202959,5544
"[""cluster__5a65732a4a4ff188""]",cluster__5a65732a4a4ff188,block_permutation,0.0,zero,1418,outer_03,elastic_net,142,2,51202960,5544
"[""cluster__5a65732a4a4ff188""]",cluster__5a65732a4a4ff188,block_permutation,0.0,zero,1418,outer_03,elastic_net,142,3,51202961,5544
"[""cluster__5a65732a4a4ff188""]",cluster__5a65732a4a4ff188,block_permutation,0.0,zero,1418,outer_03,elastic_net,142,4,51202962,5544
"[""cluster__5a65732a4a4ff188""]",cluster__5a65732a4a4ff188,block_permutation,0.0,zero,1418,outer_03,elastic_net,142,5,51202963,5544
"[""cluster__5a65732a4a4ff188""]",cluster__5a65732a4a4ff188,block_permutation,0.0,zero,1418,outer_03,elastic_net,142,6,51202964,5544
"[""cluster__5a65732a4a4ff188""]",cluster__5a65732a4a4ff188,block_permutation,0.0,zero,1418,outer_03,elastic_net,142,7,51202965,5544
"[""cluster__5a65732a4a4ff188""]",cluster__5a65732a4a4ff188,block_permutation,0.0,zero,1418,outer_03,elastic_net,142,8,51202966,5544
"[""cluster__5a65732a4a4ff188""]",cluster__5a65732a4a4ff188,block_permutation,0.0,zero,1418,outer_03,elastic_net,142,9,51202967,5544
"[""cluster__5c7bb033aa35772f""]",cluster__5c7bb033aa35772f,block_permutation,0.0,zero,1418,outer_03,elastic_net,142,0,51202968,5544
"[""cluster__5c7bb033aa35772f""]",cluster__5c7bb033aa35772f,block_permutation,0.0,zero,1418,outer_03,elastic_net,142,1,51202969,5544
"[""cluster__5c7bb033aa35772f""]",cluster__5c7bb033aa35772f,block_permutation,0.0,zero,1418,outer_03,elastic_net,142,2,51202970,5544
"[""cluster__5c7bb033aa35772f""]",cluster__5c7bb033aa35772f,block_permutation,0.0,zero,1418,outer_03,elastic_net,142,3,51202971,5544
"[""cluster__5c7bb033aa35772f""]",cluster__5c7bb033aa35772f,block_permutation,0.0,zero,1418,outer_03,elastic_net,142,4,51202972,5544
"[""cluster__5c7bb033aa35772f""]",cluster__5c7bb033aa35772f,block_permutation,0.0,zero,1418,outer_03,elastic_net,142,5,51202973,5544
"[""cluster__5c7bb033aa35772f""]",cluster__5c7bb033aa35772f,block_permutation,0.0,zero,1418,outer_03,elastic_net,142,6,51202974,5544
"[""cluster__5c7bb033aa35772f""]",cluster__5c7bb033aa35772f,block_permutation,0.0,zero,1418,outer_03,elastic_net,142,7,51202975,5544
"[""cluster__5c7bb033aa35772f""]",cluster__5c7bb033aa35772f,block_permutation,0.0,zero,1418,outer_03,elastic_net,142,8,51202976,5544
"[""cluster__5c7bb033aa35772f""]",cluster__5c7bb033aa35772f,block_permutation,0.0,zero,1418,outer_03,elastic_net,142,9,51202977,5544
"[""cluster__638294e28a507a16""]",cluster__638294e28a507a16,block_permutation,0.0,zero,1418,outer_03,elastic_net,142,0,51202978,5544
"[""cluster__638294e28a507a16""]",cluster__638294e28a507a16,block_permutation,0.0,zero,1418,outer_03,elastic_net,142,1,51202979,5544
"[""cluster__638294e28a507a16""]",cluster__638294e28a507a16,block_permutation,0.0,zero,1418,outer_03,elastic_net,142,2,51202980,5544
"[""cluster__638294e28a507a16""]",cluster__638294e28a507a16,block_permutation,0.0,zero,1418,outer_03,elastic_net,142,3,51202981,5544
"[""cluster__638294e28a507a16""]",cluster__638294e28a507a16,block_permutation,0.0,zero,1418,outer_03,elastic_net,142,4,51202982,5544
"[""cluster__638294e28a507a16""]",cluster__638294e28a507a16,block_permutation,0.0,zero,1418,outer_03,elastic_net,142,5,51202983,5544
"[""cluster__638294e28a507a16""]",cluster__638294e28a507a16,block_permutation,0.0,zero,1418,outer_03,elastic_net,142,6,51202984,5544
"[""cluster__638294e28a507a16""]",cluster__638294e28a507a16,block_permutation,0.0,zero,1418,outer_03,elastic_net,142,7,51202985,5544
"[""cluster__638294e28a507a16""]",cluster__638294e28a507a16,block_permutation,0.0,zero,1418,outer_03,elastic_net,142,8,51202986,5544
"[""cluster__638294e28a507a16""]",cluster__638294e28a507a16,block_permutation,0.0,zero,1418,outer_03,elastic_net,142,9,51202987,5544
"[""cluster__6567e1495fb81e67""]",cluster__6567e1495fb81e67,block_permutation,0.0,zero,1418,outer_03,elastic_net,142,0,51202988,5544
"[""cluster__6567e1495fb81e67""]",cluster__6567e1495fb81e67,block_permutation,0.0,zero,1418,outer_03,elastic_net,142,1,51202989,5544
"[""cluster__6567e1495fb81e67""]",cluster__6567e1495fb81e67,block_permutation,0.0,zero,1418,outer_03,elastic_net,142,2,51202990,5544
"[""cluster__6567e1495fb81e67""]",cluster__6567e1495fb81e67,block_permutation,0.0,zero,1418,outer_03,elastic_net,142,3,51202991,5544
"[""cluster__6567e1495fb81e67""]",cluster__6567e1495fb81e67,block_permutation,0.0,zero,1418,outer_03,elastic_net,142,4,51202992,5544
"[""cluster__6567e1495fb81e67""]",cluster__6567e1495fb81e67,block_permutation,0.0,zero,1418,outer_03,elastic_net,142,5,51202993,5544
"[""cluster__6567e1495fb81e67""]",cluster__6567e1495fb81e67,block_permutation,0.0,zero,1418,outer_03,elastic_net,142,6,51202994,5544
"[""cluster__6567e1495fb81e67""]",cluster__6567e1495fb81e67,block_permutation,0.0,zero,1418,outer_03,elastic_net,142,7,51202995,5544
"[""cluster__6567e1495fb81e67""]",cluster__6567e1495fb81e67,block_permutation,0.0,zero,1418,outer_03,elastic_net,142,8,51202996,5544
"[""cluster__6567e1495fb81e67""]",cluster__6567e1495fb81e67,block_permutation,0.0,zero,1418,outer_03,elastic_net,142,9,51202997,5544
"[""cluster__6712d3b7bf51390b""]",cluster__6712d3b7bf51390b,block_permutation,0.0,zero,1418,outer_03,elastic_net,142,0,51202998,5544
"[""cluster__6712d3b7bf51390b""]",cluster__6712d3b7bf51390b,block_permutation,0.0,zero,1418,outer_03,elastic_net,142,1,51202999,5544
"[""cluster__6712d3b7bf51390b""]",cluster__6712d3b7bf51390b,block_permutation,0.0,zero,1418,outer_03,elastic_net,142,2,51203000,5544
"[""cluster__6712d3b7bf51390b""]",cluster__6712d3b7bf51390b,block_permutation,0.0,zero,1418,outer_03,elastic_net,142,3,51203001,5544
"[""cluster__6712d3b7bf51390b""]",cluster__6712d3b7bf51390b,block_permutation,0.0,zero,1418,outer_03,elastic_net,142,4,51203002,5544
"[""cluster__6712d3b7bf51390b""]",cluster__6712d3b7bf51390b,block_permutation,0.0,zero,1418,outer_03,elastic_net,142,5,51203003,5544
"[""cluster__6712d3b7bf51390b""]",cluster__6712d3b7bf51390b,block_permutation,0.0,zero,1418,outer_03,elastic_net,142,6,51203004,5544
"[""cluster__6712d3b7bf51390b""]",cluster__6712d3b7bf51390b,block_permutation,0.0,zero,1418,outer_03,elastic_net,142,7,51203005,5544
"[""cluster__6712d3b7bf51390b""]",cluster__6712d3b7bf51390b,block_permutation,0.0,zero,1418,outer_03,elastic_net,142,8,51203006,5544
"[""cluster__6712d3b7bf51390b""]",cluster__6712d3b7bf51390b,block_permutation,0.0,zero,1418,outer_03,elastic_net,142,9,51203007,5544
"[""cluster__69905f0e3a72c606""]",cluster__69905f0e3a72c606,block_permutation,-3.051769134831961e-05,negative,1418,outer_03,elastic_net,142,0,51203008,5544
"[""cluster__69905f0e3a72c606""]",cluster__69905f0e3a72c606,block_permutation,6.744855317952769e-05,positive,1418,outer_03,elastic_net,142,1,51203009,5544
"[""cluster__69905f0e3a72c606""]",cluster__69905f0e3a72c606,block_permutation,0.00024641646418632757,positive,1418,outer_03,elastic_net,142,2,51203010,5544
"[""cluster__69905f0e3a72c606""]",cluster__69905f0e3a72c606,block_permutation,-0.000497152484881247,negative,1418,outer_03,elastic_net,142,3,51203011,5544
"[""cluster__69905f0e3a72c606""]",cluster__69905f0e3a72c606,block_permutation,-3.452257857439189e-05,negative,1418,outer_03,elastic_net,142,4,51203012,5544
"[""cluster__69905f0e3a72c606""]",cluster__69905f0e3a72c606,block_permutation,0.00021210124646953155,positive,1418,outer_03,elastic_net,142,5,51203013,5544
"[""cluster__69905f0e3a72c606""]",cluster__69905f0e3a72c606,block_permutation,-3.650316419256949e-05,negative,1418,outer_03,elastic_net,142,6,51203014,5544
"[""cluster__69905f0e3a72c606""]",cluster__69905f0e3a72c606,block_permutation,2.268630167900909e-05,positive,1418,outer_03,elastic_net,142,7,51203015,5544
"[""cluster__69905f0e3a72c606""]",cluster__69905f0e3a72c606,block_permutation,-5.7398546494225045e-05,negative,1418,outer_03,elastic_net,142,8,51203016,5544
"[""cluster__69905f0e3a72c606""]",cluster__69905f0e3a72c606,block_permutation,0.00031330417727359894,positive,1418,outer_03,elastic_net,142,9,51203017,5544
"[""cluster__6a9c460c39dcad34""]",cluster__6a9c460c39dcad34,block_permutation,0.0,zero,1418,outer_03,elastic_net,142,0,51203018,5544
"[""cluster__6a9c460c39dcad34""]",cluster__6a9c460c39dcad34,block_permutation,0.0,zero,1418,outer_03,elastic_net,142,1,51203019,5544
"[""cluster__6a9c460c39dcad34""]",cluster__6a9c460c39dcad34,block_permutation,0.0,zero,1418,outer_03,elastic_net,142,2,51203020,5544
"[""cluster__6a9c460c39dcad34""]",cluster__6a9c460c39dcad34,block_permutation,0.0,zero,1418,outer_03,elastic_net,142,3,51203021,5544
"[""cluster__6a9c460c39dcad34""]",cluster__6a9c460c39dcad34,block_permutation,0.0,zero,1418,outer_03,elastic_net,142,4,51203022,5544
"[""cluster__6a9c460c39dcad34""]",cluster__6a9c460c39dcad34,block_permutation,0.0,zero,1418,outer_03,elastic_net,142,5,51203023,5544
"[""cluster__6a9c460c39dcad34""]",cluster__6a9c460c39dcad34,block_permutation,0.0,zero,1418,outer_03,elastic_net,142,6,51203024,5544
"[""cluster__6a9c460c39dcad34""]",cluster__6a9c460c39dcad34,block_permutation,0.0,zero,1418,outer_03,elastic_net,142,7,51203025,5544
"[""cluster__6a9c460c39dcad34""]",cluster__6a9c460c39dcad34,block_permutation,0.0,zero,1418,outer_03,elastic_net,142,8,51203026,5544
"[""cluster__6a9c460c39dcad34""]",cluster__6a9c460c39dcad34,block_permutation,0.0,zero,1418,outer_03,elastic_net,142,9,51203027,5544
"[""cluster__71c4d932236b3eeb""]",cluster__71c4d932236b3eeb,block_permutation,0.0,zero,1418,outer_03,elastic_net,142,0,51203028,5544
"[""cluster__71c4d932236b3eeb""]",cluster__71c4d932236b3eeb,block_permutation,0.0,zero,1418,outer_03,elastic_net,142,1,51203029,5544
"[""cluster__71c4d932236b3eeb""]",cluster__71c4d932236b3eeb,block_permutation,0.0,zero,1418,outer_03,elastic_net,142,2,51203030,5544
"[""cluster__71c4d932236b3eeb""]",cluster__71c4d932236b3eeb,block_permutation,0.0,zero,1418,outer_03,elastic_net,142,3,51203031,5544
"[""cluster__71c4d932236b3eeb""]",cluster__71c4d932236b3eeb,block_permutation,0.0,zero,1418,outer_03,elastic_net,142,4,51203032,5544
"[""cluster__71c4d932236b3eeb""]",cluster__71c4d932236b3eeb,block_permutation,0.0,zero,1418,outer_03,elastic_net,142,5,51203033,5544
"[""cluster__71c4d932236b3eeb""]",cluster__71c4d932236b3eeb,block_permutation,0.0,zero,1418,outer_03,elastic_net,142,6,51203034,5544
"[""cluster__71c4d932236b3eeb""]",cluster__71c4d932236b3eeb,block_permutation,0.0,zero,1418,outer_03,elastic_net,142,7,51203035,5544
"[""cluster__71c4d932236b3eeb""]",cluster__71c4d932236b3eeb,block_permutation,0.0,zero,1418,outer_03,elastic_net,142,8,51203036,5544
"[""cluster__71c4d932236b3eeb""]",cluster__71c4d932236b3eeb,block_permutation,0.0,zero,1418,outer_03,elastic_net,142,9,51203037,5544
"[""cluster__724520f09acc991f""]",cluster__724520f09acc991f,block_permutation,0.0009489846439633132,positive,1418,outer_03,elastic_net,142,0,51203038,5544
"[""cluster__724520f09acc991f""]",cluster__724520f09acc991f,block_permutation,0.006028234452976844,positive,1418,outer_03,elastic_net,142,1,51203039,5544
"[""cluster__724520f09acc991f""]",cluster__724520f09acc991f,block_permutation,0.0007769811539332094,positive,1418,outer_03,elastic_net,142,2,51203040,5544
"[""cluster__724520f09acc991f""]",cluster__724520f09acc991f,block_permutation,-0.0013440728515149436,negative,1418,outer_03,elastic_net,142,3,51203041,5544
"[""cluster__724520f09acc991f""]",cluster__724520f09acc991f,block_permutation,0.0007085314473488369,positive,1418,outer_03,elastic_net,142,4,51203042,5544
"[""cluster__724520f09acc991f""]",cluster__724520f09acc991f,block_permutation,0.004339461798823607,positive,1418,outer_03,elastic_net,142,5,51203043,5544
"[""cluster__724520f09acc991f""]",cluster__724520f09acc991f,block_permutation,0.0002655508525009065,positive,1418,outer_03,elastic_net,142,6,51203044,5544
"[""cluster__724520f09acc991f""]",cluster__724520f09acc991f,block_permutation,-0.0051698501774225525,negative,1418,outer_03,elastic_net,142,7,51203045,5544
"[""cluster__724520f09acc991f""]",cluster__724520f09acc991f,block_permutation,0.0025613691777314207,positive,1418,outer_03,elastic_net,142,8,51203046,5544
"[""cluster__724520f09acc991f""]",cluster__724520f09acc991f,block_permutation,0.0029201608243902832,positive,1418,outer_03,elastic_net,142,9,51203047,5544
"[""cluster__7533afca12d5c845""]",cluster__7533afca12d5c845,block_permutation,0.0,zero,1418,outer_03,elastic_net,142,0,51203048,5544
"[""cluster__7533afca12d5c845""]",cluster__7533afca12d5c845,block_permutation,0.0,zero,1418,outer_03,elastic_net,142,1,51203049,5544
"[""cluster__7533afca12d5c845""]",cluster__7533afca12d5c845,block_permutation,0.0,zero,1418,outer_03,elastic_net,142,2,51203050,5544
"[""cluster__7533afca12d5c845""]",cluster__7533afca12d5c845,block_permutation,0.0,zero,1418,outer_03,elastic_net,142,3,51203051,5544
"[""cluster__7533afca12d5c845""]",cluster__7533afca12d5c845,block_permutation,0.0,zero,1418,outer_03,elastic_net,142,4,51203052,5544
"[""cluster__7533afca12d5c845""]",cluster__7533afca12d5c845,block_permutation,0.0,zero,1418,outer_03,elastic_net,142,5,51203053,5544
"[""cluster__7533afca12d5c845""]",cluster__7533afca12d5c845,block_permutation,0.0,zero,1418,outer_03,elastic_net,142,6,51203054,5544
"[""cluster__7533afca12d5c845""]",cluster__7533afca12d5c845,block_permutation,0.0,zero,1418,outer_03,elastic_net,142,7,51203055,5544
"[""cluster__7533afca12d5c845""]",cluster__7533afca12d5c845,block_permutation,0.0,zero,1418,outer_03,elastic_net,142,8,51203056,5544
"[""cluster__7533afca12d5c845""]",cluster__7533afca12d5c845,block_permutation,0.0,zero,1418,outer_03,elastic_net,142,9,51203057,5544
"[""cluster__75ae125737df1102""]",cluster__75ae125737df1102,block_permutation,0.0,zero,1418,outer_03,elastic_net,142,0,51203058,5544
"[""cluster__75ae125737df1102""]",cluster__75ae125737df1102,block_permutation,0.0,zero,1418,outer_03,elastic_net,142,1,51203059,5544
"[""cluster__75ae125737df1102""]",cluster__75ae125737df1102,block_permutation,0.0,zero,1418,outer_03,elastic_net,142,2,51203060,5544
"[""cluster__75ae125737df1102""]",cluster__75ae125737df1102,block_permutation,0.0,zero,1418,outer_03,elastic_net,142,3,51203061,5544
"[""cluster__75ae125737df1102""]",cluster__75ae125737df1102,block_permutation,0.0,zero,1418,outer_03,elastic_net,142,4,51203062,5544
"[""cluster__75ae125737df1102""]",cluster__75ae125737df1102,block_permutation,0.0,zero,1418,outer_03,elastic_net,142,5,51203063,5544
"[""cluster__75ae125737df1102""]",cluster__75ae125737df1102,block_permutation,0.0,zero,1418,outer_03,elastic_net,142,6,51203064,5544
"[""cluster__75ae125737df1102""]",cluster__75ae125737df1102,block_permutation,0.0,zero,1418,outer_03,elastic_net,142,7,51203065,5544
"[""cluster__75ae125737df1102""]",cluster__75ae125737df1102,block_permutation,0.0,zero,1418,outer_03,elastic_net,142,8,51203066,5544
"[""cluster__75ae125737df1102""]",cluster__75ae125737df1102,block_permutation,0.0,zero,1418,outer_03,elastic_net,142,9,51203067,5544
"[""cluster__773984b00b5c1f1c""]",cluster__773984b00b5c1f1c,block_permutation,0.0,zero,1418,outer_03,elastic_net,142,0,51203068,5544
"[""cluster__773984b00b5c1f1c""]",cluster__773984b00b5c1f1c,block_permutation,0.0,zero,1418,outer_03,elastic_net,142,1,51203069,5544
"[""cluster__773984b00b5c1f1c""]",cluster__773984b00b5c1f1c,block_permutation,0.0,zero,1418,outer_03,elastic_net,142,2,51203070,5544
"[""cluster__773984b00b5c1f1c""]",cluster__773984b00b5c1f1c,block_permutation,0.0,zero,1418,outer_03,elastic_net,142,3,51203071,5544
"[""cluster__773984b00b5c1f1c""]",cluster__773984b00b5c1f1c,block_permutation,0.0,zero,1418,outer_03,elastic_net,142,4,51203072,5544
"[""cluster__773984b00b5c1f1c""]",cluster__773984b00b5c1f1c,block_permutation,0.0,zero,1418,outer_03,elastic_net,142,5,51203073,5544
"[""cluster__773984b00b5c1f1c""]",cluster__773984b00b5c1f1c,block_permutation,0.0,zero,1418,outer_03,elastic_net,142,6,51203074,5544
"[""cluster__773984b00b5c1f1c""]",cluster__773984b00b5c1f1c,block_permutation,0.0,zero,1418,outer_03,elastic_net,142,7,51203075,5544
"[""cluster__773984b00b5c1f1c""]",cluster__773984b00b5c1f1c,block_permutation,0.0,zero,1418,outer_03,elastic_net,142,8,51203076,5544
"[""cluster__773984b00b5c1f1c""]",cluster__773984b00b5c1f1c,block_permutation,0.0,zero,1418,outer_03,elastic_net,142,9,51203077,5544
"[""cluster__7cc2e09b9a932b39""]",cluster__7cc2e09b9a932b39,block_permutation,0.0,zero,1418,outer_03,elastic_net,142,0,51203078,5544
"[""cluster__7cc2e09b9a932b39""]",cluster__7cc2e09b9a932b39,block_permutation,0.0,zero,1418,outer_03,elastic_net,142,1,51203079,5544
"[""cluster__7cc2e09b9a932b39""]",cluster__7cc2e09b9a932b39,block_permutation,0.0,zero,1418,outer_03,elastic_net,142,2,51203080,5544
"[""cluster__7cc2e09b9a932b39""]",cluster__7cc2e09b9a932b39,block_permutation,0.0,zero,1418,outer_03,elastic_net,142,3,51203081,5544
"[""cluster__7cc2e09b9a932b39""]",cluster__7cc2e09b9a932b39,block_permutation,0.0,zero,1418,outer_03,elastic_net,142,4,51203082,5544
"[""cluster__7cc2e09b9a932b39""]",cluster__7cc2e09b9a932b39,block_permutation,0.0,zero,1418,outer_03,elastic_net,142,5,51203083,5544
"[""cluster__7cc2e09b9a932b39""]",cluster__7cc2e09b9a932b39,block_permutation,0.0,zero,1418,outer_03,elastic_net,142,6,51203084,5544
"[""cluster__7cc2e09b9a932b39""]",cluster__7cc2e09b9a932b39,block_permutation,0.0,zero,1418,outer_03,elastic_net,142,7,51203085,5544
"[""cluster__7cc2e09b9a932b39""]",cluster__7cc2e09b9a932b39,block_permutation,0.0,zero,1418,outer_03,elastic_net,142,8,51203086,5544
"[""cluster__7cc2e09b9a932b39""]",cluster__7cc2e09b9a932b39,block_permutation,0.0,zero,1418,outer_03,elastic_net,142,9,51203087,5544
"[""cluster__84da565ba8281d2a""]",cluster__84da565ba8281d2a,block_permutation,0.0,zero,1418,outer_03,elastic_net,142,0,51203088,5544
"[""cluster__84da565ba8281d2a""]",cluster__84da565ba8281d2a,block_permutation,0.0,zero,1418,outer_03,elastic_net,142,1,51203089,5544
"[""cluster__84da565ba8281d2a""]",cluster__84da565ba8281d2a,block_permutation,0.0,zero,1418,outer_03,elastic_net,142,2,51203090,5544
"[""cluster__84da565ba8281d2a""]",cluster__84da565ba8281d2a,block_permutation,0.0,zero,1418,outer_03,elastic_net,142,3,51203091,5544
"[""cluster__84da565ba8281d2a""]",cluster__84da565ba8281d2a,block_permutation,0.0,zero,1418,outer_03,elastic_net,142,4,51203092,5544
"[""cluster__84da565ba8281d2a""]",cluster__84da565ba8281d2a,block_permutation,0.0,zero,1418,outer_03,elastic_net,142,5,51203093,5544
"[""cluster__84da565ba8281d2a""]",cluster__84da565ba8281d2a,block_permutation,0.0,zero,1418,outer_03,elastic_net,142,6,51203094,5544
"[""cluster__84da565ba8281d2a""]",cluster__84da565ba8281d2a,block_permutation,0.0,zero,1418,outer_03,elastic_net,142,7,51203095,5544
"[""cluster__84da565ba8281d2a""]",cluster__84da565ba8281d2a,block_permutation,0.0,zero,1418,outer_03,elastic_net,142,8,51203096,5544
"[""cluster__84da565ba8281d2a""]",cluster__84da565ba8281d2a,block_permutation,0.0,zero,1418,outer_03,elastic_net,142,9,51203097,5544
"[""cluster__87f626d156f0ac67""]",cluster__87f626d156f0ac67,block_permutation,0.001245906991059198,positive,1418,outer_03,elastic_net,142,0,51203098,5544
"[""cluster__87f626d156f0ac67""]",cluster__87f626d156f0ac67,block_permutation,0.004737731488676511,positive,1418,outer_03,elastic_net,142,1,51203099,5544
"[""cluster__87f626d156f0ac67""]",cluster__87f626d156f0ac67,block_permutation,0.000307361239505366,positive,1418,outer_03,elastic_net,142,2,51203100,5544
"[""cluster__87f626d156f0ac67""]",cluster__87f626d156f0ac67,block_permutation,0.008313157527942039,positive,1418,outer_03,elastic_net,142,3,51203101,5544
"[""cluster__87f626d156f0ac67""]",cluster__87f626d156f0ac67,block_permutation,0.003173956406658629,positive,1418,outer_03,elastic_net,142,4,51203102,5544
"[""cluster__87f626d156f0ac67""]",cluster__87f626d156f0ac67,block_permutation,0.0010820512939072602,positive,1418,outer_03,elastic_net,142,5,51203103,5544
"[""cluster__87f626d156f0ac67""]",cluster__87f626d156f0ac67,block_permutation,0.00502939108879763,positive,1418,outer_03,elastic_net,142,6,51203104,5544
"[""cluster__87f626d156f0ac67""]",cluster__87f626d156f0ac67,block_permutation,0.0017867667777350382,positive,1418,outer_03,elastic_net,142,7,51203105,5544
"[""cluster__87f626d156f0ac67""]",cluster__87f626d156f0ac67,block_permutation,0.00463177222965605,positive,1418,outer_03,elastic_net,142,8,51203106,5544
"[""cluster__87f626d156f0ac67""]",cluster__87f626d156f0ac67,block_permutation,0.0037131898912133865,positive,1418,outer_03,elastic_net,142,9,51203107,5544
"[""cluster__8b57524bef0d2ebf""]",cluster__8b57524bef0d2ebf,block_permutation,-0.0005613644427565623,negative,1418,outer_03,elastic_net,142,0,51203108,5544
"[""cluster__8b57524bef0d2ebf""]",cluster__8b57524bef0d2ebf,block_permutation,-0.0028633553431884895,negative,1418,outer_03,elastic_net,142,1,51203109,5544
"[""cluster__8b57524bef0d2ebf""]",cluster__8b57524bef0d2ebf,block_permutation,-0.0009124866524110598,negative,1418,outer_03,elastic_net,142,2,51203110,5544
"[""cluster__8b57524bef0d2ebf""]",cluster__8b57524bef0d2ebf,block_permutation,-0.00029490210597049593,negative,1418,outer_03,elastic_net,142,3,51203111,5544
"[""cluster__8b57524bef0d2ebf""]",cluster__8b57524bef0d2ebf,block_permutation,0.005199663424828693,positive,1418,outer_03,elastic_net,142,4,51203112,5544
"[""cluster__8b57524bef0d2ebf""]",cluster__8b57524bef0d2ebf,block_permutation,0.007844329786914295,positive,1418,outer_03,elastic_net,142,5,51203113,5544
"[""cluster__8b57524bef0d2ebf""]",cluster__8b57524bef0d2ebf,block_permutation,0.005265226334344453,positive,1418,outer_03,elastic_net,142,6,51203114,5544
"[""cluster__8b57524bef0d2ebf""]",cluster__8b57524bef0d2ebf,block_permutation,0.01218121476235201,positive,1418,outer_03,elastic_net,142,7,51203115,5544
"[""cluster__8b57524bef0d2ebf""]",cluster__8b57524bef0d2ebf,block_permutation,0.008095066302336251,positive,1418,outer_03,elastic_net,142,8,51203116,5544
"[""cluster__8b57524bef0d2ebf""]",cluster__8b57524bef0d2ebf,block_permutation,0.008094526730397122,positive,1418,outer_03,elastic_net,142,9,51203117,5544
"[""cluster__8c29a8ea6225c377""]",cluster__8c29a8ea6225c377,block_permutation,0.0,zero,1418,outer_03,elastic_net,142,0,51203118,5544
"[""cluster__8c29a8ea6225c377""]",cluster__8c29a8ea6225c377,block_permutation,0.0,zero,1418,outer_03,elastic_net,142,1,51203119,5544
"[""cluster__8c29a8ea6225c377""]",cluster__8c29a8ea6225c377,block_permutation,0.0,zero,1418,outer_03,elastic_net,142,2,51203120,5544
"[""cluster__8c29a8ea6225c377""]",cluster__8c29a8ea6225c377,block_permutation,0.0,zero,1418,outer_03,elastic_net,142,3,51203121,5544
"[""cluster__8c29a8ea6225c377""]",cluster__8c29a8ea6225c377,block_permutation,0.0,zero,1418,outer_03,elastic_net,142,4,51203122,5544
"[""cluster__8c29a8ea6225c377""]",cluster__8c29a8ea6225c377,block_permutation,0.0,zero,1418,outer_03,elastic_net,142,5,51203123,5544
"[""cluster__8c29a8ea6225c377""]",cluster__8c29a8ea6225c377,block_permutation,0.0,zero,1418,outer_03,elastic_net,142,6,51203124,5544
"[""cluster__8c29a8ea6225c377""]",cluster__8c29a8ea6225c377,block_permutation,0.0,zero,1418,outer_03,elastic_net,142,7,51203125,5544
"[""cluster__8c29a8ea6225c377""]",cluster__8c29a8ea6225c377,block_permutation,0.0,zero,1418,outer_03,elastic_net,142,8,51203126,5544
"[""cluster__8c29a8ea6225c377""]",cluster__8c29a8ea6225c377,block_permutation,0.0,zero,1418,outer_03,elastic_net,142,9,51203127,5544
"[""cluster__8c9f8f99361a6fed""]",cluster__8c9f8f99361a6fed,block_permutation,0.0,zero,1418,outer_03,elastic_net,142,0,51203128,5544
"[""cluster__8c9f8f99361a6fed""]",cluster__8c9f8f99361a6fed,block_permutation,0.0,zero,1418,outer_03,elastic_net,142,1,51203129,5544
"[""cluster__8c9f8f99361a6fed""]",cluster__8c9f8f99361a6fed,block_permutation,0.0,zero,1418,outer_03,elastic_net,142,2,51203130,5544
"[""cluster__8c9f8f99361a6fed""]",cluster__8c9f8f99361a6fed,block_permutation,0.0,zero,1418,outer_03,elastic_net,142,3,51203131,5544
"[""cluster__8c9f8f99361a6fed""]",cluster__8c9f8f99361a6fed,block_permutation,0.0,zero,1418,outer_03,elastic_net,142,4,51203132,5544
"[""cluster__8c9f8f99361a6fed""]",cluster__8c9f8f99361a6fed,block_permutation,0.0,zero,1418,outer_03,elastic_net,142,5,51203133,5544
"[""cluster__8c9f8f99361a6fed""]",cluster__8c9f8f99361a6fed,block_permutation,0.0,zero,1418,outer_03,elastic_net,142,6,51203134,5544
"[""cluster__8c9f8f99361a6fed""]",cluster__8c9f8f99361a6fed,block_permutation,0.0,zero,1418,outer_03,elastic_net,142,7,51203135,5544
"[""cluster__8c9f8f99361a6fed""]",cluster__8c9f8f99361a6fed,block_permutation,0.0,zero,1418,outer_03,elastic_net,142,8,51203136,5544
"[""cluster__8c9f8f99361a6fed""]",cluster__8c9f8f99361a6fed,block_permutation,0.0,zero,1418,outer_03,elastic_net,142,9,51203137,5544
"[""cluster__959b637bd3bb66d4""]",cluster__959b637bd3bb66d4,block_permutation,0.0,zero,1418,outer_03,elastic_net,142,0,51203138,5544
"[""cluster__959b637bd3bb66d4""]",cluster__959b637bd3bb66d4,block_permutation,0.0,zero,1418,outer_03,elastic_net,142,1,51203139,5544
"[""cluster__959b637bd3bb66d4""]",cluster__959b637bd3bb66d4,block_permutation,0.0,zero,1418,outer_03,elastic_net,142,2,51203140,5544
"[""cluster__959b637bd3bb66d4""]",cluster__959b637bd3bb66d4,block_permutation,0.0,zero,1418,outer_03,elastic_net,142,3,51203141,5544
"[""cluster__959b637bd3bb66d4""]",cluster__959b637bd3bb66d4,block_permutation,0.0,zero,1418,outer_03,elastic_net,142,4,51203142,5544
"[""cluster__959b637bd3bb66d4""]",cluster__959b637bd3bb66d4,block_permutation,0.0,zero,1418,outer_03,elastic_net,142,5,51203143,5544
"[""cluster__959b637bd3bb66d4""]",cluster__959b637bd3bb66d4,block_permutation,0.0,zero,1418,outer_03,elastic_net,142,6,51203144,5544
"[""cluster__959b637bd3bb66d4""]",cluster__959b637bd3bb66d4,block_permutation,0.0,zero,1418,outer_03,elastic_net,142,7,51203145,5544
"[""cluster__959b637bd3bb66d4""]",cluster__959b637bd3bb66d4,block_permutation,0.0,zero,1418,outer_03,elastic_net,142,8,51203146,5544
"[""cluster__959b637bd3bb66d4""]",cluster__959b637bd3bb66d4,block_permutation,0.0,zero,1418,outer_03,elastic_net,142,9,51203147,5544
"[""cluster__962c08b556b1c862""]",cluster__962c08b556b1c862,block_permutation,0.0,zero,1418,outer_03,elastic_net,142,0,51203148,5544
"[""cluster__962c08b556b1c862""]",cluster__962c08b556b1c862,block_permutation,0.0,zero,1418,outer_03,elastic_net,142,1,51203149,5544
"[""cluster__962c08b556b1c862""]",cluster__962c08b556b1c862,block_permutation,0.0,zero,1418,outer_03,elastic_net,142,2,51203150,5544
"[""cluster__962c08b556b1c862""]",cluster__962c08b556b1c862,block_permutation,0.0,zero,1418,outer_03,elastic_net,142,3,51203151,5544
"[""cluster__962c08b556b1c862""]",cluster__962c08b556b1c862,block_permutation,0.0,zero,1418,outer_03,elastic_net,142,4,51203152,5544
"[""cluster__962c08b556b1c862""]",cluster__962c08b556b1c862,block_permutation,0.0,zero,1418,outer_03,elastic_net,142,5,51203153,5544
"[""cluster__962c08b556b1c862""]",cluster__962c08b556b1c862,block_permutation,0.0,zero,1418,outer_03,elastic_net,142,6,51203154,5544
"[""cluster__962c08b556b1c862""]",cluster__962c08b556b1c862,block_permutation,0.0,zero,1418,outer_03,elastic_net,142,7,51203155,5544
"[""cluster__962c08b556b1c862""]",cluster__962c08b556b1c862,block_permutation,0.0,zero,1418,outer_03,elastic_net,142,8,51203156,5544
"[""cluster__962c08b556b1c862""]",cluster__962c08b556b1c862,block_permutation,0.0,zero,1418,outer_03,elastic_net,142,9,51203157,5544
"[""cluster__9ca9e2709e5c747a""]",cluster__9ca9e2709e5c747a,block_permutation,0.0,zero,1418,outer_03,elastic_net,142,0,51203158,5544
"[""cluster__9ca9e2709e5c747a""]",cluster__9ca9e2709e5c747a,block_permutation,0.0,zero,1418,outer_03,elastic_net,142,1,51203159,5544
"[""cluster__9ca9e2709e5c747a""]",cluster__9ca9e2709e5c747a,block_permutation,0.0,zero,1418,outer_03,elastic_net,142,2,51203160,5544
"[""cluster__9ca9e2709e5c747a""]",cluster__9ca9e2709e5c747a,block_permutation,0.0,zero,1418,outer_03,elastic_net,142,3,51203161,5544
"[""cluster__9ca9e2709e5c747a""]",cluster__9ca9e2709e5c747a,block_permutation,0.0,zero,1418,outer_03,elastic_net,142,4,51203162,5544
"[""cluster__9ca9e2709e5c747a""]",cluster__9ca9e2709e5c747a,block_permutation,0.0,zero,1418,outer_03,elastic_net,142,5,51203163,5544
"[""cluster__9ca9e2709e5c747a""]",cluster__9ca9e2709e5c747a,block_permutation,0.0,zero,1418,outer_03,elastic_net,142,6,51203164,5544
"[""cluster__9ca9e2709e5c747a""]",cluster__9ca9e2709e5c747a,block_permutation,0.0,zero,1418,outer_03,elastic_net,142,7,51203165,5544
"[""cluster__9ca9e2709e5c747a""]",cluster__9ca9e2709e5c747a,block_permutation,0.0,zero,1418,outer_03,elastic_net,142,8,51203166,5544
"[""cluster__9ca9e2709e5c747a""]",cluster__9ca9e2709e5c747a,block_permutation,0.0,zero,1418,outer_03,elastic_net,142,9,51203167,5544
"[""cluster__a1e835b95b16e9e9""]",cluster__a1e835b95b16e9e9,block_permutation,0.0,zero,1418,outer_03,elastic_net,142,0,51203168,5544
"[""cluster__a1e835b95b16e9e9""]",cluster__a1e835b95b16e9e9,block_permutation,0.0,zero,1418,outer_03,elastic_net,142,1,51203169,5544
"[""cluster__a1e835b95b16e9e9""]",cluster__a1e835b95b16e9e9,block_permutation,0.0,zero,1418,outer_03,elastic_net,142,2,51203170,5544
"[""cluster__a1e835b95b16e9e9""]",cluster__a1e835b95b16e9e9,block_permutation,0.0,zero,1418,outer_03,elastic_net,142,3,51203171,5544
"[""cluster__a1e835b95b16e9e9""]",cluster__a1e835b95b16e9e9,block_permutation,0.0,zero,1418,outer_03,elastic_net,142,4,51203172,5544
"[""cluster__a1e835b95b16e9e9""]",cluster__a1e835b95b16e9e9,block_permutation,0.0,zero,1418,outer_03,elastic_net,142,5,51203173,5544
"[""cluster__a1e835b95b16e9e9""]",cluster__a1e835b95b16e9e9,block_permutation,0.0,zero,1418,outer_03,elastic_net,142,6,51203174,5544
"[""cluster__a1e835b95b16e9e9""]",cluster__a1e835b95b16e9e9,block_permutation,0.0,zero,1418,outer_03,elastic_net,142,7,51203175,5544
"[""cluster__a1e835b95b16e9e9""]",cluster__a1e835b95b16e9e9,block_permutation,0.0,zero,1418,outer_03,elastic_net,142,8,51203176,5544
"[""cluster__a1e835b95b16e9e9""]",cluster__a1e835b95b16e9e9,block_permutation,0.0,zero,1418,outer_03,elastic_net,142,9,51203177,5544
"[""cluster__a59fb5db9f4fd3e0""]",cluster__a59fb5db9f4fd3e0,block_permutation,0.004884708109660574,positive,1418,outer_03,elastic_net,142,0,51203178,5544
"[""cluster__a59fb5db9f4fd3e0""]",cluster__a59fb5db9f4fd3e0,block_permutation,0.006863828244968562,positive,1418,outer_03,elastic_net,142,1,51203179,5544
"[""cluster__a59fb5db9f4fd3e0""]",cluster__a59fb5db9f4fd3e0,block_permutation,0.01300134727413782,positive,1418,outer_03,elastic_net,142,2,51203180,5544
"[""cluster__a59fb5db9f4fd3e0""]",cluster__a59fb5db9f4fd3e0,block_permutation,0.006946205653221571,positive,1418,outer_03,elastic_net,142,3,51203181,5544
"[""cluster__a59fb5db9f4fd3e0""]",cluster__a59fb5db9f4fd3e0,block_permutation,0.0014668560837186595,positive,1418,outer_03,elastic_net,142,4,51203182,5544
"[""cluster__a59fb5db9f4fd3e0""]",cluster__a59fb5db9f4fd3e0,block_permutation,0.004458791857330224,positive,1418,outer_03,elastic_net,142,5,51203183,5544
"[""cluster__a59fb5db9f4fd3e0""]",cluster__a59fb5db9f4fd3e0,block_permutation,0.010772351038494166,positive,1418,outer_03,elastic_net,142,6,51203184,5544
"[""cluster__a59fb5db9f4fd3e0""]",cluster__a59fb5db9f4fd3e0,block_permutation,0.01066711890973937,positive,1418,outer_03,elastic_net,142,7,51203185,5544
"[""cluster__a59fb5db9f4fd3e0""]",cluster__a59fb5db9f4fd3e0,block_permutation,-0.0007746731579250099,negative,1418,outer_03,elastic_net,142,8,51203186,5544
"[""cluster__a59fb5db9f4fd3e0""]",cluster__a59fb5db9f4fd3e0,block_permutation,-0.002923920466816221,negative,1418,outer_03,elastic_net,142,9,51203187,5544
"[""cluster__a7171c841cb9fb67""]",cluster__a7171c841cb9fb67,block_permutation,0.0,zero,1418,outer_03,elastic_net,142,0,51203188,5544
"[""cluster__a7171c841cb9fb67""]",cluster__a7171c841cb9fb67,block_permutation,0.0,zero,1418,outer_03,elastic_net,142,1,51203189,5544
"[""cluster__a7171c841cb9fb67""]",cluster__a7171c841cb9fb67,block_permutation,0.0,zero,1418,outer_03,elastic_net,142,2,51203190,5544
"[""cluster__a7171c841cb9fb67""]",cluster__a7171c841cb9fb67,block_permutation,0.0,zero,1418,outer_03,elastic_net,142,3,51203191,5544
"[""cluster__a7171c841cb9fb67""]",cluster__a7171c841cb9fb67,block_permutation,0.0,zero,1418,outer_03,elastic_net,142,4,51203192,5544
"[""cluster__a7171c841cb9fb67""]",cluster__a7171c841cb9fb67,block_permutation,0.0,zero,1418,outer_03,elastic_net,142,5,51203193,5544
"[""cluster__a7171c841cb9fb67""]",cluster__a7171c841cb9fb67,block_permutation,0.0,zero,1418,outer_03,elastic_net,142,6,51203194,5544
"[""cluster__a7171c841cb9fb67""]",cluster__a7171c841cb9fb67,block_permutation,0.0,zero,1418,outer_03,elastic_net,142,7,51203195,5544
"[""cluster__a7171c841cb9fb67""]",cluster__a7171c841cb9fb67,block_permutation,0.0,zero,1418,outer_03,elastic_net,142,8,51203196,5544
"[""cluster__a7171c841cb9fb67""]",cluster__a7171c841cb9fb67,block_permutation,0.0,zero,1418,outer_03,elastic_net,142,9,51203197,5544
"[""cluster__a827e2207d675df1""]",cluster__a827e2207d675df1,block_permutation,0.0,zero,1418,outer_03,elastic_net,142,0,51203198,5544
"[""cluster__a827e2207d675df1""]",cluster__a827e2207d675df1,block_permutation,0.0,zero,1418,outer_03,elastic_net,142,1,51203199,5544
"[""cluster__a827e2207d675df1""]",cluster__a827e2207d675df1,block_permutation,0.0,zero,1418,outer_03,elastic_net,142,2,51203200,5544
"[""cluster__a827e2207d675df1""]",cluster__a827e2207d675df1,block_permutation,0.0,zero,1418,outer_03,elastic_net,142,3,51203201,5544
"[""cluster__a827e2207d675df1""]",cluster__a827e2207d675df1,block_permutation,0.0,zero,1418,outer_03,elastic_net,142,4,51203202,5544
"[""cluster__a827e2207d675df1""]",cluster__a827e2207d675df1,block_permutation,0.0,zero,1418,outer_03,elastic_net,142,5,51203203,5544
"[""cluster__a827e2207d675df1""]",cluster__a827e2207d675df1,block_permutation,0.0,zero,1418,outer_03,elastic_net,142,6,51203204,5544
"[""cluster__a827e2207d675df1""]",cluster__a827e2207d675df1,block_permutation,0.0,zero,1418,outer_03,elastic_net,142,7,51203205,5544
"[""cluster__a827e2207d675df1""]",cluster__a827e2207d675df1,block_permutation,0.0,zero,1418,outer_03,elastic_net,142,8,51203206,5544
"[""cluster__a827e2207d675df1""]",cluster__a827e2207d675df1,block_permutation,0.0,zero,1418,outer_03,elastic_net,142,9,51203207,5544
"[""cluster__a867b4c1b44d375e""]",cluster__a867b4c1b44d375e,block_permutation,0.0002794661030397494,positive,1418,outer_03,elastic_net,142,0,51203208,5544
"[""cluster__a867b4c1b44d375e""]",cluster__a867b4c1b44d375e,block_permutation,0.0014411170683336083,positive,1418,outer_03,elastic_net,142,1,51203209,5544
"[""cluster__a867b4c1b44d375e""]",cluster__a867b4c1b44d375e,block_permutation,-4.625391019519309e-05,negative,1418,outer_03,elastic_net,142,2,51203210,5544
"[""cluster__a867b4c1b44d375e""]",cluster__a867b4c1b44d375e,block_permutation,0.0020548619865152773,positive,1418,outer_03,elastic_net,142,3,51203211,5544
"[""cluster__a867b4c1b44d375e""]",cluster__a867b4c1b44d375e,block_permutation,-1.270078363879712e-05,negative,1418,outer_03,elastic_net,142,4,51203212,5544
"[""cluster__a867b4c1b44d375e""]",cluster__a867b4c1b44d375e,block_permutation,0.0009680529074937994,positive,1418,outer_03,elastic_net,142,5,51203213,5544
"[""cluster__a867b4c1b44d375e""]",cluster__a867b4c1b44d375e,block_permutation,0.002222810894968008,positive,1418,outer_03,elastic_net,142,6,51203214,5544
"[""cluster__a867b4c1b44d375e""]",cluster__a867b4c1b44d375e,block_permutation,-0.0008364110593451768,negative,1418,outer_03,elastic_net,142,7,51203215,5544
"[""cluster__a867b4c1b44d375e""]",cluster__a867b4c1b44d375e,block_permutation,0.0021169005980979927,positive,1418,outer_03,elastic_net,142,8,51203216,5544
"[""cluster__a867b4c1b44d375e""]",cluster__a867b4c1b44d375e,block_permutation,-0.002205304326302726,negative,1418,outer_03,elastic_net,142,9,51203217,5544
"[""cluster__ad0a96a048bbc7d8""]",cluster__ad0a96a048bbc7d8,block_permutation,0.0,zero,1418,outer_03,elastic_net,142,0,51203218,5544
"[""cluster__ad0a96a048bbc7d8""]",cluster__ad0a96a048bbc7d8,block_permutation,0.0,zero,1418,outer_03,elastic_net,142,1,51203219,5544
"[""cluster__ad0a96a048bbc7d8""]",cluster__ad0a96a048bbc7d8,block_permutation,0.0,zero,1418,outer_03,elastic_net,142,2,51203220,5544
"[""cluster__ad0a96a048bbc7d8""]",cluster__ad0a96a048bbc7d8,block_permutation,0.0,zero,1418,outer_03,elastic_net,142,3,51203221,5544
"[""cluster__ad0a96a048bbc7d8""]",cluster__ad0a96a048bbc7d8,block_permutation,0.0,zero,1418,outer_03,elastic_net,142,4,51203222,5544
"[""cluster__ad0a96a048bbc7d8""]",cluster__ad0a96a048bbc7d8,block_permutation,0.0,zero,1418,outer_03,elastic_net,142,5,51203223,5544
"[""cluster__ad0a96a048bbc7d8""]",cluster__ad0a96a048bbc7d8,block_permutation,0.0,zero,1418,outer_03,elastic_net,142,6,51203224,5544
"[""cluster__ad0a96a048bbc7d8""]",cluster__ad0a96a048bbc7d8,block_permutation,0.0,zero,1418,outer_03,elastic_net,142,7,51203225,5544
"[""cluster__ad0a96a048bbc7d8""]",cluster__ad0a96a048bbc7d8,block_permutation,0.0,zero,1418,outer_03,elastic_net,142,8,51203226,5544
"[""cluster__ad0a96a048bbc7d8""]",cluster__ad0a96a048bbc7d8,block_permutation,0.0,zero,1418,outer_03,elastic_net,142,9,51203227,5544
"[""cluster__afbf9ac7f0d6750b""]",cluster__afbf9ac7f0d6750b,block_permutation,0.0,zero,1418,outer_03,elastic_net,142,0,51203228,5544
"[""cluster__afbf9ac7f0d6750b""]",cluster__afbf9ac7f0d6750b,block_permutation,0.0,zero,1418,outer_03,elastic_net,142,1,51203229,5544
"[""cluster__afbf9ac7f0d6750b""]",cluster__afbf9ac7f0d6750b,block_permutation,0.0,zero,1418,outer_03,elastic_net,142,2,51203230,5544
"[""cluster__afbf9ac7f0d6750b""]",cluster__afbf9ac7f0d6750b,block_permutation,0.0,zero,1418,outer_03,elastic_net,142,3,51203231,5544
"[""cluster__afbf9ac7f0d6750b""]",cluster__afbf9ac7f0d6750b,block_permutation,0.0,zero,1418,outer_03,elastic_net,142,4,51203232,5544
"[""cluster__afbf9ac7f0d6750b""]",cluster__afbf9ac7f0d6750b,block_permutation,0.0,zero,1418,outer_03,elastic_net,142,5,51203233,5544
"[""cluster__afbf9ac7f0d6750b""]",cluster__afbf9ac7f0d6750b,block_permutation,0.0,zero,1418,outer_03,elastic_net,142,6,51203234,5544
"[""cluster__afbf9ac7f0d6750b""]",cluster__afbf9ac7f0d6750b,block_permutation,0.0,zero,1418,outer_03,elastic_net,142,7,51203235,5544
"[""cluster__afbf9ac7f0d6750b""]",cluster__afbf9ac7f0d6750b,block_permutation,0.0,zero,1418,outer_03,elastic_net,142,8,51203236,5544
"[""cluster__afbf9ac7f0d6750b""]",cluster__afbf9ac7f0d6750b,block_permutation,0.0,zero,1418,outer_03,elastic_net,142,9,51203237,5544
"[""cluster__b3049e2f6d60b737""]",cluster__b3049e2f6d60b737,block_permutation,0.0,zero,1418,outer_03,elastic_net,142,0,51203238,5544
"[""cluster__b3049e2f6d60b737""]",cluster__b3049e2f6d60b737,block_permutation,0.0,zero,1418,outer_03,elastic_net,142,1,51203239,5544
"[""cluster__b3049e2f6d60b737""]",cluster__b3049e2f6d60b737,block_permutation,0.0,zero,1418,outer_03,elastic_net,142,2,51203240,5544
"[""cluster__b3049e2f6d60b737""]",cluster__b3049e2f6d60b737,block_permutation,0.0,zero,1418,outer_03,elastic_net,142,3,51203241,5544
"[""cluster__b3049e2f6d60b737""]",cluster__b3049e2f6d60b737,block_permutation,0.0,zero,1418,outer_03,elastic_net,142,4,51203242,5544
"[""cluster__b3049e2f6d60b737""]",cluster__b3049e2f6d60b737,block_permutation,0.0,zero,1418,outer_03,elastic_net,142,5,51203243,5544
"[""cluster__b3049e2f6d60b737""]",cluster__b3049e2f6d60b737,block_permutation,0.0,zero,1418,outer_03,elastic_net,142,6,51203244,5544
"[""cluster__b3049e2f6d60b737""]",cluster__b3049e2f6d60b737,block_permutation,0.0,zero,1418,outer_03,elastic_net,142,7,51203245,5544
"[""cluster__b3049e2f6d60b737""]",cluster__b3049e2f6d60b737,block_permutation,0.0,zero,1418,outer_03,elastic_net,142,8,51203246,5544
"[""cluster__b3049e2f6d60b737""]",cluster__b3049e2f6d60b737,block_permutation,0.0,zero,1418,outer_03,elastic_net,142,9,51203247,5544
"[""cluster__b31ca2d0bf76f633""]",cluster__b31ca2d0bf76f633,block_permutation,0.0,zero,1418,outer_03,elastic_net,142,0,51203248,5544
"[""cluster__b31ca2d0bf76f633""]",cluster__b31ca2d0bf76f633,block_permutation,0.0,zero,1418,outer_03,elastic_net,142,1,51203249,5544
"[""cluster__b31ca2d0bf76f633""]",cluster__b31ca2d0bf76f633,block_permutation,0.0,zero,1418,outer_03,elastic_net,142,2,51203250,5544
"[""cluster__b31ca2d0bf76f633""]",cluster__b31ca2d0bf76f633,block_permutation,0.0,zero,1418,outer_03,elastic_net,142,3,51203251,5544
"[""cluster__b31ca2d0bf76f633""]",cluster__b31ca2d0bf76f633,block_permutation,0.0,zero,1418,outer_03,elastic_net,142,4,51203252,5544
"[""cluster__b31ca2d0bf76f633""]",cluster__b31ca2d0bf76f633,block_permutation,0.0,zero,1418,outer_03,elastic_net,142,5,51203253,5544
"[""cluster__b31ca2d0bf76f633""]",cluster__b31ca2d0bf76f633,block_permutation,0.0,zero,1418,outer_03,elastic_net,142,6,51203254,5544
"[""cluster__b31ca2d0bf76f633""]",cluster__b31ca2d0bf76f633,block_permutation,0.0,zero,1418,outer_03,elastic_net,142,7,51203255,5544
"[""cluster__b31ca2d0bf76f633""]",cluster__b31ca2d0bf76f633,block_permutation,0.0,zero,1418,outer_03,elastic_net,142,8,51203256,5544
"[""cluster__b31ca2d0bf76f633""]",cluster__b31ca2d0bf76f633,block_permutation,0.0,zero,1418,outer_03,elastic_net,142,9,51203257,5544
"[""cluster__b3a7ffd8d4e710b8""]",cluster__b3a7ffd8d4e710b8,block_permutation,0.0,zero,1418,outer_03,elastic_net,142,0,51203258,5544
"[""cluster__b3a7ffd8d4e710b8""]",cluster__b3a7ffd8d4e710b8,block_permutation,0.0,zero,1418,outer_03,elastic_net,142,1,51203259,5544
"[""cluster__b3a7ffd8d4e710b8""]",cluster__b3a7ffd8d4e710b8,block_permutation,0.0,zero,1418,outer_03,elastic_net,142,2,51203260,5544
"[""cluster__b3a7ffd8d4e710b8""]",cluster__b3a7ffd8d4e710b8,block_permutation,0.0,zero,1418,outer_03,elastic_net,142,3,51203261,5544
"[""cluster__b3a7ffd8d4e710b8""]",cluster__b3a7ffd8d4e710b8,block_permutation,0.0,zero,1418,outer_03,elastic_net,142,4,51203262,5544
"[""cluster__b3a7ffd8d4e710b8""]",cluster__b3a7ffd8d4e710b8,block_permutation,0.0,zero,1418,outer_03,elastic_net,142,5,51203263,5544
"[""cluster__b3a7ffd8d4e710b8""]",cluster__b3a7ffd8d4e710b8,block_permutation,0.0,zero,1418,outer_03,elastic_net,142,6,51203264,5544
"[""cluster__b3a7ffd8d4e710b8""]",cluster__b3a7ffd8d4e710b8,block_permutation,0.0,zero,1418,outer_03,elastic_net,142,7,51203265,5544
"[""cluster__b3a7ffd8d4e710b8""]",cluster__b3a7ffd8d4e710b8,block_permutation,0.0,zero,1418,outer_03,elastic_net,142,8,51203266,5544
"[""cluster__b3a7ffd8d4e710b8""]",cluster__b3a7ffd8d4e710b8,block_permutation,0.0,zero,1418,outer_03,elastic_net,142,9,51203267,5544
"[""cluster__b89a1d7f25394d90""]",cluster__b89a1d7f25394d90,block_permutation,0.0,zero,1418,outer_03,elastic_net,142,0,51203268,5544
"[""cluster__b89a1d7f25394d90""]",cluster__b89a1d7f25394d90,block_permutation,0.0,zero,1418,outer_03,elastic_net,142,1,51203269,5544
"[""cluster__b89a1d7f25394d90""]",cluster__b89a1d7f25394d90,block_permutation,0.0,zero,1418,outer_03,elastic_net,142,2,51203270,5544
"[""cluster__b89a1d7f25394d90""]",cluster__b89a1d7f25394d90,block_permutation,0.0,zero,1418,outer_03,elastic_net,142,3,51203271,5544
"[""cluster__b89a1d7f25394d90""]",cluster__b89a1d7f25394d90,block_permutation,0.0,zero,1418,outer_03,elastic_net,142,4,51203272,5544
"[""cluster__b89a1d7f25394d90""]",cluster__b89a1d7f25394d90,block_permutation,0.0,zero,1418,outer_03,elastic_net,142,5,51203273,5544
"[""cluster__b89a1d7f25394d90""]",cluster__b89a1d7f25394d90,block_permutation,0.0,zero,1418,outer_03,elastic_net,142,6,51203274,5544
"[""cluster__b89a1d7f25394d90""]",cluster__b89a1d7f25394d90,block_permutation,0.0,zero,1418,outer_03,elastic_net,142,7,51203275,5544
"[""cluster__b89a1d7f25394d90""]",cluster__b89a1d7f25394d90,block_permutation,0.0,zero,1418,outer_03,elastic_net,142,8,51203276,5544
"[""cluster__b89a1d7f25394d90""]",cluster__b89a1d7f25394d90,block_permutation,0.0,zero,1418,outer_03,elastic_net,142,9,51203277,5544
"[""cluster__b8b7a0836024d4d3""]",cluster__b8b7a0836024d4d3,block_permutation,6.924236495520208e-05,positive,1418,outer_03,elastic_net,142,0,51203278,5544
"[""cluster__b8b7a0836024d4d3""]",cluster__b8b7a0836024d4d3,block_permutation,0.0004093905821503929,positive,1418,outer_03,elastic_net,142,1,51203279,5544
"[""cluster__b8b7a0836024d4d3""]",cluster__b8b7a0836024d4d3,block_permutation,0.0002993020186581319,positive,1418,outer_03,elastic_net,142,2,51203280,5544
"[""cluster__b8b7a0836024d4d3""]",cluster__b8b7a0836024d4d3,block_permutation,0.00030423923502731487,positive,1418,outer_03,elastic_net,142,3,51203281,5544
"[""cluster__b8b7a0836024d4d3""]",cluster__b8b7a0836024d4d3,block_permutation,-8.606417511858311e-05,negative,1418,outer_03,elastic_net,142,4,51203282,5544
"[""cluster__b8b7a0836024d4d3""]",cluster__b8b7a0836024d4d3,block_permutation,0.00016193852944457188,positive,1418,outer_03,elastic_net,142,5,51203283,5544
"[""cluster__b8b7a0836024d4d3""]",cluster__b8b7a0836024d4d3,block_permutation,0.0006945318333019257,positive,1418,outer_03,elastic_net,142,6,51203284,5544
"[""cluster__b8b7a0836024d4d3""]",cluster__b8b7a0836024d4d3,block_permutation,0.00022676995238546382,positive,1418,outer_03,elastic_net,142,7,51203285,5544
"[""cluster__b8b7a0836024d4d3""]",cluster__b8b7a0836024d4d3,block_permutation,0.0001884430710688001,positive,1418,outer_03,elastic_net,142,8,51203286,5544
"[""cluster__b8b7a0836024d4d3""]",cluster__b8b7a0836024d4d3,block_permutation,0.0002992667586753095,positive,1418,outer_03,elastic_net,142,9,51203287,5544
"[""cluster__b9449c25001f7b51""]",cluster__b9449c25001f7b51,block_permutation,0.0,zero,1418,outer_03,elastic_net,142,0,51203288,5544
"[""cluster__b9449c25001f7b51""]",cluster__b9449c25001f7b51,block_permutation,0.0,zero,1418,outer_03,elastic_net,142,1,51203289,5544
"[""cluster__b9449c25001f7b51""]",cluster__b9449c25001f7b51,block_permutation,0.0,zero,1418,outer_03,elastic_net,142,2,51203290,5544
"[""cluster__b9449c25001f7b51""]",cluster__b9449c25001f7b51,block_permutation,0.0,zero,1418,outer_03,elastic_net,142,3,51203291,5544
"[""cluster__b9449c25001f7b51""]",cluster__b9449c25001f7b51,block_permutation,0.0,zero,1418,outer_03,elastic_net,142,4,51203292,5544
"[""cluster__b9449c25001f7b51""]",cluster__b9449c25001f7b51,block_permutation,0.0,zero,1418,outer_03,elastic_net,142,5,51203293,5544
"[""cluster__b9449c25001f7b51""]",cluster__b9449c25001f7b51,block_permutation,0.0,zero,1418,outer_03,elastic_net,142,6,51203294,5544
"[""cluster__b9449c25001f7b51""]",cluster__b9449c25001f7b51,block_permutation,0.0,zero,1418,outer_03,elastic_net,142,7,51203295,5544
"[""cluster__b9449c25001f7b51""]",cluster__b9449c25001f7b51,block_permutation,0.0,zero,1418,outer_03,elastic_net,142,8,51203296,5544
"[""cluster__b9449c25001f7b51""]",cluster__b9449c25001f7b51,block_permutation,0.0,zero,1418,outer_03,elastic_net,142,9,51203297,5544
"[""cluster__bc09b5bb95952a78""]",cluster__bc09b5bb95952a78,block_permutation,0.0033170308352310496,positive,1418,outer_03,elastic_net,142,0,51203298,5544
"[""cluster__bc09b5bb95952a78""]",cluster__bc09b5bb95952a78,block_permutation,0.0040888818547240025,positive,1418,outer_03,elastic_net,142,1,51203299,5544
"[""cluster__bc09b5bb95952a78""]",cluster__bc09b5bb95952a78,block_permutation,-0.0005338505073843036,negative,1418,outer_03,elastic_net,142,2,51203300,5544
"[""cluster__bc09b5bb95952a78""]",cluster__bc09b5bb95952a78,block_permutation,0.000520552565611565,positive,1418,outer_03,elastic_net,142,3,51203301,5544
"[""cluster__bc09b5bb95952a78""]",cluster__bc09b5bb95952a78,block_permutation,-0.0023568381497059976,negative,1418,outer_03,elastic_net,142,4,51203302,5544
"[""cluster__bc09b5bb95952a78""]",cluster__bc09b5bb95952a78,block_permutation,0.001225582176168083,positive,1418,outer_03,elastic_net,142,5,51203303,5544
"[""cluster__bc09b5bb95952a78""]",cluster__bc09b5bb95952a78,block_permutation,0.0009997027432674388,positive,1418,outer_03,elastic_net,142,6,51203304,5544
"[""cluster__bc09b5bb95952a78""]",cluster__bc09b5bb95952a78,block_permutation,0.0020525395811916702,positive,1418,outer_03,elastic_net,142,7,51203305,5544
"[""cluster__bc09b5bb95952a78""]",cluster__bc09b5bb95952a78,block_permutation,3.429232533602722e-05,positive,1418,outer_03,elastic_net,142,8,51203306,5544
"[""cluster__bc09b5bb95952a78""]",cluster__bc09b5bb95952a78,block_permutation,0.004926483127423054,positive,1418,outer_03,elastic_net,142,9,51203307,5544
"[""cluster__c2362e322fead508""]",cluster__c2362e322fead508,block_permutation,0.0,zero,1418,outer_03,elastic_net,142,0,51203308,5544
"[""cluster__c2362e322fead508""]",cluster__c2362e322fead508,block_permutation,0.0,zero,1418,outer_03,elastic_net,142,1,51203309,5544
"[""cluster__c2362e322fead508""]",cluster__c2362e322fead508,block_permutation,0.0,zero,1418,outer_03,elastic_net,142,2,51203310,5544
"[""cluster__c2362e322fead508""]",cluster__c2362e322fead508,block_permutation,0.0,zero,1418,outer_03,elastic_net,142,3,51203311,5544
"[""cluster__c2362e322fead508""]",cluster__c2362e322fead508,block_permutation,0.0,zero,1418,outer_03,elastic_net,142,4,51203312,5544
"[""cluster__c2362e322fead508""]",cluster__c2362e322fead508,block_permutation,0.0,zero,1418,outer_03,elastic_net,142,5,51203313,5544
"[""cluster__c2362e322fead508""]",cluster__c2362e322fead508,block_permutation,0.0,zero,1418,outer_03,elastic_net,142,6,51203314,5544
"[""cluster__c2362e322fead508""]",cluster__c2362e322fead508,block_permutation,0.0,zero,1418,outer_03,elastic_net,142,7,51203315,5544
"[""cluster__c2362e322fead508""]",cluster__c2362e322fead508,block_permutation,0.0,zero,1418,outer_03,elastic_net,142,8,51203316,5544
"[""cluster__c2362e322fead508""]",cluster__c2362e322fead508,block_permutation,0.0,zero,1418,outer_03,elastic_net,142,9,51203317,5544
"[""cluster__c31b8136d504bf03""]",cluster__c31b8136d504bf03,block_permutation,0.0,zero,1418,outer_03,elastic_net,142,0,51203318,5544
"[""cluster__c31b8136d504bf03""]",cluster__c31b8136d504bf03,block_permutation,0.0,zero,1418,outer_03,elastic_net,142,1,51203319,5544
"[""cluster__c31b8136d504bf03""]",cluster__c31b8136d504bf03,block_permutation,0.0,zero,1418,outer_03,elastic_net,142,2,51203320,5544
"[""cluster__c31b8136d504bf03""]",cluster__c31b8136d504bf03,block_permutation,0.0,zero,1418,outer_03,elastic_net,142,3,51203321,5544
"[""cluster__c31b8136d504bf03""]",cluster__c31b8136d504bf03,block_permutation,0.0,zero,1418,outer_03,elastic_net,142,4,51203322,5544
"[""cluster__c31b8136d504bf03""]",cluster__c31b8136d504bf03,block_permutation,0.0,zero,1418,outer_03,elastic_net,142,5,51203323,5544
"[""cluster__c31b8136d504bf03""]",cluster__c31b8136d504bf03,block_permutation,0.0,zero,1418,outer_03,elastic_net,142,6,51203324,5544
"[""cluster__c31b8136d504bf03""]",cluster__c31b8136d504bf03,block_permutation,0.0,zero,1418,outer_03,elastic_net,142,7,51203325,5544
"[""cluster__c31b8136d504bf03""]",cluster__c31b8136d504bf03,block_permutation,0.0,zero,1418,outer_03,elastic_net,142,8,51203326,5544
"[""cluster__c31b8136d504bf03""]",cluster__c31b8136d504bf03,block_permutation,0.0,zero,1418,outer_03,elastic_net,142,9,51203327,5544
"[""cluster__c5e49f1433602139""]",cluster__c5e49f1433602139,block_permutation,0.0019401295031016286,positive,1418,outer_03,elastic_net,142,0,51203328,5544
"[""cluster__c5e49f1433602139""]",cluster__c5e49f1433602139,block_permutation,0.003307814259887909,positive,1418,outer_03,elastic_net,142,1,51203329,5544
"[""cluster__c5e49f1433602139""]",cluster__c5e49f1433602139,block_permutation,0.0020369053253712632,positive,1418,outer_03,elastic_net,142,2,51203330,5544
"[""cluster__c5e49f1433602139""]",cluster__c5e49f1433602139,block_permutation,0.003087544680652088,positive,1418,outer_03,elastic_net,142,3,51203331,5544
"[""cluster__c5e49f1433602139""]",cluster__c5e49f1433602139,block_permutation,0.0011348588942542426,positive,1418,outer_03,elastic_net,142,4,51203332,5544
"[""cluster__c5e49f1433602139""]",cluster__c5e49f1433602139,block_permutation,0.0022456678042455103,positive,1418,outer_03,elastic_net,142,5,51203333,5544
"[""cluster__c5e49f1433602139""]",cluster__c5e49f1433602139,block_permutation,0.0022935084740692835,positive,1418,outer_03,elastic_net,142,6,51203334,5544
"[""cluster__c5e49f1433602139""]",cluster__c5e49f1433602139,block_permutation,0.0018206155314564043,positive,1418,outer_03,elastic_net,142,7,51203335,5544
"[""cluster__c5e49f1433602139""]",cluster__c5e49f1433602139,block_permutation,0.0018866633556755552,positive,1418,outer_03,elastic_net,142,8,51203336,5544
"[""cluster__c5e49f1433602139""]",cluster__c5e49f1433602139,block_permutation,0.003919249411810322,positive,1418,outer_03,elastic_net,142,9,51203337,5544
"[""cluster__c9bce3cfeb10e97e""]",cluster__c9bce3cfeb10e97e,block_permutation,0.0005198265111769906,positive,1418,outer_03,elastic_net,142,0,51203338,5544
"[""cluster__c9bce3cfeb10e97e""]",cluster__c9bce3cfeb10e97e,block_permutation,-0.001312806820816137,negative,1418,outer_03,elastic_net,142,1,51203339,5544
"[""cluster__c9bce3cfeb10e97e""]",cluster__c9bce3cfeb10e97e,block_permutation,0.00025193029742698325,positive,1418,outer_03,elastic_net,142,2,51203340,5544
"[""cluster__c9bce3cfeb10e97e""]",cluster__c9bce3cfeb10e97e,block_permutation,-0.00020273165779771674,negative,1418,outer_03,elastic_net,142,3,51203341,5544
"[""cluster__c9bce3cfeb10e97e""]",cluster__c9bce3cfeb10e97e,block_permutation,-0.0021655945394506437,negative,1418,outer_03,elastic_net,142,4,51203342,5544
"[""cluster__c9bce3cfeb10e97e""]",cluster__c9bce3cfeb10e97e,block_permutation,-0.00046450148553711657,negative,1418,outer_03,elastic_net,142,5,51203343,5544
"[""cluster__c9bce3cfeb10e97e""]",cluster__c9bce3cfeb10e97e,block_permutation,-0.0006442528307772921,negative,1418,outer_03,elastic_net,142,6,51203344,5544
"[""cluster__c9bce3cfeb10e97e""]",cluster__c9bce3cfeb10e97e,block_permutation,-0.0010912084467211702,negative,1418,outer_03,elastic_net,142,7,51203345,5544
"[""cluster__c9bce3cfeb10e97e""]",cluster__c9bce3cfeb10e97e,block_permutation,-0.00045164903795713585,negative,1418,outer_03,elastic_net,142,8,51203346,5544
"[""cluster__c9bce3cfeb10e97e""]",cluster__c9bce3cfeb10e97e,block_permutation,0.0012115482523282761,positive,1418,outer_03,elastic_net,142,9,51203347,5544
"[""cluster__d0b21ec5092ce804""]",cluster__d0b21ec5092ce804,block_permutation,0.0,zero,1418,outer_03,elastic_net,142,0,51203348,5544
"[""cluster__d0b21ec5092ce804""]",cluster__d0b21ec5092ce804,block_permutation,0.0,zero,1418,outer_03,elastic_net,142,1,51203349,5544
"[""cluster__d0b21ec5092ce804""]",cluster__d0b21ec5092ce804,block_permutation,0.0,zero,1418,outer_03,elastic_net,142,2,51203350,5544
"[""cluster__d0b21ec5092ce804""]",cluster__d0b21ec5092ce804,block_permutation,0.0,zero,1418,outer_03,elastic_net,142,3,51203351,5544
"[""cluster__d0b21ec5092ce804""]",cluster__d0b21ec5092ce804,block_permutation,0.0,zero,1418,outer_03,elastic_net,142,4,51203352,5544
"[""cluster__d0b21ec5092ce804""]",cluster__d0b21ec5092ce804,block_permutation,0.0,zero,1418,outer_03,elastic_net,142,5,51203353,5544
"[""cluster__d0b21ec5092ce804""]",cluster__d0b21ec5092ce804,block_permutation,0.0,zero,1418,outer_03,elastic_net,142,6,51203354,5544
"[""cluster__d0b21ec5092ce804""]",cluster__d0b21ec5092ce804,block_permutation,0.0,zero,1418,outer_03,elastic_net,142,7,51203355,5544
"[""cluster__d0b21ec5092ce804""]",cluster__d0b21ec5092ce804,block_permutation,0.0,zero,1418,outer_03,elastic_net,142,8,51203356,5544
"[""cluster__d0b21ec5092ce804""]",cluster__d0b21ec5092ce804,block_permutation,0.0,zero,1418,outer_03,elastic_net,142,9,51203357,5544
"[""cluster__db99c4b3ba8fc30d""]",cluster__db99c4b3ba8fc30d,block_permutation,5.539212946392702e-05,positive,1418,outer_03,elastic_net,142,0,51203358,5544
"[""cluster__db99c4b3ba8fc30d""]",cluster__db99c4b3ba8fc30d,block_permutation,1.6666174026513936e-05,positive,1418,outer_03,elastic_net,142,1,51203359,5544
"[""cluster__db99c4b3ba8fc30d""]",cluster__db99c4b3ba8fc30d,block_permutation,-6.302762230236958e-06,negative,1418,outer_03,elastic_net,142,2,51203360,5544
"[""cluster__db99c4b3ba8fc30d""]",cluster__db99c4b3ba8fc30d,block_permutation,2.5998673006677464e-06,positive,1418,outer_03,elastic_net,142,3,51203361,5544
"[""cluster__db99c4b3ba8fc30d""]",cluster__db99c4b3ba8fc30d,block_permutation,3.864393054953119e-05,positive,1418,outer_03,elastic_net,142,4,51203362,5544
"[""cluster__db99c4b3ba8fc30d""]",cluster__db99c4b3ba8fc30d,block_permutation,0.00021474607957272518,positive,1418,outer_03,elastic_net,142,5,51203363,5544
"[""cluster__db99c4b3ba8fc30d""]",cluster__db99c4b3ba8fc30d,block_permutation,-5.322882617009306e-06,negative,1418,outer_03,elastic_net,142,6,51203364,5544
"[""cluster__db99c4b3ba8fc30d""]",cluster__db99c4b3ba8fc30d,block_permutation,-8.904313556645782e-05,negative,1418,outer_03,elastic_net,142,7,51203365,5544
"[""cluster__db99c4b3ba8fc30d""]",cluster__db99c4b3ba8fc30d,block_permutation,0.00013554892864098278,positive,1418,outer_03,elastic_net,142,8,51203366,5544
"[""cluster__db99c4b3ba8fc30d""]",cluster__db99c4b3ba8fc30d,block_permutation,5.2517300399568256e-05,positive,1418,outer_03,elastic_net,142,9,51203367,5544
"[""cluster__e11a6d709526da4b""]",cluster__e11a6d709526da4b,block_permutation,0.0020049887984033843,positive,1418,outer_03,elastic_net,142,0,51203368,5544
"[""cluster__e11a6d709526da4b""]",cluster__e11a6d709526da4b,block_permutation,0.004788542942620433,positive,1418,outer_03,elastic_net,142,1,51203369,5544
"[""cluster__e11a6d709526da4b""]",cluster__e11a6d709526da4b,block_permutation,-0.00455161378939406,negative,1418,outer_03,elastic_net,142,2,51203370,5544
"[""cluster__e11a6d709526da4b""]",cluster__e11a6d709526da4b,block_permutation,0.008183124441486722,positive,1418,outer_03,elastic_net,142,3,51203371,5544
"[""cluster__e11a6d709526da4b""]",cluster__e11a6d709526da4b,block_permutation,0.002288871699213213,positive,1418,outer_03,elastic_net,142,4,51203372,5544
"[""cluster__e11a6d709526da4b""]",cluster__e11a6d709526da4b,block_permutation,-0.0011383235583224405,negative,1418,outer_03,elastic_net,142,5,51203373,5544
"[""cluster__e11a6d709526da4b""]",cluster__e11a6d709526da4b,block_permutation,0.0032848145892366842,positive,1418,outer_03,elastic_net,142,6,51203374,5544
"[""cluster__e11a6d709526da4b""]",cluster__e11a6d709526da4b,block_permutation,0.012799643027474716,positive,1418,outer_03,elastic_net,142,7,51203375,5544
"[""cluster__e11a6d709526da4b""]",cluster__e11a6d709526da4b,block_permutation,-0.00038998442320392623,negative,1418,outer_03,elastic_net,142,8,51203376,5544
"[""cluster__e11a6d709526da4b""]",cluster__e11a6d709526da4b,block_permutation,-0.00586039264133853,negative,1418,outer_03,elastic_net,142,9,51203377,5544
"[""cluster__e52784991ac5d943""]",cluster__e52784991ac5d943,block_permutation,-0.0009650895735835441,negative,1418,outer_03,elastic_net,142,0,51203378,5544
"[""cluster__e52784991ac5d943""]",cluster__e52784991ac5d943,block_permutation,-0.0014637150851781744,negative,1418,outer_03,elastic_net,142,1,51203379,5544
"[""cluster__e52784991ac5d943""]",cluster__e52784991ac5d943,block_permutation,-0.0015830240242830085,negative,1418,outer_03,elastic_net,142,2,51203380,5544
"[""cluster__e52784991ac5d943""]",cluster__e52784991ac5d943,block_permutation,0.0004814290918321307,positive,1418,outer_03,elastic_net,142,3,51203381,5544
"[""cluster__e52784991ac5d943""]",cluster__e52784991ac5d943,block_permutation,0.0012899862040700594,positive,1418,outer_03,elastic_net,142,4,51203382,5544
"[""cluster__e52784991ac5d943""]",cluster__e52784991ac5d943,block_permutation,-0.0010764570670472873,negative,1418,outer_03,elastic_net,142,5,51203383,5544
"[""cluster__e52784991ac5d943""]",cluster__e52784991ac5d943,block_permutation,-0.0017202771574014175,negative,1418,outer_03,elastic_net,142,6,51203384,5544
"[""cluster__e52784991ac5d943""]",cluster__e52784991ac5d943,block_permutation,-0.0014342946015886149,negative,1418,outer_03,elastic_net,142,7,51203385,5544
"[""cluster__e52784991ac5d943""]",cluster__e52784991ac5d943,block_permutation,-0.0007019461860234832,negative,1418,outer_03,elastic_net,142,8,51203386,5544
"[""cluster__e52784991ac5d943""]",cluster__e52784991ac5d943,block_permutation,-0.002482586101738904,negative,1418,outer_03,elastic_net,142,9,51203387,5544
"[""cluster__e6215b6a0fbc0220""]",cluster__e6215b6a0fbc0220,block_permutation,0.0,zero,1418,outer_03,elastic_net,142,0,51203388,5544
"[""cluster__e6215b6a0fbc0220""]",cluster__e6215b6a0fbc0220,block_permutation,0.0,zero,1418,outer_03,elastic_net,142,1,51203389,5544
"[""cluster__e6215b6a0fbc0220""]",cluster__e6215b6a0fbc0220,block_permutation,0.0,zero,1418,outer_03,elastic_net,142,2,51203390,5544
"[""cluster__e6215b6a0fbc0220""]",cluster__e6215b6a0fbc0220,block_permutation,0.0,zero,1418,outer_03,elastic_net,142,3,51203391,5544
"[""cluster__e6215b6a0fbc0220""]",cluster__e6215b6a0fbc0220,block_permutation,0.0,zero,1418,outer_03,elastic_net,142,4,51203392,5544
"[""cluster__e6215b6a0fbc0220""]",cluster__e6215b6a0fbc0220,block_permutation,0.0,zero,1418,outer_03,elastic_net,142,5,51203393,5544
"[""cluster__e6215b6a0fbc0220""]",cluster__e6215b6a0fbc0220,block_permutation,0.0,zero,1418,outer_03,elastic_net,142,6,51203394,5544
"[""cluster__e6215b6a0fbc0220""]",cluster__e6215b6a0fbc0220,block_permutation,0.0,zero,1418,outer_03,elastic_net,142,7,51203395,5544
"[""cluster__e6215b6a0fbc0220""]",cluster__e6215b6a0fbc0220,block_permutation,0.0,zero,1418,outer_03,elastic_net,142,8,51203396,5544
"[""cluster__e6215b6a0fbc0220""]",cluster__e6215b6a0fbc0220,block_permutation,0.0,zero,1418,outer_03,elastic_net,142,9,51203397,5544
"[""cluster__e7f75a569587b0f8""]",cluster__e7f75a569587b0f8,block_permutation,0.0,zero,1418,outer_03,elastic_net,142,0,51203398,5544
"[""cluster__e7f75a569587b0f8""]",cluster__e7f75a569587b0f8,block_permutation,0.0,zero,1418,outer_03,elastic_net,142,1,51203399,5544
"[""cluster__e7f75a569587b0f8""]",cluster__e7f75a569587b0f8,block_permutation,0.0,zero,1418,outer_03,elastic_net,142,2,51203400,5544
"[""cluster__e7f75a569587b0f8""]",cluster__e7f75a569587b0f8,block_permutation,0.0,zero,1418,outer_03,elastic_net,142,3,51203401,5544
"[""cluster__e7f75a569587b0f8""]",cluster__e7f75a569587b0f8,block_permutation,0.0,zero,1418,outer_03,elastic_net,142,4,51203402,5544
"[""cluster__e7f75a569587b0f8""]",cluster__e7f75a569587b0f8,block_permutation,0.0,zero,1418,outer_03,elastic_net,142,5,51203403,5544
"[""cluster__e7f75a569587b0f8""]",cluster__e7f75a569587b0f8,block_permutation,0.0,zero,1418,outer_03,elastic_net,142,6,51203404,5544
"[""cluster__e7f75a569587b0f8""]",cluster__e7f75a569587b0f8,block_permutation,0.0,zero,1418,outer_03,elastic_net,142,7,51203405,5544
"[""cluster__e7f75a569587b0f8""]",cluster__e7f75a569587b0f8,block_permutation,0.0,zero,1418,outer_03,elastic_net,142,8,51203406,5544
"[""cluster__e7f75a569587b0f8""]",cluster__e7f75a569587b0f8,block_permutation,0.0,zero,1418,outer_03,elastic_net,142,9,51203407,5544
"[""cluster__ea16c5febde76055""]",cluster__ea16c5febde76055,block_permutation,-7.837289269529979e-05,negative,1418,outer_03,elastic_net,142,0,51203408,5544
"[""cluster__ea16c5febde76055""]",cluster__ea16c5febde76055,block_permutation,-0.0002901746998287269,negative,1418,outer_03,elastic_net,142,1,51203409,5544
"[""cluster__ea16c5febde76055""]",cluster__ea16c5febde76055,block_permutation,0.0009858284911458126,positive,1418,outer_03,elastic_net,142,2,51203410,5544
"[""cluster__ea16c5febde76055""]",cluster__ea16c5febde76055,block_permutation,0.0002951319708911493,positive,1418,outer_03,elastic_net,142,3,51203411,5544
"[""cluster__ea16c5febde76055""]",cluster__ea16c5febde76055,block_permutation,0.0004972973543134751,positive,1418,outer_03,elastic_net,142,4,51203412,5544
"[""cluster__ea16c5febde76055""]",cluster__ea16c5febde76055,block_permutation,-0.001456656019610536,negative,1418,outer_03,elastic_net,142,5,51203413,5544
"[""cluster__ea16c5febde76055""]",cluster__ea16c5febde76055,block_permutation,0.00019222690118092522,positive,1418,outer_03,elastic_net,142,6,51203414,5544
"[""cluster__ea16c5febde76055""]",cluster__ea16c5febde76055,block_permutation,0.0016196069623283238,positive,1418,outer_03,elastic_net,142,7,51203415,5544
"[""cluster__ea16c5febde76055""]",cluster__ea16c5febde76055,block_permutation,0.0010938580580941437,positive,1418,outer_03,elastic_net,142,8,51203416,5544
"[""cluster__ea16c5febde76055""]",cluster__ea16c5febde76055,block_permutation,0.00029197037119277347,positive,1418,outer_03,elastic_net,142,9,51203417,5544
"[""cluster__efa5f4d4b9a2c999""]",cluster__efa5f4d4b9a2c999,block_permutation,0.00012874788677286197,positive,1418,outer_03,elastic_net,142,0,51203418,5544
"[""cluster__efa5f4d4b9a2c999""]",cluster__efa5f4d4b9a2c999,block_permutation,0.00010943110811478807,positive,1418,outer_03,elastic_net,142,1,51203419,5544
"[""cluster__efa5f4d4b9a2c999""]",cluster__efa5f4d4b9a2c999,block_permutation,-2.2852208127255302e-05,negative,1418,outer_03,elastic_net,142,2,51203420,5544
"[""cluster__efa5f4d4b9a2c999""]",cluster__efa5f4d4b9a2c999,block_permutation,0.0002515882108663492,positive,1418,outer_03,elastic_net,142,3,51203421,5544
"[""cluster__efa5f4d4b9a2c999""]",cluster__efa5f4d4b9a2c999,block_permutation,0.00011896593773708108,positive,1418,outer_03,elastic_net,142,4,51203422,5544
"[""cluster__efa5f4d4b9a2c999""]",cluster__efa5f4d4b9a2c999,block_permutation,2.7824855889924116e-05,positive,1418,outer_03,elastic_net,142,5,51203423,5544
"[""cluster__efa5f4d4b9a2c999""]",cluster__efa5f4d4b9a2c999,block_permutation,0.0002131056745476867,positive,1418,outer_03,elastic_net,142,6,51203424,5544
"[""cluster__efa5f4d4b9a2c999""]",cluster__efa5f4d4b9a2c999,block_permutation,0.00011942481210169831,positive,1418,outer_03,elastic_net,142,7,51203425,5544
"[""cluster__efa5f4d4b9a2c999""]",cluster__efa5f4d4b9a2c999,block_permutation,8.598966012784981e-05,positive,1418,outer_03,elastic_net,142,8,51203426,5544
"[""cluster__efa5f4d4b9a2c999""]",cluster__efa5f4d4b9a2c999,block_permutation,0.00014806013672907792,positive,1418,outer_03,elastic_net,142,9,51203427,5544
"[""cluster__f03f4701c752ba34""]",cluster__f03f4701c752ba34,block_permutation,-0.00023673761785125702,negative,1418,outer_03,elastic_net,142,0,51203428,5544
"[""cluster__f03f4701c752ba34""]",cluster__f03f4701c752ba34,block_permutation,2.5671912507463368e-05,positive,1418,outer_03,elastic_net,142,1,51203429,5544
"[""cluster__f03f4701c752ba34""]",cluster__f03f4701c752ba34,block_permutation,-0.0005082169868364517,negative,1418,outer_03,elastic_net,142,2,51203430,5544
"[""cluster__f03f4701c752ba34""]",cluster__f03f4701c752ba34,block_permutation,-0.00046538121353212336,negative,1418,outer_03,elastic_net,142,3,51203431,5544
"[""cluster__f03f4701c752ba34""]",cluster__f03f4701c752ba34,block_permutation,-0.0008153619246014099,negative,1418,outer_03,elastic_net,142,4,51203432,5544
"[""cluster__f03f4701c752ba34""]",cluster__f03f4701c752ba34,block_permutation,-0.0006842664028138268,negative,1418,outer_03,elastic_net,142,5,51203433,5544
"[""cluster__f03f4701c752ba34""]",cluster__f03f4701c752ba34,block_permutation,-0.0008456563774437154,negative,1418,outer_03,elastic_net,142,6,51203434,5544
"[""cluster__f03f4701c752ba34""]",cluster__f03f4701c752ba34,block_permutation,-0.00047516624899013316,negative,1418,outer_03,elastic_net,142,7,51203435,5544
"[""cluster__f03f4701c752ba34""]",cluster__f03f4701c752ba34,block_permutation,-0.00028568904602521705,negative,1418,outer_03,elastic_net,142,8,51203436,5544
"[""cluster__f03f4701c752ba34""]",cluster__f03f4701c752ba34,block_permutation,9.68578411597587e-06,positive,1418,outer_03,elastic_net,142,9,51203437,5544
"[""cluster__f2308f5991ce73f6""]",cluster__f2308f5991ce73f6,block_permutation,-0.0007535715633055773,negative,1418,outer_03,elastic_net,142,0,51203438,5544
"[""cluster__f2308f5991ce73f6""]",cluster__f2308f5991ce73f6,block_permutation,-0.001591722024030684,negative,1418,outer_03,elastic_net,142,1,51203439,5544
"[""cluster__f2308f5991ce73f6""]",cluster__f2308f5991ce73f6,block_permutation,-0.0015594968523290342,negative,1418,outer_03,elastic_net,142,2,51203440,5544
"[""cluster__f2308f5991ce73f6""]",cluster__f2308f5991ce73f6,block_permutation,-0.0009384420039442176,negative,1418,outer_03,elastic_net,142,3,51203441,5544
"[""cluster__f2308f5991ce73f6""]",cluster__f2308f5991ce73f6,block_permutation,-0.0012139108106248298,negative,1418,outer_03,elastic_net,142,4,51203442,5544
"[""cluster__f2308f5991ce73f6""]",cluster__f2308f5991ce73f6,block_permutation,-0.0008266637171677749,negative,1418,outer_03,elastic_net,142,5,51203443,5544
"[""cluster__f2308f5991ce73f6""]",cluster__f2308f5991ce73f6,block_permutation,-0.0006427457866278186,negative,1418,outer_03,elastic_net,142,6,51203444,5544
"[""cluster__f2308f5991ce73f6""]",cluster__f2308f5991ce73f6,block_permutation,-0.0009326760418361113,negative,1418,outer_03,elastic_net,142,7,51203445,5544
"[""cluster__f2308f5991ce73f6""]",cluster__f2308f5991ce73f6,block_permutation,-0.0011004909796116236,negative,1418,outer_03,elastic_net,142,8,51203446,5544
"[""cluster__f2308f5991ce73f6""]",cluster__f2308f5991ce73f6,block_permutation,-0.0008808052774120778,negative,1418,outer_03,elastic_net,142,9,51203447,5544
"[""cluster__f3105bf2ea19861a""]",cluster__f3105bf2ea19861a,block_permutation,0.0,zero,1418,outer_03,elastic_net,142,0,51203448,5544
"[""cluster__f3105bf2ea19861a""]",cluster__f3105bf2ea19861a,block_permutation,0.0,zero,1418,outer_03,elastic_net,142,1,51203449,5544
"[""cluster__f3105bf2ea19861a""]",cluster__f3105bf2ea19861a,block_permutation,0.0,zero,1418,outer_03,elastic_net,142,2,51203450,5544
"[""cluster__f3105bf2ea19861a""]",cluster__f3105bf2ea19861a,block_permutation,0.0,zero,1418,outer_03,elastic_net,142,3,51203451,5544
"[""cluster__f3105bf2ea19861a""]",cluster__f3105bf2ea19861a,block_permutation,0.0,zero,1418,outer_03,elastic_net,142,4,51203452,5544
"[""cluster__f3105bf2ea19861a""]",cluster__f3105bf2ea19861a,block_permutation,0.0,zero,1418,outer_03,elastic_net,142,5,51203453,5544
"[""cluster__f3105bf2ea19861a""]",cluster__f3105bf2ea19861a,block_permutation,0.0,zero,1418,outer_03,elastic_net,142,6,51203454,5544
"[""cluster__f3105bf2ea19861a""]",cluster__f3105bf2ea19861a,block_permutation,0.0,zero,1418,outer_03,elastic_net,142,7,51203455,5544
"[""cluster__f3105bf2ea19861a""]",cluster__f3105bf2ea19861a,block_permutation,0.0,zero,1418,outer_03,elastic_net,142,8,51203456,5544
"[""cluster__f3105bf2ea19861a""]",cluster__f3105bf2ea19861a,block_permutation,0.0,zero,1418,outer_03,elastic_net,142,9,51203457,5544
"[""cluster__f344d3ca8bc6155a""]",cluster__f344d3ca8bc6155a,block_permutation,0.0,zero,1418,outer_03,elastic_net,142,0,51203458,5544
"[""cluster__f344d3ca8bc6155a""]",cluster__f344d3ca8bc6155a,block_permutation,0.0,zero,1418,outer_03,elastic_net,142,1,51203459,5544
"[""cluster__f344d3ca8bc6155a""]",cluster__f344d3ca8bc6155a,block_permutation,0.0,zero,1418,outer_03,elastic_net,142,2,51203460,5544
"[""cluster__f344d3ca8bc6155a""]",cluster__f344d3ca8bc6155a,block_permutation,0.0,zero,1418,outer_03,elastic_net,142,3,51203461,5544
"[""cluster__f344d3ca8bc6155a""]",cluster__f344d3ca8bc6155a,block_permutation,0.0,zero,1418,outer_03,elastic_net,142,4,51203462,5544
"[""cluster__f344d3ca8bc6155a""]",cluster__f344d3ca8bc6155a,block_permutation,0.0,zero,1418,outer_03,elastic_net,142,5,51203463,5544
"[""cluster__f344d3ca8bc6155a""]",cluster__f344d3ca8bc6155a,block_permutation,0.0,zero,1418,outer_03,elastic_net,142,6,51203464,5544
"[""cluster__f344d3ca8bc6155a""]",cluster__f344d3ca8bc6155a,block_permutation,0.0,zero,1418,outer_03,elastic_net,142,7,51203465,5544
"[""cluster__f344d3ca8bc6155a""]",cluster__f344d3ca8bc6155a,block_permutation,0.0,zero,1418,outer_03,elastic_net,142,8,51203466,5544
"[""cluster__f344d3ca8bc6155a""]",cluster__f344d3ca8bc6155a,block_permutation,0.0,zero,1418,outer_03,elastic_net,142,9,51203467,5544
"[""cluster__fb3b9bf085ae4374""]",cluster__fb3b9bf085ae4374,block_permutation,0.0,zero,1418,outer_03,elastic_net,142,0,51203468,5544
"[""cluster__fb3b9bf085ae4374""]",cluster__fb3b9bf085ae4374,block_permutation,0.0,zero,1418,outer_03,elastic_net,142,1,51203469,5544
"[""cluster__fb3b9bf085ae4374""]",cluster__fb3b9bf085ae4374,block_permutation,0.0,zero,1418,outer_03,elastic_net,142,2,51203470,5544
"[""cluster__fb3b9bf085ae4374""]",cluster__fb3b9bf085ae4374,block_permutation,0.0,zero,1418,outer_03,elastic_net,142,3,51203471,5544
"[""cluster__fb3b9bf085ae4374""]",cluster__fb3b9bf085ae4374,block_permutation,0.0,zero,1418,outer_03,elastic_net,142,4,51203472,5544
"[""cluster__fb3b9bf085ae4374""]",cluster__fb3b9bf085ae4374,block_permutation,0.0,zero,1418,outer_03,elastic_net,142,5,51203473,5544
"[""cluster__fb3b9bf085ae4374""]",cluster__fb3b9bf085ae4374,block_permutation,0.0,zero,1418,outer_03,elastic_net,142,6,51203474,5544
"[""cluster__fb3b9bf085ae4374""]",cluster__fb3b9bf085ae4374,block_permutation,0.0,zero,1418,outer_03,elastic_net,142,7,51203475,5544
"[""cluster__fb3b9bf085ae4374""]",cluster__fb3b9bf085ae4374,block_permutation,0.0,zero,1418,outer_03,elastic_net,142,8,51203476,5544
"[""cluster__fb3b9bf085ae4374""]",cluster__fb3b9bf085ae4374,block_permutation,0.0,zero,1418,outer_03,elastic_net,142,9,51203477,5544
"[""cluster__fc5bdd24bfb709b8""]",cluster__fc5bdd24bfb709b8,block_permutation,0.0,zero,1418,outer_03,elastic_net,142,0,51203478,5544
"[""cluster__fc5bdd24bfb709b8""]",cluster__fc5bdd24bfb709b8,block_permutation,0.0,zero,1418,outer_03,elastic_net,142,1,51203479,5544
"[""cluster__fc5bdd24bfb709b8""]",cluster__fc5bdd24bfb709b8,block_permutation,0.0,zero,1418,outer_03,elastic_net,142,2,51203480,5544
"[""cluster__fc5bdd24bfb709b8""]",cluster__fc5bdd24bfb709b8,block_permutation,0.0,zero,1418,outer_03,elastic_net,142,3,51203481,5544
"[""cluster__fc5bdd24bfb709b8""]",cluster__fc5bdd24bfb709b8,block_permutation,0.0,zero,1418,outer_03,elastic_net,142,4,51203482,5544
"[""cluster__fc5bdd24bfb709b8""]",cluster__fc5bdd24bfb709b8,block_permutation,0.0,zero,1418,outer_03,elastic_net,142,5,51203483,5544
"[""cluster__fc5bdd24bfb709b8""]",cluster__fc5bdd24bfb709b8,block_permutation,0.0,zero,1418,outer_03,elastic_net,142,6,51203484,5544
"[""cluster__fc5bdd24bfb709b8""]",cluster__fc5bdd24bfb709b8,block_permutation,0.0,zero,1418,outer_03,elastic_net,142,7,51203485,5544
"[""cluster__fc5bdd24bfb709b8""]",cluster__fc5bdd24bfb709b8,block_permutation,0.0,zero,1418,outer_03,elastic_net,142,8,51203486,5544
"[""cluster__fc5bdd24bfb709b8""]",cluster__fc5bdd24bfb709b8,block_permutation,0.0,zero,1418,outer_03,elastic_net,142,9,51203487,5544
"[""cluster__fd3291f0b03d2dd6""]",cluster__fd3291f0b03d2dd6,block_permutation,0.0052113332775243215,positive,1418,outer_03,elastic_net,142,0,51203488,5544
"[""cluster__fd3291f0b03d2dd6""]",cluster__fd3291f0b03d2dd6,block_permutation,0.004557266096535617,positive,1418,outer_03,elastic_net,142,1,51203489,5544
"[""cluster__fd3291f0b03d2dd6""]",cluster__fd3291f0b03d2dd6,block_permutation,0.009030994189769936,positive,1418,outer_03,elastic_net,142,2,51203490,5544
"[""cluster__fd3291f0b03d2dd6""]",cluster__fd3291f0b03d2dd6,block_permutation,0.005860068198568769,positive,1418,outer_03,elastic_net,142,3,51203491,5544
"[""cluster__fd3291f0b03d2dd6""]",cluster__fd3291f0b03d2dd6,block_permutation,0.004122659513827509,positive,1418,outer_03,elastic_net,142,4,51203492,5544
"[""cluster__fd3291f0b03d2dd6""]",cluster__fd3291f0b03d2dd6,block_permutation,0.006079370167777265,positive,1418,outer_03,elastic_net,142,5,51203493,5544
"[""cluster__fd3291f0b03d2dd6""]",cluster__fd3291f0b03d2dd6,block_permutation,0.004459257077002787,positive,1418,outer_03,elastic_net,142,6,51203494,5544
"[""cluster__fd3291f0b03d2dd6""]",cluster__fd3291f0b03d2dd6,block_permutation,0.007261837937646565,positive,1418,outer_03,elastic_net,142,7,51203495,5544
"[""cluster__fd3291f0b03d2dd6""]",cluster__fd3291f0b03d2dd6,block_permutation,0.006151927567996984,positive,1418,outer_03,elastic_net,142,8,51203496,5544
"[""cluster__fd3291f0b03d2dd6""]",cluster__fd3291f0b03d2dd6,block_permutation,0.008147609228814523,positive,1418,outer_03,elastic_net,142,9,51203497,5544
"[""cluster__feb3f6ac5faeccec""]",cluster__feb3f6ac5faeccec,block_permutation,0.0,zero,1418,outer_03,elastic_net,142,0,51203498,5544
"[""cluster__feb3f6ac5faeccec""]",cluster__feb3f6ac5faeccec,block_permutation,0.0,zero,1418,outer_03,elastic_net,142,1,51203499,5544
"[""cluster__feb3f6ac5faeccec""]",cluster__feb3f6ac5faeccec,block_permutation,0.0,zero,1418,outer_03,elastic_net,142,2,51203500,5544
"[""cluster__feb3f6ac5faeccec""]",cluster__feb3f6ac5faeccec,block_permutation,0.0,zero,1418,outer_03,elastic_net,142,3,51203501,5544
"[""cluster__feb3f6ac5faeccec""]",cluster__feb3f6ac5faeccec,block_permutation,0.0,zero,1418,outer_03,elastic_net,142,4,51203502,5544
"[""cluster__feb3f6ac5faeccec""]",cluster__feb3f6ac5faeccec,block_permutation,0.0,zero,1418,outer_03,elastic_net,142,5,51203503,5544
"[""cluster__feb3f6ac5faeccec""]",cluster__feb3f6ac5faeccec,block_permutation,0.0,zero,1418,outer_03,elastic_net,142,6,51203504,5544
"[""cluster__feb3f6ac5faeccec""]",cluster__feb3f6ac5faeccec,block_permutation,0.0,zero,1418,outer_03,elastic_net,142,7,51203505,5544
"[""cluster__feb3f6ac5faeccec""]",cluster__feb3f6ac5faeccec,block_permutation,0.0,zero,1418,outer_03,elastic_net,142,8,51203506,5544
"[""cluster__feb3f6ac5faeccec""]",cluster__feb3f6ac5faeccec,block_permutation,0.0,zero,1418,outer_03,elastic_net,142,9,51203507,5544
"[""cluster__057ded5ba3568a7f""]",cluster__057ded5ba3568a7f,drop_cluster,-4.6246461436583175e-05,negative,1418,outer_03,shallow_gradient_boosting,142,,,5544
"[""cluster__06ca194a0a433de6""]",cluster__06ca194a0a433de6,drop_cluster,0.0,zero,1418,outer_03,shallow_gradient_boosting,142,,,5544
"[""cluster__09e103f2030ca53e""]",cluster__09e103f2030ca53e,drop_cluster,0.0009864900275151633,positive,1418,outer_03,shallow_gradient_boosting,142,,,5544
"[""cluster__0ddaa772748cd2a8""]",cluster__0ddaa772748cd2a8,drop_cluster,-0.006883520123432074,negative,1418,outer_03,shallow_gradient_boosting,142,,,5544
"[""cluster__11a9adfe78800106""]",cluster__11a9adfe78800106,drop_cluster,0.0,zero,1418,outer_03,shallow_gradient_boosting,142,,,5544
"[""cluster__183ba54d92e73c9e""]",cluster__183ba54d92e73c9e,drop_cluster,0.0,zero,1418,outer_03,shallow_gradient_boosting,142,,,5544
"[""cluster__18424cecdf110691""]",cluster__18424cecdf110691,drop_cluster,-0.0015219075736749854,negative,1418,outer_03,shallow_gradient_boosting,142,,,5544
"[""cluster__189d1a90a1a742dc""]",cluster__189d1a90a1a742dc,drop_cluster,0.0,zero,1418,outer_03,shallow_gradient_boosting,142,,,5544
"[""cluster__1a13286f866c4155""]",cluster__1a13286f866c4155,drop_cluster,0.0019957669491865726,positive,1418,outer_03,shallow_gradient_boosting,142,,,5544
"[""cluster__1ce77120fa004169""]",cluster__1ce77120fa004169,drop_cluster,0.0,zero,1418,outer_03,shallow_gradient_boosting,142,,,5544
"[""cluster__1e0e01b9fe15ec55""]",cluster__1e0e01b9fe15ec55,drop_cluster,0.009738669160282987,positive,1418,outer_03,shallow_gradient_boosting,142,,,5544
"[""cluster__1e968c8901c575db""]",cluster__1e968c8901c575db,drop_cluster,0.0,zero,1418,outer_03,shallow_gradient_boosting,142,,,5544
"[""cluster__1f48220de6e92f9d""]",cluster__1f48220de6e92f9d,drop_cluster,0.0,zero,1418,outer_03,shallow_gradient_boosting,142,,,5544
"[""cluster__20fb49f3528f30d2""]",cluster__20fb49f3528f30d2,drop_cluster,0.0,zero,1418,outer_03,shallow_gradient_boosting,142,,,5544
"[""cluster__23a7d3b95c5e30ff""]",cluster__23a7d3b95c5e30ff,drop_cluster,-0.005343373961780307,negative,1418,outer_03,shallow_gradient_boosting,142,,,5544
"[""cluster__26090851fa96f8cf""]",cluster__26090851fa96f8cf,drop_cluster,-0.004368152300396888,negative,1418,outer_03,shallow_gradient_boosting,142,,,5544
"[""cluster__26ad2c75d43d49ad""]",cluster__26ad2c75d43d49ad,drop_cluster,0.0,zero,1418,outer_03,shallow_gradient_boosting,142,,,5544
"[""cluster__29963467135cd4cd""]",cluster__29963467135cd4cd,drop_cluster,0.0,zero,1418,outer_03,shallow_gradient_boosting,142,,,5544
"[""cluster__2d7a1c0d880f88ee""]",cluster__2d7a1c0d880f88ee,drop_cluster,0.0,zero,1418,outer_03,shallow_gradient_boosting,142,,,5544
"[""cluster__2e6f29d20733c126""]",cluster__2e6f29d20733c126,drop_cluster,0.0,zero,1418,outer_03,shallow_gradient_boosting,142,,,5544
"[""cluster__2f6f9b66bf9da773""]",cluster__2f6f9b66bf9da773,drop_cluster,0.0,zero,1418,outer_03,shallow_gradient_boosting,142,,,5544
"[""cluster__2f97bd40c280c05c""]",cluster__2f97bd40c280c05c,drop_cluster,0.0,zero,1418,outer_03,shallow_gradient_boosting,142,,,5544
"[""cluster__372b2f68b07503c0""]",cluster__372b2f68b07503c0,drop_cluster,0.0,zero,1418,outer_03,shallow_gradient_boosting,142,,,5544
"[""cluster__394bc857d8fc4a57""]",cluster__394bc857d8fc4a57,drop_cluster,0.0,zero,1418,outer_03,shallow_gradient_boosting,142,,,5544
"[""cluster__3a128293ed568dc0""]",cluster__3a128293ed568dc0,drop_cluster,0.0014709371540433391,positive,1418,outer_03,shallow_gradient_boosting,142,,,5544
"[""cluster__3c67dd0616449c2d""]",cluster__3c67dd0616449c2d,drop_cluster,-0.0029706894918286597,negative,1418,outer_03,shallow_gradient_boosting,142,,,5544
"[""cluster__3cf051d5429a5851""]",cluster__3cf051d5429a5851,drop_cluster,0.0,zero,1418,outer_03,shallow_gradient_boosting,142,,,5544
"[""cluster__3e5336b9c24613b3""]",cluster__3e5336b9c24613b3,drop_cluster,0.0,zero,1418,outer_03,shallow_gradient_boosting,142,,,5544
"[""cluster__421a4a1c5073e265""]",cluster__421a4a1c5073e265,drop_cluster,0.0,zero,1418,outer_03,shallow_gradient_boosting,142,,,5544
"[""cluster__453e45b37c54e768""]",cluster__453e45b37c54e768,drop_cluster,0.0,zero,1418,outer_03,shallow_gradient_boosting,142,,,5544
"[""cluster__477b0804b0e235c3""]",cluster__477b0804b0e235c3,drop_cluster,0.0015301859395391304,positive,1418,outer_03,shallow_gradient_boosting,142,,,5544
"[""cluster__4a28d5e18578418a""]",cluster__4a28d5e18578418a,drop_cluster,0.0,zero,1418,outer_03,shallow_gradient_boosting,142,,,5544
"[""cluster__4e66a854583b258d""]",cluster__4e66a854583b258d,drop_cluster,0.014898392939136418,positive,1418,outer_03,shallow_gradient_boosting,142,,,5544
"[""cluster__4e7b6658b598876b""]",cluster__4e7b6658b598876b,drop_cluster,0.0,zero,1418,outer_03,shallow_gradient_boosting,142,,,5544
"[""cluster__4f2f17103c6e4b0f""]",cluster__4f2f17103c6e4b0f,drop_cluster,0.0,zero,1418,outer_03,shallow_gradient_boosting,142,,,5544
"[""cluster__5a65732a4a4ff188""]",cluster__5a65732a4a4ff188,drop_cluster,0.003355315509796286,positive,1418,outer_03,shallow_gradient_boosting,142,,,5544
"[""cluster__5c7bb033aa35772f""]",cluster__5c7bb033aa35772f,drop_cluster,0.0,zero,1418,outer_03,shallow_gradient_boosting,142,,,5544
"[""cluster__638294e28a507a16""]",cluster__638294e28a507a16,drop_cluster,-0.0028222710217691294,negative,1418,outer_03,shallow_gradient_boosting,142,,,5544
"[""cluster__6567e1495fb81e67""]",cluster__6567e1495fb81e67,drop_cluster,0.0,zero,1418,outer_03,shallow_gradient_boosting,142,,,5544
"[""cluster__6712d3b7bf51390b""]",cluster__6712d3b7bf51390b,drop_cluster,0.0,zero,1418,outer_03,shallow_gradient_boosting,142,,,5544
"[""cluster__69905f0e3a72c606""]",cluster__69905f0e3a72c606,drop_cluster,0.0,zero,1418,outer_03,shallow_gradient_boosting,142,,,5544
"[""cluster__6a9c460c39dcad34""]",cluster__6a9c460c39dcad34,drop_cluster,0.0,zero,1418,outer_03,shallow_gradient_boosting,142,,,5544
"[""cluster__71c4d932236b3eeb""]",cluster__71c4d932236b3eeb,drop_cluster,0.0,zero,1418,outer_03,shallow_gradient_boosting,142,,,5544
"[""cluster__724520f09acc991f""]",cluster__724520f09acc991f,drop_cluster,0.0,zero,1418,outer_03,shallow_gradient_boosting,142,,,5544
"[""cluster__7533afca12d5c845""]",cluster__7533afca12d5c845,drop_cluster,0.0,zero,1418,outer_03,shallow_gradient_boosting,142,,,5544
"[""cluster__75ae125737df1102""]",cluster__75ae125737df1102,drop_cluster,0.0,zero,1418,outer_03,shallow_gradient_boosting,142,,,5544
"[""cluster__773984b00b5c1f1c""]",cluster__773984b00b5c1f1c,drop_cluster,0.0,zero,1418,outer_03,shallow_gradient_boosting,142,,,5544
"[""cluster__7cc2e09b9a932b39""]",cluster__7cc2e09b9a932b39,drop_cluster,0.0,zero,1418,outer_03,shallow_gradient_boosting,142,,,5544
"[""cluster__84da565ba8281d2a""]",cluster__84da565ba8281d2a,drop_cluster,0.0,zero,1418,outer_03,shallow_gradient_boosting,142,,,5544
"[""cluster__87f626d156f0ac67""]",cluster__87f626d156f0ac67,drop_cluster,0.0,zero,1418,outer_03,shallow_gradient_boosting,142,,,5544
"[""cluster__8b57524bef0d2ebf""]",cluster__8b57524bef0d2ebf,drop_cluster,-0.04136398710253686,negative,1418,outer_03,shallow_gradient_boosting,142,,,5544
"[""cluster__8c29a8ea6225c377""]",cluster__8c29a8ea6225c377,drop_cluster,0.0,zero,1418,outer_03,shallow_gradient_boosting,142,,,5544
"[""cluster__8c9f8f99361a6fed""]",cluster__8c9f8f99361a6fed,drop_cluster,0.0,zero,1418,outer_03,shallow_gradient_boosting,142,,,5544
"[""cluster__959b637bd3bb66d4""]",cluster__959b637bd3bb66d4,drop_cluster,0.0,zero,1418,outer_03,shallow_gradient_boosting,142,,,5544
"[""cluster__962c08b556b1c862""]",cluster__962c08b556b1c862,drop_cluster,0.0,zero,1418,outer_03,shallow_gradient_boosting,142,,,5544
"[""cluster__9ca9e2709e5c747a""]",cluster__9ca9e2709e5c747a,drop_cluster,0.0,zero,1418,outer_03,shallow_gradient_boosting,142,,,5544
"[""cluster__a1e835b95b16e9e9""]",cluster__a1e835b95b16e9e9,drop_cluster,0.0,zero,1418,outer_03,shallow_gradient_boosting,142,,,5544
"[""cluster__a59fb5db9f4fd3e0""]",cluster__a59fb5db9f4fd3e0,drop_cluster,-0.05406495230220554,negative,1418,outer_03,shallow_gradient_boosting,142,,,5544
"[""cluster__a7171c841cb9fb67""]",cluster__a7171c841cb9fb67,drop_cluster,0.0,zero,1418,outer_03,shallow_gradient_boosting,142,,,5544
"[""cluster__a827e2207d675df1""]",cluster__a827e2207d675df1,drop_cluster,0.0,zero,1418,outer_03,shallow_gradient_boosting,142,,,5544
"[""cluster__a867b4c1b44d375e""]",cluster__a867b4c1b44d375e,drop_cluster,-0.001105353960530575,negative,1418,outer_03,shallow_gradient_boosting,142,,,5544
"[""cluster__ad0a96a048bbc7d8""]",cluster__ad0a96a048bbc7d8,drop_cluster,0.0,zero,1418,outer_03,shallow_gradient_boosting,142,,,5544
"[""cluster__afbf9ac7f0d6750b""]",cluster__afbf9ac7f0d6750b,drop_cluster,0.0004184739828809736,positive,1418,outer_03,shallow_gradient_boosting,142,,,5544
"[""cluster__b3049e2f6d60b737""]",cluster__b3049e2f6d60b737,drop_cluster,-0.009856341076638353,negative,1418,outer_03,shallow_gradient_boosting,142,,,5544
"[""cluster__b31ca2d0bf76f633""]",cluster__b31ca2d0bf76f633,drop_cluster,0.0,zero,1418,outer_03,shallow_gradient_boosting,142,,,5544
"[""cluster__b3a7ffd8d4e710b8""]",cluster__b3a7ffd8d4e710b8,drop_cluster,0.0,zero,1418,outer_03,shallow_gradient_boosting,142,,,5544
"[""cluster__b89a1d7f25394d90""]",cluster__b89a1d7f25394d90,drop_cluster,0.0,zero,1418,outer_03,shallow_gradient_boosting,142,,,5544
"[""cluster__b8b7a0836024d4d3""]",cluster__b8b7a0836024d4d3,drop_cluster,-0.03376697236256421,negative,1418,outer_03,shallow_gradient_boosting,142,,,5544
"[""cluster__b9449c25001f7b51""]",cluster__b9449c25001f7b51,drop_cluster,0.0019515664254519116,positive,1418,outer_03,shallow_gradient_boosting,142,,,5544
"[""cluster__bc09b5bb95952a78""]",cluster__bc09b5bb95952a78,drop_cluster,-0.0003953629867468056,negative,1418,outer_03,shallow_gradient_boosting,142,,,5544
"[""cluster__c2362e322fead508""]",cluster__c2362e322fead508,drop_cluster,-0.0014671028748611814,negative,1418,outer_03,shallow_gradient_boosting,142,,,5544
"[""cluster__c31b8136d504bf03""]",cluster__c31b8136d504bf03,drop_cluster,0.0,zero,1418,outer_03,shallow_gradient_boosting,142,,,5544
"[""cluster__c5e49f1433602139""]",cluster__c5e49f1433602139,drop_cluster,0.0,zero,1418,outer_03,shallow_gradient_boosting,142,,,5544
"[""cluster__c9bce3cfeb10e97e""]",cluster__c9bce3cfeb10e97e,drop_cluster,0.0,zero,1418,outer_03,shallow_gradient_boosting,142,,,5544
"[""cluster__d0b21ec5092ce804""]",cluster__d0b21ec5092ce804,drop_cluster,0.0,zero,1418,outer_03,shallow_gradient_boosting,142,,,5544
"[""cluster__db99c4b3ba8fc30d""]",cluster__db99c4b3ba8fc30d,drop_cluster,0.0,zero,1418,outer_03,shallow_gradient_boosting,142,,,5544
"[""cluster__e11a6d709526da4b""]",cluster__e11a6d709526da4b,drop_cluster,-0.005720627149023105,negative,1418,outer_03,shallow_gradient_boosting,142,,,5544
"[""cluster__e52784991ac5d943""]",cluster__e52784991ac5d943,drop_cluster,0.0,zero,1418,outer_03,shallow_gradient_boosting,142,,,5544
"[""cluster__e6215b6a0fbc0220""]",cluster__e6215b6a0fbc0220,drop_cluster,0.0,zero,1418,outer_03,shallow_gradient_boosting,142,,,5544
"[""cluster__e7f75a569587b0f8""]",cluster__e7f75a569587b0f8,drop_cluster,0.0,zero,1418,outer_03,shallow_gradient_boosting,142,,,5544
"[""cluster__ea16c5febde76055""]",cluster__ea16c5febde76055,drop_cluster,0.0,zero,1418,outer_03,shallow_gradient_boosting,142,,,5544
"[""cluster__efa5f4d4b9a2c999""]",cluster__efa5f4d4b9a2c999,drop_cluster,0.0,zero,1418,outer_03,shallow_gradient_boosting,142,,,5544
"[""cluster__f03f4701c752ba34""]",cluster__f03f4701c752ba34,drop_cluster,-0.010934083422844632,negative,1418,outer_03,shallow_gradient_boosting,142,,,5544
"[""cluster__f2308f5991ce73f6""]",cluster__f2308f5991ce73f6,drop_cluster,0.0,zero,1418,outer_03,shallow_gradient_boosting,142,,,5544
"[""cluster__f3105bf2ea19861a""]",cluster__f3105bf2ea19861a,drop_cluster,0.0,zero,1418,outer_03,shallow_gradient_boosting,142,,,5544
"[""cluster__f344d3ca8bc6155a""]",cluster__f344d3ca8bc6155a,drop_cluster,0.0013672506234538861,positive,1418,outer_03,shallow_gradient_boosting,142,,,5544
"[""cluster__fb3b9bf085ae4374""]",cluster__fb3b9bf085ae4374,drop_cluster,0.0,zero,1418,outer_03,shallow_gradient_boosting,142,,,5544
"[""cluster__fc5bdd24bfb709b8""]",cluster__fc5bdd24bfb709b8,drop_cluster,0.0,zero,1418,outer_03,shallow_gradient_boosting,142,,,5544
"[""cluster__fd3291f0b03d2dd6""]",cluster__fd3291f0b03d2dd6,drop_cluster,-0.0032682063764466474,negative,1418,outer_03,shallow_gradient_boosting,142,,,5544
"[""cluster__feb3f6ac5faeccec""]",cluster__feb3f6ac5faeccec,drop_cluster,0.0,zero,1418,outer_03,shallow_gradient_boosting,142,,,5544
"[""cluster__057ded5ba3568a7f"", ""cluster__1ce77120fa004169"", ""cluster__1f48220de6e92f9d"", ""cluster__394bc857d8fc4a57"", ""cluster__3a128293ed568dc0"", ""cluster__5a65732a4a4ff188"", ""cluster__5c7bb033aa35772f"", ""cluster__724520f09acc991f"", ""cluster__7cc2e09b9a932b39"", ""cluster__a1e835b95b16e9e9"", ""cluster__ad0a96a048bbc7d8"", ""cluster__b89a1d7f25394d90"", ""cluster__b9449c25001f7b51"", ""cluster__c2362e322fead508"", ""cluster__c31b8136d504bf03"", ""cluster__c5e49f1433602139"", ""cluster__d0b21ec5092ce804"", ""cluster__e11a6d709526da4b"", ""cluster__e6215b6a0fbc0220"", ""cluster__f03f4701c752ba34"", ""cluster__f2308f5991ce73f6"", ""cluster__fd3291f0b03d2dd6""]",book_liquidity,drop_family,0.0180144942429874,positive,1418,outer_03,shallow_gradient_boosting,142,,,5544
"[""cluster__477b0804b0e235c3"", ""cluster__ea16c5febde76055""]",interaction,drop_family,0.0015301859395391304,positive,1418,outer_03,shallow_gradient_boosting,142,,,5544
"[""cluster__7533afca12d5c845""]",mixed:interaction+ofi,drop_family,0.0,zero,1418,outer_03,shallow_gradient_boosting,142,,,5544
"[""cluster__06ca194a0a433de6"", ""cluster__0ddaa772748cd2a8"", ""cluster__183ba54d92e73c9e"", ""cluster__1a13286f866c4155"", ""cluster__1e0e01b9fe15ec55"", ""cluster__1e968c8901c575db"", ""cluster__26090851fa96f8cf"", ""cluster__26ad2c75d43d49ad"", ""cluster__29963467135cd4cd"", ""cluster__2d7a1c0d880f88ee"", ""cluster__2e6f29d20733c126"", ""cluster__2f6f9b66bf9da773"", ""cluster__2f97bd40c280c05c"", ""cluster__372b2f68b07503c0"", ""cluster__3cf051d5429a5851"", ""cluster__3e5336b9c24613b3"", ""cluster__421a4a1c5073e265"", ""cluster__453e45b37c54e768"", ""cluster__4a28d5e18578418a"", ""cluster__6712d3b7bf51390b"", ""cluster__69905f0e3a72c606"", ""cluster__6a9c460c39dcad34"", ""cluster__75ae125737df1102"", ""cluster__773984b00b5c1f1c"", ""cluster__84da565ba8281d2a"", ""cluster__87f626d156f0ac67"", ""cluster__8b57524bef0d2ebf"", ""cluster__8c29a8ea6225c377"", ""cluster__8c9f8f99361a6fed"", ""cluster__959b637bd3bb66d4"", ""cluster__a7171c841cb9fb67"", ""cluster__a827e2207d675df1"", ""cluster__a867b4c1b44d375e"", ""cluster__afbf9ac7f0d6750b"", ""cluster__b31ca2d0bf76f633"", ""cluster__b3a7ffd8d4e710b8"", ""cluster__c9bce3cfeb10e97e"", ""cluster__db99c4b3ba8fc30d"", ""cluster__e52784991ac5d943"", ""cluster__efa5f4d4b9a2c999"", ""cluster__fb3b9bf085ae4374"", ""cluster__fc5bdd24bfb709b8"", ""cluster__feb3f6ac5faeccec""]",ofi,drop_family,-0.05313695484909298,negative,1418,outer_03,shallow_gradient_boosting,142,,,5544
"[""cluster__20fb49f3528f30d2"", ""cluster__3c67dd0616449c2d"", ""cluster__4e66a854583b258d"", ""cluster__4f2f17103c6e4b0f"", ""cluster__a59fb5db9f4fd3e0"", ""cluster__f3105bf2ea19861a""]",price_path,drop_family,-0.04705277110413508,negative,1418,outer_03,shallow_gradient_boosting,142,,,5544
"[""cluster__09e103f2030ca53e"", ""cluster__18424cecdf110691"", ""cluster__189d1a90a1a742dc"", ""cluster__4e7b6658b598876b"", ""cluster__638294e28a507a16"", ""cluster__6567e1495fb81e67"", ""cluster__71c4d932236b3eeb"", ""cluster__962c08b556b1c862"", ""cluster__9ca9e2709e5c747a"", ""cluster__b3049e2f6d60b737"", ""cluster__b8b7a0836024d4d3"", ""cluster__e7f75a569587b0f8"", ""cluster__f344d3ca8bc6155a""]",surface_quality,drop_family,-0.048105259500175634,negative,1418,outer_03,shallow_gradient_boosting,142,,,5544
"[""cluster__11a9adfe78800106"", ""cluster__23a7d3b95c5e30ff"", ""cluster__bc09b5bb95952a78""]",time_regime,drop_family,-5.9378192245773675e-05,negative,1418,outer_03,shallow_gradient_boosting,142,,,5544
"[""cluster__057ded5ba3568a7f""]",cluster__057ded5ba3568a7f,block_permutation,0.0005324891008011701,positive,1418,outer_03,shallow_gradient_boosting,142,0,51202608,5544
"[""cluster__057ded5ba3568a7f""]",cluster__057ded5ba3568a7f,block_permutation,0.00030568794752960926,positive,1418,outer_03,shallow_gradient_boosting,142,1,51202609,5544
"[""cluster__057ded5ba3568a7f""]",cluster__057ded5ba3568a7f,block_permutation,-5.8414836200171294e-05,negative,1418,outer_03,shallow_gradient_boosting,142,2,51202610,5544
"[""cluster__057ded5ba3568a7f""]",cluster__057ded5ba3568a7f,block_permutation,0.00011067460065183887,positive,1418,outer_03,shallow_gradient_boosting,142,3,51202611,5544
"[""cluster__057ded5ba3568a7f""]",cluster__057ded5ba3568a7f,block_permutation,0.0007390840825394207,positive,1418,outer_03,shallow_gradient_boosting,142,4,51202612,5544
"[""cluster__057ded5ba3568a7f""]",cluster__057ded5ba3568a7f,block_permutation,0.0002779388115654591,positive,1418,outer_03,shallow_gradient_boosting,142,5,51202613,5544
"[""cluster__057ded5ba3568a7f""]",cluster__057ded5ba3568a7f,block_permutation,-0.0006267041172880461,negative,1418,outer_03,shallow_gradient_boosting,142,6,51202614,5544
"[""cluster__057ded5ba3568a7f""]",cluster__057ded5ba3568a7f,block_permutation,0.0005085698929190308,positive,1418,outer_03,shallow_gradient_boosting,142,7,51202615,5544
"[""cluster__057ded5ba3568a7f""]",cluster__057ded5ba3568a7f,block_permutation,0.00048465578481482474,positive,1418,outer_03,shallow_gradient_boosting,142,8,51202616,5544
"[""cluster__057ded5ba3568a7f""]",cluster__057ded5ba3568a7f,block_permutation,3.823544914016708e-05,positive,1418,outer_03,shallow_gradient_boosting,142,9,51202617,5544
"[""cluster__06ca194a0a433de6""]",cluster__06ca194a0a433de6,block_permutation,0.0,zero,1418,outer_03,shallow_gradient_boosting,142,0,51202618,5544
"[""cluster__06ca194a0a433de6""]",cluster__06ca194a0a433de6,block_permutation,0.0,zero,1418,outer_03,shallow_gradient_boosting,142,1,51202619,5544
"[""cluster__06ca194a0a433de6""]",cluster__06ca194a0a433de6,block_permutation,0.0,zero,1418,outer_03,shallow_gradient_boosting,142,2,51202620,5544
"[""cluster__06ca194a0a433de6""]",cluster__06ca194a0a433de6,block_permutation,0.0,zero,1418,outer_03,shallow_gradient_boosting,142,3,51202621,5544
"[""cluster__06ca194a0a433de6""]",cluster__06ca194a0a433de6,block_permutation,0.0,zero,1418,outer_03,shallow_gradient_boosting,142,4,51202622,5544
"[""cluster__06ca194a0a433de6""]",cluster__06ca194a0a433de6,block_permutation,0.0,zero,1418,outer_03,shallow_gradient_boosting,142,5,51202623,5544
"[""cluster__06ca194a0a433de6""]",cluster__06ca194a0a433de6,block_permutation,0.0,zero,1418,outer_03,shallow_gradient_boosting,142,6,51202624,5544
"[""cluster__06ca194a0a433de6""]",cluster__06ca194a0a433de6,block_permutation,0.0,zero,1418,outer_03,shallow_gradient_boosting,142,7,51202625,5544
"[""cluster__06ca194a0a433de6""]",cluster__06ca194a0a433de6,block_permutation,0.0,zero,1418,outer_03,shallow_gradient_boosting,142,8,51202626,5544
"[""cluster__06ca194a0a433de6""]",cluster__06ca194a0a433de6,block_permutation,0.0,zero,1418,outer_03,shallow_gradient_boosting,142,9,51202627,5544
"[""cluster__09e103f2030ca53e""]",cluster__09e103f2030ca53e,block_permutation,0.0013270708176731372,positive,1418,outer_03,shallow_gradient_boosting,142,0,51202628,5544
"[""cluster__09e103f2030ca53e""]",cluster__09e103f2030ca53e,block_permutation,0.0006218143249301367,positive,1418,outer_03,shallow_gradient_boosting,142,1,51202629,5544
"[""cluster__09e103f2030ca53e""]",cluster__09e103f2030ca53e,block_permutation,0.0023831270072496302,positive,1418,outer_03,shallow_gradient_boosting,142,2,51202630,5544
"[""cluster__09e103f2030ca53e""]",cluster__09e103f2030ca53e,block_permutation,0.0033172055263150924,positive,1418,outer_03,shallow_gradient_boosting,142,3,51202631,5544
"[""cluster__09e103f2030ca53e""]",cluster__09e103f2030ca53e,block_permutation,0.0010131435804419109,positive,1418,outer_03,shallow_gradient_boosting,142,4,51202632,5544
"[""cluster__09e103f2030ca53e""]",cluster__09e103f2030ca53e,block_permutation,0.0009918192892330868,positive,1418,outer_03,shallow_gradient_boosting,142,5,51202633,5544
"[""cluster__09e103f2030ca53e""]",cluster__09e103f2030ca53e,block_permutation,3.575210776673998e-05,positive,1418,outer_03,shallow_gradient_boosting,142,6,51202634,5544
"[""cluster__09e103f2030ca53e""]",cluster__09e103f2030ca53e,block_permutation,-0.0009809532847069313,negative,1418,outer_03,shallow_gradient_boosting,142,7,51202635,5544
"[""cluster__09e103f2030ca53e""]",cluster__09e103f2030ca53e,block_permutation,0.0015352813049454017,positive,1418,outer_03,shallow_gradient_boosting,142,8,51202636,5544
"[""cluster__09e103f2030ca53e""]",cluster__09e103f2030ca53e,block_permutation,-0.0003222940690543741,negative,1418,outer_03,shallow_gradient_boosting,142,9,51202637,5544
"[""cluster__0ddaa772748cd2a8""]",cluster__0ddaa772748cd2a8,block_permutation,0.005732993193214853,positive,1418,outer_03,shallow_gradient_boosting,142,0,51202638,5544
"[""cluster__0ddaa772748cd2a8""]",cluster__0ddaa772748cd2a8,block_permutation,-6.385997872437876e-05,negative,1418,outer_03,shallow_gradient_boosting,142,1,51202639,5544
"[""cluster__0ddaa772748cd2a8""]",cluster__0ddaa772748cd2a8,block_permutation,-0.0014605936471399072,negative,1418,outer_03,shallow_gradient_boosting,142,2,51202640,5544
"[""cluster__0ddaa772748cd2a8""]",cluster__0ddaa772748cd2a8,block_permutation,0.0005454305495815603,positive,1418,outer_03,shallow_gradient_boosting,142,3,51202641,5544
"[""cluster__0ddaa772748cd2a8""]",cluster__0ddaa772748cd2a8,block_permutation,-0.000782299657325014,negative,1418,outer_03,shallow_gradient_boosting,142,4,51202642,5544
"[""cluster__0ddaa772748cd2a8""]",cluster__0ddaa772748cd2a8,block_permutation,-0.0005018921242787577,negative,1418,outer_03,shallow_gradient_boosting,142,5,51202643,5544
"[""cluster__0ddaa772748cd2a8""]",cluster__0ddaa772748cd2a8,block_permutation,-0.002048578115574351,negative,1418,outer_03,shallow_gradient_boosting,142,6,51202644,5544
"[""cluster__0ddaa772748cd2a8""]",cluster__0ddaa772748cd2a8,block_permutation,0.007737740287374839,positive,1418,outer_03,shallow_gradient_boosting,142,7,51202645,5544
"[""cluster__0ddaa772748cd2a8""]",cluster__0ddaa772748cd2a8,block_permutation,-0.0007059600123215937,negative,1418,outer_03,shallow_gradient_boosting,142,8,51202646,5544
"[""cluster__0ddaa772748cd2a8""]",cluster__0ddaa772748cd2a8,block_permutation,0.0006761003242987673,positive,1418,outer_03,shallow_gradient_boosting,142,9,51202647,5544
"[""cluster__11a9adfe78800106""]",cluster__11a9adfe78800106,block_permutation,0.0,zero,1418,outer_03,shallow_gradient_boosting,142,0,51202648,5544
"[""cluster__11a9adfe78800106""]",cluster__11a9adfe78800106,block_permutation,0.0,zero,1418,outer_03,shallow_gradient_boosting,142,1,51202649,5544
"[""cluster__11a9adfe78800106""]",cluster__11a9adfe78800106,block_permutation,0.0,zero,1418,outer_03,shallow_gradient_boosting,142,2,51202650,5544
"[""cluster__11a9adfe78800106""]",cluster__11a9adfe78800106,block_permutation,0.0,zero,1418,outer_03,shallow_gradient_boosting,142,3,51202651,5544
"[""cluster__11a9adfe78800106""]",cluster__11a9adfe78800106,block_permutation,0.0,zero,1418,outer_03,shallow_gradient_boosting,142,4,51202652,5544
"[""cluster__11a9adfe78800106""]",cluster__11a9adfe78800106,block_permutation,0.0,zero,1418,outer_03,shallow_gradient_boosting,142,5,51202653,5544
"[""cluster__11a9adfe78800106""]",cluster__11a9adfe78800106,block_permutation,0.0,zero,1418,outer_03,shallow_gradient_boosting,142,6,51202654,5544
"[""cluster__11a9adfe78800106""]",cluster__11a9adfe78800106,block_permutation,0.0,zero,1418,outer_03,shallow_gradient_boosting,142,7,51202655,5544
"[""cluster__11a9adfe78800106""]",cluster__11a9adfe78800106,block_permutation,0.0,zero,1418,outer_03,shallow_gradient_boosting,142,8,51202656,5544
"[""cluster__11a9adfe78800106""]",cluster__11a9adfe78800106,block_permutation,0.0,zero,1418,outer_03,shallow_gradient_boosting,142,9,51202657,5544
"[""cluster__183ba54d92e73c9e""]",cluster__183ba54d92e73c9e,block_permutation,0.0,zero,1418,outer_03,shallow_gradient_boosting,142,0,51202658,5544
"[""cluster__183ba54d92e73c9e""]",cluster__183ba54d92e73c9e,block_permutation,0.0,zero,1418,outer_03,shallow_gradient_boosting,142,1,51202659,5544
"[""cluster__183ba54d92e73c9e""]",cluster__183ba54d92e73c9e,block_permutation,0.0,zero,1418,outer_03,shallow_gradient_boosting,142,2,51202660,5544
"[""cluster__183ba54d92e73c9e""]",cluster__183ba54d92e73c9e,block_permutation,0.0,zero,1418,outer_03,shallow_gradient_boosting,142,3,51202661,5544
"[""cluster__183ba54d92e73c9e""]",cluster__183ba54d92e73c9e,block_permutation,0.0,zero,1418,outer_03,shallow_gradient_boosting,142,4,51202662,5544
"[""cluster__183ba54d92e73c9e""]",cluster__183ba54d92e73c9e,block_permutation,0.0,zero,1418,outer_03,shallow_gradient_boosting,142,5,51202663,5544
"[""cluster__183ba54d92e73c9e""]",cluster__183ba54d92e73c9e,block_permutation,0.0,zero,1418,outer_03,shallow_gradient_boosting,142,6,51202664,5544
"[""cluster__183ba54d92e73c9e""]",cluster__183ba54d92e73c9e,block_permutation,0.0,zero,1418,outer_03,shallow_gradient_boosting,142,7,51202665,5544
"[""cluster__183ba54d92e73c9e""]",cluster__183ba54d92e73c9e,block_permutation,0.0,zero,1418,outer_03,shallow_gradient_boosting,142,8,51202666,5544
"[""cluster__183ba54d92e73c9e""]",cluster__183ba54d92e73c9e,block_permutation,0.0,zero,1418,outer_03,shallow_gradient_boosting,142,9,51202667,5544
"[""cluster__18424cecdf110691""]",cluster__18424cecdf110691,block_permutation,0.0012384694417133524,positive,1418,outer_03,shallow_gradient_boosting,142,0,51202668,5544
"[""cluster__18424cecdf110691""]",cluster__18424cecdf110691,block_permutation,0.0009663027115791589,positive,1418,outer_03,shallow_gradient_boosting,142,1,51202669,5544
"[""cluster__18424cecdf110691""]",cluster__18424cecdf110691,block_permutation,0.0011307937634570386,positive,1418,outer_03,shallow_gradient_boosting,142,2,51202670,5544
"[""cluster__18424cecdf110691""]",cluster__18424cecdf110691,block_permutation,0.004882213825268655,positive,1418,outer_03,shallow_gradient_boosting,142,3,51202671,5544
"[""cluster__18424cecdf110691""]",cluster__18424cecdf110691,block_permutation,0.0012766714379024435,positive,1418,outer_03,shallow_gradient_boosting,142,4,51202672,5544
"[""cluster__18424cecdf110691""]",cluster__18424cecdf110691,block_permutation,0.0001293950312997172,positive,1418,outer_03,shallow_gradient_boosting,142,5,51202673,5544
"[""cluster__18424cecdf110691""]",cluster__18424cecdf110691,block_permutation,0.005731590970293743,positive,1418,outer_03,shallow_gradient_boosting,142,6,51202674,5544
"[""cluster__18424cecdf110691""]",cluster__18424cecdf110691,block_permutation,0.002596849063603246,positive,1418,outer_03,shallow_gradient_boosting,142,7,51202675,5544
"[""cluster__18424cecdf110691""]",cluster__18424cecdf110691,block_permutation,0.0017415203731845352,positive,1418,outer_03,shallow_gradient_boosting,142,8,51202676,5544
"[""cluster__18424cecdf110691""]",cluster__18424cecdf110691,block_permutation,0.0033530040325173704,positive,1418,outer_03,shallow_gradient_boosting,142,9,51202677,5544
"[""cluster__189d1a90a1a742dc""]",cluster__189d1a90a1a742dc,block_permutation,0.0,zero,1418,outer_03,shallow_gradient_boosting,142,0,51202678,5544
"[""cluster__189d1a90a1a742dc""]",cluster__189d1a90a1a742dc,block_permutation,0.0,zero,1418,outer_03,shallow_gradient_boosting,142,1,51202679,5544
"[""cluster__189d1a90a1a742dc""]",cluster__189d1a90a1a742dc,block_permutation,0.0,zero,1418,outer_03,shallow_gradient_boosting,142,2,51202680,5544
"[""cluster__189d1a90a1a742dc""]",cluster__189d1a90a1a742dc,block_permutation,0.0,zero,1418,outer_03,shallow_gradient_boosting,142,3,51202681,5544
"[""cluster__189d1a90a1a742dc""]",cluster__189d1a90a1a742dc,block_permutation,0.0,zero,1418,outer_03,shallow_gradient_boosting,142,4,51202682,5544
"[""cluster__189d1a90a1a742dc""]",cluster__189d1a90a1a742dc,block_permutation,0.0,zero,1418,outer_03,shallow_gradient_boosting,142,5,51202683,5544
"[""cluster__189d1a90a1a742dc""]",cluster__189d1a90a1a742dc,block_permutation,0.0,zero,1418,outer_03,shallow_gradient_boosting,142,6,51202684,5544
"[""cluster__189d1a90a1a742dc""]",cluster__189d1a90a1a742dc,block_permutation,0.0,zero,1418,outer_03,shallow_gradient_boosting,142,7,51202685,5544
"[""cluster__189d1a90a1a742dc""]",cluster__189d1a90a1a742dc,block_permutation,0.0,zero,1418,outer_03,shallow_gradient_boosting,142,8,51202686,5544
"[""cluster__189d1a90a1a742dc""]",cluster__189d1a90a1a742dc,block_permutation,0.0,zero,1418,outer_03,shallow_gradient_boosting,142,9,51202687,5544
"[""cluster__1a13286f866c4155""]",cluster__1a13286f866c4155,block_permutation,-0.0020467769731233876,negative,1418,outer_03,shallow_gradient_boosting,142,0,51202688,5544
"[""cluster__1a13286f866c4155""]",cluster__1a13286f866c4155,block_permutation,0.000876510710120737,positive,1418,outer_03,shallow_gradient_boosting,142,1,51202689,5544
"[""cluster__1a13286f866c4155""]",cluster__1a13286f866c4155,block_permutation,0.0024458778681046844,positive,1418,outer_03,shallow_gradient_boosting,142,2,51202690,5544
"[""cluster__1a13286f866c4155""]",cluster__1a13286f866c4155,block_permutation,-0.006560110386924833,negative,1418,outer_03,shallow_gradient_boosting,142,3,51202691,5544
"[""cluster__1a13286f866c4155""]",cluster__1a13286f866c4155,block_permutation,-0.010992933904347968,negative,1418,outer_03,shallow_gradient_boosting,142,4,51202692,5544
"[""cluster__1a13286f866c4155""]",cluster__1a13286f866c4155,block_permutation,0.006118728931686412,positive,1418,outer_03,shallow_gradient_boosting,142,5,51202693,5544
"[""cluster__1a13286f866c4155""]",cluster__1a13286f866c4155,block_permutation,0.0008326868577934743,positive,1418,outer_03,shallow_gradient_boosting,142,6,51202694,5544
"[""cluster__1a13286f866c4155""]",cluster__1a13286f866c4155,block_permutation,0.012382503896036123,positive,1418,outer_03,shallow_gradient_boosting,142,7,51202695,5544
"[""cluster__1a13286f866c4155""]",cluster__1a13286f866c4155,block_permutation,0.001333241721152456,positive,1418,outer_03,shallow_gradient_boosting,142,8,51202696,5544
"[""cluster__1a13286f866c4155""]",cluster__1a13286f866c4155,block_permutation,-0.0015730579840949055,negative,1418,outer_03,shallow_gradient_boosting,142,9,51202697,5544
"[""cluster__1ce77120fa004169""]",cluster__1ce77120fa004169,block_permutation,0.0,zero,1418,outer_03,shallow_gradient_boosting,142,0,51202698,5544
"[""cluster__1ce77120fa004169""]",cluster__1ce77120fa004169,block_permutation,0.0,zero,1418,outer_03,shallow_gradient_boosting,142,1,51202699,5544
"[""cluster__1ce77120fa004169""]",cluster__1ce77120fa004169,block_permutation,0.0,zero,1418,outer_03,shallow_gradient_boosting,142,2,51202700,5544
"[""cluster__1ce77120fa004169""]",cluster__1ce77120fa004169,block_permutation,0.0,zero,1418,outer_03,shallow_gradient_boosting,142,3,51202701,5544
"[""cluster__1ce77120fa004169""]",cluster__1ce77120fa004169,block_permutation,0.0,zero,1418,outer_03,shallow_gradient_boosting,142,4,51202702,5544
"[""cluster__1ce77120fa004169""]",cluster__1ce77120fa004169,block_permutation,0.0,zero,1418,outer_03,shallow_gradient_boosting,142,5,51202703,5544
"[""cluster__1ce77120fa004169""]",cluster__1ce77120fa004169,block_permutation,0.0,zero,1418,outer_03,shallow_gradient_boosting,142,6,51202704,5544
"[""cluster__1ce77120fa004169""]",cluster__1ce77120fa004169,block_permutation,0.0,zero,1418,outer_03,shallow_gradient_boosting,142,7,51202705,5544
"[""cluster__1ce77120fa004169""]",cluster__1ce77120fa004169,block_permutation,0.0,zero,1418,outer_03,shallow_gradient_boosting,142,8,51202706,5544
"[""cluster__1ce77120fa004169""]",cluster__1ce77120fa004169,block_permutation,0.0,zero,1418,outer_03,shallow_gradient_boosting,142,9,51202707,5544
"[""cluster__1e0e01b9fe15ec55""]",cluster__1e0e01b9fe15ec55,block_permutation,0.005222800614705925,positive,1418,outer_03,shallow_gradient_boosting,142,0,51202708,5544
"[""cluster__1e0e01b9fe15ec55""]",cluster__1e0e01b9fe15ec55,block_permutation,-0.005501829694600557,negative,1418,outer_03,shallow_gradient_boosting,142,1,51202709,5544
"[""cluster__1e0e01b9fe15ec55""]",cluster__1e0e01b9fe15ec55,block_permutation,-0.008782722375714203,negative,1418,outer_03,shallow_gradient_boosting,142,2,51202710,5544
"[""cluster__1e0e01b9fe15ec55""]",cluster__1e0e01b9fe15ec55,block_permutation,-0.007077821818511021,negative,1418,outer_03,shallow_gradient_boosting,142,3,51202711,5544
"[""cluster__1e0e01b9fe15ec55""]",cluster__1e0e01b9fe15ec55,block_permutation,-0.007969447072294855,negative,1418,outer_03,shallow_gradient_boosting,142,4,51202712,5544
"[""cluster__1e0e01b9fe15ec55""]",cluster__1e0e01b9fe15ec55,block_permutation,-0.011958482906036183,negative,1418,outer_03,shallow_gradient_boosting,142,5,51202713,5544
"[""cluster__1e0e01b9fe15ec55""]",cluster__1e0e01b9fe15ec55,block_permutation,-0.002180385112461991,negative,1418,outer_03,shallow_gradient_boosting,142,6,51202714,5544
"[""cluster__1e0e01b9fe15ec55""]",cluster__1e0e01b9fe15ec55,block_permutation,0.0006268796396780019,positive,1418,outer_03,shallow_gradient_boosting,142,7,51202715,5544
"[""cluster__1e0e01b9fe15ec55""]",cluster__1e0e01b9fe15ec55,block_permutation,-0.0025600462643204924,negative,1418,outer_03,shallow_gradient_boosting,142,8,51202716,5544
"[""cluster__1e0e01b9fe15ec55""]",cluster__1e0e01b9fe15ec55,block_permutation,-0.004616055571805555,negative,1418,outer_03,shallow_gradient_boosting,142,9,51202717,5544
"[""cluster__1e968c8901c575db""]",cluster__1e968c8901c575db,block_permutation,0.0,zero,1418,outer_03,shallow_gradient_boosting,142,0,51202718,5544
"[""cluster__1e968c8901c575db""]",cluster__1e968c8901c575db,block_permutation,0.0,zero,1418,outer_03,shallow_gradient_boosting,142,1,51202719,5544
"[""cluster__1e968c8901c575db""]",cluster__1e968c8901c575db,block_permutation,0.0,zero,1418,outer_03,shallow_gradient_boosting,142,2,51202720,5544
"[""cluster__1e968c8901c575db""]",cluster__1e968c8901c575db,block_permutation,0.0,zero,1418,outer_03,shallow_gradient_boosting,142,3,51202721,5544
"[""cluster__1e968c8901c575db""]",cluster__1e968c8901c575db,block_permutation,0.0,zero,1418,outer_03,shallow_gradient_boosting,142,4,51202722,5544
"[""cluster__1e968c8901c575db""]",cluster__1e968c8901c575db,block_permutation,0.0,zero,1418,outer_03,shallow_gradient_boosting,142,5,51202723,5544
"[""cluster__1e968c8901c575db""]",cluster__1e968c8901c575db,block_permutation,0.0,zero,1418,outer_03,shallow_gradient_boosting,142,6,51202724,5544
"[""cluster__1e968c8901c575db""]",cluster__1e968c8901c575db,block_permutation,0.0,zero,1418,outer_03,shallow_gradient_boosting,142,7,51202725,5544
"[""cluster__1e968c8901c575db""]",cluster__1e968c8901c575db,block_permutation,0.0,zero,1418,outer_03,shallow_gradient_boosting,142,8,51202726,5544
"[""cluster__1e968c8901c575db""]",cluster__1e968c8901c575db,block_permutation,0.0,zero,1418,outer_03,shallow_gradient_boosting,142,9,51202727,5544
"[""cluster__1f48220de6e92f9d""]",cluster__1f48220de6e92f9d,block_permutation,0.0,zero,1418,outer_03,shallow_gradient_boosting,142,0,51202728,5544
"[""cluster__1f48220de6e92f9d""]",cluster__1f48220de6e92f9d,block_permutation,0.0,zero,1418,outer_03,shallow_gradient_boosting,142,1,51202729,5544
"[""cluster__1f48220de6e92f9d""]",cluster__1f48220de6e92f9d,block_permutation,0.0,zero,1418,outer_03,shallow_gradient_boosting,142,2,51202730,5544
"[""cluster__1f48220de6e92f9d""]",cluster__1f48220de6e92f9d,block_permutation,0.0,zero,1418,outer_03,shallow_gradient_boosting,142,3,51202731,5544
"[""cluster__1f48220de6e92f9d""]",cluster__1f48220de6e92f9d,block_permutation,0.0,zero,1418,outer_03,shallow_gradient_boosting,142,4,51202732,5544
"[""cluster__1f48220de6e92f9d""]",cluster__1f48220de6e92f9d,block_permutation,0.0,zero,1418,outer_03,shallow_gradient_boosting,142,5,51202733,5544
"[""cluster__1f48220de6e92f9d""]",cluster__1f48220de6e92f9d,block_permutation,0.0,zero,1418,outer_03,shallow_gradient_boosting,142,6,51202734,5544
"[""cluster__1f48220de6e92f9d""]",cluster__1f48220de6e92f9d,block_permutation,0.0,zero,1418,outer_03,shallow_gradient_boosting,142,7,51202735,5544
"[""cluster__1f48220de6e92f9d""]",cluster__1f48220de6e92f9d,block_permutation,0.0,zero,1418,outer_03,shallow_gradient_boosting,142,8,51202736,5544
"[""cluster__1f48220de6e92f9d""]",cluster__1f48220de6e92f9d,block_permutation,0.0,zero,1418,outer_03,shallow_gradient_boosting,142,9,51202737,5544
"[""cluster__20fb49f3528f30d2""]",cluster__20fb49f3528f30d2,block_permutation,0.0,zero,1418,outer_03,shallow_gradient_boosting,142,0,51202738,5544
"[""cluster__20fb49f3528f30d2""]",cluster__20fb49f3528f30d2,block_permutation,0.0,zero,1418,outer_03,shallow_gradient_boosting,142,1,51202739,5544
"[""cluster__20fb49f3528f30d2""]",cluster__20fb49f3528f30d2,block_permutation,0.0,zero,1418,outer_03,shallow_gradient_boosting,142,2,51202740,5544
"[""cluster__20fb49f3528f30d2""]",cluster__20fb49f3528f30d2,block_permutation,0.0,zero,1418,outer_03,shallow_gradient_boosting,142,3,51202741,5544
"[""cluster__20fb49f3528f30d2""]",cluster__20fb49f3528f30d2,block_permutation,0.0,zero,1418,outer_03,shallow_gradient_boosting,142,4,51202742,5544
"[""cluster__20fb49f3528f30d2""]",cluster__20fb49f3528f30d2,block_permutation,0.0,zero,1418,outer_03,shallow_gradient_boosting,142,5,51202743,5544
"[""cluster__20fb49f3528f30d2""]",cluster__20fb49f3528f30d2,block_permutation,0.0,zero,1418,outer_03,shallow_gradient_boosting,142,6,51202744,5544
"[""cluster__20fb49f3528f30d2""]",cluster__20fb49f3528f30d2,block_permutation,0.0,zero,1418,outer_03,shallow_gradient_boosting,142,7,51202745,5544
"[""cluster__20fb49f3528f30d2""]",cluster__20fb49f3528f30d2,block_permutation,0.0,zero,1418,outer_03,shallow_gradient_boosting,142,8,51202746,5544
"[""cluster__20fb49f3528f30d2""]",cluster__20fb49f3528f30d2,block_permutation,0.0,zero,1418,outer_03,shallow_gradient_boosting,142,9,51202747,5544
"[""cluster__23a7d3b95c5e30ff""]",cluster__23a7d3b95c5e30ff,block_permutation,-0.009355084718371653,negative,1418,outer_03,shallow_gradient_boosting,142,0,51202748,5544
"[""cluster__23a7d3b95c5e30ff""]",cluster__23a7d3b95c5e30ff,block_permutation,-0.002344765623138345,negative,1418,outer_03,shallow_gradient_boosting,142,1,51202749,5544
"[""cluster__23a7d3b95c5e30ff""]",cluster__23a7d3b95c5e30ff,block_permutation,-0.0012970671528418354,negative,1418,outer_03,shallow_gradient_boosting,142,2,51202750,5544
"[""cluster__23a7d3b95c5e30ff""]",cluster__23a7d3b95c5e30ff,block_permutation,-0.004410699570570609,negative,1418,outer_03,shallow_gradient_boosting,142,3,51202751,5544
"[""cluster__23a7d3b95c5e30ff""]",cluster__23a7d3b95c5e30ff,block_permutation,-0.007105157495775449,negative,1418,outer_03,shallow_gradient_boosting,142,4,51202752,5544
"[""cluster__23a7d3b95c5e30ff""]",cluster__23a7d3b95c5e30ff,block_permutation,-0.0024490295195911393,negative,1418,outer_03,shallow_gradient_boosting,142,5,51202753,5544
"[""cluster__23a7d3b95c5e30ff""]",cluster__23a7d3b95c5e30ff,block_permutation,-0.009478662344989397,negative,1418,outer_03,shallow_gradient_boosting,142,6,51202754,5544
"[""cluster__23a7d3b95c5e30ff""]",cluster__23a7d3b95c5e30ff,block_permutation,-0.006507029812835574,negative,1418,outer_03,shallow_gradient_boosting,142,7,51202755,5544
"[""cluster__23a7d3b95c5e30ff""]",cluster__23a7d3b95c5e30ff,block_permutation,-0.007013580876449543,negative,1418,outer_03,shallow_gradient_boosting,142,8,51202756,5544
"[""cluster__23a7d3b95c5e30ff""]",cluster__23a7d3b95c5e30ff,block_permutation,-0.008750648631330238,negative,1418,outer_03,shallow_gradient_boosting,142,9,51202757,5544
"[""cluster__26090851fa96f8cf""]",cluster__26090851fa96f8cf,block_permutation,0.0013222362279812216,positive,1418,outer_03,shallow_gradient_boosting,142,0,51202758,5544
"[""cluster__26090851fa96f8cf""]",cluster__26090851fa96f8cf,block_permutation,-0.0015886947266658957,negative,1418,outer_03,shallow_gradient_boosting,142,1,51202759,5544
"[""cluster__26090851fa96f8cf""]",cluster__26090851fa96f8cf,block_permutation,0.00017664673456163626,positive,1418,outer_03,shallow_gradient_boosting,142,2,51202760,5544
"[""cluster__26090851fa96f8cf""]",cluster__26090851fa96f8cf,block_permutation,-0.0001550702119679226,negative,1418,outer_03,shallow_gradient_boosting,142,3,51202761,5544
"[""cluster__26090851fa96f8cf""]",cluster__26090851fa96f8cf,block_permutation,0.0017480542839352076,positive,1418,outer_03,shallow_gradient_boosting,142,4,51202762,5544
"[""cluster__26090851fa96f8cf""]",cluster__26090851fa96f8cf,block_permutation,0.0014281567586633681,positive,1418,outer_03,shallow_gradient_boosting,142,5,51202763,5544
"[""cluster__26090851fa96f8cf""]",cluster__26090851fa96f8cf,block_permutation,0.0016979396074812136,positive,1418,outer_03,shallow_gradient_boosting,142,6,51202764,5544
"[""cluster__26090851fa96f8cf""]",cluster__26090851fa96f8cf,block_permutation,0.000988698772824037,positive,1418,outer_03,shallow_gradient_boosting,142,7,51202765,5544
"[""cluster__26090851fa96f8cf""]",cluster__26090851fa96f8cf,block_permutation,0.0008860044672884815,positive,1418,outer_03,shallow_gradient_boosting,142,8,51202766,5544
"[""cluster__26090851fa96f8cf""]",cluster__26090851fa96f8cf,block_permutation,-1.773490451317805e-05,negative,1418,outer_03,shallow_gradient_boosting,142,9,51202767,5544
"[""cluster__26ad2c75d43d49ad""]",cluster__26ad2c75d43d49ad,block_permutation,0.0,zero,1418,outer_03,shallow_gradient_boosting,142,0,51202768,5544
"[""cluster__26ad2c75d43d49ad""]",cluster__26ad2c75d43d49ad,block_permutation,0.0,zero,1418,outer_03,shallow_gradient_boosting,142,1,51202769,5544
"[""cluster__26ad2c75d43d49ad""]",cluster__26ad2c75d43d49ad,block_permutation,0.0,zero,1418,outer_03,shallow_gradient_boosting,142,2,51202770,5544
"[""cluster__26ad2c75d43d49ad""]",cluster__26ad2c75d43d49ad,block_permutation,0.0,zero,1418,outer_03,shallow_gradient_boosting,142,3,51202771,5544
"[""cluster__26ad2c75d43d49ad""]",cluster__26ad2c75d43d49ad,block_permutation,0.0,zero,1418,outer_03,shallow_gradient_boosting,142,4,51202772,5544
"[""cluster__26ad2c75d43d49ad""]",cluster__26ad2c75d43d49ad,block_permutation,0.0,zero,1418,outer_03,shallow_gradient_boosting,142,5,51202773,5544
"[""cluster__26ad2c75d43d49ad""]",cluster__26ad2c75d43d49ad,block_permutation,0.0,zero,1418,outer_03,shallow_gradient_boosting,142,6,51202774,5544
"[""cluster__26ad2c75d43d49ad""]",cluster__26ad2c75d43d49ad,block_permutation,0.0,zero,1418,outer_03,shallow_gradient_boosting,142,7,51202775,5544
"[""cluster__26ad2c75d43d49ad""]",cluster__26ad2c75d43d49ad,block_permutation,0.0,zero,1418,outer_03,shallow_gradient_boosting,142,8,51202776,5544
"[""cluster__26ad2c75d43d49ad""]",cluster__26ad2c75d43d49ad,block_permutation,0.0,zero,1418,outer_03,shallow_gradient_boosting,142,9,51202777,5544
"[""cluster__29963467135cd4cd""]",cluster__29963467135cd4cd,block_permutation,0.0,zero,1418,outer_03,shallow_gradient_boosting,142,0,51202778,5544
"[""cluster__29963467135cd4cd""]",cluster__29963467135cd4cd,block_permutation,0.0,zero,1418,outer_03,shallow_gradient_boosting,142,1,51202779,5544
"[""cluster__29963467135cd4cd""]",cluster__29963467135cd4cd,block_permutation,0.0,zero,1418,outer_03,shallow_gradient_boosting,142,2,51202780,5544
"[""cluster__29963467135cd4cd""]",cluster__29963467135cd4cd,block_permutation,0.0,zero,1418,outer_03,shallow_gradient_boosting,142,3,51202781,5544
"[""cluster__29963467135cd4cd""]",cluster__29963467135cd4cd,block_permutation,0.0,zero,1418,outer_03,shallow_gradient_boosting,142,4,51202782,5544
"[""cluster__29963467135cd4cd""]",cluster__29963467135cd4cd,block_permutation,0.0,zero,1418,outer_03,shallow_gradient_boosting,142,5,51202783,5544
"[""cluster__29963467135cd4cd""]",cluster__29963467135cd4cd,block_permutation,0.0,zero,1418,outer_03,shallow_gradient_boosting,142,6,51202784,5544
"[""cluster__29963467135cd4cd""]",cluster__29963467135cd4cd,block_permutation,0.0,zero,1418,outer_03,shallow_gradient_boosting,142,7,51202785,5544
"[""cluster__29963467135cd4cd""]",cluster__29963467135cd4cd,block_permutation,0.0,zero,1418,outer_03,shallow_gradient_boosting,142,8,51202786,5544
"[""cluster__29963467135cd4cd""]",cluster__29963467135cd4cd,block_permutation,0.0,zero,1418,outer_03,shallow_gradient_boosting,142,9,51202787,5544
"[""cluster__2d7a1c0d880f88ee""]",cluster__2d7a1c0d880f88ee,block_permutation,0.0,zero,1418,outer_03,shallow_gradient_boosting,142,0,51202788,5544
"[""cluster__2d7a1c0d880f88ee""]",cluster__2d7a1c0d880f88ee,block_permutation,0.0,zero,1418,outer_03,shallow_gradient_boosting,142,1,51202789,5544
"[""cluster__2d7a1c0d880f88ee""]",cluster__2d7a1c0d880f88ee,block_permutation,0.0,zero,1418,outer_03,shallow_gradient_boosting,142,2,51202790,5544
"[""cluster__2d7a1c0d880f88ee""]",cluster__2d7a1c0d880f88ee,block_permutation,0.0,zero,1418,outer_03,shallow_gradient_boosting,142,3,51202791,5544
"[""cluster__2d7a1c0d880f88ee""]",cluster__2d7a1c0d880f88ee,block_permutation,0.0,zero,1418,outer_03,shallow_gradient_boosting,142,4,51202792,5544
"[""cluster__2d7a1c0d880f88ee""]",cluster__2d7a1c0d880f88ee,block_permutation,0.0,zero,1418,outer_03,shallow_gradient_boosting,142,5,51202793,5544
"[""cluster__2d7a1c0d880f88ee""]",cluster__2d7a1c0d880f88ee,block_permutation,0.0,zero,1418,outer_03,shallow_gradient_boosting,142,6,51202794,5544
"[""cluster__2d7a1c0d880f88ee""]",cluster__2d7a1c0d880f88ee,block_permutation,0.0,zero,1418,outer_03,shallow_gradient_boosting,142,7,51202795,5544
"[""cluster__2d7a1c0d880f88ee""]",cluster__2d7a1c0d880f88ee,block_permutation,0.0,zero,1418,outer_03,shallow_gradient_boosting,142,8,51202796,5544
"[""cluster__2d7a1c0d880f88ee""]",cluster__2d7a1c0d880f88ee,block_permutation,0.0,zero,1418,outer_03,shallow_gradient_boosting,142,9,51202797,5544
"[""cluster__2e6f29d20733c126""]",cluster__2e6f29d20733c126,block_permutation,0.0,zero,1418,outer_03,shallow_gradient_boosting,142,0,51202798,5544
"[""cluster__2e6f29d20733c126""]",cluster__2e6f29d20733c126,block_permutation,0.0,zero,1418,outer_03,shallow_gradient_boosting,142,1,51202799,5544
"[""cluster__2e6f29d20733c126""]",cluster__2e6f29d20733c126,block_permutation,0.0,zero,1418,outer_03,shallow_gradient_boosting,142,2,51202800,5544
"[""cluster__2e6f29d20733c126""]",cluster__2e6f29d20733c126,block_permutation,0.0,zero,1418,outer_03,shallow_gradient_boosting,142,3,51202801,5544
"[""cluster__2e6f29d20733c126""]",cluster__2e6f29d20733c126,block_permutation,0.0,zero,1418,outer_03,shallow_gradient_boosting,142,4,51202802,5544
"[""cluster__2e6f29d20733c126""]",cluster__2e6f29d20733c126,block_permutation,0.0,zero,1418,outer_03,shallow_gradient_boosting,142,5,51202803,5544
"[""cluster__2e6f29d20733c126""]",cluster__2e6f29d20733c126,block_permutation,0.0,zero,1418,outer_03,shallow_gradient_boosting,142,6,51202804,5544
"[""cluster__2e6f29d20733c126""]",cluster__2e6f29d20733c126,block_permutation,0.0,zero,1418,outer_03,shallow_gradient_boosting,142,7,51202805,5544
"[""cluster__2e6f29d20733c126""]",cluster__2e6f29d20733c126,block_permutation,0.0,zero,1418,outer_03,shallow_gradient_boosting,142,8,51202806,5544
"[""cluster__2e6f29d20733c126""]",cluster__2e6f29d20733c126,block_permutation,0.0,zero,1418,outer_03,shallow_gradient_boosting,142,9,51202807,5544
"[""cluster__2f6f9b66bf9da773""]",cluster__2f6f9b66bf9da773,block_permutation,0.0,zero,1418,outer_03,shallow_gradient_boosting,142,0,51202808,5544
"[""cluster__2f6f9b66bf9da773""]",cluster__2f6f9b66bf9da773,block_permutation,0.0,zero,1418,outer_03,shallow_gradient_boosting,142,1,51202809,5544
"[""cluster__2f6f9b66bf9da773""]",cluster__2f6f9b66bf9da773,block_permutation,0.0,zero,1418,outer_03,shallow_gradient_boosting,142,2,51202810,5544
"[""cluster__2f6f9b66bf9da773""]",cluster__2f6f9b66bf9da773,block_permutation,0.0,zero,1418,outer_03,shallow_gradient_boosting,142,3,51202811,5544
"[""cluster__2f6f9b66bf9da773""]",cluster__2f6f9b66bf9da773,block_permutation,0.0,zero,1418,outer_03,shallow_gradient_boosting,142,4,51202812,5544
"[""cluster__2f6f9b66bf9da773""]",cluster__2f6f9b66bf9da773,block_permutation,0.0,zero,1418,outer_03,shallow_gradient_boosting,142,5,51202813,5544
"[""cluster__2f6f9b66bf9da773""]",cluster__2f6f9b66bf9da773,block_permutation,0.0,zero,1418,outer_03,shallow_gradient_boosting,142,6,51202814,5544
"[""cluster__2f6f9b66bf9da773""]",cluster__2f6f9b66bf9da773,block_permutation,0.0,zero,1418,outer_03,shallow_gradient_boosting,142,7,51202815,5544
"[""cluster__2f6f9b66bf9da773""]",cluster__2f6f9b66bf9da773,block_permutation,0.0,zero,1418,outer_03,shallow_gradient_boosting,142,8,51202816,5544
"[""cluster__2f6f9b66bf9da773""]",cluster__2f6f9b66bf9da773,block_permutation,0.0,zero,1418,outer_03,shallow_gradient_boosting,142,9,51202817,5544
"[""cluster__2f97bd40c280c05c""]",cluster__2f97bd40c280c05c,block_permutation,0.0,zero,1418,outer_03,shallow_gradient_boosting,142,0,51202818,5544
"[""cluster__2f97bd40c280c05c""]",cluster__2f97bd40c280c05c,block_permutation,0.0,zero,1418,outer_03,shallow_gradient_boosting,142,1,51202819,5544
"[""cluster__2f97bd40c280c05c""]",cluster__2f97bd40c280c05c,block_permutation,0.0,zero,1418,outer_03,shallow_gradient_boosting,142,2,51202820,5544
"[""cluster__2f97bd40c280c05c""]",cluster__2f97bd40c280c05c,block_permutation,0.0,zero,1418,outer_03,shallow_gradient_boosting,142,3,51202821,5544
"[""cluster__2f97bd40c280c05c""]",cluster__2f97bd40c280c05c,block_permutation,0.0,zero,1418,outer_03,shallow_gradient_boosting,142,4,51202822,5544
"[""cluster__2f97bd40c280c05c""]",cluster__2f97bd40c280c05c,block_permutation,0.0,zero,1418,outer_03,shallow_gradient_boosting,142,5,51202823,5544
"[""cluster__2f97bd40c280c05c""]",cluster__2f97bd40c280c05c,block_permutation,0.0,zero,1418,outer_03,shallow_gradient_boosting,142,6,51202824,5544
"[""cluster__2f97bd40c280c05c""]",cluster__2f97bd40c280c05c,block_permutation,0.0,zero,1418,outer_03,shallow_gradient_boosting,142,7,51202825,5544
"[""cluster__2f97bd40c280c05c""]",cluster__2f97bd40c280c05c,block_permutation,0.0,zero,1418,outer_03,shallow_gradient_boosting,142,8,51202826,5544
"[""cluster__2f97bd40c280c05c""]",cluster__2f97bd40c280c05c,block_permutation,0.0,zero,1418,outer_03,shallow_gradient_boosting,142,9,51202827,5544
"[""cluster__372b2f68b07503c0""]",cluster__372b2f68b07503c0,block_permutation,0.0,zero,1418,outer_03,shallow_gradient_boosting,142,0,51202828,5544
"[""cluster__372b2f68b07503c0""]",cluster__372b2f68b07503c0,block_permutation,0.0,zero,1418,outer_03,shallow_gradient_boosting,142,1,51202829,5544
"[""cluster__372b2f68b07503c0""]",cluster__372b2f68b07503c0,block_permutation,0.0,zero,1418,outer_03,shallow_gradient_boosting,142,2,51202830,5544
"[""cluster__372b2f68b07503c0""]",cluster__372b2f68b07503c0,block_permutation,0.0,zero,1418,outer_03,shallow_gradient_boosting,142,3,51202831,5544
"[""cluster__372b2f68b07503c0""]",cluster__372b2f68b07503c0,block_permutation,0.0,zero,1418,outer_03,shallow_gradient_boosting,142,4,51202832,5544
"[""cluster__372b2f68b07503c0""]",cluster__372b2f68b07503c0,block_permutation,0.0,zero,1418,outer_03,shallow_gradient_boosting,142,5,51202833,5544
"[""cluster__372b2f68b07503c0""]",cluster__372b2f68b07503c0,block_permutation,0.0,zero,1418,outer_03,shallow_gradient_boosting,142,6,51202834,5544
"[""cluster__372b2f68b07503c0""]",cluster__372b2f68b07503c0,block_permutation,0.0,zero,1418,outer_03,shallow_gradient_boosting,142,7,51202835,5544
"[""cluster__372b2f68b07503c0""]",cluster__372b2f68b07503c0,block_permutation,0.0,zero,1418,outer_03,shallow_gradient_boosting,142,8,51202836,5544
"[""cluster__372b2f68b07503c0""]",cluster__372b2f68b07503c0,block_permutation,0.0,zero,1418,outer_03,shallow_gradient_boosting,142,9,51202837,5544
"[""cluster__394bc857d8fc4a57""]",cluster__394bc857d8fc4a57,block_permutation,0.0,zero,1418,outer_03,shallow_gradient_boosting,142,0,51202838,5544
"[""cluster__394bc857d8fc4a57""]",cluster__394bc857d8fc4a57,block_permutation,0.0,zero,1418,outer_03,shallow_gradient_boosting,142,1,51202839,5544
"[""cluster__394bc857d8fc4a57""]",cluster__394bc857d8fc4a57,block_permutation,0.0,zero,1418,outer_03,shallow_gradient_boosting,142,2,51202840,5544
"[""cluster__394bc857d8fc4a57""]",cluster__394bc857d8fc4a57,block_permutation,0.0,zero,1418,outer_03,shallow_gradient_boosting,142,3,51202841,5544
"[""cluster__394bc857d8fc4a57""]",cluster__394bc857d8fc4a57,block_permutation,0.0,zero,1418,outer_03,shallow_gradient_boosting,142,4,51202842,5544
"[""cluster__394bc857d8fc4a57""]",cluster__394bc857d8fc4a57,block_permutation,0.0,zero,1418,outer_03,shallow_gradient_boosting,142,5,51202843,5544
"[""cluster__394bc857d8fc4a57""]",cluster__394bc857d8fc4a57,block_permutation,0.0,zero,1418,outer_03,shallow_gradient_boosting,142,6,51202844,5544
"[""cluster__394bc857d8fc4a57""]",cluster__394bc857d8fc4a57,block_permutation,0.0,zero,1418,outer_03,shallow_gradient_boosting,142,7,51202845,5544
"[""cluster__394bc857d8fc4a57""]",cluster__394bc857d8fc4a57,block_permutation,0.0,zero,1418,outer_03,shallow_gradient_boosting,142,8,51202846,5544
"[""cluster__394bc857d8fc4a57""]",cluster__394bc857d8fc4a57,block_permutation,0.0,zero,1418,outer_03,shallow_gradient_boosting,142,9,51202847,5544
"[""cluster__3a128293ed568dc0""]",cluster__3a128293ed568dc0,block_permutation,0.002311223565383713,positive,1418,outer_03,shallow_gradient_boosting,142,0,51202848,5544
"[""cluster__3a128293ed568dc0""]",cluster__3a128293ed568dc0,block_permutation,0.0028472037089397606,positive,1418,outer_03,shallow_gradient_boosting,142,1,51202849,5544
"[""cluster__3a128293ed568dc0""]",cluster__3a128293ed568dc0,block_permutation,-0.00045923109226619907,negative,1418,outer_03,shallow_gradient_boosting,142,2,51202850,5544
"[""cluster__3a128293ed568dc0""]",cluster__3a128293ed568dc0,block_permutation,0.0034628544457746546,positive,1418,outer_03,shallow_gradient_boosting,142,3,51202851,5544
"[""cluster__3a128293ed568dc0""]",cluster__3a128293ed568dc0,block_permutation,0.0028472037089397606,positive,1418,outer_03,shallow_gradient_boosting,142,4,51202852,5544
"[""cluster__3a128293ed568dc0""]",cluster__3a128293ed568dc0,block_permutation,-0.0024748805595724566,negative,1418,outer_03,shallow_gradient_boosting,142,5,51202853,5544
"[""cluster__3a128293ed568dc0""]",cluster__3a128293ed568dc0,block_permutation,0.0028472037089397606,positive,1418,outer_03,shallow_gradient_boosting,142,6,51202854,5544
"[""cluster__3a128293ed568dc0""]",cluster__3a128293ed568dc0,block_permutation,0.00022985556241428284,positive,1418,outer_03,shallow_gradient_boosting,142,7,51202855,5544
"[""cluster__3a128293ed568dc0""]",cluster__3a128293ed568dc0,block_permutation,0.0007658357059705523,positive,1418,outer_03,shallow_gradient_boosting,142,8,51202856,5544
"[""cluster__3a128293ed568dc0""]",cluster__3a128293ed568dc0,block_permutation,0.0023357305192250877,positive,1418,outer_03,shallow_gradient_boosting,142,9,51202857,5544
"[""cluster__3c67dd0616449c2d""]",cluster__3c67dd0616449c2d,block_permutation,0.0033232478066282933,positive,1418,outer_03,shallow_gradient_boosting,142,0,51202858,5544
"[""cluster__3c67dd0616449c2d""]",cluster__3c67dd0616449c2d,block_permutation,-0.0017467090323881607,negative,1418,outer_03,shallow_gradient_boosting,142,1,51202859,5544
"[""cluster__3c67dd0616449c2d""]",cluster__3c67dd0616449c2d,block_permutation,0.009309573381222513,positive,1418,outer_03,shallow_gradient_boosting,142,2,51202860,5544
"[""cluster__3c67dd0616449c2d""]",cluster__3c67dd0616449c2d,block_permutation,0.00761568601179663,positive,1418,outer_03,shallow_gradient_boosting,142,3,51202861,5544
"[""cluster__3c67dd0616449c2d""]",cluster__3c67dd0616449c2d,block_permutation,0.00903158063000431,positive,1418,outer_03,shallow_gradient_boosting,142,4,51202862,5544
"[""cluster__3c67dd0616449c2d""]",cluster__3c67dd0616449c2d,block_permutation,0.0038092283983215403,positive,1418,outer_03,shallow_gradient_boosting,142,5,51202863,5544
"[""cluster__3c67dd0616449c2d""]",cluster__3c67dd0616449c2d,block_permutation,0.004385850734013985,positive,1418,outer_03,shallow_gradient_boosting,142,6,51202864,5544
"[""cluster__3c67dd0616449c2d""]",cluster__3c67dd0616449c2d,block_permutation,0.0029552280568070355,positive,1418,outer_03,shallow_gradient_boosting,142,7,51202865,5544
"[""cluster__3c67dd0616449c2d""]",cluster__3c67dd0616449c2d,block_permutation,0.012624193837619258,positive,1418,outer_03,shallow_gradient_boosting,142,8,51202866,5544
"[""cluster__3c67dd0616449c2d""]",cluster__3c67dd0616449c2d,block_permutation,0.010430885972599668,positive,1418,outer_03,shallow_gradient_boosting,142,9,51202867,5544
"[""cluster__3cf051d5429a5851""]",cluster__3cf051d5429a5851,block_permutation,0.0,zero,1418,outer_03,shallow_gradient_boosting,142,0,51202868,5544
"[""cluster__3cf051d5429a5851""]",cluster__3cf051d5429a5851,block_permutation,0.0,zero,1418,outer_03,shallow_gradient_boosting,142,1,51202869,5544
"[""cluster__3cf051d5429a5851""]",cluster__3cf051d5429a5851,block_permutation,0.0,zero,1418,outer_03,shallow_gradient_boosting,142,2,51202870,5544
"[""cluster__3cf051d5429a5851""]",cluster__3cf051d5429a5851,block_permutation,0.0,zero,1418,outer_03,shallow_gradient_boosting,142,3,51202871,5544
"[""cluster__3cf051d5429a5851""]",cluster__3cf051d5429a5851,block_permutation,0.0,zero,1418,outer_03,shallow_gradient_boosting,142,4,51202872,5544
"[""cluster__3cf051d5429a5851""]",cluster__3cf051d5429a5851,block_permutation,0.0,zero,1418,outer_03,shallow_gradient_boosting,142,5,51202873,5544
"[""cluster__3cf051d5429a5851""]",cluster__3cf051d5429a5851,block_permutation,0.0,zero,1418,outer_03,shallow_gradient_boosting,142,6,51202874,5544
"[""cluster__3cf051d5429a5851""]",cluster__3cf051d5429a5851,block_permutation,0.0,zero,1418,outer_03,shallow_gradient_boosting,142,7,51202875,5544
"[""cluster__3cf051d5429a5851""]",cluster__3cf051d5429a5851,block_permutation,0.0,zero,1418,outer_03,shallow_gradient_boosting,142,8,51202876,5544
"[""cluster__3cf051d5429a5851""]",cluster__3cf051d5429a5851,block_permutation,0.0,zero,1418,outer_03,shallow_gradient_boosting,142,9,51202877,5544
"[""cluster__3e5336b9c24613b3""]",cluster__3e5336b9c24613b3,block_permutation,0.0,zero,1418,outer_03,shallow_gradient_boosting,142,0,51202878,5544
"[""cluster__3e5336b9c24613b3""]",cluster__3e5336b9c24613b3,block_permutation,0.0,zero,1418,outer_03,shallow_gradient_boosting,142,1,51202879,5544
"[""cluster__3e5336b9c24613b3""]",cluster__3e5336b9c24613b3,block_permutation,0.0,zero,1418,outer_03,shallow_gradient_boosting,142,2,51202880,5544
"[""cluster__3e5336b9c24613b3""]",cluster__3e5336b9c24613b3,block_permutation,0.0,zero,1418,outer_03,shallow_gradient_boosting,142,3,51202881,5544
"[""cluster__3e5336b9c24613b3""]",cluster__3e5336b9c24613b3,block_permutation,0.0,zero,1418,outer_03,shallow_gradient_boosting,142,4,51202882,5544
"[""cluster__3e5336b9c24613b3""]",cluster__3e5336b9c24613b3,block_permutation,0.0,zero,1418,outer_03,shallow_gradient_boosting,142,5,51202883,5544
"[""cluster__3e5336b9c24613b3""]",cluster__3e5336b9c24613b3,block_permutation,0.0,zero,1418,outer_03,shallow_gradient_boosting,142,6,51202884,5544
"[""cluster__3e5336b9c24613b3""]",cluster__3e5336b9c24613b3,block_permutation,0.0,zero,1418,outer_03,shallow_gradient_boosting,142,7,51202885,5544
"[""cluster__3e5336b9c24613b3""]",cluster__3e5336b9c24613b3,block_permutation,0.0,zero,1418,outer_03,shallow_gradient_boosting,142,8,51202886,5544
"[""cluster__3e5336b9c24613b3""]",cluster__3e5336b9c24613b3,block_permutation,0.0,zero,1418,outer_03,shallow_gradient_boosting,142,9,51202887,5544
"[""cluster__421a4a1c5073e265""]",cluster__421a4a1c5073e265,block_permutation,0.0,zero,1418,outer_03,shallow_gradient_boosting,142,0,51202888,5544
"[""cluster__421a4a1c5073e265""]",cluster__421a4a1c5073e265,block_permutation,0.0,zero,1418,outer_03,shallow_gradient_boosting,142,1,51202889,5544
"[""cluster__421a4a1c5073e265""]",cluster__421a4a1c5073e265,block_permutation,0.0,zero,1418,outer_03,shallow_gradient_boosting,142,2,51202890,5544
"[""cluster__421a4a1c5073e265""]",cluster__421a4a1c5073e265,block_permutation,0.0,zero,1418,outer_03,shallow_gradient_boosting,142,3,51202891,5544
"[""cluster__421a4a1c5073e265""]",cluster__421a4a1c5073e265,block_permutation,0.0,zero,1418,outer_03,shallow_gradient_boosting,142,4,51202892,5544
"[""cluster__421a4a1c5073e265""]",cluster__421a4a1c5073e265,block_permutation,0.0,zero,1418,outer_03,shallow_gradient_boosting,142,5,51202893,5544
"[""cluster__421a4a1c5073e265""]",cluster__421a4a1c5073e265,block_permutation,0.0,zero,1418,outer_03,shallow_gradient_boosting,142,6,51202894,5544
"[""cluster__421a4a1c5073e265""]",cluster__421a4a1c5073e265,block_permutation,0.0,zero,1418,outer_03,shallow_gradient_boosting,142,7,51202895,5544
"[""cluster__421a4a1c5073e265""]",cluster__421a4a1c5073e265,block_permutation,0.0,zero,1418,outer_03,shallow_gradient_boosting,142,8,51202896,5544
"[""cluster__421a4a1c5073e265""]",cluster__421a4a1c5073e265,block_permutation,0.0,zero,1418,outer_03,shallow_gradient_boosting,142,9,51202897,5544
"[""cluster__453e45b37c54e768""]",cluster__453e45b37c54e768,block_permutation,0.0,zero,1418,outer_03,shallow_gradient_boosting,142,0,51202898,5544
"[""cluster__453e45b37c54e768""]",cluster__453e45b37c54e768,block_permutation,0.0,zero,1418,outer_03,shallow_gradient_boosting,142,1,51202899,5544
"[""cluster__453e45b37c54e768""]",cluster__453e45b37c54e768,block_permutation,0.0,zero,1418,outer_03,shallow_gradient_boosting,142,2,51202900,5544
"[""cluster__453e45b37c54e768""]",cluster__453e45b37c54e768,block_permutation,0.0,zero,1418,outer_03,shallow_gradient_boosting,142,3,51202901,5544
"[""cluster__453e45b37c54e768""]",cluster__453e45b37c54e768,block_permutation,0.0,zero,1418,outer_03,shallow_gradient_boosting,142,4,51202902,5544
"[""cluster__453e45b37c54e768""]",cluster__453e45b37c54e768,block_permutation,0.0,zero,1418,outer_03,shallow_gradient_boosting,142,5,51202903,5544
"[""cluster__453e45b37c54e768""]",cluster__453e45b37c54e768,block_permutation,0.0,zero,1418,outer_03,shallow_gradient_boosting,142,6,51202904,5544
"[""cluster__453e45b37c54e768""]",cluster__453e45b37c54e768,block_permutation,0.0,zero,1418,outer_03,shallow_gradient_boosting,142,7,51202905,5544
"[""cluster__453e45b37c54e768""]",cluster__453e45b37c54e768,block_permutation,0.0,zero,1418,outer_03,shallow_gradient_boosting,142,8,51202906,5544
"[""cluster__453e45b37c54e768""]",cluster__453e45b37c54e768,block_permutation,0.0,zero,1418,outer_03,shallow_gradient_boosting,142,9,51202907,5544
"[""cluster__477b0804b0e235c3""]",cluster__477b0804b0e235c3,block_permutation,-0.00021948237420543748,negative,1418,outer_03,shallow_gradient_boosting,142,0,51202908,5544
"[""cluster__477b0804b0e235c3""]",cluster__477b0804b0e235c3,block_permutation,-0.00021948237420543748,negative,1418,outer_03,shallow_gradient_boosting,142,1,51202909,5544
"[""cluster__477b0804b0e235c3""]",cluster__477b0804b0e235c3,block_permutation,-0.0004664658056729998,negative,1418,outer_03,shallow_gradient_boosting,142,2,51202910,5544
"[""cluster__477b0804b0e235c3""]",cluster__477b0804b0e235c3,block_permutation,-0.00015312441421722056,negative,1418,outer_03,shallow_gradient_boosting,142,3,51202911,5544
"[""cluster__477b0804b0e235c3""]",cluster__477b0804b0e235c3,block_permutation,3.161966590781162e-05,positive,1418,outer_03,shallow_gradient_boosting,142,4,51202912,5544
"[""cluster__477b0804b0e235c3""]",cluster__477b0804b0e235c3,block_permutation,8.833650534367798e-05,positive,1418,outer_03,shallow_gradient_boosting,142,5,51202913,5544
"[""cluster__477b0804b0e235c3""]",cluster__477b0804b0e235c3,block_permutation,2.708518528016235e-05,positive,1418,outer_03,shallow_gradient_boosting,142,6,51202914,5544
"[""cluster__477b0804b0e235c3""]",cluster__477b0804b0e235c3,block_permutation,-0.00021948237420543748,negative,1418,outer_03,shallow_gradient_boosting,142,7,51202915,5544
"[""cluster__477b0804b0e235c3""]",cluster__477b0804b0e235c3,block_permutation,-0.00029267965122303785,negative,1418,outer_03,shallow_gradient_boosting,142,8,51202916,5544
"[""cluster__477b0804b0e235c3""]",cluster__477b0804b0e235c3,block_permutation,-0.0005360450312261733,negative,1418,outer_03,shallow_gradient_boosting,142,9,51202917,5544
"[""cluster__4a28d5e18578418a""]",cluster__4a28d5e18578418a,block_permutation,0.0,zero,1418,outer_03,shallow_gradient_boosting,142,0,51202918,5544
"[""cluster__4a28d5e18578418a""]",cluster__4a28d5e18578418a,block_permutation,0.0,zero,1418,outer_03,shallow_gradient_boosting,142,1,51202919,5544
"[""cluster__4a28d5e18578418a""]",cluster__4a28d5e18578418a,block_permutation,0.0,zero,1418,outer_03,shallow_gradient_boosting,142,2,51202920,5544
"[""cluster__4a28d5e18578418a""]",cluster__4a28d5e18578418a,block_permutation,0.0,zero,1418,outer_03,shallow_gradient_boosting,142,3,51202921,5544
"[""cluster__4a28d5e18578418a""]",cluster__4a28d5e18578418a,block_permutation,0.0,zero,1418,outer_03,shallow_gradient_boosting,142,4,51202922,5544
"[""cluster__4a28d5e18578418a""]",cluster__4a28d5e18578418a,block_permutation,0.0,zero,1418,outer_03,shallow_gradient_boosting,142,5,51202923,5544
"[""cluster__4a28d5e18578418a""]",cluster__4a28d5e18578418a,block_permutation,0.0,zero,1418,outer_03,shallow_gradient_boosting,142,6,51202924,5544
"[""cluster__4a28d5e18578418a""]",cluster__4a28d5e18578418a,block_permutation,0.0,zero,1418,outer_03,shallow_gradient_boosting,142,7,51202925,5544
"[""cluster__4a28d5e18578418a""]",cluster__4a28d5e18578418a,block_permutation,0.0,zero,1418,outer_03,shallow_gradient_boosting,142,8,51202926,5544
"[""cluster__4a28d5e18578418a""]",cluster__4a28d5e18578418a,block_permutation,0.0,zero,1418,outer_03,shallow_gradient_boosting,142,9,51202927,5544
"[""cluster__4e66a854583b258d""]",cluster__4e66a854583b258d,block_permutation,-0.00813107501089605,negative,1418,outer_03,shallow_gradient_boosting,142,0,51202928,5544
"[""cluster__4e66a854583b258d""]",cluster__4e66a854583b258d,block_permutation,0.001646836295205123,positive,1418,outer_03,shallow_gradient_boosting,142,1,51202929,5544
"[""cluster__4e66a854583b258d""]",cluster__4e66a854583b258d,block_permutation,-0.0033641112409139584,negative,1418,outer_03,shallow_gradient_boosting,142,2,51202930,5544
"[""cluster__4e66a854583b258d""]",cluster__4e66a854583b258d,block_permutation,-0.0007306871485086575,negative,1418,outer_03,shallow_gradient_boosting,142,3,51202931,5544
"[""cluster__4e66a854583b258d""]",cluster__4e66a854583b258d,block_permutation,0.0003609586840678247,positive,1418,outer_03,shallow_gradient_boosting,142,4,51202932,5544
"[""cluster__4e66a854583b258d""]",cluster__4e66a854583b258d,block_permutation,-0.00678801199891832,negative,1418,outer_03,shallow_gradient_boosting,142,5,51202933,5544
"[""cluster__4e66a854583b258d""]",cluster__4e66a854583b258d,block_permutation,0.004846747028466547,positive,1418,outer_03,shallow_gradient_boosting,142,6,51202934,5544
"[""cluster__4e66a854583b258d""]",cluster__4e66a854583b258d,block_permutation,0.0027212097717430606,positive,1418,outer_03,shallow_gradient_boosting,142,7,51202935,5544
"[""cluster__4e66a854583b258d""]",cluster__4e66a854583b258d,block_permutation,-0.002794392195353712,negative,1418,outer_03,shallow_gradient_boosting,142,8,51202936,5544
"[""cluster__4e66a854583b258d""]",cluster__4e66a854583b258d,block_permutation,-0.00463779526091157,negative,1418,outer_03,shallow_gradient_boosting,142,9,51202937,5544
"[""cluster__4e7b6658b598876b""]",cluster__4e7b6658b598876b,block_permutation,0.0,zero,1418,outer_03,shallow_gradient_boosting,142,0,51202938,5544
"[""cluster__4e7b6658b598876b""]",cluster__4e7b6658b598876b,block_permutation,0.0,zero,1418,outer_03,shallow_gradient_boosting,142,1,51202939,5544
"[""cluster__4e7b6658b598876b""]",cluster__4e7b6658b598876b,block_permutation,0.0,zero,1418,outer_03,shallow_gradient_boosting,142,2,51202940,5544
"[""cluster__4e7b6658b598876b""]",cluster__4e7b6658b598876b,block_permutation,0.0,zero,1418,outer_03,shallow_gradient_boosting,142,3,51202941,5544
"[""cluster__4e7b6658b598876b""]",cluster__4e7b6658b598876b,block_permutation,0.0,zero,1418,outer_03,shallow_gradient_boosting,142,4,51202942,5544
"[""cluster__4e7b6658b598876b""]",cluster__4e7b6658b598876b,block_permutation,0.0,zero,1418,outer_03,shallow_gradient_boosting,142,5,51202943,5544
"[""cluster__4e7b6658b598876b""]",cluster__4e7b6658b598876b,block_permutation,0.0,zero,1418,outer_03,shallow_gradient_boosting,142,6,51202944,5544
"[""cluster__4e7b6658b598876b""]",cluster__4e7b6658b598876b,block_permutation,0.0,zero,1418,outer_03,shallow_gradient_boosting,142,7,51202945,5544
"[""cluster__4e7b6658b598876b""]",cluster__4e7b6658b598876b,block_permutation,0.0,zero,1418,outer_03,shallow_gradient_boosting,142,8,51202946,5544
"[""cluster__4e7b6658b598876b""]",cluster__4e7b6658b598876b,block_permutation,0.0,zero,1418,outer_03,shallow_gradient_boosting,142,9,51202947,5544
"[""cluster__4f2f17103c6e4b0f""]",cluster__4f2f17103c6e4b0f,block_permutation,0.0,zero,1418,outer_03,shallow_gradient_boosting,142,0,51202948,5544
"[""cluster__4f2f17103c6e4b0f""]",cluster__4f2f17103c6e4b0f,block_permutation,0.0,zero,1418,outer_03,shallow_gradient_boosting,142,1,51202949,5544
"[""cluster__4f2f17103c6e4b0f""]",cluster__4f2f17103c6e4b0f,block_permutation,0.0,zero,1418,outer_03,shallow_gradient_boosting,142,2,51202950,5544
"[""cluster__4f2f17103c6e4b0f""]",cluster__4f2f17103c6e4b0f,block_permutation,0.0,zero,1418,outer_03,shallow_gradient_boosting,142,3,51202951,5544
"[""cluster__4f2f17103c6e4b0f""]",cluster__4f2f17103c6e4b0f,block_permutation,0.0,zero,1418,outer_03,shallow_gradient_boosting,142,4,51202952,5544
"[""cluster__4f2f17103c6e4b0f""]",cluster__4f2f17103c6e4b0f,block_permutation,0.0,zero,1418,outer_03,shallow_gradient_boosting,142,5,51202953,5544
"[""cluster__4f2f17103c6e4b0f""]",cluster__4f2f17103c6e4b0f,block_permutation,0.0,zero,1418,outer_03,shallow_gradient_boosting,142,6,51202954,5544
"[""cluster__4f2f17103c6e4b0f""]",cluster__4f2f17103c6e4b0f,block_permutation,0.0,zero,1418,outer_03,shallow_gradient_boosting,142,7,51202955,5544
"[""cluster__4f2f17103c6e4b0f""]",cluster__4f2f17103c6e4b0f,block_permutation,0.0,zero,1418,outer_03,shallow_gradient_boosting,142,8,51202956,5544
"[""cluster__4f2f17103c6e4b0f""]",cluster__4f2f17103c6e4b0f,block_permutation,0.0,zero,1418,outer_03,shallow_gradient_boosting,142,9,51202957,5544
"[""cluster__5a65732a4a4ff188""]",cluster__5a65732a4a4ff188,block_permutation,-0.0008320569267321609,negative,1418,outer_03,shallow_gradient_boosting,142,0,51202958,5544
"[""cluster__5a65732a4a4ff188""]",cluster__5a65732a4a4ff188,block_permutation,-0.0040110363712095864,negative,1418,outer_03,shallow_gradient_boosting,142,1,51202959,5544
"[""cluster__5a65732a4a4ff188""]",cluster__5a65732a4a4ff188,block_permutation,-0.004469410348099112,negative,1418,outer_03,shallow_gradient_boosting,142,2,51202960,5544
"[""cluster__5a65732a4a4ff188""]",cluster__5a65732a4a4ff188,block_permutation,-0.005647726588440483,negative,1418,outer_03,shallow_gradient_boosting,142,3,51202961,5544
"[""cluster__5a65732a4a4ff188""]",cluster__5a65732a4a4ff188,block_permutation,-0.0001622607699698353,negative,1418,outer_03,shallow_gradient_boosting,142,4,51202962,5544
"[""cluster__5a65732a4a4ff188""]",cluster__5a65732a4a4ff188,block_permutation,-0.005235736890030207,negative,1418,outer_03,shallow_gradient_boosting,142,5,51202963,5544
"[""cluster__5a65732a4a4ff188""]",cluster__5a65732a4a4ff188,block_permutation,-0.0047910006760900625,negative,1418,outer_03,shallow_gradient_boosting,142,6,51202964,5544
"[""cluster__5a65732a4a4ff188""]",cluster__5a65732a4a4ff188,block_permutation,-0.0013789106740538237,negative,1418,outer_03,shallow_gradient_boosting,142,7,51202965,5544
"[""cluster__5a65732a4a4ff188""]",cluster__5a65732a4a4ff188,block_permutation,-0.0007002735805716753,negative,1418,outer_03,shallow_gradient_boosting,142,8,51202966,5544
"[""cluster__5a65732a4a4ff188""]",cluster__5a65732a4a4ff188,block_permutation,-0.0038380490815597135,negative,1418,outer_03,shallow_gradient_boosting,142,9,51202967,5544
"[""cluster__5c7bb033aa35772f""]",cluster__5c7bb033aa35772f,block_permutation,0.0,zero,1418,outer_03,shallow_gradient_boosting,142,0,51202968,5544
"[""cluster__5c7bb033aa35772f""]",cluster__5c7bb033aa35772f,block_permutation,0.0,zero,1418,outer_03,shallow_gradient_boosting,142,1,51202969,5544
"[""cluster__5c7bb033aa35772f""]",cluster__5c7bb033aa35772f,block_permutation,0.0,zero,1418,outer_03,shallow_gradient_boosting,142,2,51202970,5544
"[""cluster__5c7bb033aa35772f""]",cluster__5c7bb033aa35772f,block_permutation,0.0,zero,1418,outer_03,shallow_gradient_boosting,142,3,51202971,5544
"[""cluster__5c7bb033aa35772f""]",cluster__5c7bb033aa35772f,block_permutation,0.0,zero,1418,outer_03,shallow_gradient_boosting,142,4,51202972,5544
"[""cluster__5c7bb033aa35772f""]",cluster__5c7bb033aa35772f,block_permutation,0.0,zero,1418,outer_03,shallow_gradient_boosting,142,5,51202973,5544
"[""cluster__5c7bb033aa35772f""]",cluster__5c7bb033aa35772f,block_permutation,0.0,zero,1418,outer_03,shallow_gradient_boosting,142,6,51202974,5544
"[""cluster__5c7bb033aa35772f""]",cluster__5c7bb033aa35772f,block_permutation,0.0,zero,1418,outer_03,shallow_gradient_boosting,142,7,51202975,5544
"[""cluster__5c7bb033aa35772f""]",cluster__5c7bb033aa35772f,block_permutation,0.0,zero,1418,outer_03,shallow_gradient_boosting,142,8,51202976,5544
"[""cluster__5c7bb033aa35772f""]",cluster__5c7bb033aa35772f,block_permutation,0.0,zero,1418,outer_03,shallow_gradient_boosting,142,9,51202977,5544
"[""cluster__638294e28a507a16""]",cluster__638294e28a507a16,block_permutation,0.00183211729827093,positive,1418,outer_03,shallow_gradient_boosting,142,0,51202978,5544
"[""cluster__638294e28a507a16""]",cluster__638294e28a507a16,block_permutation,0.00197452093828665,positive,1418,outer_03,shallow_gradient_boosting,142,1,51202979,5544
"[""cluster__638294e28a507a16""]",cluster__638294e28a507a16,block_permutation,0.0015735107548291438,positive,1418,outer_03,shallow_gradient_boosting,142,2,51202980,5544
"[""cluster__638294e28a507a16""]",cluster__638294e28a507a16,block_permutation,0.0031911044009773626,positive,1418,outer_03,shallow_gradient_boosting,142,3,51202981,5544
"[""cluster__638294e28a507a16""]",cluster__638294e28a507a16,block_permutation,0.0015172472782909452,positive,1418,outer_03,shallow_gradient_boosting,142,4,51202982,5544
"[""cluster__638294e28a507a16""]",cluster__638294e28a507a16,block_permutation,0.0004060053580821066,positive,1418,outer_03,shallow_gradient_boosting,142,5,51202983,5544
"[""cluster__638294e28a507a16""]",cluster__638294e28a507a16,block_permutation,-0.0009002859003177655,negative,1418,outer_03,shallow_gradient_boosting,142,6,51202984,5544
"[""cluster__638294e28a507a16""]",cluster__638294e28a507a16,block_permutation,0.0010005501190135657,positive,1418,outer_03,shallow_gradient_boosting,142,7,51202985,5544
"[""cluster__638294e28a507a16""]",cluster__638294e28a507a16,block_permutation,-0.0006837097661622771,negative,1418,outer_03,shallow_gradient_boosting,142,8,51202986,5544
"[""cluster__638294e28a507a16""]",cluster__638294e28a507a16,block_permutation,0.0001865407229422189,positive,1418,outer_03,shallow_gradient_boosting,142,9,51202987,5544
"[""cluster__6567e1495fb81e67""]",cluster__6567e1495fb81e67,block_permutation,0.0,zero,1418,outer_03,shallow_gradient_boosting,142,0,51202988,5544
"[""cluster__6567e1495fb81e67""]",cluster__6567e1495fb81e67,block_permutation,0.0,zero,1418,outer_03,shallow_gradient_boosting,142,1,51202989,5544
"[""cluster__6567e1495fb81e67""]",cluster__6567e1495fb81e67,block_permutation,0.0,zero,1418,outer_03,shallow_gradient_boosting,142,2,51202990,5544
"[""cluster__6567e1495fb81e67""]",cluster__6567e1495fb81e67,block_permutation,0.0,zero,1418,outer_03,shallow_gradient_boosting,142,3,51202991,5544
"[""cluster__6567e1495fb81e67""]",cluster__6567e1495fb81e67,block_permutation,0.0,zero,1418,outer_03,shallow_gradient_boosting,142,4,51202992,5544
"[""cluster__6567e1495fb81e67""]",cluster__6567e1495fb81e67,block_permutation,0.0,zero,1418,outer_03,shallow_gradient_boosting,142,5,51202993,5544
"[""cluster__6567e1495fb81e67""]",cluster__6567e1495fb81e67,block_permutation,0.0,zero,1418,outer_03,shallow_gradient_boosting,142,6,51202994,5544
"[""cluster__6567e1495fb81e67""]",cluster__6567e1495fb81e67,block_permutation,0.0,zero,1418,outer_03,shallow_gradient_boosting,142,7,51202995,5544
"[""cluster__6567e1495fb81e67""]",cluster__6567e1495fb81e67,block_permutation,0.0,zero,1418,outer_03,shallow_gradient_boosting,142,8,51202996,5544
"[""cluster__6567e1495fb81e67""]",cluster__6567e1495fb81e67,block_permutation,0.0,zero,1418,outer_03,shallow_gradient_boosting,142,9,51202997,5544
"[""cluster__6712d3b7bf51390b""]",cluster__6712d3b7bf51390b,block_permutation,0.0,zero,1418,outer_03,shallow_gradient_boosting,142,0,51202998,5544
"[""cluster__6712d3b7bf51390b""]",cluster__6712d3b7bf51390b,block_permutation,0.0,zero,1418,outer_03,shallow_gradient_boosting,142,1,51202999,5544
"[""cluster__6712d3b7bf51390b""]",cluster__6712d3b7bf51390b,block_permutation,0.0,zero,1418,outer_03,shallow_gradient_boosting,142,2,51203000,5544
"[""cluster__6712d3b7bf51390b""]",cluster__6712d3b7bf51390b,block_permutation,0.0,zero,1418,outer_03,shallow_gradient_boosting,142,3,51203001,5544
"[""cluster__6712d3b7bf51390b""]",cluster__6712d3b7bf51390b,block_permutation,0.0,zero,1418,outer_03,shallow_gradient_boosting,142,4,51203002,5544
"[""cluster__6712d3b7bf51390b""]",cluster__6712d3b7bf51390b,block_permutation,0.0,zero,1418,outer_03,shallow_gradient_boosting,142,5,51203003,5544
"[""cluster__6712d3b7bf51390b""]",cluster__6712d3b7bf51390b,block_permutation,0.0,zero,1418,outer_03,shallow_gradient_boosting,142,6,51203004,5544
"[""cluster__6712d3b7bf51390b""]",cluster__6712d3b7bf51390b,block_permutation,0.0,zero,1418,outer_03,shallow_gradient_boosting,142,7,51203005,5544
"[""cluster__6712d3b7bf51390b""]",cluster__6712d3b7bf51390b,block_permutation,0.0,zero,1418,outer_03,shallow_gradient_boosting,142,8,51203006,5544
"[""cluster__6712d3b7bf51390b""]",cluster__6712d3b7bf51390b,block_permutation,0.0,zero,1418,outer_03,shallow_gradient_boosting,142,9,51203007,5544
"[""cluster__69905f0e3a72c606""]",cluster__69905f0e3a72c606,block_permutation,0.0,zero,1418,outer_03,shallow_gradient_boosting,142,0,51203008,5544
"[""cluster__69905f0e3a72c606""]",cluster__69905f0e3a72c606,block_permutation,0.0,zero,1418,outer_03,shallow_gradient_boosting,142,1,51203009,5544
"[""cluster__69905f0e3a72c606""]",cluster__69905f0e3a72c606,block_permutation,0.0,zero,1418,outer_03,shallow_gradient_boosting,142,2,51203010,5544
"[""cluster__69905f0e3a72c606""]",cluster__69905f0e3a72c606,block_permutation,0.0,zero,1418,outer_03,shallow_gradient_boosting,142,3,51203011,5544
"[""cluster__69905f0e3a72c606""]",cluster__69905f0e3a72c606,block_permutation,0.0,zero,1418,outer_03,shallow_gradient_boosting,142,4,51203012,5544
"[""cluster__69905f0e3a72c606""]",cluster__69905f0e3a72c606,block_permutation,0.0,zero,1418,outer_03,shallow_gradient_boosting,142,5,51203013,5544
"[""cluster__69905f0e3a72c606""]",cluster__69905f0e3a72c606,block_permutation,0.0,zero,1418,outer_03,shallow_gradient_boosting,142,6,51203014,5544
"[""cluster__69905f0e3a72c606""]",cluster__69905f0e3a72c606,block_permutation,0.0,zero,1418,outer_03,shallow_gradient_boosting,142,7,51203015,5544
"[""cluster__69905f0e3a72c606""]",cluster__69905f0e3a72c606,block_permutation,0.0,zero,1418,outer_03,shallow_gradient_boosting,142,8,51203016,5544
"[""cluster__69905f0e3a72c606""]",cluster__69905f0e3a72c606,block_permutation,0.0,zero,1418,outer_03,shallow_gradient_boosting,142,9,51203017,5544
"[""cluster__6a9c460c39dcad34""]",cluster__6a9c460c39dcad34,block_permutation,0.0,zero,1418,outer_03,shallow_gradient_boosting,142,0,51203018,5544
"[""cluster__6a9c460c39dcad34""]",cluster__6a9c460c39dcad34,block_permutation,0.0,zero,1418,outer_03,shallow_gradient_boosting,142,1,51203019,5544
"[""cluster__6a9c460c39dcad34""]",cluster__6a9c460c39dcad34,block_permutation,0.0,zero,1418,outer_03,shallow_gradient_boosting,142,2,51203020,5544
"[""cluster__6a9c460c39dcad34""]",cluster__6a9c460c39dcad34,block_permutation,0.0,zero,1418,outer_03,shallow_gradient_boosting,142,3,51203021,5544
"[""cluster__6a9c460c39dcad34""]",cluster__6a9c460c39dcad34,block_permutation,0.0,zero,1418,outer_03,shallow_gradient_boosting,142,4,51203022,5544
"[""cluster__6a9c460c39dcad34""]",cluster__6a9c460c39dcad34,block_permutation,0.0,zero,1418,outer_03,shallow_gradient_boosting,142,5,51203023,5544
"[""cluster__6a9c460c39dcad34""]",cluster__6a9c460c39dcad34,block_permutation,0.0,zero,1418,outer_03,shallow_gradient_boosting,142,6,51203024,5544
"[""cluster__6a9c460c39dcad34""]",cluster__6a9c460c39dcad34,block_permutation,0.0,zero,1418,outer_03,shallow_gradient_boosting,142,7,51203025,5544
"[""cluster__6a9c460c39dcad34""]",cluster__6a9c460c39dcad34,block_permutation,0.0,zero,1418,outer_03,shallow_gradient_boosting,142,8,51203026,5544
"[""cluster__6a9c460c39dcad34""]",cluster__6a9c460c39dcad34,block_permutation,0.0,zero,1418,outer_03,shallow_gradient_boosting,142,9,51203027,5544
"[""cluster__71c4d932236b3eeb""]",cluster__71c4d932236b3eeb,block_permutation,0.0,zero,1418,outer_03,shallow_gradient_boosting,142,0,51203028,5544
"[""cluster__71c4d932236b3eeb""]",cluster__71c4d932236b3eeb,block_permutation,0.0,zero,1418,outer_03,shallow_gradient_boosting,142,1,51203029,5544
"[""cluster__71c4d932236b3eeb""]",cluster__71c4d932236b3eeb,block_permutation,0.0,zero,1418,outer_03,shallow_gradient_boosting,142,2,51203030,5544
"[""cluster__71c4d932236b3eeb""]",cluster__71c4d932236b3eeb,block_permutation,0.0,zero,1418,outer_03,shallow_gradient_boosting,142,3,51203031,5544
"[""cluster__71c4d932236b3eeb""]",cluster__71c4d932236b3eeb,block_permutation,0.0,zero,1418,outer_03,shallow_gradient_boosting,142,4,51203032,5544
"[""cluster__71c4d932236b3eeb""]",cluster__71c4d932236b3eeb,block_permutation,0.0,zero,1418,outer_03,shallow_gradient_boosting,142,5,51203033,5544
"[""cluster__71c4d932236b3eeb""]",cluster__71c4d932236b3eeb,block_permutation,0.0,zero,1418,outer_03,shallow_gradient_boosting,142,6,51203034,5544
"[""cluster__71c4d932236b3eeb""]",cluster__71c4d932236b3eeb,block_permutation,0.0,zero,1418,outer_03,shallow_gradient_boosting,142,7,51203035,5544
"[""cluster__71c4d932236b3eeb""]",cluster__71c4d932236b3eeb,block_permutation,0.0,zero,1418,outer_03,shallow_gradient_boosting,142,8,51203036,5544
"[""cluster__71c4d932236b3eeb""]",cluster__71c4d932236b3eeb,block_permutation,0.0,zero,1418,outer_03,shallow_gradient_boosting,142,9,51203037,5544
"[""cluster__724520f09acc991f""]",cluster__724520f09acc991f,block_permutation,0.0,zero,1418,outer_03,shallow_gradient_boosting,142,0,51203038,5544
"[""cluster__724520f09acc991f""]",cluster__724520f09acc991f,block_permutation,0.0,zero,1418,outer_03,shallow_gradient_boosting,142,1,51203039,5544
"[""cluster__724520f09acc991f""]",cluster__724520f09acc991f,block_permutation,0.0,zero,1418,outer_03,shallow_gradient_boosting,142,2,51203040,5544
"[""cluster__724520f09acc991f""]",cluster__724520f09acc991f,block_permutation,0.0,zero,1418,outer_03,shallow_gradient_boosting,142,3,51203041,5544
"[""cluster__724520f09acc991f""]",cluster__724520f09acc991f,block_permutation,0.0,zero,1418,outer_03,shallow_gradient_boosting,142,4,51203042,5544
"[""cluster__724520f09acc991f""]",cluster__724520f09acc991f,block_permutation,0.0,zero,1418,outer_03,shallow_gradient_boosting,142,5,51203043,5544
"[""cluster__724520f09acc991f""]",cluster__724520f09acc991f,block_permutation,0.0,zero,1418,outer_03,shallow_gradient_boosting,142,6,51203044,5544
"[""cluster__724520f09acc991f""]",cluster__724520f09acc991f,block_permutation,0.0,zero,1418,outer_03,shallow_gradient_boosting,142,7,51203045,5544
"[""cluster__724520f09acc991f""]",cluster__724520f09acc991f,block_permutation,0.0,zero,1418,outer_03,shallow_gradient_boosting,142,8,51203046,5544
"[""cluster__724520f09acc991f""]",cluster__724520f09acc991f,block_permutation,0.0,zero,1418,outer_03,shallow_gradient_boosting,142,9,51203047,5544
"[""cluster__7533afca12d5c845""]",cluster__7533afca12d5c845,block_permutation,0.0,zero,1418,outer_03,shallow_gradient_boosting,142,0,51203048,5544
"[""cluster__7533afca12d5c845""]",cluster__7533afca12d5c845,block_permutation,0.0,zero,1418,outer_03,shallow_gradient_boosting,142,1,51203049,5544
"[""cluster__7533afca12d5c845""]",cluster__7533afca12d5c845,block_permutation,0.0,zero,1418,outer_03,shallow_gradient_boosting,142,2,51203050,5544
"[""cluster__7533afca12d5c845""]",cluster__7533afca12d5c845,block_permutation,0.0,zero,1418,outer_03,shallow_gradient_boosting,142,3,51203051,5544
"[""cluster__7533afca12d5c845""]",cluster__7533afca12d5c845,block_permutation,0.0,zero,1418,outer_03,shallow_gradient_boosting,142,4,51203052,5544
"[""cluster__7533afca12d5c845""]",cluster__7533afca12d5c845,block_permutation,0.0,zero,1418,outer_03,shallow_gradient_boosting,142,5,51203053,5544
"[""cluster__7533afca12d5c845""]",cluster__7533afca12d5c845,block_permutation,0.0,zero,1418,outer_03,shallow_gradient_boosting,142,6,51203054,5544
"[""cluster__7533afca12d5c845""]",cluster__7533afca12d5c845,block_permutation,0.0,zero,1418,outer_03,shallow_gradient_boosting,142,7,51203055,5544
"[""cluster__7533afca12d5c845""]",cluster__7533afca12d5c845,block_permutation,0.0,zero,1418,outer_03,shallow_gradient_boosting,142,8,51203056,5544
"[""cluster__7533afca12d5c845""]",cluster__7533afca12d5c845,block_permutation,0.0,zero,1418,outer_03,shallow_gradient_boosting,142,9,51203057,5544
"[""cluster__75ae125737df1102""]",cluster__75ae125737df1102,block_permutation,0.0,zero,1418,outer_03,shallow_gradient_boosting,142,0,51203058,5544
"[""cluster__75ae125737df1102""]",cluster__75ae125737df1102,block_permutation,0.0,zero,1418,outer_03,shallow_gradient_boosting,142,1,51203059,5544
"[""cluster__75ae125737df1102""]",cluster__75ae125737df1102,block_permutation,0.0,zero,1418,outer_03,shallow_gradient_boosting,142,2,51203060,5544
"[""cluster__75ae125737df1102""]",cluster__75ae125737df1102,block_permutation,0.0,zero,1418,outer_03,shallow_gradient_boosting,142,3,51203061,5544
"[""cluster__75ae125737df1102""]",cluster__75ae125737df1102,block_permutation,0.0,zero,1418,outer_03,shallow_gradient_boosting,142,4,51203062,5544
"[""cluster__75ae125737df1102""]",cluster__75ae125737df1102,block_permutation,0.0,zero,1418,outer_03,shallow_gradient_boosting,142,5,51203063,5544
"[""cluster__75ae125737df1102""]",cluster__75ae125737df1102,block_permutation,0.0,zero,1418,outer_03,shallow_gradient_boosting,142,6,51203064,5544
"[""cluster__75ae125737df1102""]",cluster__75ae125737df1102,block_permutation,0.0,zero,1418,outer_03,shallow_gradient_boosting,142,7,51203065,5544
"[""cluster__75ae125737df1102""]",cluster__75ae125737df1102,block_permutation,0.0,zero,1418,outer_03,shallow_gradient_boosting,142,8,51203066,5544
"[""cluster__75ae125737df1102""]",cluster__75ae125737df1102,block_permutation,0.0,zero,1418,outer_03,shallow_gradient_boosting,142,9,51203067,5544
"[""cluster__773984b00b5c1f1c""]",cluster__773984b00b5c1f1c,block_permutation,0.0,zero,1418,outer_03,shallow_gradient_boosting,142,0,51203068,5544
"[""cluster__773984b00b5c1f1c""]",cluster__773984b00b5c1f1c,block_permutation,0.0,zero,1418,outer_03,shallow_gradient_boosting,142,1,51203069,5544
"[""cluster__773984b00b5c1f1c""]",cluster__773984b00b5c1f1c,block_permutation,0.0,zero,1418,outer_03,shallow_gradient_boosting,142,2,51203070,5544
"[""cluster__773984b00b5c1f1c""]",cluster__773984b00b5c1f1c,block_permutation,0.0,zero,1418,outer_03,shallow_gradient_boosting,142,3,51203071,5544
"[""cluster__773984b00b5c1f1c""]",cluster__773984b00b5c1f1c,block_permutation,0.0,zero,1418,outer_03,shallow_gradient_boosting,142,4,51203072,5544
"[""cluster__773984b00b5c1f1c""]",cluster__773984b00b5c1f1c,block_permutation,0.0,zero,1418,outer_03,shallow_gradient_boosting,142,5,51203073,5544
"[""cluster__773984b00b5c1f1c""]",cluster__773984b00b5c1f1c,block_permutation,0.0,zero,1418,outer_03,shallow_gradient_boosting,142,6,51203074,5544
"[""cluster__773984b00b5c1f1c""]",cluster__773984b00b5c1f1c,block_permutation,0.0,zero,1418,outer_03,shallow_gradient_boosting,142,7,51203075,5544
"[""cluster__773984b00b5c1f1c""]",cluster__773984b00b5c1f1c,block_permutation,0.0,zero,1418,outer_03,shallow_gradient_boosting,142,8,51203076,5544
"[""cluster__773984b00b5c1f1c""]",cluster__773984b00b5c1f1c,block_permutation,0.0,zero,1418,outer_03,shallow_gradient_boosting,142,9,51203077,5544
"[""cluster__7cc2e09b9a932b39""]",cluster__7cc2e09b9a932b39,block_permutation,0.0,zero,1418,outer_03,shallow_gradient_boosting,142,0,51203078,5544
"[""cluster__7cc2e09b9a932b39""]",cluster__7cc2e09b9a932b39,block_permutation,0.0,zero,1418,outer_03,shallow_gradient_boosting,142,1,51203079,5544
"[""cluster__7cc2e09b9a932b39""]",cluster__7cc2e09b9a932b39,block_permutation,0.0,zero,1418,outer_03,shallow_gradient_boosting,142,2,51203080,5544
"[""cluster__7cc2e09b9a932b39""]",cluster__7cc2e09b9a932b39,block_permutation,0.0,zero,1418,outer_03,shallow_gradient_boosting,142,3,51203081,5544
"[""cluster__7cc2e09b9a932b39""]",cluster__7cc2e09b9a932b39,block_permutation,0.0,zero,1418,outer_03,shallow_gradient_boosting,142,4,51203082,5544
"[""cluster__7cc2e09b9a932b39""]",cluster__7cc2e09b9a932b39,block_permutation,0.0,zero,1418,outer_03,shallow_gradient_boosting,142,5,51203083,5544
"[""cluster__7cc2e09b9a932b39""]",cluster__7cc2e09b9a932b39,block_permutation,0.0,zero,1418,outer_03,shallow_gradient_boosting,142,6,51203084,5544
"[""cluster__7cc2e09b9a932b39""]",cluster__7cc2e09b9a932b39,block_permutation,0.0,zero,1418,outer_03,shallow_gradient_boosting,142,7,51203085,5544
"[""cluster__7cc2e09b9a932b39""]",cluster__7cc2e09b9a932b39,block_permutation,0.0,zero,1418,outer_03,shallow_gradient_boosting,142,8,51203086,5544
"[""cluster__7cc2e09b9a932b39""]",cluster__7cc2e09b9a932b39,block_permutation,0.0,zero,1418,outer_03,shallow_gradient_boosting,142,9,51203087,5544
"[""cluster__84da565ba8281d2a""]",cluster__84da565ba8281d2a,block_permutation,0.0,zero,1418,outer_03,shallow_gradient_boosting,142,0,51203088,5544
"[""cluster__84da565ba8281d2a""]",cluster__84da565ba8281d2a,block_permutation,0.0,zero,1418,outer_03,shallow_gradient_boosting,142,1,51203089,5544
"[""cluster__84da565ba8281d2a""]",cluster__84da565ba8281d2a,block_permutation,0.0,zero,1418,outer_03,shallow_gradient_boosting,142,2,51203090,5544
"[""cluster__84da565ba8281d2a""]",cluster__84da565ba8281d2a,block_permutation,0.0,zero,1418,outer_03,shallow_gradient_boosting,142,3,51203091,5544
"[""cluster__84da565ba8281d2a""]",cluster__84da565ba8281d2a,block_permutation,0.0,zero,1418,outer_03,shallow_gradient_boosting,142,4,51203092,5544
"[""cluster__84da565ba8281d2a""]",cluster__84da565ba8281d2a,block_permutation,0.0,zero,1418,outer_03,shallow_gradient_boosting,142,5,51203093,5544
"[""cluster__84da565ba8281d2a""]",cluster__84da565ba8281d2a,block_permutation,0.0,zero,1418,outer_03,shallow_gradient_boosting,142,6,51203094,5544
"[""cluster__84da565ba8281d2a""]",cluster__84da565ba8281d2a,block_permutation,0.0,zero,1418,outer_03,shallow_gradient_boosting,142,7,51203095,5544
"[""cluster__84da565ba8281d2a""]",cluster__84da565ba8281d2a,block_permutation,0.0,zero,1418,outer_03,shallow_gradient_boosting,142,8,51203096,5544
"[""cluster__84da565ba8281d2a""]",cluster__84da565ba8281d2a,block_permutation,0.0,zero,1418,outer_03,shallow_gradient_boosting,142,9,51203097,5544
"[""cluster__87f626d156f0ac67""]",cluster__87f626d156f0ac67,block_permutation,0.0,zero,1418,outer_03,shallow_gradient_boosting,142,0,51203098,5544
"[""cluster__87f626d156f0ac67""]",cluster__87f626d156f0ac67,block_permutation,0.0,zero,1418,outer_03,shallow_gradient_boosting,142,1,51203099,5544
"[""cluster__87f626d156f0ac67""]",cluster__87f626d156f0ac67,block_permutation,0.0,zero,1418,outer_03,shallow_gradient_boosting,142,2,51203100,5544
"[""cluster__87f626d156f0ac67""]",cluster__87f626d156f0ac67,block_permutation,0.0,zero,1418,outer_03,shallow_gradient_boosting,142,3,51203101,5544
"[""cluster__87f626d156f0ac67""]",cluster__87f626d156f0ac67,block_permutation,0.0,zero,1418,outer_03,shallow_gradient_boosting,142,4,51203102,5544
"[""cluster__87f626d156f0ac67""]",cluster__87f626d156f0ac67,block_permutation,0.0,zero,1418,outer_03,shallow_gradient_boosting,142,5,51203103,5544
"[""cluster__87f626d156f0ac67""]",cluster__87f626d156f0ac67,block_permutation,0.0,zero,1418,outer_03,shallow_gradient_boosting,142,6,51203104,5544
"[""cluster__87f626d156f0ac67""]",cluster__87f626d156f0ac67,block_permutation,0.0,zero,1418,outer_03,shallow_gradient_boosting,142,7,51203105,5544
"[""cluster__87f626d156f0ac67""]",cluster__87f626d156f0ac67,block_permutation,0.0,zero,1418,outer_03,shallow_gradient_boosting,142,8,51203106,5544
"[""cluster__87f626d156f0ac67""]",cluster__87f626d156f0ac67,block_permutation,0.0,zero,1418,outer_03,shallow_gradient_boosting,142,9,51203107,5544
"[""cluster__8b57524bef0d2ebf""]",cluster__8b57524bef0d2ebf,block_permutation,0.02376447221175737,positive,1418,outer_03,shallow_gradient_boosting,142,0,51203108,5544
"[""cluster__8b57524bef0d2ebf""]",cluster__8b57524bef0d2ebf,block_permutation,-0.016811555754066232,negative,1418,outer_03,shallow_gradient_boosting,142,1,51203109,5544
"[""cluster__8b57524bef0d2ebf""]",cluster__8b57524bef0d2ebf,block_permutation,0.0030847522200927457,positive,1418,outer_03,shallow_gradient_boosting,142,2,51203110,5544
"[""cluster__8b57524bef0d2ebf""]",cluster__8b57524bef0d2ebf,block_permutation,0.005518602976311016,positive,1418,outer_03,shallow_gradient_boosting,142,3,51203111,5544
"[""cluster__8b57524bef0d2ebf""]",cluster__8b57524bef0d2ebf,block_permutation,0.0266568202770483,positive,1418,outer_03,shallow_gradient_boosting,142,4,51203112,5544
"[""cluster__8b57524bef0d2ebf""]",cluster__8b57524bef0d2ebf,block_permutation,0.027891661754515296,positive,1418,outer_03,shallow_gradient_boosting,142,5,51203113,5544
"[""cluster__8b57524bef0d2ebf""]",cluster__8b57524bef0d2ebf,block_permutation,0.0258998145033964,positive,1418,outer_03,shallow_gradient_boosting,142,6,51203114,5544
"[""cluster__8b57524bef0d2ebf""]",cluster__8b57524bef0d2ebf,block_permutation,0.07144030872769735,positive,1418,outer_03,shallow_gradient_boosting,142,7,51203115,5544
"[""cluster__8b57524bef0d2ebf""]",cluster__8b57524bef0d2ebf,block_permutation,0.04433105745798782,positive,1418,outer_03,shallow_gradient_boosting,142,8,51203116,5544
"[""cluster__8b57524bef0d2ebf""]",cluster__8b57524bef0d2ebf,block_permutation,0.02461049820747352,positive,1418,outer_03,shallow_gradient_boosting,142,9,51203117,5544
"[""cluster__8c29a8ea6225c377""]",cluster__8c29a8ea6225c377,block_permutation,0.0,zero,1418,outer_03,shallow_gradient_boosting,142,0,51203118,5544
"[""cluster__8c29a8ea6225c377""]",cluster__8c29a8ea6225c377,block_permutation,0.0,zero,1418,outer_03,shallow_gradient_boosting,142,1,51203119,5544
"[""cluster__8c29a8ea6225c377""]",cluster__8c29a8ea6225c377,block_permutation,0.0,zero,1418,outer_03,shallow_gradient_boosting,142,2,51203120,5544
"[""cluster__8c29a8ea6225c377""]",cluster__8c29a8ea6225c377,block_permutation,0.0,zero,1418,outer_03,shallow_gradient_boosting,142,3,51203121,5544
"[""cluster__8c29a8ea6225c377""]",cluster__8c29a8ea6225c377,block_permutation,0.0,zero,1418,outer_03,shallow_gradient_boosting,142,4,51203122,5544
"[""cluster__8c29a8ea6225c377""]",cluster__8c29a8ea6225c377,block_permutation,0.0,zero,1418,outer_03,shallow_gradient_boosting,142,5,51203123,5544
"[""cluster__8c29a8ea6225c377""]",cluster__8c29a8ea6225c377,block_permutation,0.0,zero,1418,outer_03,shallow_gradient_boosting,142,6,51203124,5544
"[""cluster__8c29a8ea6225c377""]",cluster__8c29a8ea6225c377,block_permutation,0.0,zero,1418,outer_03,shallow_gradient_boosting,142,7,51203125,5544
"[""cluster__8c29a8ea6225c377""]",cluster__8c29a8ea6225c377,block_permutation,0.0,zero,1418,outer_03,shallow_gradient_boosting,142,8,51203126,5544
"[""cluster__8c29a8ea6225c377""]",cluster__8c29a8ea6225c377,block_permutation,0.0,zero,1418,outer_03,shallow_gradient_boosting,142,9,51203127,5544
"[""cluster__8c9f8f99361a6fed""]",cluster__8c9f8f99361a6fed,block_permutation,0.0,zero,1418,outer_03,shallow_gradient_boosting,142,0,51203128,5544
"[""cluster__8c9f8f99361a6fed""]",cluster__8c9f8f99361a6fed,block_permutation,0.0,zero,1418,outer_03,shallow_gradient_boosting,142,1,51203129,5544
"[""cluster__8c9f8f99361a6fed""]",cluster__8c9f8f99361a6fed,block_permutation,0.0,zero,1418,outer_03,shallow_gradient_boosting,142,2,51203130,5544
"[""cluster__8c9f8f99361a6fed""]",cluster__8c9f8f99361a6fed,block_permutation,0.0,zero,1418,outer_03,shallow_gradient_boosting,142,3,51203131,5544
"[""cluster__8c9f8f99361a6fed""]",cluster__8c9f8f99361a6fed,block_permutation,0.0,zero,1418,outer_03,shallow_gradient_boosting,142,4,51203132,5544
"[""cluster__8c9f8f99361a6fed""]",cluster__8c9f8f99361a6fed,block_permutation,0.0,zero,1418,outer_03,shallow_gradient_boosting,142,5,51203133,5544
"[""cluster__8c9f8f99361a6fed""]",cluster__8c9f8f99361a6fed,block_permutation,0.0,zero,1418,outer_03,shallow_gradient_boosting,142,6,51203134,5544
"[""cluster__8c9f8f99361a6fed""]",cluster__8c9f8f99361a6fed,block_permutation,0.0,zero,1418,outer_03,shallow_gradient_boosting,142,7,51203135,5544
"[""cluster__8c9f8f99361a6fed""]",cluster__8c9f8f99361a6fed,block_permutation,0.0,zero,1418,outer_03,shallow_gradient_boosting,142,8,51203136,5544
"[""cluster__8c9f8f99361a6fed""]",cluster__8c9f8f99361a6fed,block_permutation,0.0,zero,1418,outer_03,shallow_gradient_boosting,142,9,51203137,5544
"[""cluster__959b637bd3bb66d4""]",cluster__959b637bd3bb66d4,block_permutation,0.0,zero,1418,outer_03,shallow_gradient_boosting,142,0,51203138,5544
"[""cluster__959b637bd3bb66d4""]",cluster__959b637bd3bb66d4,block_permutation,0.0,zero,1418,outer_03,shallow_gradient_boosting,142,1,51203139,5544
"[""cluster__959b637bd3bb66d4""]",cluster__959b637bd3bb66d4,block_permutation,0.0,zero,1418,outer_03,shallow_gradient_boosting,142,2,51203140,5544
"[""cluster__959b637bd3bb66d4""]",cluster__959b637bd3bb66d4,block_permutation,0.0,zero,1418,outer_03,shallow_gradient_boosting,142,3,51203141,5544
"[""cluster__959b637bd3bb66d4""]",cluster__959b637bd3bb66d4,block_permutation,0.0,zero,1418,outer_03,shallow_gradient_boosting,142,4,51203142,5544
"[""cluster__959b637bd3bb66d4""]",cluster__959b637bd3bb66d4,block_permutation,0.0,zero,1418,outer_03,shallow_gradient_boosting,142,5,51203143,5544
"[""cluster__959b637bd3bb66d4""]",cluster__959b637bd3bb66d4,block_permutation,0.0,zero,1418,outer_03,shallow_gradient_boosting,142,6,51203144,5544
"[""cluster__959b637bd3bb66d4""]",cluster__959b637bd3bb66d4,block_permutation,0.0,zero,1418,outer_03,shallow_gradient_boosting,142,7,51203145,5544
"[""cluster__959b637bd3bb66d4""]",cluster__959b637bd3bb66d4,block_permutation,0.0,zero,1418,outer_03,shallow_gradient_boosting,142,8,51203146,5544
"[""cluster__959b637bd3bb66d4""]",cluster__959b637bd3bb66d4,block_permutation,0.0,zero,1418,outer_03,shallow_gradient_boosting,142,9,51203147,5544
"[""cluster__962c08b556b1c862""]",cluster__962c08b556b1c862,block_permutation,0.0,zero,1418,outer_03,shallow_gradient_boosting,142,0,51203148,5544
"[""cluster__962c08b556b1c862""]",cluster__962c08b556b1c862,block_permutation,0.0,zero,1418,outer_03,shallow_gradient_boosting,142,1,51203149,5544
"[""cluster__962c08b556b1c862""]",cluster__962c08b556b1c862,block_permutation,0.0,zero,1418,outer_03,shallow_gradient_boosting,142,2,51203150,5544
"[""cluster__962c08b556b1c862""]",cluster__962c08b556b1c862,block_permutation,0.0,zero,1418,outer_03,shallow_gradient_boosting,142,3,51203151,5544
"[""cluster__962c08b556b1c862""]",cluster__962c08b556b1c862,block_permutation,0.0,zero,1418,outer_03,shallow_gradient_boosting,142,4,51203152,5544
"[""cluster__962c08b556b1c862""]",cluster__962c08b556b1c862,block_permutation,0.0,zero,1418,outer_03,shallow_gradient_boosting,142,5,51203153,5544
"[""cluster__962c08b556b1c862""]",cluster__962c08b556b1c862,block_permutation,0.0,zero,1418,outer_03,shallow_gradient_boosting,142,6,51203154,5544
"[""cluster__962c08b556b1c862""]",cluster__962c08b556b1c862,block_permutation,0.0,zero,1418,outer_03,shallow_gradient_boosting,142,7,51203155,5544
"[""cluster__962c08b556b1c862""]",cluster__962c08b556b1c862,block_permutation,0.0,zero,1418,outer_03,shallow_gradient_boosting,142,8,51203156,5544
"[""cluster__962c08b556b1c862""]",cluster__962c08b556b1c862,block_permutation,0.0,zero,1418,outer_03,shallow_gradient_boosting,142,9,51203157,5544
"[""cluster__9ca9e2709e5c747a""]",cluster__9ca9e2709e5c747a,block_permutation,0.0,zero,1418,outer_03,shallow_gradient_boosting,142,0,51203158,5544
"[""cluster__9ca9e2709e5c747a""]",cluster__9ca9e2709e5c747a,block_permutation,0.0,zero,1418,outer_03,shallow_gradient_boosting,142,1,51203159,5544
"[""cluster__9ca9e2709e5c747a""]",cluster__9ca9e2709e5c747a,block_permutation,0.0,zero,1418,outer_03,shallow_gradient_boosting,142,2,51203160,5544
"[""cluster__9ca9e2709e5c747a""]",cluster__9ca9e2709e5c747a,block_permutation,0.0,zero,1418,outer_03,shallow_gradient_boosting,142,3,51203161,5544
"[""cluster__9ca9e2709e5c747a""]",cluster__9ca9e2709e5c747a,block_permutation,0.0,zero,1418,outer_03,shallow_gradient_boosting,142,4,51203162,5544
"[""cluster__9ca9e2709e5c747a""]",cluster__9ca9e2709e5c747a,block_permutation,0.0,zero,1418,outer_03,shallow_gradient_boosting,142,5,51203163,5544
"[""cluster__9ca9e2709e5c747a""]",cluster__9ca9e2709e5c747a,block_permutation,0.0,zero,1418,outer_03,shallow_gradient_boosting,142,6,51203164,5544
"[""cluster__9ca9e2709e5c747a""]",cluster__9ca9e2709e5c747a,block_permutation,0.0,zero,1418,outer_03,shallow_gradient_boosting,142,7,51203165,5544
"[""cluster__9ca9e2709e5c747a""]",cluster__9ca9e2709e5c747a,block_permutation,0.0,zero,1418,outer_03,shallow_gradient_boosting,142,8,51203166,5544
"[""cluster__9ca9e2709e5c747a""]",cluster__9ca9e2709e5c747a,block_permutation,0.0,zero,1418,outer_03,shallow_gradient_boosting,142,9,51203167,5544
"[""cluster__a1e835b95b16e9e9""]",cluster__a1e835b95b16e9e9,block_permutation,0.0,zero,1418,outer_03,shallow_gradient_boosting,142,0,51203168,5544
"[""cluster__a1e835b95b16e9e9""]",cluster__a1e835b95b16e9e9,block_permutation,0.0,zero,1418,outer_03,shallow_gradient_boosting,142,1,51203169,5544
"[""cluster__a1e835b95b16e9e9""]",cluster__a1e835b95b16e9e9,block_permutation,0.0,zero,1418,outer_03,shallow_gradient_boosting,142,2,51203170,5544
"[""cluster__a1e835b95b16e9e9""]",cluster__a1e835b95b16e9e9,block_permutation,0.0,zero,1418,outer_03,shallow_gradient_boosting,142,3,51203171,5544
"[""cluster__a1e835b95b16e9e9""]",cluster__a1e835b95b16e9e9,block_permutation,0.0,zero,1418,outer_03,shallow_gradient_boosting,142,4,51203172,5544
"[""cluster__a1e835b95b16e9e9""]",cluster__a1e835b95b16e9e9,block_permutation,0.0,zero,1418,outer_03,shallow_gradient_boosting,142,5,51203173,5544
"[""cluster__a1e835b95b16e9e9""]",cluster__a1e835b95b16e9e9,block_permutation,0.0,zero,1418,outer_03,shallow_gradient_boosting,142,6,51203174,5544
"[""cluster__a1e835b95b16e9e9""]",cluster__a1e835b95b16e9e9,block_permutation,0.0,zero,1418,outer_03,shallow_gradient_boosting,142,7,51203175,5544
"[""cluster__a1e835b95b16e9e9""]",cluster__a1e835b95b16e9e9,block_permutation,0.0,zero,1418,outer_03,shallow_gradient_boosting,142,8,51203176,5544
"[""cluster__a1e835b95b16e9e9""]",cluster__a1e835b95b16e9e9,block_permutation,0.0,zero,1418,outer_03,shallow_gradient_boosting,142,9,51203177,5544
"[""cluster__a59fb5db9f4fd3e0""]",cluster__a59fb5db9f4fd3e0,block_permutation,-0.009334648626863729,negative,1418,outer_03,shallow_gradient_boosting,142,0,51203178,5544
"[""cluster__a59fb5db9f4fd3e0""]",cluster__a59fb5db9f4fd3e0,block_permutation,-0.015450717714417195,negative,1418,outer_03,shallow_gradient_boosting,142,1,51203179,5544
"[""cluster__a59fb5db9f4fd3e0""]",cluster__a59fb5db9f4fd3e0,block_permutation,-0.03034578050295167,negative,1418,outer_03,shallow_gradient_boosting,142,2,51203180,5544
"[""cluster__a59fb5db9f4fd3e0""]",cluster__a59fb5db9f4fd3e0,block_permutation,-0.03647451789999945,negative,1418,outer_03,shallow_gradient_boosting,142,3,51203181,5544
"[""cluster__a59fb5db9f4fd3e0""]",cluster__a59fb5db9f4fd3e0,block_permutation,-0.019730905530914056,negative,1418,outer_03,shallow_gradient_boosting,142,4,51203182,5544
"[""cluster__a59fb5db9f4fd3e0""]",cluster__a59fb5db9f4fd3e0,block_permutation,0.009059021268526424,positive,1418,outer_03,shallow_gradient_boosting,142,5,51203183,5544
"[""cluster__a59fb5db9f4fd3e0""]",cluster__a59fb5db9f4fd3e0,block_permutation,-0.0038338672038982224,negative,1418,outer_03,shallow_gradient_boosting,142,6,51203184,5544
"[""cluster__a59fb5db9f4fd3e0""]",cluster__a59fb5db9f4fd3e0,block_permutation,-0.009022622203179731,negative,1418,outer_03,shallow_gradient_boosting,142,7,51203185,5544
"[""cluster__a59fb5db9f4fd3e0""]",cluster__a59fb5db9f4fd3e0,block_permutation,-0.029210935515303627,negative,1418,outer_03,shallow_gradient_boosting,142,8,51203186,5544
"[""cluster__a59fb5db9f4fd3e0""]",cluster__a59fb5db9f4fd3e0,block_permutation,-0.023812065795139725,negative,1418,outer_03,shallow_gradient_boosting,142,9,51203187,5544
"[""cluster__a7171c841cb9fb67""]",cluster__a7171c841cb9fb67,block_permutation,0.0,zero,1418,outer_03,shallow_gradient_boosting,142,0,51203188,5544
"[""cluster__a7171c841cb9fb67""]",cluster__a7171c841cb9fb67,block_permutation,0.0,zero,1418,outer_03,shallow_gradient_boosting,142,1,51203189,5544
"[""cluster__a7171c841cb9fb67""]",cluster__a7171c841cb9fb67,block_permutation,0.0,zero,1418,outer_03,shallow_gradient_boosting,142,2,51203190,5544
"[""cluster__a7171c841cb9fb67""]",cluster__a7171c841cb9fb67,block_permutation,0.0,zero,1418,outer_03,shallow_gradient_boosting,142,3,51203191,5544
"[""cluster__a7171c841cb9fb67""]",cluster__a7171c841cb9fb67,block_permutation,0.0,zero,1418,outer_03,shallow_gradient_boosting,142,4,51203192,5544
"[""cluster__a7171c841cb9fb67""]",cluster__a7171c841cb9fb67,block_permutation,0.0,zero,1418,outer_03,shallow_gradient_boosting,142,5,51203193,5544
"[""cluster__a7171c841cb9fb67""]",cluster__a7171c841cb9fb67,block_permutation,0.0,zero,1418,outer_03,shallow_gradient_boosting,142,6,51203194,5544
"[""cluster__a7171c841cb9fb67""]",cluster__a7171c841cb9fb67,block_permutation,0.0,zero,1418,outer_03,shallow_gradient_boosting,142,7,51203195,5544
"[""cluster__a7171c841cb9fb67""]",cluster__a7171c841cb9fb67,block_permutation,0.0,zero,1418,outer_03,shallow_gradient_boosting,142,8,51203196,5544
"[""cluster__a7171c841cb9fb67""]",cluster__a7171c841cb9fb67,block_permutation,0.0,zero,1418,outer_03,shallow_gradient_boosting,142,9,51203197,5544
"[""cluster__a827e2207d675df1""]",cluster__a827e2207d675df1,block_permutation,0.0,zero,1418,outer_03,shallow_gradient_boosting,142,0,51203198,5544
"[""cluster__a827e2207d675df1""]",cluster__a827e2207d675df1,block_permutation,0.0,zero,1418,outer_03,shallow_gradient_boosting,142,1,51203199,5544
"[""cluster__a827e2207d675df1""]",cluster__a827e2207d675df1,block_permutation,0.0,zero,1418,outer_03,shallow_gradient_boosting,142,2,51203200,5544
"[""cluster__a827e2207d675df1""]",cluster__a827e2207d675df1,block_permutation,0.0,zero,1418,outer_03,shallow_gradient_boosting,142,3,51203201,5544
"[""cluster__a827e2207d675df1""]",cluster__a827e2207d675df1,block_permutation,0.0,zero,1418,outer_03,shallow_gradient_boosting,142,4,51203202,5544
"[""cluster__a827e2207d675df1""]",cluster__a827e2207d675df1,block_permutation,0.0,zero,1418,outer_03,shallow_gradient_boosting,142,5,51203203,5544
"[""cluster__a827e2207d675df1""]",cluster__a827e2207d675df1,block_permutation,0.0,zero,1418,outer_03,shallow_gradient_boosting,142,6,51203204,5544
"[""cluster__a827e2207d675df1""]",cluster__a827e2207d675df1,block_permutation,0.0,zero,1418,outer_03,shallow_gradient_boosting,142,7,51203205,5544
"[""cluster__a827e2207d675df1""]",cluster__a827e2207d675df1,block_permutation,0.0,zero,1418,outer_03,shallow_gradient_boosting,142,8,51203206,5544
"[""cluster__a827e2207d675df1""]",cluster__a827e2207d675df1,block_permutation,0.0,zero,1418,outer_03,shallow_gradient_boosting,142,9,51203207,5544
"[""cluster__a867b4c1b44d375e""]",cluster__a867b4c1b44d375e,block_permutation,0.00043100362104087075,positive,1418,outer_03,shallow_gradient_boosting,142,0,51203208,5544
"[""cluster__a867b4c1b44d375e""]",cluster__a867b4c1b44d375e,block_permutation,-0.0011242034881091545,negative,1418,outer_03,shallow_gradient_boosting,142,1,51203209,5544
"[""cluster__a867b4c1b44d375e""]",cluster__a867b4c1b44d375e,block_permutation,-0.0005923402415766166,negative,1418,outer_03,shallow_gradient_boosting,142,2,51203210,5544
"[""cluster__a867b4c1b44d375e""]",cluster__a867b4c1b44d375e,block_permutation,-0.0004873916951639856,negative,1418,outer_03,shallow_gradient_boosting,142,3,51203211,5544
"[""cluster__a867b4c1b44d375e""]",cluster__a867b4c1b44d375e,block_permutation,0.0010372000590888053,positive,1418,outer_03,shallow_gradient_boosting,142,4,51203212,5544
"[""cluster__a867b4c1b44d375e""]",cluster__a867b4c1b44d375e,block_permutation,-0.002332376546741566,negative,1418,outer_03,shallow_gradient_boosting,142,5,51203213,5544
"[""cluster__a867b4c1b44d375e""]",cluster__a867b4c1b44d375e,block_permutation,9.82330095979922e-05,positive,1418,outer_03,shallow_gradient_boosting,142,6,51203214,5544
"[""cluster__a867b4c1b44d375e""]",cluster__a867b4c1b44d375e,block_permutation,0.0005447517977690275,positive,1418,outer_03,shallow_gradient_boosting,142,7,51203215,5544
"[""cluster__a867b4c1b44d375e""]",cluster__a867b4c1b44d375e,block_permutation,-0.0011575284928422302,negative,1418,outer_03,shallow_gradient_boosting,142,8,51203216,5544
"[""cluster__a867b4c1b44d375e""]",cluster__a867b4c1b44d375e,block_permutation,0.0006429848073667976,positive,1418,outer_03,shallow_gradient_boosting,142,9,51203217,5544
"[""cluster__ad0a96a048bbc7d8""]",cluster__ad0a96a048bbc7d8,block_permutation,0.0,zero,1418,outer_03,shallow_gradient_boosting,142,0,51203218,5544
"[""cluster__ad0a96a048bbc7d8""]",cluster__ad0a96a048bbc7d8,block_permutation,0.0,zero,1418,outer_03,shallow_gradient_boosting,142,1,51203219,5544
"[""cluster__ad0a96a048bbc7d8""]",cluster__ad0a96a048bbc7d8,block_permutation,0.0,zero,1418,outer_03,shallow_gradient_boosting,142,2,51203220,5544
"[""cluster__ad0a96a048bbc7d8""]",cluster__ad0a96a048bbc7d8,block_permutation,0.0,zero,1418,outer_03,shallow_gradient_boosting,142,3,51203221,5544
"[""cluster__ad0a96a048bbc7d8""]",cluster__ad0a96a048bbc7d8,block_permutation,0.0,zero,1418,outer_03,shallow_gradient_boosting,142,4,51203222,5544
"[""cluster__ad0a96a048bbc7d8""]",cluster__ad0a96a048bbc7d8,block_permutation,0.0,zero,1418,outer_03,shallow_gradient_boosting,142,5,51203223,5544
"[""cluster__ad0a96a048bbc7d8""]",cluster__ad0a96a048bbc7d8,block_permutation,0.0,zero,1418,outer_03,shallow_gradient_boosting,142,6,51203224,5544
"[""cluster__ad0a96a048bbc7d8""]",cluster__ad0a96a048bbc7d8,block_permutation,0.0,zero,1418,outer_03,shallow_gradient_boosting,142,7,51203225,5544
"[""cluster__ad0a96a048bbc7d8""]",cluster__ad0a96a048bbc7d8,block_permutation,0.0,zero,1418,outer_03,shallow_gradient_boosting,142,8,51203226,5544
"[""cluster__ad0a96a048bbc7d8""]",cluster__ad0a96a048bbc7d8,block_permutation,0.0,zero,1418,outer_03,shallow_gradient_boosting,142,9,51203227,5544
"[""cluster__afbf9ac7f0d6750b""]",cluster__afbf9ac7f0d6750b,block_permutation,0.00027765680496694145,positive,1418,outer_03,shallow_gradient_boosting,142,0,51203228,5544
"[""cluster__afbf9ac7f0d6750b""]",cluster__afbf9ac7f0d6750b,block_permutation,0.00012499985377290024,positive,1418,outer_03,shallow_gradient_boosting,142,1,51203229,5544
"[""cluster__afbf9ac7f0d6750b""]",cluster__afbf9ac7f0d6750b,block_permutation,-6.895741423229573e-05,negative,1418,outer_03,shallow_gradient_boosting,142,2,51203230,5544
"[""cluster__afbf9ac7f0d6750b""]",cluster__afbf9ac7f0d6750b,block_permutation,0.0005143434444403461,positive,1418,outer_03,shallow_gradient_boosting,142,3,51203231,5544
"[""cluster__afbf9ac7f0d6750b""]",cluster__afbf9ac7f0d6750b,block_permutation,-0.00013902299260415418,negative,1418,outer_03,shallow_gradient_boosting,142,4,51203232,5544
"[""cluster__afbf9ac7f0d6750b""]",cluster__afbf9ac7f0d6750b,block_permutation,0.0007364668529008522,positive,1418,outer_03,shallow_gradient_boosting,142,5,51203233,5544
"[""cluster__afbf9ac7f0d6750b""]",cluster__afbf9ac7f0d6750b,block_permutation,0.0002247721459462948,positive,1418,outer_03,shallow_gradient_boosting,142,6,51203234,5544
"[""cluster__afbf9ac7f0d6750b""]",cluster__afbf9ac7f0d6750b,block_permutation,0.0002982062581424749,positive,1418,outer_03,shallow_gradient_boosting,142,7,51203235,5544
"[""cluster__afbf9ac7f0d6750b""]",cluster__afbf9ac7f0d6750b,block_permutation,4.799452727644038e-05,positive,1418,outer_03,shallow_gradient_boosting,142,8,51203236,5544
"[""cluster__afbf9ac7f0d6750b""]",cluster__afbf9ac7f0d6750b,block_permutation,0.0011140955756077098,positive,1418,outer_03,shallow_gradient_boosting,142,9,51203237,5544
"[""cluster__b3049e2f6d60b737""]",cluster__b3049e2f6d60b737,block_permutation,0.0033211741848537812,positive,1418,outer_03,shallow_gradient_boosting,142,0,51203238,5544
"[""cluster__b3049e2f6d60b737""]",cluster__b3049e2f6d60b737,block_permutation,-0.0007501831289884464,negative,1418,outer_03,shallow_gradient_boosting,142,1,51203239,5544
"[""cluster__b3049e2f6d60b737""]",cluster__b3049e2f6d60b737,block_permutation,0.0007275336519740883,positive,1418,outer_03,shallow_gradient_boosting,142,2,51203240,5544
"[""cluster__b3049e2f6d60b737""]",cluster__b3049e2f6d60b737,block_permutation,-0.0034649392226477893,negative,1418,outer_03,shallow_gradient_boosting,142,3,51203241,5544
"[""cluster__b3049e2f6d60b737""]",cluster__b3049e2f6d60b737,block_permutation,-0.0014226998695674453,negative,1418,outer_03,shallow_gradient_boosting,142,4,51203242,5544
"[""cluster__b3049e2f6d60b737""]",cluster__b3049e2f6d60b737,block_permutation,-0.0003899895475243387,negative,1418,outer_03,shallow_gradient_boosting,142,5,51203243,5544
"[""cluster__b3049e2f6d60b737""]",cluster__b3049e2f6d60b737,block_permutation,0.0006800280344232412,positive,1418,outer_03,shallow_gradient_boosting,142,6,51203244,5544
"[""cluster__b3049e2f6d60b737""]",cluster__b3049e2f6d60b737,block_permutation,0.0014669955324202455,positive,1418,outer_03,shallow_gradient_boosting,142,7,51203245,5544
"[""cluster__b3049e2f6d60b737""]",cluster__b3049e2f6d60b737,block_permutation,0.0004318751866183579,positive,1418,outer_03,shallow_gradient_boosting,142,8,51203246,5544
"[""cluster__b3049e2f6d60b737""]",cluster__b3049e2f6d60b737,block_permutation,-0.0002837959985528826,negative,1418,outer_03,shallow_gradient_boosting,142,9,51203247,5544
"[""cluster__b31ca2d0bf76f633""]",cluster__b31ca2d0bf76f633,block_permutation,0.0,zero,1418,outer_03,shallow_gradient_boosting,142,0,51203248,5544
"[""cluster__b31ca2d0bf76f633""]",cluster__b31ca2d0bf76f633,block_permutation,0.0,zero,1418,outer_03,shallow_gradient_boosting,142,1,51203249,5544
"[""cluster__b31ca2d0bf76f633""]",cluster__b31ca2d0bf76f633,block_permutation,0.0,zero,1418,outer_03,shallow_gradient_boosting,142,2,51203250,5544
"[""cluster__b31ca2d0bf76f633""]",cluster__b31ca2d0bf76f633,block_permutation,0.0,zero,1418,outer_03,shallow_gradient_boosting,142,3,51203251,5544
"[""cluster__b31ca2d0bf76f633""]",cluster__b31ca2d0bf76f633,block_permutation,0.0,zero,1418,outer_03,shallow_gradient_boosting,142,4,51203252,5544
"[""cluster__b31ca2d0bf76f633""]",cluster__b31ca2d0bf76f633,block_permutation,0.0,zero,1418,outer_03,shallow_gradient_boosting,142,5,51203253,5544
"[""cluster__b31ca2d0bf76f633""]",cluster__b31ca2d0bf76f633,block_permutation,0.0,zero,1418,outer_03,shallow_gradient_boosting,142,6,51203254,5544
"[""cluster__b31ca2d0bf76f633""]",cluster__b31ca2d0bf76f633,block_permutation,0.0,zero,1418,outer_03,shallow_gradient_boosting,142,7,51203255,5544
"[""cluster__b31ca2d0bf76f633""]",cluster__b31ca2d0bf76f633,block_permutation,0.0,zero,1418,outer_03,shallow_gradient_boosting,142,8,51203256,5544
"[""cluster__b31ca2d0bf76f633""]",cluster__b31ca2d0bf76f633,block_permutation,0.0,zero,1418,outer_03,shallow_gradient_boosting,142,9,51203257,5544
"[""cluster__b3a7ffd8d4e710b8""]",cluster__b3a7ffd8d4e710b8,block_permutation,0.0,zero,1418,outer_03,shallow_gradient_boosting,142,0,51203258,5544
"[""cluster__b3a7ffd8d4e710b8""]",cluster__b3a7ffd8d4e710b8,block_permutation,0.0,zero,1418,outer_03,shallow_gradient_boosting,142,1,51203259,5544
"[""cluster__b3a7ffd8d4e710b8""]",cluster__b3a7ffd8d4e710b8,block_permutation,0.0,zero,1418,outer_03,shallow_gradient_boosting,142,2,51203260,5544
"[""cluster__b3a7ffd8d4e710b8""]",cluster__b3a7ffd8d4e710b8,block_permutation,0.0,zero,1418,outer_03,shallow_gradient_boosting,142,3,51203261,5544
"[""cluster__b3a7ffd8d4e710b8""]",cluster__b3a7ffd8d4e710b8,block_permutation,0.0,zero,1418,outer_03,shallow_gradient_boosting,142,4,51203262,5544
"[""cluster__b3a7ffd8d4e710b8""]",cluster__b3a7ffd8d4e710b8,block_permutation,0.0,zero,1418,outer_03,shallow_gradient_boosting,142,5,51203263,5544
"[""cluster__b3a7ffd8d4e710b8""]",cluster__b3a7ffd8d4e710b8,block_permutation,0.0,zero,1418,outer_03,shallow_gradient_boosting,142,6,51203264,5544
"[""cluster__b3a7ffd8d4e710b8""]",cluster__b3a7ffd8d4e710b8,block_permutation,0.0,zero,1418,outer_03,shallow_gradient_boosting,142,7,51203265,5544
"[""cluster__b3a7ffd8d4e710b8""]",cluster__b3a7ffd8d4e710b8,block_permutation,0.0,zero,1418,outer_03,shallow_gradient_boosting,142,8,51203266,5544
"[""cluster__b3a7ffd8d4e710b8""]",cluster__b3a7ffd8d4e710b8,block_permutation,0.0,zero,1418,outer_03,shallow_gradient_boosting,142,9,51203267,5544
"[""cluster__b89a1d7f25394d90""]",cluster__b89a1d7f25394d90,block_permutation,0.0,zero,1418,outer_03,shallow_gradient_boosting,142,0,51203268,5544
"[""cluster__b89a1d7f25394d90""]",cluster__b89a1d7f25394d90,block_permutation,0.0,zero,1418,outer_03,shallow_gradient_boosting,142,1,51203269,5544
"[""cluster__b89a1d7f25394d90""]",cluster__b89a1d7f25394d90,block_permutation,0.0,zero,1418,outer_03,shallow_gradient_boosting,142,2,51203270,5544
"[""cluster__b89a1d7f25394d90""]",cluster__b89a1d7f25394d90,block_permutation,0.0,zero,1418,outer_03,shallow_gradient_boosting,142,3,51203271,5544
"[""cluster__b89a1d7f25394d90""]",cluster__b89a1d7f25394d90,block_permutation,0.0,zero,1418,outer_03,shallow_gradient_boosting,142,4,51203272,5544
"[""cluster__b89a1d7f25394d90""]",cluster__b89a1d7f25394d90,block_permutation,0.0,zero,1418,outer_03,shallow_gradient_boosting,142,5,51203273,5544
"[""cluster__b89a1d7f25394d90""]",cluster__b89a1d7f25394d90,block_permutation,0.0,zero,1418,outer_03,shallow_gradient_boosting,142,6,51203274,5544
"[""cluster__b89a1d7f25394d90""]",cluster__b89a1d7f25394d90,block_permutation,0.0,zero,1418,outer_03,shallow_gradient_boosting,142,7,51203275,5544
"[""cluster__b89a1d7f25394d90""]",cluster__b89a1d7f25394d90,block_permutation,0.0,zero,1418,outer_03,shallow_gradient_boosting,142,8,51203276,5544
"[""cluster__b89a1d7f25394d90""]",cluster__b89a1d7f25394d90,block_permutation,0.0,zero,1418,outer_03,shallow_gradient_boosting,142,9,51203277,5544
"[""cluster__b8b7a0836024d4d3""]",cluster__b8b7a0836024d4d3,block_permutation,-0.03113093440315673,negative,1418,outer_03,shallow_gradient_boosting,142,0,51203278,5544
"[""cluster__b8b7a0836024d4d3""]",cluster__b8b7a0836024d4d3,block_permutation,-0.012614313423393808,negative,1418,outer_03,shallow_gradient_boosting,142,1,51203279,5544
"[""cluster__b8b7a0836024d4d3""]",cluster__b8b7a0836024d4d3,block_permutation,-0.013778457848705461,negative,1418,outer_03,shallow_gradient_boosting,142,2,51203280,5544
"[""cluster__b8b7a0836024d4d3""]",cluster__b8b7a0836024d4d3,block_permutation,-0.02066916628345239,negative,1418,outer_03,shallow_gradient_boosting,142,3,51203281,5544
"[""cluster__b8b7a0836024d4d3""]",cluster__b8b7a0836024d4d3,block_permutation,-0.015665159824803876,negative,1418,outer_03,shallow_gradient_boosting,142,4,51203282,5544
"[""cluster__b8b7a0836024d4d3""]",cluster__b8b7a0836024d4d3,block_permutation,-0.02815975963487083,negative,1418,outer_03,shallow_gradient_boosting,142,5,51203283,5544
"[""cluster__b8b7a0836024d4d3""]",cluster__b8b7a0836024d4d3,block_permutation,-0.021188387868559033,negative,1418,outer_03,shallow_gradient_boosting,142,6,51203284,5544
"[""cluster__b8b7a0836024d4d3""]",cluster__b8b7a0836024d4d3,block_permutation,-0.031839105588198136,negative,1418,outer_03,shallow_gradient_boosting,142,7,51203285,5544
"[""cluster__b8b7a0836024d4d3""]",cluster__b8b7a0836024d4d3,block_permutation,-0.04123670709739624,negative,1418,outer_03,shallow_gradient_boosting,142,8,51203286,5544
"[""cluster__b8b7a0836024d4d3""]",cluster__b8b7a0836024d4d3,block_permutation,-0.02168231845654578,negative,1418,outer_03,shallow_gradient_boosting,142,9,51203287,5544
"[""cluster__b9449c25001f7b51""]",cluster__b9449c25001f7b51,block_permutation,0.00651621832626792,positive,1418,outer_03,shallow_gradient_boosting,142,0,51203288,5544
"[""cluster__b9449c25001f7b51""]",cluster__b9449c25001f7b51,block_permutation,-0.0026876467282062055,negative,1418,outer_03,shallow_gradient_boosting,142,1,51203289,5544
"[""cluster__b9449c25001f7b51""]",cluster__b9449c25001f7b51,block_permutation,-0.00927016104617473,negative,1418,outer_03,shallow_gradient_boosting,142,2,51203290,5544
"[""cluster__b9449c25001f7b51""]",cluster__b9449c25001f7b51,block_permutation,-0.0006265878509448264,negative,1418,outer_03,shallow_gradient_boosting,142,3,51203291,5544
"[""cluster__b9449c25001f7b51""]",cluster__b9449c25001f7b51,block_permutation,0.004168568130765937,positive,1418,outer_03,shallow_gradient_boosting,142,4,51203292,5544
"[""cluster__b9449c25001f7b51""]",cluster__b9449c25001f7b51,block_permutation,-0.0052830248500803645,negative,1418,outer_03,shallow_gradient_boosting,142,5,51203293,5544
"[""cluster__b9449c25001f7b51""]",cluster__b9449c25001f7b51,block_permutation,-0.0058249594336765576,negative,1418,outer_03,shallow_gradient_boosting,142,6,51203294,5544
"[""cluster__b9449c25001f7b51""]",cluster__b9449c25001f7b51,block_permutation,-0.004627604065939206,negative,1418,outer_03,shallow_gradient_boosting,142,7,51203295,5544
"[""cluster__b9449c25001f7b51""]",cluster__b9449c25001f7b51,block_permutation,-0.00031536690671174483,negative,1418,outer_03,shallow_gradient_boosting,142,8,51203296,5544
"[""cluster__b9449c25001f7b51""]",cluster__b9449c25001f7b51,block_permutation,0.005909125714831376,positive,1418,outer_03,shallow_gradient_boosting,142,9,51203297,5544
"[""cluster__bc09b5bb95952a78""]",cluster__bc09b5bb95952a78,block_permutation,0.0,zero,1418,outer_03,shallow_gradient_boosting,142,0,51203298,5544
"[""cluster__bc09b5bb95952a78""]",cluster__bc09b5bb95952a78,block_permutation,0.0,zero,1418,outer_03,shallow_gradient_boosting,142,1,51203299,5544
"[""cluster__bc09b5bb95952a78""]",cluster__bc09b5bb95952a78,block_permutation,0.0,zero,1418,outer_03,shallow_gradient_boosting,142,2,51203300,5544
"[""cluster__bc09b5bb95952a78""]",cluster__bc09b5bb95952a78,block_permutation,0.0,zero,1418,outer_03,shallow_gradient_boosting,142,3,51203301,5544
"[""cluster__bc09b5bb95952a78""]",cluster__bc09b5bb95952a78,block_permutation,0.0,zero,1418,outer_03,shallow_gradient_boosting,142,4,51203302,5544
"[""cluster__bc09b5bb95952a78""]",cluster__bc09b5bb95952a78,block_permutation,0.0,zero,1418,outer_03,shallow_gradient_boosting,142,5,51203303,5544
"[""cluster__bc09b5bb95952a78""]",cluster__bc09b5bb95952a78,block_permutation,0.0,zero,1418,outer_03,shallow_gradient_boosting,142,6,51203304,5544
"[""cluster__bc09b5bb95952a78""]",cluster__bc09b5bb95952a78,block_permutation,0.0,zero,1418,outer_03,shallow_gradient_boosting,142,7,51203305,5544
"[""cluster__bc09b5bb95952a78""]",cluster__bc09b5bb95952a78,block_permutation,0.0,zero,1418,outer_03,shallow_gradient_boosting,142,8,51203306,5544
"[""cluster__bc09b5bb95952a78""]",cluster__bc09b5bb95952a78,block_permutation,0.0,zero,1418,outer_03,shallow_gradient_boosting,142,9,51203307,5544
"[""cluster__c2362e322fead508""]",cluster__c2362e322fead508,block_permutation,9.517286880078579e-05,positive,1418,outer_03,shallow_gradient_boosting,142,0,51203308,5544
"[""cluster__c2362e322fead508""]",cluster__c2362e322fead508,block_permutation,0.0001554135872747775,positive,1418,outer_03,shallow_gradient_boosting,142,1,51203309,5544
"[""cluster__c2362e322fead508""]",cluster__c2362e322fead508,block_permutation,0.0009892255154402285,positive,1418,outer_03,shallow_gradient_boosting,142,2,51203310,5544
"[""cluster__c2362e322fead508""]",cluster__c2362e322fead508,block_permutation,4.804506998112856e-05,positive,1418,outer_03,shallow_gradient_boosting,142,3,51203311,5544
"[""cluster__c2362e322fead508""]",cluster__c2362e322fead508,block_permutation,-9.791752925725206e-05,negative,1418,outer_03,shallow_gradient_boosting,142,4,51203312,5544
"[""cluster__c2362e322fead508""]",cluster__c2362e322fead508,block_permutation,0.00019863794385188704,positive,1418,outer_03,shallow_gradient_boosting,142,5,51203313,5544
"[""cluster__c2362e322fead508""]",cluster__c2362e322fead508,block_permutation,0.000784059275471316,positive,1418,outer_03,shallow_gradient_boosting,142,6,51203314,5544
"[""cluster__c2362e322fead508""]",cluster__c2362e322fead508,block_permutation,0.001328919671272688,positive,1418,outer_03,shallow_gradient_boosting,142,7,51203315,5544
"[""cluster__c2362e322fead508""]",cluster__c2362e322fead508,block_permutation,-0.0008167979519080326,negative,1418,outer_03,shallow_gradient_boosting,142,8,51203316,5544
"[""cluster__c2362e322fead508""]",cluster__c2362e322fead508,block_permutation,0.0003454649910441532,positive,1418,outer_03,shallow_gradient_boosting,142,9,51203317,5544
"[""cluster__c31b8136d504bf03""]",cluster__c31b8136d504bf03,block_permutation,0.0,zero,1418,outer_03,shallow_gradient_boosting,142,0,51203318,5544
"[""cluster__c31b8136d504bf03""]",cluster__c31b8136d504bf03,block_permutation,0.0,zero,1418,outer_03,shallow_gradient_boosting,142,1,51203319,5544
"[""cluster__c31b8136d504bf03""]",cluster__c31b8136d504bf03,block_permutation,0.0,zero,1418,outer_03,shallow_gradient_boosting,142,2,51203320,5544
"[""cluster__c31b8136d504bf03""]",cluster__c31b8136d504bf03,block_permutation,0.0,zero,1418,outer_03,shallow_gradient_boosting,142,3,51203321,5544
"[""cluster__c31b8136d504bf03""]",cluster__c31b8136d504bf03,block_permutation,0.0,zero,1418,outer_03,shallow_gradient_boosting,142,4,51203322,5544
"[""cluster__c31b8136d504bf03""]",cluster__c31b8136d504bf03,block_permutation,0.0,zero,1418,outer_03,shallow_gradient_boosting,142,5,51203323,5544
"[""cluster__c31b8136d504bf03""]",cluster__c31b8136d504bf03,block_permutation,0.0,zero,1418,outer_03,shallow_gradient_boosting,142,6,51203324,5544
"[""cluster__c31b8136d504bf03""]",cluster__c31b8136d504bf03,block_permutation,0.0,zero,1418,outer_03,shallow_gradient_boosting,142,7,51203325,5544
"[""cluster__c31b8136d504bf03""]",cluster__c31b8136d504bf03,block_permutation,0.0,zero,1418,outer_03,shallow_gradient_boosting,142,8,51203326,5544
"[""cluster__c31b8136d504bf03""]",cluster__c31b8136d504bf03,block_permutation,0.0,zero,1418,outer_03,shallow_gradient_boosting,142,9,51203327,5544
"[""cluster__c5e49f1433602139""]",cluster__c5e49f1433602139,block_permutation,0.0,zero,1418,outer_03,shallow_gradient_boosting,142,0,51203328,5544
"[""cluster__c5e49f1433602139""]",cluster__c5e49f1433602139,block_permutation,0.0,zero,1418,outer_03,shallow_gradient_boosting,142,1,51203329,5544
"[""cluster__c5e49f1433602139""]",cluster__c5e49f1433602139,block_permutation,0.0,zero,1418,outer_03,shallow_gradient_boosting,142,2,51203330,5544
"[""cluster__c5e49f1433602139""]",cluster__c5e49f1433602139,block_permutation,0.0,zero,1418,outer_03,shallow_gradient_boosting,142,3,51203331,5544
"[""cluster__c5e49f1433602139""]",cluster__c5e49f1433602139,block_permutation,0.0,zero,1418,outer_03,shallow_gradient_boosting,142,4,51203332,5544
"[""cluster__c5e49f1433602139""]",cluster__c5e49f1433602139,block_permutation,0.0,zero,1418,outer_03,shallow_gradient_boosting,142,5,51203333,5544
"[""cluster__c5e49f1433602139""]",cluster__c5e49f1433602139,block_permutation,0.0,zero,1418,outer_03,shallow_gradient_boosting,142,6,51203334,5544
"[""cluster__c5e49f1433602139""]",cluster__c5e49f1433602139,block_permutation,0.0,zero,1418,outer_03,shallow_gradient_boosting,142,7,51203335,5544
"[""cluster__c5e49f1433602139""]",cluster__c5e49f1433602139,block_permutation,0.0,zero,1418,outer_03,shallow_gradient_boosting,142,8,51203336,5544
"[""cluster__c5e49f1433602139""]",cluster__c5e49f1433602139,block_permutation,0.0,zero,1418,outer_03,shallow_gradient_boosting,142,9,51203337,5544
"[""cluster__c9bce3cfeb10e97e""]",cluster__c9bce3cfeb10e97e,block_permutation,0.0,zero,1418,outer_03,shallow_gradient_boosting,142,0,51203338,5544
"[""cluster__c9bce3cfeb10e97e""]",cluster__c9bce3cfeb10e97e,block_permutation,0.0,zero,1418,outer_03,shallow_gradient_boosting,142,1,51203339,5544
"[""cluster__c9bce3cfeb10e97e""]",cluster__c9bce3cfeb10e97e,block_permutation,0.0,zero,1418,outer_03,shallow_gradient_boosting,142,2,51203340,5544
"[""cluster__c9bce3cfeb10e97e""]",cluster__c9bce3cfeb10e97e,block_permutation,0.0,zero,1418,outer_03,shallow_gradient_boosting,142,3,51203341,5544
"[""cluster__c9bce3cfeb10e97e""]",cluster__c9bce3cfeb10e97e,block_permutation,0.0,zero,1418,outer_03,shallow_gradient_boosting,142,4,51203342,5544
"[""cluster__c9bce3cfeb10e97e""]",cluster__c9bce3cfeb10e97e,block_permutation,0.0,zero,1418,outer_03,shallow_gradient_boosting,142,5,51203343,5544
"[""cluster__c9bce3cfeb10e97e""]",cluster__c9bce3cfeb10e97e,block_permutation,0.0,zero,1418,outer_03,shallow_gradient_boosting,142,6,51203344,5544
"[""cluster__c9bce3cfeb10e97e""]",cluster__c9bce3cfeb10e97e,block_permutation,0.0,zero,1418,outer_03,shallow_gradient_boosting,142,7,51203345,5544
"[""cluster__c9bce3cfeb10e97e""]",cluster__c9bce3cfeb10e97e,block_permutation,0.0,zero,1418,outer_03,shallow_gradient_boosting,142,8,51203346,5544
"[""cluster__c9bce3cfeb10e97e""]",cluster__c9bce3cfeb10e97e,block_permutation,0.0,zero,1418,outer_03,shallow_gradient_boosting,142,9,51203347,5544
"[""cluster__d0b21ec5092ce804""]",cluster__d0b21ec5092ce804,block_permutation,0.0,zero,1418,outer_03,shallow_gradient_boosting,142,0,51203348,5544
"[""cluster__d0b21ec5092ce804""]",cluster__d0b21ec5092ce804,block_permutation,0.0,zero,1418,outer_03,shallow_gradient_boosting,142,1,51203349,5544
"[""cluster__d0b21ec5092ce804""]",cluster__d0b21ec5092ce804,block_permutation,0.0,zero,1418,outer_03,shallow_gradient_boosting,142,2,51203350,5544
"[""cluster__d0b21ec5092ce804""]",cluster__d0b21ec5092ce804,block_permutation,0.0,zero,1418,outer_03,shallow_gradient_boosting,142,3,51203351,5544
"[""cluster__d0b21ec5092ce804""]",cluster__d0b21ec5092ce804,block_permutation,0.0,zero,1418,outer_03,shallow_gradient_boosting,142,4,51203352,5544
"[""cluster__d0b21ec5092ce804""]",cluster__d0b21ec5092ce804,block_permutation,0.0,zero,1418,outer_03,shallow_gradient_boosting,142,5,51203353,5544
"[""cluster__d0b21ec5092ce804""]",cluster__d0b21ec5092ce804,block_permutation,0.0,zero,1418,outer_03,shallow_gradient_boosting,142,6,51203354,5544
"[""cluster__d0b21ec5092ce804""]",cluster__d0b21ec5092ce804,block_permutation,0.0,zero,1418,outer_03,shallow_gradient_boosting,142,7,51203355,5544
"[""cluster__d0b21ec5092ce804""]",cluster__d0b21ec5092ce804,block_permutation,0.0,zero,1418,outer_03,shallow_gradient_boosting,142,8,51203356,5544
"[""cluster__d0b21ec5092ce804""]",cluster__d0b21ec5092ce804,block_permutation,0.0,zero,1418,outer_03,shallow_gradient_boosting,142,9,51203357,5544
"[""cluster__db99c4b3ba8fc30d""]",cluster__db99c4b3ba8fc30d,block_permutation,0.0,zero,1418,outer_03,shallow_gradient_boosting,142,0,51203358,5544
"[""cluster__db99c4b3ba8fc30d""]",cluster__db99c4b3ba8fc30d,block_permutation,0.0,zero,1418,outer_03,shallow_gradient_boosting,142,1,51203359,5544
"[""cluster__db99c4b3ba8fc30d""]",cluster__db99c4b3ba8fc30d,block_permutation,0.0,zero,1418,outer_03,shallow_gradient_boosting,142,2,51203360,5544
"[""cluster__db99c4b3ba8fc30d""]",cluster__db99c4b3ba8fc30d,block_permutation,0.0,zero,1418,outer_03,shallow_gradient_boosting,142,3,51203361,5544
"[""cluster__db99c4b3ba8fc30d""]",cluster__db99c4b3ba8fc30d,block_permutation,0.0,zero,1418,outer_03,shallow_gradient_boosting,142,4,51203362,5544
"[""cluster__db99c4b3ba8fc30d""]",cluster__db99c4b3ba8fc30d,block_permutation,0.0,zero,1418,outer_03,shallow_gradient_boosting,142,5,51203363,5544
"[""cluster__db99c4b3ba8fc30d""]",cluster__db99c4b3ba8fc30d,block_permutation,0.0,zero,1418,outer_03,shallow_gradient_boosting,142,6,51203364,5544
"[""cluster__db99c4b3ba8fc30d""]",cluster__db99c4b3ba8fc30d,block_permutation,0.0,zero,1418,outer_03,shallow_gradient_boosting,142,7,51203365,5544
"[""cluster__db99c4b3ba8fc30d""]",cluster__db99c4b3ba8fc30d,block_permutation,0.0,zero,1418,outer_03,shallow_gradient_boosting,142,8,51203366,5544
"[""cluster__db99c4b3ba8fc30d""]",cluster__db99c4b3ba8fc30d,block_permutation,0.0,zero,1418,outer_03,shallow_gradient_boosting,142,9,51203367,5544
"[""cluster__e11a6d709526da4b""]",cluster__e11a6d709526da4b,block_permutation,0.004422294729404808,positive,1418,outer_03,shallow_gradient_boosting,142,0,51203368,5544
"[""cluster__e11a6d709526da4b""]",cluster__e11a6d709526da4b,block_permutation,0.0048681408854607255,positive,1418,outer_03,shallow_gradient_boosting,142,1,51203369,5544
"[""cluster__e11a6d709526da4b""]",cluster__e11a6d709526da4b,block_permutation,0.0003120109383250025,positive,1418,outer_03,shallow_gradient_boosting,142,2,51203370,5544
"[""cluster__e11a6d709526da4b""]",cluster__e11a6d709526da4b,block_permutation,0.006732339243743279,positive,1418,outer_03,shallow_gradient_boosting,142,3,51203371,5544
"[""cluster__e11a6d709526da4b""]",cluster__e11a6d709526da4b,block_permutation,0.006086209347997862,positive,1418,outer_03,shallow_gradient_boosting,142,4,51203372,5544
"[""cluster__e11a6d709526da4b""]",cluster__e11a6d709526da4b,block_permutation,0.0034749214679630214,positive,1418,outer_03,shallow_gradient_boosting,142,5,51203373,5544
"[""cluster__e11a6d709526da4b""]",cluster__e11a6d709526da4b,block_permutation,0.005436861930289361,positive,1418,outer_03,shallow_gradient_boosting,142,6,51203374,5544
"[""cluster__e11a6d709526da4b""]",cluster__e11a6d709526da4b,block_permutation,0.006308845122395379,positive,1418,outer_03,shallow_gradient_boosting,142,7,51203375,5544
"[""cluster__e11a6d709526da4b""]",cluster__e11a6d709526da4b,block_permutation,0.0022884792612383187,positive,1418,outer_03,shallow_gradient_boosting,142,8,51203376,5544
"[""cluster__e11a6d709526da4b""]",cluster__e11a6d709526da4b,block_permutation,0.0016143224217251007,positive,1418,outer_03,shallow_gradient_boosting,142,9,51203377,5544
"[""cluster__e52784991ac5d943""]",cluster__e52784991ac5d943,block_permutation,0.0,zero,1418,outer_03,shallow_gradient_boosting,142,0,51203378,5544
"[""cluster__e52784991ac5d943""]",cluster__e52784991ac5d943,block_permutation,0.0,zero,1418,outer_03,shallow_gradient_boosting,142,1,51203379,5544
"[""cluster__e52784991ac5d943""]",cluster__e52784991ac5d943,block_permutation,0.0,zero,1418,outer_03,shallow_gradient_boosting,142,2,51203380,5544
"[""cluster__e52784991ac5d943""]",cluster__e52784991ac5d943,block_permutation,0.0,zero,1418,outer_03,shallow_gradient_boosting,142,3,51203381,5544
"[""cluster__e52784991ac5d943""]",cluster__e52784991ac5d943,block_permutation,0.0,zero,1418,outer_03,shallow_gradient_boosting,142,4,51203382,5544
"[""cluster__e52784991ac5d943""]",cluster__e52784991ac5d943,block_permutation,0.0,zero,1418,outer_03,shallow_gradient_boosting,142,5,51203383,5544
"[""cluster__e52784991ac5d943""]",cluster__e52784991ac5d943,block_permutation,0.0,zero,1418,outer_03,shallow_gradient_boosting,142,6,51203384,5544
"[""cluster__e52784991ac5d943""]",cluster__e52784991ac5d943,block_permutation,0.0,zero,1418,outer_03,shallow_gradient_boosting,142,7,51203385,5544
"[""cluster__e52784991ac5d943""]",cluster__e52784991ac5d943,block_permutation,0.0,zero,1418,outer_03,shallow_gradient_boosting,142,8,51203386,5544
"[""cluster__e52784991ac5d943""]",cluster__e52784991ac5d943,block_permutation,0.0,zero,1418,outer_03,shallow_gradient_boosting,142,9,51203387,5544
"[""cluster__e6215b6a0fbc0220""]",cluster__e6215b6a0fbc0220,block_permutation,0.0,zero,1418,outer_03,shallow_gradient_boosting,142,0,51203388,5544
"[""cluster__e6215b6a0fbc0220""]",cluster__e6215b6a0fbc0220,block_permutation,0.0,zero,1418,outer_03,shallow_gradient_boosting,142,1,51203389,5544
"[""cluster__e6215b6a0fbc0220""]",cluster__e6215b6a0fbc0220,block_permutation,0.0,zero,1418,outer_03,shallow_gradient_boosting,142,2,51203390,5544
"[""cluster__e6215b6a0fbc0220""]",cluster__e6215b6a0fbc0220,block_permutation,0.0,zero,1418,outer_03,shallow_gradient_boosting,142,3,51203391,5544
"[""cluster__e6215b6a0fbc0220""]",cluster__e6215b6a0fbc0220,block_permutation,0.0,zero,1418,outer_03,shallow_gradient_boosting,142,4,51203392,5544
"[""cluster__e6215b6a0fbc0220""]",cluster__e6215b6a0fbc0220,block_permutation,0.0,zero,1418,outer_03,shallow_gradient_boosting,142,5,51203393,5544
"[""cluster__e6215b6a0fbc0220""]",cluster__e6215b6a0fbc0220,block_permutation,0.0,zero,1418,outer_03,shallow_gradient_boosting,142,6,51203394,5544
"[""cluster__e6215b6a0fbc0220""]",cluster__e6215b6a0fbc0220,block_permutation,0.0,zero,1418,outer_03,shallow_gradient_boosting,142,7,51203395,5544
"[""cluster__e6215b6a0fbc0220""]",cluster__e6215b6a0fbc0220,block_permutation,0.0,zero,1418,outer_03,shallow_gradient_boosting,142,8,51203396,5544
"[""cluster__e6215b6a0fbc0220""]",cluster__e6215b6a0fbc0220,block_permutation,0.0,zero,1418,outer_03,shallow_gradient_boosting,142,9,51203397,5544
"[""cluster__e7f75a569587b0f8""]",cluster__e7f75a569587b0f8,block_permutation,0.0,zero,1418,outer_03,shallow_gradient_boosting,142,0,51203398,5544
"[""cluster__e7f75a569587b0f8""]",cluster__e7f75a569587b0f8,block_permutation,0.0,zero,1418,outer_03,shallow_gradient_boosting,142,1,51203399,5544
"[""cluster__e7f75a569587b0f8""]",cluster__e7f75a569587b0f8,block_permutation,0.0,zero,1418,outer_03,shallow_gradient_boosting,142,2,51203400,5544
"[""cluster__e7f75a569587b0f8""]",cluster__e7f75a569587b0f8,block_permutation,0.0,zero,1418,outer_03,shallow_gradient_boosting,142,3,51203401,5544
"[""cluster__e7f75a569587b0f8""]",cluster__e7f75a569587b0f8,block_permutation,0.0,zero,1418,outer_03,shallow_gradient_boosting,142,4,51203402,5544
"[""cluster__e7f75a569587b0f8""]",cluster__e7f75a569587b0f8,block_permutation,0.0,zero,1418,outer_03,shallow_gradient_boosting,142,5,51203403,5544
"[""cluster__e7f75a569587b0f8""]",cluster__e7f75a569587b0f8,block_permutation,0.0,zero,1418,outer_03,shallow_gradient_boosting,142,6,51203404,5544
"[""cluster__e7f75a569587b0f8""]",cluster__e7f75a569587b0f8,block_permutation,0.0,zero,1418,outer_03,shallow_gradient_boosting,142,7,51203405,5544
"[""cluster__e7f75a569587b0f8""]",cluster__e7f75a569587b0f8,block_permutation,0.0,zero,1418,outer_03,shallow_gradient_boosting,142,8,51203406,5544
"[""cluster__e7f75a569587b0f8""]",cluster__e7f75a569587b0f8,block_permutation,0.0,zero,1418,outer_03,shallow_gradient_boosting,142,9,51203407,5544
"[""cluster__ea16c5febde76055""]",cluster__ea16c5febde76055,block_permutation,0.0,zero,1418,outer_03,shallow_gradient_boosting,142,0,51203408,5544
"[""cluster__ea16c5febde76055""]",cluster__ea16c5febde76055,block_permutation,0.0,zero,1418,outer_03,shallow_gradient_boosting,142,1,51203409,5544
"[""cluster__ea16c5febde76055""]",cluster__ea16c5febde76055,block_permutation,0.0,zero,1418,outer_03,shallow_gradient_boosting,142,2,51203410,5544
"[""cluster__ea16c5febde76055""]",cluster__ea16c5febde76055,block_permutation,0.0,zero,1418,outer_03,shallow_gradient_boosting,142,3,51203411,5544
"[""cluster__ea16c5febde76055""]",cluster__ea16c5febde76055,block_permutation,0.0,zero,1418,outer_03,shallow_gradient_boosting,142,4,51203412,5544
"[""cluster__ea16c5febde76055""]",cluster__ea16c5febde76055,block_permutation,0.0,zero,1418,outer_03,shallow_gradient_boosting,142,5,51203413,5544
"[""cluster__ea16c5febde76055""]",cluster__ea16c5febde76055,block_permutation,0.0,zero,1418,outer_03,shallow_gradient_boosting,142,6,51203414,5544
"[""cluster__ea16c5febde76055""]",cluster__ea16c5febde76055,block_permutation,0.0,zero,1418,outer_03,shallow_gradient_boosting,142,7,51203415,5544
"[""cluster__ea16c5febde76055""]",cluster__ea16c5febde76055,block_permutation,0.0,zero,1418,outer_03,shallow_gradient_boosting,142,8,51203416,5544
"[""cluster__ea16c5febde76055""]",cluster__ea16c5febde76055,block_permutation,0.0,zero,1418,outer_03,shallow_gradient_boosting,142,9,51203417,5544
"[""cluster__efa5f4d4b9a2c999""]",cluster__efa5f4d4b9a2c999,block_permutation,0.0,zero,1418,outer_03,shallow_gradient_boosting,142,0,51203418,5544
"[""cluster__efa5f4d4b9a2c999""]",cluster__efa5f4d4b9a2c999,block_permutation,0.0,zero,1418,outer_03,shallow_gradient_boosting,142,1,51203419,5544
"[""cluster__efa5f4d4b9a2c999""]",cluster__efa5f4d4b9a2c999,block_permutation,0.0,zero,1418,outer_03,shallow_gradient_boosting,142,2,51203420,5544
"[""cluster__efa5f4d4b9a2c999""]",cluster__efa5f4d4b9a2c999,block_permutation,0.0,zero,1418,outer_03,shallow_gradient_boosting,142,3,51203421,5544
"[""cluster__efa5f4d4b9a2c999""]",cluster__efa5f4d4b9a2c999,block_permutation,0.0,zero,1418,outer_03,shallow_gradient_boosting,142,4,51203422,5544
"[""cluster__efa5f4d4b9a2c999""]",cluster__efa5f4d4b9a2c999,block_permutation,0.0,zero,1418,outer_03,shallow_gradient_boosting,142,5,51203423,5544
"[""cluster__efa5f4d4b9a2c999""]",cluster__efa5f4d4b9a2c999,block_permutation,0.0,zero,1418,outer_03,shallow_gradient_boosting,142,6,51203424,5544
"[""cluster__efa5f4d4b9a2c999""]",cluster__efa5f4d4b9a2c999,block_permutation,0.0,zero,1418,outer_03,shallow_gradient_boosting,142,7,51203425,5544
"[""cluster__efa5f4d4b9a2c999""]",cluster__efa5f4d4b9a2c999,block_permutation,0.0,zero,1418,outer_03,shallow_gradient_boosting,142,8,51203426,5544
"[""cluster__efa5f4d4b9a2c999""]",cluster__efa5f4d4b9a2c999,block_permutation,0.0,zero,1418,outer_03,shallow_gradient_boosting,142,9,51203427,5544
"[""cluster__f03f4701c752ba34""]",cluster__f03f4701c752ba34,block_permutation,0.0008948941136277533,positive,1418,outer_03,shallow_gradient_boosting,142,0,51203428,5544
"[""cluster__f03f4701c752ba34""]",cluster__f03f4701c752ba34,block_permutation,0.0010363611947725726,positive,1418,outer_03,shallow_gradient_boosting,142,1,51203429,5544
"[""cluster__f03f4701c752ba34""]",cluster__f03f4701c752ba34,block_permutation,0.0003326028356858135,positive,1418,outer_03,shallow_gradient_boosting,142,2,51203430,5544
"[""cluster__f03f4701c752ba34""]",cluster__f03f4701c752ba34,block_permutation,0.0004320896419125475,positive,1418,outer_03,shallow_gradient_boosting,142,3,51203431,5544
"[""cluster__f03f4701c752ba34""]",cluster__f03f4701c752ba34,block_permutation,-4.6086359978936287e-05,negative,1418,outer_03,shallow_gradient_boosting,142,4,51203432,5544
"[""cluster__f03f4701c752ba34""]",cluster__f03f4701c752ba34,block_permutation,0.0008914082507465171,positive,1418,outer_03,shallow_gradient_boosting,142,5,51203433,5544
"[""cluster__f03f4701c752ba34""]",cluster__f03f4701c752ba34,block_permutation,-0.0002941846045430019,negative,1418,outer_03,shallow_gradient_boosting,142,6,51203434,5544
"[""cluster__f03f4701c752ba34""]",cluster__f03f4701c752ba34,block_permutation,-1.2564735809572625e-05,negative,1418,outer_03,shallow_gradient_boosting,142,7,51203435,5544
"[""cluster__f03f4701c752ba34""]",cluster__f03f4701c752ba34,block_permutation,0.0001485240837846291,positive,1418,outer_03,shallow_gradient_boosting,142,8,51203436,5544
"[""cluster__f03f4701c752ba34""]",cluster__f03f4701c752ba34,block_permutation,0.00014571491346893062,positive,1418,outer_03,shallow_gradient_boosting,142,9,51203437,5544
"[""cluster__f2308f5991ce73f6""]",cluster__f2308f5991ce73f6,block_permutation,0.0,zero,1418,outer_03,shallow_gradient_boosting,142,0,51203438,5544
"[""cluster__f2308f5991ce73f6""]",cluster__f2308f5991ce73f6,block_permutation,0.0,zero,1418,outer_03,shallow_gradient_boosting,142,1,51203439,5544
"[""cluster__f2308f5991ce73f6""]",cluster__f2308f5991ce73f6,block_permutation,0.0,zero,1418,outer_03,shallow_gradient_boosting,142,2,51203440,5544
"[""cluster__f2308f5991ce73f6""]",cluster__f2308f5991ce73f6,block_permutation,0.0,zero,1418,outer_03,shallow_gradient_boosting,142,3,51203441,5544
"[""cluster__f2308f5991ce73f6""]",cluster__f2308f5991ce73f6,block_permutation,0.0,zero,1418,outer_03,shallow_gradient_boosting,142,4,51203442,5544
"[""cluster__f2308f5991ce73f6""]",cluster__f2308f5991ce73f6,block_permutation,0.0,zero,1418,outer_03,shallow_gradient_boosting,142,5,51203443,5544
"[""cluster__f2308f5991ce73f6""]",cluster__f2308f5991ce73f6,block_permutation,0.0,zero,1418,outer_03,shallow_gradient_boosting,142,6,51203444,5544
"[""cluster__f2308f5991ce73f6""]",cluster__f2308f5991ce73f6,block_permutation,0.0,zero,1418,outer_03,shallow_gradient_boosting,142,7,51203445,5544
"[""cluster__f2308f5991ce73f6""]",cluster__f2308f5991ce73f6,block_permutation,0.0,zero,1418,outer_03,shallow_gradient_boosting,142,8,51203446,5544
"[""cluster__f2308f5991ce73f6""]",cluster__f2308f5991ce73f6,block_permutation,0.0,zero,1418,outer_03,shallow_gradient_boosting,142,9,51203447,5544
"[""cluster__f3105bf2ea19861a""]",cluster__f3105bf2ea19861a,block_permutation,0.0,zero,1418,outer_03,shallow_gradient_boosting,142,0,51203448,5544
"[""cluster__f3105bf2ea19861a""]",cluster__f3105bf2ea19861a,block_permutation,0.0,zero,1418,outer_03,shallow_gradient_boosting,142,1,51203449,5544
"[""cluster__f3105bf2ea19861a""]",cluster__f3105bf2ea19861a,block_permutation,0.0,zero,1418,outer_03,shallow_gradient_boosting,142,2,51203450,5544
"[""cluster__f3105bf2ea19861a""]",cluster__f3105bf2ea19861a,block_permutation,0.0,zero,1418,outer_03,shallow_gradient_boosting,142,3,51203451,5544
"[""cluster__f3105bf2ea19861a""]",cluster__f3105bf2ea19861a,block_permutation,0.0,zero,1418,outer_03,shallow_gradient_boosting,142,4,51203452,5544
"[""cluster__f3105bf2ea19861a""]",cluster__f3105bf2ea19861a,block_permutation,0.0,zero,1418,outer_03,shallow_gradient_boosting,142,5,51203453,5544
"[""cluster__f3105bf2ea19861a""]",cluster__f3105bf2ea19861a,block_permutation,0.0,zero,1418,outer_03,shallow_gradient_boosting,142,6,51203454,5544
"[""cluster__f3105bf2ea19861a""]",cluster__f3105bf2ea19861a,block_permutation,0.0,zero,1418,outer_03,shallow_gradient_boosting,142,7,51203455,5544
"[""cluster__f3105bf2ea19861a""]",cluster__f3105bf2ea19861a,block_permutation,0.0,zero,1418,outer_03,shallow_gradient_boosting,142,8,51203456,5544
"[""cluster__f3105bf2ea19861a""]",cluster__f3105bf2ea19861a,block_permutation,0.0,zero,1418,outer_03,shallow_gradient_boosting,142,9,51203457,5544
"[""cluster__f344d3ca8bc6155a""]",cluster__f344d3ca8bc6155a,block_permutation,0.0,zero,1418,outer_03,shallow_gradient_boosting,142,0,51203458,5544
"[""cluster__f344d3ca8bc6155a""]",cluster__f344d3ca8bc6155a,block_permutation,0.0,zero,1418,outer_03,shallow_gradient_boosting,142,1,51203459,5544
"[""cluster__f344d3ca8bc6155a""]",cluster__f344d3ca8bc6155a,block_permutation,0.0,zero,1418,outer_03,shallow_gradient_boosting,142,2,51203460,5544
"[""cluster__f344d3ca8bc6155a""]",cluster__f344d3ca8bc6155a,block_permutation,0.0,zero,1418,outer_03,shallow_gradient_boosting,142,3,51203461,5544
"[""cluster__f344d3ca8bc6155a""]",cluster__f344d3ca8bc6155a,block_permutation,0.0,zero,1418,outer_03,shallow_gradient_boosting,142,4,51203462,5544
"[""cluster__f344d3ca8bc6155a""]",cluster__f344d3ca8bc6155a,block_permutation,0.0,zero,1418,outer_03,shallow_gradient_boosting,142,5,51203463,5544
"[""cluster__f344d3ca8bc6155a""]",cluster__f344d3ca8bc6155a,block_permutation,0.0,zero,1418,outer_03,shallow_gradient_boosting,142,6,51203464,5544
"[""cluster__f344d3ca8bc6155a""]",cluster__f344d3ca8bc6155a,block_permutation,0.0,zero,1418,outer_03,shallow_gradient_boosting,142,7,51203465,5544
"[""cluster__f344d3ca8bc6155a""]",cluster__f344d3ca8bc6155a,block_permutation,0.0,zero,1418,outer_03,shallow_gradient_boosting,142,8,51203466,5544
"[""cluster__f344d3ca8bc6155a""]",cluster__f344d3ca8bc6155a,block_permutation,0.0,zero,1418,outer_03,shallow_gradient_boosting,142,9,51203467,5544
"[""cluster__fb3b9bf085ae4374""]",cluster__fb3b9bf085ae4374,block_permutation,0.0,zero,1418,outer_03,shallow_gradient_boosting,142,0,51203468,5544
"[""cluster__fb3b9bf085ae4374""]",cluster__fb3b9bf085ae4374,block_permutation,0.0,zero,1418,outer_03,shallow_gradient_boosting,142,1,51203469,5544
"[""cluster__fb3b9bf085ae4374""]",cluster__fb3b9bf085ae4374,block_permutation,0.0,zero,1418,outer_03,shallow_gradient_boosting,142,2,51203470,5544
"[""cluster__fb3b9bf085ae4374""]",cluster__fb3b9bf085ae4374,block_permutation,0.0,zero,1418,outer_03,shallow_gradient_boosting,142,3,51203471,5544
"[""cluster__fb3b9bf085ae4374""]",cluster__fb3b9bf085ae4374,block_permutation,0.0,zero,1418,outer_03,shallow_gradient_boosting,142,4,51203472,5544
"[""cluster__fb3b9bf085ae4374""]",cluster__fb3b9bf085ae4374,block_permutation,0.0,zero,1418,outer_03,shallow_gradient_boosting,142,5,51203473,5544
"[""cluster__fb3b9bf085ae4374""]",cluster__fb3b9bf085ae4374,block_permutation,0.0,zero,1418,outer_03,shallow_gradient_boosting,142,6,51203474,5544
"[""cluster__fb3b9bf085ae4374""]",cluster__fb3b9bf085ae4374,block_permutation,0.0,zero,1418,outer_03,shallow_gradient_boosting,142,7,51203475,5544
"[""cluster__fb3b9bf085ae4374""]",cluster__fb3b9bf085ae4374,block_permutation,0.0,zero,1418,outer_03,shallow_gradient_boosting,142,8,51203476,5544
"[""cluster__fb3b9bf085ae4374""]",cluster__fb3b9bf085ae4374,block_permutation,0.0,zero,1418,outer_03,shallow_gradient_boosting,142,9,51203477,5544
"[""cluster__fc5bdd24bfb709b8""]",cluster__fc5bdd24bfb709b8,block_permutation,0.0,zero,1418,outer_03,shallow_gradient_boosting,142,0,51203478,5544
"[""cluster__fc5bdd24bfb709b8""]",cluster__fc5bdd24bfb709b8,block_permutation,0.0,zero,1418,outer_03,shallow_gradient_boosting,142,1,51203479,5544
"[""cluster__fc5bdd24bfb709b8""]",cluster__fc5bdd24bfb709b8,block_permutation,0.0,zero,1418,outer_03,shallow_gradient_boosting,142,2,51203480,5544
"[""cluster__fc5bdd24bfb709b8""]",cluster__fc5bdd24bfb709b8,block_permutation,0.0,zero,1418,outer_03,shallow_gradient_boosting,142,3,51203481,5544
"[""cluster__fc5bdd24bfb709b8""]",cluster__fc5bdd24bfb709b8,block_permutation,0.0,zero,1418,outer_03,shallow_gradient_boosting,142,4,51203482,5544
"[""cluster__fc5bdd24bfb709b8""]",cluster__fc5bdd24bfb709b8,block_permutation,0.0,zero,1418,outer_03,shallow_gradient_boosting,142,5,51203483,5544
"[""cluster__fc5bdd24bfb709b8""]",cluster__fc5bdd24bfb709b8,block_permutation,0.0,zero,1418,outer_03,shallow_gradient_boosting,142,6,51203484,5544
"[""cluster__fc5bdd24bfb709b8""]",cluster__fc5bdd24bfb709b8,block_permutation,0.0,zero,1418,outer_03,shallow_gradient_boosting,142,7,51203485,5544
"[""cluster__fc5bdd24bfb709b8""]",cluster__fc5bdd24bfb709b8,block_permutation,0.0,zero,1418,outer_03,shallow_gradient_boosting,142,8,51203486,5544
"[""cluster__fc5bdd24bfb709b8""]",cluster__fc5bdd24bfb709b8,block_permutation,0.0,zero,1418,outer_03,shallow_gradient_boosting,142,9,51203487,5544
"[""cluster__fd3291f0b03d2dd6""]",cluster__fd3291f0b03d2dd6,block_permutation,0.002197951819438382,positive,1418,outer_03,shallow_gradient_boosting,142,0,51203488,5544
"[""cluster__fd3291f0b03d2dd6""]",cluster__fd3291f0b03d2dd6,block_permutation,0.0015753589246114696,positive,1418,outer_03,shallow_gradient_boosting,142,1,51203489,5544
"[""cluster__fd3291f0b03d2dd6""]",cluster__fd3291f0b03d2dd6,block_permutation,0.0020578868954355123,positive,1418,outer_03,shallow_gradient_boosting,142,2,51203490,5544
"[""cluster__fd3291f0b03d2dd6""]",cluster__fd3291f0b03d2dd6,block_permutation,0.0016048066555089946,positive,1418,outer_03,shallow_gradient_boosting,142,3,51203491,5544
"[""cluster__fd3291f0b03d2dd6""]",cluster__fd3291f0b03d2dd6,block_permutation,0.0010682762186309258,positive,1418,outer_03,shallow_gradient_boosting,142,4,51203492,5544
"[""cluster__fd3291f0b03d2dd6""]",cluster__fd3291f0b03d2dd6,block_permutation,0.0016051187634094077,positive,1418,outer_03,shallow_gradient_boosting,142,5,51203493,5544
"[""cluster__fd3291f0b03d2dd6""]",cluster__fd3291f0b03d2dd6,block_permutation,0.0015845436235277788,positive,1418,outer_03,shallow_gradient_boosting,142,6,51203494,5544
"[""cluster__fd3291f0b03d2dd6""]",cluster__fd3291f0b03d2dd6,block_permutation,0.0029144053710636886,positive,1418,outer_03,shallow_gradient_boosting,142,7,51203495,5544
"[""cluster__fd3291f0b03d2dd6""]",cluster__fd3291f0b03d2dd6,block_permutation,0.0020195295263445434,positive,1418,outer_03,shallow_gradient_boosting,142,8,51203496,5544
"[""cluster__fd3291f0b03d2dd6""]",cluster__fd3291f0b03d2dd6,block_permutation,0.0026988823281772767,positive,1418,outer_03,shallow_gradient_boosting,142,9,51203497,5544
"[""cluster__feb3f6ac5faeccec""]",cluster__feb3f6ac5faeccec,block_permutation,0.0,zero,1418,outer_03,shallow_gradient_boosting,142,0,51203498,5544
"[""cluster__feb3f6ac5faeccec""]",cluster__feb3f6ac5faeccec,block_permutation,0.0,zero,1418,outer_03,shallow_gradient_boosting,142,1,51203499,5544
"[""cluster__feb3f6ac5faeccec""]",cluster__feb3f6ac5faeccec,block_permutation,0.0,zero,1418,outer_03,shallow_gradient_boosting,142,2,51203500,5544
"[""cluster__feb3f6ac5faeccec""]",cluster__feb3f6ac5faeccec,block_permutation,0.0,zero,1418,outer_03,shallow_gradient_boosting,142,3,51203501,5544
"[""cluster__feb3f6ac5faeccec""]",cluster__feb3f6ac5faeccec,block_permutation,0.0,zero,1418,outer_03,shallow_gradient_boosting,142,4,51203502,5544
"[""cluster__feb3f6ac5faeccec""]",cluster__feb3f6ac5faeccec,block_permutation,0.0,zero,1418,outer_03,shallow_gradient_boosting,142,5,51203503,5544
"[""cluster__feb3f6ac5faeccec""]",cluster__feb3f6ac5faeccec,block_permutation,0.0,zero,1418,outer_03,shallow_gradient_boosting,142,6,51203504,5544
"[""cluster__feb3f6ac5faeccec""]",cluster__feb3f6ac5faeccec,block_permutation,0.0,zero,1418,outer_03,shallow_gradient_boosting,142,7,51203505,5544
"[""cluster__feb3f6ac5faeccec""]",cluster__feb3f6ac5faeccec,block_permutation,0.0,zero,1418,outer_03,shallow_gradient_boosting,142,8,51203506,5544
"[""cluster__feb3f6ac5faeccec""]",cluster__feb3f6ac5faeccec,block_permutation,0.0,zero,1418,outer_03,shallow_gradient_boosting,142,9,51203507,5544
