date,spot_open_0920,spot_close_0920,open5_ret,open5_var_ann,open5_range,lag1_logrv,lag5_logrv,lag22_logrv,prev_ret,CALL_-10,CALL_-9,CALL_-8,CALL_-7,CALL_-6,CALL_-5,CALL_-4,CALL_-3,CALL_-2,CALL_-1,CALL_+0,CALL_+1,CALL_+2,CALL_+3,CALL_+4,CALL_+5,CALL_+6,CALL_+7,CALL_+8,CALL_+9,CALL_+10,PUT_-10,PUT_-9,PUT_-8,PUT_-7,PUT_-6,PUT_-5,PUT_-4,PUT_-3,PUT_-2,PUT_-1,PUT_+0,PUT_+1,PUT_+2,PUT_+3,PUT_+4,PUT_+5,PUT_+6,PUT_+7,PUT_+8,PUT_+9,PUT_+10,expiry,fwd_var_ann,fwd_rv,h_trading_days,expiry_spot,iv,forward,K,T_cal,iv_var,log_iv_var,dte_sessions,open5_logvar,abs_open5_ret,year,vrp_expost,fwd_int_var,iv_int_var,fwd_rv_cal,vrp_int,vrp_ratio,vrp_vol_cal,log_fwd_int,log_iv_int,logT,pred_int,pred_ratio,pred_vol_edge,pred_vrp_int,log_ratio,premium_positive,rv_beats_iv,ratio_le_070,VOL_CALL_-10,VOL_CALL_-9,VOL_CALL_-8,VOL_CALL_-7,VOL_CALL_-6,VOL_CALL_-5,VOL_CALL_-4,VOL_CALL_-3,VOL_CALL_-2,VOL_CALL_-1,VOL_CALL_+0,VOL_CALL_+1,VOL_CALL_+2,VOL_CALL_+3,VOL_CALL_+4,VOL_CALL_+5,VOL_CALL_+6,VOL_CALL_+7,VOL_CALL_+8,VOL_CALL_+9,VOL_CALL_+10,VOL_PUT_-10,VOL_PUT_-9,VOL_PUT_-8,VOL_PUT_-7,VOL_PUT_-6,VOL_PUT_-5,VOL_PUT_-4,VOL_PUT_-3,VOL_PUT_-2,VOL_PUT_-1,VOL_PUT_+0,VOL_PUT_+1,VOL_PUT_+2,VOL_PUT_+3,VOL_PUT_+4,VOL_PUT_+5,VOL_PUT_+6,VOL_PUT_+7,VOL_PUT_+8,VOL_PUT_+9,VOL_PUT_+10,smile_iv_-10,smile_px_-10,smile_vol_-10,smile_iv_-9,smile_px_-9,smile_vol_-9,smile_iv_-8,smile_px_-8,smile_vol_-8,smile_iv_-7,smile_px_-7,smile_vol_-7,smile_iv_-6,smile_px_-6,smile_vol_-6,smile_iv_-5,smile_px_-5,smile_vol_-5,smile_iv_-4,smile_px_-4,smile_vol_-4,smile_iv_-3,smile_px_-3,smile_vol_-3,smile_iv_-2,smile_px_-2,smile_vol_-2,smile_iv_-1,smile_px_-1,smile_vol_-1,smile_iv_+0,smile_px_+0,smile_vol_+0,smile_iv_+1,smile_px_+1,smile_vol_+1,smile_iv_+2,smile_px_+2,smile_vol_+2,smile_iv_+3,smile_px_+3,smile_vol_+3,smile_iv_+4,smile_px_+4,smile_vol_+4,smile_iv_+5,smile_px_+5,smile_vol_+5,smile_iv_+6,smile_px_+6,smile_vol_+6,smile_iv_+7,smile_px_+7,smile_vol_+7,smile_iv_+8,smile_px_+8,smile_vol_+8,smile_iv_+9,smile_px_+9,smile_vol_+9,smile_iv_+10,smile_px_+10,smile_vol_+10,put_skew_100,call_skew_100,rr_100,bf_100,wing_avg_100,put_skew_200,call_skew_200,rr_200,bf_200,wing_avg_200,put_skew_300,call_skew_300,rr_300,bf_300,wing_avg_300,put_skew_400,call_skew_400,rr_400,bf_400,wing_avg_400,put_skew_500,call_skew_500,rr_500,bf_500,wing_avg_500,smile_intercept,smile_slope,smile_curvature,smile_fit_rmse,pred_ratio_wf,iv_regime,horizon_sessions_round,rr_cutoff_wf,train_n,gate_mode,execution,width,credit,payoff,pnl,maxloss
2024-02-09,21681.4,21683.15,-0.0020433251791138,0.0534478682358362,0.0035514311806433,-4.278869746450155,-4.1918597660171795,-4.1993853824179554,-0.0086983927343594,564.0,535.65,478.35,435.8,393.65,357.05,321.1,285.1,253.3,221.95,193.45,166.85,142.15,120.3,101.4,84.7,69.55,57.1,46.05,37.1,29.55,33.7,39.75,46.95,55.85,66.0,77.65,91.55,106.65,123.45,142.8,163.9,187.25,213.15,241.9,272.4,303.0,339.5,375.35,416.3,458.4,501.25,2024-02-15,0.0175544803453174,0.1324933218895105,4.986666666666666,21927.05,0.1573510946078969,21729.58040895763,21700,0.0171423135464231,0.0247593669743033,-3.698551397958509,4.986666666666666,-2.929048525639723,0.0020433251791138,2024,0.0248577727183864,0.0003473743729708,0.0004244328318844,0.1423521958449264,7.705845891362907e-05,0.8184436897317924,0.0149988987629705,-7.96510747495302,-7.764756793508667,-4.066205395550156,0.0002906671613854,0.6848366562382239,0.0271354193254756,0.0001337656704989,-0.2003506814443011,1,0,0,900.0,50.0,3400.0,900.0,3700.0,1200.0,34700.0,13950.0,171900.0,141000.0,564100.0,193800.0,456200.0,181300.0,280700.0,101050.0,260100.0,117800.0,216000.0,98400.0,141050.0,81950.0,94150.0,189250.0,54250.0,129700.0,103450.0,322100.0,134350.0,353500.0,263500.0,728050.0,190800.0,442450.0,43250.0,69300.0,28350.0,82600.0,17250.0,28200.0,250.0,1750.0,0.1724572100025434,33.7,81950.0,0.1702162640538197,39.75,94150.0,0.1681984494775824,46.95,189250.0,0.1668666166519483,55.85,54250.0,0.1653949341200981,66.0,129700.0,0.1639287355535539,77.65,103450.0,0.1630788107936329,91.55,322100.0,0.1616224514759622,106.65,134350.0,0.1599835622547452,123.45,353500.0,0.158834496994195,142.8,263500.0,0.1573510946078969,357.35,1292150.0,0.155915371717065,166.85,193800.0,0.154166303420249,142.15,456200.0,0.1529229493810175,120.3,181300.0,0.1523275775605484,101.4,280700.0,0.1517747986405578,84.7,101050.0,0.1506789022386324,69.55,260100.0,0.1503676239924174,57.1,117800.0,0.1495835192031857,46.05,216000.0,0.1493709507755465,37.1,98400.0,0.1490894138458094,29.55,141050.0,0.0026324676468483,-0.0031847911876478,0.0058172588344962,-0.0002761617703997,0.1570749328374971,0.005727716185736,-0.0050235170473484,0.0107512332330845,0.0003520995691938,0.1577031941770907,0.0080438395122012,-0.0066721923692645,0.0147160318814657,0.0006858235714683,0.1580369181793652,0.0108473548696855,-0.0077675754047111,0.0186149302743966,0.0015398897324872,0.1588909843403841,0.0151061153946465,-0.0082616807620874,0.0233677961567339,0.0034222173162795,0.1607733119241764,0.1564543471917021,-0.0111833932382476,0.0017965419213896,0.000354332692359,0.6943064340850906,high,5,0.03216935167160772,252,none,0920_open,500,294.1,227.04999999999927,67.05000000000075,205.89999999999998
2024-03-01,22115.1,22115.15,0.0030183489938282,0.1883804510158676,0.0034320441689163,-4.061097619904071,-4.723828403034126,-4.411947545765248,0.0052674434876216,585.0,540.6,496.0,452.15,409.15,370.0,331.8,295.0,260.15,227.35,196.75,167.75,141.25,117.9,96.85,78.7,63.15,50.0,39.05,29.65,22.45,25.25,30.05,35.95,42.55,51.2,60.85,72.15,85.3,100.05,117.5,136.7,157.7,181.3,207.35,236.25,269.3,302.55,342.15,377.8,420.6,461.9,2024-03-07,0.0077968369316547,0.0882996994992325,5.272,22483.5,0.1428829670707685,22160.11179552981,22100,0.0171423135464231,0.0204155422789463,-3.8914587917935393,5.272,-1.6692916854090625,0.0030183489938282,2024,0.054583267571536,0.0001631147789828,0.0003499696269659,0.0975465555678505,0.000186854847983,0.4660826723649915,0.0453364115029179,-8.721056439426652,-7.957664187343697,-4.066205395550156,0.0002439449832829,0.6970461562558912,0.0235909921796671,0.000106024643683,-0.7633922520832354,1,0,1,200.0,50.0,1750.0,100.0,3100.0,3150.0,53950.0,28000.0,124750.0,94800.0,321200.0,218450.0,308000.0,115900.0,244400.0,128750.0,195850.0,79650.0,276600.0,80850.0,176250.0,232300.0,96500.0,318550.0,89250.0,226200.0,65900.0,186550.0,87550.0,323050.0,155300.0,417250.0,218800.0,130800.0,41950.0,79400.0,8300.0,16050.0,2800.0,11300.0,650.0,1000.0,0.1612966780293832,25.25,232300.0,0.1588881832887984,30.05,96500.0,0.1568394627112045,35.95,318550.0,0.1543383787434258,42.55,89250.0,0.1529707171820638,51.2,226200.0,0.1511089944405381,60.85,65900.0,0.1493678551703224,72.15,186550.0,0.1477560655395098,85.3,87550.0,0.1458666369397076,100.05,323050.0,0.1445790503828212,117.5,155300.0,0.1428829670707685,333.45,738450.0,0.1407423778471896,157.7,218800.0,0.1385839678474144,141.25,308000.0,0.1370360498225962,117.9,115900.0,0.1352857082022842,96.85,244400.0,0.1338969445386971,78.7,128750.0,0.13269175964467,63.15,195850.0,0.1316189948788444,50.0,79650.0,0.1306631448090003,39.05,276600.0,0.1291926518695048,29.65,80850.0,0.1283986761361888,22.45,176250.0,0.0029836698689391,-0.004298999223354,0.0072826690922931,-0.0006576646772074,0.142225302393561,0.0064848880995538,-0.0075972588684842,0.0140821469680381,-0.0005561853844651,0.1423267816863033,0.0100877501112953,-0.0101912074260984,0.0202789575373938,-5.1728657401578504e-05,0.1428312384133669,0.013956495640436,-0.0122198222617681,0.0261763179022042,0.0008683366893339,0.1437513037601024,0.0184137109586147,-0.0144842909345797,0.0328980018931944,0.0019647100120175,0.144847677082786,0.1403752289927247,-0.0142241074389619,0.0002336542364682,0.0002674365000603,0.7012426601441748,middle,5,0.0304890412776476,252,none,0920_open,500,285.75,383.5,-97.75,214.25
2024-03-11,22496.5,22493.25,-0.000879702912656,0.046921325349989,0.0023648123041362,-4.929701143693328,-5.069249196849503,-4.638449432932424,0.0001534576343179,523.7,474.0,432.3,385.85,345.15,304.95,265.5,227.75,192.7,161.85,132.85,107.2,84.7,65.25,48.7,35.85,26.0,18.15,12.75,8.9,6.4,15.4,19.0,23.75,29.65,37.05,45.6,56.3,69.0,84.55,103.4,123.45,148.6,176.25,207.15,241.1,277.1,318.3,358.65,404.85,455.55,497.8,2024-03-14,0.0136403203041043,0.1167917818346152,3.986666666666667,22153.05,0.151121647759983,22509.405033995852,22500,0.0089231354642313,0.0228377524216923,-3.779340304391426,3.986666666666667,-3.059283008579838,0.000879702912656,2024,0.0343298659253678,0.000215791310631,0.0002037843585573,0.1555099684638201,-1.200695207373122e-05,1.0589198904112798,-0.0043883207038371,-8.441198771793989,-8.49844818910365,-4.719107884712219,0.0001446443222748,0.7097910914207142,0.0238030190484349,5.914003628245456e-05,0.0572494173095257,0,1,0,2700.0,150.0,2950.0,5750.0,5400.0,4150.0,20950.0,23800.0,92900.0,140650.0,614400.0,228600.0,414250.0,96400.0,355550.0,99550.0,224900.0,138750.0,261700.0,168350.0,434550.0,113200.0,69750.0,106050.0,73600.0,116450.0,81200.0,230000.0,131400.0,380950.0,296250.0,691650.0,217900.0,294850.0,32550.0,43150.0,3450.0,8600.0,350.0,22800.0,900.0,1200.0,0.1794326247853215,15.4,113200.0,0.1757206568939777,19.0,69750.0,0.172729547989741,23.75,106050.0,0.1698490582903214,29.65,73600.0,0.1672829198329463,37.05,116450.0,0.1640151558049243,45.6,81200.0,0.161295907057227,56.3,230000.0,0.1584350964659415,69.0,131400.0,0.1561754750960896,84.55,380950.0,0.1546619478631649,103.4,296250.0,0.151121647759983,256.3,1306050.0,0.1490177135079213,107.2,228600.0,0.1468853941429331,84.7,414250.0,0.1445657587183635,65.25,96400.0,0.1418856202885676,48.7,355550.0,0.1402345085419756,35.85,99550.0,0.1392327333859615,26.0,224900.0,0.1377164223497451,18.15,138750.0,0.1375457231426649,12.75,261700.0,0.1378653189786053,8.9,168350.0,0.1395365050485867,6.4,434550.0,0.0050538273361066,-0.0042362536170498,0.0092900809531564,0.0004087868595283,0.1515304346195113,0.010174259297244,-0.0092360274714153,0.0194102867686593,0.0004691159129143,0.1515907636728973,0.0161612720729633,-0.0118889143740214,0.0280501864469847,0.0021361788494709,0.1532578266094539,0.021607900229758,-0.013575924617318,0.035183824847076,0.0040159878062199,0.1551376355662029,0.0283109770253385,-0.0115851427113962,0.0398961197367347,0.0083629171569711,0.1594845649169541,0.1508554675052,-0.0150871186186038,0.001689020825296,0.0003972266872519,0.7020218980573528,middle,4,0.025696692131138,252,none,0920_open,500,234.5,346.9500000000007,-112.45000000000073,265.5
2024-03-15,22089.5,22081.85,0.0011595438313569,0.0144711871261871,0.0022589918286967,-4.411976425414971,-4.5214480865186975,-4.682751310083472,0.007794465993513,547.0,505.0,457.5,420.1,373.0,333.05,295.55,260.0,226.55,195.05,166.0,139.05,115.2,94.65,76.15,60.75,47.45,36.95,28.25,21.75,16.4,23.15,28.2,34.3,41.7,50.5,60.8,73.05,87.0,103.4,122.15,142.8,166.35,192.5,221.25,252.7,287.05,324.45,362.7,405.0,448.9,493.2,2024-03-21,0.0130231143812997,0.114118860760611,4.986666666666666,22014.6,0.1335833122883973,22123.223874376217,22100,0.0171423135464231,0.0178445013219394,-4.026059867404453,4.986666666666666,-4.235595701193368,0.0011595438313569,2024,0.0194644515277862,0.0002577060729421,0.0003058960367402,0.1226104847015727,4.818996379812564e-05,0.8424629350819396,0.0109728275868244,-8.263690874646022,-8.092265262954614,-4.066205395550156,0.0002158690070445,0.7056940303802625,0.0213658534951892,9.002702969567318e-05,-0.1714256116913365,1,0,0,400.0,350.0,1150.0,350.0,7050.0,2650.0,21900.0,18050.0,149500.0,110200.0,406550.0,201400.0,352200.0,116550.0,291750.0,204450.0,407050.0,237000.0,269950.0,162800.0,222400.0,126100.0,41250.0,102600.0,79300.0,204650.0,120200.0,308900.0,164300.0,565500.0,379050.0,688050.0,213600.0,299000.0,49750.0,72550.0,10950.0,26550.0,2500.0,41000.0,500.0,550.0,0.1499975738796843,23.15,126100.0,0.1480495174316549,28.2,41250.0,0.1461904643988993,34.3,102600.0,0.1445148352319196,41.7,79300.0,0.1428869934985083,50.5,204650.0,0.1412057708090258,60.8,120200.0,0.1397492775366136,73.05,308900.0,0.1380582112130782,87.0,164300.0,0.1366876141688029,103.4,565500.0,0.1353665379588328,122.15,379050.0,0.1335833122883973,308.8,1094600.0,0.1316383974998412,139.05,201400.0,0.1301044541932395,115.2,352200.0,0.1291537096146121,94.65,116550.0,0.1276891351955716,76.15,291750.0,0.1267803046964301,60.75,204450.0,0.1255803788028588,47.45,407050.0,0.125106938305279,36.95,237000.0,0.1245003044613788,28.25,269950.0,0.1247609911772117,21.75,162800.0,0.1247108613198655,16.4,222400.0,0.0031043018804056,-0.0034788580951577,0.0065831599755634,-0.000187278107376,0.1333960341810212,0.0061659652482163,-0.0058941770928256,0.012060142341042,0.0001358940776953,0.1337192063660926,0.009303681210111,-0.0080029334855384,0.0173066146956494,0.0006503738622863,0.1342336861506836,0.012607152110502,-0.0090830078270184,0.0216901599375205,0.0017620721417418,0.1353453844301391,0.016414261591287,-0.0088724509685317,0.0252867125598187,0.0037709053113776,0.1373542175997749,0.1327464299836981,-0.0112219536508271,0.0012018849607658,0.0002440621118409,0.6992348138650689,middle,5,0.025696692131138,252,none,0920_open,500,269.25000000000006,85.40000000000146,183.8499999999986,230.74999999999994
2024-03-22,21966.15,21961.65,0.0015239929278596,0.0551647920287399,0.0022193238232462,-4.012557324511064,-4.308361281891454,-4.629985558322153,0.0072715656959189,,546.05,,456.55,408.0,368.5,326.55,286.0,249.1,213.0,180.2,149.25,122.0,97.8,77.0,59.2,44.35,32.95,24.05,17.45,12.4,11.35,14.2,17.6,22.15,27.35,34.2,42.45,52.75,64.9,79.1,96.3,115.25,138.05,163.9,193.05,225.25,260.3,299.0,339.45,383.15,429.3,2024-03-28,0.0075775716481966,0.0870492484068449,3.986666666666667,22343.1,0.1168562606373622,22033.986338800183,21950,0.0171423135464231,0.0136553856501471,-4.2936212820424515,3.986666666666667,-2.8974303547626543,0.0015239929278596,2024,0.0298070122305173,0.0001198779853339,0.0002340849024121,0.0836247823775431,0.0001142069170782,0.5121132721444688,0.033231478259819,-9.029036121346852,-8.359826677592611,-4.066205395550156,0.0001692912015919,0.7232042726695809,0.0174800399045467,6.479370082024076e-05,-0.669209443754068,1,0,1,,2750.0,,500.0,150.0,5050.0,800.0,46850.0,16450.0,115700.0,194100.0,562150.0,211900.0,364650.0,131850.0,560600.0,344550.0,418750.0,147300.0,252800.0,131600.0,51050.0,167450.0,66350.0,188200.0,86550.0,443850.0,73250.0,228250.0,182150.0,379800.0,437050.0,563300.0,165350.0,251950.0,35350.0,59300.0,9000.0,13750.0,1250.0,850.0,850.0,0.1366450113367154,11.35,51050.0,0.1343771003026879,14.2,167450.0,0.1318460360296794,17.6,66350.0,0.1299475318612306,22.15,188200.0,0.1274293785649004,27.35,86550.0,0.1255857775919401,34.2,443850.0,0.1236363538059288,42.45,73250.0,0.1220564608099481,52.75,228250.0,0.1202974965074399,64.9,182150.0,0.1183450361333026,79.1,379800.0,0.1168562606373622,276.5,631150.0,0.1144904542443954,115.25,563300.0,0.1128936473341405,122.0,211900.0,0.111236040115472,97.8,364650.0,0.1098233832661799,77.0,131850.0,0.108325273799883,59.2,560600.0,0.1067842669102598,44.35,344550.0,0.106046670431898,32.95,418750.0,0.1055082280736103,24.05,147300.0,0.1054875693757012,17.45,252800.0,0.1054147616828032,12.4,131600.0,0.0034412358700777,-0.0039626133032216,0.0074038491732993,-0.0002606887165719,0.1165955719207902,0.0067800931685666,-0.0070328773711823,0.0138129705397489,-0.0001263921013078,0.1167298685360543,0.0105731179275382,-0.0100719937271023,0.0206451116546406,0.0002505621002179,0.1171068227375801,0.0149897753923172,-0.0113480325637518,0.0263378079560691,0.0018208714142827,0.1186771320516449,0.0197887506993531,-0.0114414989545589,0.0312302496539121,0.0041736258723971,0.1210298865097593,0.1136558278489758,-0.0113690626541895,0.000615559076623,0.0001831534084465,0.7048493040643175,low,4,0.02547416096175352,252,none,0920_open,500,252.75000000000003,393.09999999999854,-140.34999999999852,247.24999999999997
2024-04-01,22512.55,22507.5,0.0025240885823248,0.0368079215748236,0.0026052135364497,-4.5188619653470745,-4.731125898371131,-4.668451872660251,0.0088064708966341,523.95,482.0,434.2,388.5,343.5,302.95,263.45,227.0,194.4,163.75,135.95,111.0,88.7,69.85,54.25,41.25,30.95,23.2,16.75,12.1,8.95,14.75,18.2,22.8,28.3,35.1,44.0,54.4,67.95,84.3,103.85,125.85,150.55,178.35,209.25,244.25,280.75,320.4,360.0,406.0,447.0,496.3,2024-04-04,0.0102090447894229,0.1010398178413982,3.986666666666667,22541.2,0.1543552105985826,22510.105408867883,22500,0.0089231354642313,0.0238255310389328,-3.7369975405430385,3.986666666666667,-3.302042196786977,0.0025240885823248,2024,0.0533153927571844,0.0001615081688908,0.0002125984409676,0.1345359976471305,5.109027207677463e-05,0.7596865158359745,0.019819212951452,-8.73095483521314,-8.456105425255258,-4.719107884712219,0.0001503162991456,0.7070432805693381,0.0245642955579926,6.228214182195447e-05,-0.2748494099581057,1,0,0,32500.0,1850.0,11550.0,12300.0,33900.0,15500.0,157800.0,75000.0,302100.0,293800.0,1282850.0,528900.0,774400.0,324950.0,519900.0,257650.0,393800.0,225750.0,302850.0,244150.0,772800.0,238650.0,98800.0,273050.0,124100.0,249950.0,98450.0,464650.0,142800.0,374850.0,212350.0,703250.0,124450.0,106650.0,31900.0,29850.0,16350.0,9500.0,1050.0,1250.0,0.0,11650.0,0.1776625690093737,14.75,238650.0,0.1738281076881208,18.2,98800.0,0.1707835340128533,22.8,273050.0,0.1673853872486295,28.3,124100.0,0.1640841539800973,35.1,249950.0,0.1617382410853654,44.0,98450.0,0.1588352048962817,54.4,464650.0,0.1573335007982468,67.95,142800.0,0.1561844646131669,84.3,374850.0,0.1555595823796828,103.85,212350.0,0.1543552105985826,261.79999999999995,1986100.0,0.1531544547087628,111.0,528900.0,0.151452418252511,88.7,774400.0,0.1502404547845541,69.85,324950.0,0.149475642821528,54.25,519900.0,0.148568350871544,41.25,257650.0,0.1480714928460869,30.95,393800.0,0.1484630610638419,23.2,225750.0,0.1479049855534753,16.75,302850.0,0.1481432985862693,12.1,244150.0,0.1496950693039728,8.95,772800.0,0.0018292540145843,-0.0029027923460715,0.0047320463606559,-0.0005367691657435,0.153818441432839,0.0044799942976991,-0.0048795677770545,0.0093595620747536,-0.0001997867396776,0.1541554238589049,0.0097289433815147,-0.0062837177524956,0.0160126611340103,0.0017226128145095,0.1560778234130921,0.0164283234142707,-0.0064502250451072,0.022878548459378,0.0049890491845817,0.1593442597831643,0.0233073584107911,-0.0046601412946097,0.0279674997054009,0.0093236085580906,0.1636788191566733,0.1535236206504989,-0.0082218045242611,0.0022867941156568,0.0004824477774689,0.684676086424495,middle,4,0.02608039274799096,252,none,0920_open,500,238.09999999999997,41.20000000000073,196.89999999999924,261.90000000000003
2024-04-05,22464.3,22434.15,-0.0009877510780704,0.0492125191311101,0.0022190764902535,-3.7125287042277977,-4.564464231722851,-4.659641956509851,0.0042523696036599,537.15,487.5,449.9,399.8,355.75,315.35,276.9,239.1,204.3,172.1,143.15,116.8,93.9,74.0,57.2,43.35,32.35,23.9,17.5,12.8,9.5,16.0,19.9,24.6,30.35,37.5,46.2,56.75,69.65,84.75,102.8,123.4,147.1,174.35,204.3,237.85,273.2,312.4,354.25,400.5,442.75,489.25,2024-04-10,0.0052224257447431,0.0722663527842879,3.986666666666667,22735.05,0.1238310242940739,22469.767074442632,22450,0.0144025875190258,0.0153341225777195,-4.177674700025844,3.986666666666667,-3.0116072339674216,0.0009877510780704,2024,0.051564671509786,8.261932791948078e-05,0.000220851042453,0.0757391745184378,0.0001382317145335,0.374095258966393,0.048091849775636,-9.401266910627134,-8.418022099746894,-4.240347399721049,0.000159234140149,0.7210024384777535,0.0186837952747006,6.161690230405394e-05,-0.9832448108799022,1,0,1,350.0,4200.0,100.0,2650.0,1950.0,11450.0,8000.0,67450.0,56050.0,285500.0,503550.0,858550.0,364550.0,488500.0,284500.0,380200.0,263900.0,327400.0,175050.0,375400.0,226200.0,145350.0,504750.0,160400.0,306200.0,216500.0,552050.0,348850.0,795550.0,563300.0,1411700.0,1415300.0,1472650.0,315000.0,422150.0,78500.0,61350.0,6400.0,12250.0,2350.0,1550.0,800.0,0.1450793387963128,16.0,145350.0,0.1426844357818412,19.9,504750.0,0.1401335348331386,24.6,160400.0,0.1375973008926012,30.35,306200.0,0.1352808256874493,37.5,216500.0,0.1330274349317471,46.2,552050.0,0.130884083832709,56.75,348850.0,0.1290813712888687,69.65,795550.0,0.1271530581490386,84.75,563300.0,0.1256027815837078,102.8,1411700.0,0.1238310242940739,266.55,1918850.0,0.1221213640819362,116.8,858550.0,0.1207960762074675,93.9,364550.0,0.1194225497269993,74.0,488500.0,0.1181671457618279,57.2,284500.0,0.1170502814538238,43.35,380200.0,0.1162785877412056,32.35,263900.0,0.1159726235946231,23.9,327400.0,0.1160242019105261,17.5,175050.0,0.116553781656555,12.8,375400.0,0.1178292748067948,9.5,226200.0,0.0033220338549646,-0.0030349480866063,0.006356981941571,0.0001435428841791,0.123974567178253,0.0070530595386351,-0.0056638785322459,0.012716938070881,0.0006945905031945,0.1245256147972684,0.0114498013933754,-0.0075524365528682,0.0190022379462436,0.0019486824202536,0.1257797067143275,0.0163025105390646,-0.0078068223835477,0.0241093329226124,0.0042478440777584,0.1280788683718323,0.0212483145022389,-0.006001749487279,0.0272500639895179,0.0076232825074799,0.1314543068015539,0.1231454976763281,-0.0103373828112756,0.0023039972331688,9.260972989846904e-05,0.6980667876887289,middle,4,0.02525162979236904,252,none,0920_open,500,241.05,285.0499999999993,-43.99999999999926,258.95
2024-04-12,22704.2,22700.8,0.0012867972866748,0.0146697417558346,0.0023366064979166,-5.407579921422223,-4.845790414140245,-4.664181889506179,0.0040989895878431,523.35,475.85,430.0,388.0,343.2,301.8,263.35,226.5,192.2,160.5,131.1,105.65,83.45,64.8,49.35,37.0,27.25,19.3,13.95,10.0,7.35,14.8,18.45,23.15,29.0,36.35,45.15,55.7,68.95,85.25,103.65,124.0,148.6,177.25,208.0,242.0,279.9,319.85,361.3,406.45,450.7,495.1,2024-04-18,0.0202715963584739,0.1423783563554304,3.986666666666667,22045.75,0.1076428048821423,22707.107306382375,22700,0.0171423135464231,0.0115869734428949,-4.457873790944037,3.986666666666667,-4.221968290538111,0.0012867972866748,2024,-0.034735551473288,0.0003206987995335,0.0001986275318121,0.1367772758915505,-0.0001220712677213,1.61457375323364,-0.0291344710094082,-8.045008194541492,-8.524079186494198,-4.066205395550156,0.0001458260039842,0.7341681319491355,0.0154105618891716,5.2801527827964846e-05,0.4790709919530295,0,1,0,50.0,1000.0,6650.0,1100.0,7650.0,5550.0,35400.0,20700.0,153050.0,191250.0,685900.0,311400.0,375450.0,142450.0,205950.0,130700.0,264450.0,138600.0,187150.0,283750.0,193050.0,224450.0,96450.0,243450.0,75950.0,200950.0,66500.0,212100.0,104900.0,365000.0,287000.0,655500.0,204900.0,136500.0,23700.0,54900.0,7700.0,18050.0,900.0,900.0,750.0,600.0,0.1266113334700352,14.8,224450.0,0.1242024589414876,18.45,96450.0,0.1220937425609935,23.15,243450.0,0.1200552251669005,29.0,75950.0,0.1182305364940428,36.35,200950.0,0.1162256555880332,45.15,66500.0,0.114128458043572,55.7,212100.0,0.1125963597669252,68.95,104900.0,0.1115884772326755,85.25,365000.0,0.1100191537347293,103.65,287000.0,0.1076428048821423,255.1,1341400.0,0.1061729211082078,105.65,311400.0,0.1047623502072218,83.45,375450.0,0.1036934346125167,64.8,142450.0,0.1027875578288773,49.35,205950.0,0.1022063428650638,37.0,130700.0,0.1017841492415969,27.25,264450.0,0.100832597896498,19.3,138600.0,0.1011844905462702,13.95,187150.0,0.1017210329824378,10.0,283750.0,0.1030991042182717,7.35,193050.0,0.0039456723505332,-0.0028804546749204,0.0068261270254537,0.0005326088378064,0.1081754137199487,0.0064856531614297,-0.0048552470532649,0.0113409002146947,0.0008152030540824,0.1084580079362247,0.0105877316119005,-0.0058586556405453,0.0164463872524459,0.0023645379856775,0.1100073428678198,0.0144509376788512,-0.006458314335872,0.0209092520147232,0.0039963116714895,0.1116391165536318,0.0189685285878929,-0.0045437006638705,0.0235122292517635,0.0072124139620111,0.1148552188441534,0.1076044423064891,-0.0089617363611025,0.0022704043442458,0.0003800269589756,0.7098171108009717,low,4,0.02439415493957432,252,none,0920_open,500,232.95,500.0,-267.05,267.05
2024-04-19,21811.4,21796.65,-0.0021040806076561,0.1077991568588804,0.0028540121221012,-3.4134343569092045,-4.248008577910907,-4.5567818422768065,-0.005956167321591,590.5,,501.4,461.4,418.75,380.65,341.85,305.4,269.2,235.75,203.9,174.95,148.25,123.3,102.0,83.65,67.75,54.45,43.15,34.05,26.55,46.55,52.7,59.8,67.85,76.35,86.55,98.0,111.1,125.55,141.95,161.3,181.45,204.5,229.4,258.55,289.65,324.25,361.55,400.3,439.75,482.85,2024-04-25,0.0104854678697282,0.1023985735727225,4.986666666666666,22559.25,0.1596752858938849,21842.643838294254,21800,0.0171423135464231,0.0254961969252938,-3.669225978124813,4.986666666666666,-2.22748544188402,0.0021040806076561,2024,0.0572767123211623,0.0002074902107554,0.0004370638019347,0.110018086886078,0.0002295735911792,0.4747366627869397,0.0496571990078069,-8.480426396488477,-7.735431373674973,-4.066205395550156,0.0002985143193093,0.6829994110422443,0.02771359643898,0.0001385494826254,-0.7449950228137514,1,0,1,2150.0,,2900.0,50.0,24050.0,1450.0,16900.0,4650.0,56800.0,45500.0,388600.0,220100.0,303000.0,120700.0,516300.0,123600.0,227250.0,124650.0,309600.0,98700.0,322550.0,155000.0,47050.0,250150.0,87250.0,444050.0,149950.0,444500.0,161400.0,559850.0,266450.0,1163150.0,397350.0,423500.0,86050.0,344650.0,40500.0,73750.0,26350.0,69150.0,21000.0,75800.0,0.1941685298058976,46.55,155000.0,0.190630883976172,52.7,47050.0,0.1872433922175505,59.8,250150.0,0.1838523104573088,67.85,87250.0,0.1797754611738539,76.35,444050.0,0.1763010960504127,86.55,149950.0,0.1727512334342379,98.0,444500.0,0.1693775649465917,111.1,161400.0,0.1657424705776295,125.55,559850.0,0.1622651961226199,141.95,266450.0,0.1596752858938849,365.2000000000001,1551750.0,0.156679880523658,174.95,220100.0,0.1537064630381942,148.25,303000.0,0.1502101311153288,123.3,120700.0,0.1478386844626106,102.0,516300.0,0.1460166280245148,83.65,123600.0,0.144356580122483,67.75,227250.0,0.143167957686405,54.45,124650.0,0.1419910977376364,43.15,309600.0,0.141339703725568,34.05,98700.0,0.1407418097982541,26.55,322550.0,0.0060671846837446,-0.0059688228556906,0.0120360075394353,4.918091402700275e-05,0.1597244668079119,0.013075947540353,-0.0118366014312743,0.0249125489716273,0.0006196730545393,0.1602949589484242,0.020100175279969,-0.0153187057714019,0.0354188810513709,0.0023907347542835,0.1620660206481685,0.0275681063236656,-0.0176841881562484,0.0452522944799141,0.0049419590837085,0.1646172449775935,0.0344932439120127,-0.0189334760956308,0.0534267200076435,0.0077798839081909,0.1674551698020758,0.1568348706355765,-0.0264895471623334,0.0056511589966284,0.0003545607143771,0.6558431494765296,high,5,0.0245840362842156,252,none,0920_open,500,292.1,500.0,-207.89999999999998,207.89999999999998
2024-04-26,22583.6,22589.8,-0.0015617571833063,0.0520779865649417,0.0017512881305461,-4.327426008613822,-4.486379194657329,-4.579085045137055,0.0065397279423427,517.25,471.2,426.35,386.25,342.05,300.1,262.05,223.95,188.7,157.35,127.9,102.6,80.2,60.8,45.0,32.25,22.55,15.55,11.3,7.7,5.6,21.15,25.05,29.95,35.9,43.7,52.35,63.1,75.65,90.7,109.1,129.6,154.0,182.3,212.55,246.6,285.45,323.05,366.5,413.35,453.5,502.4,2024-05-02,0.0067385717864631,0.0820888042699073,3.986666666666667,22656.75,0.1091829258286483,22598.298250584503,22600,0.0171423135464231,0.0119209112925041,-4.429461169553708,3.986666666666667,-2.955012942256542,0.0015617571833063,2024,0.0270941215587409,0.0001066049187382,0.0002043519991352,0.0788594791837848,9.774708039697536e-05,0.5216729916485671,0.0303234466448634,-9.146380905287415,-8.495666565103866,-4.066205395550156,0.0001496387477798,0.7322597694817005,0.015752717892131,5.4713251355334105e-05,-0.6507143401837878,1,0,1,350.0,0.0,6925.0,4450.0,14900.0,18050.0,28625.0,29725.0,173800.0,159500.0,557475.0,253125.0,249875.0,180425.0,206050.0,143250.0,183150.0,136800.0,240800.0,141800.0,228100.0,157525.0,44900.0,95200.0,74025.0,171275.0,88150.0,224100.0,120300.0,454675.0,264525.0,708700.0,141300.0,98425.0,20600.0,35575.0,1900.0,17200.0,375.0,10975.0,0.0,100.0,0.1381033271776544,21.15,157525.0,0.1345045703019702,25.05,44900.0,0.1312243741197564,29.95,95200.0,0.1280216291827031,35.9,74025.0,0.1255946663845588,43.7,171275.0,0.1224180095350303,52.35,88150.0,0.1196687372620624,63.1,224100.0,0.1167257600592221,75.65,120300.0,0.1139887532979352,90.7,454675.0,0.1119130524397766,109.1,264525.0,0.1091829258286483,257.5,1266175.0,0.1073723524284995,102.6,253125.0,0.1053104676311866,80.2,249875.0,0.1030149413139631,60.8,180425.0,0.1010910242000732,45.0,206050.0,0.0991887288816783,32.25,143250.0,0.0976718913286136,22.55,183150.0,0.0967626169699874,15.55,136800.0,0.0978630448942894,11.3,240800.0,0.0977865776118935,7.7,141800.0,0.0993873785104189,5.6,228100.0,0.0048058274692869,-0.0038724581974616,0.0086782856667486,0.0004666846359126,0.1096496104645609,0.0104858114334141,-0.0080919016285751,0.0185777130619892,0.0011969549024195,0.1103798807310678,0.0164117405559104,-0.0115110345000346,0.0279227750559451,0.0024503530279379,0.1116332788565862,0.0220414482911081,-0.0113198809343588,0.033361329225467,0.0053607836783746,0.1145437095070229,0.0289204013490061,-0.0097955473182294,0.0387159486672355,0.0095624270153883,0.1187453528440366,0.1094799540170179,-0.0149514338222189,0.0023991587107863,0.0001633421848938,0.7111744918890905,low,4,0.02579261728535124,252,none,0920_open,500,230.75,56.75,174.0,269.25
2024-05-03,22769.6,22766.65,0.0001493320686805,0.0040135252988286,0.0010584116266864,-4.7127703109333545,-4.8670528956037575,-4.618679178905072,0.0030500968512311,566.2,521.35,474.65,430.1,386.7,343.5,304.05,264.65,228.65,195.25,164.1,135.45,109.65,87.5,67.95,51.9,38.9,28.6,20.65,14.5,10.3,14.95,18.3,22.3,27.3,33.45,41.25,50.6,61.85,75.3,91.25,110.5,131.65,156.0,184.1,214.1,248.4,286.1,324.8,367.2,411.75,454.95,2024-05-09,0.0133642256145977,0.115603743947148,4.986666666666666,21968.15,0.1141114615911218,22803.65515804159,22750,0.0171423135464231,0.013021425666462,-4.341159150004032,4.986666666666666,-5.518085296979426,0.0001493320686805,2024,-0.0014922823560262,0.0002644561047544,0.0002232173615959,0.124205858560136,-4.123874315854e-05,1.1847470235455528,-0.0100943969690142,-8.237835275997716,-8.407364545554193,-4.066205395550156,0.0001621362702415,0.7263604814712941,0.0168579320071832,6.108109135435916e-05,0.1695292695563494,0,1,0,325.0,2425.0,725.0,4925.0,3325.0,34050.0,16450.0,70050.0,75200.0,263750.0,234800.0,559850.0,201600.0,325725.0,111775.0,320300.0,110800.0,351750.0,110125.0,183800.0,137200.0,58100.0,139700.0,97050.0,148175.0,119850.0,234075.0,146900.0,255225.0,181625.0,476000.0,418100.0,515475.0,128425.0,92725.0,27725.0,97725.0,12000.0,8700.0,525.0,5050.0,25.0,0.1351359129699865,14.95,58100.0,0.132551779384638,18.3,139700.0,0.1298185350648558,22.3,97050.0,0.127289491310183,27.3,148175.0,0.1248661857936544,33.45,119850.0,0.1228737964364136,41.25,234075.0,0.1208363681307553,50.6,146900.0,0.1188709815550296,61.85,255225.0,0.1170048557706779,75.3,181625.0,0.1152629247714473,91.25,476000.0,0.1141114615911218,274.6,652900.0,0.112179240468596,131.65,515475.0,0.1104073857094324,109.65,201600.0,0.1090198662055198,87.5,325725.0,0.1072172063469292,67.95,111775.0,0.1058723148670953,51.9,320300.0,0.1047829674063477,38.9,110800.0,0.1038988923986764,28.6,351750.0,0.1032277544451194,20.65,110125.0,0.102455594916827,14.5,183800.0,0.1026027056055327,10.3,137200.0,0.0028933941795561,-0.0037040758816893,0.0065974700612454,-0.0004053408510665,0.1137061207400552,0.0067249065396335,-0.0068942552441925,0.0136191617838261,-8.467435227950404e-05,0.1140267872388423,0.0107547242025326,-0.009328494184774,0.0200832183873067,0.0007131150088792,0.114824576600001,0.015707073473734,-0.0108837071460023,0.0265907806197363,0.0024116831638658,0.1165231447549876,0.0210244513788647,-0.0115087559855891,0.0325332073644538,0.0047578476966378,0.1188693092877596,0.1119347579660681,-0.0110261868601179,0.0012241021543991,0.000166088403719,0.7040787346298744,low,5,0.02547416096175352,252,none,0920_open,500,249.35000000000002,500.0,-250.64999999999998,250.64999999999998
2024-05-10,21970.45,21958.05,-0.0008893619374745,0.0459424127346635,0.0020778086304559,-4.52550624281594,-4.262496625307651,-4.550050177447073,-0.0152956461315568,606.65,548.8,514.0,460.75,424.45,380.0,341.55,305.65,270.75,237.6,206.5,179.6,152.85,128.2,107.35,89.8,73.35,59.1,47.65,38.4,30.95,28.8,34.6,40.65,47.15,55.9,66.0,77.65,91.6,106.3,122.55,141.6,164.25,187.6,212.75,242.05,274.5,309.3,342.6,380.85,416.35,460.5,2024-05-16,0.0127383249651225,0.1128641881427519,4.986666666666666,22392.35,0.1500475173453253,22014.96678650932,21950,0.0171423135464231,0.0225142574614957,-3.793606505497264,4.986666666666666,-3.0803665638433384,0.0008893619374745,2024,0.0371833292025734,0.0002520705575108,0.0003859464606698,0.1212624514598093,0.0001338759031589,0.6531231225009598,0.0287850658855159,-8.285801519520192,-7.85981190104742,-4.066205395550156,0.0002666218203081,0.6908259240036261,0.0253341150419108,0.0001193246403616,-0.4259896184729845,1,0,1,150.0,6600.0,75.0,1150.0,1075.0,6725.0,8650.0,27050.0,24800.0,115575.0,198750.0,622625.0,235150.0,324800.0,161275.0,369825.0,124550.0,253725.0,129825.0,220600.0,108025.0,62275.0,245300.0,135175.0,375900.0,105275.0,298600.0,186400.0,514425.0,264150.0,549400.0,500800.0,1183175.0,214475.0,335925.0,78550.0,103950.0,13350.0,35550.0,9775.0,10300.0,2125.0,0.1697687145016376,28.8,62275.0,0.168340065921419,34.6,245300.0,0.1658502307343552,40.65,135175.0,0.1626634651584577,47.15,375900.0,0.1609504653594678,55.9,105275.0,0.1592190729189804,66.0,298600.0,0.1575252487001269,77.65,186400.0,0.1564501166602441,91.6,514425.0,0.1543174643618812,106.3,264150.0,0.151850410870436,122.55,549400.0,0.1500475173453253,348.1,699550.0,0.1494553871378868,164.25,1183175.0,0.1476789550861465,152.85,235150.0,0.145319093839945,128.2,324800.0,0.1442057265305392,107.35,161275.0,0.1440082378884689,89.8,369825.0,0.1427259530661117,73.35,124550.0,0.1414453330246076,59.1,253725.0,0.1410369759045328,47.65,129825.0,0.1411914572075432,38.4,220600.0,0.1417813964097065,30.95,108025.0,0.0042699470165559,-0.0023685622591787,0.0066385092757347,0.0009506923786886,0.1509982097240139,0.0074777313548016,-0.005841790814786,0.0133195221695876,0.0008179702700078,0.1508654876153331,0.0109029480141425,-0.0073215642792135,0.018224512293356,0.0017906918674644,0.1518382092127897,0.0158027133890299,-0.0090105414407924,0.0248132548298224,0.0033960859741187,0.153443603319444,0.0197211971563123,-0.0082661209356187,0.0279873180919311,0.0057275381103468,0.1557750554556721,0.1485569386081182,-0.0128414168084344,0.0025799323658466,0.0004836040245945,0.6572662937200935,middle,5,0.02579261728535124,252,none,0920_open,500,288.35,442.34999999999854,-153.99999999999852,211.64999999999998
2024-05-17,22393.25,22383.15,-0.0008703220740833,0.0548902053450249,0.0027307510354682,-3.803606397644137,-4.427071169136555,-4.416229786252426,0.008158735023739,531.85,497.6,452.95,406.3,369.15,330.3,290.8,254.95,222.0,191.4,161.35,135.3,112.3,91.15,72.8,57.9,45.05,34.4,26.45,19.6,14.65,27.1,32.1,38.25,45.7,54.25,64.45,76.55,90.75,107.1,125.95,146.95,170.45,196.8,227.1,257.7,294.3,330.65,376.75,409.35,465.5,499.0,2024-05-23,0.0072172975887712,0.0849546796166712,4.269333333333333,22951.0,0.1317532187367109,22414.414818578334,22400,0.0171423135464231,0.0173589106474835,-4.053649322439833,4.269333333333333,-2.9024203553993724,0.0008703220740833,2024,0.0467985391200396,0.000122274004652,0.0002975718891435,0.0844563582769268,0.0001752978844914,0.410905764667593,0.047296860459784,-9.009246091812493,-8.119854717989995,-4.066205395550156,0.0002105261032377,0.7074798088075857,0.0209331899242728,8.70457859057459e-05,-0.8893913738232345,1,0,1,1000.0,525.0,5150.0,1575.0,9525.0,9175.0,91700.0,17475.0,175700.0,151225.0,636325.0,176450.0,350075.0,139875.0,209100.0,114550.0,195150.0,114925.0,209075.0,119725.0,202250.0,128650.0,188000.0,374875.0,98800.0,164375.0,103825.0,300700.0,181600.0,397225.0,258150.0,687425.0,211950.0,146475.0,16425.0,56125.0,3150.0,4400.0,1375.0,2675.0,0.0,950.0,0.1531061845782732,27.1,128650.0,0.1502775815496323,32.1,188000.0,0.1477897242669844,38.25,374875.0,0.1455527341572031,45.7,98800.0,0.1430849611180606,54.25,164375.0,0.1408307364018579,64.45,103825.0,0.1388048141198424,76.55,300700.0,0.1369728544026777,90.75,181600.0,0.1351849303086453,107.1,397225.0,0.1335908953497931,125.95,258150.0,0.1317532187367109,308.29999999999995,1323750.0,0.130215566878344,135.3,176450.0,0.1290492999455028,112.3,350075.0,0.127179873117115,91.15,139875.0,0.1254355492329844,72.8,209100.0,0.1245815826523438,57.9,114550.0,0.1234115997157982,45.05,195150.0,0.1222376278372217,34.4,114925.0,0.1221206377909133,26.45,209075.0,0.1211997608609378,19.6,119725.0,0.1211627259312024,14.65,202250.0,0.0034317115719344,-0.002703918791208,0.0061356303631425,0.0003638963903631,0.132117115127074,0.0070515953831315,-0.0063176695037264,0.013369264886858,0.0003669629397025,0.1321201816764134,0.0113317423813497,-0.0083416190209126,0.0196733614022623,0.0014950616802185,0.1332482804169294,0.0160365055302735,-0.0096325809457975,0.025669086476071,0.0032019622922379,0.1349551810289488,0.0213529658415623,-0.0105904928055084,0.0319434586470708,0.0053812365180269,0.1371344552547378,0.1313307939314086,-0.0124730135508443,0.0020929688609691,0.0001719146897517,0.6813914295041114,middle,4,0.02398810269397732,252,none,0920_open,500,266.54999999999995,500.0,-233.45000000000005,233.45000000000005
2024-05-24,22960.35,22956.6,0.0012421008352227,0.0510645681323895,0.0025544205826566,-4.589420459878123,-5.294593489587827,-4.775026851329669,0.0145049337659022,592.6,546.45,505.0,462.55,419.65,380.6,340.95,305.55,269.0,238.15,206.5,177.7,151.35,128.7,107.8,88.6,72.5,59.1,47.3,37.3,30.25,34.5,40.05,46.6,54.25,62.6,72.55,83.85,97.3,112.0,129.2,148.2,169.35,193.1,220.05,250.25,280.25,313.55,350.0,388.35,430.75,461.45,2024-05-30,0.0085526377489871,0.0924804722575914,4.986666666666666,22557.1,0.1466315066572837,23008.359994660914,22950,0.0171423135464231,0.021500798744585,-3.839665193627665,4.986666666666666,-2.9746644052013966,0.0012421008352227,2024,0.0541510343996923,0.0001692426729164,0.0003685734335782,0.0993619762181099,0.0001993307606617,0.4591830487439315,0.0472695304391738,-8.684176938592218,-7.905870589177824,-4.066205395550156,0.0002556966467275,0.6937468179547693,0.0244999762789995,0.0001128767868506,-0.7783063494147293,1,0,1,200.0,14775.0,1000.0,13175.0,3250.0,27500.0,6850.0,68450.0,22850.0,229700.0,160125.0,401050.0,160950.0,181825.0,106075.0,176200.0,56025.0,107000.0,87550.0,145975.0,56825.0,29350.0,211775.0,35200.0,72075.0,29600.0,136850.0,45200.0,186400.0,76925.0,232400.0,157100.0,292575.0,80225.0,30750.0,7750.0,12425.0,500.0,4650.0,0.0,3075.0,200.0,0.1701253131344674,34.5,29350.0,0.1674791085700596,40.05,211775.0,0.1650193072101027,46.6,35200.0,0.1626820391198514,54.25,72075.0,0.1598539103455032,62.6,29600.0,0.1574238089268732,72.55,136850.0,0.1549311968375841,83.85,45200.0,0.152986621463432,97.3,186400.0,0.1505810476154567,112.0,76925.0,0.1487124199993086,129.2,232400.0,0.1466315066572837,354.7,317225.0,0.144539107634758,169.35,292575.0,0.1425945270372996,151.35,160950.0,0.141801953583295,128.7,181825.0,0.1405196144227291,107.8,106075.0,0.1386705833291468,88.6,176200.0,0.1375693445854798,72.5,56025.0,0.137046952240414,59.1,107000.0,0.1361383891221873,47.3,87550.0,0.1351729985875283,37.3,145975.0,0.1360641132202376,30.25,56825.0,0.003949540958173,-0.004036979619984,0.007986520578157,-4.3719330905522824e-05,0.1465877873263781,0.0082996901803004,-0.0061118922345545,0.0144115824148549,0.0010938989728729,0.1477254056301566,0.0132224036882195,-0.0090621620718038,0.0222845657600234,0.0020801208082078,0.1487116274654915,0.018387800552819,-0.0104931175350963,0.0288809180879154,0.0039473415088613,0.150578848166145,0.0234938064771837,-0.010567393437046,0.0340611999142297,0.0064632065200688,0.1530947131773525,0.1445180697240386,-0.0151826456197579,0.0045116919031255,0.0002326753279966,0.6502788568138971,middle,5,0.02532675381757156,252,none,0920_open,500,289.95,392.90000000000146,-102.95000000000147,210.05
2024-05-31,22594.55,22599.7,0.0011115886135551,0.0056455311871902,0.0017017896738372,-4.5557415904535485,-4.7497621107267545,-4.6971825918300985,-0.0065705261912227,754.6,720.55,685.95,652.0,617.15,588.35,553.15,521.95,493.6,465.8,437.55,411.55,385.8,360.55,337.35,314.8,293.65,273.35,254.45,236.65,220.15,219.15,232.6,247.85,263.25,279.9,297.0,315.95,335.65,355.25,376.1,399.0,421.05,445.8,472.35,497.8,525.25,555.1,584.3,614.05,648.2,684.2,2024-06-06,0.1718916926448785,0.4145982303928449,4.986666666666666,22849.05,0.3541848193830348,22638.589670569098,22600,0.0171423135464231,0.125446886281393,-2.075872826873169,4.986666666666666,-5.176890987102428,0.0011115886135551,2024,-0.06041341100981,0.003401454658687,0.0021504498580581,0.4454486282641447,-0.0012510048006288,1.581740976633867,-0.0912638088811099,-5.683552098067497,-6.142078222423326,-4.066205395550156,0.0012692887320315,0.5902433517690836,0.0820741973416957,0.0008811611260265,0.458526124355834,0,1,0,2450.0,175.0,2350.0,300.0,4600.0,3225.0,34100.0,17525.0,112100.0,82775.0,244550.0,106775.0,134325.0,28550.0,46400.0,17175.0,34425.0,18425.0,288225.0,30650.0,44600.0,22125.0,7075.0,42900.0,9000.0,28350.0,21625.0,77800.0,26025.0,138475.0,76850.0,260800.0,83750.0,93250.0,23225.0,21825.0,9250.0,7150.0,2425.0,37225.0,1225.0,8950.0,0.3739564409058079,219.15,22125.0,0.3711595338123654,232.6,7075.0,0.3693647496077263,247.85,42900.0,0.3669889658666163,263.25,9000.0,0.3650264649404755,279.9,28350.0,0.3627303761277655,297.0,21625.0,0.3613161586646514,315.95,77800.0,0.3597862840149564,335.65,26025.0,0.3574018939722253,355.25,138475.0,0.3553153911037721,376.1,76850.0,0.3541848193830348,836.55,505350.0,0.3531438279347462,411.55,106775.0,0.3515105437985176,385.8,134325.0,0.3494890408421427,360.55,28550.0,0.3483914212370766,337.35,46400.0,0.347027698105977,314.8,17175.0,0.3460439019543894,293.65,34425.0,0.3449724456268883,273.35,18425.0,0.3443078328301238,254.45,288225.0,0.3438071717110754,236.65,30650.0,0.3436789534670016,220.15,44600.0,0.0032170745891905,-0.0026742755845172,0.0058913501737077,0.0002713995023366,0.3544562188853715,0.0071313392816165,-0.0057933981459581,0.0129247374275747,0.0006689705678292,0.354853789950864,0.0108416455574407,-0.0081409174286454,0.0189825629860861,0.0013503640643976,0.3555351834474324,0.0151799302246914,-0.009876986552911,0.0250569167776025,0.0026514718358902,0.356836291218925,0.0197716215227731,-0.0105058659160331,0.0302774874388063,0.0046328778033699,0.3588176971864047,0.3530532110018481,-0.0322280355591704,0.0137606846038424,0.00029006412276,0.48453560515260663,high,5,0.0256911710001246,252,none,0920_open,500,397.25,249.04999999999927,148.20000000000073,102.75
2024-06-14,23417.15,23409.2,-0.0021458902759371,0.0478106670399053,0.0024768172044847,-4.4147962156629985,-4.451800566786366,-4.258346670231683,0.0038944335768799,525.2,478.1,434.0,390.65,347.1,306.3,268.65,231.45,197.0,165.9,137.0,111.7,89.3,70.3,54.45,41.95,31.7,23.7,17.4,12.65,9.4,16.9,20.95,25.75,31.5,38.15,47.0,57.65,70.85,86.65,105.25,126.1,150.75,178.8,209.5,243.55,281.0,322.0,364.55,408.15,454.0,499.3,2024-06-20,0.0084245018549792,0.0917850851444787,3.986666666666667,23579.15,0.1076568868705217,23410.911216840548,23400,0.0171423135464231,0.0115900052906523,-4.457612165146342,3.986666666666667,-3.0405065045505215,0.0021458902759371,2024,0.015871801726043,0.0001332765108274,0.000198679504697,0.088174314094454,6.540299386961559e-05,0.6708115717857335,0.0194825727760676,-8.923084559154265,-8.5238175606965,-4.066205395550156,0.0001458606650484,0.7341505369204868,0.015413683288666,5.281883964861815e-05,-0.3992669984578064,1,0,1,800.0,200.0,43225.0,325.0,2450.0,2475.0,20100.0,17775.0,76050.0,69800.0,557225.0,305650.0,314075.0,101375.0,222200.0,92150.0,140600.0,55650.0,113150.0,50400.0,139900.0,101900.0,40850.0,128975.0,57075.0,144975.0,86750.0,132750.0,244550.0,232550.0,227600.0,590500.0,228900.0,191000.0,30125.0,30775.0,13650.0,6875.0,50.0,1250.0,500.0,600.0,0.1277378948852508,16.9,101900.0,0.1255760153407381,20.95,40850.0,0.1231713683661461,25.75,128975.0,0.1206362392836612,31.5,57075.0,0.1177113441847739,38.15,144975.0,0.1156726182185444,47.0,86750.0,0.113642767520685,57.65,132750.0,0.1120646160174631,70.85,244550.0,0.1106705011678837,86.65,232550.0,0.1094072031222617,105.25,227600.0,0.1076568868705217,263.1,1147725.0,0.1065736076416246,111.7,305650.0,0.105354503770908,89.3,314075.0,0.1044336727561242,70.3,101375.0,0.1037165956416899,54.45,222200.0,0.1036690463108359,41.95,92150.0,0.1035092531969598,31.7,140600.0,0.1035897884852619,23.7,55650.0,0.1036146740575371,17.4,113150.0,0.1038277541299817,12.65,50400.0,0.1049152299807246,9.4,139900.0,0.003013614297362,-0.0023023830996136,0.0053159973969756,0.0003556155988741,0.1080125024693959,0.0059858806501633,-0.0039402912288317,0.009926171878995,0.0010227947106658,0.1086796815811875,0.0100544573142522,-0.0041476336735618,0.0142020909878141,0.0029534118203451,0.1106102986908668,0.0155144814956244,-0.0040422128129846,0.019556694308609,0.0057361343413199,0.1133930212118416,0.0200810080147291,-0.002741656889797,0.0228226649045262,0.008669675562466,0.1163265624329877,0.1074207276473436,-0.0077722428143435,0.0033441947279724,0.0002276944550443,0.7149162677546284,low,4,0.025136393505020938,252,none,0920_open,500,236.8,179.15000000000146,57.649999999998556,263.2
2024-06-21,23614.1,23609.3,-0.0019608450001797,0.094850592615768,0.0030659813681232,-4.376601372256817,-4.797137001662289,-4.230325307149314,0.0024522018931402,518.6,474.2,428.4,389.45,345.85,306.3,269.75,234.0,198.95,168.35,140.4,115.0,92.15,72.75,56.25,43.25,32.75,24.55,18.3,13.35,10.1,22.05,26.65,32.15,38.65,46.6,56.65,68.6,82.7,97.75,116.45,138.95,164.1,190.45,221.5,256.0,292.9,330.95,368.0,417.7,499.75,500.0,2024-06-27,0.0099460709314586,0.0997299901306454,4.986666666666666,24036.1,0.113421527975217,23601.451492148513,23600,0.0171423135464231,0.0128644430082329,-4.353288129309442,4.986666666666666,-2.35545233469477,0.0019608450001797,2024,0.0136915378445715,0.0001968164300722,0.0002205263156472,0.1071509332261233,2.3709885574969245e-05,0.8924850056766082,0.0062705947490936,-8.533239090691415,-8.4194935248596,-4.066205395550156,0.0001603596734769,0.727167970889766,0.0167022903907335,6.016664217023464e-05,-0.1137455658319809,1,0,0,5475.0,1400.0,5250.0,1225.0,11600.0,11400.0,44975.0,37575.0,206350.0,192450.0,622175.0,344875.0,326675.0,157300.0,355975.0,157050.0,384425.0,91850.0,322950.0,113625.0,132500.0,116025.0,72650.0,323725.0,84800.0,224500.0,120750.0,234975.0,178475.0,503175.0,330800.0,700075.0,254625.0,225075.0,53125.0,48150.0,5750.0,11250.0,400.0,13225.0,0.0,550.0,0.1343505799730495,22.05,116025.0,0.1318526835633333,26.65,72650.0,0.1293178291264651,32.15,323725.0,0.1266741432293882,38.65,84800.0,0.1242433033287762,46.6,224500.0,0.1224196886908817,56.65,120750.0,0.1206619904854568,68.6,234975.0,0.1189781283695453,82.7,178475.0,0.1161538124872804,97.75,503175.0,0.1143413746463872,116.45,330800.0,0.113421527975217,279.35,1322250.0,0.1118578807219359,115.0,344875.0,0.1099866212455515,92.15,326675.0,0.108540139298952,72.75,157300.0,0.1071163539148816,56.25,355975.0,0.1064989045349687,43.25,157050.0,0.1060330174063326,32.75,384425.0,0.1058719276674861,24.55,91850.0,0.1060622130419117,18.3,322950.0,0.1060639963301249,13.35,113625.0,0.1073443882283222,10.1,132500.0,0.0027322845120634,-0.0034349067296654,0.0061671912417288,-0.000351311108801,0.113070216866416,0.0072404625102397,-0.0063051740603353,0.0135456365705751,0.0004676442249522,0.1138891722001692,0.0108217753535592,-0.0073885105688843,0.0182102859224436,0.0017166323923374,0.1151381603675544,0.0158963011512481,-0.0073593149333052,0.0232556160845534,0.0042684931089714,0.1176900210841884,0.0209290519978325,-0.0060771397468947,0.0270061917447273,0.0074259561254688,0.1208474841006859,0.1130362462040422,-0.0110943765990921,0.0026661864324384,0.0003635081279724,0.7194992724173683,low,5,0.025096655141311718,252,none,0920_open,500,247.2,436.09999999999854,-188.89999999999856,252.8
2024-06-28,24110.15,24100.25,0.0011452263790765,0.0449332516458388,0.0025404238463883,-4.395772846330025,-4.673163440078892,-4.1822869988754645,0.008181538169708,554.75,516.85,466.3,423.8,383.7,346.0,307.05,270.5,235.65,204.45,174.7,148.05,122.4,100.9,82.3,65.7,51.6,39.85,30.65,23.3,17.25,36.4,41.95,48.7,56.0,65.7,76.0,87.0,100.7,117.8,136.0,154.3,177.35,204.65,232.3,260.5,297.0,332.9,370.0,411.0,452.3,498.65,2024-07-04,0.0074829042340491,0.0865037816170434,4.986666666666666,24304.65,0.1305989705866636,24120.42099298598,24100,0.0171423135464231,0.0170560911182962,-4.071247888711365,4.986666666666666,-3.1025771871446386,0.0011452263790765,2024,0.0440951889696201,0.0001480744012452,0.0002923808618261,0.0929405579576685,0.0001443064605809,0.5064435487341388,0.037658412628995,-8.817795699400813,-8.137453284261523,-4.066205395550156,0.0002071872971609,0.7086212683924387,0.0206612203728991,8.519356466524255e-05,-0.6803424151389936,1,0,1,1250.0,1625.0,6600.0,1850.0,15175.0,6325.0,55775.0,31000.0,241075.0,170575.0,528950.0,249750.0,381900.0,170275.0,351575.0,111100.0,316950.0,101725.0,410400.0,163350.0,284275.0,268300.0,50875.0,118875.0,251775.0,189450.0,77750.0,202325.0,132550.0,559750.0,163500.0,423050.0,120625.0,144250.0,31025.0,39300.0,5500.0,10625.0,775.0,8450.0,200.0,625.0,0.1571636102520006,36.4,268300.0,0.1540898879715836,41.95,50875.0,0.1514156142283693,48.7,118875.0,0.1481959401394077,56.0,251775.0,0.1462914048215807,65.7,189450.0,0.1435777215605705,76.0,77750.0,0.1401394717520461,87.0,202325.0,0.1376522587283231,100.7,132550.0,0.1364225522441447,117.8,559750.0,0.134354221357871,136.0,163500.0,0.1305989705866636,329.0,952000.0,0.1289534817056561,148.05,249750.0,0.1261225299546092,122.4,381900.0,0.1245825682203257,100.9,170275.0,0.1233699469627182,82.3,351575.0,0.1217483786247758,65.7,111100.0,0.1202247561143227,51.6,316950.0,0.1188076284595436,39.85,101725.0,0.1180280173618487,30.65,410400.0,0.1174349823600059,23.3,163350.0,0.1165281633861049,17.25,284275.0,0.0058235816574811,-0.0044764406320543,0.0103000222895354,0.0006735705127133,0.1312725410993769,0.0095405011653825,-0.0072290236239453,0.0167695247893279,0.0011557387707186,0.1317547093573822,0.0156924342349171,-0.0103742144723408,0.0260666487072579,0.0026591098812881,0.1332580804679517,0.0208166436417057,-0.0125709532248148,0.0333875968665206,0.0041228452084454,0.134721815795109,0.026564639665337,-0.0140708072005586,0.0406354468658956,0.0062469162323892,0.1368458868190528,0.1301229594108968,-0.0175995561659516,0.0039441642112277,0.0005123106348064,0.7071767496912629,middle,5,0.025136393505020938,252,none,0920_open,500,275.35,204.65000000000146,70.69999999999857,224.64999999999998
2024-07-05,24202.45,24192.45,-0.000547352432545,0.0728294405631336,0.0027847774708758,-5.1642143641820475,-4.889143722928627,-4.35675538667762,0.0005700122285113,529.7,480.65,436.8,392.85,352.5,311.15,272.3,236.55,201.95,170.9,142.0,116.9,95.0,75.7,58.65,45.25,34.5,26.05,19.6,14.7,11.15,16.5,20.7,25.65,31.65,39.45,49.0,60.45,73.7,89.75,108.75,130.9,155.2,182.55,213.65,246.9,282.4,321.5,361.4,406.8,453.95,499.0,2024-07-11,0.0065301867231375,0.0808095707397181,4.986666666666666,24338.5,0.1079779673789283,24211.111422654136,24200,0.0171423135464231,0.0116592414392849,-4.451656156841169,4.986666666666666,-2.6196350021887405,0.000547352432545,2024,0.0271683966392101,0.0001292216843626,0.0001998663724656,0.0868226388774355,7.064468810305603e-05,0.6465403998104288,0.0211553285014927,-8.95398114507464,-8.517861552391327,-4.066205395550156,0.000146651969508,0.7337500936191513,0.0154848892724906,5.321440295766476e-05,-0.4361195926830737,1,0,1,1450.0,75.0,19125.0,975.0,4800.0,1500.0,37825.0,9550.0,75750.0,88775.0,594975.0,322575.0,523150.0,185500.0,424050.0,186425.0,274725.0,152425.0,169625.0,179175.0,189800.0,162200.0,110750.0,176825.0,105600.0,320825.0,108575.0,440625.0,256500.0,428225.0,396200.0,1135200.0,336275.0,446200.0,114175.0,128025.0,9850.0,63350.0,2075.0,8425.0,1475.0,1000.0,0.1227383971542467,16.5,162200.0,0.1210072049677485,20.7,110750.0,0.118959484140043,25.65,176825.0,0.1168554445439882,31.65,105600.0,0.1153425935513331,39.45,320825.0,0.1139602615941999,49.0,108575.0,0.1125898548218466,60.45,440625.0,0.1109274322905108,73.7,256500.0,0.1096592201628902,89.75,428225.0,0.1086752942907181,108.75,396200.0,0.1079779673789283,272.9,1730175.0,0.1071234096706448,116.9,322575.0,0.1064843884627059,95.0,523150.0,0.1055962288723738,75.7,185500.0,0.1041705513819374,58.65,424050.0,0.1036202850422917,45.25,186425.0,0.1033419718185375,34.5,274725.0,0.1033346139787157,26.05,152425.0,0.1037045556089916,19.6,169625.0,0.1043424689476792,14.7,179175.0,0.1055237969037322,11.15,189800.0,0.0016812527839619,-0.0014935789162223,0.0031748317001843,9.383693386980084e-05,0.1080718043127981,0.0046118874429183,-0.0038074159969908,0.0084193034399092,0.0004022357229637,0.108380203101892,0.0073646261724048,-0.0046359955603907,0.0120006217327956,0.001364315306007,0.1093422826849353,0.0109815167611147,-0.0042734117699366,0.0152549285310513,0.003354052495589,0.1113320198745173,0.0147604297753184,-0.002454170475196,0.0172146002505145,0.0061531296500612,0.1141310970289895,0.1076635283432798,-0.0066880691874112,0.0017516022493598,0.0002567738891193,0.7328027037925694,low,5,0.02517613186873016,252,none,0920_open,500,245.25,138.5,106.75,254.75
2024-07-12,24354.6,24347.65,-0.0013540115307252,0.0159333535865799,0.0018662253485994,-4.809619590019439,-5.055668872342738,-4.862145663366089,0.0010729504491759,538.35,493.55,451.25,402.25,358.8,313.95,273.7,237.05,199.8,167.6,137.85,111.05,88.1,68.55,51.85,38.75,29.0,20.85,14.9,10.55,7.55,9.65,12.55,16.1,21.1,26.55,33.55,42.65,54.8,69.0,85.8,106.15,130.1,157.45,187.25,220.25,258.95,297.85,340.2,382.65,426.75,475.5,2024-07-18,0.0078275424517784,0.0884733996847552,3.986666666666667,24779.35,0.0954404688608251,24381.732621453702,24350,0.0171423135464231,0.0091088830963741,-4.698505177161284,3.986666666666667,-4.139340657029377,0.0013540115307252,2024,0.0069670691760698,0.0001238325498985,0.0001561473300957,0.0849929083851487,3.2314780197253295e-05,0.793049422123093,0.0104475604756763,-8.99658030902079,-8.764710572711444,-4.066205395550156,0.0001171934285011,0.750531106931293,0.0127573380950552,3.8953901594622776e-05,-0.2318697363090113,1,0,0,175.0,1300.0,325.0,12250.0,600.0,10875.0,8775.0,57900.0,66750.0,231075.0,353250.0,618650.0,153625.0,242725.0,192225.0,162725.0,68175.0,136275.0,93475.0,201450.0,167875.0,71800.0,98950.0,63600.0,262425.0,82450.0,171825.0,161900.0,371600.0,157375.0,432700.0,663000.0,654925.0,99900.0,136825.0,18800.0,29950.0,4925.0,7525.0,575.0,3025.0,225.0,0.1104598584681919,9.65,71800.0,0.1087550039354898,12.55,98950.0,0.1067781468066041,16.1,63600.0,0.1055799170907303,21.1,262425.0,0.1032392176419408,26.55,82450.0,0.1011480452715119,33.55,171825.0,0.0995026840121689,42.65,161900.0,0.0987699107597952,54.8,371600.0,0.0976011127798501,69.0,157375.0,0.0963030247118031,85.8,432700.0,0.0954404688608251,244.0,1016250.0,0.0942519160056641,111.05,618650.0,0.093489215719526,88.1,153625.0,0.0928100010757937,68.55,242725.0,0.0918236801335659,51.85,192225.0,0.0913979325515591,38.75,162725.0,0.0917986562070691,29.0,68175.0,0.0914898017665349,20.85,136275.0,0.0916203369597541,14.9,93475.0,0.0919712967544004,10.55,201450.0,0.0928657418369248,7.55,167875.0,0.002160643919025,-0.001951253141299,0.0041118970603241,0.0001046953888629,0.095545164249688,0.0040622151513438,-0.0036167887272591,0.0076790038786029,0.0002227132120423,0.0956631820728674,0.0077987487811157,-0.0036418126537559,0.0114405614348716,0.0020784680636798,0.097518936924505,0.011337677945779,-0.0038201319010709,0.01515780984685,0.003758773022354,0.0991992418831791,0.0150193896073668,-0.0025747270239002,0.017594116631267,0.0062223312917332,0.1016628001525583,0.0946125195853824,-0.0054632684671188,0.0019838286248752,0.000269036855008,0.7521687728406256,low,4,0.025096655141311718,252,none,0920_open,500,226.79999999999998,429.34999999999854,-202.54999999999856,273.20000000000005
2024-07-19,24742.25,24738.55,-0.0045064644969787,0.2043526039627735,0.0046459465842839,-4.45483173146555,-4.917932269852959,-4.8582948294217685,0.0072194876398807,590.2,540.05,503.4,462.0,425.7,388.0,355.3,320.95,288.95,259.65,231.6,205.0,180.75,158.45,137.65,118.25,101.4,85.95,72.6,60.75,50.3,71.2,79.05,88.95,101.15,113.4,127.25,142.75,159.55,177.75,198.15,219.45,243.8,269.0,296.55,325.2,356.25,386.7,422.95,457.4,494.9,536.65,2024-07-25,0.0215063343769932,0.1466503814416903,4.986666666666666,24415.0,0.1745515936727052,24762.16250317547,24750,0.0171423135464231,0.0304682588536811,-3.4910698305879926,4.986666666666666,-1.5879083263920466,0.0045064644969787,2024,0.0279012122310148,0.0004255750823807,0.0005222964464833,0.1575626871000311,9.67213641026711e-05,0.8148151978557482,0.016988906572674,-7.762069168688585,-7.557275226138152,-4.066205395550156,0.000350953613561,0.6719433301222655,0.0314679002720605,0.0001713428329223,-0.2047939425503018,1,0,0,1050.0,7450.0,3550.0,15850.0,5075.0,57775.0,23250.0,93175.0,51850.0,185675.0,239775.0,388000.0,139200.0,181350.0,109725.0,307450.0,81150.0,264700.0,63200.0,149700.0,88425.0,46175.0,101300.0,43575.0,132200.0,83450.0,272900.0,66775.0,235500.0,126550.0,474175.0,430600.0,513375.0,102075.0,112150.0,29625.0,71975.0,17425.0,13925.0,6525.0,8775.0,5850.0,0.1933649873650915,71.2,46175.0,0.1901114981762323,79.05,101300.0,0.188009875973573,88.95,43575.0,0.1870377461716658,101.15,132200.0,0.1849528678925481,113.4,83450.0,0.1831494935216585,127.25,272900.0,0.181565413148278,142.75,66775.0,0.1798317881130347,159.55,235500.0,0.177977126637015,177.75,126550.0,0.1765733101423114,198.15,474175.0,0.1745515936727052,451.0499999999999,670375.0,0.1727650049643253,205.0,388000.0,0.1714144379135477,180.75,139200.0,0.1701788368524892,158.45,181350.0,0.1686963504793051,137.65,109725.0,0.166867978177351,118.25,307450.0,0.1656863543949505,101.4,81150.0,0.1642131432851483,85.95,264700.0,0.1631524483030965,72.6,63200.0,0.1620309355230697,60.75,149700.0,0.1608202216950164,50.3,88425.0,0.0034255329643098,-0.0031371557591574,0.0065626887234672,0.0001441886025761,0.1746957822752813,0.0070138194755728,-0.0058552431934,0.0128690626689728,0.0005792881410863,0.1751308818137915,0.0104012742198429,-0.0088652392777547,0.0192665134975976,0.0007680174710441,0.1753196111437493,0.0134582823008678,-0.0113991453696086,0.0248574276704764,0.0010295684656295,0.1755811621383348,0.0188133936923863,-0.0137313719776887,0.0325447656700751,0.0025410108573487,0.177092604530054,0.1742978511264812,-0.0181987682110515,0.0020691842356799,0.0001640185127059,0.6620014347728513,high,5,0.025136393505020938,252,none,0920_open,500,329.54999999999995,335.0,-5.4500000000000455,170.45000000000005
2024-07-26,24463.95,24464.1,0.0018040368714737,0.0395118853848129,0.0025588512637983,-3.877839737915325,-4.059568919070565,-4.745998263235483,-0.001101175175593,531.15,487.9,444.85,401.8,360.5,320.05,282.15,245.8,211.75,180.45,151.9,125.4,102.2,82.25,64.85,50.55,38.95,29.45,22.35,16.55,12.6,24.3,29.25,35.1,42.0,50.35,59.65,71.7,86.2,102.0,119.55,140.45,163.7,189.95,221.6,254.25,290.1,328.65,365.25,417.8,457.7,500.9,2024-08-01,0.0080373185029424,0.0896510931497347,4.986666666666666,25006.0,0.1144949276863438,24461.461782827915,24450,0.0171423135464231,0.0131090884659011,-4.334449513303379,4.986666666666666,-3.23115375651708,0.0018040368714737,2024,0.0248438345366091,0.0001590453502698,0.0002247201047902,0.096322062031212,6.56747545204098e-05,0.7077486476712792,0.0181728656551317,-8.746321174589001,-8.400654908853536,-4.066205395550156,0.00016312750863,0.7259141712413018,0.0169445658753617,6.159259616018411e-05,-0.3456662657355425,1,0,0,125.0,9000.0,2800.0,2950.0,2175.0,34725.0,15225.0,97300.0,42225.0,381275.0,313650.0,425150.0,115250.0,214925.0,86075.0,263925.0,77925.0,149100.0,91050.0,98050.0,78675.0,37125.0,159075.0,29425.0,78375.0,81875.0,254325.0,77325.0,149700.0,82550.0,324850.0,261575.0,179550.0,30200.0,44200.0,7275.0,20375.0,1525.0,4900.0,2000.0,700.0,25.0,0.1351622944995582,24.3,37125.0,0.132951001908024,29.25,159075.0,0.1306754693479163,35.1,29425.0,0.1283447870042982,42.0,78375.0,0.1262128241172549,50.35,81875.0,0.1235524922705408,59.65,254325.0,0.1219299092918432,71.7,77325.0,0.1207086298668608,86.2,149700.0,0.1187275938310812,102.0,82550.0,0.1162803166496686,119.55,324850.0,0.1144949276863438,292.35,575225.0,0.1125981280329071,125.4,425150.0,0.1111021568939078,102.2,115250.0,0.1099673157864783,82.25,214925.0,0.1086601878202564,64.85,86075.0,0.107781349424851,50.55,263925.0,0.107212749000208,38.95,77925.0,0.106601246400486,29.45,149100.0,0.1067290355398106,22.35,91050.0,0.1065425370460421,16.55,98050.0,0.1075053631857178,12.6,78675.0,0.0042326661447374,-0.0033927707924359,0.0076254369371734,0.0004199476761507,0.1149148753624945,0.0074349816054994,-0.0058347398660873,0.0132697214715868,0.000800120869706,0.1152950485560498,0.0117178964309111,-0.0072821786861357,0.0190000751170469,0.0022178588723876,0.1167127865587314,0.0161805416615725,-0.0077658921465331,0.0239464338081057,0.0042073247575196,0.1187022524438634,0.0206673668132144,-0.0069895645006259,0.0276569313138404,0.0068389011562942,0.121333828842638,0.1141792592010913,-0.0117649965810841,0.0028862325026126,0.0003946513137457,0.7177927144407793,low,5,0.02493722331332684,252,none,0920_open,500,255.45,500.0,-244.55,244.55
2024-08-02,24829.9,24832.8,0.0016264147797969,0.0252268341207826,0.0034132235731919,-5.407841318856089,-4.909327422182703,-4.748754476089524,0.001068314185946,495.85,455.0,414.5,372.9,332.6,295.1,261.75,226.55,194.95,167.3,140.45,116.35,95.7,78.1,63.15,50.35,39.95,31.7,24.7,19.15,15.1,32.35,38.5,46.15,54.9,65.3,76.85,91.05,108.7,127.25,147.2,170.85,198.25,228.2,258.6,293.85,332.3,372.55,412.5,456.45,501.8,547.9,2024-08-08,0.040286351542592,0.2007146022156634,4.986666666666666,24098.7,0.1197488759332865,24819.568716334616,24850,0.0171423135464231,0.0143397932872856,-4.244716859027137,4.986666666666666,-3.67984700494837,0.0016264147797969,2024,-0.0809657262823768,0.0007972008188851,0.0002458172327215,0.2156498452606365,-0.0005513835861636,3.2430631899115365,-0.09590096932735,-7.134403942424514,-8.310922254577298,-4.066205395550156,0.000176981437243,0.7199716443132709,0.0181405861525829,6.883579547847571e-05,1.1765183121528913,0,1,0,275.0,4700.0,1800.0,24275.0,5525.0,34550.0,19450.0,121725.0,162300.0,748200.0,445750.0,456375.0,168775.0,667125.0,144650.0,351150.0,104750.0,254450.0,231450.0,285725.0,114350.0,39550.0,122200.0,74100.0,373500.0,58500.0,319425.0,71375.0,376875.0,166150.0,502575.0,234050.0,261950.0,50200.0,146875.0,29475.0,48625.0,5425.0,12075.0,1875.0,4875.0,100.0,0.1369490839197243,32.35,39550.0,0.1347389074594688,38.5,122200.0,0.1329930033319517,46.15,74100.0,0.1310133853219947,54.9,373500.0,0.1292127548285232,65.3,58500.0,0.1269443232201384,76.85,319425.0,0.1253963004256313,91.05,71375.0,0.1249609284430447,108.7,376875.0,0.1234084297790973,127.25,166150.0,0.121108654382931,147.2,502575.0,0.1197488759332865,311.29999999999995,679800.0,0.118091579421706,116.35,456375.0,0.1170997762284296,95.7,168775.0,0.1165354505190006,78.1,667125.0,0.1161995403825084,63.15,144650.0,0.1157938198286162,50.35,351150.0,0.1157760722884848,39.95,104750.0,0.1162298610038048,31.7,254450.0,0.116360660138656,24.7,231450.0,0.116688670053129,19.15,285725.0,0.1178021805263998,15.1,114350.0,0.0036595538458108,-0.0026490997048568,0.0063086535506677,0.000505227070477,0.1202541030037635,0.0056474244923448,-0.003549335550778,0.0091967600431229,0.0010490444707833,0.1207979204040698,0.0094638788952367,-0.0039728036448016,0.0134366825400383,0.0027455376252175,0.122494413558504,0.0132441273986651,-0.0033882157946304,0.0166323431932956,0.0049279558020173,0.1246768317353038,0.0172002079864378,-0.0019466954068866,0.0191469033933244,0.0076267562897755,0.127375632223062,0.1205236698963878,-0.0098088269636869,0.0042962374185382,0.0005183884637577,0.7141898615016952,low,5,0.025017018956177278,252,none,0920_open,500,263.8499999999999,500.0,-236.1500000000001,236.1500000000001
2024-08-16,24342.4,24355.7,0.0003102225678789,0.0087841806752034,0.0017356546601814,-5.367594666405536,-4.408799534904532,-4.308983697506448,0.000136686431185,544.0,500.5,457.5,415.0,374.15,331.8,293.7,257.2,223.95,192.25,162.75,134.75,111.4,90.45,72.25,56.7,43.8,33.3,25.0,18.65,13.65,22.15,26.65,32.25,38.85,46.75,56.25,67.75,81.15,96.85,115.25,136.1,158.85,184.95,214.15,245.65,279.9,316.45,357.0,401.1,443.4,461.0,2024-08-22,0.0056275764523907,0.0750171743828752,4.986666666666666,24810.9,0.1172437311528844,24376.677424660607,24350,0.0171423135464231,0.0137460924946498,-4.287000677464255,4.986666666666666,-4.73480282575579,0.0003102225678789,2024,0.0422265567700092,0.0001113605075764,0.0002356398275814,0.0805992283021586,0.000124279320005,0.4725877994369622,0.0366445028507257,-9.102737803410744,-8.353206073014416,-4.066205395550156,0.0001703124076601,0.7227657964625654,0.017568230200325,6.532741992123343e-05,-0.749531730396321,1,0,1,575.0,1100.0,1400.0,62450.0,8325.0,73275.0,77350.0,217525.0,121350.0,954450.0,541125.0,567150.0,321950.0,782475.0,158300.0,323225.0,125375.0,295400.0,120350.0,264125.0,110275.0,76075.0,214600.0,59850.0,319600.0,118600.0,395675.0,102175.0,270600.0,119950.0,499700.0,313300.0,285600.0,47725.0,77450.0,19925.0,19025.0,2075.0,14075.0,225.0,12975.0,0.0,0.1349404743964594,22.15,76075.0,0.1325878878748637,26.65,214600.0,0.1305355038437757,32.25,59850.0,0.1283849529344744,38.85,319600.0,0.1263031094199992,46.75,118600.0,0.1243838607494462,56.25,395675.0,0.1227742799469025,67.75,102175.0,0.1211436821182603,81.15,270600.0,0.1196602361016978,96.85,119950.0,0.1184750960180928,115.25,499700.0,0.1172437311528844,298.85,854425.0,0.1148114362030696,134.75,567150.0,0.1138988282521413,111.4,321950.0,0.1127117381998744,90.45,782475.0,0.1115494370449124,72.25,158300.0,0.1104004374662474,56.7,323225.0,0.1094125311677396,43.8,125375.0,0.1085704685830332,33.3,295400.0,0.1079773014006071,25.0,120350.0,0.1077656346656089,18.65,264125.0,0.1074808323276732,13.65,110275.0,0.0024165049488134,-0.003344902900743,0.0057614078495565,-0.0004641989759648,0.1167795321769196,0.0055305487940181,-0.0056942941079719,0.01122484290199,-8.187265697688628e-05,0.1171618584959075,0.0090593782671147,-0.0078311999851448,0.0168905782522596,0.0006140891409849,0.1178578202938694,0.0132917726908913,-0.0092664297522772,0.0225582024431685,0.002012671469307,0.1192564026221914,0.017696743243575,-0.0097628988252111,0.0274596420687861,0.0039669222091819,0.1212106533620663,0.1159873565212794,-0.0103114874520953,0.0015370041079186,0.0002331740697204,0.7272747450000588,low,5,0.02489732549190162,252,none,0920_open,500,263.05000000000007,460.90000000000146,-197.8500000000014,236.94999999999993
2024-08-23,24805.15,24800.3,-0.0016294104374422,0.0368955329276887,0.0026607377903378,-5.796611085952613,-5.1260119805327395,-4.355043075495069,0.0011695247417159,539.35,492.45,446.75,403.7,360.95,321.35,280.5,243.95,208.7,177.3,147.7,121.6,98.45,78.55,61.35,47.45,35.75,27.0,19.85,14.6,10.7,17.9,21.45,26.0,31.65,39.05,47.65,58.4,70.7,86.15,104.9,125.3,149.1,176.25,206.05,239.0,274.0,313.55,354.0,397.0,440.6,490.8,2024-08-29,0.0052861141324979,0.0727056678155007,4.986666666666666,25156.75,0.1052099195552863,24822.42305112186,24800,0.0171423135464231,0.0110691271728298,-4.503595381546283,4.986666666666666,-3.299664794134096,0.0016294104374422,2024,0.0325042517397855,0.0001046035283362,0.0001897504486818,0.0781157217307847,8.514692034567851e-05,0.5512689380332972,0.0270941978245015,-9.165333275198702,-8.569800777096441,-4.066205395550156,0.0001398934263411,0.7372495154182682,0.0148732789033783,4.985702234076508e-05,-0.5955324981018557,1,0,1,950.0,900.0,2625.0,4175.0,24200.0,10450.0,47475.0,34250.0,141000.0,78125.0,587500.0,334950.0,325375.0,119225.0,287300.0,119375.0,177900.0,94825.0,230525.0,98500.0,184425.0,120800.0,37575.0,79650.0,57425.0,172825.0,110725.0,194450.0,78200.0,284450.0,155725.0,699525.0,231225.0,146275.0,46675.0,65125.0,13200.0,13350.0,5575.0,6375.0,75.0,1575.0,0.1242843540137748,17.9,120800.0,0.1213150675807183,21.45,37575.0,0.1187162158282786,26.0,79650.0,0.1162972527178298,31.65,57425.0,0.1145298956172866,39.05,172825.0,0.1124399784321419,47.65,110725.0,0.1107830096698183,58.4,194450.0,0.1087210973620876,70.7,78200.0,0.1074385071131514,86.15,284450.0,0.1067553873070844,104.9,155725.0,0.1052099195552863,273.0,1287025.0,0.104116283053038,121.6,334950.0,0.1030181696329811,98.45,325375.0,0.1021509368938209,78.55,119225.0,0.1011227093519869,61.35,287300.0,0.1006045667952866,47.45,119375.0,0.0997859924402639,35.75,177900.0,0.0998007369766907,27.0,94825.0,0.0994901143762644,19.85,230525.0,0.0996983986179406,14.6,98500.0,0.1001705012172771,10.7,184425.0,0.0022285875578651,-0.0021917499223051,0.0044203374801702,1.8418817779988772e-05,0.1052283383730662,0.005573090114532,-0.0040872102032993,0.0096603003178313,0.0007429399556163,0.1059528595109026,0.0093199760620003,-0.0054239271150223,0.0147439031770226,0.001948024473489,0.1071579440287753,0.0135062962729923,-0.0057198051790218,0.0192261014520142,0.0038932455469852,0.1091031651022715,0.0190744344584885,-0.0050394183380091,0.0241138527964976,0.0070175080602397,0.112227427615526,0.1046110881349255,-0.0078187730043555,0.0024891933133645,0.0002148423709609,0.7319283220711917,low,5,0.025017018956177278,252,none,0920_open,500,244.4,356.75,-112.35,255.6
2024-08-30,25239.6,25226.85,-0.0003901488140551,0.0030319009607394,0.0013292913219702,-4.428005431808154,-5.384225308447357,-4.663711983341395,0.0044580326254742,527.85,473.75,430.05,384.75,343.0,305.35,266.45,227.6,194.1,162.85,134.85,108.75,86.9,68.15,52.55,38.7,27.95,20.55,14.55,10.1,7.5,18.05,21.9,26.8,32.5,39.95,50.05,61.45,73.8,90.85,110.3,132.2,156.5,183.8,216.0,248.45,283.05,322.2,367.75,410.6,453.1,496.95,2024-09-05,0.0054128684730477,0.0735721990499652,4.986666666666666,25144.8,0.1013374262773914,25252.652727030043,25250,0.0171423135464231,0.0102692739645257,-4.57859895232881,4.986666666666666,-5.7985654763992684,0.0003901488140551,2024,0.0277652272274261,0.0001071117888317,0.000176039114194,0.079046731854428,6.892732536228139e-05,0.6084544865051176,0.0222906944229633,-9.141637513442706,-8.64480434787897,-4.066205395550156,0.0001306795341843,0.7423323775664424,0.0140264043044037,4.53595800096824e-05,-0.4968331655639776,1,0,1,575.0,9025.0,1000.0,29150.0,3675.0,83600.0,25900.0,123025.0,120450.0,436500.0,470875.0,500925.0,168775.0,290325.0,115050.0,330825.0,135700.0,342225.0,218725.0,346650.0,158600.0,54250.0,126075.0,78650.0,148275.0,55650.0,257100.0,88075.0,242950.0,167975.0,531350.0,375150.0,243600.0,66675.0,63525.0,13275.0,55800.0,4175.0,7300.0,525.0,3050.0,275.0,0.1189501098416592,18.05,54250.0,0.1163104805811346,21.9,126075.0,0.1139682812608901,26.8,78650.0,0.1113123083387516,32.5,148275.0,0.1092541358301381,39.95,55650.0,0.1082818575551683,50.05,257100.0,0.1066796254379763,61.45,88075.0,0.1040845553275661,73.8,242950.0,0.103437060304598,90.85,167975.0,0.102539954805657,110.3,531350.0,0.1013374262773914,267.04999999999995,846025.0,0.0993585638480555,108.75,500925.0,0.0982939070841621,86.9,168775.0,0.0972877156404248,68.15,290325.0,0.0964829513417803,52.55,115050.0,0.094685355948513,38.7,330825.0,0.0933091056282267,27.95,135700.0,0.0933279968477422,20.55,342225.0,0.092851564520876,14.55,218725.0,0.0924672911903834,10.1,346650.0,0.0938586307189602,7.5,158600.0,0.0020996340272066,-0.0030435191932292,0.0051431532204359,-0.0004719425830113,0.10086548369438,0.0053421991605849,-0.0048544749356111,0.010196674096196,0.0002438621124869,0.1015812883898783,0.0079167095527467,-0.0080283206491646,0.0159450302019114,-5.580554820894257e-05,0.1012816207291824,0.0126308549834987,-0.0084858617565153,0.0211167167400141,0.0020724966134917,0.1034099228908831,0.0176126835642678,-0.0074787955584311,0.025091479122699,0.0050669440029183,0.1064043702803097,0.100891761008166,-0.0087594501471171,0.0005676430853365,0.0003786349352463,0.7358492189645403,low,5,0.024977121134752058,252,none,0920_open,500,241.49999999999994,105.20000000000073,136.29999999999922,258.50000000000006
2024-09-06,25089.1,25096.75,-0.0001952560690216,0.0213250924255012,0.0017458091860608,-5.5120187109578405,-5.315027594483928,-4.883935455014171,-0.002444831176966,520.0,472.95,429.0,385.25,344.1,302.45,264.0,228.5,195.4,164.8,136.55,111.6,89.3,70.45,54.4,41.65,31.1,23.05,17.25,12.7,9.15,17.25,21.2,26.3,32.3,40.25,49.7,61.35,75.7,92.15,111.2,132.85,158.0,185.75,217.05,251.1,289.25,328.0,369.5,414.0,460.0,504.5,2024-09-12,0.0103401061974432,0.1016863127340315,4.986666666666666,25314.95,0.1028349973939966,25103.703807551377,25100,0.0171423135464231,0.0105750366890232,-4.549259084644628,4.986666666666666,-3.8478708514753928,0.0001952560690216,2024,0.001148684659965,0.0002046137416848,0.0001812805946881,0.1092528264717715,-2.333314699669116e-05,1.1287128776073827,-0.0064178290777749,-8.494386543042033,-8.615464480194793,-4.066205395550156,0.0001342092584158,0.7403399059160501,0.0143526733546145,4.707133627232296e-05,0.1210779371528424,0,1,0,2075.0,825.0,12225.0,3550.0,31450.0,20225.0,41225.0,43575.0,237250.0,170875.0,686600.0,312750.0,502400.0,214200.0,572625.0,147475.0,252625.0,156800.0,332850.0,141075.0,238525.0,184725.0,68350.0,176025.0,76875.0,236150.0,111750.0,256400.0,147600.0,577075.0,332400.0,862775.0,267175.0,410875.0,99325.0,83300.0,27000.0,43125.0,7225.0,48750.0,3000.0,3050.0,0.1184134897530657,17.25,184725.0,0.1161014923539896,21.2,68350.0,0.1141649787151584,26.3,176025.0,0.1119494570102482,32.3,76875.0,0.1104669623077628,40.25,236150.0,0.108831540834186,49.7,111750.0,0.1074947607050197,61.35,256400.0,0.1066026643544214,75.7,147600.0,0.1054156231533442,92.15,577075.0,0.1042031859930806,111.2,332400.0,0.1028349973939966,269.4,1549375.0,0.1017861230678794,111.6,312750.0,0.1004672448894171,89.3,502400.0,0.0995154590277739,70.45,214200.0,0.0984893117203907,54.4,572625.0,0.0980324403954418,41.65,147475.0,0.0973618577724157,31.1,252625.0,0.0971429480602759,23.05,156800.0,0.097705307262911,17.25,332850.0,0.098158598837301,12.7,141075.0,0.0984155372044511,9.15,238525.0,0.0025806257593476,-0.0023677525045794,0.004948378263927,0.000106436627384,0.1029414340213806,0.0046597633110231,-0.0043456856736058,0.0090054489846289,0.0001570388187086,0.1029920362127052,0.0076319649137662,-0.0054731396215808,0.013105104535347,0.0010794126460927,0.1039144100400893,0.0113299813211618,-0.0051296901310855,0.0164596714522474,0.0031001455950381,0.1059351429890347,0.0155784923590691,-0.0044194601895454,0.0199979525486146,0.0055795160847618,0.1084145134787584,0.1027425592817919,-0.0074760713054113,0.0011497194562179,0.0002035626573586,0.7331276120979558,low,5,0.0250569167776025,252,none,0920_open,500,243.0,214.95000000000073,28.049999999999272,257.0
2024-09-13,25343.3,25345.2,-0.0034565240669894,0.2331375315073688,0.0037031329532854,-3.9712051965340263,-4.655896981068876,-5.120174566729587,0.014449166422522,530.1,480.7,436.75,391.0,351.4,309.6,273.8,235.8,202.0,172.45,144.6,118.35,95.55,77.8,61.0,47.05,36.65,27.9,21.1,15.95,12.2,26.5,31.2,36.3,43.05,50.95,60.25,72.05,85.6,102.5,121.85,143.4,169.15,196.15,228.05,261.1,297.6,336.4,378.65,418.0,464.85,513.25,2024-09-19,0.0079096547088431,0.0889362395699478,4.986666666666666,25445.0,0.1088622787078472,25351.20123488153,25350,0.0171423135464231,0.011850995725465,-4.435343387465704,4.986666666666666,-1.4561267355735743,0.0034565240669894,2024,0.0199260391378994,0.0001565190931802,0.0002031534845632,0.0955540159490467,4.66343913829595e-05,0.7704474944979721,0.0133082627588004,-8.762332554273643,-8.501548783015862,-4.066205395550156,0.000148841303888,0.7326544469963245,0.0156813540526562,5.43121806751833e-05,-0.2607837712581002,1,0,0,400.0,4700.0,5700.0,67300.0,9425.0,29350.0,18625.0,142900.0,58325.0,258850.0,443525.0,494875.0,218025.0,339775.0,143850.0,233400.0,103400.0,146725.0,85075.0,152325.0,106550.0,36875.0,113850.0,62300.0,277150.0,71425.0,206775.0,59375.0,315000.0,126275.0,448175.0,323700.0,248450.0,86550.0,65525.0,12150.0,7700.0,1700.0,3275.0,175.0,850.0,0.0,0.1318220559397378,26.5,36875.0,0.1289142531092948,31.2,113850.0,0.1254423745217706,36.3,62300.0,0.1227756783923289,43.05,277150.0,0.1200273825619716,50.95,71425.0,0.1172640936065795,60.25,206775.0,0.1152568574292275,72.05,59375.0,0.1130609457756186,85.6,315000.0,0.1117833469922641,102.5,126275.0,0.110484394303455,121.85,448175.0,0.1088622787078472,288.0,767225.0,0.1067835919192037,118.35,494875.0,0.1051579045146263,95.55,218025.0,0.1053191484032207,77.8,339775.0,0.1040586328548323,61.0,143850.0,0.1029928511296557,47.05,233400.0,0.1031500068663353,36.65,103400.0,0.1029606826615766,27.9,146725.0,0.1030607868953468,21.1,85075.0,0.10353290472873,15.95,152325.0,0.1045742856117401,12.2,106550.0,0.0029210682844169,-0.0037043741932208,0.0066254424776377,-0.0003916529544019,0.1084706257534452,0.0063945787213803,-0.0048036458530148,0.0111982245743952,0.0007954664341827,0.1096577451420299,0.0111651038541243,-0.0057122718415118,0.0168773756956362,0.0027264160063062,0.1115886947141534,0.0165800958139233,-0.0058014918125003,0.0223815876264237,0.0053893020007114,0.1142515807085587,0.0229597772318906,-0.004287993096107,0.0272477703279976,0.0093358920678917,0.1181981707757389,0.1083912506715694,-0.0101716349178522,0.0041375644102798,0.0003795522012199,0.7370668338572092,low,5,0.02493722331332684,252,none,0920_open,500,249.3,95.0,154.3,250.7
2024-09-20,25493.15,25470.05,-0.0011249479537161,0.0092829544558342,0.0020887964021707,-3.7476341090766505,-5.211884153448379,-5.19696603737858,0.003998946033148,595.95,550.0,511.8,463.15,412.0,369.7,328.8,291.3,257.75,223.0,188.45,157.75,132.3,109.9,88.1,68.45,53.5,40.4,31.65,24.1,18.25,31.3,36.35,41.25,46.3,53.15,61.9,71.65,83.3,93.95,109.6,129.75,151.9,173.5,195.0,224.8,259.55,295.65,332.65,371.9,411.45,459.65,2024-09-26,0.0115966489770309,0.1076877382854286,4.986666666666666,26184.65,0.1181306214523929,25558.760406288093,25500,0.0171423135464231,0.0139548437247285,-4.2719286105711705,4.986666666666666,-4.679575414766811,0.0011249479537161,2024,0.0104428831669642,0.0002294786622968,0.0002392183066206,0.1157008201763422,9.739644323828811e-06,0.9592855393827588,0.0024298012760506,-8.379700507527698,-8.33813400612133,-4.066205395550156,0.0001726602573268,0.7217685793616951,0.0177704314843993,6.65580492937477e-05,-0.041566501406247,1,0,0,250.0,24225.0,1325.0,10525.0,5125.0,39250.0,20850.0,111275.0,73525.0,337750.0,297625.0,1280175.0,476525.0,746350.0,331150.0,416075.0,230975.0,440100.0,187525.0,310050.0,257500.0,293025.0,418500.0,129975.0,302175.0,224025.0,334550.0,195425.0,438700.0,481625.0,856350.0,606925.0,1685950.0,553675.0,457150.0,107000.0,108000.0,26125.0,31075.0,6400.0,15800.0,2800.0,0.1484939560781294,31.3,293025.0,0.1458853536092073,36.35,418500.0,0.1421151061479093,41.25,129975.0,0.1376503425351584,46.3,302175.0,0.1342311626191735,53.15,224025.0,0.1315934289439318,61.9,334550.0,0.1286143992373063,71.65,195425.0,0.1259645567803808,83.3,438700.0,0.1210788806824248,93.95,481625.0,0.1187393428100719,109.6,856350.0,0.1181306214523929,318.2,904550.0,0.1171720032241348,151.9,1685950.0,0.1138914073659383,132.3,476525.0,0.1131128120058288,109.9,746350.0,0.1107266697113061,88.1,331150.0,0.1077978367490057,68.45,416075.0,0.106574997006208,53.5,230975.0,0.1047337993980055,40.4,440100.0,0.1052149064659782,31.65,187525.0,0.1050977075641309,24.1,310050.0,0.1052505497724324,18.25,257500.0,0.0029482592300319,-0.0042392140864545,0.0071874733164865,-0.0006454774282113,0.1174851440241815,0.0104837777849133,-0.0074039517410867,0.0178877295260001,0.0015399130219133,0.1196705344743062,0.0161005411667806,-0.0115556244461848,0.0276561656129655,0.0022724583602978,0.1204030798126907,0.0239844846955163,-0.0129157149864146,0.036900199681931,0.0055343848545508,0.1236650063069437,0.0303633346257365,-0.0128800716799604,0.0432434063056969,0.008741631472888,0.1268722529252809,0.1154884512625625,-0.0164893083649269,0.0043494455305208,0.0009059420207436,0.7222927599320312,low,5,0.025136393505020938,252,none,0920_open,500,268.65,500.0,-231.35000000000002,231.35000000000002
2024-09-27,26225.0,26227.2,-0.000855661088471,0.0180993043012501,0.0015881941134413,-5.415387324357379,-5.086168767407125,-5.055968000100591,0.0065577271738961,513.95,469.65,423.8,379.0,337.5,297.6,260.8,226.8,196.35,165.5,138.95,114.05,93.75,76.55,60.25,47.1,37.0,28.5,22.45,17.85,14.05,27.65,32.3,38.55,45.6,54.5,65.05,78.05,93.55,110.3,131.5,154.7,181.6,210.5,240.55,276.6,312.9,349.8,393.95,437.4,480.0,527.0,2024-10-03,0.0142766241045951,0.1194848279263736,3.986666666666667,25266.0,0.1071293462276653,26234.23379217994,26250,0.0171423135464231,0.0114766968231669,-4.467436662667455,3.986666666666667,-4.011881777844075,0.000855661088471,2024,-0.0123554816987083,0.0002258577040885,0.0001967371354199,0.114784365352148,-2.9120568668603058e-05,1.1480176510979527,-0.0076550191244827,-8.395605384917582,-8.53364205821762,-4.066205395550156,0.0001445647194038,0.7348115499152512,0.0152968390173167,5.217241601613383e-05,0.1380366733000663,0,1,0,350.0,7700.0,1125.0,10100.0,4075.0,91425.0,21825.0,104400.0,110175.0,449525.0,354125.0,305700.0,122475.0,198650.0,110550.0,283225.0,69700.0,126175.0,56625.0,165475.0,77875.0,21675.0,79225.0,28400.0,117875.0,68775.0,226900.0,97100.0,217325.0,90900.0,420750.0,266700.0,158775.0,47650.0,29075.0,4150.0,32125.0,625.0,7025.0,0.0,500.0,0.0,0.1258929050387095,27.65,21675.0,0.1227245248741121,32.3,79225.0,0.1204123251745365,38.55,28400.0,0.1177310167561885,45.6,117875.0,0.1155957453564996,54.5,68775.0,0.1135258979612498,65.05,226900.0,0.1119885022098577,78.05,97100.0,0.1107640938343671,93.55,217325.0,0.108729540979667,110.3,90900.0,0.1081674547982737,131.5,420750.0,0.1071293462276653,293.65,620825.0,0.105450563257859,114.05,305700.0,0.1051528105674256,93.75,122475.0,0.1052324561075098,76.55,198650.0,0.1039684878780339,60.25,110550.0,0.1032896783874088,47.1,283225.0,0.1034812901751458,37.0,69700.0,0.1034030936424458,28.5,126175.0,0.104460469033294,22.45,56625.0,0.1059625217144299,17.85,165475.0,0.1072760238536396,14.05,77875.0,0.0016001947520017,-0.0019765356602396,0.0035767304122413,-0.0001881704541189,0.1069411757735463,0.0048591559821924,-0.0031608583496313,0.0080200143318237,0.0008491488162805,0.1079784950439458,0.0084663991288343,-0.0036480560525194,0.0121144551813538,0.0024091715381574,0.1095385177658227,0.0132829789468712,-0.0026688771943712,0.0159518561412424,0.0053070508762499,0.1124363971039152,0.0187635588110442,0.0001466776259743,0.0186168811850698,0.0094551182185092,0.1165844644461746,0.1072189075947284,-0.0076786110558192,0.0037665284687402,0.0003147472244654,0.7277341849979522,low,4,0.02493722331332684,252,none,0920_open,500,251.94999999999996,500.0,-248.05000000000004,248.05000000000004
2024-10-04,25168.55,25169.05,-0.0006276472162197,0.3955206632257311,0.0049149105480848,-3.3112539178343745,-4.745329850926458,-4.962016241430479,-0.0214011893575345,648.95,596.15,555.0,511.1,471.6,432.6,390.25,351.85,316.05,281.85,246.4,217.1,188.1,160.8,136.65,113.45,95.6,79.45,65.3,53.4,43.0,53.0,58.9,64.95,73.0,80.9,88.45,100.4,112.85,124.85,139.1,156.1,175.3,195.7,219.2,244.1,273.55,305.55,338.9,375.15,412.65,453.05,2024-10-10,0.0179620336047711,0.1340225115597046,4.986666666666666,25007.55,0.1505970015816514,25240.392924835003,25150,0.0171423135464231,0.0226794568853839,-3.786295747261877,4.986666666666666,-0.92755224730928,0.0006276472162197,2024,0.0165744900219467,0.0003554391835018,0.0003887783609918,0.1439951730479361,3.333917749001543e-05,0.9142463140053322,0.0066018285337152,-7.942156396486965,-7.852501142812034,-4.066205395550156,0.0002683983633777,0.6903634314755196,0.0254687966101313,0.000120379997614,-0.0896552536748956,1,0,0,0.0,675.0,975.0,4950.0,50.0,8550.0,5100.0,68575.0,15225.0,67800.0,170300.0,339050.0,229150.0,267000.0,119800.0,183575.0,107950.0,397700.0,79275.0,244900.0,76875.0,72325.0,209725.0,102200.0,230375.0,117750.0,228000.0,170650.0,878950.0,245800.0,513800.0,619725.0,989850.0,322975.0,370350.0,84025.0,154400.0,24175.0,86650.0,13325.0,67200.0,4675.0,0.1856085192346382,53.0,72325.0,0.1821217863223147,58.9,209725.0,0.1780226632507476,64.95,102200.0,0.175231294392574,73.0,230375.0,0.1713499162601381,80.9,117750.0,0.1662585954989889,88.45,228000.0,0.1642226674736557,100.4,170650.0,0.1614361083844119,112.85,878950.0,0.1571148874935793,124.85,245800.0,0.1534305061829319,139.1,513800.0,0.1505970015816514,402.5,790025.0,0.1480381792479101,175.3,989850.0,0.1464108663830014,188.1,229150.0,0.1434007622827507,160.8,267000.0,0.1411504492030948,136.65,119800.0,0.1378919304425272,113.45,183575.0,0.1371631119799206,95.6,107950.0,0.1361340885089599,79.45,397700.0,0.1351107337617605,65.3,79275.0,0.1344616628816333,53.4,244900.0,0.1335824311406462,43.0,76875.0,0.0065178859119279,-0.0041861351986499,0.0107040211105779,0.0011658753566389,0.1517628769382903,0.0136256658920043,-0.0094465523785565,0.0230722182705609,0.0020895567567238,0.1526865583383753,0.0207529146784867,-0.0134338896017307,0.0341868042802175,0.0036595125383779,0.1542565141200294,0.0274256616690962,-0.0154862678198908,0.0429119294889871,0.0059696969246026,0.1565666985062541,0.0350115176529868,-0.0170145704410052,0.052026088093992,0.0089984736059908,0.1595954751876422,0.1461886104877927,-0.0256059994921196,0.0074216549683896,0.0006071868103238,0.6951708212177755,middle,5,0.02493722331332684,252,none,0920_open,500,306.5,142.45000000000073,164.04999999999927,193.5
2024-10-11,24953.2,24952.25,-0.0012495458424229,0.0179009722355314,0.0028152701857877,-4.934565364142973,-4.14323023857745,-4.753398354614376,-0.0004797399901313,,529.0,479.75,440.0,399.1,358.75,319.0,282.15,247.75,217.4,186.3,157.85,133.1,112.4,92.2,75.0,60.9,49.3,38.9,31.3,24.8,32.8,38.5,45.15,51.6,61.0,71.4,83.45,96.15,112.1,129.85,150.5,172.75,197.85,225.0,256.85,288.6,325.0,362.45,401.45,444.1,487.25,2024-10-17,0.0061723541233164,0.0785643311135302,4.986666666666666,24750.2,0.128794531561145,24985.83684063226,24950,0.0171423135464231,0.0165880313600547,-4.0990738460732175,4.986666666666666,-4.022900252776266,0.0012495458424229,2024,0.0502302004476147,0.0001221407641333,0.0002843572346919,0.0844103301932859,0.0001622164705586,0.4295328172876122,0.044384201367859,-9.010336373979989,-8.165279241623377,-4.066205395550156,0.0002020158662875,0.7104298454246428,0.0202374840929,8.234136840437107e-05,-0.8450571323568278,1,0,1,,6525.0,325.0,3000.0,1400.0,13025.0,5700.0,51950.0,25750.0,205275.0,257225.0,466900.0,171450.0,286275.0,131350.0,278400.0,91200.0,270900.0,77650.0,136525.0,65125.0,48925.0,194575.0,80100.0,185300.0,62975.0,193775.0,104000.0,302550.0,141125.0,486600.0,480325.0,675750.0,148325.0,167625.0,29625.0,61125.0,10025.0,27250.0,1725.0,10650.0,875.0,0.1496846994586838,32.8,48925.0,0.1474837539309494,38.5,194575.0,0.1453093782162617,45.15,80100.0,0.141754372929882,51.6,185300.0,0.1401781298231592,61.0,62975.0,0.1381841205176895,71.4,193775.0,0.1362880114900934,83.45,104000.0,0.1334941227679316,96.15,302550.0,0.1318844021005481,112.1,141125.0,0.1300662605712592,129.85,486600.0,0.128794531561145,336.8,737550.0,0.1263921207225326,157.85,466900.0,0.1249797280658895,133.1,171450.0,0.1248319678132832,112.4,286275.0,0.1231578970689482,92.2,131350.0,0.1219653450613483,75.0,278400.0,0.1215190632346163,60.9,91200.0,0.1215317605844252,49.3,270900.0,0.120847677021423,38.9,77650.0,0.1215227515178612,31.3,136525.0,0.1218943998385362,24.8,65125.0,0.0030898705394031,-0.0038148034952554,0.0069046740346585,-0.0003624664779261,0.1284320650832188,0.0074934799289484,-0.0056366344921967,0.0131301144211451,0.0009284227183758,0.1297229542795208,0.0113835982620142,-0.0072754683265286,0.0186590665885428,0.0020540649677428,0.1308485965288878,0.0165148466551167,-0.0079468545397219,0.0244617011948387,0.0042839960576974,0.1330785276188424,0.0208901678975388,-0.0069001317226087,0.0277902996201476,0.0069950180874649,0.13578954964861,0.1272824136212925,-0.012507740809727,0.0048540349254536,0.0003304373497063,0.7172256234756751,low,5,0.025980670494501958,252,none,0920_open,500,279.2,199.79999999999927,79.40000000000072,220.8
2024-10-18,24607.35,24603.45,-0.0022932959530931,0.0431695260250328,0.0040211245318979,-5.055172356526272,-5.066726937125862,-4.774912859876598,-0.0084369672928142,575.0,532.1,491.45,448.8,408.0,366.55,326.0,290.0,255.65,224.7,192.75,164.9,139.5,116.2,96.3,78.8,63.55,52.0,40.55,32.5,26.15,39.1,44.9,51.75,58.8,68.3,78.05,90.5,103.2,119.5,136.1,156.9,179.05,203.85,230.2,260.7,292.35,327.55,363.75,402.85,445.05,487.2,2024-10-24,0.0130221473180435,0.1141146235941895,4.986666666666666,24414.6,0.1356437112713254,24635.88689208566,24600,0.0171423135464231,0.0183992164074586,-3.995447201825188,4.986666666666666,-3.142620448742274,0.0022932959530931,2024,0.0215290876771358,0.0002576869363464,0.0003154051366651,0.1226059322461306,5.771820031867848e-05,0.8170029793143304,0.0130377790251947,-8.263765134852566,-8.06165259737535,-4.066205395550156,0.0002219562227905,0.7037178440951606,0.0218550611198403,9.344891387461048e-05,-0.2021125374773333,1,0,0,300.0,25.0,600.0,400.0,2275.0,5500.0,15375.0,10275.0,73125.0,59600.0,400925.0,175300.0,306725.0,119150.0,416275.0,92275.0,252325.0,96500.0,347275.0,65500.0,186300.0,154225.0,63575.0,174775.0,65675.0,217100.0,90025.0,277375.0,246925.0,577875.0,306150.0,1103325.0,491050.0,537200.0,117300.0,211900.0,27550.0,85100.0,10300.0,62475.0,5425.0,8075.0,0.1606775296191298,39.1,154225.0,0.1578191771140236,44.9,63575.0,0.1551801200417281,51.75,174775.0,0.1516740726857748,58.8,65675.0,0.1495991199714302,68.3,217100.0,0.1464860137178755,78.05,90025.0,0.1445550387592845,90.5,277375.0,0.1414200936430033,103.2,246925.0,0.1398333948196182,119.5,577875.0,0.1369014979358173,136.1,306150.0,0.1356437112713254,349.65,1504250.0,0.1336542530779369,164.9,175300.0,0.1317670973590403,139.5,306725.0,0.1296489898706716,116.2,119150.0,0.128331841951345,96.3,416275.0,0.1270596149200881,78.8,92275.0,0.1257639258202189,63.55,252325.0,0.1260572910386247,52.0,96500.0,0.1244645410904187,40.55,347275.0,0.124793122870861,32.5,65500.0,0.1256025812950932,26.15,186300.0,0.0041896835482928,-0.003876613912285,0.0080662974605778,0.0001565348180038,0.1358002460893292,0.0089113274879591,-0.0073118693199804,0.0162231968079395,0.0007997290839893,0.1364434403553147,0.0139554087001048,-0.0098797854511065,0.0238351941512113,0.0020378116244991,0.1376815228958245,0.0195364087704027,-0.0111791701809066,0.0307155789513093,0.004178619294748,0.1398223305660734,0.0250338183478044,-0.0100411299762321,0.0350749483240366,0.0074963441857861,0.1431400554571115,0.1339453622686332,-0.0164844885499338,0.004620338253588,0.0002725783218172,0.7052436420519858,low,5,0.0275595185786064,252,none,0920_open,500,284.4,185.40000000000146,98.99999999999852,215.60000000000002
2024-10-25,24410.6,24410.7,-0.0002089156964609,0.0579095606022179,0.002599328647186,-5.17796860497172,-4.363938846883519,-4.68619834836669,-0.0008761407789844,557.8,518.3,464.8,426.7,380.95,342.45,303.0,268.2,233.1,201.95,172.85,146.5,121.45,100.45,81.85,65.8,52.25,42.05,33.05,26.15,20.55,29.8,35.1,41.7,49.15,57.9,67.85,79.7,94.0,109.75,128.0,148.0,171.7,197.3,225.9,256.6,290.6,326.7,366.95,407.15,445.95,490.9,2024-10-31,0.0111318675275812,0.1055076657289945,4.986666666666666,24238.5,0.1257003186621199,24424.875572338315,24400,0.0171423135464231,0.0158005701117585,-4.147709256577502,4.986666666666666,-2.848872785370912,0.0002089156964609,2024,0.0201926529331253,0.0002202813997521,0.000270858327068,0.1133585276661699,5.0576927315869856e-05,0.8132716543613177,0.0123417909959499,-8.42060473916792,-8.21391465212766,-4.066205395550156,0.0001932850564425,0.7136020462609253,0.0195150128809522,7.757327062546588e-05,-0.2066900870404034,1,0,0,300.0,0.0,10225.0,825.0,3525.0,5225.0,17325.0,17675.0,87000.0,88425.0,452350.0,204925.0,415200.0,138650.0,255975.0,103275.0,174700.0,80300.0,213350.0,122525.0,168275.0,81975.0,34850.0,163600.0,65600.0,121600.0,68050.0,179675.0,115125.0,184425.0,127750.0,573050.0,188025.0,218250.0,35675.0,53825.0,10525.0,11925.0,3900.0,5700.0,1175.0,2550.0,0.1465377568918538,29.8,81975.0,0.1440616561436218,35.1,34850.0,0.1420704715213553,41.7,163600.0,0.1397745704251733,49.15,65600.0,0.1375550617227705,57.9,121600.0,0.135138904833467,67.85,68050.0,0.1330393277738365,79.7,179675.0,0.1315186174028367,94.0,115125.0,0.1295311310389418,109.75,184425.0,0.127834641762192,128.0,127750.0,0.1257003186621199,320.85,1025400.0,0.1244858370328346,146.5,204925.0,0.1223043321319974,121.45,415200.0,0.1213056391401712,100.45,138650.0,0.1202072122341774,81.85,255975.0,0.1191942314169162,65.8,103275.0,0.118349986409899,52.25,174700.0,0.1188536367786068,42.05,80300.0,0.1187368047205803,33.05,213350.0,0.1193249761399387,26.15,122525.0,0.1199627211060177,20.55,168275.0,0.0038308123768218,-0.0033959865301224,0.0072267989069443,0.0002174129233497,0.1259177315854696,0.0073390091117166,-0.0054931064279424,0.012832115539659,0.0009229513418871,0.126623270004007,0.0118547430606506,-0.0073503322522208,0.0192050753128714,0.0022522054042148,0.1279525240663347,0.0163701528592354,-0.0069635139415395,0.0233336668007749,0.0047033194588479,0.1304036381209679,0.0208374382297339,-0.0057375975561021,0.026575035785836,0.0075499203368158,0.1332502389989357,0.1250580862524701,-0.012551571666149,0.0034844146717723,0.0002411542167113,0.7214094727828781,low,5,0.0275595185786064,252,none,0920_open,500,270.5,161.5,109.0,229.5
2024-11-04,24115.1,24118.65,-0.0082798680786599,0.5293790906878897,0.0083930977115997,-5.099088675727847,-4.528650587047274,-4.483179759488811,-0.004601891682971,590.6,559.4,503.6,479.95,432.8,392.65,355.0,319.7,293.65,258.0,228.5,201.25,179.5,154.75,131.3,110.95,96.05,78.35,64.5,52.45,43.9,52.2,60.9,70.55,80.8,91.9,105.7,120.75,136.65,153.0,173.55,195.65,218.05,240.05,266.7,297.0,329.05,355.65,391.1,429.9,467.3,503.6,2024-11-07,0.0129901031783621,0.11397413381273,3.986666666666667,24194.6,0.2330330929514814,24132.86759220891,24100,0.0089231354642313,0.0543044224105337,-2.9131496113340685,3.986666666666667,-0.6360504862141472,0.0082798680786599,2024,0.1190589591387513,0.0002055048068957,0.000484565717476,0.1517582288453087,0.0002790609105802,0.4241010031956026,0.0812748641061726,-8.490041133081208,-7.632257496046289,-4.719107884712219,0.0003177043046057,0.6556475069277053,0.0443413889244748,0.0001668614128702,-0.8577836370352523,1,0,1,700.0,0.0,7400.0,600.0,5775.0,17100.0,10125.0,10800.0,86550.0,56550.0,320425.0,293175.0,426300.0,153125.0,385225.0,158325.0,329625.0,100425.0,543825.0,84975.0,223400.0,144700.0,55850.0,140575.0,132250.0,288075.0,110375.0,280175.0,91150.0,482775.0,149225.0,695050.0,424125.0,524600.0,141850.0,278050.0,88900.0,116175.0,23250.0,69925.0,2675.0,10125.0,0.2503359103025532,52.2,144700.0,0.2492651206891673,60.9,55850.0,0.2478967729610552,70.55,140575.0,0.2456599395305319,80.8,132250.0,0.2429010982981387,91.9,288075.0,0.2419078785288928,105.7,110375.0,0.2405699739151792,120.75,280175.0,0.2383610808861017,136.65,91150.0,0.2348077383512665,153.0,482775.0,0.2340766631089235,173.55,149225.0,0.2330330929514814,424.15,1015475.0,0.2306260895591385,201.25,293175.0,0.2322061020356975,179.5,426300.0,0.2283548859827577,154.75,153125.0,0.2237003075711179,131.3,385225.0,0.220261378098478,110.95,158325.0,0.2211352542488581,96.05,329625.0,0.2161104146339611,78.35,100425.0,0.2135896975045676,64.5,543825.0,0.2110957802576725,52.45,84975.0,0.2117597284677393,43.9,223400.0,0.0017746453997851,-0.0008269909157838,0.0026016363155689,0.0004738272420006,0.233506920193482,0.0075368809636978,-0.0093327853803634,0.0168696663440613,-0.0008979522083327,0.2321351407431486,0.0098680053466573,-0.0118978387026232,0.0217658440492806,-0.0010149166779829,0.2320181762734984,0.0148636800095738,-0.0194433954469137,0.0343070754564875,-0.0022898577186699,0.2307432352328114,0.0173028173510718,-0.021273364483742,0.0385761818348138,-0.0019852735663351,0.2310478193851462,0.2317909404933275,-0.0207600956644849,-0.0050447934791323,0.0013535437968081,0.6492878421971884,high,4,0.0275595185786064,252,none,0920_open,500,328.05,94.59999999999854,233.45000000000147,171.95
2024-11-08,24085.9,24074.05,-0.0050088353247761,0.230691788864197,0.0060990201995773,-4.943718673282268,-4.512102986054907,-4.587981259090507,-0.0122946391910519,605.05,543.5,521.0,465.5,426.0,384.0,349.5,306.55,277.25,242.9,213.6,182.3,156.65,134.2,112.75,93.0,77.95,62.65,51.2,40.2,32.55,38.0,44.55,51.0,60.5,68.3,80.3,91.6,107.5,121.25,139.45,160.7,183.15,206.1,231.1,261.7,294.5,326.2,360.0,393.5,439.8,473.95,2024-11-14,0.0156532257414509,0.125112852023487,4.986666666666666,23559.6,0.1477133740887925,24152.95443769404,24100,0.0171423135464231,0.0218192408846955,-3.824963089068023,4.986666666666666,-1.466672706702008,0.0050088353247761,2024,0.0226005220653055,0.0003097516628202,0.0003740322685903,0.1344225426608065,6.428060577013918e-05,0.8281415504272037,0.0132908314279859,-8.07973966920391,-7.891168484618183,-4.066205395550156,0.0002591344623607,0.692813118336974,0.0247635619007639,0.0001148978062296,-0.1885711845856472,1,0,0,50.0,1175.0,4275.0,1525.0,500.0,18975.0,8625.0,19175.0,26650.0,156775.0,120050.0,533725.0,196675.0,532025.0,162875.0,461000.0,107050.0,210750.0,135300.0,414700.0,263525.0,80650.0,211400.0,182175.0,235125.0,138550.0,334975.0,268375.0,462700.0,331500.0,859850.0,519250.0,1183500.0,464650.0,687475.0,142025.0,283000.0,39625.0,59925.0,24250.0,49075.0,4200.0,0.1659218168917646,38.0,80650.0,0.1642460773904916,44.55,211400.0,0.161271980971752,51.0,182175.0,0.1606426885934916,60.5,235125.0,0.15685731135062,68.3,138550.0,0.1560885654503588,80.3,334975.0,0.1532197321094587,91.6,268375.0,0.1530655684839286,107.5,462700.0,0.1495251906416854,121.25,331500.0,0.1482025642888947,139.45,859850.0,0.1477133740887925,374.2999999999999,639300.0,0.1465035634354728,183.15,1183500.0,0.1420289591089838,156.65,196675.0,0.1413523956256511,134.2,532025.0,0.1396727160970141,112.75,162875.0,0.1375019868323927,93.0,461000.0,0.1375601013526024,77.95,107050.0,0.1354624784597461,62.65,210750.0,0.1352345753599501,51.2,135300.0,0.1335107202048625,40.2,414700.0,0.1338983075407361,32.55,263525.0,0.0018118165528929,-0.0056844149798086,0.0074962315327016,-0.0019362992134578,0.1457770748753346,0.0055063580206662,-0.0080406579917783,0.0135470160124445,-0.001267149985556,0.1464462241032365,0.0091439372618274,-0.01015327273619,0.0192972099980175,-0.0005046677371812,0.1472087063516112,0.0135586068829594,-0.0124787987288423,0.0260374056118018,0.0005399040770585,0.148253278165851,0.0182084428029721,-0.0138150665480563,0.0320235093510285,0.0021966881274579,0.1499100622162504,0.1450025356912822,-0.0161016285016342,7.820718814402395e-05,0.0008286820595789,0.6803347251469396,middle,5,0.025520258717142242,252,none,0920_open,500,303.74999999999994,500.0,-196.25000000000006,196.25000000000006
2024-11-18,23531.6,23507.35,-0.0032715944600597,0.0868994774144585,0.0040775455929473,-4.405035988234676,-4.153581114530513,-4.441832986294388,-0.0018362051276347,537.9,487.6,445.6,402.95,362.7,322.8,283.55,248.1,215.55,182.0,155.05,128.25,105.9,86.0,69.75,55.45,43.5,34.15,26.5,20.45,16.2,18.1,22.25,27.4,33.8,41.65,51.3,62.15,76.7,93.2,111.5,132.4,157.7,185.8,215.3,247.3,284.4,320.8,362.35,406.2,453.75,491.5,2024-11-21,0.0123104292623013,0.1109523738470763,2.986666666666667,23346.75,0.1616366610498618,23572.662129787877,23550,0.0089231354642313,0.0261264101953479,-3.644808591384664,2.986666666666667,-2.443003260371467,0.0032715944600597,2024,0.0506842872027855,0.0001459013838494,0.0002331294973671,0.127870676400047,8.722811351766615e-05,0.6258383666469807,0.0337659846498147,-8.832579617562786,-8.363916476096884,-4.719107884712219,0.0001634464995981,0.7010974649027888,0.0262957583080491,6.968299776898367e-05,-0.468663141466294,1,0,1,6975.0,2950.0,3075.0,3575.0,22075.0,17025.0,57700.0,30975.0,139175.0,135125.0,888000.0,631650.0,975800.0,381375.0,602050.0,278200.0,485725.0,237550.0,340875.0,242150.0,626900.0,506275.0,182325.0,343200.0,194300.0,328450.0,238225.0,467350.0,333500.0,739350.0,532375.0,1618975.0,862750.0,736975.0,229250.0,206425.0,40425.0,76775.0,18500.0,22875.0,3875.0,19175.0,0.1820720559522679,18.1,506275.0,0.1790717227332915,22.25,182325.0,0.1762897735002165,27.4,343200.0,0.1738030813836919,33.8,194300.0,0.1715355938654471,41.65,328450.0,0.1696333905738061,51.3,238225.0,0.1668945184850264,62.15,467350.0,0.1663690173478519,76.7,333500.0,0.1653273012488453,93.2,739350.0,0.1634833815536221,111.5,532375.0,0.1616366610498618,287.45000000000005,2506975.0,0.1592719106717255,128.25,631650.0,0.1587685481237656,105.9,975800.0,0.1578921909409721,86.0,381375.0,0.1582207194924616,69.75,602050.0,0.1578897509827631,55.45,278200.0,0.157615528031897,43.5,485725.0,0.1582201696881946,34.15,237550.0,0.1587826156917639,26.5,340875.0,0.1595958611732316,20.45,242150.0,0.1619239206439502,16.2,626900.0,0.0036906401989835,-0.0028681129260961,0.0065587531250797,0.0004112636364437,0.1620479246863055,0.0052578574351646,-0.0034159415574001,0.0086737989925648,0.0009209579388822,0.162557618988744,0.0098989328155853,-0.0040211330179648,0.0139200658335501,0.0029388998988102,0.164575560948672,0.0146531124503546,-0.0028540453580978,0.0175071578084525,0.0058995335461284,0.1675361945959902,0.0204353949024061,0.0002872595940884,0.0201481353083177,0.0103613272482472,0.171997988298109,0.1609202414116738,-0.0080936685150316,0.004400626783334,0.0006241407536312,0.7021576737081788,middle,3,0.02645295803748464,252,none,0920_open,500,253.15000000000006,203.25,49.90000000000006,246.84999999999994
2024-11-22,23420.25,23424.6,0.0003779097060989,0.0141570010955006,0.0029163130730884,-4.4421192624150025,-4.3241924946279315,-4.354790184731423,-0.0052098303373705,573.5,533.65,493.2,450.5,409.85,372.25,330.75,295.4,262.0,230.65,198.95,170.4,146.2,123.2,101.95,83.95,68.85,55.5,43.9,35.2,27.55,40.7,47.0,54.4,63.0,72.35,83.3,95.15,109.95,125.35,143.6,162.85,186.4,209.05,236.45,266.0,299.4,330.5,365.95,406.6,440.5,493.4,2024-11-28,0.0302755635217429,0.1739987457476145,4.986666666666666,23957.45,0.147575442723864,23436.13714935264,23400,0.0171423135464231,0.0217785112951444,-3.8268315157351633,4.986666666666666,-4.257546000187519,0.0003779097060989,2024,-0.0264233030237505,0.0005991037437635,0.0003733340691956,0.1869460526628771,-0.0002257696745679,1.6047390077586798,-0.0393706099390131,-7.420075779914468,-7.893036911285322,-4.066205395550156,0.0002586950143833,0.6929317084312313,0.0247299257570927,0.0001146390548123,0.472961131370926,0,1,0,900.0,200.0,13500.0,1375.0,11350.0,8000.0,47225.0,28275.0,253250.0,225775.0,833650.0,417850.0,672175.0,148425.0,326250.0,164450.0,235800.0,97775.0,276050.0,134600.0,219500.0,68175.0,50150.0,209550.0,56050.0,193000.0,78675.0,249975.0,95300.0,292275.0,175600.0,531100.0,180775.0,242925.0,28600.0,40750.0,7475.0,16225.0,7325.0,9175.0,250.0,4425.0,0.171322901495968,40.7,68175.0,0.1687814395614459,47.0,50150.0,0.1664528373819789,54.4,209550.0,0.1642732732492212,63.0,56050.0,0.1616157993746244,72.35,193000.0,0.1592677542107324,83.3,78675.0,0.156399431047135,95.15,249975.0,0.1547727311268232,109.95,95300.0,0.152110479065175,125.35,292275.0,0.1502698552364223,143.6,175600.0,0.147575442723864,361.7999999999999,1364750.0,0.1448942996276102,170.4,417850.0,0.143944660397132,146.2,672175.0,0.1421040539935793,123.2,148425.0,0.1397668759225009,101.95,326250.0,0.1382418281265287,83.95,164450.0,0.1373740540188184,68.85,235800.0,0.1361937010384461,55.5,97775.0,0.1347592146957704,43.9,276050.0,0.1347052952108844,35.2,134600.0,0.1340574440875507,27.55,219500.0,0.0045350363413109,-0.003630782326732,0.008165818668043,0.0004521270072894,0.1480275697311535,0.008823988323271,-0.0078085668013631,0.0166325551246341,0.0005077107609539,0.1480831534848179,0.0140403566507603,-0.0102013887050456,0.024241745355806,0.0019194839728573,0.1494949266967213,0.0188773946581149,-0.0128162280280935,0.0316936226862084,0.0030305833150106,0.1506060260388746,0.023747458772104,-0.0135179986363132,0.0372654574084173,0.0051147300678953,0.1526901727917594,0.1462033836894619,-0.0181129474818136,0.0036751100659278,0.0003587801600752,0.6878667546507442,middle,5,0.0261763179022042,252,none,0920_open,500,293.54999999999995,500.0,-206.45000000000005,206.45000000000005
2024-11-29,23969.55,23988.05,0.0020249181906442,0.0512209295490326,0.002603319237324,-3.7196444466297303,-3.9336787937578577,-4.257003809021046,-0.0132644767024008,568.55,522.3,480.0,436.7,400.0,360.7,324.15,289.35,257.85,227.15,198.15,171.85,147.9,125.6,106.35,89.25,74.75,60.95,49.4,40.3,32.6,41.5,48.85,56.65,66.3,76.7,89.5,102.8,118.85,136.25,156.2,176.9,200.75,226.75,255.8,285.05,320.2,353.4,392.1,428.35,469.15,510.45,2024-12-05,0.0163054513494454,0.1276928006954404,4.986666666666666,24701.55,0.1498391636445083,23971.27186769373,23950,0.0171423135464231,0.0224517749616857,-3.7963856050378535,4.986666666666666,-2.9716070502100176,0.0020249181906442,2024,0.0221463629490679,0.0003226581378144,0.0003848753660669,0.1371944662067045,6.22172282525256e-05,0.8383444778803975,0.0126446974378038,-8.038917192098468,-7.8625910005880115,-4.066205395550156,0.000265949577045,0.6910018164135433,0.0252830827803733,0.0001189257890218,-0.1763261915104011,1,0,0,6000.0,375.0,19575.0,75.0,9825.0,9975.0,65075.0,44025.0,331025.0,400850.0,1066225.0,247050.0,419575.0,178925.0,445475.0,239250.0,513050.0,108600.0,322650.0,160950.0,425025.0,247950.0,168250.0,234700.0,71725.0,249975.0,95850.0,459575.0,126325.0,446025.0,329175.0,753100.0,210300.0,144450.0,47250.0,137225.0,14175.0,47500.0,7375.0,16000.0,2325.0,16200.0,0.1653919324789478,41.5,247950.0,0.1639948932108859,48.85,168250.0,0.1618551729668461,56.65,234700.0,0.1604917709323496,66.3,71725.0,0.1585346422724532,76.7,249975.0,0.1575149156288898,89.5,95850.0,0.1554829441422459,102.8,459575.0,0.154389158127809,118.85,126325.0,0.1528777476069449,136.25,446025.0,0.1518720791847082,156.2,329175.0,0.1498391636445083,375.05,1819325.0,0.148495240223289,171.85,247050.0,0.1473160872290208,147.9,419575.0,0.145712323873455,125.6,178925.0,0.1448476582535986,106.35,445475.0,0.1440372336642739,89.25,239250.0,0.1437930483056753,74.75,513050.0,0.1423800866697344,60.95,108600.0,0.1413705762651861,49.4,322650.0,0.1413034295168225,40.3,160950.0,0.1412454222198525,32.6,425025.0,0.0030385839624365,-0.0025230764154875,0.0055616603779241,0.0002577537734745,0.1500969174179828,0.0056437804977376,-0.0049915053909097,0.0106352858886473,0.0003261375534139,0.1501653011979222,0.0086954786279449,-0.0060461153388329,0.0147415939667778,0.001324681644556,0.1511638452890643,0.0120160093223377,-0.0084685873793221,0.0204845967016599,0.0017737109715078,0.1516128746160161,0.0155527688344395,-0.0085937414246557,0.0241465102590953,0.0034795137048918,0.1533186773494002,0.1493651748653602,-0.0120769290401926,0.0026875449998185,0.0003490785803402,0.6994322239408172,middle,5,0.02521587023243938,252,none,0920_open,500,300.95,500.0,-199.05,199.05
2024-12-06,24689.05,24698.0,-0.0016208077747914,0.0564511537668296,0.0023512764261889,-3.3605753604356865,-4.278564558260841,-4.200166075205947,0.0097634976848372,575.45,535.45,497.95,458.4,423.65,389.15,355.5,321.15,292.7,261.25,236.35,209.65,186.1,162.75,144.0,123.1,107.05,90.55,78.05,65.7,55.15,78.75,88.4,99.8,112.75,125.85,141.5,156.95,175.7,194.7,216.9,238.5,262.75,288.7,317.35,346.1,376.6,410.2,444.85,479.7,508.05,557.45,2024-12-12,0.0057049108413028,0.0755308601917315,4.986666666666666,24539.5,0.1842290085577959,24697.847787503928,24700,0.0171423135464231,0.0339403275941884,-3.3831513670662323,4.986666666666666,-2.8743795498561022,0.0016208077747914,2024,0.1086981483660643,0.0001128908282882,0.0005818157374878,0.0811511376499065,0.0004689249091996,0.194031926285877,0.1030778709078893,-9.089089327591203,-7.449356762616389,-4.066205395550156,0.0003871013923233,0.6653333132492312,0.0339571528728218,0.0001947143451645,-1.6397325649747785,1,0,1,5975.0,650.0,8675.0,6350.0,17675.0,13125.0,58750.0,20950.0,106225.0,136450.0,599300.0,204775.0,392425.0,118550.0,231850.0,83325.0,436625.0,93975.0,134225.0,62000.0,159775.0,116850.0,64250.0,194550.0,80900.0,166550.0,110575.0,275025.0,122550.0,275850.0,274950.0,621175.0,163450.0,109225.0,28075.0,27000.0,9950.0,26450.0,3500.0,2500.0,50.0,1450.0,0.1987298779491073,78.75,116850.0,0.1967425393237775,88.4,64250.0,0.1954422527973494,99.8,194550.0,0.1944773191647166,112.75,80900.0,0.1925137175384703,125.85,166550.0,0.1916272377181003,141.5,110575.0,0.1893985434911988,156.95,275025.0,0.1886815812396862,175.7,122550.0,0.1869314356836728,194.7,275850.0,0.1864499866157047,216.9,274950.0,0.1842290085577959,474.85,1220475.0,0.1819935020246211,209.65,204775.0,0.1808843596300183,186.1,392425.0,0.1785699411850353,162.75,118550.0,0.178575225608626,144.0,231850.0,0.1753909726950686,123.1,83325.0,0.1748663943288059,107.05,436625.0,0.1724645826665672,90.55,93975.0,0.1723300517036309,78.05,134225.0,0.1708986122354148,65.7,62000.0,0.1698611360268486,55.15,159775.0,0.0027024271258768,-0.0033446489277775,0.0060470760536544,-0.0003211109009503,0.1839078976568455,0.0051695349334029,-0.0056537829491698,0.0108233178825727,-0.0002421240078834,0.1839868845499124,0.0082847089806744,-0.0093626142289899,0.0176473232096644,-0.0005389526241577,0.1836900559336381,0.0112132442395535,-0.0118989568541649,0.0231122010937184,-0.0003428563073057,0.1838861522504901,0.0145008693913114,-0.0143678725309472,0.0288687419222587,6.649843018211032e-05,0.184295506987978,0.1841162673468452,-0.0181442343055504,-0.0022058843369458,0.0005229431482982,0.6641166319506274,middle,5,0.02489732549190162,252,none,0920_open,500,340.95000000000005,160.5,180.45000000000005,159.04999999999995
2024-12-13,24470.0,24455.45,-0.0011394852484175,0.0378252146810971,0.0020985517981201,-5.773914202147597,-5.2336417644419555,-4.3982089742006565,-0.003660847302711,565.5,517.85,481.1,437.65,396.4,357.25,320.9,286.05,252.9,220.8,193.55,166.4,142.8,121.15,101.7,84.05,69.5,56.35,46.35,37.1,30.05,30.95,37.05,44.2,52.75,62.9,74.2,87.3,102.0,119.0,137.95,159.35,183.05,209.3,237.0,268.05,300.85,335.05,373.9,412.2,453.25,495.0,2024-12-19,0.0188721332152997,0.1373758829463881,4.986666666666666,23961.95,0.1377980876771457,24484.235194123557,24450,0.0171423135464231,0.0189883129674783,-3.9639315960464288,4.986666666666666,-3.27477934368345,0.0011394852484175,2024,0.0004222047307575,0.0003734485620382,0.0003255036146061,0.1475980699605522,-4.7944947432081045e-05,1.1472946697998938,-0.0097999822834065,-7.892730281648714,-8.030136991596587,-4.066205395550156,0.000228402354662,0.701689150021969,0.0223689181119921,9.71012599440745e-05,0.1374067099479333,0,1,0,100.0,17625.0,125.0,3000.0,1075.0,26125.0,14900.0,59175.0,39100.0,264425.0,369400.0,834150.0,372375.0,504175.0,197725.0,512875.0,163100.0,557025.0,153975.0,478500.0,223900.0,164550.0,729200.0,184150.0,426525.0,176850.0,489200.0,233750.0,814975.0,328700.0,949500.0,886000.0,1970475.0,381525.0,435575.0,136100.0,188125.0,27150.0,49450.0,6925.0,6475.0,1425.0,0.1497400913306551,30.95,164550.0,0.1482693956282133,37.05,729200.0,0.1468108291046026,44.2,184150.0,0.1456004937827731,52.75,426525.0,0.1446394599996725,62.9,176850.0,0.1433078530268987,74.2,489200.0,0.1421296169549744,87.3,233750.0,0.1407883612846409,102.0,814975.0,0.1397693209904132,119.0,328700.0,0.1386655279813614,137.95,949500.0,0.1377980876771457,352.9,1255400.0,0.1362800313558576,166.4,834150.0,0.1357610038744183,142.8,372375.0,0.1349804932711922,121.15,504175.0,0.1341484598414992,101.7,197725.0,0.1329496576767683,84.05,512875.0,0.1326129338368592,69.5,163100.0,0.1317127914624063,56.35,557025.0,0.1322100606418062,46.35,153975.0,0.1317646729269585,37.1,478500.0,0.132291367963854,30.05,223900.0,0.0019712333132675,-0.0020370838027273,0.0040083171159949,-3.292524472989222e-05,0.1377651624324158,0.0043315292778287,-0.0036496278356464,0.0079811571134752,0.0003409507210911,0.1381390383982368,0.0068413723225268,-0.0051851538402864,0.0120265261628133,0.0008281092411201,0.1386261969182658,0.0090127414274569,-0.0055880270353394,0.0146007684627963,0.0017123571960587,0.1395104448732044,0.0119420036535094,-0.0055067197132916,0.017448723366801,0.0032176419701089,0.1410157296472546,0.1369363489212823,-0.008583850364883,0.0019929065825587,0.000154036023621,0.7066239290593997,low,5,0.02645295803748464,252,none,0920_open,500,291.9,488.0499999999993,-196.1499999999993,208.10000000000002
2024-12-20,23925.5,23924.8,-0.0015620761408799,0.0596085779014404,0.0043029077239765,-3.332117267536717,-4.10971943116469,-4.393133953442601,-0.0104927311850199,580.75,538.3,511.65,469.75,430.8,395.75,358.0,320.1,292.0,259.45,230.75,207.2,180.45,157.6,138.25,119.95,103.35,90.8,77.1,66.5,57.65,43.25,50.15,58.6,67.4,78.85,90.1,105.0,121.0,138.55,156.9,179.25,200.15,228.0,257.5,285.45,318.25,355.9,384.25,423.5,465.7,504.0,2024-12-26,0.0148705759737348,0.1219449710883349,3.986666666666667,23760.3,0.1630405470172186,24001.55299699892,23950,0.0171423135464231,0.0265822199716738,-3.6275127088056687,3.986666666666667,-2.819955790746161,0.0015620761408799,2024,0.0410955759288836,0.0002352540855104,0.0004556807495144,0.1171477279348447,0.000220426664004,0.5162695280875845,0.0458928190823738,-8.3548444129741,-7.693718104355828,-4.066205395550156,0.0003100426996043,0.6803945524026201,0.0285548687481367,0.00014563804991,-0.6611263086182557,1,0,1,2575.0,25.0,6700.0,500.0,11675.0,8000.0,45900.0,15350.0,118225.0,88650.0,628200.0,375200.0,825325.0,160400.0,230475.0,107750.0,365100.0,120800.0,251725.0,90025.0,205875.0,192800.0,101250.0,293725.0,86900.0,165500.0,147425.0,252825.0,117675.0,349075.0,221075.0,737075.0,377025.0,539475.0,70125.0,62250.0,14900.0,54950.0,8475.0,11225.0,3200.0,9175.0,0.1739931053467367,43.25,192800.0,0.1721335547636488,50.15,101250.0,0.1709403311577819,58.6,293725.0,0.1688669067750674,67.4,86900.0,0.16828853230528,78.85,165500.0,0.1661288796735677,90.1,147425.0,0.1660107871698242,105.0,252825.0,0.1653638131655049,121.0,117675.0,0.1645569857823248,138.55,349075.0,0.162930134457844,156.9,221075.0,0.1630405470172186,410.0,1365275.0,0.1604419856863553,200.15,377025.0,0.1625163934367613,180.45,825325.0,0.1617568759507549,157.6,160400.0,0.1622897675081295,138.25,230475.0,0.1621628578370754,119.95,107750.0,0.1619458318128142,103.35,365100.0,0.1639025269468964,90.8,120800.0,0.1633400661820115,77.1,251725.0,0.1643893351121407,66.5,90025.0,0.165989588742918,57.65,205875.0,0.0015164387651062,-0.0005241535804572,0.0020405923455634,0.0004961425923245,0.1635366896095431,0.0029702401526056,-0.000750779509089,0.0037210196616946,0.0011097303217582,0.1641502773389768,0.0052479852880614,-0.0010947152044044,0.0063427004924658,0.0020766350418285,0.1651171820590471,0.0078997841405633,0.0002995191647929,0.0076002649757703,0.0040996516526781,0.1671401986698967,0.0109525583295181,0.0029490417256994,0.0080035166038187,0.0069508000276087,0.1699913470448273,0.1622359555928876,-0.0035646781728068,0.0072642277791805,0.0006524764498752,0.6738347858603544,middle,4,0.027255095985245482,252,none,0920_open,500,309.1,189.70000000000073,119.3999999999993,190.89999999999998
2024-12-27,23822.9,23827.5,0.0009091805023991,0.0153943427933403,0.0017378400876887,-4.7022613065323275,-4.175444399706673,-4.512686237353306,0.0012613010759201,551.05,506.35,466.45,424.3,383.65,346.0,310.95,276.55,244.2,213.75,185.7,158.7,135.35,114.0,94.8,77.2,62.5,50.35,39.85,31.5,24.7,38.55,45.6,53.85,63.0,73.6,86.0,99.25,115.45,132.8,152.4,173.6,197.85,223.9,251.9,279.8,316.55,349.8,389.7,422.0,468.95,513.95,2025-01-02,0.0102364947706664,0.1011755640985827,4.986666666666666,24167.95,0.1445743704232999,23812.11245172208,23800,0.0171423135464231,0.0209017485832935,-3.8679224592386134,4.986666666666666,-4.173755188134283,0.0009091805023991,2024,0.0433988063247171,0.0002025634414936,0.0003583043278833,0.1087040728535209,0.0001557408863897,0.5653390867206405,0.0358702975697789,-8.504457429156691,-7.9341278547887715,-4.066205395550156,0.0002492167522533,0.6955449121298044,0.0240003065383742,0.0001090875756299,-0.5703295743679073,1,0,1,75.0,2700.0,1125.0,12900.0,5850.0,25800.0,13425.0,104625.0,95325.0,451725.0,370200.0,404775.0,161175.0,295725.0,147000.0,181275.0,90900.0,439350.0,99825.0,303450.0,161625.0,59175.0,163125.0,67200.0,388800.0,101400.0,229650.0,122475.0,304425.0,196125.0,703725.0,332925.0,219825.0,57225.0,158100.0,15600.0,12825.0,3600.0,10875.0,150.0,2400.0,225.0,0.1604965656512625,38.55,59175.0,0.1589715775523885,45.6,163125.0,0.1575584092347486,53.85,67200.0,0.1557716704245569,63.0,388800.0,0.1541058413537672,73.6,101400.0,0.1527389552819139,86.0,229650.0,0.1506507832415552,99.25,122475.0,0.149623808817285,115.45,304425.0,0.1479423353303391,132.8,196125.0,0.14646399292353,152.4,703725.0,0.1445743704232999,359.29999999999995,703125.0,0.1423280794477442,158.7,404775.0,0.1412067058140362,135.35,161175.0,0.1398634140332472,114.0,295725.0,0.1384185541445852,94.8,147000.0,0.1363779449630532,77.2,181275.0,0.134980655429858,62.5,90900.0,0.134115655080291,50.35,439350.0,0.1330182869742031,39.85,99825.0,0.1325110813335078,31.5,303450.0,0.1321721539554359,24.7,161625.0,0.0033679649070392,-0.0033676646092636,0.0067356295163029,1.501488878230539e-07,0.1445745205721877,0.0060764128182553,-0.0061558162787146,0.01223222909697,-3.970173022968537e-05,0.1445346686930702,0.0095314709304673,-0.0095937149934419,0.0191251859239092,-3.11220314873073e-05,0.1445432483918126,0.0129840388114486,-0.0115560834490967,0.0245401222605454,0.0007139776811759,0.1452883481044758,0.0159221952279626,-0.0124022164678639,0.0283244116958266,0.0017599893800493,0.1463343598033492,0.1441635090610479,-0.0144795746225184,-9.634946084800212e-05,0.0002559797679767,0.6920520819091044,low,5,0.0260374056118018,252,none,0920_open,500,296.04999999999995,367.9500000000007,-71.90000000000077,203.95000000000005
2025-01-03,24176.05,24169.25,-0.0008620860539194,0.0775373090522749,0.0023887276871118,-4.619026216966481,-4.623298524068375,-4.549721099319946,0.0170785960379814,556.0,514.15,469.05,427.0,392.25,352.0,315.15,280.7,249.0,218.95,190.75,167.9,142.0,119.3,100.55,83.0,68.85,57.2,45.1,35.85,28.3,40.25,46.95,54.65,63.6,74.45,84.6,99.45,115.1,132.3,153.35,174.85,197.0,224.75,254.1,284.45,318.85,351.3,387.0,430.55,464.5,512.2,2025-01-09,0.0145355276815189,0.1205633762032189,4.986666666666666,23557.2,0.1446321240971914,24215.91636218025,24200,0.0171423135464231,0.0209184513208653,-3.867123671164992,4.986666666666666,-2.556996051335942,0.0008620860539194,2025,0.0240687478939724,0.0002876342514755,0.0003585906514478,0.129534538769572,7.095639997230235e-05,0.8021242336190147,0.0150975853276194,-8.153820845065415,-7.933329066715152,-4.066205395550156,0.0002493976533181,0.69549401890754,0.0240143070946011,0.0001091929981297,-0.2204917783502967,1,0,0,600.0,9375.0,3525.0,47100.0,7800.0,30900.0,19500.0,110100.0,46575.0,212925.0,380925.0,744900.0,239550.0,354225.0,169950.0,301800.0,117750.0,369300.0,126975.0,259275.0,145800.0,64275.0,147150.0,70950.0,353475.0,93225.0,207675.0,114600.0,453150.0,132750.0,301725.0,385875.0,485025.0,78825.0,161025.0,18825.0,36075.0,3900.0,22050.0,300.0,3000.0,150.0,0.1608953218441673,40.25,64275.0,0.1588033593061844,46.95,147150.0,0.1566964159885858,54.65,70950.0,0.1547102500780307,63.6,353475.0,0.1533317971028781,74.45,93225.0,0.1499071909556937,84.6,207675.0,0.1494024843794391,99.45,114600.0,0.148000068280697,115.1,453150.0,0.1463228841652321,132.3,132750.0,0.1461420378092747,153.35,301725.0,0.1446321240971914,365.6,766800.0,0.1458546485490121,167.9,744900.0,0.1429229988119719,142.0,239550.0,0.1407414703166964,119.3,354225.0,0.139987351683676,100.55,169950.0,0.1384034700245027,83.0,301800.0,0.1380305921030652,68.85,117750.0,0.1383169789834912,57.2,369300.0,0.1362140266429342,45.1,126975.0,0.1353390496132609,35.85,259275.0,0.1347219672054582,28.3,145800.0,0.0016907600680407,-0.0017091252852194,0.0033998853532602,-9.182608589342056e-06,0.144622941488602,0.0047703602822477,-0.0046447724135153,0.009415132695763,6.279393436620095e-05,0.1446949180315576,0.0086996730056866,-0.0066015319941261,0.0153012049998128,0.0010490705057802,0.1456811946029717,0.0120642918913944,-0.0084180974542572,0.0204823893456516,0.0018230972185686,0.14645522131576,0.0162631977469759,-0.0099101568917331,0.026173354638709,0.0031765204276213,0.1478086445248128,0.1444961957048458,-0.0108659959474565,4.62963898918759e-05,0.0008471597046781,0.6945019603524268,low,5,0.02609297052796276,252,none,0920_open,500,297.05,500.0,-202.95,202.95
2025-01-10,23561.2,23588.95,0.0003884116538728,0.0223589938749681,0.0020988392728299,-5.040187735297284,-4.341901935319411,-4.512471061673794,-0.0049965805462818,515.4,481.9,430.0,390.85,356.25,319.55,283.95,250.0,219.5,190.4,163.3,140.0,116.4,97.3,80.05,65.55,52.45,42.0,33.25,26.3,20.8,40.7,48.3,56.35,67.65,78.25,91.0,106.0,122.7,141.75,161.6,185.8,210.9,239.4,269.75,302.8,339.3,376.5,409.05,458.5,495.3,540.2,2025-01-16,0.0163036121975932,0.1276855990219461,4.986666666666666,23350.8,0.1419284939717603,23527.476845971345,23550,0.0171423135464231,0.020143697401092,-3.904863823581496,4.986666666666666,-3.8005266283548376,0.0003884116538728,2025,0.0142428949498141,0.0003226217440158,0.0003453095768337,0.1371867286541923,2.2687832817921744e-05,0.9342971225242258,0.004741765317568,-8.039029992139566,-7.971069219131653,-4.066205395550156,0.0002409924625828,0.697902632161356,0.0233606254841975,0.0001043171142509,-0.0679607730078646,1,0,0,1800.0,825.0,7275.0,1575.0,19650.0,18375.0,84225.0,91500.0,511875.0,823725.0,1339575.0,443700.0,702750.0,338175.0,595500.0,218025.0,405750.0,208350.0,599325.0,170250.0,284700.0,212025.0,195675.0,240000.0,133275.0,336900.0,193800.0,426450.0,267300.0,818175.0,768675.0,918525.0,208650.0,217425.0,74100.0,62475.0,16800.0,12300.0,1650.0,25500.0,75.0,2625.0,0.1578978139203898,40.7,212025.0,0.1564076451423018,48.3,195675.0,0.1540685786724355,56.35,240000.0,0.153856660685937,67.65,133275.0,0.1513433361782538,78.25,336900.0,0.1494363740690424,91.0,193800.0,0.1479982967219561,106.0,426450.0,0.1463858312881173,122.7,267300.0,0.14504976044811,141.75,818175.0,0.1426196583680179,161.6,768675.0,0.1419284939717603,349.1,2258100.0,0.1413778355632193,140.0,443700.0,0.1386553670599121,116.4,702750.0,0.1377573668897412,97.3,338175.0,0.136503431503049,80.05,595500.0,0.13580077678914,65.55,218025.0,0.1344402425979301,52.45,405750.0,0.1338904664304395,42.0,208350.0,0.1333729383980375,33.25,599325.0,0.1333227601212695,26.3,170250.0,0.1336455424172182,20.8,284700.0,0.0031212664763497,-0.0032731269118481,0.0063943933881979,-7.593021774920938e-05,0.1418525637540111,0.0060698027501958,-0.0054250624687112,0.0114948652189071,0.0003223701407422,0.1422508641125026,0.0094148422064934,-0.0074882513738301,0.0169030935803236,0.0009632954163316,0.1428917893880919,0.0121400847006752,-0.0085555555737227,0.0206956402743979,0.0017922645634762,0.1437207585352365,0.0159693199486295,-0.008282951554542,0.0242522715031716,0.0038431841970437,0.145771678168804,0.1424918517910482,-0.0124867659501539,0.0020702018885843,0.0003663142815683,0.7084701736060629,low,5,0.026341828205162718,252,none,0920_open,500,287.6,199.20000000000073,88.3999999999993,212.39999999999998
2025-01-17,23178.2,23185.5,-0.0041046966961844,0.2274322970459091,0.0053951052335815,-4.848383581008934,-4.294624612882226,-4.355371105442678,0.0052684921204789,539.2,508.5,456.6,420.0,378.1,340.2,304.45,272.0,239.6,210.2,183.2,158.0,134.0,114.2,95.5,80.6,66.25,54.5,44.25,36.45,29.3,39.9,47.2,55.35,65.2,75.7,88.45,103.5,119.15,137.7,157.0,180.65,205.0,233.5,259.3,293.8,321.95,363.25,400.0,442.0,481.35,527.0,2025-01-23,0.0159175509826517,0.1261647771077637,4.986666666666666,23216.3,0.1502735784204445,23202.552624123247,23200,0.0171423135464231,0.0225821483712854,-3.790595579911254,4.986666666666666,-1.4809026802840282,0.0041046966961844,2025,0.0241088013126807,0.0003149822257942,0.0003871102679324,0.1355527418548162,7.212804213815042e-05,0.8136757195220101,0.0147208365656283,-8.062994346780581,-7.856800975461414,-4.066205395550156,0.0002673520584488,0.6906354095869299,0.0253895070191824,0.0001197582094836,-0.2061933713193381,1,0,0,600.0,525.0,5250.0,675.0,6525.0,5025.0,84975.0,26775.0,156900.0,249375.0,822375.0,306450.0,656400.0,215250.0,455700.0,218625.0,484950.0,164700.0,484050.0,178200.0,324975.0,197400.0,125700.0,277125.0,142875.0,422850.0,195450.0,638700.0,247425.0,630000.0,615825.0,1233675.0,342000.0,384900.0,76125.0,112125.0,16350.0,75150.0,2850.0,20625.0,0.0,2475.0,0.1645746470036274,39.9,197400.0,0.1630565493697748,47.2,125700.0,0.1612038644826604,55.35,277125.0,0.159875093756521,65.2,142875.0,0.1577613762640638,75.7,422850.0,0.156404643595942,88.45,195450.0,0.1556062438243228,103.5,638700.0,0.1537030627517967,119.15,247425.0,0.1526604861269991,137.7,630000.0,0.1505380397772875,157.0,615825.0,0.1502735784204445,363.85,2056050.0,0.1491123687843557,158.0,306450.0,0.147100656790608,134.0,656400.0,0.1467651180193187,114.2,215250.0,0.1455021892867722,95.5,455700.0,0.1458223055815164,80.6,218625.0,0.1448025189476616,66.25,484950.0,0.1445408643906696,54.5,164700.0,0.1440701052424008,44.25,484050.0,0.1448185383156434,36.45,178200.0,0.1447199574969574,29.3,324975.0,0.0023869077065546,-0.0031729216298365,0.0055598293363911,-0.0003930069616409,0.1498805714588035,0.0053326654038783,-0.0047713891336723,0.0101040545375506,0.000280638135103,0.1505542165555475,0.0074877978436193,-0.0054710594727828,0.0129588573164022,0.0010083691854182,0.1512819476058627,0.0109302860622159,-0.0062034731780437,0.0171337592402596,0.0023634064420861,0.1526369848625306,0.0143010685831829,-0.005553620923487,0.0198546895066699,0.0043737238298479,0.1546473022502924,0.1498235773120458,-0.0101967153851544,0.0033808074124608,0.0004150333046929,0.6886611943858616,middle,5,0.026459218205436678,252,none,0920_open,500,294.65000000000003,16.299999999999272,278.35000000000076,205.34999999999997
2025-01-24,23275.8,23274.9,0.0039818826316389,0.1163046192326759,0.0044337560363123,-5.086948867300745,-4.290602313631461,-4.442867743596679,0.0023524070182259,538.5,538.5,495.45,457.3,416.4,378.9,341.65,307.65,273.35,242.35,213.85,185.85,159.9,136.65,114.85,96.55,80.3,65.25,52.75,42.45,33.7,40.75,47.45,55.25,64.3,74.0,85.85,99.65,114.0,131.55,149.55,169.15,191.4,217.45,243.3,272.8,303.55,337.35,371.7,411.4,449.3,493.9,2025-01-30,0.0160093690284658,0.1265281353235946,4.986666666666666,23297.95,0.1566793322489007,23344.745999336927,23300,0.0171423135464231,0.0245484131539614,-3.7071080641438687,4.986666666666666,-2.1515425019945393,0.0039818826316389,2025,0.030151196925306,0.0003167991543199,0.0004208165953523,0.1359431376812935,0.0001040174410324,0.7528200118977104,0.0207361945676071,-8.05724256747231,-7.773313459694026,-4.066205395550156,0.0002884166120008,0.6853736644091977,0.0269687471805976,0.0001323999833515,-0.2839291077781967,1,0,0,0.0,3300.0,425.0,2925.0,1550.0,55875.0,8050.0,77750.0,88350.0,397400.0,443150.0,757000.0,257075.0,364150.0,149000.0,465350.0,149225.0,315075.0,157100.0,242325.0,107650.0,80400.0,189575.0,88425.0,174825.0,63825.0,279125.0,92200.0,158800.0,137800.0,383350.0,299600.0,451475.0,76700.0,104400.0,12675.0,65500.0,2300.0,6750.0,5875.0,2725.0,250.0,0.1739404010729549,40.75,80400.0,0.1719843071908503,47.45,189575.0,0.170172198437836,55.25,88425.0,0.1685136637946202,64.3,174825.0,0.1662278488829042,74.0,63825.0,0.1647797419723847,85.85,279125.0,0.1637306451953811,99.65,92200.0,0.1616753704048233,114.0,158800.0,0.1609101262462786,131.55,137800.0,0.1589284455115446,149.55,383350.0,0.1566793322489007,383.0,742750.0,0.1547022551436608,185.85,757000.0,0.1526797862537892,159.9,257075.0,0.1511048170666269,136.65,364150.0,0.148901813248936,114.85,149000.0,0.1478489383893423,96.55,465350.0,0.1467702924754733,80.3,149225.0,0.1448672828744648,65.25,315075.0,0.1435478120184775,52.75,157100.0,0.1426995959500044,42.45,242325.0,0.1417828300387684,33.7,107650.0,0.0042307939973779,-0.0039995459951114,0.0082303399924894,0.0001156240011332,0.1567949562500339,0.0070513129464804,-0.0077775189999647,0.0148288319464451,-0.0003631030267421,0.1563162292221585,0.0095485166340035,-0.0099090397734273,0.0194575564074308,-0.0001802615697119,0.1564990706791888,0.0134928661889353,-0.0131315202304231,0.0266243864193585,0.000180672979256,0.1568600052281568,0.0172610688240542,-0.0148965022101323,0.0321575710341865,0.0011822833069609,0.1578616155558616,0.1551308364116108,-0.0166609160483044,-0.0011183136399875,0.0004717147994095,0.6711023847847332,middle,5,0.025096655141311718,252,none,0920_open,500,308.55,2.0499999999992724,306.50000000000074,191.45
2025-01-31,23301.2,23294.8,0.0001931413371385,0.0118904202566639,0.0016243630961066,-4.74130736239486,-4.190831336636935,-4.316880781913042,0.005239483821661,679.95,645.2,609.35,571.3,536.05,501.5,469.75,436.6,406.1,377.75,349.55,321.85,296.75,271.95,248.4,226.5,206.55,187.0,168.45,151.2,135.7,128.5,140.4,153.0,168.25,182.7,199.15,214.6,233.85,252.8,274.55,295.25,319.15,341.4,366.8,393.85,423.6,453.8,484.1,511.6,546.7,581.65,2025-02-06,0.0177559157582057,0.1332513255401452,5.986666666666666,23628.05,0.2642854653587459,23354.355878389153,23300,0.0171423135464231,0.0698468071998889,-2.661450903702699,5.986666666666666,-4.4320222235160305,0.0001931413371385,2025,0.1310341398186006,0.0004218204325626,0.001197335869237,0.1568660963416188,0.0007755154366743,0.3522991696819776,0.107419369017127,-7.770930849739917,-6.727656299252856,-4.066205395550156,0.0007456644951833,0.6227696959070049,0.0557225854401228,0.0004516713740537,-1.0432745504871666,1,0,1,2325.0,1350.0,2250.0,1650.0,17625.0,22050.0,11475.0,30000.0,69900.0,77400.0,234300.0,124350.0,156300.0,49575.0,139575.0,41775.0,185100.0,43800.0,122100.0,36600.0,95550.0,69525.0,23400.0,60375.0,25050.0,127950.0,35400.0,76500.0,39750.0,170175.0,166800.0,302250.0,121050.0,59250.0,15450.0,29700.0,7800.0,7425.0,3375.0,3600.0,1200.0,825.0,0.2783084128915055,128.5,69525.0,0.2767003936041826,140.4,23400.0,0.2749031240407338,153.0,60375.0,0.2747116431779129,168.25,25050.0,0.2728268942196305,182.7,127950.0,0.2718225232129219,199.15,35400.0,0.2690095187076118,214.6,76500.0,0.268540211881029,233.85,39750.0,0.2668359605079807,252.8,170175.0,0.2664924791789106,274.55,166800.0,0.2642854653587459,644.8,536550.0,0.2637152308124619,319.15,121050.0,0.2615549192750311,296.75,156300.0,0.2599710021013233,271.95,49575.0,0.2583778334507929,248.4,139575.0,0.2571062536308502,226.5,41775.0,0.2564282323099513,206.55,185100.0,0.2550318099068416,187.0,43800.0,0.2534186464909087,168.45,122100.0,0.2518618066715598,151.2,36600.0,0.2508176380133709,135.7,95550.0,0.0025504951492348,-0.0027305460837147,0.0052810412329495,-9.002546723996252e-05,0.2641954398915059,0.0047240533488658,-0.0059076319079529,0.0106316852568188,-0.0005917892795435,0.2636936760792023,0.0085414288608846,-0.0078572330487945,0.0163986619096792,0.000342097906045,0.2646275632647909,0.0106176586819879,-0.0108668188678371,0.0214844775498251,-0.0001245800929246,0.2641608852658212,0.0140229475327595,-0.0134678273453749,0.0274907748781345,0.0002775600936922,0.2645630254524382,0.2628838255222055,-0.0225622672460504,-0.0007205543408276,0.0004630076200798,0.5353823103426602,high,6,0.02534382530314648,252,none,0920_open,500,380.59999999999997,328.0499999999993,52.55000000000069,119.40000000000003
2025-02-07,23583.9,23583.25,-0.0027776972302911,0.0681231275641313,0.0043355848693388,-5.492567793893391,-4.250742943077934,-4.321963840273188,-0.0024812544961047,573.1,530.35,488.95,444.0,405.55,370.55,334.2,300.6,267.85,236.45,209.0,182.9,158.45,136.6,116.0,98.05,82.3,67.9,56.0,45.85,36.85,44.5,51.8,60.15,70.55,81.6,93.95,109.0,124.65,142.1,162.2,183.7,207.0,232.65,261.15,290.85,322.9,355.65,393.5,430.2,465.3,511.8,2025-02-13,0.014777377765049,0.1215622382364237,4.986666666666666,23019.4,0.1591552381858443,23625.32603541889,23600,0.0171423135464231,0.0253303898419928,-3.675750424562199,4.986666666666666,-2.6864385116736105,0.0027776972302911,2025,0.0375929999494205,0.0002924200679432,0.0004342214849245,0.1306077264725068,0.0001418014169812,0.6734352815225022,0.0285475117133374,-8.137319200626683,-7.741955820112357,-4.066205395550156,0.0002967503247725,0.6834077425350393,0.0275840234789457,0.000137471160152,-0.3953633805144949,1,0,1,375.0,300.0,2700.0,900.0,8700.0,11400.0,31725.0,19650.0,122475.0,128775.0,535050.0,322125.0,363450.0,155550.0,321900.0,114375.0,169575.0,84825.0,420825.0,69750.0,138525.0,318300.0,143400.0,267675.0,127725.0,254850.0,237375.0,717825.0,211125.0,563400.0,509400.0,1200600.0,403275.0,327300.0,50700.0,140850.0,4350.0,24150.0,2475.0,8550.0,75.0,1875.0,0.1727990900132393,44.5,318300.0,0.1710214068419501,51.8,143400.0,0.1692504559898865,60.15,267675.0,0.1684295749001381,70.55,127725.0,0.1668643629872067,81.6,254850.0,0.1651872033033345,93.95,237375.0,0.1645688383248542,109.0,717825.0,0.162967746087222,124.65,211125.0,0.1614095551032408,142.1,563400.0,0.1605082659693071,162.2,509400.0,0.1591552381858443,392.7,1735650.0,0.1580837306691679,182.9,322125.0,0.1566919869760823,158.45,363450.0,0.1557433123129494,136.6,155550.0,0.1541112788630387,116.0,321900.0,0.1529994579213897,98.05,114375.0,0.1521018516199131,82.3,169575.0,0.1506708387637605,67.9,84825.0,0.1499566552703843,56.0,420825.0,0.1493877269300516,45.85,69750.0,0.1483759806653393,36.85,138525.0,0.0022543169173965,-0.0024632512097619,0.0047175681271584,-0.0001044671461827,0.1590507710396616,0.0054136001390099,-0.0050439593228055,0.0104575594618155,0.0001848204081022,0.1593400585939465,0.0077091248013624,-0.0070533865659311,0.0147625113672936,0.0003278691177156,0.1594831073035599,0.0100952178040422,-0.0091985829154599,0.0192938007195022,0.0004483174442911,0.1596035556301354,0.013643851827395,-0.0107792575205049,0.0244231093478999,0.001432297153445,0.1605875353392893,0.1585651110993928,-0.012112434512566,0.0003671257395479,0.0001880355418812,0.6606942358032227,middle,5,0.025214463966624683,252,none,0920_open,500,311.34999999999997,500.0,-188.65000000000003,188.65000000000003
2025-02-14,23092.05,23090.5,-0.0001450206296671,0.0310200488965364,0.0021868998205009,-4.342568115349335,-4.261640894142246,-4.305749169910086,-0.0016667683318417,560.0,515.35,470.0,430.2,392.25,352.5,317.4,279.1,248.85,217.7,188.65,162.4,137.35,116.65,97.3,80.55,65.15,52.75,41.85,33.05,26.35,31.0,37.1,44.55,53.15,62.7,75.3,87.85,103.55,119.3,138.75,159.4,183.0,210.6,237.3,270.4,305.0,335.35,374.5,411.0,450.55,496.25,2025-02-20,0.0158314777231035,0.1258232002577568,4.986666666666666,22906.25,0.1439639046278559,23129.28010023725,23100,0.0171423135464231,0.0207256058356983,-3.876385346267478,4.986666666666666,-3.4731215449443225,0.0001450206296671,2025,0.018140704370099,0.0003132789771661,0.0003552848336751,0.1351857481531346,4.200585650894153e-05,0.881768506484144,0.0087781564747212,-8.06841646354646,-7.942590741817639,-4.066205395550156,0.0002473082079815,0.6960843372439856,0.0238524164091091,0.0001079766256935,-0.1258257217290136,1,0,0,1275.0,600.0,4350.0,675.0,40350.0,5550.0,25500.0,19275.0,187350.0,216150.0,806700.0,469200.0,599250.0,247650.0,418200.0,234450.0,320325.0,131550.0,532350.0,238425.0,369000.0,223200.0,79800.0,369825.0,195975.0,441750.0,192300.0,413325.0,297675.0,870825.0,562800.0,1269675.0,414675.0,378975.0,48150.0,84750.0,7800.0,15150.0,825.0,20625.0,150.0,6450.0,0.157658376024018,31.0,223200.0,0.1560329244466709,37.1,79800.0,0.1548012678392407,44.55,369825.0,0.1534667872244097,53.15,195975.0,0.1516821344864295,62.7,441750.0,0.1515080157207807,75.3,192300.0,0.1495751118791592,87.85,413325.0,0.1489200022866191,103.55,297675.0,0.1465776699157291,119.3,870825.0,0.1456804103093021,138.75,562800.0,0.1439639046278559,348.05,2076375.0,0.1429127733260157,162.4,469200.0,0.1409347990618845,137.35,599250.0,0.1406552921490344,116.65,247650.0,0.1395719735420302,97.3,418200.0,0.1388096115466341,80.55,234450.0,0.1372507556225681,65.15,320325.0,0.1366371011980785,52.75,131550.0,0.1355887560644118,41.85,532350.0,0.1349945240855445,33.05,238425.0,0.1353185074947278,26.35,369000.0,0.0026137652878732,-0.0030291055659713,0.0056428708538446,-0.000207670139049,0.1437562344888068,0.0056112072513033,-0.0043919310858256,0.010003138337129,0.0006096380827388,0.1445735427105947,0.0077182298585736,-0.0067131490052877,0.0144313788638614,0.0005025404266429,0.1444664450544988,0.0108373632113847,-0.008375148563444,0.0192125117748288,0.0012311073239703,0.1451950119518262,0.0136944713961621,-0.008645397133128,0.0223398685292902,0.002524537131517,0.1464884417593729,0.1434704315985746,-0.0107666199618248,0.001331018244175,0.0004381189174804,0.6897176272410809,low,5,0.02576483482727076,252,none,0920_open,500,290.7,193.75,96.94999999999999,209.3
2025-02-21,22906.7,22917.0,0.0021589466469843,0.0340537499195339,0.0027109801662832,-4.97615087453846,-4.23012874977687,-4.30284905477458,-0.0003557348089102,552.0,505.2,466.0,422.05,382.1,342.9,305.65,270.55,237.45,206.6,176.95,150.65,126.95,106.0,86.5,70.25,56.15,44.1,34.75,27.0,20.65,23.6,28.9,35.1,42.9,52.0,62.6,75.2,90.25,106.4,125.6,146.65,169.85,195.7,224.8,256.3,289.4,324.8,364.0,402.5,442.75,489.5,2025-02-27,0.0067847856285295,0.0823698101766025,3.986666666666667,22510.85,0.1349418316937874,22930.33118075859,22900,0.0171423135464231,0.0182092979408744,-4.005822939479815,3.986666666666667,-3.3798151226550406,0.0021589466469843,2025,0.0525720215171848,0.00010733602661,0.0003121494947627,0.0791294304840462,0.0002048134681526,0.3438609653738705,0.0558124012097411,-9.139546208762388,-8.072028335029975,-4.066205395550156,0.0002198740537316,0.7043870242326339,0.0216881642479252,9.227544103108322e-05,-1.0675178737330473,1,0,1,300.0,150.0,16275.0,2550.0,16350.0,6600.0,54975.0,43500.0,257625.0,289200.0,1096950.0,571350.0,869025.0,329925.0,505125.0,226800.0,326625.0,210675.0,540750.0,161550.0,461475.0,236250.0,119625.0,444450.0,109200.0,232725.0,127500.0,403275.0,199950.0,483225.0,424200.0,853200.0,240525.0,310050.0,34950.0,42075.0,9000.0,32100.0,2850.0,10125.0,675.0,2025.0,0.1468851191958693,23.6,236250.0,0.1453851858990259,28.9,119625.0,0.1437009929658969,35.1,444450.0,0.1425746025839036,42.9,109200.0,0.1413208156499407,52.0,232725.0,0.1400007504604619,62.6,127500.0,0.1389477785645364,75.2,403275.0,0.1383714967525013,90.25,199950.0,0.1368801224218775,106.4,483225.0,0.1361233765758446,125.6,424200.0,0.1349418316937874,323.6,1950150.0,0.1339052157330136,150.65,571350.0,0.132969140281332,126.95,869025.0,0.1322602560592635,106.0,329925.0,0.1306507410488174,86.5,505125.0,0.1297935951744437,70.25,226800.0,0.128803202277766,56.15,326625.0,0.1276889986317906,44.1,210675.0,0.1274816110415327,34.75,540750.0,0.1272076168900856,27.0,161550.0,0.1268382750308546,20.65,461475.0,0.0019382907280901,-0.0019726914124554,0.0039109821405455,-1.7200342182610573e-05,0.1349246313516048,0.004005946870749,-0.0042910906449699,0.008297037515719,-0.0001425718871104,0.1347992598066769,0.0063789839561533,-0.0061386294160213,0.0125176133721747,0.000120177270066,0.1350620089638534,0.0087591612721095,-0.0074602206522547,0.0162193819243642,0.0006494703099274,0.1355913020037148,0.0119432875020819,-0.0081035566629328,0.0200468441650147,0.0019198654195745,0.1368616971133619,0.1343821662445418,-0.0083643472692545,-0.0001230635893818,0.0001704518752282,0.7068406191172725,low,4,0.0261763179022042,252,none,0920_open,500,279.35,389.15000000000146,-109.80000000000143,220.64999999999998
2025-02-28,22320.05,22319.6,-0.0049759579853393,0.2923957590956275,0.0061111149224576,-5.535507116618056,-5.106139681800772,-4.4595009781772825,-0.0006861002797055,611.0,530.0,521.95,477.25,430.1,387.65,345.35,307.0,270.0,235.9,201.7,171.6,142.75,117.85,95.7,76.25,60.6,46.15,35.65,27.05,20.3,15.7,18.95,23.2,28.25,34.75,42.35,51.6,62.55,74.25,88.9,106.1,126.35,148.55,173.6,201.6,231.55,263.4,301.85,338.9,378.7,423.45,2025-03-06,0.014696754661696,0.1212301722414683,4.986666666666666,22529.2,0.1278188041862488,22395.69837889509,22300,0.0171423135464231,0.0163376467036026,-4.114283220509596,4.986666666666666,-1.2296470549886185,0.0049759579853393,2025,0.0065886319447805,0.0002908246689668,0.0002800650624038,0.1302509513318942,-1.075960656305282e-05,1.0384182392144934,-0.0024321471456454,-8.14278998451742,-8.180488616059753,-4.066205395550156,0.000199243983267,0.7114203448187352,0.0200090910273518,8.082107913682003e-05,0.0376986315421579,0,1,0,1800.0,0.0,375.0,75.0,21825.0,1875.0,17925.0,9900.0,98475.0,77250.0,516900.0,397125.0,567825.0,338250.0,668775.0,256200.0,724050.0,242925.0,1242900.0,307425.0,620775.0,236850.0,207600.0,306000.0,239700.0,1215225.0,214425.0,369825.0,204150.0,508500.0,380925.0,1009275.0,617325.0,754350.0,355050.0,337800.0,66975.0,149250.0,16425.0,32175.0,13425.0,103575.0,0.1473401538127371,15.7,236850.0,0.1446453260208558,18.95,207600.0,0.1425474017111148,23.2,306000.0,0.140326609241469,28.25,239700.0,0.1387172004962509,34.75,1215225.0,0.136878446382224,42.35,214425.0,0.1352858772436946,51.6,369825.0,0.1337221944174879,62.55,204150.0,0.1310532191775371,74.25,508500.0,0.1293114296635763,88.9,380925.0,0.1278188041862488,307.79999999999995,1526175.0,0.1268278503330861,126.35,617325.0,0.1239750087497646,142.75,567825.0,0.1225153802236424,117.85,338250.0,0.1210157724855574,95.7,668775.0,0.1194200270551294,76.25,256200.0,0.1188718111971635,60.6,724050.0,0.1169155085675946,46.15,242925.0,0.1167188191683327,35.65,1242900.0,0.1164206150053493,27.05,307425.0,0.1163103946020753,20.3,620775.0,0.0032344149912883,-0.0038437954364841,0.0070782104277725,-0.0003046902225979,0.1275141139636509,0.0074670730574457,-0.0068030317006913,0.0142701047581371,0.0003320206783772,0.128150824864626,0.010898396310002,-0.0089469929890852,0.0198453892990873,0.0009757016604584,0.1287945058467072,0.0147285975248659,-0.011099985017916,0.025828582542782,0.0018143062534749,0.1296331104397237,0.0195213496264883,-0.0115084095841734,0.0310297592106618,0.0040064700211574,0.1318252742074062,0.1245646050020691,-0.0122287578264803,0.0012245045316212,0.0003866549479899,0.7100756631301665,low,5,0.0261763179022042,252,none,0920_open,500,271.79999999999995,229.20000000000073,42.59999999999923,228.20000000000005
2025-03-07,22560.35,22540.5,0.0023031086358815,0.187909670083863,0.0047915750143503,-4.021852982019947,-4.113327098623146,-4.4587093300479035,0.008135823920397,543.0,501.95,454.75,415.65,375.95,330.8,295.0,259.8,225.55,194.55,169.15,140.15,116.2,96.0,77.5,61.8,48.85,39.15,30.35,22.7,17.05,24.45,29.9,36.05,42.75,51.75,63.0,75.8,90.05,107.3,125.6,145.95,170.6,198.4,227.45,259.8,292.55,330.0,365.6,405.3,450.95,494.6,2025-03-13,0.0098445460668506,0.0992196858836526,4.986666666666666,22383.3,0.1335994386971651,22573.223874376217,22550,0.0171423135464231,0.0178488100201975,-4.025818438513884,4.986666666666666,-1.6717939098961874,0.0023031086358815,2025,0.0343797528135124,0.0001948074195239,0.0003059698977967,0.106602657063427,0.0001111624782728,0.6366881870625062,0.026996781633738,-8.543499079576021,-8.092023834064046,-4.066205395550156,0.0002159163550731,0.7056784233609514,0.0213696738666081,9.005354272363211e-05,-0.4514752455118805,1,0,1,525.0,7500.0,6450.0,21900.0,10950.0,68550.0,49950.0,224250.0,187050.0,1288275.0,1177350.0,1338000.0,611100.0,1130550.0,489675.0,897525.0,418800.0,1030875.0,353550.0,1021650.0,310875.0,235725.0,369450.0,193050.0,514725.0,308625.0,874875.0,405300.0,866100.0,624075.0,1704225.0,1130775.0,791175.0,173625.0,180600.0,51525.0,62700.0,67275.0,13875.0,1050.0,10725.0,375.0,0.1492918349067911,24.45,235725.0,0.1477534599096122,29.9,369450.0,0.145722610446275,36.05,193050.0,0.1429514248277916,42.75,514725.0,0.1414698687682758,51.75,308625.0,0.140720273857146,63.0,874875.0,0.1396772424442294,75.8,405300.0,0.1381470898913259,90.05,866100.0,0.1374369119178724,107.3,624075.0,0.1356480946595239,125.6,1704225.0,0.1335994386971651,315.1,2308125.0,0.1299513280454933,140.15,1338000.0,0.1283803249442524,116.2,611100.0,0.1277956390985827,96.0,1130550.0,0.1264307360460219,77.5,489675.0,0.125335029768792,61.8,897525.0,0.1246588331306022,48.85,418800.0,0.1253748683243208,39.15,1030875.0,0.1250243487740243,30.35,353550.0,0.1238670282509665,22.7,1021650.0,0.12352037306916,17.05,310875.0,0.0038374732207073,-0.0052191137529126,0.0090565869736199,-0.0006908202661026,0.1329086184310624,0.0060778037470643,-0.0071687026511431,0.0132465063982075,-0.0005454494520394,0.1330539892451256,0.0078704300711107,-0.0089406055665628,0.0168110356376736,-0.000535087747726,0.133064350949439,0.0121231717491099,-0.0085750899231407,0.0206982616722506,0.0017740409129846,0.1353734796101497,0.015692396209626,-0.010079065628005,0.0257714618376311,0.0028066652908104,0.1364061039879755,0.1322783398176778,-0.0123876086436281,-5.420517220462066e-05,0.0008929954658119,0.7062099456838311,low,5,0.0261763179022042,252,none,0920_open,500,273.6,166.70000000000073,106.8999999999993,226.39999999999998
2025-03-17,22504.2,22510.5,0.0066658118518874,0.6177284151995647,0.0066809577489979,-4.867689601538972,-4.581817574660998,-4.4392047223351865,-0.0037991831979945,556.35,510.0,462.85,418.2,373.0,331.35,290.7,251.25,213.35,179.85,148.3,119.6,94.45,72.7,54.85,40.7,29.3,21.15,15.0,10.65,7.7,10.5,13.55,16.85,21.6,27.45,34.0,42.85,53.7,67.85,82.45,102.1,123.7,146.75,176.25,207.0,244.7,283.6,327.0,370.0,425.65,463.1,2025-03-20,0.0077578909813726,0.0880788906683812,3.986666666666667,23165.7,0.1459714169071035,22546.224741554084,22500,0.0089231354642313,0.0213076545538674,-3.848688902098061,3.986666666666667,-0.4817063757201215,0.0066658118518874,2025,0.0578925262387222,0.0001227306562661,0.0001901310880092,0.1172783332440656,6.74004317430446e-05,0.6455054644205164,0.0286930836630378,-9.005518390134092,-8.567796786810282,-4.719107884712219,0.0001358133964221,0.7143145176532628,0.0226005654673564,5.43176915870193e-05,-0.437721603324272,1,0,1,18375.0,2400.0,8100.0,4350.0,55350.0,27525.0,217125.0,141000.0,843150.0,915075.0,2424450.0,1446450.0,1690275.0,719550.0,1203600.0,642600.0,1030275.0,611775.0,618600.0,769875.0,968025.0,980175.0,321000.0,582825.0,336450.0,714300.0,413100.0,909300.0,435000.0,1189650.0,799650.0,1814700.0,458925.0,382425.0,87600.0,161400.0,15375.0,27675.0,4575.0,6225.0,675.0,10500.0,0.1724747540668427,10.5,980175.0,0.1700442560004356,13.55,321000.0,0.1661359913364904,16.85,582825.0,0.1637066928521431,21.6,336450.0,0.161103293237091,27.45,714300.0,0.1572696577558906,34.0,413100.0,0.1547006195044517,42.85,909300.0,0.1521959635864897,53.7,435000.0,0.1510510752979058,67.85,1189650.0,0.1471350991378595,82.45,799650.0,0.1459714169071035,250.4,4239150.0,0.1430381632574974,119.6,1446450.0,0.1404402609301834,94.45,1690275.0,0.1378595537035877,72.7,719550.0,0.1359457439993952,54.85,1203600.0,0.134764281399607,40.7,642600.0,0.133397143718602,29.3,1030275.0,0.1334370357414574,21.15,611775.0,0.1336012668062682,15.0,618600.0,0.1344702975825661,10.65,769875.0,0.1363125561989974,7.7,968025.0,0.0050796583908023,-0.00553115597692,0.0106108143677224,-0.0002257487930588,0.1457456681140446,0.0087292025973481,-0.0100256729077082,0.0187548755050564,-0.00064823515518,0.1453231817519234,0.0151318763299875,-0.0125742731885014,0.027706149518489,0.001278801570743,0.1472502184778465,0.0201645744293869,-0.0123701501008352,0.0325347245302221,0.0038972121642758,0.1498686290713793,0.0265033371597392,-0.009658860708106,0.0361621978678452,0.0084222382258165,0.15439365513292,0.143016971830203,-0.0138816806907411,0.0016594503964967,0.000567713832091,0.7125135132517064,low,4,0.025568327402409878,252,none,0920_open,500,232.20000000000002,500.0,-267.79999999999995,267.79999999999995
2025-03-21,23195.0,23187.1,0.001276795073175,0.0231026251225478,0.0028389570758784,-4.643681828666225,-4.769628628694289,-4.562354028961913,0.0110206747234949,525.0,478.7,428.2,385.0,348.4,302.15,264.05,230.6,195.65,165.35,138.65,115.5,90.35,71.8,57.25,43.5,33.4,25.75,19.9,14.8,11.4,17.15,20.6,25.2,31.5,38.65,49.0,60.65,74.15,91.6,111.05,132.7,157.0,187.3,218.95,251.25,285.0,328.85,371.5,407.0,453.45,500.6,2025-03-27,0.0121359098195346,0.1101631055278247,4.986666666666666,23601.05,0.1120457588471692,23205.956122954245,23200,0.0171423135464231,0.012554252075638,-4.377695859979956,4.986666666666666,-3.7678090262423782,0.001276795073175,2025,0.0018826533193444,0.000240149749868,0.0002152089254214,0.1183603803523,-2.494082444661955e-05,1.11589121779118,-0.0063146215051308,-8.334247871419509,-8.443901255530113,-4.066205395550156,0.0001568433271118,0.7287956426746117,0.016392822615375,5.836559830960352e-05,0.1096533841105321,0,1,0,5925.0,1275.0,23325.0,1200.0,38475.0,19950.0,177975.0,75975.0,476175.0,723150.0,1595775.0,602250.0,887700.0,375675.0,607800.0,415125.0,834075.0,368700.0,686400.0,236325.0,511350.0,188100.0,127650.0,476100.0,147225.0,339000.0,188850.0,552225.0,260175.0,555225.0,470175.0,944700.0,166125.0,147375.0,54300.0,71700.0,5100.0,24375.0,1875.0,1875.0,0.0,300.0,0.1284355727475221,17.15,188100.0,0.1251041005635577,20.6,127650.0,0.1223918645895967,25.2,476100.0,0.1206086271866311,31.5,147225.0,0.1181889955261679,38.65,339000.0,0.1176071959858504,49.0,188850.0,0.1162618528919802,60.65,552225.0,0.1146130416195902,74.15,260175.0,0.1143276788353572,91.6,555225.0,0.113437235150735,111.05,470175.0,0.1120457588471692,271.35,2540475.0,0.112516762890093,115.5,602250.0,0.1088259000322123,90.35,887700.0,0.1081859428513249,71.8,375675.0,0.1087024168581796,57.25,607800.0,0.1074746861812152,43.5,415125.0,0.1076190677371493,33.4,834075.0,0.1084336459387244,25.75,368700.0,0.109646730468845,19.9,686400.0,0.1099449166210798,14.8,236325.0,0.1115029867749992,11.4,511350.0,0.002281919988188,-0.0032198588149568,0.0055017788031448,-0.0004689694133843,0.1115767894337848,0.004216094044811,-0.0033433419889895,0.0075594360338005,0.0004363760279107,0.1124821348750799,0.0061432366789987,-0.0044266911100198,0.0105699277890185,0.0008582727844894,0.1129040316316586,0.0103461057424275,-0.0023990283783241,0.0127451341207517,0.0039735386820517,0.1160192975292209,0.0163898139003529,-0.0005427720721699,0.0169325859725228,0.0079235209140915,0.1199692797612607,0.11188648243067,-0.0065250862447419,0.000917761310815,0.0007010881614069,0.752339179616816,low,5,0.026389594096335817,252,none,0920_open,500,242.80000000000004,401.0499999999993,-158.24999999999923,257.19999999999993
2025-03-28,23604.9,23602.3,0.0001609847070736,0.0192271125410206,0.0023320932571203,-4.995730740703151,-4.505788731264205,-4.577490509737305,0.0058110854300421,575.55,533.9,487.05,442.15,402.25,363.5,322.5,284.75,248.5,218.25,186.75,161.3,136.65,115.4,97.0,80.05,67.0,55.4,46.4,38.75,32.4,23.5,28.0,32.95,39.5,47.1,56.2,67.05,80.15,96.2,113.4,133.95,156.05,181.7,210.3,241.9,276.3,312.55,350.95,392.95,436.3,478.55,2025-04-03,0.0132904497285725,0.1152842128332086,3.986666666666667,23241.6,0.1289398466150004,23652.854334787244,23600,0.0171423135464231,0.0166254840450998,-4.096818577369341,3.986666666666667,-3.951433884528749,0.0001609847070736,2025,0.0136556337817917,0.0002102563211028,0.0002849992603621,0.1107489999762634,7.474293925934178e-05,0.7377433921605125,0.0181908466387369,-8.46718319486487,-8.163023972919499,-4.066205395550156,0.0002024301553405,0.7102830901502836,0.0202715431277474,8.256910502157843e-05,-0.3041592219452413,1,0,0,1350.0,2550.0,1575.0,600.0,7950.0,1275.0,38100.0,38400.0,145875.0,183975.0,819450.0,438675.0,522525.0,201900.0,427650.0,217425.0,336525.0,231525.0,389850.0,172800.0,287175.0,238875.0,95775.0,200700.0,143850.0,246750.0,224100.0,323850.0,211950.0,602850.0,326250.0,888225.0,350325.0,327000.0,56250.0,75300.0,29250.0,18225.0,2175.0,14400.0,1725.0,975.0,0.1465514406944143,23.5,238875.0,0.1440969911378441,28.0,95775.0,0.1411070858054109,32.95,200700.0,0.1390286995072426,39.5,143850.0,0.1368027385440765,47.1,246750.0,0.1347633138874001,56.2,224100.0,0.1329342965506643,67.05,323850.0,0.1315600038049222,80.15,211950.0,0.1310142774100265,96.2,602850.0,0.1295481423024257,113.4,326250.0,0.1289398466150004,320.7,1707675.0,0.1276003371340585,156.05,350325.0,0.1287759914461332,136.65,522525.0,0.1287608913651825,115.4,201900.0,0.1291268254030108,97.0,427650.0,0.1287481241499453,80.05,217425.0,0.1299914528028764,67.0,336525.0,0.1308288093057577,55.4,231525.0,0.1326830684831223,46.4,389850.0,0.1345208884124182,38.75,172800.0,0.1365150059591972,32.4,287175.0,0.0020744307950261,-0.0001638551688671,0.0022382859638933,0.0009552878130794,0.1298951344280798,0.0039944499356639,0.0001869787880103,0.0038074711476535,0.0020907143618371,0.1310305609768375,0.0078628919290761,0.001051606187876,0.0068112857412001,0.0044572490584761,0.1333970956734765,0.0121672391904105,0.0037432218681219,0.0084240173222886,0.0079552305292662,0.1368950771442666,0.0176115940794139,0.0075751593441968,0.010036434735217,0.0125933767118053,0.1415332233268058,0.1285043645234948,-0.002323594809854,0.0077223925298631,0.0003814076391634,0.7162086260733366,low,4,0.0266243864193585,252,none,0920_open,500,264.8,358.40000000000146,-93.60000000000144,235.2
2025-04-04,23094.65,23071.75,-0.0041460878565867,0.1709998987843426,0.0052393086710558,-4.270569815575546,-4.4944087825608054,-4.4861638403751,-0.0038305996286617,515.2,515.2,464.55,416.15,372.75,334.9,298.85,261.95,228.55,198.6,169.0,142.9,119.55,99.65,81.35,65.8,53.65,42.85,34.25,27.05,21.6,25.1,30.1,36.0,43.15,52.1,62.35,74.7,89.05,106.05,125.6,146.3,169.85,197.4,226.5,259.1,293.85,329.95,368.8,410.15,452.5,498.0,2025-04-09,0.1482446759502111,0.385025552334142,3.986666666666667,22420.4,0.1423641522256669,23122.71962480242,23100,0.0144025875190258,0.0202675518389328,-3.898734103368771,3.986666666666667,-1.7660923143840812,0.0041460878565867,2025,-0.242661400108475,0.0023452464607996,0.0002919051891566,0.4035282863843925,-0.002053341271643,8.034274647790836,-0.2611641341587256,-6.055364782052355,-8.139081503089823,-4.240347399721049,0.0002051546217469,0.7028125205300992,0.0230147106982981,8.675056740964108e-05,2.0837167210375274,0,1,0,0.0,3075.0,900.0,8400.0,3075.0,35550.0,38250.0,73725.0,81750.0,523950.0,366375.0,1386750.0,720525.0,1259625.0,691650.0,1203825.0,428550.0,862125.0,470325.0,1117800.0,367125.0,403950.0,808500.0,581250.0,1096200.0,615450.0,1393575.0,804900.0,1413375.0,1189575.0,2970225.0,1604850.0,3373800.0,1313025.0,1258500.0,314850.0,491925.0,50775.0,67275.0,22200.0,58650.0,6825.0,0.1600538104097954,25.1,403950.0,0.1575322399256161,30.1,808500.0,0.1549603809481199,36.0,581250.0,0.1526222876669938,43.15,1096200.0,0.1509294961893986,52.1,615450.0,0.1489575600418053,62.35,1393575.0,0.1474154552914991,74.7,804900.0,0.1459415805509752,89.05,1413375.0,0.1449798960380537,106.05,1189575.0,0.1442470905694159,125.6,2970225.0,0.1423641522256669,315.3,1971225.0,0.1410902519217373,142.9,1386750.0,0.1399976813404916,119.55,720525.0,0.1397548693502385,99.65,1259625.0,0.1386786988848526,81.35,691650.0,0.137948282407467,65.8,1203825.0,0.1385509061384819,53.65,428550.0,0.1384806301158795,42.85,862125.0,0.1390048735610778,34.25,470325.0,0.1393872529101219,27.05,1117800.0,0.1405858334000161,21.6,367125.0,0.0026157438123868,-0.0023664708851752,0.004982214697562,0.0001246364636057,0.1424887886892726,0.0050513030658322,-0.0036854533408142,0.0087367564066465,0.0006829248625089,0.1430470770881758,0.0085653439637317,-0.0038132460871849,0.0123785900509166,0.0023760489382734,0.1447402011639403,0.012596228722453,-0.003359278664589,0.0159555073870421,0.0046184750289319,0.1469826272545988,0.0176896581841285,-0.0017783188256507,0.0194679770097793,0.0079556696792388,0.1503198219049057,0.1418571142147658,-0.0080673558359878,0.0035310603269026,0.0003565451658317,0.7022474553722468,low,4,0.0260374056118018,252,none,0920_open,500,268.59999999999997,500.0,-231.40000000000003,231.40000000000003
2025-04-11,22766.05,22766.3,0.0030707761720765,0.0740012229827637,0.0038500482352011,-3.855864942409202,-3.045572618674373,-4.220549614611621,-0.0056396310266629,638.25,592.85,555.0,514.65,475.75,437.65,401.55,367.25,333.9,300.0,271.25,242.55,216.85,192.75,170.0,149.8,130.55,115.65,101.0,88.05,76.8,71.5,79.2,88.4,97.65,109.15,120.2,133.45,148.35,164.75,183.4,202.3,224.35,248.15,274.05,303.45,331.35,365.4,397.65,432.3,471.05,508.05,2025-04-17,0.0293537025524754,0.1713292227043463,3.986666666666667,23837.75,0.1978122153733515,22819.02095423448,22750,0.0171423135464231,0.0391296725509132,-3.2408742110311395,3.986666666666667,-2.603673659120429,0.0030707761720765,2025,0.0264829926690052,0.000464378680592,0.0006707731158366,0.1645892322539336,0.0002063944352445,0.6923036562264073,0.0332229831194178,-7.674810216618797,-7.307079606581296,-4.066205395550156,0.0004405088404388,0.6567180914659322,0.0375088658221877,0.0002302642753977,-0.3677306100376248,1,0,1,450.0,13425.0,7800.0,102150.0,25125.0,135375.0,21750.0,97425.0,68625.0,300300.0,369825.0,658650.0,226950.0,391125.0,258675.0,743325.0,158775.0,249450.0,208050.0,488175.0,162825.0,97200.0,238800.0,132225.0,347850.0,138525.0,480825.0,117900.0,313050.0,210675.0,493050.0,436500.0,689700.0,109800.0,130800.0,24600.0,86550.0,5850.0,15150.0,2325.0,11850.0,975.0,0.2244117522833807,71.5,97200.0,0.2211760168781249,79.2,238800.0,0.2186958468506778,88.4,132225.0,0.2152555781078576,97.65,347850.0,0.2131141608279644,109.15,138525.0,0.2094248296096337,120.2,480825.0,0.2067433439576457,133.45,117900.0,0.2043902284803919,148.35,313050.0,0.202130623077415,164.75,210675.0,0.2005332385002097,183.4,493050.0,0.1978122153733515,473.55,806325.0,0.1963849800776899,224.35,689700.0,0.1947156943250229,216.85,226950.0,0.1936237920348094,192.75,391125.0,0.1922107276287148,170.0,258675.0,0.191512790976799,149.8,743325.0,0.1901545626172386,130.55,158775.0,0.1912981273586636,115.65,249450.0,0.1912915714506489,101.0,208050.0,0.1915480755151559,88.05,488175.0,0.1922021102043057,76.8,162825.0,0.0043184077040635,-0.0030965210483286,0.0074149287523921,0.0006109433278674,0.198423158701219,0.0089311285842942,-0.0056014877446367,0.0145326163289309,0.0016648204198287,0.1994770357931802,0.0153019454546129,-0.0076576527561128,0.0229595982107257,0.00382214634925,0.2016343617226015,0.0208836314773263,-0.0065206439227025,0.0274042754000288,0.0071814937773118,0.2049937091506634,0.0265995369100292,-0.0056101051690458,0.032209642079075,0.0104947158704916,0.2083069312438432,0.1957326749651107,-0.0186845938296654,0.0130637895886504,0.0002666353129351,0.6309948636177436,high,4,0.028353087416208702,252,none,0920_open,500,325.25,500.0,-174.75,174.75
2025-04-21,23959.4,23953.2,0.0004696186664257,0.0639792373156565,0.0038794468454969,-4.256155673249756,-3.694614141209166,-4.06490450060574,0.0171123708761306,528.35,484.8,440.55,401.0,359.95,322.35,284.75,248.05,219.15,186.95,162.65,136.35,117.0,96.7,80.8,68.2,55.6,46.65,38.05,31.7,26.25,39.35,44.85,52.05,60.0,70.15,80.7,94.1,110.85,127.45,148.95,171.0,198.65,225.7,258.15,292.1,326.15,359.15,405.95,441.0,485.9,529.45,2025-04-24,0.0097161917037542,0.0985707446647037,3.986666666666667,24245.05,0.1849328229596111,23941.64552831219,23950,0.0089231354642313,0.0342001490078108,-3.375525277969535,3.986666666666667,-2.749196665199891,0.0004696186664257,2025,0.0863620782949073,0.0001537111809218,0.0003051725624935,0.1312483905414668,0.0001514613815717,0.5036861101333564,0.0536844324181443,-8.780435164965809,-8.094633162681756,-4.719107884712219,0.0002087424797381,0.6840145720587631,0.0319838109068239,9.643008275546132e-05,-0.6858020022839204,1,0,1,3750.0,40200.0,5925.0,21675.0,21375.0,84450.0,52650.0,167400.0,126975.0,420975.0,805275.0,1440525.0,386850.0,572475.0,273975.0,629250.0,198075.0,423900.0,162375.0,321000.0,167325.0,178050.0,669000.0,238425.0,352275.0,216450.0,412650.0,297300.0,647475.0,320700.0,626100.0,686325.0,781800.0,103575.0,122550.0,22125.0,41475.0,4425.0,6075.0,450.0,3975.0,0.0,0.2166998301828063,39.35,178050.0,0.2115069104837308,44.85,669000.0,0.2076694297296251,52.05,238425.0,0.2032904947804432,60.0,352275.0,0.2002683789729437,70.15,216450.0,0.1958110560173947,80.7,412650.0,0.1929463960220687,94.1,297300.0,0.1918293904054081,110.85,647475.0,0.1881296129775761,127.45,320700.0,0.1875175372164729,148.95,626100.0,0.1849328229596111,333.65,1491600.0,0.1814954508748138,136.35,1440525.0,0.1831652085588002,117.0,386850.0,0.1810656925355218,96.7,572475.0,0.1814815557429464,80.8,273975.0,0.1835453814668714,68.2,629250.0,0.1831077350084515,55.6,198075.0,0.1855276810805919,46.65,423900.0,0.1862353755152499,38.05,162375.0,0.1886641193758811,31.7,321000.0,0.1908677766902396,26.25,167325.0,0.003196790017965,-0.0017676144008108,0.0049644044187759,0.000714587808577,0.1856474107681882,0.0080135730624576,-0.0034512672166646,0.0114648402791222,0.0022811529228964,0.1872139758825076,0.0153355560133326,-0.0018250879511595,0.0171606439644922,0.0067552340310865,0.1916880569906976,0.022736606770014,0.0013025525556387,0.0214340542143752,0.0120195796628264,0.1969524026224375,0.0317670072231952,0.0059349537306285,0.0258320534925667,0.0188509804769118,0.2037838034365229,0.1848298363220617,-0.0123382847915966,0.0136075114181675,0.0009150188244307,0.6606714811410033,middle,4,0.02745882167446776,252,none,0920_open,500,268.04999999999995,295.0499999999993,-26.999999999999318,231.95000000000005
2025-04-25,24327.35,24313.15,0.0015098316752649,0.1138791124160058,0.0041372544687358,-5.2440980016379894,-4.521112675036838,-4.026038427293432,-0.0022988563225335,597.2,551.15,509.25,465.5,425.0,382.55,346.0,307.2,274.0,239.05,206.85,177.65,150.95,129.6,107.7,89.5,73.4,59.75,48.75,39.1,32.35,43.5,49.1,55.7,62.65,71.0,81.2,91.15,103.35,117.55,134.0,153.75,174.15,199.5,223.9,253.35,285.65,318.15,357.1,396.4,436.85,476.0,2025-04-30,0.015539365170032,0.1246569900568439,3.986666666666667,24243.45,0.1535496470069566,24403.14590647614,24350,0.0144025875190258,0.0235774940959609,-3.747462661956148,3.986666666666667,-2.172617810631425,0.0015098316752649,2025,0.0288926569501127,0.0002458344013671,0.0003395769221963,0.1306474889225521,9.374252082921804e-05,0.7239431931272321,0.0229021580844044,-8.310852413883413,-7.987810061677201,-4.240347399721049,0.0002353745726091,0.693140661876494,0.0257117814777501,0.0001042023495872,-0.3230423522062425,1,0,0,7500.0,675.0,3375.0,975.0,77475.0,10200.0,52725.0,41175.0,291750.0,286875.0,1246125.0,1211775.0,1326900.0,448200.0,1248675.0,482100.0,627300.0,274800.0,481350.0,248625.0,605025.0,260625.0,164925.0,259875.0,223125.0,790800.0,188700.0,506775.0,415125.0,879150.0,568725.0,1678275.0,1185225.0,591675.0,111975.0,217650.0,30825.0,37575.0,4200.0,13500.0,4575.0,5400.0,0.1873793587592164,43.5,260625.0,0.1836217093392559,49.1,164925.0,0.1801534506681765,55.7,259875.0,0.1760283066600148,62.65,223125.0,0.1723980815990553,71.0,790800.0,0.1695102077639456,81.2,188700.0,0.1650334564570538,91.15,506775.0,0.1614059801810134,103.35,415125.0,0.1581417965236785,117.55,879150.0,0.1552763384888742,134.0,568725.0,0.1535496470069566,360.6,2924400.0,0.1505383433589377,174.15,1185225.0,0.1483599110576965,150.95,1326900.0,0.1485171525279927,129.6,448200.0,0.1461767412523867,107.7,1248675.0,0.1450926138254298,89.5,482100.0,0.1439044548496989,73.4,627300.0,0.1430713581064371,59.75,274800.0,0.1430767109613321,48.75,481350.0,0.1426726895405443,39.1,248625.0,0.1442528713013765,32.35,605025.0,0.0045921495167218,-0.00518973594926,0.0097818854659819,-0.000298793216269,0.1532508537906875,0.0114838094500972,-0.0073729057545698,0.0188567152046671,0.0020554518477636,0.1556050988547203,0.0188484345920987,-0.0096451921572576,0.0284936267493564,0.0046016212174205,0.1581512682243771,0.0266038036612198,-0.0104729360456244,0.0370767397068443,0.0080654338077977,0.1616150808147543,0.0338297117522597,-0.0092967757055801,0.0431264874578398,0.0122664680233398,0.1658161150302964,0.1507708075150341,-0.0183779347413024,0.0119476791071592,0.0004954096744609,0.6924641795801784,middle,4,0.026811406689970698,252,none,0920_open,500,284.75,106.54999999999927,178.20000000000073,215.25
2025-05-02,24410.3,24418.75,0.0040474091253884,0.4753336063570292,0.0056943175626682,-4.757181888872128,-4.389984061233884,-3.9748896591019904,-0.0033766495807822,610.45,570.15,518.7,480.0,438.5,400.6,360.45,323.8,289.1,255.5,223.1,196.6,168.45,144.2,122.2,102.9,85.5,70.4,57.75,47.05,38.1,64.45,71.2,79.3,86.65,96.1,105.5,117.25,130.7,145.3,162.55,182.0,200.3,225.05,250.8,278.2,310.3,342.8,379.15,415.7,455.1,496.0,2025-05-08,0.0097535623938411,0.0987601255256449,4.986666666666666,24154.1,0.158437144762621,24441.142294692345,24400,0.0171423135464231,0.0251023288405317,-3.6847946546571233,4.986666666666666,-0.7437383922925186,0.0040474091253884,2025,0.0596770192369761,0.0001930070018675,0.0004303119917298,0.1061089006600651,0.0002373049898622,0.4485280577277742,0.0523282441025558,-8.552784090611016,-7.751000050207281,-4.066205395550156,0.0002943222908642,0.6839741780866696,0.0274052984932351,0.0001359897008655,-0.8017840404039283,1,0,1,675.0,75.0,29925.0,1650.0,14400.0,14775.0,73650.0,63300.0,360525.0,210525.0,857700.0,713250.0,917325.0,420900.0,481425.0,371025.0,418950.0,293175.0,511125.0,213525.0,392100.0,193650.0,104325.0,591150.0,141975.0,282300.0,122700.0,359325.0,238950.0,612600.0,372900.0,1026300.0,601800.0,356850.0,66900.0,57450.0,27750.0,36150.0,2700.0,8775.0,2100.0,3525.0,0.1948662036598749,64.45,193650.0,0.1910439090355192,71.2,104325.0,0.1878181077976903,79.3,591150.0,0.1829301213070224,86.65,141975.0,0.1792114579558851,96.1,282300.0,0.1744636441265706,105.5,122700.0,0.1707910979623727,117.25,359325.0,0.1674202595550055,130.7,238950.0,0.1637667896247436,145.3,612600.0,0.1609392900969271,162.55,372900.0,0.158437144762621,405.1,1884000.0,0.1575763391661458,196.6,713250.0,0.1538569364949087,168.45,917325.0,0.1515764680287029,144.2,420900.0,0.1494075595300187,122.2,481425.0,0.1477282486495257,102.9,371025.0,0.145897129812962,85.5,418950.0,0.1443175896700617,70.4,293175.0,0.1432848950819371,57.75,511125.0,0.1424985579183373,47.05,213525.0,0.1419474730043392,38.1,392100.0,0.0053296448621226,-0.0045802082677122,0.0099098531298348,0.0003747182972052,0.1588118630598262,0.0123539531997517,-0.0090295852326022,0.021383538432354,0.0016621839835747,0.1600993287461957,0.0207743131932641,-0.0125400149496589,0.033314328142923,0.0041171491218026,0.1625542938844236,0.0293809630350693,-0.0151522496806838,0.0445332127157531,0.0071143566771927,0.1655515014398137,0.0364290588972539,-0.0164896717582817,0.0529187306555357,0.0099696935694861,0.1684068383321071,0.1564933911739141,-0.0255139982894684,0.0103223073368715,0.0005410855257256,0.6862769886127003,middle,5,0.02743154853724828,252,none,0920_open,500,302.55,245.90000000000146,56.649999999998556,197.45
2025-05-09,24113.5,24136.9,0.0075334626096247,1.3660585272962007,0.0092458257303999,-5.197282515860441,-4.6261066077861654,-4.001401450109326,-0.0105100692762356,599.55,560.95,521.2,481.95,442.45,402.0,366.75,330.55,297.3,264.85,233.75,206.7,179.15,156.25,134.1,114.5,97.4,81.15,67.7,55.75,46.6,157.45,166.05,174.35,184.85,195.55,207.65,219.2,235.55,249.0,268.55,287.85,309.2,332.6,358.0,385.1,416.2,448.2,483.7,519.4,553.65,601.0,2025-05-15,0.0390330361530991,0.1975678014077678,4.986666666666666,25035.3,0.2069189016471029,24045.844327424435,24100,0.0171423135464231,0.0428154318588434,-3.1508566839299896,4.986666666666666,0.3119296059819904,0.0075334626096247,2025,0.0093511002393351,0.0007723997630295,0.0007339555575498,0.2122688899150975,-3.84442054797736e-05,1.0523794732314766,-0.0053499882679946,-7.1660083142075015,-7.217062079480147,-4.066205395550156,0.0004780436219026,0.6513250250444066,0.0399256016984275,0.0002559119356471,0.0510537652725504,0,1,0,900.0,5475.0,2925.0,29700.0,12450.0,95925.0,28650.0,417150.0,143475.0,734625.0,507525.0,577725.0,307875.0,550650.0,274200.0,710700.0,355500.0,828675.0,287475.0,508350.0,361500.0,99150.0,212475.0,91200.0,559275.0,121050.0,358875.0,191925.0,1048050.0,289650.0,762225.0,386400.0,419625.0,70200.0,197550.0,50325.0,84900.0,22050.0,81825.0,9000.0,11775.0,750.0,0.2686798064015225,157.45,99150.0,0.2622938729267514,166.05,212475.0,0.2550212283438838,174.35,91200.0,0.2490165218618552,184.85,559275.0,0.2424436707762606,195.55,121050.0,0.236259892319019,207.65,358875.0,0.2287780680283963,219.2,191925.0,0.2242780228196692,235.55,1048050.0,0.2164284059260782,249.0,289650.0,0.2127259232876147,264.85,734625.0,0.2069189016471029,521.6,893925.0,0.2030884256564709,206.7,577725.0,0.197505409042846,179.15,307875.0,0.1943098247219357,156.25,550650.0,0.1902695987004562,134.1,274200.0,0.1868809561723145,114.5,710700.0,0.1841694807174407,97.4,355500.0,0.1805968506954596,81.15,828675.0,0.1781282792129642,67.7,287475.0,0.1755595551465931,55.75,508350.0,0.1746437033650245,46.6,361500.0,0.0095095042789753,-0.0094134926042568,0.0189229968832321,4.800583735925512e-05,0.2069669074844621,0.0218591663812934,-0.0166493029466466,0.0385084693279401,0.0026049317173234,0.2095238333644263,0.0355247691291577,-0.0227494209296621,0.0582741900588199,0.0063876740997477,0.2133065757468506,0.0481023266967809,-0.0287906224341386,0.0768929491309196,0.0096558521313211,0.216574753778424,0.0617609047544196,-0.0322751982820783,0.094036103036498,0.0147428532361706,0.2216617548832735,0.2126181554382286,-0.0683080346850043,0.0283811599538689,0.0005587115226934,0.6071748020317033,high,5,0.0274724582430775,252,none,0920_open,500,317.55,500.0,-182.45,182.45
2025-05-16,25003.5,25008.5,-0.0024346885909954,0.1977486550203427,0.0028296038554602,-3.381051970347361,-3.549875633720748,-4.116015771710775,0.0140606748607421,580.0,536.05,492.45,453.55,414.3,376.1,341.0,305.35,273.15,241.1,211.5,185.1,162.05,140.6,122.15,104.5,88.7,75.4,64.05,54.9,46.55,52.65,59.05,67.4,76.7,87.3,99.0,112.55,127.4,144.5,164.6,185.2,208.55,234.9,262.8,292.35,324.4,360.85,396.6,437.15,478.9,517.55,2025-05-22,0.010168079636072,0.1008368962040784,4.986666666666666,24637.0,0.1517623108480145,25026.327064486828,25000,0.0171423135464231,0.0230317989939293,-3.770879452962456,4.986666666666666,-1.6207584737716998,0.0024346885909954,2025,0.050925414643936,0.0002012096181952,0.0003948183198921,0.1083402045637281,0.0001936087016968,0.5096258406911348,0.0434221062842864,-8.511163316729744,-7.837084848512616,-4.066205395550156,0.0002721834785384,0.6893891818717879,0.0257548782677877,0.0001226348413537,-0.6740784682174916,1,0,1,29700.0,6675.0,30975.0,32100.0,40725.0,37575.0,64575.0,48375.0,154875.0,151125.0,1172700.0,747375.0,901275.0,382350.0,699300.0,351600.0,644175.0,235500.0,418500.0,206925.0,740400.0,770700.0,273075.0,490050.0,308325.0,588450.0,498825.0,976950.0,402300.0,1068000.0,922050.0,2714025.0,1062450.0,882300.0,136050.0,189825.0,40425.0,85125.0,13725.0,10500.0,2775.0,15975.0,0.1732787088470195,52.65,770700.0,0.1698697945470814,59.05,273075.0,0.1676406179040692,67.4,490050.0,0.1652878071542221,76.7,308325.0,0.163054352563579,87.3,588450.0,0.1606416506843042,99.0,498825.0,0.1586066374834506,112.55,976950.0,0.1563573573739746,127.4,402300.0,0.1545729097161106,144.5,1068000.0,0.1537152565026216,164.6,922050.0,0.1517623108480145,396.7,3886725.0,0.1505589695050819,185.1,747375.0,0.1503804404302427,162.05,901275.0,0.1498900791752539,140.6,382350.0,0.1502281484790947,122.15,699300.0,0.1496765926272024,104.5,351600.0,0.1491109872125445,88.7,644175.0,0.1492189245608746,75.4,235500.0,0.1496869050765953,64.05,418500.0,0.1510018660101727,54.9,206925.0,0.151872603023677,46.55,740400.0,0.0028105988680961,-0.0013818704177717,0.0041924692858679,0.0007143642251621,0.1524766750731767,0.0068443266354361,-0.0015341623689197,0.0083784890043559,0.0026550821332581,0.1544173929812727,0.0112920417155645,-0.0026513236354699,0.0139433653510345,0.0043203590400472,0.1560826698880618,0.0158783070560547,-0.0020754057714191,0.0179537128274739,0.0069014506423178,0.1586637614903323,0.021516397999005,0.0001102921756625,0.0214061058233425,0.0108133450873338,0.1625756559353483,0.1515203643048036,-0.0097885266498703,0.0116182694242587,0.0003355095084327,0.7006118437102742,middle,5,0.028353087416208702,252,none,0920_open,500,297.5,363.0,-65.5,202.5
2025-05-23,24626.5,24662.0,-0.000531808017665,0.0162154147277426,0.0021724565001116,-4.125330036354453,-4.632937083451392,-4.3213986399169,-0.0066325808828385,534.15,498.35,457.0,417.3,381.75,342.0,309.3,276.5,246.45,217.5,190.1,165.35,143.95,123.5,105.7,90.3,76.25,64.75,54.25,45.55,38.2,48.6,57.0,64.9,75.25,87.5,100.4,115.35,132.85,151.7,172.7,196.1,221.85,248.7,279.2,312.6,348.3,380.55,421.7,464.05,500.0,535.05,2025-05-29,0.0155070244283464,0.1245272035675196,4.986666666666666,24880.85,0.1501390948551583,24643.99382559236,24650,0.0171423135464231,0.0225417478039262,-3.7923862310552745,4.986666666666666,-4.121792962754212,0.000531808017665,2025,0.0256118912876386,0.000306858578635,0.0003864177087392,0.1337933159004595,7.955913010429451e-05,0.7941110660692564,0.0163457789546987,-8.08912357242365,-7.858591626605431,-4.066205395550156,0.0002669175321231,0.6907487055755432,0.0253565515369025,0.0001195001766161,-0.2305319458179759,1,0,0,0.0,12450.0,5250.0,23250.0,9300.0,78600.0,38625.0,403200.0,200625.0,1619850.0,1698975.0,1650450.0,683550.0,875850.0,492900.0,800325.0,342675.0,1253925.0,331650.0,530175.0,269250.0,207975.0,392175.0,194775.0,450450.0,303975.0,667950.0,366450.0,1043625.0,504075.0,1854750.0,1268700.0,747075.0,132000.0,171525.0,56100.0,125325.0,9600.0,69525.0,3075.0,6075.0,1200.0,0.1640774436123623,48.6,207975.0,0.1629331207853082,57.0,392175.0,0.1600131235970709,64.9,194775.0,0.158449518068574,75.25,450450.0,0.1573749844611962,87.5,303975.0,0.1555071259125471,100.4,667950.0,0.1540343214629332,115.35,366450.0,0.153222548219593,132.85,1043625.0,0.1519854131147433,151.7,504075.0,0.1509118973087071,172.7,1854750.0,0.1501390948551583,386.2,2967675.0,0.1491662397354764,165.35,1650450.0,0.1492073700518066,143.95,683550.0,0.1483880495842815,123.5,875850.0,0.1481042319857356,105.7,492900.0,0.1482614759290913,90.3,800325.0,0.1480311693649687,76.25,342675.0,0.1486605855458763,64.75,1253925.0,0.1487884340343443,54.25,331650.0,0.1493898881599482,45.55,530175.0,0.150184659511306,38.2,269250.0,0.001846318259585,-0.0009317248033517,0.0027780430629367,0.0004572967281166,0.1505963915832749,0.0038952266077749,-0.0020348628694226,0.0059300894771976,0.000930181869176,0.1510692767243344,0.0072358896060379,-0.0021079254901895,0.0093438150962275,0.0025639820579241,0.1527030769130825,0.0098740287419126,-0.0013506608208139,0.0112246895627266,0.0042616839605493,0.1544007788157076,0.013938348757204,4.5564656147745186e-05,0.0138927841010563,0.0069919567066759,0.1571310515618342,0.1502029924254473,-0.0074668714623252,0.0065768173997165,0.0001724079567853,0.7013556563636514,middle,5,0.02745882167446776,252,none,0920_open,500,299.4,230.84999999999854,68.55000000000143,200.60000000000002
2025-05-30,24805.55,24826.9,-0.0002660135298405,0.0275945972650919,0.0027332907857314,-4.196372333842785,-4.2715631393761555,-4.292534051905528,0.004984095091313,529.9,487.25,447.25,406.0,371.85,336.2,304.8,271.45,242.1,215.4,189.5,167.8,146.65,129.85,110.45,96.8,82.85,69.45,59.85,49.9,42.8,46.85,55.15,65.25,77.55,90.35,104.95,120.55,140.9,161.95,184.75,210.35,237.35,267.25,294.45,330.3,364.6,402.0,438.0,480.4,517.35,517.35,2025-06-05,0.0110425313622117,0.1050834495161426,4.986666666666666,24761.1,0.1544298406879516,24779.12854393345,24800,0.0171423135464231,0.0238485756949061,-3.7360307827222026,4.986666666666666,-3.590135276685596,0.0002660135298405,2025,0.0493463911718089,0.0002185135835696,0.0004088197621976,0.1129027453780422,0.0001903061786279,0.534498582933056,0.0415270953099094,-8.428662377993929,-7.80223617827236,-4.066205395550156,0.0002809376478137,0.68719194567187,0.0264120718693794,0.0001278821143839,-0.6264261997217805,1,0,1,150.0,4125.0,1575.0,36225.0,3975.0,47400.0,22350.0,189300.0,182700.0,1193775.0,657525.0,592050.0,204000.0,660300.0,173400.0,390000.0,162225.0,415950.0,177375.0,343500.0,133950.0,111000.0,338100.0,171525.0,464625.0,222825.0,479250.0,213000.0,583425.0,498150.0,1421550.0,430950.0,310800.0,39750.0,133350.0,7200.0,15450.0,2775.0,33525.0,75.0,4650.0,0.0,0.1578643527498572,46.85,111000.0,0.1566289754742901,55.15,338100.0,0.1559989532710004,65.25,171525.0,0.1561191576852926,77.55,464625.0,0.1552082465646615,90.35,222825.0,0.1544615952833527,104.95,479250.0,0.1531080875063794,120.55,213000.0,0.1541399109969175,140.9,583425.0,0.1541440558226483,161.95,498150.0,0.1539735035925424,184.75,1421550.0,0.1544298406879516,399.85,1088475.0,0.1554084879466275,167.8,592050.0,0.1553036842908989,146.65,204000.0,0.1571872282248535,129.85,660300.0,0.1554492922744659,110.45,173400.0,0.1570859494828623,96.8,390000.0,0.1570513886947786,82.85,162225.0,0.1559876778177335,69.45,415950.0,0.1572624261844782,59.85,177375.0,0.1567553079022179,49.9,343500.0,0.1581903229872402,42.8,133950.0,-0.0002857848653032,0.0008738436029473,-0.0011596284682506,0.000294029368822,0.1547238700567736,-0.0013217531815721,0.0010194515865143,-0.0023412047680864,-0.0001511507975288,0.1542786898904227,0.0007784058767099,0.002621548006827,-0.0018431421301171,0.0016999769417684,0.15612981762972,0.0015691125830488,0.0028325854965266,-0.0012634729134778,0.0022008490397877,0.1566306897277393,0.0034345120619056,0.0037604822992886,-0.0003259702373829,0.0035974971805971,0.1580273378685487,0.154496252149962,0.0022458813402402,0.0040012472956197,0.0006382691164959,0.6990330784469206,middle,5,0.0279127728296431,252,none,0920_open,500,310.2,38.900000000001455,271.29999999999853,189.8
2025-06-06,24749.65,24740.75,6.669951349230448e-05,0.016435618732817,0.0016202091494223,-4.642755956473365,-4.607809617528065,-4.3307863253680745,0.0060397444456695,546.7,496.85,458.0,418.8,377.4,338.4,303.35,268.4,239.05,208.65,183.15,157.45,136.75,117.55,99.3,85.15,71.25,60.3,49.6,41.3,34.75,33.6,39.25,47.15,55.15,66.2,77.85,92.05,109.6,127.0,148.8,170.4,197.8,224.6,254.55,289.05,321.2,359.35,396.0,437.75,479.5,519.65,2025-06-12,0.0067112388581843,0.08192215120579,4.986666666666666,24856.0,0.1367922565631919,24762.763120616237,24750,0.0171423135464231,0.0187121214556501,-3.978583758931985,4.986666666666666,-4.108304425308571,6.669951349230448e-05,2025,0.0548701053574018,0.0001328044091513,0.0003207690531115,0.0880180068412002,0.0001879646439601,0.4140187710227977,0.0487742497219916,-8.926633120032044,-8.044789154482142,-4.066205395550156,0.0002253824721609,0.7026315973275219,0.022128714895537,9.538658095053152e-05,-0.8818439655504263,1,0,1,1050.0,3150.0,2475.0,10050.0,2700.0,67650.0,18900.0,119625.0,77025.0,496650.0,730650.0,548700.0,236400.0,354900.0,257400.0,582225.0,151725.0,299100.0,130050.0,327225.0,132225.0,147225.0,249150.0,172050.0,253725.0,299625.0,543975.0,270675.0,359400.0,218625.0,945150.0,714300.0,419475.0,100500.0,86175.0,21975.0,47700.0,8475.0,8100.0,2400.0,4350.0,1425.0,0.147623902858319,33.6,147225.0,0.1450286635866493,39.25,249150.0,0.1439769398889459,47.15,172050.0,0.1416462049475146,55.15,253725.0,0.1410951433547637,66.2,299625.0,0.1395615282919873,77.85,543975.0,0.1387917196093009,92.05,270675.0,0.1392182755840687,109.6,359400.0,0.1378205580794871,127.0,218625.0,0.1382455657206403,148.8,945150.0,0.1367922565631919,353.55,1444950.0,0.1356644784305716,157.45,548700.0,0.1366840969102025,136.75,236400.0,0.1371877746718914,117.55,354900.0,0.1367437035947676,99.3,257400.0,0.1380904002176487,85.15,582225.0,0.1380360915785768,71.25,151725.0,0.1391573174998757,60.3,299100.0,0.1389349088649173,49.6,130050.0,0.1397601900750316,41.3,327225.0,0.1412951159829067,34.75,132225.0,0.0010283015162952,-0.0001081596529893,0.0011364611692845,0.0004600709316529,0.1372523274948448,0.001999463046109,-4.855296842423695e-05,0.0020480160145333,0.0009754550388424,0.1377677116020343,0.0043028867915718,0.0012438350153848,0.0030590517761869,0.0027733609034783,0.1395656174666702,0.0071846833257539,0.0021426523017254,0.0050420310240285,0.0046636678137396,0.1414559243769316,0.0108316462951271,0.0045028594197148,0.0063287868754122,0.0076672528574209,0.1444595094206129,0.1369376932375945,-0.0018306763879875,0.0055926227565313,0.0005444144246584,0.7377269214953704,low,5,0.027216872417544922,252,none,0920_open,500,285.2,106.0,179.2,214.8
2025-06-13,24604.6,24613.15,0.0052227207722801,0.1966994383970567,0.0060618904849093,-4.758761403961443,-5.092663676500463,-4.5895791631378575,-0.0108358335133877,572.85,519.25,488.05,448.1,408.6,370.6,333.4,298.55,266.4,234.25,206.25,180.2,154.95,134.1,113.9,96.55,81.8,68.4,57.45,47.7,40.05,53.8,60.8,69.4,78.4,88.6,99.2,113.95,128.25,145.3,166.6,185.95,209.6,235.9,263.6,293.05,325.85,361.0,399.55,436.4,479.35,518.05,2025-06-19,0.0054868861972721,0.074073518866543,4.986666666666666,24744.7,0.1525813769476553,24620.320890079187,24600,0.0171423135464231,0.0232810765912424,-3.7601144118598966,4.986666666666666,-1.626078408715466,0.0052227207722801,2025,0.0785078580811122,0.0001085764781894,0.0003990915146253,0.0795853550521311,0.0002905150364359,0.2720590997564244,0.0729960218955241,-9.128055765181488,-7.826319807410057,-4.066205395550156,0.0002748581927821,0.6887096886542022,0.0259563280406985,0.0001242333218431,-1.301735957771312,1,0,1,1200.0,150.0,7275.0,1650.0,25500.0,16875.0,81600.0,50850.0,441375.0,267000.0,1152600.0,484800.0,741675.0,209475.0,660225.0,355200.0,578175.0,240675.0,945525.0,292275.0,577125.0,229575.0,143325.0,390150.0,194325.0,472125.0,231450.0,544650.0,236850.0,1096650.0,417750.0,1310025.0,289050.0,276900.0,130125.0,176325.0,30750.0,83925.0,17325.0,198075.0,39075.0,48675.0,0.1762606541112571,53.8,229575.0,0.1733304784452933,60.8,143325.0,0.1711362708410831,69.4,390150.0,0.1682505701834976,78.4,194325.0,0.1654331526448242,88.6,472125.0,0.1618487922395759,99.2,231450.0,0.1607024816555838,113.95,544650.0,0.1578081059407934,128.25,236850.0,0.1558073242996581,145.3,1096650.0,0.1557215804832969,166.6,417750.0,0.1525813769476553,392.2,2462625.0,0.1514403829075763,180.2,484800.0,0.1493170464307031,154.95,741675.0,0.1490317650686294,134.1,209475.0,0.1476217839015747,113.9,660225.0,0.1469006380807442,96.55,355200.0,0.1467982560388041,81.8,578175.0,0.1462983974179771,68.4,240675.0,0.1465963617389842,57.45,945525.0,0.146600920431812,47.7,292275.0,0.1475384739410167,40.05,577125.0,0.0032259473520028,-0.0032643305169521,0.006490277868955,-1.9191582474625823e-05,0.1525621853651806,0.0081211047079285,-0.0049595930460805,0.013080697754009,0.001580755830924,0.1541621327785793,0.0128517756971689,-0.0057831209088511,0.0186348966060201,0.0035343273941589,0.1561157043418142,0.0185548938934278,-0.0059850152086711,0.0245399091020989,0.0062849393423783,0.1588663162900336,0.0236792771636018,-0.0050429030066385,0.0287221801702404,0.0093181870784816,0.1618995640261369,0.1521395120346381,-0.0145585044710436,0.0079157782541295,0.0005317523965105,0.6484137934057804,middle,5,0.02506547775373678,252,none,0920_open,500,298.34999999999997,144.70000000000073,153.64999999999924,201.65000000000003
2025-06-20,24861.15,24860.6,0.0029024574076356,0.1940506406501262,0.0039358440528696,-5.2295857243923285,-4.781133875882986,-4.64399058695555,-0.0021819240058332,568.1,518.55,477.0,431.05,393.8,353.95,315.6,280.0,247.5,214.25,183.05,155.85,133.35,110.6,91.25,75.15,60.2,47.55,38.4,30.45,24.25,36.1,41.5,48.0,56.1,64.55,75.2,87.05,100.35,115.4,133.9,155.3,178.75,203.65,231.1,260.95,293.65,332.5,370.05,410.05,450.2,497.35,2025-06-26,0.0159099778936859,0.126134760846033,4.986666666666666,25530.4,0.1301193175659646,24877.77855663534,24850,0.0171423135464231,0.0169310368038323,-4.078606844084205,4.986666666666666,-1.6396361197033271,0.0029024574076356,2025,0.0039845567199316,0.0003148323667851,0.0002902371415573,0.1355204920726573,-2.4595225227784696e-05,1.0847418255837773,-0.0054011745066927,-8.063470229726954,-8.144812239634366,-4.066205395550156,0.0002058069025572,0.7090991230583672,0.0205484119839332,8.443023900005795e-05,0.0813420099074649,0,1,0,1425.0,4650.0,3825.0,40725.0,6975.0,39225.0,20625.0,153225.0,121950.0,815475.0,798825.0,1064475.0,346275.0,872475.0,332925.0,464250.0,356850.0,691575.0,234225.0,411675.0,159375.0,164325.0,337350.0,197325.0,439950.0,144150.0,299325.0,154425.0,496950.0,220950.0,760275.0,623850.0,689550.0,116325.0,165000.0,20250.0,60675.0,4200.0,42750.0,2850.0,5475.0,600.0,0.1533877620156059,36.1,164325.0,0.1503206532020058,41.5,337350.0,0.1475611583425306,48.0,197325.0,0.145442814243255,56.1,439950.0,0.1424439301924785,64.55,144150.0,0.1403223253722504,75.2,299325.0,0.1379007586439921,87.05,154425.0,0.1352963477065919,100.35,496950.0,0.1326339302899488,115.4,220950.0,0.1311128999020273,133.9,760275.0,0.1301193175659646,338.35,1422675.0,0.1283730802344933,155.85,1064475.0,0.1284247170115403,133.35,346275.0,0.1264052650904747,110.6,872475.0,0.1251628471822069,91.25,332925.0,0.1247111478816914,75.15,464250.0,0.1232981072131514,60.2,356850.0,0.1220011414397536,47.55,691575.0,0.1224453136779892,38.4,234225.0,0.1224843534641949,30.45,411675.0,0.1230576832490379,24.25,159375.0,0.0025146127239842,-0.0016946005544242,0.0042092132784084,0.0004100060847799,0.1305293236507445,0.0077814410780275,-0.0049564703837576,0.0127379114617851,0.0014124853471349,0.1315318029130995,0.0123246126265139,-0.0068212103528131,0.0191458229793271,0.0027517011368503,0.1328710187028149,0.017441840776566,-0.0076740038879753,0.0251158446645413,0.0048839184442953,0.1350032360102599,0.0232684444496413,-0.0070616343169266,0.0303300787665679,0.0081034050663573,0.1382227226323219,0.1291990107868323,-0.0122666556138405,0.0061188540181887,0.0004819217740237,0.7306455363050234,low,5,0.0248574276704764,252,none,0920_open,500,278.0,500.0,-222.0,222.0
2025-06-27,25597.8,25590.55,0.0007992226603455,0.0573811749558202,0.0033264730025627,-4.524225489638536,-4.339551921952284,-4.691650767859454,0.0115844834840964,551.0,504.55,463.65,420.0,382.9,340.6,300.55,263.7,230.85,202.0,172.95,148.0,125.0,103.35,84.55,68.55,55.95,44.7,36.75,28.9,22.85,31.15,36.25,41.8,49.2,57.75,68.25,80.45,96.0,113.4,130.7,152.4,175.7,202.0,232.05,264.75,296.7,334.0,373.25,412.0,457.9,499.5,2025-07-03,0.0048421450182623,0.0695855230508639,4.986666666666666,25397.4,0.1215795295313144,25620.57114734617,25600,0.0171423135464231,0.0147815820010557,-4.214373332582799,4.986666666666666,-2.858038991890216,0.0007992226603455,2025,0.0519940064804505,9.581810776878836e-05,0.0002533905133742,0.074763405913913,0.0001575724056054,0.3781440216242973,0.0468161236174013,-9.253058874473142,-8.28057872813296,-4.066205395550156,0.0001819275918668,0.7179731768336876,0.0185611846216546,7.146292150742384e-05,-0.972480146339942,1,0,1,2475.0,3225.0,32325.0,3900.0,54600.0,23250.0,73050.0,43200.0,373200.0,438975.0,1121775.0,584550.0,655875.0,437775.0,642525.0,285375.0,511800.0,245400.0,848925.0,241425.0,331500.0,255300.0,119325.0,385950.0,246525.0,374925.0,190875.0,484575.0,280800.0,685350.0,479475.0,1039200.0,243450.0,187950.0,34500.0,46725.0,5325.0,16050.0,1050.0,16875.0,0.0,600.0,0.1407345712932228,31.15,255300.0,0.1379103703204142,36.25,119325.0,0.134614875665144,41.8,385950.0,0.1323226501710294,49.2,246525.0,0.1299578765626041,57.75,374925.0,0.1281166707521646,68.25,190875.0,0.1263292497706855,80.45,484575.0,0.1257870701856725,96.0,280800.0,0.1250263545013041,113.4,685350.0,0.1224988653411281,130.7,479475.0,0.1215795295313144,325.35,2160975.0,0.1213170194321228,148.0,584550.0,0.1206814126547954,125.0,655875.0,0.1191902154701523,103.35,437775.0,0.1179919924161485,84.55,642525.0,0.1171372306083357,68.55,285375.0,0.1173799141974344,55.95,511800.0,0.1170497886804443,44.7,245400.0,0.1184495667026124,36.75,848925.0,0.1182793598711283,28.9,241425.0,0.1186981906310469,22.85,331500.0,0.0034468249699897,-0.0008981168765189,0.0043449418465086,0.0012743540467353,0.1228538835780498,0.004749720239371,-0.0035875371151658,0.0083372573545369,0.0005810915621026,0.122160621093417,0.0083783470312897,-0.0041996153338799,0.0125779623651696,0.0020893658487049,0.1236688953800193,0.0130353461338296,-0.0031299628287019,0.0161653089625316,0.0049526916525638,0.1265322211838782,0.0191550417619084,-0.0028813389002674,0.0220363806621758,0.0081368514308204,0.1297163809621349,0.1215890562479121,-0.0084035411776252,0.0023923141628327,0.00044645493756,0.7764792654251637,low,5,0.024996127725983322,252,none,0920_open,500,271.35,202.59999999999854,68.75000000000148,228.64999999999998
2025-07-04,25411.95,25415.8,-0.0006372593274267,0.0115161345825111,0.002044359912364,-4.700428146211373,-5.282351904571079,-4.8880347350986995,-0.001787953918708,549.5,500.85,458.05,415.95,375.15,335.55,298.95,261.9,229.7,197.15,168.7,143.45,120.3,101.1,82.05,66.95,53.7,42.9,34.45,26.9,21.6,22.75,27.35,33.2,40.55,48.8,59.55,71.25,85.5,101.95,121.8,143.7,166.35,195.55,223.05,256.1,289.75,327.4,365.2,407.1,452.55,489.75,2025-07-10,0.0041709851928163,0.0645831649334125,4.986666666666666,25348.15,0.1175579289029675,25425.025726698503,25400,0.0171423135464231,0.0138198666479551,-4.281648109896463,4.986666666666666,-4.464006219733013,0.0006372593274267,2025,0.052974763969555,8.253695566737016e-05,0.000236904487249,0.069388820596958,0.0001543675315816,0.3483976037170568,0.0481691083060094,-9.402264417438888,-8.347853505446624,-4.066205395550156,0.0001711425249167,0.7224114954686401,0.0176398097637121,6.576196233221894e-05,-1.0544109119922562,1,0,1,450.0,75.0,7425.0,750.0,3825.0,4800.0,32025.0,26850.0,80550.0,124125.0,817575.0,574275.0,717075.0,301950.0,515625.0,210300.0,422550.0,165900.0,1392975.0,191475.0,1408725.0,252525.0,165750.0,557025.0,188625.0,365925.0,260025.0,448350.0,355950.0,662925.0,473550.0,1555350.0,791025.0,573975.0,75375.0,91350.0,23475.0,28125.0,4050.0,14175.0,2625.0,2625.0,0.129995892597477,22.75,252525.0,0.1277691117932634,27.35,165750.0,0.1260040239494767,33.2,557025.0,0.1246732643645316,40.55,188625.0,0.1228491170863727,48.8,365925.0,0.1220093837209505,59.55,260025.0,0.1203900223750656,71.25,448350.0,0.1193181170487362,85.5,355950.0,0.1182838326923328,101.95,662925.0,0.1180846425878419,121.8,473550.0,0.1175579289029675,312.4,2372925.0,0.1172352352980488,143.45,574275.0,0.1165700728082562,120.3,717075.0,0.1170159118598538,101.1,301950.0,0.1156209468995051,82.05,515625.0,0.1155132459832072,66.95,210300.0,0.1150923816461384,53.7,422550.0,0.1150869922006276,42.9,165900.0,0.1157526638912908,34.45,1392975.0,0.1156683495574055,26.9,191475.0,0.1169073744387482,21.6,1408725.0,0.0007259037893653,-0.0009878560947113,0.0017137598840766,-0.0001309761526729,0.1174269527502945,0.0028320934720981,-0.0019369820034624,0.0047690754755605,0.0004475557343178,0.1180054846372853,0.0052911881834052,-0.002465547256829,0.0077567354402343,0.001412820463288,0.1189707493662556,0.0084460950465092,-0.0018052650116766,0.0102513600581858,0.0033204150174162,0.1208783439203838,0.0124379636945095,-0.0006505544642192,0.0130885181587288,0.0058937046151451,0.1234516335181126,0.1172382092024217,-0.0043528529060134,0.0025463140440017,0.0003767741797075,0.7869792151062274,low,5,0.0248574276704764,252,none,0920_open,500,268.04999999999995,51.849999999998545,216.2000000000014,231.95000000000005
2025-07-11,25288.45,25299.1,0.0013235876494205,0.0156500139355526,0.0021155903189005,-5.305812988705694,-5.4532360206302055,-4.9954529862798545,-0.0045854668167177,520.65,473.0,425.1,380.85,336.8,296.05,257.1,219.7,186.7,155.35,128.85,104.45,84.55,66.95,52.05,41.05,31.35,24.75,19.25,15.25,12.15,16.55,19.9,24.3,29.6,36.7,45.15,55.75,69.65,85.8,105.4,127.5,153.55,183.2,215.05,251.9,289.75,331.1,372.35,418.5,465.0,510.95,2025-07-17,0.0044342989838517,0.0665905322388383,4.986666666666666,25109.5,0.0970894860706902,25301.35138924172,25300,0.0171423135464231,0.0094263683054707,-4.664244377886127,4.986666666666666,-4.15728347154572,0.0013235876494205,2025,0.0304989538318519,8.774750370161565e-05,0.0001615897610964,0.0715455567985982,7.38422573948281e-05,0.5430263842598552,0.0255439292720919,-9.341047143867783,-8.73044977343629,-4.066205395550156,0.0001208981123495,0.7481792876551762,0.0131096460853556,4.0691648746936374e-05,-0.6105973704312219,1,0,1,3225.0,75.0,1275.0,1275.0,130725.0,10200.0,87375.0,56550.0,558525.0,854100.0,1828950.0,709950.0,932025.0,441750.0,981375.0,326250.0,686850.0,336000.0,502875.0,234075.0,471300.0,368025.0,87750.0,346950.0,166425.0,727725.0,241500.0,376200.0,277875.0,873750.0,898200.0,1452225.0,413025.0,348450.0,75150.0,162225.0,16425.0,21975.0,1575.0,8925.0,1275.0,5175.0,0.115801700562948,16.55,368025.0,0.1126926269988737,19.9,87750.0,0.1100262965106099,24.3,346950.0,0.1072551677620028,29.6,166425.0,0.1051862868905818,36.7,727725.0,0.102917083174504,45.15,241500.0,0.1009839626293855,55.75,376200.0,0.100033379110092,69.65,277875.0,0.0988260806962149,85.8,873750.0,0.0981416184989454,105.4,898200.0,0.0970894860706902,256.35,3281175.0,0.0963137968144925,104.45,709950.0,0.0966342779171104,84.55,932025.0,0.0964430978848529,66.95,441750.0,0.0961570500178198,52.05,981375.0,0.0971873761522616,41.05,326250.0,0.0973717603280486,31.35,686850.0,0.099088887904418,24.75,336000.0,0.1004709708263581,19.25,502875.0,0.1024829522762831,15.25,234075.0,0.1046513436299726,12.15,471300.0,0.0017365946255247,-0.0004552081535798,0.0021918027791045,0.0006406932359724,0.0977301793066627,0.0038944765586953,-0.0009324360528703,0.0048269126115656,0.0014810202529124,0.0985705063236026,0.0080968008198916,0.0002822742573583,0.0078145265625332,0.004189537538625,0.1012790236093152,0.0129368104399197,0.0033814847556679,0.0095553256842517,0.0081591475977938,0.105248633668484,0.0187122144922578,0.0075618575592824,0.0111503569329753,0.0131370360257701,0.1102265220964603,0.0971062805532645,-0.0038767147627383,0.0046781798665672,0.0002412030347793,0.8998154569499157,low,5,0.0260374056118018,252,none,0920_open,500,227.65,190.5,37.150000000000006,272.35
2025-07-18,25087.3,25094.1,-0.0008706314756933,0.0133595399737049,0.0024932467074974,-5.635161015620675,-5.327924578358708,-5.110184477823023,-0.0035401925936312,528.6,488.7,439.4,393.35,350.75,308.05,267.95,230.5,195.8,164.5,136.3,111.0,88.75,70.15,54.55,42.35,32.75,25.35,19.9,15.45,11.9,14.5,17.55,21.7,26.8,33.45,41.35,51.5,64.3,79.65,98.0,119.05,144.6,172.5,203.9,238.45,275.55,315.85,357.7,402.7,448.5,495.3,2025-07-24,0.0050293149899827,0.0709176634554662,4.986666666666666,25051.9,0.0973095682948128,25117.26775142197,25100,0.0171423135464231,0.0094691520817228,-4.659715913097728,4.986666666666666,-4.31552454457239,0.0008706314756933,2025,0.0263919048393466,9.952189451076876e-05,0.0001623231740036,0.0761946713472529,6.28012794928885e-05,0.6131095890752263,0.0211148969475598,-9.215132892671791,-8.725921308647889,-4.066205395550156,0.0001213964673613,0.7478689848596634,0.0131568193507658,4.0926706642343606e-05,-0.4892115840235498,1,0,1,525.0,75.0,4275.0,1275.0,10125.0,8700.0,47850.0,15450.0,383250.0,223800.0,961800.0,439650.0,687225.0,325050.0,494250.0,207150.0,525225.0,191925.0,375750.0,106950.0,296925.0,234150.0,98400.0,180450.0,171375.0,374325.0,179775.0,525000.0,357750.0,883125.0,840975.0,1370100.0,492450.0,494700.0,136650.0,96300.0,28350.0,45075.0,11250.0,17100.0,675.0,2550.0,0.1154774718172779,14.5,234150.0,0.1124509714779302,17.55,98400.0,0.110044791270464,21.7,180450.0,0.1076217455850685,26.8,171375.0,0.105652534102997,33.45,374325.0,0.1034309456380011,41.35,179775.0,0.1017242865514237,51.5,525000.0,0.1005014682642714,64.3,357750.0,0.0993525686162905,79.65,883125.0,0.0984231782815888,98.0,840975.0,0.0973095682948128,255.35,2331900.0,0.0965943198623066,111.0,439650.0,0.0958115338162198,88.75,687225.0,0.0954743460211592,70.15,325050.0,0.0952014108968182,54.55,494250.0,0.0956176577362936,42.35,207150.0,0.096387559256355,32.75,525225.0,0.0975414761801507,25.35,191925.0,0.0993350328336298,19.9,375750.0,0.1009038514175243,15.45,106950.0,0.1023644533511111,11.9,296925.0,0.0020430003214776,-0.0014980344785929,0.0035410348000706,0.0002724829214423,0.0975820512162551,0.0044147182566109,-0.0021081573979945,0.0065228756546055,0.0011532804293082,0.098462848724121,0.0083429658081842,-0.0009220090384577,0.009264974846642,0.0037104783848632,0.101020046679676,0.0127352229756512,0.0020254645388169,0.0107097584368342,0.0073803437572341,0.1046899120520469,0.0181679035224651,0.0050548850562983,0.0131130184661667,0.0116113942893817,0.1089209625841945,0.0969223788950304,-0.0046192489829515,0.0040347075271331,0.0002341783398363,0.8743954668289836,low,5,0.0260374056118018,252,none,0920_open,500,228.95000000000002,48.099999999998545,180.85000000000147,271.04999999999995
2025-07-25,24935.05,24926.2,-0.0030373369138253,0.1065385583189458,0.0034669759535272,-5.522893413985267,-5.296273408339021,-5.292372727470512,-0.0062593342992707,,471.55,423.9,380.35,335.95,294.5,255.0,218.6,186.0,153.6,125.75,102.15,81.85,65.15,51.6,41.1,32.2,25.65,20.4,16.4,13.15,18.0,21.35,25.55,30.75,37.4,45.9,56.5,69.2,85.05,104.95,127.1,153.8,183.7,217.25,253.0,290.15,333.95,375.6,418.6,467.15,511.9,2025-07-31,0.0100064277303235,0.1000321334888122,4.986666666666666,24765.6,0.097112484360882,24948.64861075828,24950,0.0171423135464231,0.0094308346187425,-4.663770679493712,4.986666666666666,-2.2392483094137696,0.0030373369138253,2025,-0.0029196491279301,0.0001980107921238,0.0001616663240389,0.1074755591761833,-3.634446808491632e-05,1.2248116192470666,-0.0103630748153013,-8.52718902307905,-8.729976075043876,-4.066205395550156,0.0001209501466377,0.7481468225168796,0.0131145739482152,4.07161774012242e-05,0.2027870519647951,0,1,0,,15975.0,900.0,16200.0,6300.0,46425.0,42300.0,295575.0,168150.0,664575.0,915600.0,1424475.0,505800.0,1050075.0,560175.0,939525.0,339525.0,556050.0,169275.0,444375.0,193575.0,197175.0,502350.0,215100.0,471075.0,297150.0,1821300.0,566850.0,2403900.0,876000.0,1949400.0,1454400.0,1759800.0,454650.0,515175.0,106725.0,186150.0,28575.0,39525.0,2850.0,4800.0,1800.0,0.1196126924845631,18.0,197175.0,0.1161287108671553,21.35,502350.0,0.1128417152016438,25.55,215100.0,0.1096757231624725,30.75,471075.0,0.1068763166753131,37.4,297150.0,0.1045024254864034,45.9,1821300.0,0.1024208018751775,56.5,566850.0,0.1003135327699735,69.2,2403900.0,0.0987894157835242,85.05,876000.0,0.0982536751195056,104.95,1949400.0,0.097112484360882,252.85,2370000.0,0.0967996386432182,102.15,1424475.0,0.0966372579732722,81.85,505800.0,0.0969946861384243,65.15,1050075.0,0.0977555082037402,51.6,560175.0,0.0992131158664144,41.1,939525.0,0.1002870975603673,32.2,339525.0,0.1021910837924723,25.65,556050.0,0.104123091854682,20.4,169275.0,0.106410785210499,16.4,444375.0,0.1086101788833138,13.15,193575.0,0.0016769314226422,-0.0004752263876097,0.002152157810252,0.0006008525175162,0.0977133368783982,0.0053083175142955,0.0006430238428582,0.0046652936714373,0.0029756706785768,0.1000881550394588,0.0097638323144311,0.0031746131994853,0.0065892191149457,0.0064692227569582,0.1035817071178402,0.0157292308407618,0.0070106074938,0.0087186233469618,0.0113699191672809,0.1084824035281629,0.0225002081236811,0.0114976945224318,0.0110025136012492,0.0169989513230565,0.1141114356839385,0.0971674950234486,-0.0035029841565615,0.0072699930040163,0.0001713308626125,0.867533278235318,low,5,0.0260374056118018,252,none,0920_open,500,221.7,184.40000000000146,37.29999999999853,278.3
2025-08-01,24725.9,24731.2,-0.0003598960249723,0.0094059699247654,0.0025803218993039,-3.956611383760352,-4.615658458889708,-5.158202517179098,-0.0031828191065404,510.0,452.9,409.0,371.75,330.55,292.45,255.95,224.7,192.55,163.75,139.15,116.1,95.6,79.05,64.75,52.25,41.6,33.6,26.75,21.15,16.85,26.8,31.8,38.4,46.15,56.1,68.25,81.95,98.05,118.05,139.45,162.35,190.65,221.4,253.45,288.5,324.95,365.65,410.0,449.05,498.85,538.5,2025-08-07,0.0072628805467133,0.0852225354393622,4.986666666666666,24626.65,0.1165658886289624,24726.776125623783,24750,0.0171423135464231,0.0135876063918596,-4.298597196437797,4.986666666666666,-4.6664106929164975,0.0003598960249723,2025,0.0313433531896002,0.0001437204933582,0.0002329230091146,0.0915639738082957,8.920251575639793e-05,0.6170300388292927,0.0250019148206666,-8.847640162951107,-8.36480259198796,-4.066205395550156,0.0001685277159477,0.723533997728752,0.017414009311085,6.439529316691395e-05,-0.482837570963269,1,0,1,75.0,1425.0,1275.0,14100.0,11100.0,58950.0,23025.0,151200.0,261750.0,1496625.0,1171425.0,1300125.0,583800.0,830475.0,377100.0,941625.0,542100.0,592575.0,300975.0,479250.0,172200.0,166875.0,428925.0,221550.0,501900.0,276150.0,576225.0,338775.0,682500.0,493050.0,1770975.0,1012425.0,669825.0,113775.0,110625.0,16950.0,62625.0,5400.0,11625.0,675.0,12375.0,150.0,0.1309352559852634,26.8,166875.0,0.1280895867736559,31.8,428925.0,0.1260334336196794,38.4,221550.0,0.1238711013578563,46.15,501900.0,0.1224872232984528,56.1,276150.0,0.1215143404555799,68.25,576225.0,0.1201409589204635,81.95,338775.0,0.1189769003645033,98.05,682500.0,0.1190461550166115,118.05,493050.0,0.1182236071953055,139.45,1770975.0,0.1165658886289624,301.5,2183850.0,0.1159654827637541,116.1,1300125.0,0.115302671397985,95.6,583800.0,0.1158212556002413,79.05,830475.0,0.116302033463414,64.75,377100.0,0.1164707134872802,52.25,941625.0,0.1165042140631971,41.6,542100.0,0.1175973151625157,33.6,592575.0,0.1183665538997834,26.75,300975.0,0.1191458881509725,21.15,479250.0,0.1203775528929134,16.85,172200.0,0.0024802663876491,-0.0012632172309773,0.0037434836186265,0.0006085245783358,0.1171744132072982,0.0035750702915011,-0.0002638551655483,0.0038389254570495,0.0016556075629763,0.1182214961919387,0.0059213346694904,-6.167456576530728e-05,0.0059830092352557,0.0029298300518625,0.1194957186808249,0.009467544990717,0.001800665270821,0.007666879719896,0.005634105130769,0.1221999937597314,0.0143693673563009,0.003811664263951,0.0105577030923499,0.009090515810126,0.1256564044390884,0.1171268049313186,-0.0044802619891168,0.0043723750115792,0.0004463188637297,0.7682327948200558,low,5,0.0260374056118018,252,none,0920_open,500,257.84999999999997,123.34999999999854,134.50000000000142,242.15000000000003
2025-08-08,24573.35,24574.45,0.0012642625649361,0.0240027268961327,0.0017986647628426,-4.764016744628564,-4.9522453075986475,-5.082383316734781,0.0023192835052681,568.15,511.35,465.45,423.7,376.65,336.0,294.4,256.85,220.95,188.9,159.1,130.85,107.75,87.25,70.1,55.65,43.65,33.8,26.1,20.4,15.5,14.85,17.6,21.4,25.7,32.2,39.4,49.3,60.7,75.15,92.4,110.9,135.35,161.45,191.5,223.35,256.95,296.35,337.4,380.0,421.65,469.95,2025-08-14,0.0059315464006533,0.0770165332941791,4.986666666666666,24616.05,0.1042064981143754,24598.24960107472,24550,0.0171423135464231,0.0108589942492613,-4.522761579330226,4.986666666666666,-3.7295878344163342,0.0012642625649361,2025,0.0271899648201963,0.0001173755742774,0.0001861482842196,0.0827473602022969,6.877270994216453e-05,0.630548784102585,0.0214591379120784,-9.050131727774946,-8.588966974880385,-4.066205395550156,0.0001374788949005,0.738545055501945,0.0146528465388199,4.86693893190548e-05,-0.4611647528949983,1,0,1,150.0,2250.0,1275.0,8400.0,2475.0,14175.0,11550.0,103800.0,141450.0,674025.0,694575.0,1455900.0,550350.0,743550.0,388875.0,730950.0,247800.0,483600.0,266400.0,686325.0,203550.0,75075.0,214350.0,106350.0,358200.0,211200.0,451050.0,265350.0,541425.0,304950.0,1095525.0,787200.0,957075.0,226575.0,213600.0,29625.0,49425.0,9525.0,8400.0,675.0,8625.0,375.0,0.1240226254149904,14.85,75075.0,0.1205359455949874,17.6,214350.0,0.1178030732478598,21.4,106350.0,0.1145964123784382,25.7,358200.0,0.1129900112911462,32.2,211200.0,0.1105716571743886,39.4,451050.0,0.1093531490666261,49.3,265350.0,0.1076801941656563,60.7,541425.0,0.106763618304583,75.15,304950.0,0.1060710531038665,92.4,1095525.0,0.1042064981143754,270.0,1481775.0,0.1026231462469791,130.85,1455900.0,0.1027276562587464,107.75,550350.0,0.1025435051963669,87.25,743550.0,0.1027688773376838,70.1,388875.0,0.1030427184350307,55.65,730950.0,0.1033531436969469,43.65,247800.0,0.1036594304214925,33.8,483600.0,0.1043139608451379,26.1,266400.0,0.1056674249282877,20.4,686325.0,0.1063706909485396,15.5,203550.0,0.0025571201902076,-0.0014788418556289,0.0040359620458366,0.0005391391672893,0.1047456372816647,0.0051466509522506,-0.0014376207766915,0.0065842717289422,0.0018545150877795,0.1060610132021549,0.0087835131767708,-0.0008533544174285,0.0096368675941993,0.0039650793796711,0.1081715774940465,0.0135965751334843,0.0001074627307624,0.0134891124027218,0.0068520189321234,0.1110585170464988,0.0198161273006149,0.0021641928341642,0.0176519344664507,0.0109901600673896,0.115196658181765,0.1035562503744361,-0.0040591428253897,0.0047904928981097,0.0004224915719487,0.8171709852335869,low,5,0.0245401222605454,252,none,0920_open,500,239.65,66.04999999999927,173.60000000000073,260.35
2025-08-18,24945.05,24951.75,0.0002045159567241,0.0234498688387003,0.0026938899200442,-5.512292669335737,-5.093921708023757,-5.042106364470458,-0.0005827831409634,545.0,495.7,454.0,405.0,362.65,319.9,283.0,245.25,212.55,180.4,149.95,126.25,102.15,84.95,68.1,53.35,43.35,33.3,26.45,20.35,16.2,13.9,17.2,21.15,26.7,33.0,41.45,51.45,64.7,81.0,98.8,121.0,145.1,174.0,202.85,237.1,273.0,312.3,354.0,397.05,438.4,483.5,2025-08-21,0.0032336121210733,0.0568648584019462,3.986666666666667,25076.95,0.1435548280074332,24978.96550363616,24950,0.0089231354642313,0.0206079886442437,-3.882076480096656,3.986666666666667,-3.752890377337887,0.0002045159567241,2025,0.0866899696054869,5.115608593655645e-05,0.0001838878743179,0.0757163920087158,0.0001327317883813,0.2781917302938192,0.0678384359987173,-9.880629090502586,-8.601184364808876,-4.719107884712219,0.0001317561346144,0.7165025704015191,0.0220407266265402,5.2131739703460776e-05,-1.2794447256935642,1,0,1,5775.0,40500.0,9225.0,83850.0,69300.0,218325.0,99675.0,265650.0,240225.0,1017000.0,1281075.0,1899450.0,632550.0,814350.0,427575.0,796425.0,365475.0,588975.0,408225.0,528375.0,229500.0,301350.0,597675.0,224475.0,685800.0,533325.0,621975.0,387675.0,788325.0,537000.0,1210950.0,893250.0,832350.0,156000.0,146625.0,18000.0,42825.0,6675.0,34050.0,1500.0,3675.0,600.0,0.1620005118232761,13.9,301350.0,0.1587430682396282,17.2,597675.0,0.1552240493884335,21.15,224475.0,0.1530138835268966,26.7,685800.0,0.1499230434652178,33.0,533325.0,0.1479611492071608,41.45,621975.0,0.1456617951288679,51.45,387675.0,0.1448691030644345,64.7,788325.0,0.1447468306668997,81.0,537000.0,0.1432883233701072,98.8,1210950.0,0.1435548280074332,270.95,2174325.0,0.1450291738028507,126.25,1899450.0,0.1429492599424231,102.15,632550.0,0.1452900977689479,84.95,814350.0,0.1450491058703471,68.1,427575.0,0.1441932419650335,53.35,796425.0,0.1466310089199933,43.35,365475.0,0.1462006247371248,33.3,588975.0,0.1481475861740906,26.45,408225.0,0.1489135443273169,20.35,528375.0,0.15142313012595,16.2,229500.0,0.0011920026594665,-0.00060556806501,0.0017975707244766,0.0002932172972282,0.1438480453046614,0.0021069671214347,0.0014942778629139,0.0006126892585207,0.0018006224921743,0.1453554504996075,0.0063682154577846,0.0030761809125601,0.0032920345452245,0.0047221981851723,0.1482770261926055,0.0116692213810003,0.0045927581666574,0.0070764632143428,0.0081309897738288,0.151685817781262,0.0184456838158429,0.0078683021185168,0.0105773816973261,0.0131569929671798,0.156711820974613,0.1435926520872533,-0.0005943087172929,0.0053412483701867,0.0007817479171257,0.692498190463843,low,4,0.024770411222143757,252,none,0920_open,500,240.85,126.95000000000073,113.89999999999927,259.15
2025-08-22,25022.25,25009.6,-0.0016631337851755,0.0109725640008125,0.0025577236259728,-5.549837967554204,-5.1952279456838,-4.995999985064689,0.001189048921019,546.75,495.75,450.0,401.25,360.0,315.0,273.3,233.95,197.1,163.0,133.6,106.35,83.4,64.45,49.25,36.75,27.35,20.55,15.35,11.65,9.0,10.45,12.4,15.2,18.55,23.45,29.75,37.7,48.15,61.1,77.8,96.8,119.95,147.85,178.55,213.45,251.2,291.55,333.6,378.6,429.0,472.7,2025-08-28,0.0063080547258925,0.0794232631279563,3.986666666666667,24533.1,0.0875248796794243,25036.8378697002,25000,0.0171423135464231,0.0076606045628977,-4.871664373683749,3.986666666666667,-4.512357303581113,0.0016631337851755,2025,0.008101616551468,9.979409328263798e-05,0.0001313204853723,0.0762987988563424,3.152639208971388e-05,0.7599278436999181,0.0112260808230818,-9.212401561943098,-8.937869769233906,-4.066205395550156,0.0001001359590524,0.762531137228738,0.0110955037222306,3.1184526319942536e-05,-0.2745317927087978,1,0,0,19500.0,225.0,5100.0,975.0,17550.0,18075.0,129600.0,70200.0,294075.0,309075.0,1709175.0,1103400.0,1548600.0,595350.0,1026525.0,592500.0,1332000.0,339900.0,1206300.0,247800.0,785625.0,795225.0,265050.0,913650.0,364575.0,884400.0,550875.0,1247100.0,669825.0,1528125.0,1230825.0,4389300.0,2421225.0,2073000.0,579975.0,479400.0,111525.0,105375.0,14325.0,26475.0,2850.0,41475.0,0.1103006068038225,10.45,795225.0,0.1064274199756115,12.4,265050.0,0.1032653992981889,15.2,913650.0,0.0998706047391016,18.55,364575.0,0.0974470634313281,23.45,884400.0,0.0951900576731766,29.75,550875.0,0.0930018142254791,37.7,1247100.0,0.0913461663870834,48.15,669825.0,0.0897745277748305,61.1,1528125.0,0.0889881052332524,77.8,1230825.0,0.0875248796794243,230.4,6098475.0,0.0863234494943878,106.35,1103400.0,0.085727262534129,83.4,1548600.0,0.0855501571297564,64.45,595350.0,0.0858001243851078,49.25,1026525.0,0.0858394857715767,36.75,592500.0,0.0864433922567659,27.35,1332000.0,0.0877374422092365,20.55,339900.0,0.0890913402173284,15.35,1206300.0,0.0909623424654292,11.65,247800.0,0.0932415438267491,9.0,785625.0,0.0022496480954062,-0.0017976171452952,0.0040472652407014,0.0002260154750554,0.0877508951544797,0.0054769345460548,-0.0017247552943164,0.0072016898403712,0.0018760896258691,0.0894009693052934,0.0099221837519038,-0.0010814874226583,0.0110036711745622,0.0044203481646227,0.091945227844047,0.0157405196187646,0.0015664605379041,0.0141740590808604,0.0086534900783343,0.0961783697577586,0.0227757271243982,0.0057166641473248,0.0170590629770733,0.0142461956358615,0.1017710753152858,0.0867840052463275,-0.0042599040826943,0.0040772593892796,0.0002103803575508,0.9089846867904265,low,4,0.02449298435774278,252,none,0920_open,500,210.95,466.90000000000146,-255.95000000000147,289.05
2025-08-29,24508.7,24529.9,0.001662135343767,0.2202567056355838,0.0039883796366188,-4.441348515657449,-5.2595791545604325,-5.0015988237895765,-0.0072131220592422,503.65,452.75,412.05,366.75,324.35,283.65,239.4,205.8,167.2,138.45,107.4,83.25,66.0,49.6,36.5,26.65,19.55,14.05,10.7,8.1,6.15,9.4,12.4,15.95,20.5,26.7,32.7,44.2,54.6,72.5,87.9,113.05,140.1,164.35,203.6,236.15,282.15,317.6,365.35,419.35,460.0,515.0,2025-09-02,0.0063803923455835,0.0798773581535063,2.986666666666667,24575.0,0.1044881152664547,24494.346044906284,24500,0.0116628614916286,0.0109177662319359,-4.5173638871051445,2.986666666666667,-1.5129615690647928,0.001662135343767,2025,0.0246107571129483,7.561946483654519e-05,0.000127332395361,0.0805219420493632,5.171293052450312e-05,0.5938745173380882,0.0239661732170914,-9.489796836535982,-8.96870960432743,-4.451345717222282,9.55815775190278e-05,0.750646190610082,0.0139597791944044,3.175081784202052e-05,-0.5210872322081733,1,0,1,600.0,4425.0,525.0,19350.0,10650.0,90975.0,69225.0,426000.0,638625.0,3006075.0,2477250.0,2893875.0,1283400.0,1742100.0,983325.0,1376850.0,783525.0,770400.0,459525.0,1183950.0,322050.0,728175.0,1015425.0,760650.0,1063050.0,960000.0,1638600.0,1115025.0,2192550.0,1796550.0,4719675.0,2214525.0,1624425.0,402375.0,340050.0,87000.0,118275.0,20850.0,12750.0,1875.0,14850.0,1200.0,0.1251142276839889,9.4,728175.0,0.1230203252202988,12.4,1015425.0,0.1202370151690409,15.95,760650.0,0.11747737283219,20.5,1063050.0,0.1153473661069204,26.7,960000.0,0.1107277110530167,32.7,1638600.0,0.1108543222774863,44.2,1115025.0,0.1067970987154889,54.6,2192550.0,0.1077996440398985,72.5,1796550.0,0.1030952762395893,87.9,4719675.0,0.1044881152664547,220.45,4691775.0,0.1030566587220718,83.25,2893875.0,0.1049217764347373,66.0,1283400.0,0.1043324923331127,49.6,1742100.0,0.1039242560912628,36.5,983325.0,0.1041726979033749,26.65,1376850.0,0.1052461826632052,19.55,783525.0,0.1060984344238995,14.05,770400.0,0.1088470343289416,10.7,459525.0,0.1114211867693279,8.1,1183950.0,0.1140455978169358,6.15,322050.0,0.0033115287734438,0.0004336611682826,0.0028778676051611,0.0018725949708632,0.1063607102373179,0.0063662070110316,-0.0005638591751918,0.0069300661862235,0.0029011739179199,0.1073892891843746,0.0108592508404657,0.0007580673967505,0.0101011834437152,0.0058086591186081,0.1102967743850628,0.0157488999025862,0.0043589190624869,0.0113899808400992,0.0100539094825366,0.1145420247489913,0.0206261124175341,0.0095574825504811,0.0110686298670529,0.0150917974840076,0.1195799127504624,0.1043588019587608,-0.004234305755196,0.0048815578644625,0.0010585911514122,0.8557233678681627,low,3,0.0245399943654775,252,none,0920_open,500,204.89999999999998,75.0,129.89999999999998,295.1
2025-09-03,24541.2,24550.65,-0.0030717615568892,0.0666765236809266,0.0039729108601046,-4.770144866957246,-4.922594318681334,-5.024983064056726,-0.0020040942249455,534.1,485.45,441.5,395.0,351.65,311.8,269.95,233.45,198.35,165.3,137.05,111.8,89.5,70.5,55.7,43.2,32.9,25.4,19.5,15.0,11.55,15.85,19.35,23.6,28.7,35.25,43.6,53.5,65.9,81.1,99.2,119.55,144.6,172.5,203.7,237.0,274.9,316.15,358.15,399.9,448.0,491.4,2025-09-09,0.0089834925566462,0.0947812880090064,4.986666666666666,24878.8,0.0999726055003232,24567.518008688952,24550,0.0171423135464231,0.0099945218505232,-4.605718151041197,4.986666666666666,-2.7079023568178147,0.0030717615568892,2025,0.0051913174913167,0.0001777685828669,0.0001713292273082,0.1018339964662071,-6.439355558721609e-06,1.0375846880295343,-0.0018613909658838,-8.635027949783527,-8.671923546591358,-4.066205395550156,0.0001274995808495,0.7441788120607783,0.0137304383322966,4.3829646458704306e-05,0.0368955968077195,0,1,0,75.0,300.0,150.0,12300.0,2550.0,15525.0,28275.0,101400.0,99600.0,794325.0,1039350.0,1505175.0,841275.0,921450.0,477600.0,847125.0,319950.0,443925.0,246300.0,504525.0,171075.0,163125.0,461925.0,248250.0,659025.0,506175.0,863175.0,349575.0,878175.0,689025.0,2168175.0,1410000.0,1566000.0,456225.0,418650.0,112350.0,104775.0,26400.0,141975.0,10500.0,19200.0,2850.0,0.1208203368080846,15.85,163125.0,0.1181672705060551,19.35,461925.0,0.1154666288456097,23.6,248250.0,0.1126470624698388,28.7,659025.0,0.1102251624726942,35.25,506175.0,0.1082113457028733,43.6,863175.0,0.1060052143280447,53.5,349575.0,0.1042493026592304,65.9,878175.0,0.1028655951611535,81.1,689025.0,0.1016703390551954,99.2,2168175.0,0.0999726055003232,256.6,2449350.0,0.0992918765991172,111.8,1505175.0,0.098476803878874,89.5,841275.0,0.0978314597631271,70.5,921450.0,0.0983161556572322,55.7,477600.0,0.0985524919107996,43.2,847125.0,0.0986510257950173,32.9,319950.0,0.0997260559133564,25.4,443925.0,0.1008836155932318,19.5,246300.0,0.1022911454623846,15.0,504525.0,0.1038456361383106,11.55,171075.0,0.0028929896608303,-0.0014958016214491,0.0043887912822794,0.0006985940196905,0.1006711995200138,0.0060326088277215,-0.0016564498430909,0.0076890586708124,0.0021880794923153,0.1021606849926385,0.010252556972371,-0.0013215797053058,0.0115741366776769,0.0044654886335326,0.1044380941338558,0.0154940233452865,0.0009110100929086,0.0145830132523779,0.0082025167190975,0.1081751222194207,0.0208477313077614,0.0038730306379873,0.016974700669774,0.0123603809728744,0.1123329864731976,0.0998494579225846,-0.0057379170834759,0.0049558182621248,0.000233561078544,0.8418866645130919,low,5,0.0245399943654775,252,none,0920_open,500,229.20000000000002,328.7999999999993,-99.59999999999926,270.79999999999995
2025-09-10,24963.0,24966.3,-0.0011350523152446,0.0170285967410855,0.0013901042292593,-4.913312272090102,-4.79292416229777,-5.025473956527809,0.0035272837054403,546.35,498.3,451.7,405.35,360.6,317.6,275.5,236.45,199.5,166.85,136.65,109.35,86.45,67.55,51.45,38.9,28.8,21.5,15.65,11.6,8.75,11.8,14.4,17.45,21.6,26.8,33.6,42.25,53.0,65.75,82.55,102.85,126.05,152.95,183.7,217.6,253.8,295.55,337.3,381.35,425.0,470.15,2025-09-16,0.0031232205485422,0.0558857812734352,4.986666666666666,25254.45,0.0913352199132017,24983.83478249638,24950,0.0171423135464231,0.0083421223965929,-4.7864376109830955,4.986666666666666,-4.072861186934161,0.0011350523152446,2025,0.0354494386397664,6.180341191295147e-05,0.000143003277765,0.0600442616075169,8.119986585208254e-05,0.4321817854727742,0.0312909583056847,-9.691551986077153,-8.852643006533254,-4.066205395550156,0.0001081964352405,0.7566010858736878,0.0118892705907006,3.4806842524512686e-05,-0.8389089795436596,1,0,1,825.0,3825.0,1800.0,5700.0,1200.0,27075.0,25125.0,126675.0,150975.0,482250.0,646425.0,1554750.0,503025.0,456225.0,272700.0,452400.0,241050.0,319275.0,209175.0,293325.0,230400.0,234450.0,558000.0,134550.0,382575.0,215250.0,429750.0,263925.0,648825.0,483600.0,1154400.0,1167075.0,1411875.0,251775.0,250350.0,28650.0,36000.0,3600.0,10050.0,600.0,3825.0,75.0,0.1131725840006964,11.8,234450.0,0.1101712039107229,14.4,558000.0,0.1068835054411015,17.45,134550.0,0.1041547010083172,21.6,382575.0,0.1014825760341654,26.8,215250.0,0.0992098001695306,33.6,429750.0,0.0971832597688574,42.25,263925.0,0.095275870149599,53.0,648825.0,0.0930922942889288,65.75,483600.0,0.092047976779366,82.55,1154400.0,0.0913352199132017,239.5,1813500.0,0.0899099779184168,109.35,1554750.0,0.0892689108116371,86.45,503025.0,0.0891532176329624,67.55,456225.0,0.0887252498979554,51.45,272700.0,0.0888758184721828,38.9,452400.0,0.0889311493634575,28.8,241050.0,0.0897841530885592,21.5,319275.0,0.090293665859483,15.65,209175.0,0.0915467000576056,11.6,293325.0,0.0933079291536579,8.75,230400.0,0.0017570743757271,-0.0020663091015645,0.0038233834772916,-0.0001546173629187,0.091180602550283,0.0058480398556557,-0.0026099700152462,0.008458009870902,0.0016190349202047,0.0929542548334064,0.0101473561209637,-0.0024040705497441,0.0125514266707078,0.0038716427856097,0.0952068626988115,0.0155482855278998,-0.0010415540537186,0.0165898395816184,0.0072533657370905,0.0985885856502922,0.0218373640874947,0.0019727092404562,0.0198646548470385,0.0119050366639755,0.1032402565771772,0.0903313158927912,-0.005200855543516,0.0042310001724064,0.0001883820891778,0.9151738798440874,low,5,0.0245400796288561,252,none,0920_open,500,218.95,304.4500000000007,-85.50000000000074,281.05
2025-09-17,25296.45,25304.75,0.0008087370358911,0.0420404820618741,0.001620780781493,-5.636691686534016,-5.629466981378551,-5.181201333413315,0.0073424322123199,548.25,502.8,453.55,407.0,363.7,318.6,277.3,237.95,200.7,167.4,135.6,108.75,85.05,65.5,49.8,37.75,27.75,20.65,15.45,11.5,8.85,11.85,14.1,16.9,20.7,25.55,31.85,39.75,49.95,62.4,78.2,97.9,120.25,147.2,177.7,211.75,249.15,289.65,331.35,376.45,422.6,469.55,2025-09-23,0.005581946668755,0.0747124264681256,4.986666666666666,25184.9,0.0876340297858114,25337.738795861347,25300,0.0171423135464231,0.0076797231765004,-4.869171777198683,4.986666666666666,-3.169122266296167,0.0008087370358911,2025,0.0129216033176857,0.0001104575690007,0.0001316482226413,0.0802718039895581,2.119065364054194e-05,0.8390357787185669,0.0073622257962532,-9.110879101693213,-8.935377172748849,-4.066205395550156,0.0001003629500091,0.7623570451274269,0.0111180767548684,3.128527263220145e-05,-0.1755019289448923,1,0,0,1875.0,450.0,4125.0,750.0,65100.0,18150.0,75825.0,87525.0,537450.0,629100.0,1759350.0,924675.0,1061850.0,495300.0,924300.0,364950.0,502500.0,220950.0,432750.0,226275.0,262650.0,226725.0,150225.0,249525.0,122325.0,451275.0,310650.0,465075.0,348225.0,861450.0,788775.0,1362000.0,516600.0,369375.0,132225.0,98550.0,26775.0,20400.0,2400.0,1575.0,300.0,4425.0,0.1123193168853816,11.85,226725.0,0.1087001715025129,14.1,150225.0,0.1051428193822368,16.9,249525.0,0.1020984684469303,20.7,122325.0,0.0992254648864906,25.55,451275.0,0.0966667656577001,31.85,310650.0,0.0941959181874397,39.75,465075.0,0.0921379471484768,49.95,348225.0,0.0900494905316491,62.4,861450.0,0.0885207535455309,78.2,788775.0,0.0876340297858114,233.5,3121350.0,0.0867882264140543,108.75,924675.0,0.0857021344434455,85.05,1061850.0,0.0851426348865312,65.5,495300.0,0.0850492196021187,49.8,924300.0,0.0856195266307311,37.75,364950.0,0.0856987251562525,27.75,502500.0,0.0866684657196384,20.65,220950.0,0.0880457220089774,15.45,432750.0,0.0894553649757074,11.5,226275.0,0.0916588157433954,8.85,262650.0,0.0024154607458377,-0.0019318953423658,0.0043473560882035,0.0002417827017359,0.0878758124875473,0.0065618884016283,-0.0025848101836926,0.0091466985853209,0.0019885391089678,0.0896225688947792,0.0115914351006792,-0.0019353046295589,0.0135267397302381,0.0048280652355601,0.0924620950213716,0.0175087895964254,0.000411692223166,0.0170970973732593,0.0089602409097957,0.0965942706956071,0.0246852870995702,0.004024785957584,0.0206605011419862,0.0143550365285771,0.1019890663143885,0.0866824612997798,-0.0052554257587803,0.0047127336473054,0.0001702607086751,0.8865085122422633,low,5,0.02429282831811048,252,none,0920_open,500,212.8,115.09999999999854,97.70000000000147,287.2
2025-09-24,25092.5,25083.1,-0.0006553648016835,0.0109853069240846,0.0024748275132011,-4.913656933936329,-5.231854356815591,-5.189525517761449,-0.0006073224215202,545.0,500.0,452.2,406.9,364.85,320.55,276.35,239.0,199.65,165.75,138.15,110.5,85.9,67.4,53.2,39.85,30.55,23.9,18.5,14.35,11.25,11.45,14.0,17.1,20.75,25.55,31.8,40.9,50.3,64.85,80.85,97.9,121.45,151.0,181.8,212.75,254.25,294.0,333.65,378.45,427.0,472.3,2025-09-30,0.0067211841598781,0.0819828284452185,4.986666666666666,24633.6,0.0892044379167363,25140.291419984595,25100,0.0171423135464231,0.0079574317440408,-4.833648976408009,4.986666666666666,-4.511196633245976,0.0006553648016835,2025,0.0072216094715178,0.0001330012103594,0.0001364087899806,0.0880831990950231,3.4075796211152404e-06,0.9750193545328004,0.0011212388217131,-8.925152329336617,-8.899854371958174,-4.066205395550156,0.0001036543546107,0.7598803172838083,0.0114439353564649,3.275443536984317e-05,-0.0252979573790809,1,0,0,1650.0,1350.0,15450.0,5775.0,34875.0,16725.0,97725.0,66975.0,628125.0,425850.0,1765200.0,893325.0,1427100.0,656250.0,984900.0,528450.0,867750.0,358725.0,818850.0,341700.0,1020975.0,329850.0,186150.0,880725.0,342525.0,689250.0,428550.0,949875.0,790875.0,2247525.0,1998975.0,4325700.0,2078475.0,1713075.0,650175.0,517350.0,98400.0,169800.0,20325.0,86550.0,5025.0,18900.0,0.1127256031955,11.45,329850.0,0.1098004213025024,14.0,186150.0,0.106773033482781,17.1,880725.0,0.1034603624431312,20.75,342525.0,0.1005181061200289,25.55,689250.0,0.0979160096854867,31.8,428550.0,0.0967038131706508,40.9,949875.0,0.0938270010767441,50.3,790875.0,0.0935444382456238,64.85,2247525.0,0.0921169213010486,80.85,1998975.0,0.0892044379167363,236.05,6090900.0,0.0878659494639332,110.5,893325.0,0.086216317548939,85.9,1427100.0,0.0866449445548301,67.4,656250.0,0.0880916910671475,53.2,984900.0,0.087792804148201,39.85,528450.0,0.0890214653010732,30.55,867750.0,0.0911413796335818,23.9,358725.0,0.0930140910125467,18.5,818850.0,0.0950045274459534,14.35,341700.0,0.0972665779376278,11.25,1020975.0,0.0043400003288875,-0.0029881203677972,0.0073281206966847,0.0006759399805451,0.0898803778972814,0.0074993752539145,-0.0011127468495887,0.0086121221035032,0.0031933142021629,0.0923977521188992,0.0113136682032926,-0.000182972615663,0.0114966408189556,0.0055653477938147,0.094769785710551,0.0175685955660447,0.0038096530958104,0.0137589424702343,0.0106891243309275,0.0998935622476639,0.0235211652787637,0.0080621400208915,0.0154590252578721,0.0157916526498276,0.1049960905665639,0.088687710218372,-0.004851240664883,0.004994532300538,0.0008887130476687,0.8760376985423183,low,5,0.02429282831811048,252,none,0920_open,500,213.35000000000002,466.40000000000146,-253.05000000000143,286.65
2025-10-01,24621.8,24622.85,-2.0625575285422498e-06,0.0346624059999898,0.0017159590281782,-4.925616839574333,-4.948133698369176,-5.139049608514937,-0.0017825587777876,558.2,515.2,470.2,423.05,377.55,334.25,295.95,255.85,218.4,184.8,153.4,125.4,99.75,79.25,61.2,46.95,35.6,26.95,20.35,15.35,11.75,11.85,14.15,17.35,21.55,26.8,33.65,42.15,52.85,65.6,81.25,100.1,121.25,146.65,175.9,207.8,242.9,280.75,322.1,364.85,410.1,456.4,2025-10-07,0.0060303249172107,0.0776551667129156,3.986666666666667,25112.8,0.0972339744567128,24653.354849321215,24600,0.0171423135464231,0.0094544457886486,-4.661270194279933,3.986666666666667,-3.3620995799086164,2.0625575285422498e-06,2025,0.0195788077437972,9.540037831989414e-05,0.0001620710741166,0.0746002583101999,6.667069579677958e-05,0.5886329737730753,0.0226337161465128,-9.257428013900558,-8.727475589830098,-4.066205395550156,0.000121225188476,0.7479754739500697,0.0131406122353122,4.084588564065782e-05,-0.5299524240700041,1,0,1,525.0,300.0,2625.0,975.0,4875.0,3375.0,41175.0,24075.0,194025.0,190650.0,1338225.0,1125825.0,1545675.0,529875.0,863475.0,463875.0,721125.0,300825.0,597525.0,333225.0,338100.0,358500.0,205800.0,409650.0,269625.0,503325.0,387900.0,685500.0,432825.0,1098075.0,831525.0,2759250.0,1705425.0,1514475.0,326175.0,341100.0,53025.0,73200.0,9900.0,65700.0,2325.0,5700.0,0.1180741574336344,11.85,358500.0,0.1145566740959173,14.15,205800.0,0.1117121482659883,17.35,409650.0,0.1092424181909472,21.55,269625.0,0.1068411257216915,26.8,503325.0,0.1048764217114379,33.65,387900.0,0.102995583148202,42.15,685500.0,0.1014287911263387,52.85,432825.0,0.0997083943224694,65.6,1098075.0,0.0983198748681975,81.25,831525.0,0.0972339744567128,253.5,4097475.0,0.0955598068018284,121.25,1705425.0,0.0944629704242749,99.75,1545675.0,0.0942403641762211,79.25,529875.0,0.0934359984637106,61.2,863475.0,0.0933482030969656,46.95,463875.0,0.0935177672262048,35.6,721125.0,0.0941908860202203,26.95,300825.0,0.095160199210931,20.35,597525.0,0.096358853430672,15.35,333225.0,0.0980845942989617,11.75,338100.0,0.0024744198657566,-0.0027710040324378,0.0052454238981945,-0.0001482920833406,0.0970856823733721,0.0057616086914892,-0.0037979759930021,0.0095595846844913,0.0009818163492435,0.0982157908059563,0.0096071512649787,-0.0037162072305079,0.0133233584954867,0.0029454720172353,0.1001794464739481,0.0144781738092755,-0.0020737752457817,0.0165519490550572,0.0062021992817469,0.1034361737384597,0.0208401829769216,0.0008506198422489,0.0199895631346726,0.0108454014095853,0.1080793758662981,0.0957695596759237,-0.0060408314732621,0.0034662962989832,0.000248707885201,0.8354731751860897,low,4,0.02429282831811048,252,none,0920_open,500,229.9,500.0,-270.1,270.1
2025-10-08,25147.0,25151.25,0.002640078943863,0.0357979021948708,0.0027677102387958,-4.890185733686057,-5.081044807161572,-5.189227720253673,0.0016040541165991,544.9,494.35,444.95,401.3,356.9,312.05,270.8,231.05,194.65,160.6,129.8,102.95,80.5,61.85,47.15,35.75,26.3,19.8,14.9,11.1,8.5,9.7,11.7,14.35,18.0,22.35,28.5,36.45,46.95,59.35,75.55,95.25,119.6,146.1,177.8,212.85,250.1,292.0,335.3,380.5,425.0,472.65,2025-10-14,0.0071327191382989,0.0844554269321928,4.986666666666666,25123.35,0.0850404428920683,25184.585554297333,25150,0.0171423135464231,0.0072318769272791,-4.929256673835857,4.986666666666666,-3.329865985201042,0.002640078943863,2025,0.0005850159598754,0.0001411448125779,0.0001239711018165,0.0907397844915092,-1.7173710761417027e-05,1.1385299518175518,-0.0056993415994409,-8.865724155070273,-8.995462069386019,-4.066205395550156,9.503186861970078e-05,0.7665646850531223,0.0105844058023692,2.893923319686041e-05,0.1297379143156854,0,1,0,75.0,3375.0,1125.0,12525.0,7500.0,106650.0,41475.0,355125.0,335850.0,1566975.0,1948425.0,2207550.0,957675.0,1138050.0,673875.0,899475.0,525300.0,728550.0,377625.0,652875.0,205200.0,79425.0,489975.0,155100.0,431550.0,194475.0,477300.0,375300.0,1299000.0,846525.0,1674000.0,1220550.0,968850.0,186375.0,174675.0,29175.0,38700.0,4200.0,18825.0,1275.0,3075.0,150.0,0.1074760323054189,9.7,79425.0,0.1039525424695891,11.7,489975.0,0.1007216951030573,14.35,155100.0,0.0980053909095881,18.0,431550.0,0.0949402663406783,22.35,194475.0,0.0926818247676371,28.5,477300.0,0.090643054832166,36.45,375300.0,0.0891330582853931,46.95,1299000.0,0.0871398425784697,59.35,846525.0,0.085981746238439,75.55,1674000.0,0.0850404428920683,225.05,3168975.0,0.0840454829241934,102.95,2207550.0,0.0836756881382235,80.5,957675.0,0.0835315104667202,61.85,1138050.0,0.0839673978032197,47.15,673875.0,0.08483108121413,35.75,899475.0,0.0851698911062428,26.3,525300.0,0.0866198653689101,19.8,728550.0,0.0882283622159965,14.9,377625.0,0.0897161919671449,11.1,652875.0,0.0918602973030165,8.5,205200.0,0.0020993996864014,-0.0013647547538447,0.0034641544402461,0.0003673224662783,0.0854077653583466,0.0056026119400977,-0.0010730450888485,0.0066756570289462,0.0022647834256246,0.0873052263176929,0.00989982344861,0.0001294482141745,0.0097703752344354,0.0050146358313923,0.0900550787234606,0.015681252210989,0.0031879193239282,0.0124933328870608,0.0094345857674586,0.0944750286595269,0.0224355894133506,0.0068198544109482,0.0156157350024024,0.0146277219121494,0.0996681648042177,0.0844465379959127,-0.0034610201068315,0.004545035021013,0.0002054333956651,0.9051450824895485,low,5,0.02378620968792582,252,none,0920_open,500,206.85000000000002,26.650000000001455,180.19999999999857,293.15
2025-10-15,25242.0,25251.75,0.0023005886561759,0.0595291715853617,0.0035575627921718,-4.564850537609857,-4.975386205713318,-5.172807004165607,-0.0045194227102091,581.0,530.0,483.05,435.05,394.4,347.65,304.7,263.4,224.95,189.0,154.5,125.75,100.3,78.45,59.8,45.05,33.25,24.45,18.05,13.4,9.75,11.8,14.05,16.65,20.3,24.6,30.1,37.3,46.3,57.5,71.35,89.0,108.5,132.1,160.4,192.55,227.05,267.1,307.0,351.0,394.0,436.95,2025-10-21,0.0104816349642462,0.102379856242555,4.1466666666666665,25833.3,0.0901207220917116,25315.567403950085,25250,0.0171423135464231,0.0081217445503315,-4.813210301784728,4.1466666666666665,-2.8212888078323335,0.0023005886561759,2025,-0.0122591341508434,0.0001724755806286,0.0001392254916257,0.1003065031859733,-3.3250089002865836e-05,1.2388218465929235,-0.0101857810942617,-8.665254893086969,-8.879415697334887,-4.066205395550156,0.0001055968182777,0.7584589362530996,0.0116349926107171,3.362867334796537e-05,0.2141608042481642,0,1,0,975.0,6450.0,3825.0,34575.0,5850.0,160875.0,51150.0,361650.0,451200.0,2199750.0,1941525.0,2354850.0,1528500.0,1394775.0,728700.0,1230600.0,767775.0,794925.0,579675.0,695025.0,398100.0,202050.0,439050.0,472050.0,476400.0,367350.0,1468950.0,344625.0,743250.0,899100.0,2191275.0,1637325.0,1037175.0,292650.0,251625.0,58800.0,99450.0,21375.0,21375.0,5175.0,7725.0,1425.0,0.1168113193764828,11.8,202050.0,0.1133842492445827,14.05,439050.0,0.1096953924329269,16.65,472050.0,0.1067338273478764,20.3,476400.0,0.1035003823723488,24.6,367350.0,0.1005115943230982,30.1,1468950.0,0.0979724913789644,37.3,344625.0,0.0955731377904849,46.3,743250.0,0.0933445420957818,57.5,899100.0,0.0913321063272948,71.35,2191275.0,0.0901207220917116,243.5,3578850.0,0.0879264990673261,108.5,1037175.0,0.0882805606472177,100.3,1528500.0,0.087493802663204,78.45,1394775.0,0.0865663993381771,59.8,728700.0,0.0862341599362388,45.05,1230600.0,0.0859766547923462,33.25,767775.0,0.0862944378267346,24.45,794925.0,0.0871760336962637,18.05,579675.0,0.0884614910501579,13.4,695025.0,0.0894733470998865,9.75,398100.0,0.0032238200040702,-0.0018401614444938,0.005063981448564,0.0006918292797881,0.0908125513714997,0.0078517692872528,-0.0035543227535344,0.0114060920407873,0.0021487232668591,0.0922694453585707,0.0133796602806372,-0.0041440672993653,0.0175237275800025,0.0046177964906359,0.0947385185823475,0.0195746703412153,-0.0029446883954478,0.0225193587366631,0.0083149909728837,0.0984357130645953,0.0266905972847712,-0.0006473749918251,0.0273379722765963,0.013021611146473,0.1031423332381846,0.0884000548549209,-0.0064015210947412,0.0047069573903238,0.0003336301965198,0.8669132849604716,low,4,0.022461111676161077,252,none,0920_open,500,221.95,500.0,-278.05,278.05
2025-10-23,26003.2,25999.95,-0.0020533331923971,0.0720599784529477,0.0028400200504168,-5.862460010616237,-4.9013196694781795,-5.000700711302301,-0.000673322523697,601.5,553.2,505.35,458.2,414.3,368.35,326.0,283.8,245.8,209.9,176.0,145.15,117.65,94.6,74.45,57.5,44.15,33.35,24.5,18.3,13.55,14.25,16.15,18.8,22.3,26.4,32.0,38.7,47.4,58.1,71.9,88.55,107.85,131.2,156.8,186.2,219.35,254.9,296.2,335.6,381.1,424.05,2025-10-28,0.0072606043466774,0.0852091799436979,3.986666666666667,25965.4,0.1023683801824541,26087.52560303839,26000,0.0144025875190258,0.0104792852611794,-4.55835480268412,3.986666666666667,-2.63025647267767,0.0020533331923971,2025,0.0171592002387562,0.0001148635290823,0.0001509288231109,0.0893039803681895,3.606529402861668e-05,0.7610443566362474,0.0130643998142645,-9.07176583792302,-8.798702202405176,-4.240347399721049,0.0001126817855873,0.746588910353252,0.0139165957774754,3.8247037523653064e-05,-0.2730636355178528,1,0,0,39075.0,2475.0,21000.0,9825.0,56775.0,30225.0,207600.0,124050.0,557550.0,327225.0,1861500.0,897750.0,1202550.0,668100.0,1353150.0,546525.0,916725.0,389475.0,711150.0,507300.0,927675.0,772950.0,275475.0,937650.0,449325.0,832650.0,390075.0,1072650.0,490800.0,1116450.0,729975.0,2700450.0,899325.0,865500.0,215475.0,374025.0,41325.0,88800.0,8925.0,19575.0,2025.0,17700.0,0.1331035760377173,14.25,772950.0,0.1282657687981616,16.15,275475.0,0.1241263773182882,18.8,937650.0,0.1204829861309709,22.3,449325.0,0.1166369416884299,26.4,832650.0,0.1135883722862494,32.0,390075.0,0.1104075516405893,38.7,1072650.0,0.1078071710374529,47.4,490800.0,0.1053703561251898,58.1,1116450.0,0.103758804396819,71.9,729975.0,0.1023683801824541,264.55,4561950.0,0.1008066916265533,107.85,899325.0,0.0991672289778959,117.65,1202550.0,0.098689918774736,94.6,668100.0,0.0979742317969874,74.45,1353150.0,0.0973407668002877,57.5,546525.0,0.0973924914217562,44.15,916725.0,0.0974746032577827,33.35,389475.0,0.0972090212984104,24.5,711150.0,0.0980186826795367,18.3,507300.0,0.0988947248052339,13.55,927675.0,0.0030019759427357,-0.0032011512045581,0.0062031271472938,-9.958763091123812e-05,0.1022687925515428,0.0080391714581352,-0.0043941483854666,0.0124333198436019,0.0018225115363343,0.1041908917187884,0.0142685615059758,-0.0049758887606978,0.0192444502666736,0.0046463363726389,0.107014716555093,0.021757997135834,-0.0051593588840436,0.0269173560198777,0.0082993191258952,0.1106676993083493,0.0307351958552632,-0.0034736553772201,0.0342088512324834,0.0136307702390215,0.1159991504214756,0.0996718017781965,-0.0070705824429335,0.0055503978875422,0.0002067342280548,0.8323622454945455,low,4,0.023200787376541,252,none,0920_open,500,236.75,34.599999999998545,202.15000000000146,263.25
2025-10-29,25980.55,25986.45,-8.660216414598831e-05,0.0462643291498635,0.0021881603497616,-4.543270903891577,-4.897251506681018,-4.9123935177545555,-0.0003311551569171,573.1,530.05,483.0,441.4,395.45,358.0,317.95,282.05,244.8,216.45,182.75,155.45,134.05,111.25,93.6,75.65,63.5,50.45,40.7,33.5,26.95,19.95,23.95,28.8,35.45,43.05,51.85,63.25,75.6,90.95,107.9,129.95,153.0,176.65,205.85,236.3,269.5,306.1,344.85,384.75,428.05,470.65,2025-11-04,0.0057261899892464,0.0756715930138014,4.986666666666666,25586.25,0.1140773774958056,26052.854334787244,26000,0.0171423135464231,0.0130136480563205,-4.34175662174202,4.986666666666666,-3.0733840435513313,8.660216414598831e-05,2025,0.0384057844820042,0.0001133119077237,0.0002230840353642,0.0813023424499937,0.0001097721276405,0.5079337368929122,0.0327750350458118,-9.085366296390946,-8.40796201729218,-4.066205395550156,0.000162048296221,0.7264002372758889,0.0168502360386172,6.103573914319478e-05,-0.6774042790986666,1,0,1,5250.0,75.0,10425.0,1800.0,24525.0,5850.0,83025.0,63075.0,263250.0,404925.0,1393725.0,719925.0,768525.0,398775.0,714150.0,267375.0,472500.0,217875.0,384000.0,180600.0,449400.0,378225.0,314700.0,316575.0,474000.0,330375.0,528375.0,513900.0,283125.0,749100.0,767325.0,1610925.0,465000.0,394950.0,78375.0,99225.0,12225.0,33675.0,2250.0,3900.0,2700.0,5175.0,0.127063008773935,19.95,378225.0,0.1247575020565299,23.95,314700.0,0.1225380972242338,28.8,316575.0,0.1213511068460709,35.45,474000.0,0.1197937145649988,43.05,330375.0,0.1180326433813957,51.85,528375.0,0.1172101017014938,63.25,513900.0,0.1155693870833756,75.6,283125.0,0.1147383074794716,90.95,749100.0,0.1133950941742976,107.9,767325.0,0.1140773774958056,312.7,3004650.0,0.1136010080723667,153.0,465000.0,0.1149990601466981,134.05,768525.0,0.1137800339733414,111.25,398775.0,0.1145929162073655,93.6,714150.0,0.1132776808425926,75.65,267375.0,0.1149691187240562,63.5,472500.0,0.1140696259978054,50.45,217875.0,0.1145089669104189,40.7,384000.0,0.1160864178561137,33.5,180600.0,0.1169301022007444,26.95,449400.0,0.000660929983666,0.0009216826508925,-0.0002607526672265,0.0007913063172792,0.1148686838130848,0.0031327242056882,0.0005155387115599,0.0026171854941282,0.0018241314586241,0.1159015089544297,0.0057163370691932,0.0008917412282506,0.0048245958409426,0.0033040391487219,0.1173814166445275,0.0084607197284281,0.0004315894146133,0.0080291303138148,0.0044461545715207,0.1185235320673263,0.0129856312781294,0.0028527247049388,0.0101329065731905,0.0079191779915341,0.1219965554873397,0.113679699998937,-0.001384424283586,0.0054297978088332,0.0006273022075955,0.7450551558325201,low,5,0.0233336668007749,252,none,0920_open,500,265.8,413.75,-147.95,234.2
2025-11-06,25664.1,25673.15,0.0028618797704468,0.0952703181595248,0.0032827958120487,-5.2890845694970885,-5.140742864935102,-4.962839718439563,-0.0073227736196966,584.95,533.3,487.4,444.0,396.65,351.6,310.55,269.7,231.8,196.85,165.2,136.45,109.6,88.15,68.8,53.25,40.85,31.0,23.75,17.85,13.85,11.95,14.35,17.3,21.6,26.6,33.45,41.15,51.7,64.05,79.35,96.25,116.0,141.5,167.7,199.7,235.05,272.7,312.5,353.7,398.8,446.05,2025-11-11,0.0081136929793673,0.0900760399849335,3.986666666666667,25705.55,0.1039979263298835,25719.00960925668,25650,0.0144025875190258,0.0108155686809158,-4.526768638350575,3.986666666666667,-2.3510369737127657,0.0028618797704468,2025,0.0139218863449499,0.0001283594815254,0.0001557721744949,0.0944047215543439,2.7412692969483893e-05,0.8240206053592894,0.0095932047755395,-8.960675780952961,-8.767116038071629,-4.240347399721049,0.0001159617625728,0.7444318149171415,0.0142680348639113,3.9810411922078126e-05,-0.1935597428814893,1,0,0,75.0,4275.0,1050.0,3900.0,9825.0,42600.0,31275.0,218700.0,245850.0,1249275.0,1464150.0,1927950.0,884775.0,1391175.0,570525.0,794175.0,408525.0,1122075.0,365475.0,553725.0,281850.0,201975.0,314550.0,264675.0,311400.0,302775.0,422250.0,254775.0,648825.0,436200.0,1115025.0,997275.0,999975.0,234375.0,319500.0,68325.0,87525.0,30975.0,82125.0,3150.0,9900.0,1725.0,0.1263748709588762,11.95,201975.0,0.122996174563566,14.35,314550.0,0.119643529141298,17.3,264675.0,0.1174039511925071,21.6,311400.0,0.1147234380502065,26.6,302775.0,0.1129360959508558,33.45,422250.0,0.1103758748154337,41.15,254775.0,0.1090198100686537,51.7,648825.0,0.1073254998445639,64.05,436200.0,0.1061235035123693,79.35,1115025.0,0.1039979263298835,261.45,2461425.0,0.1018573544671219,116.0,999975.0,0.1011100464877846,109.6,884775.0,0.1009933042887848,88.15,1391175.0,0.1000068907838712,68.8,570525.0,0.0997195001818796,53.25,794175.0,0.0998600073107113,40.85,408525.0,0.1002050163618561,31.0,1122075.0,0.1013580611375905,23.75,365475.0,0.1021972911025044,17.85,553725.0,0.1041676642412947,13.85,281850.0,0.0033275735146804,-0.0028878798420988,0.0062154533567793,0.0002198468362907,0.1042177731661742,0.0063779484855502,-0.0039910355460122,0.0103689840315624,0.0011934564697689,0.1051913827996525,0.010725511720323,-0.0041379190191721,0.0148634307394952,0.0032937963505754,0.1072917226804589,0.0156456028114145,-0.0026398651922929,0.0182854680037074,0.0065028688095608,0.1105007951394443,0.0223769446289927,0.0001697379114112,0.0222072067175814,0.0112733412702019,0.1152712676000854,0.1023130848798163,-0.0067061391044869,0.0037641803063135,0.0004403388586368,0.7992048361359059,low,4,0.022786656384939742,252,none,0920_open,500,235.65,55.54999999999927,180.10000000000073,264.35
2025-11-12,25808.6,25820.15,-0.0010495435836544,0.0082208908306855,0.0012728315367745,-5.153364923240737,-4.935728318515854,-4.915900774015978,0.0051209359995157,599.55,548.2,502.75,459.55,414.25,371.8,331.0,293.1,253.9,219.4,187.25,157.7,130.65,108.75,88.1,69.4,55.3,43.25,33.5,25.9,20.2,17.25,20.3,24.05,29.1,35.0,42.4,50.75,60.6,74.75,88.75,107.9,127.4,151.15,175.0,205.0,239.55,274.0,310.55,352.2,391.8,431.0,2025-11-18,0.0055196796344858,0.074294546465308,4.986666666666666,25894.7,0.1068854156851369,25879.431656541055,25800,0.0171423135464231,0.0114244920861845,-4.471995799541546,4.986666666666666,-4.801076702223324,0.0010495435836544,2025,0.0325908692198289,0.0001092254065236,0.00019584222545,0.0798228293910473,8.661681892631681e-05,0.557721432508798,0.0270625862940896,-9.122096861241394,-8.538201195091704,-4.066205395550156,0.0001439672430963,0.7351185004434778,0.0152428737587786,5.187498235368357e-05,-0.5838956661504677,1,0,1,3300.0,900.0,6525.0,8100.0,89925.0,19425.0,151575.0,63900.0,256125.0,226500.0,1214925.0,812250.0,1036200.0,491400.0,1040400.0,317925.0,678375.0,299250.0,610350.0,251850.0,491325.0,349875.0,196800.0,614100.0,260775.0,720525.0,334125.0,702375.0,419775.0,922500.0,663450.0,2192925.0,1019025.0,925875.0,160950.0,274725.0,37575.0,31425.0,5625.0,14550.0,525.0,4500.0,0.1275786346153961,17.25,349875.0,0.1244731739953951,20.3,196800.0,0.1215280165094356,24.05,614100.0,0.1193313976113999,29.1,260775.0,0.1169437129028273,35.0,720525.0,0.1149271122731309,42.4,334125.0,0.1124518214541752,50.75,702375.0,0.1099254707536842,60.6,419775.0,0.1095029583509167,74.75,922500.0,0.1071101021366151,88.75,663450.0,0.1068854156851369,295.15,3407850.0,0.1049319153582301,127.4,1019025.0,0.1041418696987075,130.65,1036200.0,0.1044272016235935,108.75,491400.0,0.1035578305937114,88.1,1040400.0,0.1020135536808091,69.4,317925.0,0.102108394522364,55.3,678375.0,0.1019505116199711,43.25,299250.0,0.1019845360336015,33.5,610350.0,0.10241643615741,25.9,251850.0,0.1034408245609494,20.2,491325.0,0.0026175426657798,-0.0027435459864293,0.0053610886522092,-6.30016603247463e-05,0.1068224140248121,0.0055664057690383,-0.0033275850914254,0.0088939908604638,0.0011194103388064,0.1080048260239433,0.0100582972176904,-0.0047770211627728,0.0148353183804633,0.0026406380274587,0.1095260537125956,0.0146426008242987,-0.0049008796515353,0.0195434804758341,0.0048708605863816,0.1117562762715186,0.0206932189302591,-0.0034445911241875,0.0241378100544466,0.0086243139030358,0.1155097295881727,0.1046959899657011,-0.006646839321016,0.00453819791985,0.000491633197057,0.7574992313086487,low,5,0.02181002225860376,252,none,0920_open,500,257.7,94.70000000000073,162.99999999999926,242.3
2025-11-19,25858.6,25870.55,-0.0023118673547609,0.0350133056752802,0.0029448616707788,-5.251019962392871,-5.126460687699749,-4.953845022420274,-0.0046080722662896,565.1,520.2,470.65,431.0,388.35,348.75,308.2,271.15,236.65,204.65,174.45,148.6,123.7,102.45,84.25,68.1,55.05,43.8,34.5,26.85,21.3,19.95,23.9,28.85,34.85,41.95,51.15,61.9,75.25,90.45,108.1,128.45,151.55,176.7,206.55,237.15,271.7,308.4,347.3,387.85,428.85,472.95,2025-11-25,0.0046445649143266,0.0681510448513204,4.986666666666666,25860.3,0.1113545750079384,25896.047337125252,25850,0.0171423135464231,0.0123998413751985,-4.390071598775664,4.986666666666666,-3.35202712758518,0.0023118673547609,2025,0.043203530156618,9.190832158508722e-05,0.0002125619687795,0.0732221876948766,0.0001206536471944,0.4323836578706165,0.0381323873130617,-9.294718982265872,-8.456276994325826,-4.066205395550156,0.0001550899592982,0.7296223317306976,0.0162377984789626,5.747200948135047e-05,-0.8384419879397492,1,0,1,300.0,9900.0,300.0,40125.0,3150.0,35550.0,17250.0,168525.0,83250.0,420450.0,725025.0,1605225.0,573300.0,1400850.0,429900.0,769650.0,372825.0,757800.0,264450.0,505050.0,195000.0,120075.0,353475.0,171075.0,625650.0,408375.0,429075.0,359475.0,788850.0,663825.0,1428750.0,1692375.0,2684025.0,716100.0,862575.0,106650.0,156375.0,27300.0,86850.0,7650.0,18750.0,1800.0,0.1266705072862679,19.95,120075.0,0.1242212583284682,23.9,353475.0,0.1220703052175733,28.85,171075.0,0.1200115155814888,34.85,625650.0,0.1178899805372426,41.95,408375.0,0.1165277551347856,51.15,429075.0,0.1150543268206364,61.9,359475.0,0.1142078879959926,75.25,788850.0,0.1131193968726046,90.45,663825.0,0.1121484201063894,108.1,1428750.0,0.1113545750079384,302.9,2417400.0,0.1114207861434274,148.6,1605225.0,0.1102301502719646,123.7,573300.0,0.1097810141845798,102.45,1400850.0,0.1096950276683247,84.25,429900.0,0.1092691366427466,68.1,769650.0,0.1095344510597474,55.05,372825.0,0.109548786397085,43.8,757800.0,0.1096328532564447,34.5,264450.0,0.1097024390099004,26.85,505050.0,0.1107563127669803,21.3,195000.0,0.0017648218646662,-0.0011244247359737,0.0028892466006399,0.0003201985643462,0.1116747735722846,0.003699751812698,-0.0016595473396136,0.0053592991523117,0.0010201022365421,0.1123746772444805,0.0065354055293042,-0.0018201239481909,0.0083555294774952,0.0023576407905566,0.113712215798495,0.0107157302096349,-0.0017217217514936,0.0124374519611286,0.0044970042290706,0.115851579237009,0.0153159322783295,-0.000598262240958,0.0159141945192875,0.0073588350186857,0.1187134100266241,0.1109083006269977,-0.0044585404052323,0.0033045334946987,0.0001936193791685,0.7263299958452982,low,5,0.020697737392680063,252,none,0920_open,500,261.65,10.299999999999272,251.3500000000007,238.35000000000002
2025-11-26,25969.85,25970.35,0.0048907120100265,0.323969311748816,0.0048806596880613,-5.3376346618840165,-5.385030195950412,-5.104218303663746,-0.0032063405242851,598.65,549.95,501.45,457.6,411.9,370.0,330.0,288.15,252.2,216.6,181.95,152.8,125.55,103.35,82.0,65.4,51.0,38.55,29.4,22.25,16.85,11.2,13.8,16.85,21.0,26.45,32.8,40.75,51.25,63.35,77.4,95.55,115.85,138.5,164.35,194.7,226.2,261.6,300.9,342.35,384.7,430.5,2025-12-02,0.0044803248381563,0.0669352286778521,4.986666666666666,26057.0,0.099058294531294,26036.488911470035,25950,0.0171423135464231,0.0098125457154485,-4.624093536985242,4.986666666666666,-1.127106484500371,0.0048907120100265,2025,0.0321230658534418,8.86582798661617e-05,0.0001682097353428,0.0719159022189846,7.955145547666705e-05,0.5270698493488918,0.0271423923123094,-9.330721130300027,-8.69029893253541,-4.066205395550156,0.0001253890079016,0.7454325259244592,0.0135329138632373,4.2820727441139145e-05,-0.6404221977644493,1,0,1,525.0,16425.0,900.0,6600.0,1800.0,32100.0,16800.0,129675.0,129750.0,799650.0,833400.0,1528500.0,429600.0,771450.0,428850.0,782775.0,242100.0,407475.0,360300.0,320100.0,213450.0,121275.0,560700.0,96975.0,216900.0,170850.0,354825.0,169500.0,451725.0,316200.0,739350.0,832500.0,960075.0,204150.0,204150.0,63750.0,149400.0,12825.0,27000.0,1650.0,6000.0,1875.0,0.1154399980070477,11.2,121275.0,0.1131164630483998,13.8,560700.0,0.1105219578024292,16.85,96975.0,0.1085389486690061,21.0,216900.0,0.106997219674341,26.45,170850.0,0.1050510594037614,32.8,354825.0,0.1033209057346224,40.75,169500.0,0.1024008004513635,51.25,451725.0,0.1010505433390099,63.35,316200.0,0.0994406987309159,77.4,739350.0,0.099058294531294,277.5,1665900.0,0.0981753162539346,115.85,960075.0,0.0972758206244338,125.55,429600.0,0.0975330361109256,103.35,771450.0,0.0961874489794475,82.0,428850.0,0.0962820953222726,65.4,782775.0,0.0959806202023122,51.0,242100.0,0.095124136982621,38.55,407475.0,0.0953266868450874,29.4,360300.0,0.09572989228544,22.25,320100.0,0.0964913330869307,16.85,213450.0,0.0019922488077159,-0.0017824739068601,0.003774722714576,0.0001048874504279,0.0991631819817219,0.0042626112033283,-0.0028708455518464,0.0071334567551748,0.0006958828257409,0.0997541773570349,0.007938925143047,-0.0030776743289817,0.0110165994720287,0.0024306254070326,0.1014889199383266,0.0114636632711352,-0.0037316076862065,0.0151952709573417,0.0038660277924643,0.1029243223237583,0.0163817034757537,-0.0025669614443633,0.018948664920117,0.0069073710156952,0.1059656655469892,0.0975979154992319,-0.0043532251227009,0.0031412558484051,0.0002665194429981,0.7663381040893459,low,5,0.020697737392680063,252,none,0920_open,500,249.45,107.0,142.45,250.55
2025-12-03,26029.75,26023.75,0.0010127575638172,0.0113264770333511,0.0023838108318366,-5.313631157365894,-5.312281302426447,-5.185788431306175,-0.0045546041580643,575.0,524.9,477.2,431.9,390.0,350.0,306.2,268.0,233.5,197.65,167.35,138.35,116.0,93.8,74.2,59.0,45.2,34.9,27.45,20.8,16.2,11.1,13.95,17.6,21.95,27.9,34.55,43.25,55.55,68.85,85.55,104.5,124.85,150.1,177.5,210.9,244.75,283.65,322.0,365.0,407.35,450.0,2025-12-09,0.0057986479125768,0.0761488536524144,4.986666666666666,25841.75,0.098154526018912,26112.91467692004,26050,0.0171423135464231,0.0096343109779972,-4.6424244920759214,4.986666666666666,-4.480612193746339,0.0010127575638172,2025,0.0220056723664976,0.00011474573118,0.0001651543795885,0.0818151162179693,5.040864840848303e-05,0.6947786154138995,0.0163394098009426,-9.072791910760552,-8.708629887626087,-4.066205395550156,0.0001233183495886,0.746685312832123,0.0133382627993631,4.183602999988448e-05,-0.3641620231348116,1,0,1,11850.0,75.0,2100.0,900.0,8925.0,3825.0,35700.0,29700.0,95250.0,161400.0,918450.0,868950.0,817125.0,397650.0,816525.0,288150.0,504075.0,263925.0,365250.0,258450.0,569925.0,409125.0,119250.0,384450.0,145650.0,288825.0,247200.0,476925.0,263100.0,719175.0,542250.0,1810425.0,1044300.0,737475.0,189075.0,267675.0,47475.0,57525.0,8550.0,14325.0,1575.0,4200.0,0.1112236185339562,11.1,409125.0,0.1092625414913457,13.95,119250.0,0.1074636380596804,17.6,384450.0,0.1053919177186751,21.95,145650.0,0.1040463043479377,27.9,288825.0,0.1019401124830071,34.55,247200.0,0.1004113804207916,43.25,476925.0,0.1004492418899835,55.55,263100.0,0.0993111000916352,68.85,719175.0,0.0989193343318891,85.55,542250.0,0.098154526018912,271.85,2728875.0,0.0963141026296674,124.85,1044300.0,0.0980612317639859,116.0,817125.0,0.0972938081152045,93.8,397650.0,0.0962452557964412,74.2,816525.0,0.0964736296473945,59.0,288150.0,0.0956621533151657,45.2,504075.0,0.0959195004835218,34.9,263925.0,0.0972327757577355,27.45,365250.0,0.0976125428449516,20.8,258450.0,0.0990465700963702,16.2,569925.0,0.0011565740727232,-9.329425492607402e-05,0.0012498683276493,0.0005316399088985,0.0986861659278105,0.0022568544018796,-0.0019092702224707,0.0041661246243503,0.0001737920897044,0.0983283181086164,0.0058917783290257,-0.0024923727037462,0.008384151032772,0.0016997028126397,0.0998542288315517,0.0093091120407683,-0.0009217502611764,0.0102308623019448,0.0041936808897959,0.1023482069087079,0.0130690925150442,0.0008920440774582,0.0121770484375859,0.0069805682962512,0.1051350943151632,0.0973743297302712,-0.0032005745958357,0.0021030310408127,0.0005838936206047,0.7516567146764463,low,5,0.020697737392680063,252,none,0920_open,500,244.55000000000004,208.25,36.30000000000004,255.44999999999996
2025-12-10,25880.4,25852.45,0.0006377477286226,0.0264049339263454,0.0023492681720529,-4.687725858419012,-5.1560062444372505,-5.23854137353364,-0.0035171756726552,567.4,520.8,474.55,430.0,385.0,344.0,302.7,264.35,227.05,194.95,164.5,136.5,112.1,90.8,72.5,56.75,45.0,34.9,27.05,20.8,15.95,11.65,14.05,17.75,22.1,27.9,35.35,44.2,55.5,69.3,85.4,104.05,126.8,152.35,181.25,213.35,248.25,285.6,324.75,367.15,411.05,457.65,2025-12-16,0.0060075787824324,0.0775085723157927,4.986666666666666,25851.35,0.0976188091052212,25960.512207156982,25900,0.0171423135464231,0.0095294318911216,-4.653370175776917,4.986666666666666,-3.6342043951423935,0.0006377477286226,2025,0.0201102367894284,0.0001188801304036,0.0001633565093968,0.0832760120178693,4.447637899320135e-05,0.7277342717629832,0.0143427970873518,-9.037394880059956,-8.719575571327077,-4.066205395550156,0.0001220982703553,0.7474343740943978,0.0132231637139116,4.125823904157992e-05,-0.3178193087330744,1,0,0,1575.0,2925.0,2250.0,23775.0,4875.0,45300.0,26400.0,180600.0,196425.0,1147950.0,1409325.0,2795100.0,1194075.0,2064600.0,677400.0,1056225.0,543750.0,1211250.0,598200.0,704775.0,340575.0,200025.0,436650.0,228525.0,708075.0,351750.0,569850.0,438075.0,1016850.0,686325.0,2203050.0,2030775.0,2230050.0,403125.0,591525.0,74625.0,130200.0,17100.0,54450.0,14400.0,23700.0,2400.0,0.1127489496913192,11.65,200025.0,0.1097119941061427,14.05,436650.0,0.1079362395334986,17.75,228525.0,0.1057955215780726,22.1,708075.0,0.1041961871051851,27.9,351750.0,0.1029342553467313,35.35,569850.0,0.1014132471503972,44.2,438075.0,0.1004150416653065,55.5,1016850.0,0.099634868567576,69.3,686325.0,0.0986855352332497,85.4,2203050.0,0.0976188091052212,268.55,3440100.0,0.0974544180761146,126.8,2230050.0,0.0965450690729606,112.1,1194075.0,0.0962917381422987,90.8,2064600.0,0.0960874131153417,72.5,677400.0,0.0956728347042293,56.75,1056225.0,0.0965633635462494,45.0,543750.0,0.0969688482703174,34.9,1211250.0,0.0977639771028226,27.05,598200.0,0.0986024633563846,20.8,704775.0,0.0996004735945348,15.95,340575.0,0.0020160594623548,-0.0010737400322605,0.0030897994946153,0.0004711597150471,0.0980899688202683,0.003794438045176,-0.0015313959898794,0.0053258340350554,0.0011315210276483,0.0987503301328695,0.0065773779999639,-0.0010554455589717,0.0076328235589357,0.002760966220496,0.1003797753257172,0.0103174304282774,0.0001451679976014,0.0101722624306759,0.0052312992129394,0.1028501083181606,0.015130140586098,0.0019816644893136,0.0131484760967844,0.0085559025377058,0.106174711642927,0.097074250924428,-0.0033951420627302,0.0029155317844131,0.0002157134543635,0.7539862286310486,low,5,0.020696688833538982,252,none,0920_open,500,240.95000000000002,48.650000000001455,192.29999999999856,259.04999999999995
2025-12-17,25873.45,25884.15,-0.0011511348446429,0.0555145491457122,0.0018745084246592,-5.0713906986392985,-5.113202719378639,-5.26821916822636,-0.0062720306793826,529.1,477.0,436.0,394.0,349.55,307.3,267.35,229.8,194.65,162.95,133.45,107.6,85.6,66.3,50.8,38.3,28.55,21.0,15.3,11.6,8.7,12.35,15.05,18.9,23.85,30.5,38.45,48.35,61.0,75.5,93.45,114.5,139.95,167.8,197.45,233.2,268.8,309.15,350.75,395.55,447.1,493.0,2025-12-23,0.0051377977340015,0.0716784328372314,4.986666666666666,26165.95,0.0917084404625922,25868.969500837466,25850,0.0171423135464231,0.0084104380520808,-4.778281719304913,4.986666666666666,-2.8911101458146184,0.0011511348446429,2025,0.0200300076253608,0.0001016685900802,0.0001441743661515,0.0770120498421196,4.25057760712957e-05,0.7051779924135803,0.0146963906204725,-9.193792151381883,-8.844487114855074,-4.066205395550156,0.0001090010146854,0.7560360249537215,0.0119676469312089,3.5173351466106595e-05,-0.3493050365269615,1,0,0,8850.0,225.0,13125.0,525.0,23025.0,7500.0,65775.0,73200.0,346275.0,784725.0,1449825.0,739050.0,1173000.0,366000.0,517875.0,248250.0,454650.0,316875.0,485325.0,179850.0,345750.0,210300.0,193725.0,329775.0,329175.0,492825.0,179850.0,525600.0,396225.0,1006500.0,1223100.0,1773000.0,408750.0,482400.0,89700.0,112800.0,16875.0,35400.0,2775.0,6525.0,600.0,1725.0,0.1080536593583326,12.35,210300.0,0.1050792642525424,15.05,193725.0,0.1028959920879704,18.9,329775.0,0.1009103603155867,23.85,329175.0,0.0995036238072012,30.5,492825.0,0.0978004451606676,38.45,179850.0,0.0962382719564593,48.35,525600.0,0.0952087732991668,61.0,396225.0,0.0936464302272529,75.5,1006500.0,0.0926448079221662,93.45,1223100.0,0.0917084404625922,247.95,3222825.0,0.0906805505725776,107.6,739050.0,0.0901068646675701,85.6,1173000.0,0.0891326733302386,66.3,366000.0,0.0887369252125942,50.8,517875.0,0.0885160271530627,38.3,248250.0,0.0885832686321771,28.55,454650.0,0.0887861980391755,21.0,316875.0,0.089175041743754,15.3,485325.0,0.0907786290198731,11.6,179850.0,0.0922256822425209,8.7,345750.0,0.0019379897646607,-0.001601575795022,0.0035395655596828,0.0001682069848193,0.0918766474474115,0.0045298314938671,-0.0029715152499979,0.0075013467438651,0.0007791581219345,0.0924875985845267,0.007795183344609,-0.0031251718304151,0.0109203551750241,0.0023350057570969,0.0940434462196891,0.0111875516253781,-0.0025333987188381,0.0137209503442163,0.00432707645327,0.0960355169158622,0.0163452188957404,0.0005172417799287,0.0158279771158117,0.0084312303378345,0.1001396708004267,0.0912431806880823,-0.0054487943040842,0.0024844434434163,0.0001449166438399,0.7965494315497857,low,5,0.020525039531400863,252,none,0920_open,500,226.9,315.9500000000007,-89.05000000000072,273.1
2025-12-24,26200.65,26200.0,0.0010540608091977,0.0268659126830258,0.0026869562396351,-5.7593661750961225,-5.304583658791689,-5.231495912593589,0.0001223038219557,536.0,487.8,439.0,392.95,347.6,302.0,261.0,220.65,184.65,150.0,121.0,94.1,71.75,53.75,39.0,28.65,20.6,15.0,11.0,8.2,6.55,8.35,9.85,12.05,15.35,19.7,25.45,33.3,43.5,56.1,72.75,91.55,116.15,144.3,176.35,212.65,251.15,293.45,337.6,383.0,430.15,476.2,2025-12-30,0.0025503683596404,0.0505011718640311,3.986666666666667,25970.55,0.0772171183694577,26229.48030605084,26200,0.0171423135464231,0.0059624833692828,-5.122268211990378,3.986666666666667,-3.616896982438688,0.0010540608091977,2025,0.0267159465054265,4.034709732976082e-05,0.0001022107594315,0.0485144855840986,6.186366210181817e-05,0.394744130208421,0.028702632785359,-10.117991103140492,-9.18847360754054,-4.066205395550156,7.974879043471763e-05,0.7802387036181093,0.0090103716768192,2.246196899686136e-05,-0.9295174955991788,1,0,1,1875.0,900.0,9075.0,4575.0,36375.0,9825.0,246075.0,93375.0,470100.0,781875.0,1755600.0,892575.0,848850.0,439500.0,499875.0,434175.0,536025.0,257400.0,551625.0,279675.0,314625.0,316725.0,102750.0,263400.0,143850.0,452250.0,264675.0,734250.0,329100.0,713550.0,943425.0,1631850.0,446175.0,386325.0,103350.0,164250.0,19575.0,36750.0,4125.0,2775.0,300.0,225.0,0.0990788044214528,8.35,316725.0,0.095043752586256,9.85,102750.0,0.0916374936702526,12.05,263400.0,0.0890602576575183,15.35,143850.0,0.0866426003014098,19.7,452250.0,0.0844290506985721,25.45,264675.0,0.0827322885577644,33.3,734250.0,0.0812616409695813,43.5,329100.0,0.0796604253511521,56.1,713550.0,0.078906523753879,72.75,943425.0,0.0772171183694577,212.55,3387450.0,0.0759791759694445,94.1,892575.0,0.0752801711710054,71.75,848850.0,0.0750427867739489,53.75,439500.0,0.0745906295647679,39.0,499875.0,0.0753845035786514,28.65,434175.0,0.0760385395563773,20.6,536025.0,0.0773509974193067,15.0,257400.0,0.0789742895674648,11.0,551625.0,0.0809698297282468,8.2,279675.0,0.084141129887531,6.55,314625.0,0.0024433069816943,-0.0019369471984522,0.0043802541801466,0.000253179891621,0.0774702982610787,0.0055151701883067,-0.0026264888046897,0.0081416589929965,0.0014443406918085,0.0786614590612662,0.0094254819319521,-0.0011785788130803,0.0106040607450324,0.0041234515594359,0.0813405699288936,0.0144203753007949,0.001757171198007,0.0126632041027878,0.008088773249401,0.0853058916188587,0.0218616860519951,0.0069240115180733,0.0149376745339218,0.0143928487850342,0.0916099671544919,0.0766118850504866,-0.0042725094526457,0.0031399961146977,0.0003683946600542,0.8765904834981326,low,4,0.020525039531400863,252,none,0920_open,500,197.65,229.45000000000073,-31.800000000000722,302.35
2025-12-31,26012.55,26012.8,0.0016389441330156,0.0446358628039432,0.0022008607383743,-5.5149445553445835,-5.949794965865339,-5.370251727778489,0.0007993012799311,560.2,511.0,465.0,417.1,373.0,327.8,284.75,243.85,205.6,169.65,138.65,109.65,84.95,64.45,47.9,34.45,24.7,17.9,12.6,9.2,7.05,6.6,7.85,9.9,12.55,16.1,21.2,28.0,37.0,48.9,63.3,81.3,102.55,128.3,157.75,190.7,228.15,268.55,310.0,355.95,403.85,448.95,2026-01-06,0.0033425426783353,0.0578147271751351,4.986666666666666,26174.65,0.0791888734356046,26057.40901704637,26000,0.0171423135464231,0.0062708776760002,-5.071838953910306,4.986666666666666,-3.109217644327193,0.0016389441330156,2025,0.0213741462604694,6.614343712684666e-05,0.0001074973513332,0.0621167410416282,4.135391420641377e-05,0.6153029475283585,0.0170721323939763,-9.623684884315368,-9.138044349460465,-4.066205395550156,8.348702757888635e-05,0.7766426478738261,0.0094018327849102,2.401032375437408e-05,-0.4856405348543426,1,0,1,3185.0,520.0,3510.0,2275.0,20670.0,9685.0,68640.0,57395.0,330200.0,441740.0,1703000.0,1095185.0,1181440.0,577200.0,562900.0,381030.0,799695.0,298675.0,631930.0,221260.0,363935.0,138320.0,128765.0,455000.0,122785.0,290680.0,205985.0,328900.0,228345.0,467480.0,511095.0,1283165.0,532805.0,337415.0,93925.0,130910.0,22620.0,28990.0,6630.0,10335.0,3965.0,5915.0,0.09902258850296,6.6,138320.0,0.0951507515485428,7.85,128765.0,0.0923402114332344,9.9,455000.0,0.0895608684450044,12.55,122785.0,0.0869974023449909,16.1,290680.0,0.0851164875091632,21.2,205985.0,0.083477451918865,28.0,328900.0,0.08212873997037,37.0,228345.0,0.0812396513897611,48.9,467480.0,0.0800549557506866,63.3,511095.0,0.0791888734356046,219.95,2986165.0,0.0781264932462307,102.55,532805.0,0.0770544013175018,84.95,1181440.0,0.0765261085964697,64.45,577200.0,0.0762575656480039,47.9,562900.0,0.0757680718947013,34.45,381030.0,0.0760344239284604,24.7,799695.0,0.0770831263300197,17.9,298675.0,0.0777745097577697,12.6,631930.0,0.0794418988495907,9.2,221260.0,0.0820049442052498,7.05,363935.0,0.0020507779541565,-0.0021344721181027,0.0041852500722592,-4.184708197310649e-05,0.0791470263536315,0.0042885784832604,-0.0029313077876006,0.0072198862708611,0.0006786353478298,0.0798675087834344,0.0078085289093863,-0.0031544495071441,0.0109629784165304,0.002327039701121,0.0815159131367257,0.0131513379976297,-0.0014143636778348,0.0145657016754646,0.0058684871598974,0.085057360595502,0.0198337150673554,0.0028160707696452,0.0170176442977102,0.0113248929185003,0.0905137663541049,0.077931577371435,-0.0041537781342665,0.001928626490303,0.0001913544660021,0.8339130533980621,low,5,0.02069721311310952,252,none,0920_open,500,206.29999999999998,174.65000000000146,31.649999999998528,293.70000000000005
2026-01-07,26128.5,26143.15,-0.000667703002207,0.0473050579378424,0.0023614061274087,-5.5847739667509275,-5.704899872881074,-5.434553317236895,-0.0026707736123658,500.8,455.0,408.65,359.3,315.65,273.3,233.0,194.7,160.5,129.6,101.7,79.35,60.25,44.9,32.8,23.8,17.35,12.6,9.45,7.25,5.8,7.55,9.2,12.0,15.8,21.05,28.2,37.55,50.0,65.55,84.4,106.85,133.7,164.65,199.6,237.6,278.55,322.0,367.05,410.0,462.8,508.75,2026-01-13,0.0084578372893063,0.0919665009082459,4.986666666666666,25714.2,0.0764136091974203,26144.84470030011,26150,0.0171423135464231,0.005839039670576,-5.143188935633583,4.986666666666666,-3.051138056054416,0.000667703002207,2026,-0.0155528917108255,0.0001673667273121,0.000100094648843,0.0988097600827051,-6.727207846918189e-05,1.672084664332934,-0.0223961508852848,-8.695323181240473,-9.209394331183756,-4.066205395550156,8.14200253511716e-05,0.8134303510956562,0.0074958894927021,1.867462349184523e-05,0.5140711499428603,0,1,0,1040.0,1885.0,1755.0,12740.0,6240.0,47775.0,32760.0,241540.0,255840.0,1075945.0,1652560.0,1379430.0,570700.0,836225.0,497185.0,739245.0,455845.0,796315.0,373360.0,483860.0,438555.0,168350.0,327405.0,473720.0,415415.0,311415.0,580905.0,501085.0,1028235.0,693225.0,2187380.0,1670240.0,1235325.0,307580.0,339105.0,60775.0,54600.0,19370.0,30810.0,3770.0,3575.0,1560.0,0.0921859561921526,7.55,168350.0,0.088543060199038,9.2,327405.0,0.0861873072481514,12.0,473720.0,0.0840439856860592,15.8,415415.0,0.0822684875927665,21.05,311415.0,0.0808445189105158,28.2,580905.0,0.0795578491487764,37.55,501085.0,0.0787737806226047,50.0,1028235.0,0.0780410865282603,65.55,693225.0,0.0772433854656438,84.4,2187380.0,0.0764136091974203,208.55,3322800.0,0.0765920661792356,79.35,1379430.0,0.0764324301193425,60.25,570700.0,0.0764784024698917,44.9,836225.0,0.0766230074067406,32.8,497185.0,0.0772010841343989,23.8,739245.0,0.0783094531671818,17.35,455845.0,0.0795677732950368,12.6,796315.0,0.0816018568460257,9.45,373360.0,0.0840330018935035,7.25,483860.0,0.0871021273024577,5.8,438555.0,0.00162747733084,1.882092192226348e-05,0.0016086564089177,0.0008231491263811,0.0772367583238014,0.0031442399513561,0.0002093982093203,0.0029348417420358,0.0016768190803382,0.0780904282777585,0.0058548783953462,0.0018958439697615,0.0039590344255846,0.0038753611825539,0.0802889703799742,0.0097736980507311,0.0051882476486054,0.0045854504021256,0.0074809728496682,0.0838945820470885,0.0157723469947323,0.0106885181050374,0.0050838288896948,0.0132304325498849,0.0896440417473052,0.0767484409039106,-0.0019328866451634,0.0026279202661001,0.0001649896767201,0.8384572947902573,low,5,0.0206956402743979,252,none,0920_open,500,195.2,435.7999999999993,-240.59999999999928,304.8
2026-01-14,25684.2,25705.8,0.0013519886419568,0.068110204288752,0.0031536898170859,-4.338670541005484,-4.816357092255579,-5.3904287884863145,-0.0035675295939516,525.25,478.1,435.05,390.4,346.8,308.15,267.0,232.1,198.85,166.95,139.65,114.55,94.95,75.35,60.25,47.85,37.65,29.85,23.6,19.1,14.95,22.7,26.95,32.05,38.05,45.9,54.7,66.6,80.3,96.45,115.3,137.7,163.55,190.4,224.15,257.7,297.3,334.25,379.45,416.7,463.2,512.45,2026-01-20,0.0098359730099216,0.0991764740748614,3.986666666666667,25225.35,0.1034062877869898,25701.952006682484,25700,0.0171423135464231,0.0106928603538857,-4.53817901687526,3.986666666666667,-2.686628234339017,0.0013519886419568,2026,0.0042298137121284,0.0001556061338606,0.0001833003648944,0.0952749301489679,2.769423103376087e-05,0.8489133884173564,0.0081313576380218,-8.7681825262986,-8.604384412425423,-4.066205395550156,0.0001338451666462,0.7301958548928437,0.0150440656139629,4.945519824817025e-05,-0.163798113873454,1,0,0,2730.0,1105.0,7800.0,1755.0,21385.0,4745.0,93470.0,75075.0,332410.0,593255.0,1571115.0,780975.0,931710.0,446550.0,687245.0,299130.0,644865.0,262340.0,352300.0,191620.0,419120.0,292370.0,170365.0,303225.0,254930.0,508885.0,447785.0,1090635.0,574990.0,1270230.0,1265615.0,2036905.0,674830.0,542555.0,138970.0,76765.0,17680.0,42575.0,3640.0,7410.0,6695.0,3835.0,0.124376365549206,22.7,292370.0,0.121495692306218,26.95,170365.0,0.1186384892072883,32.05,303225.0,0.1156741272926733,38.05,254930.0,0.1134210402701758,45.9,508885.0,0.110650093740914,54.7,447785.0,0.1091507256640583,66.6,1090635.0,0.1074063457145923,80.3,574990.0,0.1057824698421676,96.45,1270230.0,0.1042871696507091,115.3,1265615.0,0.1034062877869898,277.35,3608020.0,0.1022200525919492,114.55,780975.0,0.1030364884960328,94.95,931710.0,0.1016868865588014,75.35,446550.0,0.1018025621478521,60.25,687245.0,0.102195490844593,47.85,299130.0,0.1026708165156534,37.65,644865.0,0.1038063192285761,29.85,262340.0,0.1050609970962471,23.6,352300.0,0.1071732279352543,19.1,191620.0,0.1083584068108097,14.95,419120.0,0.0023761820551778,-0.0003697992909569,0.0027459813461347,0.0010031913821104,0.1044094791691002,0.0057444378770685,-0.0016037256391376,0.0073481635162061,0.0020703561189654,0.1054766439059552,0.010014752483186,-0.0007354712713363,0.0107502237545224,0.0046396406059248,0.1080459283929146,0.0152322014202985,0.0016547093092573,0.0135774921110411,0.0084434553647779,0.1118497431517677,0.0209700777622162,0.0049521190238198,0.0160179587383963,0.012961098393018,0.1163673861800078,0.1034176492144807,-0.006041476687011,0.0060365143421648,0.000311457185932,0.7078226429490603,low,4,0.02000434439525962,252,none,0920_open,500,239.70000000000005,474.65000000000146,-234.9500000000014,260.29999999999995
2026-01-21,25239.2,25204.85,0.0040251406973256,0.2883047524357951,0.0058480458968587,-4.8788542626236335,-4.573332544767778,-5.280089905742589,-0.0130031164042705,616.3,572.35,527.9,485.45,438.75,394.65,357.2,318.45,281.1,245.2,213.1,182.55,155.45,130.15,108.05,89.0,72.7,59.65,48.65,39.7,32.05,28.85,32.75,37.3,43.0,49.4,56.85,66.6,77.25,89.9,104.35,121.65,141.3,162.35,188.45,216.5,247.6,280.4,316.25,355.9,396.95,438.2,2026-01-27,0.0200491299730012,0.1415949503795994,3.986666666666667,25234.1,0.1237343394275453,25341.544108263133,25250,0.0171423135464231,0.0153101867535709,-4.179236871243833,3.986666666666667,-1.2437371901316578,0.0040251406973256,2026,-0.0178606109520541,0.0003171793577739,0.000262452021784,0.1360246886442035,-5.4727335989928337e-05,1.2085232021377534,-0.0122903492166582,-8.056043146695874,-8.245442266793996,-4.066205395550156,0.0001797527636593,0.6848976145713745,0.0213336051227417,8.269925812470584e-05,0.189399120098035,0,1,0,1625.0,1625.0,4095.0,3315.0,12415.0,6240.0,106600.0,32695.0,258505.0,227175.0,1127360.0,1190020.0,1633385.0,853580.0,1357005.0,712400.0,1516190.0,507975.0,1046305.0,499915.0,833365.0,354315.0,364130.0,535860.0,429130.0,616135.0,416130.0,2200575.0,797615.0,1815125.0,1560000.0,3658525.0,2500160.0,1932450.0,435955.0,471315.0,193310.0,302575.0,29380.0,133510.0,20670.0,44135.0,0.1522411095340667,28.85,354315.0,0.1485855720852535,32.75,364130.0,0.1449858412089548,37.3,535860.0,0.141905027118197,43.0,429130.0,0.1385961072544807,49.4,616135.0,0.1353243310917725,56.85,416130.0,0.1331207444392667,66.6,2200575.0,0.1303831007763063,77.25,797615.0,0.127975064110164,89.9,1815125.0,0.1255349561707994,104.35,1560000.0,0.1237343394275453,334.75,4785885.0,0.1220107047001458,141.3,2500160.0,0.1207083373009239,155.45,1633385.0,0.1190721747277285,130.15,853580.0,0.1179388545166057,108.05,1357005.0,0.1172304169025322,89.0,712400.0,0.1168068364359767,72.7,1516190.0,0.1173079536472745,59.65,507975.0,0.1179235097574908,48.65,1046305.0,0.1189080538907235,39.7,499915.0,0.1196939251328761,32.05,833365.0,0.0042407246826186,-0.0030260021266213,0.00726672680924,0.0006073612779986,0.1243417007055439,0.0093864050117213,-0.0057954849109395,0.0151818899226609,0.0017954600503908,0.1255297994779362,0.0148617678269354,-0.0069275029915685,0.0217892708185039,0.0039671324176834,0.1277014718452288,0.0212515017814095,-0.0058108296700545,0.027062331451464,0.0077203360556775,0.1314546754832228,0.0285067701065214,-0.0040404142946691,0.0325471844011906,0.0122331779059261,0.1359675173334714,0.1207725786040693,-0.0118176898244917,0.007049509339387,0.0001753401291241,0.6321609502221852,middle,4,0.020467305432967303,252,none,0920_open,500,273.84999999999997,15.900000000001455,257.9499999999985,226.15000000000003
2026-01-28,25335.45,25343.25,0.0030497198745062,0.0946195970009127,0.0043654247309599,-3.768011967213944,-4.1047829192064835,-5.034952090734365,0.0067337778065852,607.5,566.85,524.65,488.05,451.95,415.75,379.4,347.2,315.6,284.0,257.5,230.75,207.15,182.95,163.6,144.3,125.5,110.6,97.1,84.25,72.8,79.85,89.0,99.95,110.7,122.95,136.95,152.75,168.75,186.9,208.75,229.9,252.4,277.7,307.5,335.45,365.0,398.6,431.65,468.6,505.0,545.0,2026-02-03,0.0574417208619112,0.2396700249549602,5.986666666666666,25714.8,0.183954121867174,25377.62840227515,25350,0.0171423135464231,0.0338391189519231,-3.386137780282721,5.986666666666666,-2.3578906679203895,0.0030497198745062,2026,-0.0557159030877862,0.0013646207760316,0.0005800807872085,0.2821442944179664,-0.000784539988823,2.352466770358632,-0.0981901725507924,-6.596878708701307,-7.452343175832877,-4.066205395550156,0.0003448724253416,0.5945248195536117,0.0421154949394386,0.0002352083618668,0.8554644671316637,0,1,0,3055.0,10140.0,6240.0,120315.0,21450.0,137475.0,127465.0,501735.0,499850.0,1730820.0,1398085.0,1057030.0,547560.0,1422135.0,634140.0,646945.0,336635.0,602095.0,450320.0,559715.0,299130.0,81185.0,177775.0,115375.0,437385.0,170625.0,322920.0,235105.0,620360.0,418275.0,1099995.0,636740.0,319215.0,86515.0,156390.0,15145.0,30550.0,10595.0,12025.0,1885.0,5135.0,650.0,0.2012776240771042,79.85,81185.0,0.1990626622961716,89.0,177775.0,0.1976545822041128,99.95,115375.0,0.1950686157524016,110.7,437385.0,0.19285778051485,122.95,170625.0,0.1911203831650265,136.95,322920.0,0.1897865288506804,152.75,235105.0,0.1875039762870951,168.75,620360.0,0.1857904783825952,186.9,418275.0,0.1857446860696126,208.75,1099995.0,0.183954121867174,487.4,2034825.0,0.1824963339953471,230.75,1057030.0,0.1821803784850578,207.15,547560.0,0.1801465325612375,182.95,1422135.0,0.180581763964002,163.6,634140.0,0.179807999913348,144.3,646945.0,0.1781225340949165,125.5,336635.0,0.1783983158909451,110.6,602095.0,0.178676961314039,97.1,450320.0,0.17831057845498,84.25,559715.0,0.1780244816448896,72.8,299130.0,0.0018363565154211,-0.0017737433821161,0.0036100998975373,3.130656665253917e-05,0.1839854284338265,0.0058324069835064,-0.0033723579031719,0.0092047648866783,0.0012300245401672,0.1851841464073412,0.008903658647676,-0.0058315877722574,0.0147352464199334,0.0015360354377092,0.1854901573048832,0.0137004603369388,-0.0052771605531349,0.0189776208900737,0.0042116498919019,0.1881657717590759,0.0173235022099302,-0.0059296402222843,0.0232531424322146,0.0056969309938229,0.1896510528609969,0.1832743070437606,-0.0136772548682343,0.0074361921418325,0.0004584595184238,0.4960103737513636,high,6,0.02128689570595028,252,none,0920_open,500,334.75,364.7999999999993,-30.049999999999272,165.25
2026-02-04,25712.55,25732.3,0.0013875444347775,0.0745867246880944,0.0069265786551702,-1.574364507989284,-3.248530212237521,-4.38075802118675,0.024999973118958,527.9,479.1,437.85,399.7,360.05,323.5,289.95,257.95,226.65,198.2,172.65,147.55,128.6,109.95,94.2,78.75,67.85,56.75,47.65,40.15,33.9,46.1,53.95,61.3,71.5,83.9,95.95,111.25,128.0,149.0,169.25,193.55,222.2,248.7,281.0,313.75,351.1,386.1,427.45,470.5,509.35,554.25,2026-02-10,0.0073196124673922,0.0855547337520974,4.986666666666666,25916.8,0.1364548018559635,25679.07849248005,25700,0.0171423135464231,0.0186199129495502,-3.983523682248856,4.986666666666666,-2.5957927408506807,0.0013875444347775,2026,0.050900068103866,0.0001448431250161,0.0003191883859882,0.0919208911124996,0.0001743452609721,0.4537856995255243,0.0445339107434639,-8.839859297656663,-8.049729077799016,-4.066205395550156,0.0002111092730912,0.6613939678212358,0.0254813901476222,0.000108079112897,-0.7901302198574979,1,0,1,845.0,11375.0,5460.0,11960.0,8580.0,95875.0,31460.0,246090.0,273715.0,1119430.0,870155.0,924755.0,371020.0,574795.0,300040.0,851955.0,172965.0,261885.0,491985.0,345930.0,166270.0,114205.0,290030.0,121550.0,314210.0,173485.0,687310.0,376740.0,596050.0,491075.0,1230580.0,626600.0,647075.0,87620.0,135525.0,32630.0,86255.0,1430.0,7020.0,2535.0,23205.0,1690.0,0.1513838038322615,46.1,114205.0,0.1497798901589218,53.95,290030.0,0.1464995850616091,61.3,121550.0,0.1449240692242505,71.5,314210.0,0.1440373496840298,83.9,173485.0,0.1414700923635046,95.95,687310.0,0.1402461682287076,111.25,376740.0,0.1387034836997573,128.0,596050.0,0.1389056887857517,149.0,491075.0,0.1369598563691584,169.25,1230580.0,0.1364548018559635,366.2000000000001,1496755.0,0.13472658359044,147.55,924755.0,0.1360177798813578,128.6,371020.0,0.1359572789686446,109.95,574795.0,0.136632723438314,94.2,300040.0,0.1359615697140813,78.75,851955.0,0.1377939919241046,67.85,172965.0,0.1380118328366233,56.75,261885.0,0.1387853264872427,47.65,491985.0,0.1399596379099608,40.15,345930.0,0.1413742710629672,33.9,166270.0,0.0024508869297882,-0.0004370219746056,0.0028879089043938,0.0010069324775912,0.1374617343335547,0.0037913663727441,0.0001779215823505,0.0036134447903936,0.0019846439775473,0.1384394458335108,0.0075825478280663,0.0013391900681411,0.0062433577599252,0.0044608689481037,0.1409156708040672,0.0100447832056456,0.0023305246312792,0.0077142585743663,0.0061876539184624,0.1426424557744259,0.014929001976298,0.0049194692070037,0.0100095327692942,0.0099242355916508,0.1463790374476144,0.1365438475687337,-0.0056963452004097,0.0101036773123207,0.0005468393814995,0.6430086531273314,middle,5,0.020598236037694683,252,none,0920_open,500,286.20000000000005,216.79999999999927,69.40000000000077,213.79999999999995
2026-02-11,25984.95,25977.85,-0.000479007828144,0.0203580664378291,0.0025764913921327,-5.425243905504613,-4.92145037014863,-4.233322475399057,0.0020664316614957,544.9,500.5,451.75,404.9,362.4,318.4,278.7,240.5,204.25,169.8,139.9,114.0,91.2,71.95,56.0,43.4,33.15,25.75,20.15,15.9,12.95,17.4,19.95,23.45,27.95,33.5,40.7,49.65,60.8,74.5,91.8,111.9,134.35,162.0,192.6,226.7,262.3,304.9,346.2,389.0,430.95,482.65,2026-02-17,0.0090485688402505,0.0951239656461531,4.986666666666666,25716.0,0.0923856521372063,26028.028813902325,26000,0.0171423135464231,0.0085351087208168,-4.76356718458407,4.986666666666666,-3.894278060482061,0.000479007828144,2026,-0.0027383135089467,0.0001790563357806,0.000146311509845,0.1022021728649803,-3.274482593556657e-05,1.223802118987387,-0.009816520727774,-8.627810076607666,-8.829772580134238,-4.066205395550156,0.0001112199598609,0.7601586503944764,0.0118373018984445,3.5091549984059075e-05,0.2019625035268231,0,1,0,3055.0,1040.0,10140.0,4030.0,20150.0,19630.0,126815.0,85280.0,379665.0,743600.0,1824680.0,684905.0,840450.0,342680.0,567645.0,264225.0,448565.0,179465.0,229645.0,185705.0,389740.0,283465.0,145015.0,296985.0,124085.0,401570.0,212095.0,559715.0,369590.0,793715.0,1345045.0,1822990.0,365365.0,493025.0,89700.0,94705.0,13065.0,23660.0,4030.0,5525.0,910.0,53820.0,0.1185325191065364,17.4,283465.0,0.1142702105139873,19.95,145015.0,0.1106428151966536,23.45,296985.0,0.1073597156645575,27.95,124085.0,0.1041801558704008,33.5,401570.0,0.1014743987390627,40.7,212095.0,0.0989710498692961,49.65,559715.0,0.0967592484595381,60.8,369590.0,0.0948096692241085,74.5,793715.0,0.0936417752492223,91.8,1345045.0,0.0923856521372063,251.8,3647670.0,0.0917553157677797,114.0,684905.0,0.0910606200093542,91.2,840450.0,0.0906654107877756,71.95,342680.0,0.0905104041540004,56.0,567645.0,0.0909060857345606,43.4,264225.0,0.0912840185044638,33.15,448565.0,0.0926285581385168,25.75,179465.0,0.0943614431924117,20.15,229645.0,0.0963879225509693,15.9,185705.0,0.0991960467499857,12.95,389740.0,0.0024240170869022,-0.001325032127852,0.0037490492147542,0.0005494924795251,0.0929351446167314,0.0065853977320898,-0.0018752479832059,0.0084606457152957,0.0023550748744419,0.0947407270116482,0.0117945037331945,-0.0011016336327424,0.0128961373659369,0.005346435050226,0.0977320871874323,0.0182571630594473,0.0019757910552054,0.0162813720042419,0.0101164770573264,0.1025021291945327,0.0261468669693301,0.0068103946127794,0.0193364723565506,0.0164786307910548,0.1088642829282611,0.0918821778089469,-0.0055463544872337,0.0058101060797762,0.000132756714218,0.7620924778064059,low,5,0.02039818476858284,252,none,0920_open,500,221.45000000000002,284.0,-62.54999999999998,278.54999999999995
2026-02-18,25742.0,25725.9,-0.0004116928596426,0.0531970156378512,0.0021113355605624,-4.749337827083195,-4.848468193836379,-4.29086140663129,0.0013054870240221,522.1,479.9,437.65,392.55,349.2,306.85,268.35,231.65,200.3,167.85,140.4,115.9,92.8,76.0,59.6,48.45,37.6,29.95,23.6,18.35,15.15,24.35,28.5,33.05,38.35,45.6,55.65,65.5,80.0,95.8,114.5,134.6,160.1,190.3,219.7,257.2,294.9,334.55,372.8,424.85,463.3,511.9,2026-02-24,0.0091118104516796,0.0954558036563497,4.986666666666666,25460.25,0.1023104880526873,25755.805968594053,25750,0.0171423135464231,0.010467435965579,-4.559486177540933,4.986666666666666,-2.9337529812409064,0.0004116928596426,2026,0.0068546843963376,0.0001803077835411,0.000179436069349,0.1025587030564092,-8.717141921117807e-07,1.0048580767248976,-0.0002482150037219,-8.620845258741301,-8.625691573091098,-4.066205395550156,0.0001315225316046,0.7329771103531559,0.0147183025173509,4.791353774445784e-05,0.0048463143497327,0,1,0,975.0,3770.0,2015.0,15275.0,4680.0,61360.0,36790.0,241020.0,226330.0,1180790.0,1367860.0,1188460.0,593580.0,592280.0,342485.0,807235.0,238485.0,392665.0,188110.0,322855.0,165815.0,124215.0,201825.0,191490.0,311870.0,197990.0,472030.0,257530.0,586755.0,486590.0,1369615.0,1216475.0,598845.0,141700.0,126295.0,19500.0,62530.0,2470.0,6500.0,195.0,13520.0,1105.0,0.1273553208425552,24.35,124215.0,0.1241117280117116,28.5,201825.0,0.1203988911065833,33.05,191490.0,0.1165710733689323,38.35,311870.0,0.1137233075263268,45.6,197990.0,0.1122217978099323,55.65,472030.0,0.1089397712009887,65.5,257530.0,0.1079986939639622,80.0,586755.0,0.1062172647497896,95.8,486590.0,0.1047479703235228,114.5,1369615.0,0.1023104880526873,275.0,2584335.0,0.1017368648963056,115.9,1188460.0,0.1000094985313416,92.8,593580.0,0.100963261921904,76.0,592280.0,0.1000777746806415,59.6,342485.0,0.1016889039801065,48.45,807235.0,0.1016061211684156,37.6,238485.0,0.1029692588090008,29.95,392665.0,0.1041499246779489,23.6,188110.0,0.1051101383803785,18.35,322855.0,0.1078832524231126,15.15,165815.0,0.0039067766971023,-0.0023009895213456,0.0062077662184479,0.0008028935878783,0.1031133816405656,0.0066292831483013,-0.0022327133720457,0.0088619965203471,0.0021982848881278,0.1045087729408151,0.0114128194736395,-0.0007043668842716,0.0121171863579112,0.0053542262946839,0.1076647143473712,0.018088403053896,0.0018394366252616,0.0162489664286343,0.0099639198395788,0.1122744078922661,0.0250448327898679,0.0055727643704253,0.0194720684194425,0.0153087985801466,0.1176192866328339,0.1026773322605343,-0.007207280080427,0.0067051392461521,0.0006312834604414,0.7329707977052682,low,5,0.02000100915454256,252,none,0920_open,500,235.50000000000003,289.75,-54.24999999999997,264.5
2026-02-25,25562.2,25560.85,0.0019266017894819,0.0409054911997088,0.0028870754473401,-4.490230307103853,-4.753427199247916,-4.419723733982253,-0.0095282094080756,579.05,528.0,482.9,439.0,395.8,355.0,315.5,277.0,240.9,207.45,177.1,149.85,125.85,104.3,85.75,69.5,56.5,45.9,37.15,30.1,24.5,27.45,31.2,35.85,41.3,48.5,56.85,66.85,78.85,93.2,110.15,129.8,152.0,177.3,206.05,237.5,271.55,307.7,348.3,388.8,431.7,476.6,2026-03-02,0.0238833741019099,0.154542466985324,3.986666666666667,24849.75,0.1244817479320394,25597.34089220944,25550,0.0144025875190258,0.0154957055682158,-4.167192353560289,3.986666666666667,-3.1964909657837497,0.0019266017894819,2026,-0.0300607190532845,0.0003778375056333,0.0002231782556152,0.1619691381471835,-0.0001546592500181,1.6929852981945914,-0.0374873902151441,-7.881046334046019,-8.40753975328134,-4.240347399721049,0.0001548978134022,0.6940542346977312,0.0207761064786961,6.828044221304327e-05,0.5264934192354573,0,1,0,390.0,7670.0,2470.0,16770.0,10075.0,94575.0,76180.0,448695.0,347165.0,1948050.0,1814735.0,2745470.0,991770.0,1427205.0,971295.0,1028625.0,540540.0,550745.0,395915.0,822380.0,272025.0,121550.0,229125.0,186355.0,396240.0,471835.0,391235.0,267930.0,707720.0,500955.0,1191970.0,865995.0,877305.0,207285.0,241605.0,51805.0,78195.0,12285.0,13065.0,2600.0,29835.0,1885.0,0.1532366576174379,27.45,121550.0,0.1489344368992638,31.2,229125.0,0.1450120177796243,35.85,186355.0,0.1411016218047626,41.3,396240.0,0.1381359763333194,48.5,471835.0,0.1350797811611503,56.85,391235.0,0.1322609606485973,66.85,267930.0,0.1297678009546148,78.85,707720.0,0.1276657984783322,93.2,500955.0,0.1259384784326277,110.15,1191970.0,0.1244817479320394,306.9,2680730.0,0.1234555504163455,149.85,2745470.0,0.1229457339716779,125.85,991770.0,0.1222898870422253,104.3,1427205.0,0.1219954131094286,85.75,971295.0,0.1215513911375573,69.5,1028625.0,0.1220317163124692,56.5,540540.0,0.1229486340079881,45.9,550745.0,0.1240244207355832,37.15,395915.0,0.1254040217984083,30.1,822380.0,0.1271330032353481,24.5,272025.0,0.0031840505462928,-0.0015360139603614,0.0047200645066543,0.0008240182929656,0.125305766225005,0.0077792127165579,-0.0024863348226107,0.0102655475391686,0.0026464389469736,0.127128186879013,0.01365422840128,-0.0024500316195701,0.0161042600208501,0.0056020983908549,0.1300838463228943,0.0205302698475849,-0.0004573271964561,0.020987597044041,0.0100364713255644,0.1345182192576038,0.0287549096853985,0.0026512553033087,0.0261036543820897,0.0157030824943536,0.140184830426393,0.1235085565218364,-0.0078226144086783,0.0087737665957083,0.0001822696053679,0.6859362765794998,middle,4,0.020298159134026918,252,none,0920_open,500,254.95,500.0,-245.05,245.05
2026-03-04,24387.9,24386.65,-0.0001517204901431,0.1074012471192537,0.0058266599420205,-2.7207073420586614,-4.161333523203902,-4.4085353200545105,-0.0132738192371876,650.0,617.45,581.4,540.5,503.2,469.95,438.15,405.2,372.45,343.0,313.95,286.55,260.0,235.15,212.65,191.25,170.8,153.05,135.65,121.25,106.85,153.5,165.5,176.05,188.25,202.0,218.25,232.55,249.55,269.35,287.0,307.05,329.05,355.1,379.2,405.15,435.25,464.55,496.55,528.05,564.7,600.95,2026-03-10,0.0499241773516826,0.2234371888287235,4.986666666666666,24286.15,0.243844855907976,24406.907100568787,24400,0.0171423135464231,0.0594603137527815,-2.8224461847227507,4.986666666666666,-2.231183485063675,0.0001517204901431,2026,0.0204076670792525,0.0009879175835729,0.0010192873419188,0.2400632274108934,3.1369758345895686e-05,0.9692238321268268,0.0037816284970825,-6.919911281132091,-6.888651580272908,-4.066205395550156,0.0005480084880698,0.5376388634810065,0.0650483919936426,0.000471278853849,-0.0312597008591892,1,0,0,520.0,65.0,31785.0,1950.0,8450.0,5655.0,49140.0,22230.0,247780.0,233805.0,919425.0,274300.0,506870.0,110565.0,238160.0,130780.0,201045.0,284115.0,219570.0,157365.0,285090.0,331240.0,98475.0,844155.0,155675.0,310375.0,139230.0,343915.0,166400.0,624650.0,699855.0,1059760.0,202020.0,413790.0,59735.0,118495.0,23725.0,107835.0,34190.0,61360.0,37115.0,60580.0,0.2776946778192285,153.5,331240.0,0.2750749072981875,165.5,98475.0,0.2704247308183639,176.05,844155.0,0.2665334883780416,188.25,155675.0,0.2632172160070451,202.0,310375.0,0.2611820679513771,218.25,139230.0,0.25669592461906,232.55,343915.0,0.2535630673961519,249.55,166400.0,0.2517660956868316,269.35,624650.0,0.2473338678248735,287.0,699855.0,0.243844855907976,621.0,1979185.0,0.2413255843760917,286.55,274300.0,0.2384488074337607,260.0,506870.0,0.235858048963357,235.15,110565.0,0.2340659615915062,212.65,238160.0,0.2320718752020726,191.25,130780.0,0.2297340292459493,170.8,201045.0,0.2285462203762438,153.05,284115.0,0.2265190236281289,135.65,219570.0,0.2260594206389539,121.25,157365.0,0.2244685860035556,106.85,285090.0,0.0079212397788556,-0.0053960484742152,0.0133172882530709,0.0012625956523201,0.2451074515602961,0.0128510687110839,-0.0097788943164697,0.0226299630275537,0.0015360871973071,0.2453809431052831,0.0193723600990691,-0.0141108266620266,0.0334831867610957,0.0026307667185212,0.2464756226264972,0.0265798749103878,-0.017325832279847,0.0439057071902349,0.0046270213152704,0.2484718772232464,0.0338498219112525,-0.0193762699044204,0.0532260918156729,0.007236776003416,0.251081631911392,0.243968147304473,-0.0444141033896634,0.0158052836493621,0.0005702251630563,0.519591656393089,high,5,0.022676396169464676,252,none,0920_open,500,360.65,113.84999999999854,246.80000000000143,139.35000000000002
2026-03-11,24288.8,24295.85,0.0022280514805259,0.037507106387933,0.0031125457000756,-3.4764419363109895,-3.063837245673022,-4.286231750983966,0.0116107611925508,593.7,557.0,516.75,474.1,440.95,404.0,368.65,336.05,303.55,273.8,245.0,218.25,194.1,170.95,149.65,129.9,113.25,97.55,84.05,71.55,60.65,95.2,104.6,114.2,125.85,138.45,152.1,168.6,185.3,203.2,221.3,243.4,266.65,291.45,319.7,346.95,379.8,412.1,443.4,480.9,521.2,559.05,2026-03-17,0.0303514712751572,0.1742167364955424,4.986666666666666,23558.8,0.1925914494388834,24301.601646508705,24300,0.0171423135464231,0.0370914663969699,-3.2943683520807214,4.986666666666666,-3.2832248602811114,0.0022280514805259,2026,0.018374712943341,0.0006006058336988,0.0006358335468734,0.1871802641778341,3.52277131745964e-05,0.944596013614226,0.0054111852610492,-7.417571689343872,-7.36057374763088,-4.066205395550156,0.0003718796366118,0.584869481077929,0.0453037489883188,0.0002639539102616,-0.0569979417130038,1,0,0,3705.0,455.0,7345.0,845.0,61100.0,20670.0,54665.0,66625.0,357630.0,430170.0,863590.0,287625.0,431080.0,166530.0,459095.0,100880.0,216710.0,194870.0,219895.0,134160.0,264030.0,178750.0,151970.0,131105.0,147680.0,366730.0,149500.0,209365.0,217750.0,521430.0,502840.0,727610.0,121290.0,135395.0,30680.0,71175.0,7085.0,11310.0,1170.0,4745.0,1820.0,5655.0,0.2203114123766442,95.2,178750.0,0.2172283003068356,104.6,151970.0,0.2134779144208703,114.2,131105.0,0.2107571973157893,125.85,147680.0,0.2079153459986101,138.45,366730.0,0.2049816098835326,152.1,149500.0,0.2033929455509864,168.6,209365.0,0.2008372213300703,185.3,217750.0,0.1981152466548636,203.2,521430.0,0.1943821757697413,221.3,502840.0,0.1925914494388834,488.4,1591200.0,0.1903889841829054,218.25,287625.0,0.1889325571201216,194.1,431080.0,0.1869324140024715,170.95,166530.0,0.185050880751459,149.65,459095.0,0.1830363875008206,129.9,100880.0,0.1822669514658739,113.25,216710.0,0.1809318884260761,97.55,194870.0,0.1802315987024298,84.05,219895.0,0.1790870067773003,71.55,134160.0,0.1781686164238344,60.65,264030.0,0.0055237972159802,-0.0036588923187617,0.009182689534742,0.0009324524486092,0.1935239018874926,0.010801496112103,-0.0075405686874243,0.0183420647995274,0.0016304637123393,0.1942219131512227,0.0153238965597267,-0.0103244979730094,0.0256483945327362,0.0024996992933586,0.195091148732242,0.0208864649819869,-0.0123598507364535,0.0332463157184405,0.0042633071227667,0.1968547565616501,0.0277199629377608,-0.014422833015049,0.0421427959528098,0.0066485649613559,0.1992400144002393,0.1928376276600102,-0.0269215176471153,0.0087520779461341,0.0004805078322825,0.6103195540092021,high,5,0.022055225191919936,252,none,0920_open,500,332.55,500.0,-167.45,167.45
2026-03-18,23721.6,23732.6,0.0037588630842255,0.0881820678658437,0.0045654593282071,-3.786371854870922,-3.566854104268824,-3.9541959754174503,0.008662639645746,565.6,520.95,480.7,436.85,397.65,361.4,326.4,293.1,263.6,233.55,203.15,178.4,155.15,134.15,115.25,99.5,84.85,70.5,59.5,50.0,42.05,86.2,94.05,103.2,114.3,126.35,139.45,153.9,170.4,186.9,206.95,231.45,255.7,281.9,310.85,341.6,373.05,403.1,447.25,481.55,523.75,552.75,2026-03-24,0.0748452530221593,0.2735786048326135,4.986666666666666,22958.4,0.1755881918186969,23671.67087737729,23700,0.0171423135464231,0.0308312131061594,-3.4792276896207848,4.986666666666666,-2.4283516488187566,0.0037588630842255,2026,-0.0979904130139166,0.0014810647952533,0.0005285183220823,0.2939356835402675,-0.0009525464731709,2.802296029053228,-0.1183474917215706,-6.514993993638458,-7.545433085170944,-4.066205395550156,0.0003194797885937,0.6044819550153321,0.0390711160592683,0.0002090385334885,1.030439091532618,0,1,0,975.0,18135.0,5135.0,58305.0,17355.0,213720.0,138905.0,668850.0,580125.0,1734915.0,1246375.0,1226355.0,454415.0,637130.0,457080.0,1368900.0,320775.0,452335.0,274235.0,515710.0,281450.0,148330.0,196235.0,167505.0,277160.0,143065.0,514670.0,349505.0,634465.0,431990.0,1117545.0,402740.0,249990.0,63180.0,51090.0,13845.0,75985.0,2730.0,6045.0,1560.0,7605.0,195.0,0.2090588709639642,86.2,148330.0,0.2044588342460826,94.05,196235.0,0.2003083798832891,103.2,167505.0,0.1970736527647627,114.3,277160.0,0.193656468830082,126.35,143065.0,0.1900746611046266,139.45,514670.0,0.1865065053360373,153.9,349505.0,0.1834393202360859,170.4,634465.0,0.1790798616096994,186.9,431990.0,0.1762569462386942,206.95,1117545.0,0.1755881918186969,434.6,1649115.0,0.1739954447496889,178.4,1226355.0,0.1720983105243086,155.15,454415.0,0.1705020743182271,134.15,637130.0,0.1691037698398111,115.25,457080.0,0.168925926306139,99.5,1368900.0,0.168216454086631,84.85,320775.0,0.1661229153179999,70.5,452335.0,0.1658590234678225,59.5,274235.0,0.1657449519368393,50.0,515710.0,0.1660381371254637,42.05,281450.0,0.0034916697910025,-0.0034898812943882,0.0069815510853908,8.942483071261442e-07,0.175589086067004,0.0109183135173404,-0.0064844219788857,0.0174027354962262,0.0022169457692273,0.1778051375879242,0.0180682770113851,-0.0073717377320658,0.0254400147434509,0.0053482696396596,0.1809364614583565,0.0247201880645922,-0.0097291683508743,0.0344493564154666,0.0074955098568589,0.1830837016755558,0.0334706791452673,-0.0095500546932331,0.0430207338385004,0.011960312226017,0.187548504044714,0.1764382321893456,-0.0248399308150484,0.0192243728381023,0.0005421641014642,0.630117429413586,high,5,0.024218827176447258,252,none,0920_open,500,306.35,500.0,-193.64999999999998,193.64999999999998
2026-03-25,23162.2,23182.35,0.0042486056942669,0.2224312920078351,0.0047426410271907,-2.3084845622170533,-2.853802848451384,-3.5150496190947127,0.0204952934354754,600.45,560.6,527.05,490.1,453.4,419.4,387.5,357.0,327.6,299.2,271.95,246.65,222.35,200.95,180.4,161.25,143.45,127.4,112.5,99.5,87.55,135.2,147.75,160.85,174.7,190.5,206.65,224.05,242.25,263.4,284.6,308.0,332.55,358.65,386.3,414.8,440.75,479.0,512.0,548.05,582.55,622.25,2026-03-30,0.0472186980228709,0.2172986378762438,2.986666666666667,22379.2,0.2617435691442462,23113.91883373889,23150,0.0144025875190258,0.0685096959883687,-2.680779996455371,2.986666666666667,-1.5031370250291551,0.0042486056942669,2026,0.0444449312680023,0.0005596290136043,0.0009867168923743,0.1971196183286918,0.0004270878787699,0.567162696746545,0.0646239508155543,-7.488236469475509,-6.921127396176421,-4.240347399721049,0.0005252993315509,0.5323708711288988,0.0707656475561634,0.0004614175608234,-0.5671090732992276,1,0,1,9100.0,14625.0,48425.0,11830.0,135330.0,44590.0,365300.0,126555.0,612430.0,733330.0,912340.0,234975.0,372645.0,210210.0,376155.0,244140.0,587470.0,101465.0,402740.0,227045.0,249990.0,193635.0,277875.0,171600.0,68965.0,198120.0,109330.0,459420.0,125840.0,567515.0,422955.0,481195.0,75465.0,75010.0,16315.0,69355.0,3640.0,43225.0,3705.0,3315.0,1040.0,8710.0,0.2869244307666725,135.2,193635.0,0.2846422009674291,147.75,277875.0,0.2819233783074374,160.85,171600.0,0.2789512962658995,174.7,68965.0,0.2768512581005199,190.5,198120.0,0.2740027314543148,206.65,109330.0,0.2712379507171774,224.05,459420.0,0.2680927656673215,242.25,125840.0,0.2664876964039288,263.4,567515.0,0.2637301475260519,284.6,422955.0,0.2617435691442462,579.95,1393535.0,0.2596475214270368,246.65,234975.0,0.2571853118781217,222.35,372645.0,0.2560979981866288,200.95,210210.0,0.2545073996460815,180.4,376155.0,0.2529264409487294,161.25,244140.0,0.2513210065947797,143.45,587470.0,0.2501298852153795,127.4,101465.0,0.2487852303251315,112.5,402740.0,0.2481685493340854,99.5,227045.0,0.2474291828591106,87.55,249990.0,0.0047441272596825,-0.0045582572661244,0.009302384525807,9.293499677903716e-05,0.2618365041410252,0.0094943815729312,-0.0072361694981646,0.0167305510710959,0.0011291060373833,0.2628726751816295,0.0151076889562737,-0.0104225625494664,0.0255302515057401,0.0023425632034036,0.2640861323476498,0.0201798091631912,-0.0129583388191146,0.0331381479823058,0.0036107351720383,0.2653543043162845,0.0251808616224263,-0.0143143862851355,0.0394952479075619,0.0054332376686453,0.2671768068128916,0.2631700733976724,-0.0320804267793616,0.0144699017660104,0.000241793436023,0.6179836459284089,high,3,0.03420874827606138,252,none,0920_open,500,357.20000000000005,500.0,-142.79999999999995,142.79999999999995
2026-04-01,22888.6,22894.7,-0.0005241777082409,0.2076098088031244,0.0040740805466476,-2.45620310766879,-2.698728408066581,-3.314160560878648,-0.0203595370867225,650.0,610.3,575.0,538.6,504.5,471.7,438.5,408.05,377.3,350.1,323.05,296.9,271.85,249.05,228.15,207.5,188.5,170.8,154.5,139.45,125.4,144.15,156.6,169.6,183.0,200.0,216.35,234.5,252.85,274.1,293.5,315.75,342.05,368.85,394.55,423.0,449.5,483.4,514.05,544.65,576.45,609.4,2026-04-07,0.0596561953588361,0.2442461777773322,3.986666666666667,23129.95,0.2672613478028307,22907.307512195963,22900,0.0171423135464231,0.0714286280293856,-2.6390565372041737,3.986666666666667,-1.5720948802366184,0.0005241777082409,2026,0.0230151700254984,0.0009437673234016,0.0012244519378705,0.2346376773721808,0.0002806846144688,0.7707671442318923,0.0326236704306498,-6.965630901647184,-6.705261932754331,-4.066205395550156,0.0006371209705194,0.5203315465590918,0.0744750192130567,0.000587330967351,-0.2603689688929081,1,0,0,28860.0,11050.0,89440.0,25025.0,54340.0,9360.0,109005.0,65975.0,392080.0,346970.0,825370.0,258505.0,790010.0,117585.0,234325.0,148850.0,418145.0,125710.0,230230.0,91585.0,197015.0,205010.0,60840.0,309075.0,74880.0,140465.0,66560.0,163930.0,73255.0,422305.0,387725.0,490620.0,85670.0,215085.0,10530.0,57200.0,3900.0,15340.0,1105.0,9295.0,65.0,5395.0,0.2867973746866195,144.15,205010.0,0.2847156639471028,156.6,60840.0,0.2823006078600595,169.6,309075.0,0.2793996711932389,183.0,74880.0,0.2788947353098334,200.0,140465.0,0.2768368287445095,216.35,66560.0,0.2754120622701411,234.5,163930.0,0.2731915034560687,252.85,73255.0,0.2724606423359816,274.1,422305.0,0.2691673435770029,293.5,387725.0,0.2672613478028307,638.8,1315990.0,0.2656175475403777,296.9,258505.0,0.2638444935475426,271.85,790010.0,0.2629032317999394,249.05,117585.0,0.2625165018278503,228.15,234325.0,0.2612785877241857,207.5,148850.0,0.2604010636141496,188.5,418145.0,0.2596040126124481,170.8,125710.0,0.2590103041470417,154.5,230230.0,0.2585223578899207,139.45,91585.0,0.2579346534722566,125.4,197015.0,0.0051992945331509,-0.003416854255288,0.008616148788439,0.0008912201389314,0.2681525679417621,0.0081507144673104,-0.0047448459749803,0.0128955604422907,0.001702934246165,0.2689642820489957,0.0116333875070027,-0.006860284188681,0.0184936716956837,0.0023865516591608,0.2696478994619915,0.0150392600572288,-0.0082510436557889,0.0232903037130178,0.0033941082007199,0.2706554560035506,0.0195360268837888,-0.009326694330574,0.0288627212143628,0.0051046662766073,0.272366014079438,0.2673604117379123,-0.0253816292689472,0.0151797158933961,0.0005529285512028,0.6049345543297067,high,4,0.03372753199725094,252,none,0920_open,500,369.25,229.95000000000073,139.29999999999927,130.75
2026-04-08,23898.0,23918.0,0.0018762399468272,0.0567877644928328,0.0046175412168381,-3.1673124362910308,-2.6097008428274737,-3.053972551676509,0.0073986980856282,569.05,528.4,488.1,453.3,417.7,381.3,349.0,320.15,290.3,261.1,236.65,211.1,189.5,167.85,149.35,131.5,114.05,100.6,87.9,76.1,65.2,88.35,98.1,109.5,121.9,136.0,151.05,168.0,186.6,207.2,229.05,253.8,278.75,306.3,336.2,364.0,383.6,432.25,459.55,504.0,527.7,576.55,2026-04-13,0.0397267588850179,0.199315726637458,3.986666666666667,23818.9,0.2144917942276846,23882.835173332092,23900,0.0144025875190258,0.0460067297910114,-3.078967593389219,3.986666666666667,-2.8684343903185066,0.0018762399468272,2026,0.0151760675902265,0.0006284815294508,0.0006626159522792,0.208894015298167,3.413442282840099e-05,0.9484853591118836,0.0055977789295175,-7.372203918670014,-7.319314993110268,-4.240347399721049,0.0003787310686551,0.5715695001794361,0.0523312455373858,0.000283884883624,-0.0528889255597454,1,0,0,68900.0,13065.0,172315.0,22100.0,76115.0,12675.0,167115.0,90805.0,696670.0,481000.0,1402960.0,579280.0,1466920.0,269035.0,525720.0,332800.0,580320.0,302575.0,570115.0,247975.0,345020.0,221130.0,120055.0,472030.0,100165.0,240500.0,280085.0,321685.0,150280.0,772915.0,348790.0,789165.0,134095.0,372775.0,19370.0,32890.0,8515.0,47580.0,3510.0,7800.0,910.0,4225.0,0.2315567970080987,88.35,221130.0,0.2286826510377235,98.1,120055.0,0.22650308514662,109.5,472030.0,0.2241944159885225,121.9,100165.0,0.2223766023304091,136.0,240500.0,0.2202224532068778,151.05,280085.0,0.2185655098818806,168.0,321685.0,0.2170853542948105,186.6,150280.0,0.2160319527724485,207.2,772915.0,0.2146941982930195,229.05,348790.0,0.2144917942276846,490.4500000000001,2192125.0,0.212564621075347,211.1,579280.0,0.2126808372401255,189.5,1466920.0,0.2113130976621984,167.85,269035.0,0.2113554472534148,149.35,525720.0,0.2105643986262919,131.5,332800.0,0.2086438949446838,114.05,580320.0,0.2092481559773515,100.6,302575.0,0.2092540187208438,87.9,570115.0,0.2088214759881257,76.1,247975.0,0.2079565002077301,65.2,345020.0,0.0015401585447639,-0.001810956987559,0.003351115532323,-0.0001353992213975,0.214356395006287,0.004073715654196,-0.0031363469742698,0.0072100626284658,0.0004686843399631,0.2149604785676477,0.0078848081027244,-0.0058478992830007,0.0137327073857252,0.0010184544098618,0.2155102486375464,0.0120112909189354,-0.0052377755068407,0.0172490664257761,0.0033867577060473,0.2178785519337319,0.017065002780414,-0.0065352940199545,0.0236002968003685,0.0052648543802297,0.2197566486079143,0.2143518299056685,-0.0129142767114098,0.0070178850053889,0.0004806414566331,0.6409965735170202,high,4,0.03320304862398662,252,none,0920_open,500,336.9000000000001,81.09999999999854,255.80000000000155,163.0999999999999
2026-04-15,24231.6,24231.25,0.0027709692250003,0.1547091038061981,0.0048779279948497,-2.3669959162542087,-2.862378031744206,-3.022237707602686,-0.0097304546460368,569.95,530.7,488.45,449.45,412.55,374.45,341.35,307.55,276.3,245.9,218.2,192.0,167.7,146.15,125.8,107.9,91.9,77.65,65.35,54.5,45.45,70.9,79.8,89.5,100.4,111.8,126.4,141.55,156.9,175.55,196.1,217.3,241.0,267.2,295.35,326.45,357.75,387.25,426.0,464.9,504.15,543.95,2026-04-21,0.0120063740970433,0.1095736012780601,4.986666666666666,24580.6,0.1720873136022926,24250.900926161143,24250,0.0171423135464231,0.0296140435028538,-3.5195065875004774,4.986666666666666,-1.866208675001451,0.0027709692250003,2026,0.0625137123242324,0.0002375864503859,0.0005076532191033,0.1177270108872046,0.0002700667687173,0.468009344657726,0.0543603027150879,-8.344978999097103,-7.585711983050634,-4.066205395550156,0.0003090805074544,0.6088418152855675,0.0378104801416271,0.0001985727116488,-0.7592670160465553,1,0,1,11830.0,47450.0,16380.0,71955.0,14430.0,122980.0,11375.0,175630.0,118105.0,522860.0,650780.0,439010.0,157690.0,406705.0,158665.0,445640.0,198770.0,260715.0,130000.0,243425.0,113815.0,83070.0,241020.0,111020.0,194350.0,98020.0,314795.0,84435.0,393250.0,138905.0,545675.0,408655.0,189735.0,44915.0,29445.0,5395.0,48425.0,5200.0,8385.0,780.0,4940.0,390.0,0.194514883065401,70.9,83070.0,0.1922137314520814,79.8,241020.0,0.1897032919223064,89.5,111020.0,0.1873077988734497,100.4,194350.0,0.184289252493069,111.8,98020.0,0.182993577053356,126.4,314795.0,0.1809203260490689,141.55,84435.0,0.1777808198598802,156.9,393250.0,0.1760640774285807,175.55,138905.0,0.1745138288245389,196.1,545675.0,0.1720873136022926,435.5,1059435.0,0.1702422014230653,192.0,439010.0,0.1684266796249758,167.7,157690.0,0.1673135153062795,146.15,406705.0,0.1656473993856935,125.8,158665.0,0.1644828863338543,107.9,445640.0,0.1634149961537222,91.9,198770.0,0.1623721802951698,77.65,260715.0,0.1616514973708865,65.35,130000.0,0.1608650639166933,54.5,243425.0,0.1605622817525385,45.45,113815.0,0.0039767638262881,-0.0036606339773167,0.0076373978036048,0.0001580649244857,0.1722453785267783,0.0088330124467763,-0.006439914216599,0.0152729266633754,0.0011965491150886,0.1732838627173812,0.0122019388907763,-0.0086723174485703,0.0208742563393467,0.001764810721103,0.1738521243233956,0.0176159783200138,-0.010435816231406,0.0280517945514199,0.0035900810443038,0.1756773946465964,0.0224275694631084,-0.011525031849754,0.0339526013128624,0.0054512688066772,0.1775385824089698,0.1721822105724212,-0.0197558809954655,0.005933898405733,0.000351595088662,0.6852292536338321,high,5,0.0332463157184405,252,none,0920_open,500,319.15,330.59999999999854,-11.449999999998568,180.85000000000002
2026-04-22,24477.45,24482.6,0.0003452492008272,0.0266460923141871,0.0033316378952872,-4.531763638609693,-3.99611450042008,-3.133884612117059,0.0102103664495227,539.9,496.1,462.0,425.75,390.0,355.55,323.7,293.0,263.85,236.55,210.1,185.25,164.1,143.85,124.2,107.95,93.15,79.45,66.9,57.05,47.95,84.0,94.8,106.05,119.75,133.7,149.75,166.65,186.1,206.45,228.7,253.7,280.0,306.5,335.3,367.05,400.95,434.0,472.4,510.1,548.8,590.0,2026-04-28,0.0132857567663272,0.1152638571553426,4.986666666666666,24016.5,0.1810537827117399,24456.355132637807,24500,0.0171423135464231,0.0327804722342299,-3.417922299600912,4.986666666666666,-3.625112768983139,0.0003452492008272,2026,0.0657899255563973,0.0002629033349527,0.0005619331332389,0.1238406806744723,0.0002990297982862,0.4678551937974219,0.0572131020372675,-8.24372414105702,-7.48412769515107,-4.066205395550156,0.0003359831896927,0.5979059959609272,0.0410550652201973,0.0002259499435462,-0.7595964459058666,1,0,1,40300.0,1300.0,4680.0,3185.0,37375.0,20020.0,107965.0,59280.0,336765.0,368875.0,1141790.0,315380.0,382655.0,150540.0,277810.0,111800.0,268255.0,113165.0,242190.0,94770.0,481975.0,479700.0,117715.0,151060.0,80535.0,295880.0,259805.0,361920.0,185900.0,648765.0,526110.0,944385.0,146445.0,248950.0,20930.0,58175.0,6760.0,19110.0,1820.0,4030.0,1105.0,17550.0,0.1962744340499097,84.0,479700.0,0.1946993885770467,94.8,117715.0,0.19246950188018,106.05,151060.0,0.1913856022978186,119.75,80535.0,0.1893466857862327,133.7,295880.0,0.1879281847679996,149.75,259805.0,0.1859971557756164,166.65,361920.0,0.1848866268112508,186.1,185900.0,0.1832079805176747,206.45,648765.0,0.1817203463791009,228.7,526110.0,0.1810537827117399,463.7999999999999,2086175.0,0.1791043332903998,185.25,315380.0,0.1787124550870638,164.1,382655.0,0.1776661442496763,143.85,150540.0,0.175673927081952,124.2,277810.0,0.1751412187895017,107.95,111800.0,0.1744893337518239,93.15,268255.0,0.1734168157854218,79.45,113165.0,0.1719680204097782,66.9,242190.0,0.1719307352814772,57.05,94770.0,0.1713440101541869,47.95,481975.0,0.0021541978059348,-0.002341327624676,0.0044955254306108,-9.356490937059704e-05,0.1809602178023693,0.0049433730638765,-0.0053798556297878,0.0103232286936643,-0.0002182412829556,0.1808355414287842,0.0082929030744928,-0.006564448959916,0.0148573520344088,0.0008642270572884,0.1819180097690283,0.0114157191684401,-0.0090857623019616,0.0205014814704018,0.0011649784332392,0.1822187611449791,0.0152206513381698,-0.009709772557553,0.0249304238957228,0.0027554393903083,0.1838092221020483,0.1818150724953507,-0.0151332791970394,0.0041456766034798,0.0002909650215283,0.6490264068884148,high,5,0.032120877296128614,252,none,0920_open,500,331.84999999999997,483.5,-151.65000000000003,168.15000000000003
2026-04-29,24091.0,24118.2,-0.0002531766418644,0.0321917118471958,0.0022082935536092,-4.481787197731621,-4.365600618434693,-3.410298319265362,-0.0038938933437399,551.8,511.5,466.0,420.0,386.0,347.25,309.95,280.05,248.5,217.45,192.0,166.05,144.5,122.5,104.4,89.85,75.1,63.1,52.8,44.1,36.35,45.55,53.2,61.4,70.25,82.8,94.3,111.35,128.1,144.0,166.6,187.3,213.8,240.45,268.9,303.85,337.35,373.65,403.35,450.0,489.45,536.0,2026-05-05,0.0185180992251172,0.1360812228969053,3.986666666666667,24052.15,0.150792988388272,24104.70483661932,24100,0.0171423135464231,0.0227385253470655,-3.783694641176502,3.986666666666667,-3.4360462556136424,0.0002531766418644,2026,0.0147117654913666,0.0002929582893285,0.0003897909310826,0.1307278679447945,9.683264175411224e-05,0.7515780023789952,0.0200651204434774,-8.135480316321324,-7.849900036726659,-4.066205395550156,0.000248775499616,0.638228034000319,0.0303257134613274,0.0001410154314666,-0.2855802795946955,1,0,0,3250.0,390.0,7735.0,6565.0,39780.0,27170.0,135395.0,78650.0,1275040.0,507455.0,2325310.0,888875.0,933140.0,270595.0,493740.0,345150.0,408330.0,258050.0,927875.0,145860.0,302770.0,283660.0,146770.0,405470.0,191100.0,471380.0,236990.0,430365.0,246090.0,853320.0,585455.0,1506700.0,376545.0,404300.0,40430.0,98865.0,12415.0,32955.0,3900.0,49595.0,910.0,5200.0,0.1662497538308587,45.55,283660.0,0.16461754329544,53.2,146770.0,0.1623747918414115,61.4,405470.0,0.1596231937040194,70.25,191100.0,0.1592793903103693,82.8,471380.0,0.1564883843952181,94.3,236990.0,0.1572483284658947,111.35,430365.0,0.1561312769299451,128.1,246090.0,0.1528086723137759,144.0,853320.0,0.1533786654965507,166.6,585455.0,0.150792988388272,379.3,3832010.0,0.1491804937803799,166.05,888875.0,0.1494022091956454,144.5,933140.0,0.1475491417093724,122.5,270595.0,0.1471981940164294,104.4,493740.0,0.1482766385073873,89.85,345150.0,0.1475247756977879,75.1,408330.0,0.1477311437162994,63.1,258050.0,0.148088601798019,52.8,927875.0,0.1486815931488429,44.1,145860.0,0.1488879945916419,36.35,302770.0,0.0020156839255039,-0.0013907791926265,0.0034064631181305,0.0003124523664387,0.1511054407547107,0.0064553400776227,-0.0035947943718425,0.0100501344494653,0.00143027285289,0.152223261241162,0.0084864019220973,-0.003268212690484,0.0117546146125813,0.0026090946158066,0.1534020830040786,0.0115818034531395,-0.0027043865902529,0.0142861900433924,0.0044387084314432,0.1552316968197152,0.0154567654425867,-0.00190499379663,0.0173617592392167,0.0067758858229783,0.1575688742112503,0.1509680290289534,-0.009717171919077,0.0055840428605316,0.0008756267051554,0.6764567145940605,middle,4,0.03008633592377426,252,none,0920_open,500,297.4,47.849999999998545,249.55000000000143,202.60000000000002
2026-05-06,24179.2,24178.3,0.0001985653658886,0.0527942922609983,0.0035691834303864,-4.053650912593552,-4.090364610259675,-3.614340467124509,-0.0029745154098002,578.55,537.25,493.8,450.6,410.75,375.15,334.95,300.95,268.1,238.55,209.1,183.2,158.3,135.9,116.2,98.5,82.85,69.15,57.4,47.05,38.4,41.35,48.45,55.85,64.7,75.0,87.35,101.2,115.95,134.0,151.75,173.05,196.85,223.3,251.75,281.05,309.0,347.0,383.75,415.15,454.35,502.65,2026-05-12,0.0169445117596718,0.1301710864964712,4.986666666666666,23430.55,0.1507783459588229,24236.08709789925,24200,0.0171423135464231,0.0227341096100785,-3.783888856312926,4.986666666666666,-2.941352195230724,0.0001985653658886,2026,0.0206072594623517,0.0003353040951384,0.0003897152351347,0.1398571621122557,5.441113999623729e-05,0.8603823122864865,0.0109211838465671,-8.00047269121004,-7.850094251863083,-4.066205395550156,0.0002487358074814,0.6382501505118594,0.0303206816929667,0.0001409794276532,-0.1503784393471519,1,0,0,13585.0,1430.0,15860.0,7410.0,49010.0,28860.0,364910.0,99515.0,318240.0,453050.0,1459640.0,704015.0,817895.0,289250.0,346385.0,244335.0,666315.0,156520.0,275340.0,198185.0,327210.0,224705.0,115245.0,390195.0,109850.0,422370.0,160745.0,793715.0,204425.0,502580.0,534625.0,1344590.0,455390.0,336895.0,52390.0,99385.0,13195.0,71305.0,5070.0,3055.0,975.0,3900.0,0.166476233375231,41.35,224705.0,0.1649499725776744,48.45,115245.0,0.1625682079166776,55.85,390195.0,0.1606152346043531,64.7,109850.0,0.1588848920187198,75.0,422370.0,0.1577821215183631,87.35,160745.0,0.1566076695726125,101.2,793715.0,0.1547624106315473,115.95,204425.0,0.1542045581246659,134.0,502580.0,0.15184904688026,151.75,534625.0,0.1507783459588229,382.15,2804230.0,0.150255979655704,183.2,704015.0,0.1488668197527968,158.3,817895.0,0.1477814580592899,135.9,289250.0,0.1471879363064259,116.2,346385.0,0.1465628574554659,98.5,244335.0,0.1460107812841689,82.85,666315.0,0.1455353493743625,69.15,156520.0,0.1452705080441886,57.4,275340.0,0.1447773801650881,47.05,198185.0,0.1445445616505068,38.4,327210.0,0.003426212165843,-0.001911526206026,0.005337738371869,0.0007573429799085,0.1515356889387314,0.0058293236137896,-0.0035904096523969,0.0094197332661866,0.0011194569806963,0.1518978029395192,0.0081065460598969,-0.0047675646746539,0.0128741107345508,0.0016694906926214,0.1524478366514443,0.0117898619578547,-0.0055078379146342,0.0172976998724889,0.0031410120216102,0.1539193579804331,0.015697887416408,-0.006233784308316,0.0219316717247241,0.0047320515540459,0.1555103975128688,0.1503013280516352,-0.0101589885151598,0.0035971998398672,0.000317287519951,0.6758638960687751,middle,5,0.0280517945514199,252,none,0920_open,500,302.4,500.0,-197.60000000000002,197.60000000000002
2026-05-13,23405.45,23415.85,0.0018367323738262,0.3294232703415352,0.0060391917267131,-4.2515078163967965,-4.021225098808484,-3.983182060627415,-0.0164995309314559,606.4,579.55,525.0,483.0,447.15,410.9,375.45,343.15,310.2,280.25,251.95,226.55,201.45,179.05,158.55,138.6,121.9,106.5,92.65,80.55,69.35,63.65,72.4,82.0,92.25,104.65,117.05,131.9,148.5,167.55,187.35,208.35,231.95,256.7,284.1,312.75,344.9,377.45,413.6,446.65,486.35,525.0,2026-05-19,0.0207774524337674,0.1441438602014231,4.986666666666666,23606.2,0.187783841781683,23443.644867362193,23400,0.0171423135464231,0.0352627712342881,-3.3449275108214795,4.986666666666666,-1.1104118191025572,0.0018367323738262,2026,0.0436399815802598,0.0004111517042449,0.0006044854810139,0.1548696547464344,0.000193333776769,0.6801680390325682,0.0329141870352485,-7.796548301487443,-7.4111329063716385,-4.066205395550156,0.0003567488340877,0.5901694007428792,0.0435236304693705,0.0002477366469261,-0.3854153951157635,1,0,1,585.0,260.0,24115.0,325.0,8645.0,2730.0,18395.0,11635.0,88595.0,99320.0,568945.0,403455.0,785590.0,146835.0,331630.0,224055.0,206895.0,113685.0,216060.0,84955.0,211900.0,146120.0,100750.0,474890.0,122005.0,223730.0,136825.0,259610.0,182780.0,491205.0,307385.0,896740.0,366990.0,429975.0,60060.0,74165.0,36725.0,39195.0,6825.0,20995.0,1625.0,12220.0,0.2028683838856082,63.65,146120.0,0.2012460120550004,72.4,100750.0,0.1994435960855364,82.0,474890.0,0.1971992557063903,92.25,122005.0,0.1959512819699701,104.65,223730.0,0.1934845018773754,117.05,136825.0,0.1920588761027235,131.9,259610.0,0.1908851824529291,148.5,182780.0,0.1904728205660758,167.55,491205.0,0.1893170599777068,187.35,307385.0,0.187783841781683,460.2999999999999,1465685.0,0.1877627292567663,226.55,403455.0,0.1865709964783202,201.45,785590.0,0.1861711678039211,179.05,146835.0,0.1859273583063467,158.55,331630.0,0.1847040757564151,138.6,224055.0,0.1848667060116433,121.9,206895.0,0.1847976779254795,106.5,113685.0,0.1847802776448679,92.65,216060.0,0.1851119732372926,80.55,84955.0,0.1850098257150117,69.35,211900.0,0.0026889787843928,-0.0012128453033627,0.0039018240877556,0.000738066740515,0.188521908522198,0.0042750343210405,-0.0018564834753362,0.0061315177963768,0.0012092754228521,0.1889931172045351,0.0081674401882871,-0.0029171357700396,0.0110845759583267,0.0026251522091237,0.1904089939908067,0.0116597543038534,-0.003003564136815,0.0146633184406684,0.0043280950835191,0.1921119368652022,0.0150845421039252,-0.0027740160666712,0.0178585581705965,0.0061552630186269,0.1939391048003099,0.1874515577299919,-0.0089250572262128,0.0069845097723794,0.0003644608080588,0.6479217877974816,high,5,0.02428998802428268,252,none,0920_open,500,327.29999999999995,206.20000000000073,121.09999999999923,172.70000000000005
2024-02-09,21681.4,21683.15,-0.0020433251791138,0.0534478682358362,0.0035514311806433,-4.278869746450155,-4.1918597660171795,-4.1993853824179554,-0.0086983927343594,564.0,535.65,478.35,435.8,393.65,357.05,321.1,285.1,253.3,221.95,193.45,166.85,142.15,120.3,101.4,84.7,69.55,57.1,46.05,37.1,29.55,33.7,39.75,46.95,55.85,66.0,77.65,91.55,106.65,123.45,142.8,163.9,187.25,213.15,241.9,272.4,303.0,339.5,375.35,416.3,458.4,501.25,2024-02-15,0.0175544803453174,0.1324933218895105,4.986666666666666,21927.05,0.1573510946078969,21729.58040895763,21700,0.0171423135464231,0.0247593669743033,-3.698551397958509,4.986666666666666,-2.929048525639723,0.0020433251791138,2024,0.0248577727183864,0.0003473743729708,0.0004244328318844,0.1423521958449264,7.705845891362907e-05,0.8184436897317924,0.0149988987629705,-7.96510747495302,-7.764756793508667,-4.066205395550156,0.0002906671613854,0.6848366562382239,0.0271354193254756,0.0001337656704989,-0.2003506814443011,1,0,0,900.0,50.0,3400.0,900.0,3700.0,1200.0,34700.0,13950.0,171900.0,141000.0,564100.0,193800.0,456200.0,181300.0,280700.0,101050.0,260100.0,117800.0,216000.0,98400.0,141050.0,81950.0,94150.0,189250.0,54250.0,129700.0,103450.0,322100.0,134350.0,353500.0,263500.0,728050.0,190800.0,442450.0,43250.0,69300.0,28350.0,82600.0,17250.0,28200.0,250.0,1750.0,0.1724572100025434,33.7,81950.0,0.1702162640538197,39.75,94150.0,0.1681984494775824,46.95,189250.0,0.1668666166519483,55.85,54250.0,0.1653949341200981,66.0,129700.0,0.1639287355535539,77.65,103450.0,0.1630788107936329,91.55,322100.0,0.1616224514759622,106.65,134350.0,0.1599835622547452,123.45,353500.0,0.158834496994195,142.8,263500.0,0.1573510946078969,357.35,1292150.0,0.155915371717065,166.85,193800.0,0.154166303420249,142.15,456200.0,0.1529229493810175,120.3,181300.0,0.1523275775605484,101.4,280700.0,0.1517747986405578,84.7,101050.0,0.1506789022386324,69.55,260100.0,0.1503676239924174,57.1,117800.0,0.1495835192031857,46.05,216000.0,0.1493709507755465,37.1,98400.0,0.1490894138458094,29.55,141050.0,0.0026324676468483,-0.0031847911876478,0.0058172588344962,-0.0002761617703997,0.1570749328374971,0.005727716185736,-0.0050235170473484,0.0107512332330845,0.0003520995691938,0.1577031941770907,0.0080438395122012,-0.0066721923692645,0.0147160318814657,0.0006858235714683,0.1580369181793652,0.0108473548696855,-0.0077675754047111,0.0186149302743966,0.0015398897324872,0.1588909843403841,0.0151061153946465,-0.0082616807620874,0.0233677961567339,0.0034222173162795,0.1607733119241764,0.1564543471917021,-0.0111833932382476,0.0017965419213896,0.000354332692359,0.6943064340850906,high,5,0.03216935167160772,252,q_only,0920_open,500,294.1,227.04999999999927,67.05000000000075,205.89999999999998
2024-03-14,21930.65,21938.75,-0.0023956743595589,0.0429904527640364,0.0028498927300376,-3.805983261602051,-4.511933795322617,-4.666415457590992,-0.0158712535766709,481.9,433.85,387.6,335.55,289.2,242.85,200.0,159.5,122.45,91.05,64.85,45.7,31.35,21.1,13.9,9.3,6.25,4.3,2.95,2.25,1.7,1.55,2.15,3.0,4.3,6.55,10.5,16.6,26.05,39.1,57.9,81.35,112.75,148.5,187.8,231.0,276.6,324.2,372.15,418.95,470.25,519.05,2024-03-14,0.0117516730172378,0.1084051337217839,0.9866666666666668,22153.05,0.3134816362798361,21933.49930306747,21950,0.0007039573820395,0.0982707362846834,-2.320028994169365,0.9866666666666668,-3.1467772166839443,0.0023956743595589,2024,0.2050765025580521,4.60118414431533e-05,6.917841024605983e-05,0.2556593165032901,2.316656880290653e-05,0.6651185142806021,0.0578223197765459,-9.986611771925466,-9.578821734683736,-7.258792740514372,4.797381152888436e-05,0.6934795315221455,0.0524284919566187,2.120459871717547e-05,-0.4077900372417279,1,0,1,650.0,40000.0,3450.0,3450.0,2850.0,99000.0,40900.0,440800.0,478700.0,1901450.0,2557600.0,4185400.0,2142250.0,2975450.0,1772150.0,2413750.0,2040450.0,2923650.0,2147700.0,2486900.0,2430500.0,944900.0,2396750.0,1091050.0,1736850.0,1382600.0,2769700.0,1698700.0,2884050.0,1779950.0,3508900.0,2444200.0,2127400.0,398400.0,385150.0,60450.0,121200.0,80750.0,65700.0,50800.0,34550.0,7500.0,0.4024349022850029,1.55,944900.0,0.3856651004353852,2.15,2396750.0,0.3684375599671418,3.0,1091050.0,0.3521551934046569,4.3,1736850.0,0.3398262070057199,6.55,1382600.0,0.3324283750141067,10.5,2769700.0,0.325875996576868,16.6,1698700.0,0.3220742214258402,26.05,2884050.0,0.3168560484903838,39.1,1779950.0,0.3165711639186068,57.9,3508900.0,0.3134816362798361,146.2,5001800.0,0.3193937848572583,45.7,4185400.0,0.3255452614807954,31.35,2142250.0,0.3326093178287296,21.1,2975450.0,0.3396353578552156,13.9,1772150.0,0.3498190847396432,9.3,2413750.0,0.3608628032354223,6.25,2040450.0,0.3737250181487206,4.3,2923650.0,0.3860208009751623,2.95,2147700.0,0.4047657050412876,2.25,2486900.0,0.4218681521921694,1.7,2430500.0,0.0033744122105476,0.0120636252009593,-0.0086892129904116,0.0077190187057534,0.3212006549855896,0.0123943602970318,0.0261537215753795,-0.0137593612783476,0.0192740409362057,0.3327556772160418,0.0263445707258838,0.0473811669555861,-0.0210365962297023,0.036862868840735,0.3503445051205711,0.0549559236873057,0.0725391646953261,-0.0175832410080204,0.0637475441913159,0.377229180471152,0.0889532660051667,0.1083865159123332,-0.0194332499071664,0.09866989095875,0.4121515272385861,0.3166218454759903,0.0043281794869599,0.0126594923293091,0.0013294122062838,0.699167104003596,high,1,0.025696692131138,252,q_only,0920_open,500,142.95,203.04999999999927,-60.099999999999284,357.05
2024-03-15,22089.5,22081.85,0.0011595438313569,0.0144711871261871,0.0022589918286967,-4.411976425414971,-4.5214480865186975,-4.682751310083472,0.007794465993513,547.0,505.0,457.5,420.1,373.0,333.05,295.55,260.0,226.55,195.05,166.0,139.05,115.2,94.65,76.15,60.75,47.45,36.95,28.25,21.75,16.4,23.15,28.2,34.3,41.7,50.5,60.8,73.05,87.0,103.4,122.15,142.8,166.35,192.5,221.25,252.7,287.05,324.45,362.7,405.0,448.9,493.2,2024-03-21,0.0130231143812997,0.114118860760611,4.986666666666666,22014.6,0.1335833122883973,22123.223874376217,22100,0.0171423135464231,0.0178445013219394,-4.026059867404453,4.986666666666666,-4.235595701193368,0.0011595438313569,2024,0.0194644515277862,0.0002577060729421,0.0003058960367402,0.1226104847015727,4.818996379812564e-05,0.8424629350819396,0.0109728275868244,-8.263690874646022,-8.092265262954614,-4.066205395550156,0.0002158690070445,0.7056940303802625,0.0213658534951892,9.002702969567318e-05,-0.1714256116913365,1,0,0,400.0,350.0,1150.0,350.0,7050.0,2650.0,21900.0,18050.0,149500.0,110200.0,406550.0,201400.0,352200.0,116550.0,291750.0,204450.0,407050.0,237000.0,269950.0,162800.0,222400.0,126100.0,41250.0,102600.0,79300.0,204650.0,120200.0,308900.0,164300.0,565500.0,379050.0,688050.0,213600.0,299000.0,49750.0,72550.0,10950.0,26550.0,2500.0,41000.0,500.0,550.0,0.1499975738796843,23.15,126100.0,0.1480495174316549,28.2,41250.0,0.1461904643988993,34.3,102600.0,0.1445148352319196,41.7,79300.0,0.1428869934985083,50.5,204650.0,0.1412057708090258,60.8,120200.0,0.1397492775366136,73.05,308900.0,0.1380582112130782,87.0,164300.0,0.1366876141688029,103.4,565500.0,0.1353665379588328,122.15,379050.0,0.1335833122883973,308.8,1094600.0,0.1316383974998412,139.05,201400.0,0.1301044541932395,115.2,352200.0,0.1291537096146121,94.65,116550.0,0.1276891351955716,76.15,291750.0,0.1267803046964301,60.75,204450.0,0.1255803788028588,47.45,407050.0,0.125106938305279,36.95,237000.0,0.1245003044613788,28.25,269950.0,0.1247609911772117,21.75,162800.0,0.1247108613198655,16.4,222400.0,0.0031043018804056,-0.0034788580951577,0.0065831599755634,-0.000187278107376,0.1333960341810212,0.0061659652482163,-0.0058941770928256,0.012060142341042,0.0001358940776953,0.1337192063660926,0.009303681210111,-0.0080029334855384,0.0173066146956494,0.0006503738622863,0.1342336861506836,0.012607152110502,-0.0090830078270184,0.0216901599375205,0.0017620721417418,0.1353453844301391,0.016414261591287,-0.0088724509685317,0.0252867125598187,0.0037709053113776,0.1373542175997749,0.1327464299836981,-0.0112219536508271,0.0012018849607658,0.0002440621118409,0.6992348138650689,middle,5,0.025696692131138,252,q_only,0920_open,500,269.25000000000006,85.40000000000146,183.8499999999986,230.74999999999994
2024-03-26,22057.6,22056.8,0.005033352254038,0.3968645764491609,0.0052680255331494,-4.586530873910231,-4.377068908850601,-4.627635768863727,0.0030025830238766,575.8,522.7,475.9,425.0,381.9,336.0,294.6,253.3,215.8,180.5,146.35,116.45,90.15,68.25,50.3,35.55,24.6,16.45,10.35,6.6,4.1,10.1,12.6,16.1,20.3,25.3,32.0,39.85,50.0,61.5,76.0,92.5,112.5,136.15,165.2,196.85,232.0,270.0,312.0,352.45,401.7,441.6,2024-03-28,0.0068263355218519,0.0826216407598633,2.986666666666667,22343.1,0.1696734069975018,22103.869982302425,22050,0.006183409436834,0.0287890650421399,-3.5477596499760393,2.986666666666667,-0.924160173745194,0.005033352254038,2024,0.0870517662376385,8.090471729602252e-05,0.0001780145764591,0.1143860123385051,9.710985916317316e-05,0.4544836659180402,0.0552873946589967,-9.422238425389388,-8.63364512080481,-5.08588547082877,0.0001256895806979,0.7060634201871229,0.027100949181685,5.232499576125389e-05,-0.7885933045840411,1,0,1,100.0,0.0,50.0,1400.0,300.0,11800.0,8250.0,69350.0,75600.0,406050.0,216200.0,530300.0,302550.0,616400.0,287500.0,747200.0,566800.0,1220300.0,1111200.0,1224300.0,600450.0,246550.0,345700.0,282200.0,162150.0,70550.0,361550.0,149100.0,351900.0,288700.0,966000.0,471750.0,653600.0,191100.0,220000.0,56700.0,84050.0,9700.0,6050.0,600.0,2500.0,0.0,0.21186305438649,10.1,246550.0,0.2071362412874156,12.6,345700.0,0.2036716304088841,16.1,282200.0,0.1996243829539385,20.3,162150.0,0.194972378545107,25.3,70550.0,0.1914335373320892,32.0,361550.0,0.187045055366314,39.85,149100.0,0.1835856856408853,50.0,351900.0,0.1787427974830288,61.5,288700.0,0.1748138924872145,76.0,966000.0,0.1696734069975018,238.85,687950.0,0.1650921509739425,112.5,653600.0,0.1609726979720721,90.15,302550.0,0.1578673736188398,68.25,616400.0,0.1552739067653281,50.3,287500.0,0.1521803852183732,35.55,747200.0,0.1502252054789218,24.6,566800.0,0.1484482539295625,16.45,1220300.0,0.1458971686004595,10.35,1111200.0,0.1453817485793118,6.6,1224300.0,0.1450667929075578,4.1,600450.0,0.0090693904855269,-0.0087007090254296,0.0177700995109566,0.0001843407300486,0.1698577477275504,0.0173716483688122,-0.0143995002321736,0.0317711486009859,0.0014860740683193,0.1711594810658211,0.0252989715476051,-0.0194482015185799,0.0447471730661851,0.0029253850145126,0.1725987920120144,0.0339982234113823,-0.0237762383970422,0.0577744618084246,0.00511099250717,0.1747843995046718,0.0421896473889882,-0.0246066140899439,0.0667962614789321,0.0087915166495221,0.1784649236470239,0.1656692210701797,-0.0221146808783177,0.0025984624427528,0.0008549029571316,0.6954275466422766,high,3,0.02547416096175352,252,q_only,0920_open,500,224.65,293.09999999999854,-68.44999999999854,275.35
2024-04-01,22512.55,22507.5,0.0025240885823248,0.0368079215748236,0.0026052135364497,-4.5188619653470745,-4.731125898371131,-4.668451872660251,0.0088064708966341,523.95,482.0,434.2,388.5,343.5,302.95,263.45,227.0,194.4,163.75,135.95,111.0,88.7,69.85,54.25,41.25,30.95,23.2,16.75,12.1,8.95,14.75,18.2,22.8,28.3,35.1,44.0,54.4,67.95,84.3,103.85,125.85,150.55,178.35,209.25,244.25,280.75,320.4,360.0,406.0,447.0,496.3,2024-04-04,0.0102090447894229,0.1010398178413982,3.986666666666667,22541.2,0.1543552105985826,22510.105408867883,22500,0.0089231354642313,0.0238255310389328,-3.7369975405430385,3.986666666666667,-3.302042196786977,0.0025240885823248,2024,0.0533153927571844,0.0001615081688908,0.0002125984409676,0.1345359976471305,5.109027207677463e-05,0.7596865158359745,0.019819212951452,-8.73095483521314,-8.456105425255258,-4.719107884712219,0.0001503162991456,0.7070432805693381,0.0245642955579926,6.228214182195447e-05,-0.2748494099581057,1,0,0,32500.0,1850.0,11550.0,12300.0,33900.0,15500.0,157800.0,75000.0,302100.0,293800.0,1282850.0,528900.0,774400.0,324950.0,519900.0,257650.0,393800.0,225750.0,302850.0,244150.0,772800.0,238650.0,98800.0,273050.0,124100.0,249950.0,98450.0,464650.0,142800.0,374850.0,212350.0,703250.0,124450.0,106650.0,31900.0,29850.0,16350.0,9500.0,1050.0,1250.0,0.0,11650.0,0.1776625690093737,14.75,238650.0,0.1738281076881208,18.2,98800.0,0.1707835340128533,22.8,273050.0,0.1673853872486295,28.3,124100.0,0.1640841539800973,35.1,249950.0,0.1617382410853654,44.0,98450.0,0.1588352048962817,54.4,464650.0,0.1573335007982468,67.95,142800.0,0.1561844646131669,84.3,374850.0,0.1555595823796828,103.85,212350.0,0.1543552105985826,261.79999999999995,1986100.0,0.1531544547087628,111.0,528900.0,0.151452418252511,88.7,774400.0,0.1502404547845541,69.85,324950.0,0.149475642821528,54.25,519900.0,0.148568350871544,41.25,257650.0,0.1480714928460869,30.95,393800.0,0.1484630610638419,23.2,225750.0,0.1479049855534753,16.75,302850.0,0.1481432985862693,12.1,244150.0,0.1496950693039728,8.95,772800.0,0.0018292540145843,-0.0029027923460715,0.0047320463606559,-0.0005367691657435,0.153818441432839,0.0044799942976991,-0.0048795677770545,0.0093595620747536,-0.0001997867396776,0.1541554238589049,0.0097289433815147,-0.0062837177524956,0.0160126611340103,0.0017226128145095,0.1560778234130921,0.0164283234142707,-0.0064502250451072,0.022878548459378,0.0049890491845817,0.1593442597831643,0.0233073584107911,-0.0046601412946097,0.0279674997054009,0.0093236085580906,0.1636788191566733,0.1535236206504989,-0.0082218045242611,0.0022867941156568,0.0004824477774689,0.684676086424495,middle,4,0.02608039274799096,252,q_only,0920_open,500,238.09999999999997,41.20000000000073,196.89999999999924,261.90000000000003
2024-04-05,22464.3,22434.15,-0.0009877510780704,0.0492125191311101,0.0022190764902535,-3.7125287042277977,-4.564464231722851,-4.659641956509851,0.0042523696036599,537.15,487.5,449.9,399.8,355.75,315.35,276.9,239.1,204.3,172.1,143.15,116.8,93.9,74.0,57.2,43.35,32.35,23.9,17.5,12.8,9.5,16.0,19.9,24.6,30.35,37.5,46.2,56.75,69.65,84.75,102.8,123.4,147.1,174.35,204.3,237.85,273.2,312.4,354.25,400.5,442.75,489.25,2024-04-10,0.0052224257447431,0.0722663527842879,3.986666666666667,22735.05,0.1238310242940739,22469.767074442632,22450,0.0144025875190258,0.0153341225777195,-4.177674700025844,3.986666666666667,-3.0116072339674216,0.0009877510780704,2024,0.051564671509786,8.261932791948078e-05,0.000220851042453,0.0757391745184378,0.0001382317145335,0.374095258966393,0.048091849775636,-9.401266910627134,-8.418022099746894,-4.240347399721049,0.000159234140149,0.7210024384777535,0.0186837952747006,6.161690230405394e-05,-0.9832448108799022,1,0,1,350.0,4200.0,100.0,2650.0,1950.0,11450.0,8000.0,67450.0,56050.0,285500.0,503550.0,858550.0,364550.0,488500.0,284500.0,380200.0,263900.0,327400.0,175050.0,375400.0,226200.0,145350.0,504750.0,160400.0,306200.0,216500.0,552050.0,348850.0,795550.0,563300.0,1411700.0,1415300.0,1472650.0,315000.0,422150.0,78500.0,61350.0,6400.0,12250.0,2350.0,1550.0,800.0,0.1450793387963128,16.0,145350.0,0.1426844357818412,19.9,504750.0,0.1401335348331386,24.6,160400.0,0.1375973008926012,30.35,306200.0,0.1352808256874493,37.5,216500.0,0.1330274349317471,46.2,552050.0,0.130884083832709,56.75,348850.0,0.1290813712888687,69.65,795550.0,0.1271530581490386,84.75,563300.0,0.1256027815837078,102.8,1411700.0,0.1238310242940739,266.55,1918850.0,0.1221213640819362,116.8,858550.0,0.1207960762074675,93.9,364550.0,0.1194225497269993,74.0,488500.0,0.1181671457618279,57.2,284500.0,0.1170502814538238,43.35,380200.0,0.1162785877412056,32.35,263900.0,0.1159726235946231,23.9,327400.0,0.1160242019105261,17.5,175050.0,0.116553781656555,12.8,375400.0,0.1178292748067948,9.5,226200.0,0.0033220338549646,-0.0030349480866063,0.006356981941571,0.0001435428841791,0.123974567178253,0.0070530595386351,-0.0056638785322459,0.012716938070881,0.0006945905031945,0.1245256147972684,0.0114498013933754,-0.0075524365528682,0.0190022379462436,0.0019486824202536,0.1257797067143275,0.0163025105390646,-0.0078068223835477,0.0241093329226124,0.0042478440777584,0.1280788683718323,0.0212483145022389,-0.006001749487279,0.0272500639895179,0.0076232825074799,0.1314543068015539,0.1231454976763281,-0.0103373828112756,0.0023039972331688,9.260972989846904e-05,0.6980667876887289,middle,4,0.02525162979236904,252,q_only,0920_open,500,241.05,285.0499999999993,-43.99999999999926,258.95
2024-04-15,22324.2,22319.95,-0.0014099671329338,0.0266057832644378,0.0029094512625312,-4.56298108549156,-5.015880890392998,-4.647512795951553,-0.0095306265942648,603.2,509.85,509.85,419.0,419.9,374.25,333.05,292.15,253.1,216.55,183.75,152.25,123.75,98.7,77.75,60.1,45.3,34.15,24.9,18.2,13.0,14.15,16.2,19.0,23.1,28.0,33.35,40.4,49.6,60.6,74.9,91.8,109.75,131.7,157.65,186.05,218.7,254.25,291.85,334.15,377.3,421.3,2024-04-18,0.0197712956617338,0.1406104393767895,2.986666666666667,22045.75,0.157712028773919,22391.999242119004,22300,0.0089231354642313,0.0248730840199854,-3.693969023226199,2.986666666666667,-3.6266266708695984,0.0014099671329338,2024,0.0171015893971294,0.000234326467102,0.0002219458981235,0.1620510798335815,-1.23805689784937e-05,1.0557819229062868,-0.0043390510596625,-8.358795256380322,-8.41307690793842,-4.719107884712219,0.0001563080322055,0.7042618652883511,0.025359603229886,6.563786591795635e-05,0.0542816515581339,0,1,0,500.0,0.0,850.0,0.0,35350.0,450.0,7500.0,7850.0,126100.0,62000.0,381500.0,275100.0,562600.0,264000.0,429200.0,204800.0,605200.0,401300.0,547700.0,467900.0,388750.0,328050.0,467800.0,290450.0,181800.0,1319350.0,747200.0,420200.0,342400.0,683450.0,355700.0,1071150.0,607100.0,702200.0,149350.0,389200.0,117700.0,167400.0,47450.0,79700.0,16000.0,26650.0,0.1981986653117653,14.15,328050.0,0.1915137476009638,16.2,467800.0,0.1857771876558088,19.0,290450.0,0.1817603188279798,23.1,181800.0,0.1775687543758779,28.0,1319350.0,0.1722745538231045,33.35,747200.0,0.1679608043725662,40.4,420200.0,0.1646854104437227,49.6,342400.0,0.1613261828299177,60.6,683450.0,0.1594870026628419,74.9,355700.0,0.157712028773919,275.55,1452650.0,0.1538803006586567,109.75,607100.0,0.1513967001960206,123.75,562600.0,0.1486851293150046,98.7,264000.0,0.1470729392363374,77.75,429200.0,0.1456895720490081,60.1,204800.0,0.1441244831451741,45.3,605200.0,0.1440091798304216,34.15,401300.0,0.1431630380910149,24.9,547700.0,0.1434228796393918,18.2,467900.0,0.1434634526692357,13.0,388750.0,0.0036141540559987,-0.0063153285778983,0.0099294826338971,-0.0013505872609497,0.1563614415129692,0.0102487755986472,-0.0106390895375815,0.0208878651362288,-0.0001951569694671,0.1575168718044518,0.0198567256019589,-0.0135875456287448,0.0334442712307038,0.003134589986607,0.160846618760526,0.0280651588818898,-0.014548990682904,0.0426141495647938,0.0067580840994929,0.1644701128734119,0.0404866365378463,-0.0142485761046832,0.0547352126425296,0.0131190302165815,0.1708310589905005,0.1516696349929478,-0.015146858964505,0.0049247653714414,0.0006588211171804,0.6837924966874814,high,3,0.02439415493957432,252,q_only,0920_open,500,248.4,254.25,-5.849999999999994,251.6
2024-04-19,21811.4,21796.65,-0.0021040806076561,0.1077991568588804,0.0028540121221012,-3.4134343569092045,-4.248008577910907,-4.5567818422768065,-0.005956167321591,590.5,,501.4,461.4,418.75,380.65,341.85,305.4,269.2,235.75,203.9,174.95,148.25,123.3,102.0,83.65,67.75,54.45,43.15,34.05,26.55,46.55,52.7,59.8,67.85,76.35,86.55,98.0,111.1,125.55,141.95,161.3,181.45,204.5,229.4,258.55,289.65,324.25,361.55,400.3,439.75,482.85,2024-04-25,0.0104854678697282,0.1023985735727225,4.986666666666666,22559.25,0.1596752858938849,21842.643838294254,21800,0.0171423135464231,0.0254961969252938,-3.669225978124813,4.986666666666666,-2.22748544188402,0.0021040806076561,2024,0.0572767123211623,0.0002074902107554,0.0004370638019347,0.110018086886078,0.0002295735911792,0.4747366627869397,0.0496571990078069,-8.480426396488477,-7.735431373674973,-4.066205395550156,0.0002985143193093,0.6829994110422443,0.02771359643898,0.0001385494826254,-0.7449950228137514,1,0,1,2150.0,,2900.0,50.0,24050.0,1450.0,16900.0,4650.0,56800.0,45500.0,388600.0,220100.0,303000.0,120700.0,516300.0,123600.0,227250.0,124650.0,309600.0,98700.0,322550.0,155000.0,47050.0,250150.0,87250.0,444050.0,149950.0,444500.0,161400.0,559850.0,266450.0,1163150.0,397350.0,423500.0,86050.0,344650.0,40500.0,73750.0,26350.0,69150.0,21000.0,75800.0,0.1941685298058976,46.55,155000.0,0.190630883976172,52.7,47050.0,0.1872433922175505,59.8,250150.0,0.1838523104573088,67.85,87250.0,0.1797754611738539,76.35,444050.0,0.1763010960504127,86.55,149950.0,0.1727512334342379,98.0,444500.0,0.1693775649465917,111.1,161400.0,0.1657424705776295,125.55,559850.0,0.1622651961226199,141.95,266450.0,0.1596752858938849,365.2000000000001,1551750.0,0.156679880523658,174.95,220100.0,0.1537064630381942,148.25,303000.0,0.1502101311153288,123.3,120700.0,0.1478386844626106,102.0,516300.0,0.1460166280245148,83.65,123600.0,0.144356580122483,67.75,227250.0,0.143167957686405,54.45,124650.0,0.1419910977376364,43.15,309600.0,0.141339703725568,34.05,98700.0,0.1407418097982541,26.55,322550.0,0.0060671846837446,-0.0059688228556906,0.0120360075394353,4.918091402700275e-05,0.1597244668079119,0.013075947540353,-0.0118366014312743,0.0249125489716273,0.0006196730545393,0.1602949589484242,0.020100175279969,-0.0153187057714019,0.0354188810513709,0.0023907347542835,0.1620660206481685,0.0275681063236656,-0.0176841881562484,0.0452522944799141,0.0049419590837085,0.1646172449775935,0.0344932439120127,-0.0189334760956308,0.0534267200076435,0.0077798839081909,0.1674551698020758,0.1568348706355765,-0.0264895471623334,0.0056511589966284,0.0003545607143771,0.6558431494765296,high,5,0.0245840362842156,252,q_only,0920_open,500,292.1,500.0,-207.89999999999998,207.89999999999998
2024-05-06,22519.6,22503.9,-0.0017212166327611,0.0456277993725345,0.0025622645106929,-4.00923053954406,-4.803413801789805,-4.595514114095845,-0.0088688101333814,572.05,520.0,481.15,435.6,391.0,349.8,307.65,269.1,232.8,199.5,168.95,141.15,116.2,95.05,76.75,61.25,48.75,38.0,29.0,22.05,16.75,12.0,14.75,18.95,23.8,29.95,37.45,47.0,58.3,72.4,88.75,108.0,130.0,155.65,184.05,216.4,250.65,287.0,326.3,369.75,412.9,454.45,2024-05-09,0.012728889108693,0.1128223785810823,3.986666666666667,21968.15,0.160631829882512,22560.98264064332,22500,0.0089231354642313,0.0258025847714042,-3.65728060713459,3.986666666666667,-3.0872381128513435,0.0017212166327611,2024,0.0478094513014297,0.0002013723726719,0.0002302399592425,0.1502246498816342,2.886758657063556e-05,0.8746195635822521,0.0104071800008777,-8.510354763494938,-8.376388491846813,-4.719107884712219,0.0001616051800307,0.7018989256358694,0.0260554332533963,6.863477921175817e-05,-0.1339662716479807,1,0,0,5550.0,0.0,4575.0,1275.0,11425.0,3000.0,64425.0,32300.0,121275.0,98550.0,472875.0,325700.0,428500.0,240900.0,380850.0,161900.0,381600.0,159125.0,242250.0,114975.0,254375.0,525425.0,101075.0,349425.0,83575.0,304850.0,152975.0,313625.0,149825.0,406125.0,298175.0,831200.0,418225.0,322700.0,74625.0,106675.0,24575.0,39775.0,16700.0,12850.0,2275.0,5625.0,0.1814554203343904,12.0,525425.0,0.1774888810442181,14.75,101075.0,0.1756262368261007,18.95,349425.0,0.1729083570489325,23.8,83575.0,0.1705404671215835,29.95,304850.0,0.1681215629236078,37.45,152975.0,0.166391946585551,47.0,313625.0,0.1643867569483608,58.3,149825.0,0.1632248628937486,72.4,406125.0,0.1617790775808251,88.75,298175.0,0.160631829882512,276.95,1304075.0,0.1594008315857068,130.0,418225.0,0.1584999815110944,116.2,428500.0,0.1584310501304768,95.05,240900.0,0.1583818870367723,76.75,380850.0,0.1584831438981429,61.25,161900.0,0.1593622294452013,48.75,381600.0,0.1595854058726185,38.0,159125.0,0.1593698256593751,29.0,242250.0,0.1597340689724321,22.05,114975.0,0.1606209448350653,16.75,254375.0,0.0025930330112366,-0.0021318483714175,0.0047248813826542,0.0002305923199095,0.1608624222024215,0.0057601167030389,-0.0022499428457396,0.0080100595487786,0.0017550869286496,0.1623869168111616,0.0099086372390715,-0.0012696004373106,0.0111782376763822,0.0043195184008804,0.1649513482833924,0.0149944069435887,-0.0012620042231368,0.0162564111667255,0.0068662013602259,0.167498031242738,0.0208235904518784,-1.088504744670149e-05,0.0208344754993251,0.0104063527022158,0.1710381825847278,0.1594204998818599,-0.0045825490381347,0.0056389287185637,0.0002518730383293,0.6809116397321068,high,4,0.02547416096175352,252,q_only,0920_open,500,248.2,500.0,-251.8,251.8
2024-05-10,21970.45,21958.05,-0.0008893619374745,0.0459424127346635,0.0020778086304559,-4.52550624281594,-4.262496625307651,-4.550050177447073,-0.0152956461315568,606.65,548.8,514.0,460.75,424.45,380.0,341.55,305.65,270.75,237.6,206.5,179.6,152.85,128.2,107.35,89.8,73.35,59.1,47.65,38.4,30.95,28.8,34.6,40.65,47.15,55.9,66.0,77.65,91.6,106.3,122.55,141.6,164.25,187.6,212.75,242.05,274.5,309.3,342.6,380.85,416.35,460.5,2024-05-16,0.0127383249651225,0.1128641881427519,4.986666666666666,22392.35,0.1500475173453253,22014.96678650932,21950,0.0171423135464231,0.0225142574614957,-3.793606505497264,4.986666666666666,-3.0803665638433384,0.0008893619374745,2024,0.0371833292025734,0.0002520705575108,0.0003859464606698,0.1212624514598093,0.0001338759031589,0.6531231225009598,0.0287850658855159,-8.285801519520192,-7.85981190104742,-4.066205395550156,0.0002666218203081,0.6908259240036261,0.0253341150419108,0.0001193246403616,-0.4259896184729845,1,0,1,150.0,6600.0,75.0,1150.0,1075.0,6725.0,8650.0,27050.0,24800.0,115575.0,198750.0,622625.0,235150.0,324800.0,161275.0,369825.0,124550.0,253725.0,129825.0,220600.0,108025.0,62275.0,245300.0,135175.0,375900.0,105275.0,298600.0,186400.0,514425.0,264150.0,549400.0,500800.0,1183175.0,214475.0,335925.0,78550.0,103950.0,13350.0,35550.0,9775.0,10300.0,2125.0,0.1697687145016376,28.8,62275.0,0.168340065921419,34.6,245300.0,0.1658502307343552,40.65,135175.0,0.1626634651584577,47.15,375900.0,0.1609504653594678,55.9,105275.0,0.1592190729189804,66.0,298600.0,0.1575252487001269,77.65,186400.0,0.1564501166602441,91.6,514425.0,0.1543174643618812,106.3,264150.0,0.151850410870436,122.55,549400.0,0.1500475173453253,348.1,699550.0,0.1494553871378868,164.25,1183175.0,0.1476789550861465,152.85,235150.0,0.145319093839945,128.2,324800.0,0.1442057265305392,107.35,161275.0,0.1440082378884689,89.8,369825.0,0.1427259530661117,73.35,124550.0,0.1414453330246076,59.1,253725.0,0.1410369759045328,47.65,129825.0,0.1411914572075432,38.4,220600.0,0.1417813964097065,30.95,108025.0,0.0042699470165559,-0.0023685622591787,0.0066385092757347,0.0009506923786886,0.1509982097240139,0.0074777313548016,-0.005841790814786,0.0133195221695876,0.0008179702700078,0.1508654876153331,0.0109029480141425,-0.0073215642792135,0.018224512293356,0.0017906918674644,0.1518382092127897,0.0158027133890299,-0.0090105414407924,0.0248132548298224,0.0033960859741187,0.153443603319444,0.0197211971563123,-0.0082661209356187,0.0279873180919311,0.0057275381103468,0.1557750554556721,0.1485569386081182,-0.0128414168084344,0.0025799323658466,0.0004836040245945,0.6572662937200935,middle,5,0.02579261728535124,252,q_only,0920_open,500,288.35,442.34999999999854,-153.99999999999852,211.64999999999998
2024-05-17,22393.25,22383.15,-0.0008703220740833,0.0548902053450249,0.0027307510354682,-3.803606397644137,-4.427071169136555,-4.416229786252426,0.008158735023739,531.85,497.6,452.95,406.3,369.15,330.3,290.8,254.95,222.0,191.4,161.35,135.3,112.3,91.15,72.8,57.9,45.05,34.4,26.45,19.6,14.65,27.1,32.1,38.25,45.7,54.25,64.45,76.55,90.75,107.1,125.95,146.95,170.45,196.8,227.1,257.7,294.3,330.65,376.75,409.35,465.5,499.0,2024-05-23,0.0072172975887712,0.0849546796166712,4.269333333333333,22951.0,0.1317532187367109,22414.414818578334,22400,0.0171423135464231,0.0173589106474835,-4.053649322439833,4.269333333333333,-2.9024203553993724,0.0008703220740833,2024,0.0467985391200396,0.000122274004652,0.0002975718891435,0.0844563582769268,0.0001752978844914,0.410905764667593,0.047296860459784,-9.009246091812493,-8.119854717989995,-4.066205395550156,0.0002105261032377,0.7074798088075857,0.0209331899242728,8.70457859057459e-05,-0.8893913738232345,1,0,1,1000.0,525.0,5150.0,1575.0,9525.0,9175.0,91700.0,17475.0,175700.0,151225.0,636325.0,176450.0,350075.0,139875.0,209100.0,114550.0,195150.0,114925.0,209075.0,119725.0,202250.0,128650.0,188000.0,374875.0,98800.0,164375.0,103825.0,300700.0,181600.0,397225.0,258150.0,687425.0,211950.0,146475.0,16425.0,56125.0,3150.0,4400.0,1375.0,2675.0,0.0,950.0,0.1531061845782732,27.1,128650.0,0.1502775815496323,32.1,188000.0,0.1477897242669844,38.25,374875.0,0.1455527341572031,45.7,98800.0,0.1430849611180606,54.25,164375.0,0.1408307364018579,64.45,103825.0,0.1388048141198424,76.55,300700.0,0.1369728544026777,90.75,181600.0,0.1351849303086453,107.1,397225.0,0.1335908953497931,125.95,258150.0,0.1317532187367109,308.29999999999995,1323750.0,0.130215566878344,135.3,176450.0,0.1290492999455028,112.3,350075.0,0.127179873117115,91.15,139875.0,0.1254355492329844,72.8,209100.0,0.1245815826523438,57.9,114550.0,0.1234115997157982,45.05,195150.0,0.1222376278372217,34.4,114925.0,0.1221206377909133,26.45,209075.0,0.1211997608609378,19.6,119725.0,0.1211627259312024,14.65,202250.0,0.0034317115719344,-0.002703918791208,0.0061356303631425,0.0003638963903631,0.132117115127074,0.0070515953831315,-0.0063176695037264,0.013369264886858,0.0003669629397025,0.1321201816764134,0.0113317423813497,-0.0083416190209126,0.0196733614022623,0.0014950616802185,0.1332482804169294,0.0160365055302735,-0.0096325809457975,0.025669086476071,0.0032019622922379,0.1349551810289488,0.0213529658415623,-0.0105904928055084,0.0319434586470708,0.0053812365180269,0.1371344552547378,0.1313307939314086,-0.0124730135508443,0.0020929688609691,0.0001719146897517,0.6813914295041114,middle,4,0.02398810269397732,252,q_only,0920_open,500,266.54999999999995,500.0,-233.45000000000005,233.45000000000005
2024-05-24,22960.35,22956.6,0.0012421008352227,0.0510645681323895,0.0025544205826566,-4.589420459878123,-5.294593489587827,-4.775026851329669,0.0145049337659022,592.6,546.45,505.0,462.55,419.65,380.6,340.95,305.55,269.0,238.15,206.5,177.7,151.35,128.7,107.8,88.6,72.5,59.1,47.3,37.3,30.25,34.5,40.05,46.6,54.25,62.6,72.55,83.85,97.3,112.0,129.2,148.2,169.35,193.1,220.05,250.25,280.25,313.55,350.0,388.35,430.75,461.45,2024-05-30,0.0085526377489871,0.0924804722575914,4.986666666666666,22557.1,0.1466315066572837,23008.359994660914,22950,0.0171423135464231,0.021500798744585,-3.839665193627665,4.986666666666666,-2.9746644052013966,0.0012421008352227,2024,0.0541510343996923,0.0001692426729164,0.0003685734335782,0.0993619762181099,0.0001993307606617,0.4591830487439315,0.0472695304391738,-8.684176938592218,-7.905870589177824,-4.066205395550156,0.0002556966467275,0.6937468179547693,0.0244999762789995,0.0001128767868506,-0.7783063494147293,1,0,1,200.0,14775.0,1000.0,13175.0,3250.0,27500.0,6850.0,68450.0,22850.0,229700.0,160125.0,401050.0,160950.0,181825.0,106075.0,176200.0,56025.0,107000.0,87550.0,145975.0,56825.0,29350.0,211775.0,35200.0,72075.0,29600.0,136850.0,45200.0,186400.0,76925.0,232400.0,157100.0,292575.0,80225.0,30750.0,7750.0,12425.0,500.0,4650.0,0.0,3075.0,200.0,0.1701253131344674,34.5,29350.0,0.1674791085700596,40.05,211775.0,0.1650193072101027,46.6,35200.0,0.1626820391198514,54.25,72075.0,0.1598539103455032,62.6,29600.0,0.1574238089268732,72.55,136850.0,0.1549311968375841,83.85,45200.0,0.152986621463432,97.3,186400.0,0.1505810476154567,112.0,76925.0,0.1487124199993086,129.2,232400.0,0.1466315066572837,354.7,317225.0,0.144539107634758,169.35,292575.0,0.1425945270372996,151.35,160950.0,0.141801953583295,128.7,181825.0,0.1405196144227291,107.8,106075.0,0.1386705833291468,88.6,176200.0,0.1375693445854798,72.5,56025.0,0.137046952240414,59.1,107000.0,0.1361383891221873,47.3,87550.0,0.1351729985875283,37.3,145975.0,0.1360641132202376,30.25,56825.0,0.003949540958173,-0.004036979619984,0.007986520578157,-4.3719330905522824e-05,0.1465877873263781,0.0082996901803004,-0.0061118922345545,0.0144115824148549,0.0010938989728729,0.1477254056301566,0.0132224036882195,-0.0090621620718038,0.0222845657600234,0.0020801208082078,0.1487116274654915,0.018387800552819,-0.0104931175350963,0.0288809180879154,0.0039473415088613,0.150578848166145,0.0234938064771837,-0.010567393437046,0.0340611999142297,0.0064632065200688,0.1530947131773525,0.1445180697240386,-0.0151826456197579,0.0045116919031255,0.0002326753279966,0.6502788568138971,middle,5,0.02532675381757156,252,q_only,0920_open,500,289.95,392.90000000000146,-102.95000000000147,210.05
2024-05-31,22594.55,22599.7,0.0011115886135551,0.0056455311871902,0.0017017896738372,-4.5557415904535485,-4.7497621107267545,-4.6971825918300985,-0.0065705261912227,754.6,720.55,685.95,652.0,617.15,588.35,553.15,521.95,493.6,465.8,437.55,411.55,385.8,360.55,337.35,314.8,293.65,273.35,254.45,236.65,220.15,219.15,232.6,247.85,263.25,279.9,297.0,315.95,335.65,355.25,376.1,399.0,421.05,445.8,472.35,497.8,525.25,555.1,584.3,614.05,648.2,684.2,2024-06-06,0.1718916926448785,0.4145982303928449,4.986666666666666,22849.05,0.3541848193830348,22638.589670569098,22600,0.0171423135464231,0.125446886281393,-2.075872826873169,4.986666666666666,-5.176890987102428,0.0011115886135551,2024,-0.06041341100981,0.003401454658687,0.0021504498580581,0.4454486282641447,-0.0012510048006288,1.581740976633867,-0.0912638088811099,-5.683552098067497,-6.142078222423326,-4.066205395550156,0.0012692887320315,0.5902433517690836,0.0820741973416957,0.0008811611260265,0.458526124355834,0,1,0,2450.0,175.0,2350.0,300.0,4600.0,3225.0,34100.0,17525.0,112100.0,82775.0,244550.0,106775.0,134325.0,28550.0,46400.0,17175.0,34425.0,18425.0,288225.0,30650.0,44600.0,22125.0,7075.0,42900.0,9000.0,28350.0,21625.0,77800.0,26025.0,138475.0,76850.0,260800.0,83750.0,93250.0,23225.0,21825.0,9250.0,7150.0,2425.0,37225.0,1225.0,8950.0,0.3739564409058079,219.15,22125.0,0.3711595338123654,232.6,7075.0,0.3693647496077263,247.85,42900.0,0.3669889658666163,263.25,9000.0,0.3650264649404755,279.9,28350.0,0.3627303761277655,297.0,21625.0,0.3613161586646514,315.95,77800.0,0.3597862840149564,335.65,26025.0,0.3574018939722253,355.25,138475.0,0.3553153911037721,376.1,76850.0,0.3541848193830348,836.55,505350.0,0.3531438279347462,411.55,106775.0,0.3515105437985176,385.8,134325.0,0.3494890408421427,360.55,28550.0,0.3483914212370766,337.35,46400.0,0.347027698105977,314.8,17175.0,0.3460439019543894,293.65,34425.0,0.3449724456268883,273.35,18425.0,0.3443078328301238,254.45,288225.0,0.3438071717110754,236.65,30650.0,0.3436789534670016,220.15,44600.0,0.0032170745891905,-0.0026742755845172,0.0058913501737077,0.0002713995023366,0.3544562188853715,0.0071313392816165,-0.0057933981459581,0.0129247374275747,0.0006689705678292,0.354853789950864,0.0108416455574407,-0.0081409174286454,0.0189825629860861,0.0013503640643976,0.3555351834474324,0.0151799302246914,-0.009876986552911,0.0250569167776025,0.0026514718358902,0.356836291218925,0.0197716215227731,-0.0105058659160331,0.0302774874388063,0.0046328778033699,0.3588176971864047,0.3530532110018481,-0.0322280355591704,0.0137606846038424,0.00029006412276,0.48453560515260663,high,5,0.0256911710001246,252,q_only,0920_open,500,397.25,249.04999999999927,148.20000000000073,102.75
2024-07-19,24742.25,24738.55,-0.0045064644969787,0.2043526039627735,0.0046459465842839,-4.45483173146555,-4.917932269852959,-4.8582948294217685,0.0072194876398807,590.2,540.05,503.4,462.0,425.7,388.0,355.3,320.95,288.95,259.65,231.6,205.0,180.75,158.45,137.65,118.25,101.4,85.95,72.6,60.75,50.3,71.2,79.05,88.95,101.15,113.4,127.25,142.75,159.55,177.75,198.15,219.45,243.8,269.0,296.55,325.2,356.25,386.7,422.95,457.4,494.9,536.65,2024-07-25,0.0215063343769932,0.1466503814416903,4.986666666666666,24415.0,0.1745515936727052,24762.16250317547,24750,0.0171423135464231,0.0304682588536811,-3.4910698305879926,4.986666666666666,-1.5879083263920466,0.0045064644969787,2024,0.0279012122310148,0.0004255750823807,0.0005222964464833,0.1575626871000311,9.67213641026711e-05,0.8148151978557482,0.016988906572674,-7.762069168688585,-7.557275226138152,-4.066205395550156,0.000350953613561,0.6719433301222655,0.0314679002720605,0.0001713428329223,-0.2047939425503018,1,0,0,1050.0,7450.0,3550.0,15850.0,5075.0,57775.0,23250.0,93175.0,51850.0,185675.0,239775.0,388000.0,139200.0,181350.0,109725.0,307450.0,81150.0,264700.0,63200.0,149700.0,88425.0,46175.0,101300.0,43575.0,132200.0,83450.0,272900.0,66775.0,235500.0,126550.0,474175.0,430600.0,513375.0,102075.0,112150.0,29625.0,71975.0,17425.0,13925.0,6525.0,8775.0,5850.0,0.1933649873650915,71.2,46175.0,0.1901114981762323,79.05,101300.0,0.188009875973573,88.95,43575.0,0.1870377461716658,101.15,132200.0,0.1849528678925481,113.4,83450.0,0.1831494935216585,127.25,272900.0,0.181565413148278,142.75,66775.0,0.1798317881130347,159.55,235500.0,0.177977126637015,177.75,126550.0,0.1765733101423114,198.15,474175.0,0.1745515936727052,451.0499999999999,670375.0,0.1727650049643253,205.0,388000.0,0.1714144379135477,180.75,139200.0,0.1701788368524892,158.45,181350.0,0.1686963504793051,137.65,109725.0,0.166867978177351,118.25,307450.0,0.1656863543949505,101.4,81150.0,0.1642131432851483,85.95,264700.0,0.1631524483030965,72.6,63200.0,0.1620309355230697,60.75,149700.0,0.1608202216950164,50.3,88425.0,0.0034255329643098,-0.0031371557591574,0.0065626887234672,0.0001441886025761,0.1746957822752813,0.0070138194755728,-0.0058552431934,0.0128690626689728,0.0005792881410863,0.1751308818137915,0.0104012742198429,-0.0088652392777547,0.0192665134975976,0.0007680174710441,0.1753196111437493,0.0134582823008678,-0.0113991453696086,0.0248574276704764,0.0010295684656295,0.1755811621383348,0.0188133936923863,-0.0137313719776887,0.0325447656700751,0.0025410108573487,0.177092604530054,0.1742978511264812,-0.0181987682110515,0.0020691842356799,0.0001640185127059,0.6620014347728513,high,5,0.025136393505020938,252,q_only,0920_open,500,329.54999999999995,335.0,-5.4500000000000455,170.45000000000005
2024-08-05,24301.3,24284.55,-6.376448875163654e-05,0.0493701344605811,0.0026027414171258,-3.784906660136168,-4.670096934790903,-4.709722372034726,-0.012334819893272,541.05,520.4,455.85,411.85,371.15,332.95,294.1,259.6,228.4,198.1,167.8,142.25,121.1,101.25,81.95,67.65,55.95,46.75,38.15,32.15,27.1,36.1,41.5,47.55,56.15,64.45,75.7,89.45,105.0,121.95,141.65,165.15,190.55,216.05,245.2,280.4,315.75,349.45,390.3,435.0,477.9,523.0,2024-08-08,0.0345661331818659,0.1859196955189684,3.986666666666667,24098.7,0.1818776560985806,24302.651419158406,24300,0.0089231354642313,0.0330794817879135,-3.408842074369134,3.986666666666667,-3.008409603186997,6.376448875163654e-05,2024,-0.0040420394203878,0.0005468398847289,0.0002951726970801,0.247554798229722,-0.0002516671876488,1.8526099809988543,-0.0656771421311414,-7.511354513695272,-8.127949959081354,-4.719107884712219,0.0002025195704287,0.6861053628335262,0.0312257067104581,9.26531266514151e-05,0.6165954453860015,0,1,0,2725.0,25.0,5575.0,2050.0,40800.0,3000.0,27200.0,14475.0,93350.0,107750.0,570950.0,235725.0,323675.0,133600.0,437950.0,230175.0,361525.0,168425.0,399650.0,184475.0,425700.0,223725.0,59025.0,306450.0,94425.0,838875.0,103150.0,406925.0,175225.0,709125.0,294175.0,1124900.0,335975.0,359600.0,92175.0,297150.0,63850.0,152800.0,47500.0,138350.0,62550.0,119200.0,0.2105079642066796,36.1,223725.0,0.2058459494347867,41.5,59025.0,0.2008446035270421,47.55,306450.0,0.1982243123751699,56.15,94425.0,0.1933058072599272,64.45,838875.0,0.190547166326673,75.7,103150.0,0.1887970660284784,89.45,406925.0,0.1868965012588796,105.0,175225.0,0.1842496781243905,121.95,709125.0,0.1822502161055821,141.65,294175.0,0.1818776560985806,332.95000000000005,1695850.0,0.1799007917195496,142.25,235725.0,0.1801280243139615,121.1,323675.0,0.1791747220137884,101.25,133600.0,0.1760567805428791,81.95,437950.0,0.1762589197759918,67.65,230175.0,0.1773205515642301,55.95,361525.0,0.1795876013674846,46.75,168425.0,0.1805127517166666,38.15,399650.0,0.1837577453319946,32.15,184475.0,0.1870229045191287,27.1,425700.0,0.0023720220258099,-0.001749631784619,0.0041216538104289,0.0003111951205954,0.182188851219176,0.0069194099298978,-0.0058208755557014,0.0127402854855993,0.0005492671870981,0.1824269232856787,0.0114281511613466,-0.0045571045343504,0.015985255695697,0.003435523313498,0.1853131794120786,0.0189669474284615,-0.0013649043819139,0.0203318518103755,0.0088010215232738,0.1906786776218544,0.028630308108099,0.0051452484205481,0.0234850596875509,0.0168877782643235,0.1987654343629041,0.1814267583578408,-0.0114412189194346,0.0065152295739116,0.0006907516184818,0.6941366897164956,high,4,0.025017018956177278,252,q_only,0920_open,500,269.75,201.29999999999927,68.45000000000073,230.25
2024-10-04,25168.55,25169.05,-0.0006276472162197,0.3955206632257311,0.0049149105480848,-3.3112539178343745,-4.745329850926458,-4.962016241430479,-0.0214011893575345,648.95,596.15,555.0,511.1,471.6,432.6,390.25,351.85,316.05,281.85,246.4,217.1,188.1,160.8,136.65,113.45,95.6,79.45,65.3,53.4,43.0,53.0,58.9,64.95,73.0,80.9,88.45,100.4,112.85,124.85,139.1,156.1,175.3,195.7,219.2,244.1,273.55,305.55,338.9,375.15,412.65,453.05,2024-10-10,0.0179620336047711,0.1340225115597046,4.986666666666666,25007.55,0.1505970015816514,25240.392924835003,25150,0.0171423135464231,0.0226794568853839,-3.786295747261877,4.986666666666666,-0.92755224730928,0.0006276472162197,2024,0.0165744900219467,0.0003554391835018,0.0003887783609918,0.1439951730479361,3.333917749001543e-05,0.9142463140053322,0.0066018285337152,-7.942156396486965,-7.852501142812034,-4.066205395550156,0.0002683983633777,0.6903634314755196,0.0254687966101313,0.000120379997614,-0.0896552536748956,1,0,0,0.0,675.0,975.0,4950.0,50.0,8550.0,5100.0,68575.0,15225.0,67800.0,170300.0,339050.0,229150.0,267000.0,119800.0,183575.0,107950.0,397700.0,79275.0,244900.0,76875.0,72325.0,209725.0,102200.0,230375.0,117750.0,228000.0,170650.0,878950.0,245800.0,513800.0,619725.0,989850.0,322975.0,370350.0,84025.0,154400.0,24175.0,86650.0,13325.0,67200.0,4675.0,0.1856085192346382,53.0,72325.0,0.1821217863223147,58.9,209725.0,0.1780226632507476,64.95,102200.0,0.175231294392574,73.0,230375.0,0.1713499162601381,80.9,117750.0,0.1662585954989889,88.45,228000.0,0.1642226674736557,100.4,170650.0,0.1614361083844119,112.85,878950.0,0.1571148874935793,124.85,245800.0,0.1534305061829319,139.1,513800.0,0.1505970015816514,402.5,790025.0,0.1480381792479101,175.3,989850.0,0.1464108663830014,188.1,229150.0,0.1434007622827507,160.8,267000.0,0.1411504492030948,136.65,119800.0,0.1378919304425272,113.45,183575.0,0.1371631119799206,95.6,107950.0,0.1361340885089599,79.45,397700.0,0.1351107337617605,65.3,79275.0,0.1344616628816333,53.4,244900.0,0.1335824311406462,43.0,76875.0,0.0065178859119279,-0.0041861351986499,0.0107040211105779,0.0011658753566389,0.1517628769382903,0.0136256658920043,-0.0094465523785565,0.0230722182705609,0.0020895567567238,0.1526865583383753,0.0207529146784867,-0.0134338896017307,0.0341868042802175,0.0036595125383779,0.1542565141200294,0.0274256616690962,-0.0154862678198908,0.0429119294889871,0.0059696969246026,0.1565666985062541,0.0350115176529868,-0.0170145704410052,0.052026088093992,0.0089984736059908,0.1595954751876422,0.1461886104877927,-0.0256059994921196,0.0074216549683896,0.0006071868103238,0.6951708212177755,middle,5,0.02493722331332684,252,q_only,0920_open,500,306.5,142.45000000000073,164.04999999999927,193.5
2024-11-04,24115.1,24118.65,-0.0082798680786599,0.5293790906878897,0.0083930977115997,-5.099088675727847,-4.528650587047274,-4.483179759488811,-0.004601891682971,590.6,559.4,503.6,479.95,432.8,392.65,355.0,319.7,293.65,258.0,228.5,201.25,179.5,154.75,131.3,110.95,96.05,78.35,64.5,52.45,43.9,52.2,60.9,70.55,80.8,91.9,105.7,120.75,136.65,153.0,173.55,195.65,218.05,240.05,266.7,297.0,329.05,355.65,391.1,429.9,467.3,503.6,2024-11-07,0.0129901031783621,0.11397413381273,3.986666666666667,24194.6,0.2330330929514814,24132.86759220891,24100,0.0089231354642313,0.0543044224105337,-2.9131496113340685,3.986666666666667,-0.6360504862141472,0.0082798680786599,2024,0.1190589591387513,0.0002055048068957,0.000484565717476,0.1517582288453087,0.0002790609105802,0.4241010031956026,0.0812748641061726,-8.490041133081208,-7.632257496046289,-4.719107884712219,0.0003177043046057,0.6556475069277053,0.0443413889244748,0.0001668614128702,-0.8577836370352523,1,0,1,700.0,0.0,7400.0,600.0,5775.0,17100.0,10125.0,10800.0,86550.0,56550.0,320425.0,293175.0,426300.0,153125.0,385225.0,158325.0,329625.0,100425.0,543825.0,84975.0,223400.0,144700.0,55850.0,140575.0,132250.0,288075.0,110375.0,280175.0,91150.0,482775.0,149225.0,695050.0,424125.0,524600.0,141850.0,278050.0,88900.0,116175.0,23250.0,69925.0,2675.0,10125.0,0.2503359103025532,52.2,144700.0,0.2492651206891673,60.9,55850.0,0.2478967729610552,70.55,140575.0,0.2456599395305319,80.8,132250.0,0.2429010982981387,91.9,288075.0,0.2419078785288928,105.7,110375.0,0.2405699739151792,120.75,280175.0,0.2383610808861017,136.65,91150.0,0.2348077383512665,153.0,482775.0,0.2340766631089235,173.55,149225.0,0.2330330929514814,424.15,1015475.0,0.2306260895591385,201.25,293175.0,0.2322061020356975,179.5,426300.0,0.2283548859827577,154.75,153125.0,0.2237003075711179,131.3,385225.0,0.220261378098478,110.95,158325.0,0.2211352542488581,96.05,329625.0,0.2161104146339611,78.35,100425.0,0.2135896975045676,64.5,543825.0,0.2110957802576725,52.45,84975.0,0.2117597284677393,43.9,223400.0,0.0017746453997851,-0.0008269909157838,0.0026016363155689,0.0004738272420006,0.233506920193482,0.0075368809636978,-0.0093327853803634,0.0168696663440613,-0.0008979522083327,0.2321351407431486,0.0098680053466573,-0.0118978387026232,0.0217658440492806,-0.0010149166779829,0.2320181762734984,0.0148636800095738,-0.0194433954469137,0.0343070754564875,-0.0022898577186699,0.2307432352328114,0.0173028173510718,-0.021273364483742,0.0385761818348138,-0.0019852735663351,0.2310478193851462,0.2317909404933275,-0.0207600956644849,-0.0050447934791323,0.0013535437968081,0.6492878421971884,high,4,0.0275595185786064,252,q_only,0920_open,500,328.05,94.59999999999854,233.45000000000147,171.95
2024-11-08,24085.9,24074.05,-0.0050088353247761,0.230691788864197,0.0060990201995773,-4.943718673282268,-4.512102986054907,-4.587981259090507,-0.0122946391910519,605.05,543.5,521.0,465.5,426.0,384.0,349.5,306.55,277.25,242.9,213.6,182.3,156.65,134.2,112.75,93.0,77.95,62.65,51.2,40.2,32.55,38.0,44.55,51.0,60.5,68.3,80.3,91.6,107.5,121.25,139.45,160.7,183.15,206.1,231.1,261.7,294.5,326.2,360.0,393.5,439.8,473.95,2024-11-14,0.0156532257414509,0.125112852023487,4.986666666666666,23559.6,0.1477133740887925,24152.95443769404,24100,0.0171423135464231,0.0218192408846955,-3.824963089068023,4.986666666666666,-1.466672706702008,0.0050088353247761,2024,0.0226005220653055,0.0003097516628202,0.0003740322685903,0.1344225426608065,6.428060577013918e-05,0.8281415504272037,0.0132908314279859,-8.07973966920391,-7.891168484618183,-4.066205395550156,0.0002591344623607,0.692813118336974,0.0247635619007639,0.0001148978062296,-0.1885711845856472,1,0,0,50.0,1175.0,4275.0,1525.0,500.0,18975.0,8625.0,19175.0,26650.0,156775.0,120050.0,533725.0,196675.0,532025.0,162875.0,461000.0,107050.0,210750.0,135300.0,414700.0,263525.0,80650.0,211400.0,182175.0,235125.0,138550.0,334975.0,268375.0,462700.0,331500.0,859850.0,519250.0,1183500.0,464650.0,687475.0,142025.0,283000.0,39625.0,59925.0,24250.0,49075.0,4200.0,0.1659218168917646,38.0,80650.0,0.1642460773904916,44.55,211400.0,0.161271980971752,51.0,182175.0,0.1606426885934916,60.5,235125.0,0.15685731135062,68.3,138550.0,0.1560885654503588,80.3,334975.0,0.1532197321094587,91.6,268375.0,0.1530655684839286,107.5,462700.0,0.1495251906416854,121.25,331500.0,0.1482025642888947,139.45,859850.0,0.1477133740887925,374.2999999999999,639300.0,0.1465035634354728,183.15,1183500.0,0.1420289591089838,156.65,196675.0,0.1413523956256511,134.2,532025.0,0.1396727160970141,112.75,162875.0,0.1375019868323927,93.0,461000.0,0.1375601013526024,77.95,107050.0,0.1354624784597461,62.65,210750.0,0.1352345753599501,51.2,135300.0,0.1335107202048625,40.2,414700.0,0.1338983075407361,32.55,263525.0,0.0018118165528929,-0.0056844149798086,0.0074962315327016,-0.0019362992134578,0.1457770748753346,0.0055063580206662,-0.0080406579917783,0.0135470160124445,-0.001267149985556,0.1464462241032365,0.0091439372618274,-0.01015327273619,0.0192972099980175,-0.0005046677371812,0.1472087063516112,0.0135586068829594,-0.0124787987288423,0.0260374056118018,0.0005399040770585,0.148253278165851,0.0182084428029721,-0.0138150665480563,0.0320235093510285,0.0021966881274579,0.1499100622162504,0.1450025356912822,-0.0161016285016342,7.820718814402395e-05,0.0008286820595789,0.6803347251469396,middle,5,0.025520258717142242,252,q_only,0920_open,500,303.74999999999994,500.0,-196.25000000000006,196.25000000000006
2024-11-21,23373.0,23388.95,-0.0049721923289913,0.1857910062888495,0.0072113456231549,-4.4288049751955105,-4.200599185958349,-4.382656234463753,0.0001448843058741,437.6,393.85,344.9,295.1,250.4,213.05,171.7,135.9,107.7,87.1,66.1,48.65,36.65,28.85,20.9,15.5,11.5,8.4,5.65,3.85,2.6,5.2,7.05,10.2,14.0,19.25,26.3,38.3,54.8,76.1,103.35,131.95,169.0,205.55,242.05,288.25,334.45,380.7,422.3,474.95,519.85,568.8,2024-11-21,0.0099859422357489,0.0999296864587744,0.9866666666666668,23346.75,0.3866842524203999,23284.147218605645,23350,0.0007039573820395,0.1495247110699235,-1.9002936083729047,0.9866666666666668,-1.6831328591084769,0.0049721923289913,2024,0.2867545659616255,3.909839817171527e-05,0.0001052590241549,0.2356710836592464,6.61606259832807e-05,0.3714493696439947,0.1510131687611534,-10.149429059287456,-9.159086348887278,-7.258792740514372,7.024160524091496e-05,0.667321455854301,0.0708028698139299,3.501741891408103e-05,-0.990342710399267,1,0,1,450.0,375.0,15025.0,10925.0,19725.0,33275.0,136600.0,225575.0,851250.0,1728625.0,2641250.0,1726625.0,2451475.0,1121400.0,1725675.0,861250.0,1613250.0,1139225.0,1651275.0,936800.0,1902100.0,1244225.0,948150.0,2346575.0,811950.0,1687950.0,1114200.0,1993925.0,1302800.0,2369300.0,2108975.0,2371125.0,798250.0,829650.0,122275.0,226525.0,44900.0,63825.0,13500.0,24400.0,2000.0,3850.0,0.4262195897902717,5.2,1244225.0,0.4121787830882356,7.05,948150.0,0.4043472463782998,10.2,2346575.0,0.3915915986306035,14.0,811950.0,0.3792006378945791,19.25,1687950.0,0.3663515616387258,26.3,1114200.0,0.3658251253222154,38.3,1993925.0,0.3688270895202781,54.8,1302800.0,0.3742618958444089,76.1,2369300.0,0.3845979286324664,87.1,1728625.0,0.3866842524203999,198.05,5012375.0,0.3870200987663386,48.65,1726625.0,0.3964947483317443,36.65,2451475.0,0.4145021594261032,28.85,1121400.0,0.4195101574475068,20.9,1725675.0,0.4292129687297143,15.5,861250.0,0.439404840803182,11.5,1613250.0,0.4481866722631776,8.4,1139225.0,0.4497201957532682,5.65,1651275.0,0.453859132944278,3.85,936800.0,0.4582158487203723,2.6,1902100.0,-0.012422356575991,0.0098104959113444,-0.0222328524873354,-0.0013059303323232,0.3853783220880766,-0.0208591270981844,0.0328259050271069,-0.0536850321252913,0.0059833889644612,0.3926676413848611,-0.0074836145258208,0.052720588382782,-0.0602042029086029,0.0226184869284806,0.4093027393488805,0.0176629939578999,0.0630359433328683,-0.0453729493749684,0.0403494686453841,0.4270337210657841,0.0395353373698718,0.0715315962999724,-0.0319962589301005,0.0555334668349221,0.442217719255322,0.3776590943216439,0.0203774451507718,0.0146461801311748,0.0041433076903721,0.638818106773962,high,1,0.02645295803748464,252,q_only,0920_open,500,190.25,3.25,187.0,309.75
2024-11-22,23420.25,23424.6,0.0003779097060989,0.0141570010955006,0.0029163130730884,-4.4421192624150025,-4.3241924946279315,-4.354790184731423,-0.0052098303373705,573.5,533.65,493.2,450.5,409.85,372.25,330.75,295.4,262.0,230.65,198.95,170.4,146.2,123.2,101.95,83.95,68.85,55.5,43.9,35.2,27.55,40.7,47.0,54.4,63.0,72.35,83.3,95.15,109.95,125.35,143.6,162.85,186.4,209.05,236.45,266.0,299.4,330.5,365.95,406.6,440.5,493.4,2024-11-28,0.0302755635217429,0.1739987457476145,4.986666666666666,23957.45,0.147575442723864,23436.13714935264,23400,0.0171423135464231,0.0217785112951444,-3.8268315157351633,4.986666666666666,-4.257546000187519,0.0003779097060989,2024,-0.0264233030237505,0.0005991037437635,0.0003733340691956,0.1869460526628771,-0.0002257696745679,1.6047390077586798,-0.0393706099390131,-7.420075779914468,-7.893036911285322,-4.066205395550156,0.0002586950143833,0.6929317084312313,0.0247299257570927,0.0001146390548123,0.472961131370926,0,1,0,900.0,200.0,13500.0,1375.0,11350.0,8000.0,47225.0,28275.0,253250.0,225775.0,833650.0,417850.0,672175.0,148425.0,326250.0,164450.0,235800.0,97775.0,276050.0,134600.0,219500.0,68175.0,50150.0,209550.0,56050.0,193000.0,78675.0,249975.0,95300.0,292275.0,175600.0,531100.0,180775.0,242925.0,28600.0,40750.0,7475.0,16225.0,7325.0,9175.0,250.0,4425.0,0.171322901495968,40.7,68175.0,0.1687814395614459,47.0,50150.0,0.1664528373819789,54.4,209550.0,0.1642732732492212,63.0,56050.0,0.1616157993746244,72.35,193000.0,0.1592677542107324,83.3,78675.0,0.156399431047135,95.15,249975.0,0.1547727311268232,109.95,95300.0,0.152110479065175,125.35,292275.0,0.1502698552364223,143.6,175600.0,0.147575442723864,361.7999999999999,1364750.0,0.1448942996276102,170.4,417850.0,0.143944660397132,146.2,672175.0,0.1421040539935793,123.2,148425.0,0.1397668759225009,101.95,326250.0,0.1382418281265287,83.95,164450.0,0.1373740540188184,68.85,235800.0,0.1361937010384461,55.5,97775.0,0.1347592146957704,43.9,276050.0,0.1347052952108844,35.2,134600.0,0.1340574440875507,27.55,219500.0,0.0045350363413109,-0.003630782326732,0.008165818668043,0.0004521270072894,0.1480275697311535,0.008823988323271,-0.0078085668013631,0.0166325551246341,0.0005077107609539,0.1480831534848179,0.0140403566507603,-0.0102013887050456,0.024241745355806,0.0019194839728573,0.1494949266967213,0.0188773946581149,-0.0128162280280935,0.0316936226862084,0.0030305833150106,0.1506060260388746,0.023747458772104,-0.0135179986363132,0.0372654574084173,0.0051147300678953,0.1526901727917594,0.1462033836894619,-0.0181129474818136,0.0036751100659278,0.0003587801600752,0.6878667546507442,middle,5,0.0261763179022042,252,q_only,0920_open,500,293.54999999999995,500.0,-206.45000000000005,206.45000000000005
2024-11-29,23969.55,23988.05,0.0020249181906442,0.0512209295490326,0.002603319237324,-3.7196444466297303,-3.9336787937578577,-4.257003809021046,-0.0132644767024008,568.55,522.3,480.0,436.7,400.0,360.7,324.15,289.35,257.85,227.15,198.15,171.85,147.9,125.6,106.35,89.25,74.75,60.95,49.4,40.3,32.6,41.5,48.85,56.65,66.3,76.7,89.5,102.8,118.85,136.25,156.2,176.9,200.75,226.75,255.8,285.05,320.2,353.4,392.1,428.35,469.15,510.45,2024-12-05,0.0163054513494454,0.1276928006954404,4.986666666666666,24701.55,0.1498391636445083,23971.27186769373,23950,0.0171423135464231,0.0224517749616857,-3.7963856050378535,4.986666666666666,-2.9716070502100176,0.0020249181906442,2024,0.0221463629490679,0.0003226581378144,0.0003848753660669,0.1371944662067045,6.22172282525256e-05,0.8383444778803975,0.0126446974378038,-8.038917192098468,-7.8625910005880115,-4.066205395550156,0.000265949577045,0.6910018164135433,0.0252830827803733,0.0001189257890218,-0.1763261915104011,1,0,0,6000.0,375.0,19575.0,75.0,9825.0,9975.0,65075.0,44025.0,331025.0,400850.0,1066225.0,247050.0,419575.0,178925.0,445475.0,239250.0,513050.0,108600.0,322650.0,160950.0,425025.0,247950.0,168250.0,234700.0,71725.0,249975.0,95850.0,459575.0,126325.0,446025.0,329175.0,753100.0,210300.0,144450.0,47250.0,137225.0,14175.0,47500.0,7375.0,16000.0,2325.0,16200.0,0.1653919324789478,41.5,247950.0,0.1639948932108859,48.85,168250.0,0.1618551729668461,56.65,234700.0,0.1604917709323496,66.3,71725.0,0.1585346422724532,76.7,249975.0,0.1575149156288898,89.5,95850.0,0.1554829441422459,102.8,459575.0,0.154389158127809,118.85,126325.0,0.1528777476069449,136.25,446025.0,0.1518720791847082,156.2,329175.0,0.1498391636445083,375.05,1819325.0,0.148495240223289,171.85,247050.0,0.1473160872290208,147.9,419575.0,0.145712323873455,125.6,178925.0,0.1448476582535986,106.35,445475.0,0.1440372336642739,89.25,239250.0,0.1437930483056753,74.75,513050.0,0.1423800866697344,60.95,108600.0,0.1413705762651861,49.4,322650.0,0.1413034295168225,40.3,160950.0,0.1412454222198525,32.6,425025.0,0.0030385839624365,-0.0025230764154875,0.0055616603779241,0.0002577537734745,0.1500969174179828,0.0056437804977376,-0.0049915053909097,0.0106352858886473,0.0003261375534139,0.1501653011979222,0.0086954786279449,-0.0060461153388329,0.0147415939667778,0.001324681644556,0.1511638452890643,0.0120160093223377,-0.0084685873793221,0.0204845967016599,0.0017737109715078,0.1516128746160161,0.0155527688344395,-0.0085937414246557,0.0241465102590953,0.0034795137048918,0.1533186773494002,0.1493651748653602,-0.0120769290401926,0.0026875449998185,0.0003490785803402,0.6994322239408172,middle,5,0.02521587023243938,252,q_only,0920_open,500,300.95,500.0,-199.05,199.05
2024-12-06,24689.05,24698.0,-0.0016208077747914,0.0564511537668296,0.0023512764261889,-3.3605753604356865,-4.278564558260841,-4.200166075205947,0.0097634976848372,575.45,535.45,497.95,458.4,423.65,389.15,355.5,321.15,292.7,261.25,236.35,209.65,186.1,162.75,144.0,123.1,107.05,90.55,78.05,65.7,55.15,78.75,88.4,99.8,112.75,125.85,141.5,156.95,175.7,194.7,216.9,238.5,262.75,288.7,317.35,346.1,376.6,410.2,444.85,479.7,508.05,557.45,2024-12-12,0.0057049108413028,0.0755308601917315,4.986666666666666,24539.5,0.1842290085577959,24697.847787503928,24700,0.0171423135464231,0.0339403275941884,-3.3831513670662323,4.986666666666666,-2.8743795498561022,0.0016208077747914,2024,0.1086981483660643,0.0001128908282882,0.0005818157374878,0.0811511376499065,0.0004689249091996,0.194031926285877,0.1030778709078893,-9.089089327591203,-7.449356762616389,-4.066205395550156,0.0003871013923233,0.6653333132492312,0.0339571528728218,0.0001947143451645,-1.6397325649747785,1,0,1,5975.0,650.0,8675.0,6350.0,17675.0,13125.0,58750.0,20950.0,106225.0,136450.0,599300.0,204775.0,392425.0,118550.0,231850.0,83325.0,436625.0,93975.0,134225.0,62000.0,159775.0,116850.0,64250.0,194550.0,80900.0,166550.0,110575.0,275025.0,122550.0,275850.0,274950.0,621175.0,163450.0,109225.0,28075.0,27000.0,9950.0,26450.0,3500.0,2500.0,50.0,1450.0,0.1987298779491073,78.75,116850.0,0.1967425393237775,88.4,64250.0,0.1954422527973494,99.8,194550.0,0.1944773191647166,112.75,80900.0,0.1925137175384703,125.85,166550.0,0.1916272377181003,141.5,110575.0,0.1893985434911988,156.95,275025.0,0.1886815812396862,175.7,122550.0,0.1869314356836728,194.7,275850.0,0.1864499866157047,216.9,274950.0,0.1842290085577959,474.85,1220475.0,0.1819935020246211,209.65,204775.0,0.1808843596300183,186.1,392425.0,0.1785699411850353,162.75,118550.0,0.178575225608626,144.0,231850.0,0.1753909726950686,123.1,83325.0,0.1748663943288059,107.05,436625.0,0.1724645826665672,90.55,93975.0,0.1723300517036309,78.05,134225.0,0.1708986122354148,65.7,62000.0,0.1698611360268486,55.15,159775.0,0.0027024271258768,-0.0033446489277775,0.0060470760536544,-0.0003211109009503,0.1839078976568455,0.0051695349334029,-0.0056537829491698,0.0108233178825727,-0.0002421240078834,0.1839868845499124,0.0082847089806744,-0.0093626142289899,0.0176473232096644,-0.0005389526241577,0.1836900559336381,0.0112132442395535,-0.0118989568541649,0.0231122010937184,-0.0003428563073057,0.1838861522504901,0.0145008693913114,-0.0143678725309472,0.0288687419222587,6.649843018211032e-05,0.184295506987978,0.1841162673468452,-0.0181442343055504,-0.0022058843369458,0.0005229431482982,0.6641166319506274,middle,5,0.02489732549190162,252,q_only,0920_open,500,340.95000000000005,160.5,180.45000000000005,159.04999999999995
2024-12-17,24597.35,24592.75,0.0005509699511941,0.0047538927592556,0.0016445337353414,-4.866128162652871,-4.985864420299138,-4.428411408357917,-0.005383432433858,525.55,481.15,438.5,399.65,358.35,317.8,282.1,248.8,217.35,188.15,162.8,138.45,117.6,98.5,81.95,67.2,55.15,44.3,35.45,28.0,21.75,22.3,27.85,35.0,43.45,53.1,65.7,79.4,95.65,114.65,135.85,158.8,186.0,213.9,244.8,279.15,314.0,348.5,391.35,431.9,473.65,518.4,2024-12-19,0.0202302768496427,0.1422331777386792,2.986666666666667,23961.95,0.2084184437186306,24604.00148429359,24600,0.006183409436834,0.043438247682096,-3.136414942980033,2.986666666666667,-5.348791468301172,0.0005509699511941,2024,0.0661852659799514,0.0002397662441439,0.000268596470637,0.1969155523193735,2.883022649309154e-05,0.8926634202425758,0.011502891399257,-8.335846091985372,-8.222300413808803,-5.08588547082877,0.0001826330055208,0.6799531099111962,0.0365581178707666,8.596346511620216e-05,-0.1135456781766056,1,0,0,550.0,325.0,7825.0,2500.0,23250.0,19925.0,50425.0,41200.0,256000.0,269275.0,914525.0,284500.0,544975.0,281925.0,492225.0,217650.0,313975.0,228150.0,687850.0,216250.0,477450.0,335925.0,180625.0,335125.0,154150.0,357675.0,191850.0,379675.0,301925.0,648275.0,551925.0,976175.0,301625.0,282050.0,72650.0,81225.0,15400.0,12875.0,3350.0,11150.0,850.0,1300.0,0.2159291586595741,22.3,335925.0,0.2142145985822563,27.85,180625.0,0.2134469040582251,35.0,335125.0,0.2124234430508541,43.45,154150.0,0.2107316432262489,53.1,357675.0,0.2110237415637044,65.7,191850.0,0.2098879920677897,79.4,379675.0,0.2093946645505793,95.65,301925.0,0.2095410064185607,114.65,648275.0,0.2094273553356775,135.85,551925.0,0.2084184437186306,321.6,1890700.0,0.20768999413792,138.45,284500.0,0.2083329453973312,117.6,544975.0,0.2081337543225053,98.5,281925.0,0.2082848594150885,81.95,492225.0,0.2078776118563857,67.2,217650.0,0.20853675684469,55.15,313975.0,0.2081027741528691,44.3,228150.0,0.2082220263009863,35.45,687850.0,0.2081340319329453,28.0,216250.0,0.2076949905998043,21.75,477450.0,0.0011225626999301,-8.549832129939317e-05,0.0012080610212295,0.0005185321893153,0.2089369759079459,0.0014695483491591,-0.000133584303542,0.0016031326527011,0.0006679820228085,0.2090864257414391,0.0023131995076182,0.0001183131260594,0.0021948863815588,0.0012157563168389,0.2096342000354695,0.0050284603395945,-0.0001964174176442,0.0052248777572387,0.0024160214609751,0.2108344651796057,0.0075107149409435,-0.0007234531188262,0.0082341680597698,0.0033936309110586,0.2118120746296892,0.2085745009962856,-0.0018644160803241,0.0019737461032795,0.0003498429420924,0.6614974777480779,high,3,0.02645295803748464,252,q_only,0920_open,500,277.55,500.0,-222.45,222.45
2024-12-20,23925.5,23924.8,-0.0015620761408799,0.0596085779014404,0.0043029077239765,-3.332117267536717,-4.10971943116469,-4.393133953442601,-0.0104927311850199,580.75,538.3,511.65,469.75,430.8,395.75,358.0,320.1,292.0,259.45,230.75,207.2,180.45,157.6,138.25,119.95,103.35,90.8,77.1,66.5,57.65,43.25,50.15,58.6,67.4,78.85,90.1,105.0,121.0,138.55,156.9,179.25,200.15,228.0,257.5,285.45,318.25,355.9,384.25,423.5,465.7,504.0,2024-12-26,0.0148705759737348,0.1219449710883349,3.986666666666667,23760.3,0.1630405470172186,24001.55299699892,23950,0.0171423135464231,0.0265822199716738,-3.6275127088056687,3.986666666666667,-2.819955790746161,0.0015620761408799,2024,0.0410955759288836,0.0002352540855104,0.0004556807495144,0.1171477279348447,0.000220426664004,0.5162695280875845,0.0458928190823738,-8.3548444129741,-7.693718104355828,-4.066205395550156,0.0003100426996043,0.6803945524026201,0.0285548687481367,0.00014563804991,-0.6611263086182557,1,0,1,2575.0,25.0,6700.0,500.0,11675.0,8000.0,45900.0,15350.0,118225.0,88650.0,628200.0,375200.0,825325.0,160400.0,230475.0,107750.0,365100.0,120800.0,251725.0,90025.0,205875.0,192800.0,101250.0,293725.0,86900.0,165500.0,147425.0,252825.0,117675.0,349075.0,221075.0,737075.0,377025.0,539475.0,70125.0,62250.0,14900.0,54950.0,8475.0,11225.0,3200.0,9175.0,0.1739931053467367,43.25,192800.0,0.1721335547636488,50.15,101250.0,0.1709403311577819,58.6,293725.0,0.1688669067750674,67.4,86900.0,0.16828853230528,78.85,165500.0,0.1661288796735677,90.1,147425.0,0.1660107871698242,105.0,252825.0,0.1653638131655049,121.0,117675.0,0.1645569857823248,138.55,349075.0,0.162930134457844,156.9,221075.0,0.1630405470172186,410.0,1365275.0,0.1604419856863553,200.15,377025.0,0.1625163934367613,180.45,825325.0,0.1617568759507549,157.6,160400.0,0.1622897675081295,138.25,230475.0,0.1621628578370754,119.95,107750.0,0.1619458318128142,103.35,365100.0,0.1639025269468964,90.8,120800.0,0.1633400661820115,77.1,251725.0,0.1643893351121407,66.5,90025.0,0.165989588742918,57.65,205875.0,0.0015164387651062,-0.0005241535804572,0.0020405923455634,0.0004961425923245,0.1635366896095431,0.0029702401526056,-0.000750779509089,0.0037210196616946,0.0011097303217582,0.1641502773389768,0.0052479852880614,-0.0010947152044044,0.0063427004924658,0.0020766350418285,0.1651171820590471,0.0078997841405633,0.0002995191647929,0.0076002649757703,0.0040996516526781,0.1671401986698967,0.0109525583295181,0.0029490417256994,0.0080035166038187,0.0069508000276087,0.1699913470448273,0.1622359555928876,-0.0035646781728068,0.0072642277791805,0.0006524764498752,0.6738347858603544,middle,4,0.027255095985245482,252,q_only,0920_open,500,309.1,189.70000000000073,119.3999999999993,190.89999999999998
2024-12-27,23822.9,23827.5,0.0009091805023991,0.0153943427933403,0.0017378400876887,-4.7022613065323275,-4.175444399706673,-4.512686237353306,0.0012613010759201,551.05,506.35,466.45,424.3,383.65,346.0,310.95,276.55,244.2,213.75,185.7,158.7,135.35,114.0,94.8,77.2,62.5,50.35,39.85,31.5,24.7,38.55,45.6,53.85,63.0,73.6,86.0,99.25,115.45,132.8,152.4,173.6,197.85,223.9,251.9,279.8,316.55,349.8,389.7,422.0,468.95,513.95,2025-01-02,0.0102364947706664,0.1011755640985827,4.986666666666666,24167.95,0.1445743704232999,23812.11245172208,23800,0.0171423135464231,0.0209017485832935,-3.8679224592386134,4.986666666666666,-4.173755188134283,0.0009091805023991,2024,0.0433988063247171,0.0002025634414936,0.0003583043278833,0.1087040728535209,0.0001557408863897,0.5653390867206405,0.0358702975697789,-8.504457429156691,-7.9341278547887715,-4.066205395550156,0.0002492167522533,0.6955449121298044,0.0240003065383742,0.0001090875756299,-0.5703295743679073,1,0,1,75.0,2700.0,1125.0,12900.0,5850.0,25800.0,13425.0,104625.0,95325.0,451725.0,370200.0,404775.0,161175.0,295725.0,147000.0,181275.0,90900.0,439350.0,99825.0,303450.0,161625.0,59175.0,163125.0,67200.0,388800.0,101400.0,229650.0,122475.0,304425.0,196125.0,703725.0,332925.0,219825.0,57225.0,158100.0,15600.0,12825.0,3600.0,10875.0,150.0,2400.0,225.0,0.1604965656512625,38.55,59175.0,0.1589715775523885,45.6,163125.0,0.1575584092347486,53.85,67200.0,0.1557716704245569,63.0,388800.0,0.1541058413537672,73.6,101400.0,0.1527389552819139,86.0,229650.0,0.1506507832415552,99.25,122475.0,0.149623808817285,115.45,304425.0,0.1479423353303391,132.8,196125.0,0.14646399292353,152.4,703725.0,0.1445743704232999,359.29999999999995,703125.0,0.1423280794477442,158.7,404775.0,0.1412067058140362,135.35,161175.0,0.1398634140332472,114.0,295725.0,0.1384185541445852,94.8,147000.0,0.1363779449630532,77.2,181275.0,0.134980655429858,62.5,90900.0,0.134115655080291,50.35,439350.0,0.1330182869742031,39.85,99825.0,0.1325110813335078,31.5,303450.0,0.1321721539554359,24.7,161625.0,0.0033679649070392,-0.0033676646092636,0.0067356295163029,1.501488878230539e-07,0.1445745205721877,0.0060764128182553,-0.0061558162787146,0.01223222909697,-3.970173022968537e-05,0.1445346686930702,0.0095314709304673,-0.0095937149934419,0.0191251859239092,-3.11220314873073e-05,0.1445432483918126,0.0129840388114486,-0.0115560834490967,0.0245401222605454,0.0007139776811759,0.1452883481044758,0.0159221952279626,-0.0124022164678639,0.0283244116958266,0.0017599893800493,0.1463343598033492,0.1441635090610479,-0.0144795746225184,-9.634946084800212e-05,0.0002559797679767,0.6920520819091044,low,5,0.0260374056118018,252,q_only,0920_open,500,296.04999999999995,367.9500000000007,-71.90000000000077,203.95000000000005
2025-01-03,24176.05,24169.25,-0.0008620860539194,0.0775373090522749,0.0023887276871118,-4.619026216966481,-4.623298524068375,-4.549721099319946,0.0170785960379814,556.0,514.15,469.05,427.0,392.25,352.0,315.15,280.7,249.0,218.95,190.75,167.9,142.0,119.3,100.55,83.0,68.85,57.2,45.1,35.85,28.3,40.25,46.95,54.65,63.6,74.45,84.6,99.45,115.1,132.3,153.35,174.85,197.0,224.75,254.1,284.45,318.85,351.3,387.0,430.55,464.5,512.2,2025-01-09,0.0145355276815189,0.1205633762032189,4.986666666666666,23557.2,0.1446321240971914,24215.91636218025,24200,0.0171423135464231,0.0209184513208653,-3.867123671164992,4.986666666666666,-2.556996051335942,0.0008620860539194,2025,0.0240687478939724,0.0002876342514755,0.0003585906514478,0.129534538769572,7.095639997230235e-05,0.8021242336190147,0.0150975853276194,-8.153820845065415,-7.933329066715152,-4.066205395550156,0.0002493976533181,0.69549401890754,0.0240143070946011,0.0001091929981297,-0.2204917783502967,1,0,0,600.0,9375.0,3525.0,47100.0,7800.0,30900.0,19500.0,110100.0,46575.0,212925.0,380925.0,744900.0,239550.0,354225.0,169950.0,301800.0,117750.0,369300.0,126975.0,259275.0,145800.0,64275.0,147150.0,70950.0,353475.0,93225.0,207675.0,114600.0,453150.0,132750.0,301725.0,385875.0,485025.0,78825.0,161025.0,18825.0,36075.0,3900.0,22050.0,300.0,3000.0,150.0,0.1608953218441673,40.25,64275.0,0.1588033593061844,46.95,147150.0,0.1566964159885858,54.65,70950.0,0.1547102500780307,63.6,353475.0,0.1533317971028781,74.45,93225.0,0.1499071909556937,84.6,207675.0,0.1494024843794391,99.45,114600.0,0.148000068280697,115.1,453150.0,0.1463228841652321,132.3,132750.0,0.1461420378092747,153.35,301725.0,0.1446321240971914,365.6,766800.0,0.1458546485490121,167.9,744900.0,0.1429229988119719,142.0,239550.0,0.1407414703166964,119.3,354225.0,0.139987351683676,100.55,169950.0,0.1384034700245027,83.0,301800.0,0.1380305921030652,68.85,117750.0,0.1383169789834912,57.2,369300.0,0.1362140266429342,45.1,126975.0,0.1353390496132609,35.85,259275.0,0.1347219672054582,28.3,145800.0,0.0016907600680407,-0.0017091252852194,0.0033998853532602,-9.182608589342056e-06,0.144622941488602,0.0047703602822477,-0.0046447724135153,0.009415132695763,6.279393436620095e-05,0.1446949180315576,0.0086996730056866,-0.0066015319941261,0.0153012049998128,0.0010490705057802,0.1456811946029717,0.0120642918913944,-0.0084180974542572,0.0204823893456516,0.0018230972185686,0.14645522131576,0.0162631977469759,-0.0099101568917331,0.026173354638709,0.0031765204276213,0.1478086445248128,0.1444961957048458,-0.0108659959474565,4.62963898918759e-05,0.0008471597046781,0.6945019603524268,low,5,0.02609297052796276,252,q_only,0920_open,500,297.05,500.0,-202.95,202.95
2025-01-13,23242.85,23230.85,0.0019940790586618,0.097340940776412,0.0032052867871194,-4.114492812675344,-4.218294425664063,-4.471413880569667,-0.0051006025097015,572.95,493.1,434.5,407.9,367.9,329.4,292.0,259.3,227.5,196.25,168.05,143.6,120.3,100.4,82.95,67.65,55.6,45.35,36.95,30.75,25.25,38.0,44.4,51.65,60.5,70.9,82.4,97.4,113.4,128.9,149.5,170.7,195.4,224.3,255.0,284.85,319.2,358.65,397.2,438.85,483.1,525.7,2025-01-16,0.0104792907950001,0.1023684072114055,3.986666666666667,23350.8,0.193424910082187,23247.348580841594,23250,0.0089231354642313,0.0374131958403021,-3.2857318068368992,3.986666666666667,-2.3295356097744264,0.0019940790586618,2025,0.0910565028707814,0.0001657834892965,0.0003338430146328,0.1363050338565769,0.0001680595253362,0.4965911582091826,0.05711987622561,-8.704827902268972,-8.004839691549119,-4.719107884712219,0.0002264828625007,0.6784112668938727,0.0341090803960948,0.0001073601521321,-0.6999882107201376,1,0,1,0.0,3675.0,450.0,3525.0,6300.0,81300.0,24375.0,109575.0,125925.0,688200.0,541125.0,454800.0,298950.0,531975.0,300750.0,668400.0,372300.0,660000.0,301500.0,467475.0,298125.0,101475.0,365475.0,150825.0,238950.0,233625.0,802575.0,233925.0,397575.0,373425.0,899775.0,548250.0,421125.0,119175.0,216300.0,126075.0,115050.0,30900.0,75825.0,6825.0,12150.0,750.0,0.2223449785752727,38.0,101475.0,0.21888709622127,44.4,365475.0,0.2151615556456365,51.65,150825.0,0.2121648988639611,60.5,238950.0,0.2094653380332097,70.9,233625.0,0.2062025720696631,82.4,802575.0,0.2053039078534035,97.4,233925.0,0.2032426462126401,113.4,397575.0,0.1982434331662912,128.9,373425.0,0.1967836158380662,149.5,899775.0,0.193424910082187,338.75,1089375.0,0.1923440501990022,143.6,454800.0,0.1898462681966074,120.3,298950.0,0.1885383854404703,100.4,531975.0,0.1873986304779098,82.95,300750.0,0.1861602220868574,67.65,668400.0,0.186606718625369,55.6,372300.0,0.1871022474865081,45.35,660000.0,0.1880696185497475,36.95,301500.0,0.1907397944323196,30.75,467475.0,0.1927451361804636,25.25,298125.0,0.0048185230841042,-0.0035786418855795,0.0083971649696838,0.0006199405992623,0.1940448506814494,0.0118789977712165,-0.0060262796042772,0.0179052773754937,0.0029263590834696,0.1963512691656566,0.0160404279510227,-0.006818191456818,0.0228586194078407,0.0046111182471023,0.1980360283292893,0.0217366455634495,-0.0053552915324395,0.027091937095889,0.0081906770155049,0.201615587097692,0.0289200684930857,-0.0006797739017234,0.0295998423948091,0.0141201472956811,0.2075450573778681,0.1943137091722246,-0.0175191561124094,0.0073362850918624,0.0008607480530728,0.659184518973133,high,4,0.026341828205162718,252,q_only,0920_open,500,275.5,100.79999999999927,174.70000000000073,224.5
2025-01-17,23178.2,23185.5,-0.0041046966961844,0.2274322970459091,0.0053951052335815,-4.848383581008934,-4.294624612882226,-4.355371105442678,0.0052684921204789,539.2,508.5,456.6,420.0,378.1,340.2,304.45,272.0,239.6,210.2,183.2,158.0,134.0,114.2,95.5,80.6,66.25,54.5,44.25,36.45,29.3,39.9,47.2,55.35,65.2,75.7,88.45,103.5,119.15,137.7,157.0,180.65,205.0,233.5,259.3,293.8,321.95,363.25,400.0,442.0,481.35,527.0,2025-01-23,0.0159175509826517,0.1261647771077637,4.986666666666666,23216.3,0.1502735784204445,23202.552624123247,23200,0.0171423135464231,0.0225821483712854,-3.790595579911254,4.986666666666666,-1.4809026802840282,0.0041046966961844,2025,0.0241088013126807,0.0003149822257942,0.0003871102679324,0.1355527418548162,7.212804213815042e-05,0.8136757195220101,0.0147208365656283,-8.062994346780581,-7.856800975461414,-4.066205395550156,0.0002673520584488,0.6906354095869299,0.0253895070191824,0.0001197582094836,-0.2061933713193381,1,0,0,600.0,525.0,5250.0,675.0,6525.0,5025.0,84975.0,26775.0,156900.0,249375.0,822375.0,306450.0,656400.0,215250.0,455700.0,218625.0,484950.0,164700.0,484050.0,178200.0,324975.0,197400.0,125700.0,277125.0,142875.0,422850.0,195450.0,638700.0,247425.0,630000.0,615825.0,1233675.0,342000.0,384900.0,76125.0,112125.0,16350.0,75150.0,2850.0,20625.0,0.0,2475.0,0.1645746470036274,39.9,197400.0,0.1630565493697748,47.2,125700.0,0.1612038644826604,55.35,277125.0,0.159875093756521,65.2,142875.0,0.1577613762640638,75.7,422850.0,0.156404643595942,88.45,195450.0,0.1556062438243228,103.5,638700.0,0.1537030627517967,119.15,247425.0,0.1526604861269991,137.7,630000.0,0.1505380397772875,157.0,615825.0,0.1502735784204445,363.85,2056050.0,0.1491123687843557,158.0,306450.0,0.147100656790608,134.0,656400.0,0.1467651180193187,114.2,215250.0,0.1455021892867722,95.5,455700.0,0.1458223055815164,80.6,218625.0,0.1448025189476616,66.25,484950.0,0.1445408643906696,54.5,164700.0,0.1440701052424008,44.25,484050.0,0.1448185383156434,36.45,178200.0,0.1447199574969574,29.3,324975.0,0.0023869077065546,-0.0031729216298365,0.0055598293363911,-0.0003930069616409,0.1498805714588035,0.0053326654038783,-0.0047713891336723,0.0101040545375506,0.000280638135103,0.1505542165555475,0.0074877978436193,-0.0054710594727828,0.0129588573164022,0.0010083691854182,0.1512819476058627,0.0109302860622159,-0.0062034731780437,0.0171337592402596,0.0023634064420861,0.1526369848625306,0.0143010685831829,-0.005553620923487,0.0198546895066699,0.0043737238298479,0.1546473022502924,0.1498235773120458,-0.0101967153851544,0.0033808074124608,0.0004150333046929,0.6886611943858616,middle,5,0.026459218205436678,252,q_only,0920_open,500,294.65000000000003,16.299999999999272,278.35000000000076,205.34999999999997
2025-01-24,23275.8,23274.9,0.0039818826316389,0.1163046192326759,0.0044337560363123,-5.086948867300745,-4.290602313631461,-4.442867743596679,0.0023524070182259,538.5,538.5,495.45,457.3,416.4,378.9,341.65,307.65,273.35,242.35,213.85,185.85,159.9,136.65,114.85,96.55,80.3,65.25,52.75,42.45,33.7,40.75,47.45,55.25,64.3,74.0,85.85,99.65,114.0,131.55,149.55,169.15,191.4,217.45,243.3,272.8,303.55,337.35,371.7,411.4,449.3,493.9,2025-01-30,0.0160093690284658,0.1265281353235946,4.986666666666666,23297.95,0.1566793322489007,23344.745999336927,23300,0.0171423135464231,0.0245484131539614,-3.7071080641438687,4.986666666666666,-2.1515425019945393,0.0039818826316389,2025,0.030151196925306,0.0003167991543199,0.0004208165953523,0.1359431376812935,0.0001040174410324,0.7528200118977104,0.0207361945676071,-8.05724256747231,-7.773313459694026,-4.066205395550156,0.0002884166120008,0.6853736644091977,0.0269687471805976,0.0001323999833515,-0.2839291077781967,1,0,0,0.0,3300.0,425.0,2925.0,1550.0,55875.0,8050.0,77750.0,88350.0,397400.0,443150.0,757000.0,257075.0,364150.0,149000.0,465350.0,149225.0,315075.0,157100.0,242325.0,107650.0,80400.0,189575.0,88425.0,174825.0,63825.0,279125.0,92200.0,158800.0,137800.0,383350.0,299600.0,451475.0,76700.0,104400.0,12675.0,65500.0,2300.0,6750.0,5875.0,2725.0,250.0,0.1739404010729549,40.75,80400.0,0.1719843071908503,47.45,189575.0,0.170172198437836,55.25,88425.0,0.1685136637946202,64.3,174825.0,0.1662278488829042,74.0,63825.0,0.1647797419723847,85.85,279125.0,0.1637306451953811,99.65,92200.0,0.1616753704048233,114.0,158800.0,0.1609101262462786,131.55,137800.0,0.1589284455115446,149.55,383350.0,0.1566793322489007,383.0,742750.0,0.1547022551436608,185.85,757000.0,0.1526797862537892,159.9,257075.0,0.1511048170666269,136.65,364150.0,0.148901813248936,114.85,149000.0,0.1478489383893423,96.55,465350.0,0.1467702924754733,80.3,149225.0,0.1448672828744648,65.25,315075.0,0.1435478120184775,52.75,157100.0,0.1426995959500044,42.45,242325.0,0.1417828300387684,33.7,107650.0,0.0042307939973779,-0.0039995459951114,0.0082303399924894,0.0001156240011332,0.1567949562500339,0.0070513129464804,-0.0077775189999647,0.0148288319464451,-0.0003631030267421,0.1563162292221585,0.0095485166340035,-0.0099090397734273,0.0194575564074308,-0.0001802615697119,0.1564990706791888,0.0134928661889353,-0.0131315202304231,0.0266243864193585,0.000180672979256,0.1568600052281568,0.0172610688240542,-0.0148965022101323,0.0321575710341865,0.0011822833069609,0.1578616155558616,0.1551308364116108,-0.0166609160483044,-0.0011183136399875,0.0004717147994095,0.6711023847847332,middle,5,0.025096655141311718,252,q_only,0920_open,500,308.55,2.0499999999992724,306.50000000000074,191.45
2025-01-31,23301.2,23294.8,0.0001931413371385,0.0118904202566639,0.0016243630961066,-4.74130736239486,-4.190831336636935,-4.316880781913042,0.005239483821661,679.95,645.2,609.35,571.3,536.05,501.5,469.75,436.6,406.1,377.75,349.55,321.85,296.75,271.95,248.4,226.5,206.55,187.0,168.45,151.2,135.7,128.5,140.4,153.0,168.25,182.7,199.15,214.6,233.85,252.8,274.55,295.25,319.15,341.4,366.8,393.85,423.6,453.8,484.1,511.6,546.7,581.65,2025-02-06,0.0177559157582057,0.1332513255401452,5.986666666666666,23628.05,0.2642854653587459,23354.355878389153,23300,0.0171423135464231,0.0698468071998889,-2.661450903702699,5.986666666666666,-4.4320222235160305,0.0001931413371385,2025,0.1310341398186006,0.0004218204325626,0.001197335869237,0.1568660963416188,0.0007755154366743,0.3522991696819776,0.107419369017127,-7.770930849739917,-6.727656299252856,-4.066205395550156,0.0007456644951833,0.6227696959070049,0.0557225854401228,0.0004516713740537,-1.0432745504871666,1,0,1,2325.0,1350.0,2250.0,1650.0,17625.0,22050.0,11475.0,30000.0,69900.0,77400.0,234300.0,124350.0,156300.0,49575.0,139575.0,41775.0,185100.0,43800.0,122100.0,36600.0,95550.0,69525.0,23400.0,60375.0,25050.0,127950.0,35400.0,76500.0,39750.0,170175.0,166800.0,302250.0,121050.0,59250.0,15450.0,29700.0,7800.0,7425.0,3375.0,3600.0,1200.0,825.0,0.2783084128915055,128.5,69525.0,0.2767003936041826,140.4,23400.0,0.2749031240407338,153.0,60375.0,0.2747116431779129,168.25,25050.0,0.2728268942196305,182.7,127950.0,0.2718225232129219,199.15,35400.0,0.2690095187076118,214.6,76500.0,0.268540211881029,233.85,39750.0,0.2668359605079807,252.8,170175.0,0.2664924791789106,274.55,166800.0,0.2642854653587459,644.8,536550.0,0.2637152308124619,319.15,121050.0,0.2615549192750311,296.75,156300.0,0.2599710021013233,271.95,49575.0,0.2583778334507929,248.4,139575.0,0.2571062536308502,226.5,41775.0,0.2564282323099513,206.55,185100.0,0.2550318099068416,187.0,43800.0,0.2534186464909087,168.45,122100.0,0.2518618066715598,151.2,36600.0,0.2508176380133709,135.7,95550.0,0.0025504951492348,-0.0027305460837147,0.0052810412329495,-9.002546723996252e-05,0.2641954398915059,0.0047240533488658,-0.0059076319079529,0.0106316852568188,-0.0005917892795435,0.2636936760792023,0.0085414288608846,-0.0078572330487945,0.0163986619096792,0.000342097906045,0.2646275632647909,0.0106176586819879,-0.0108668188678371,0.0214844775498251,-0.0001245800929246,0.2641608852658212,0.0140229475327595,-0.0134678273453749,0.0274907748781345,0.0002775600936922,0.2645630254524382,0.2628838255222055,-0.0225622672460504,-0.0007205543408276,0.0004630076200798,0.5353823103426602,high,6,0.02534382530314648,252,q_only,0920_open,500,380.59999999999997,328.0499999999993,52.55000000000069,119.40000000000003
2025-02-07,23583.9,23583.25,-0.0027776972302911,0.0681231275641313,0.0043355848693388,-5.492567793893391,-4.250742943077934,-4.321963840273188,-0.0024812544961047,573.1,530.35,488.95,444.0,405.55,370.55,334.2,300.6,267.85,236.45,209.0,182.9,158.45,136.6,116.0,98.05,82.3,67.9,56.0,45.85,36.85,44.5,51.8,60.15,70.55,81.6,93.95,109.0,124.65,142.1,162.2,183.7,207.0,232.65,261.15,290.85,322.9,355.65,393.5,430.2,465.3,511.8,2025-02-13,0.014777377765049,0.1215622382364237,4.986666666666666,23019.4,0.1591552381858443,23625.32603541889,23600,0.0171423135464231,0.0253303898419928,-3.675750424562199,4.986666666666666,-2.6864385116736105,0.0027776972302911,2025,0.0375929999494205,0.0002924200679432,0.0004342214849245,0.1306077264725068,0.0001418014169812,0.6734352815225022,0.0285475117133374,-8.137319200626683,-7.741955820112357,-4.066205395550156,0.0002967503247725,0.6834077425350393,0.0275840234789457,0.000137471160152,-0.3953633805144949,1,0,1,375.0,300.0,2700.0,900.0,8700.0,11400.0,31725.0,19650.0,122475.0,128775.0,535050.0,322125.0,363450.0,155550.0,321900.0,114375.0,169575.0,84825.0,420825.0,69750.0,138525.0,318300.0,143400.0,267675.0,127725.0,254850.0,237375.0,717825.0,211125.0,563400.0,509400.0,1200600.0,403275.0,327300.0,50700.0,140850.0,4350.0,24150.0,2475.0,8550.0,75.0,1875.0,0.1727990900132393,44.5,318300.0,0.1710214068419501,51.8,143400.0,0.1692504559898865,60.15,267675.0,0.1684295749001381,70.55,127725.0,0.1668643629872067,81.6,254850.0,0.1651872033033345,93.95,237375.0,0.1645688383248542,109.0,717825.0,0.162967746087222,124.65,211125.0,0.1614095551032408,142.1,563400.0,0.1605082659693071,162.2,509400.0,0.1591552381858443,392.7,1735650.0,0.1580837306691679,182.9,322125.0,0.1566919869760823,158.45,363450.0,0.1557433123129494,136.6,155550.0,0.1541112788630387,116.0,321900.0,0.1529994579213897,98.05,114375.0,0.1521018516199131,82.3,169575.0,0.1506708387637605,67.9,84825.0,0.1499566552703843,56.0,420825.0,0.1493877269300516,45.85,69750.0,0.1483759806653393,36.85,138525.0,0.0022543169173965,-0.0024632512097619,0.0047175681271584,-0.0001044671461827,0.1590507710396616,0.0054136001390099,-0.0050439593228055,0.0104575594618155,0.0001848204081022,0.1593400585939465,0.0077091248013624,-0.0070533865659311,0.0147625113672936,0.0003278691177156,0.1594831073035599,0.0100952178040422,-0.0091985829154599,0.0192938007195022,0.0004483174442911,0.1596035556301354,0.013643851827395,-0.0107792575205049,0.0244231093478999,0.001432297153445,0.1605875353392893,0.1585651110993928,-0.012112434512566,0.0003671257395479,0.0001880355418812,0.6606942358032227,middle,5,0.025214463966624683,252,q_only,0920_open,500,311.34999999999997,500.0,-188.65000000000003,188.65000000000003
2025-02-14,23092.05,23090.5,-0.0001450206296671,0.0310200488965364,0.0021868998205009,-4.342568115349335,-4.261640894142246,-4.305749169910086,-0.0016667683318417,560.0,515.35,470.0,430.2,392.25,352.5,317.4,279.1,248.85,217.7,188.65,162.4,137.35,116.65,97.3,80.55,65.15,52.75,41.85,33.05,26.35,31.0,37.1,44.55,53.15,62.7,75.3,87.85,103.55,119.3,138.75,159.4,183.0,210.6,237.3,270.4,305.0,335.35,374.5,411.0,450.55,496.25,2025-02-20,0.0158314777231035,0.1258232002577568,4.986666666666666,22906.25,0.1439639046278559,23129.28010023725,23100,0.0171423135464231,0.0207256058356983,-3.876385346267478,4.986666666666666,-3.4731215449443225,0.0001450206296671,2025,0.018140704370099,0.0003132789771661,0.0003552848336751,0.1351857481531346,4.200585650894153e-05,0.881768506484144,0.0087781564747212,-8.06841646354646,-7.942590741817639,-4.066205395550156,0.0002473082079815,0.6960843372439856,0.0238524164091091,0.0001079766256935,-0.1258257217290136,1,0,0,1275.0,600.0,4350.0,675.0,40350.0,5550.0,25500.0,19275.0,187350.0,216150.0,806700.0,469200.0,599250.0,247650.0,418200.0,234450.0,320325.0,131550.0,532350.0,238425.0,369000.0,223200.0,79800.0,369825.0,195975.0,441750.0,192300.0,413325.0,297675.0,870825.0,562800.0,1269675.0,414675.0,378975.0,48150.0,84750.0,7800.0,15150.0,825.0,20625.0,150.0,6450.0,0.157658376024018,31.0,223200.0,0.1560329244466709,37.1,79800.0,0.1548012678392407,44.55,369825.0,0.1534667872244097,53.15,195975.0,0.1516821344864295,62.7,441750.0,0.1515080157207807,75.3,192300.0,0.1495751118791592,87.85,413325.0,0.1489200022866191,103.55,297675.0,0.1465776699157291,119.3,870825.0,0.1456804103093021,138.75,562800.0,0.1439639046278559,348.05,2076375.0,0.1429127733260157,162.4,469200.0,0.1409347990618845,137.35,599250.0,0.1406552921490344,116.65,247650.0,0.1395719735420302,97.3,418200.0,0.1388096115466341,80.55,234450.0,0.1372507556225681,65.15,320325.0,0.1366371011980785,52.75,131550.0,0.1355887560644118,41.85,532350.0,0.1349945240855445,33.05,238425.0,0.1353185074947278,26.35,369000.0,0.0026137652878732,-0.0030291055659713,0.0056428708538446,-0.000207670139049,0.1437562344888068,0.0056112072513033,-0.0043919310858256,0.010003138337129,0.0006096380827388,0.1445735427105947,0.0077182298585736,-0.0067131490052877,0.0144313788638614,0.0005025404266429,0.1444664450544988,0.0108373632113847,-0.008375148563444,0.0192125117748288,0.0012311073239703,0.1451950119518262,0.0136944713961621,-0.008645397133128,0.0223398685292902,0.002524537131517,0.1464884417593729,0.1434704315985746,-0.0107666199618248,0.001331018244175,0.0004381189174804,0.6897176272410809,low,5,0.02576483482727076,252,q_only,0920_open,500,290.7,193.75,96.94999999999999,209.3
2025-02-24,22645.0,22625.2,0.0016108667359176,0.1810847340494137,0.0026739139434753,-4.834876884918912,-4.439188215852479,-4.2913912373935865,-0.0062140833104925,552.75,495.0,450.9,406.35,366.1,319.55,281.7,242.9,208.6,177.7,149.15,124.3,100.8,81.5,64.6,50.35,39.05,29.7,22.7,17.25,13.4,12.75,16.0,20.3,25.6,32.65,41.7,52.4,65.45,82.15,100.75,121.7,145.2,173.8,203.6,237.75,274.5,310.45,350.3,393.15,440.0,480.6,2025-02-27,0.0045820525791916,0.0676908603815287,2.986666666666667,22510.85,0.1581281058524053,22677.46470033895,22650,0.0089231354642313,0.0250044978604695,-3.688699555877814,2.986666666666667,-1.7087902133420756,0.0016108667359176,2025,0.0904372454708766,5.430580834597452e-05,0.000223118521624,0.0780125363970779,0.000168812713278,0.2433944432344277,0.0801155694553273,-9.820879369047516,-8.407807440590034,-4.719107884712219,0.0001570580345202,0.7039219934633838,0.0254585314221969,6.606048710384592e-05,-1.4130719284572535,1,0,1,0.0,6600.0,225.0,16050.0,1275.0,35250.0,14625.0,184725.0,144300.0,765075.0,851400.0,996750.0,531450.0,1218750.0,503850.0,883425.0,479850.0,1897950.0,489900.0,1983000.0,522225.0,269475.0,515925.0,330975.0,950250.0,354300.0,1053675.0,636675.0,1511850.0,874575.0,2381775.0,1548675.0,1775700.0,499350.0,707100.0,113850.0,311550.0,45375.0,140625.0,7725.0,27675.0,1425.0,0.1745552773730269,12.75,269475.0,0.1713032327889271,16.0,515925.0,0.1686674542940768,20.3,330975.0,0.1659331679937424,25.6,950250.0,0.1641261528384639,32.65,354300.0,0.162956686038184,41.7,1053675.0,0.1613527501326321,52.4,636675.0,0.1600279166751473,65.45,1511850.0,0.1602543810677025,82.15,874575.0,0.1594607985072719,100.75,2381775.0,0.1581281058524053,270.85,2400075.0,0.1582841635802249,124.3,996750.0,0.1565605375707959,100.8,531450.0,0.1563678320517533,81.5,1218750.0,0.1556774698593165,64.6,503850.0,0.1549689495647719,50.35,883425.0,0.1550532770787244,39.05,479850.0,0.1548596303515383,29.7,1897950.0,0.1556878887585764,22.7,489900.0,0.1567496920055547,17.25,1983000.0,0.1590648038824867,13.4,522225.0,0.0021262752152972,-0.0015675682816093,0.0036938434969066,0.0002793534668439,0.1584074593192492,0.0032246442802268,-0.0024506359930888,0.0056752802733156,0.0003870041435689,0.1585151099959743,0.0059980469860586,-0.0030748287736808,0.0090728757597395,0.0014616091061888,0.1595897149585942,0.0105393484416715,-0.0024402170938288,0.0129795655355003,0.0040495656739213,0.1621776715263266,0.0164271715206215,0.0009366980300813,0.0154904734905401,0.0086819347753514,0.1668100406277567,0.1578963298213306,-0.0048570746974055,0.0013035143359681,0.000387465660105,0.6900906753288957,middle,3,0.0261763179022042,252,q_only,0920_open,500,244.70000000000005,139.15000000000146,105.54999999999859,255.29999999999995
2025-03-03,22256.4,22245.15,0.0026637352930666,0.0414679431480071,0.0030261660690857,-3.765829248522894,-4.864075356597658,-4.440148081815385,-0.0171807556135026,537.3,486.3,441.1,396.2,354.75,313.05,273.9,237.3,201.85,169.05,139.6,113.1,89.7,69.6,52.95,39.7,29.75,22.2,16.25,12.25,9.15,13.15,16.7,21.05,26.5,33.5,42.3,52.65,65.35,80.4,97.95,118.1,141.7,167.95,198.25,230.85,268.5,308.9,351.1,394.25,440.15,486.9,2025-03-06,0.0148191680828785,0.1217340054499094,3.986666666666667,22529.2,0.1533370003270295,22271.511513926685,22250,0.0089231354642313,0.0235122356692914,-3.750234326553579,3.986666666666667,-3.182834604506895,0.0026637352930666,2025,0.0316029948771201,0.000234440807237,0.000209802863944,0.1620906116091048,-2.463794329305436e-05,1.1174337796438685,-0.0087536112820753,-8.358307423105394,-8.4693422112658,-4.719107884712219,0.0001485196844207,0.7079011297974603,0.0243240622380319,6.128317952330486e-05,0.1110347881601843,0,1,0,2100.0,3825.0,2025.0,10125.0,3675.0,50250.0,24675.0,138225.0,192600.0,812550.0,846300.0,989250.0,449925.0,628050.0,365625.0,863550.0,321600.0,427650.0,370875.0,385500.0,270525.0,289500.0,1510200.0,249525.0,1085700.0,255225.0,781800.0,353175.0,681525.0,446025.0,1139400.0,970425.0,758175.0,160350.0,208650.0,65700.0,118200.0,16950.0,30075.0,12000.0,14325.0,6900.0,0.1775433213615535,13.15,289500.0,0.1748021558979055,16.7,1510200.0,0.1718667218818748,21.05,249525.0,0.1690510247033101,26.5,1085700.0,0.1667521889867734,33.5,255225.0,0.164819999257331,42.3,781800.0,0.1623968369036506,52.65,353175.0,0.1603323846587985,65.35,681525.0,0.1582118823626231,80.4,446025.0,0.1559238163901554,97.95,1139400.0,0.1533370003270295,257.7,1816725.0,0.1510971149209409,113.1,989250.0,0.1487840389039831,89.7,449925.0,0.1465868683188812,69.6,628050.0,0.1447985190425487,52.95,365625.0,0.1436965572034853,39.7,863550.0,0.1438278923329641,29.75,321600.0,0.144578372780748,22.2,427650.0,0.1451144537224801,16.25,370875.0,0.1472815794834608,12.25,385500.0,0.1493135024097454,9.15,270525.0,0.0048748820355936,-0.0045529614230463,0.0094278434586399,0.0001609603062736,0.1534979606333031,0.0090598365766211,-0.0085384812844807,0.0175983178611019,0.0002606776460702,0.1535976779730997,0.0134151886597439,-0.0095091079940653,0.0229242966538093,0.0019530403328393,0.1552900406598688,0.0185297215548453,-0.0082225466045493,0.0267522681593947,0.005153587475148,0.1584905878021775,0.024206321034524,-0.004023497917284,0.0282298189518081,0.01009141155862,0.1634284118856495,0.1523224293775212,-0.0131291937079704,0.0019287656457494,0.0006258557653011,0.6888473398068669,middle,4,0.0261763179022042,252,q_only,0920_open,500,235.39999999999998,279.2000000000007,-43.80000000000075,264.6
2025-03-10,22578.35,22576.35,0.0025321245578151,0.3213112201894316,0.0036207251637077,-4.33190085239913,-4.2265414193983935,-4.477638618245586,0.0003439388577189,486.15,439.65,395.3,354.75,311.4,272.35,237.4,203.55,171.6,143.6,118.45,93.95,75.1,58.25,44.25,33.4,24.9,18.55,13.2,9.35,6.45,19.0,23.75,29.75,36.55,46.05,57.45,70.65,86.95,105.35,127.05,151.0,180.15,209.35,242.4,277.5,315.9,358.75,404.6,446.1,499.05,544.9,2025-03-13,0.0088900088084209,0.0942868432413608,3.986666666666667,22383.3,0.157648785134101,22567.43256845053,22600,0.0089231354642313,0.0248531394542579,-3.694771198231801,3.986666666666667,-1.1353450922455566,0.0025321245578151,2025,0.0633619418927402,0.0001406408800908,0.0002217679300617,0.1255443130389113,8.112704997088332e-05,0.6341804247878181,0.0321044720951896,-8.869300866290363,-8.413879082944021,-4.719107884712219,0.0001561941733164,0.7043136186236104,0.0253445728686345,6.557375674529843e-05,-0.4554217833466553,1,0,1,3150.0,600.0,7425.0,4875.0,34800.0,27450.0,200700.0,150600.0,959250.0,952425.0,1380150.0,897150.0,875625.0,647775.0,1044225.0,569625.0,816225.0,675225.0,641550.0,395175.0,578400.0,415200.0,317100.0,703200.0,362175.0,880875.0,471975.0,826650.0,505275.0,1525050.0,900225.0,847875.0,207450.0,170250.0,36150.0,50850.0,7050.0,8400.0,1875.0,9675.0,375.0,525.0,0.1775019410758947,19.0,415200.0,0.1746459677635464,23.75,317100.0,0.1721172381935693,29.75,703200.0,0.1686538720273908,36.55,362175.0,0.1671751326302451,46.05,880875.0,0.1656354986539067,57.45,471975.0,0.1635981219201064,70.65,826650.0,0.1624868180278153,86.95,505275.0,0.1607206552003474,105.35,1525050.0,0.1595733092515228,127.05,900225.0,0.157648785134101,269.45,2228025.0,0.1539547465134289,93.95,897150.0,0.1534473547341674,75.1,875625.0,0.1518062508980368,58.25,647775.0,0.1502398384139778,44.25,1044225.0,0.1496404248792852,33.4,569625.0,0.1493905024997835,24.9,816225.0,0.1499000366714964,18.55,675225.0,0.1491827387197286,13.2,641550.0,0.1490597728799811,9.35,395175.0,0.1487016236232756,6.45,578400.0,0.0030718700662464,-0.0042014303999335,0.0072733004661799,-0.0005647801668435,0.1570840049672574,0.0059493367860054,-0.0074089467201231,0.0133582835061286,-0.0007298049670588,0.1569189801670421,0.0095263474961441,-0.0082582826343174,0.0177846301304616,0.0006340324309133,0.1582828175650143,0.0144684530594683,-0.0084660464143724,0.0229344994738407,0.0030012033225479,0.1606499884566489,0.0198531559417937,-0.0089471615108253,0.028800317452619,0.0054529972154842,0.1631017823495852,0.1579467085460299,-0.0110624077764705,0.0013561139923751,0.000696161581008,0.6878951535012638,middle,4,0.0261763179022042,252,q_only,0920_open,500,244.0,216.70000000000073,27.299999999999272,256.0
2025-03-25,23726.3,23717.4,-0.001063595748579,0.0317286251701891,0.0016563403533209,-4.233184195700085,-4.736488283264116,-4.6144387910233995,0.0135448107102149,552.8,507.85,460.0,419.25,375.0,335.0,293.8,257.05,222.55,192.5,163.1,138.85,115.9,95.05,77.85,63.75,52.1,42.2,34.4,27.6,22.0,18.8,22.55,27.1,33.2,39.85,48.9,60.15,73.9,89.6,107.95,130.0,152.6,179.75,211.75,244.95,280.9,319.0,358.25,398.0,442.5,484.45,2025-03-27,0.0120583379424884,0.1098104637203961,2.986666666666667,23601.05,0.1958341118217693,23783.112282529437,23750,0.006183409436834,0.0383509993530212,-3.260974692759471,2.986666666666667,-3.450536003345958,0.001063595748579,2025,0.0860236481013731,0.0001429136348739,0.0002371399313114,0.1520277368313905,9.422629643754931e-05,0.6026552933686143,0.0438063749903787,-8.853270062087313,-8.346860163588241,-5.08588547082877,0.0001630944121314,0.6877560064617527,0.0334268146986069,7.4045519180084e-05,-0.5064098984989643,1,0,1,11925.0,5625.0,22050.0,10500.0,26250.0,22050.0,120075.0,90375.0,228225.0,213600.0,866550.0,973950.0,987000.0,484275.0,557700.0,356475.0,1089000.0,363150.0,613575.0,354600.0,912600.0,501075.0,223350.0,700200.0,347475.0,637350.0,382200.0,1077375.0,417750.0,1022175.0,685575.0,1636725.0,1215825.0,862275.0,165000.0,126300.0,41925.0,79125.0,4275.0,6375.0,1425.0,4950.0,0.2222048733964814,18.8,501075.0,0.2174112055851023,22.55,223350.0,0.2127060349057107,27.1,700200.0,0.2093849676984401,33.2,347475.0,0.2047017199612007,39.85,637350.0,0.2019919347072362,48.9,382200.0,0.2000601157128941,60.15,1077375.0,0.1988509358455262,73.9,417750.0,0.197151928473215,89.6,1022175.0,0.1957514949004045,107.95,685575.0,0.1958341118217693,293.1,2503275.0,0.1972147357709873,138.85,973950.0,0.1967131713980262,115.9,987000.0,0.1954126437967349,95.05,484275.0,0.1955972345887155,77.85,557700.0,0.1968697373076552,63.75,356475.0,0.1987020635594428,52.1,1089000.0,0.2003461484759411,42.2,363150.0,0.2029445849751081,34.4,613575.0,0.2047542900420857,27.6,354600.0,0.2065179502959951,22.0,912600.0,0.0013178166514457,0.0008790595762569,0.0004387570751888,0.0010984381138513,0.1969325499356206,0.0042260038911248,-0.0002368772330537,0.0044628811241785,0.0019945633290355,0.1978286751508048,0.0088676081394314,0.0028679517376735,0.0059996564017579,0.0058677799385525,0.2017018917603218,0.0168719230839413,0.0071104731533387,0.0097614499306026,0.01199119811864,0.2078253099404093,0.0263707615747121,0.0106838384742258,0.0156869231004863,0.018527300024469,0.2143614118462383,0.1957569800853489,-0.0021132811394622,0.0078194352502329,0.0006770334717889,0.6443954249406606,high,3,0.026389594096335817,252,q_only,0920_open,500,252.3,148.95000000000073,103.34999999999928,247.7
2025-04-02,23205.1,23196.0,0.0004418705229967,0.0266568973161336,0.0026718264519437,-3.903653090787493,-4.360464988555189,-4.503591301121278,-0.0135171212351819,529.35,481.15,432.65,389.4,345.4,298.45,257.45,216.0,178.45,143.95,112.4,85.05,62.8,45.15,31.9,22.75,16.5,12.0,8.75,6.55,5.35,8.2,10.25,13.05,16.55,21.2,26.75,34.4,43.5,55.4,70.65,89.05,112.25,140.1,172.5,208.9,249.45,293.15,338.05,386.25,428.55,480.7,2025-04-03,0.011578197851569,0.107602034607014,1.9866666666666664,23241.6,0.1846005659890127,23223.35482509892,23200,0.0034436834094368,0.0340773689634638,-3.379121781777528,1.9866666666666664,-3.6247073507441447,0.0004418705229967,2025,0.0769985313819986,9.127785607850693e-05,0.0001173516701367,0.1628062624443081,2.607381405822989e-05,0.7778147168434076,0.0217943035447046,-9.301602339994492,-9.050335403670204,-5.671213621892677,8.369073322599653e-05,0.7131618419105673,0.0287073999506971,3.3660936910740274e-05,-0.2512669363239719,1,0,0,1950.0,900.0,8175.0,3150.0,27750.0,23325.0,152700.0,75975.0,538575.0,781125.0,3008550.0,1846950.0,1978725.0,1092300.0,1552125.0,672900.0,1440525.0,672225.0,972450.0,531300.0,724350.0,765825.0,525825.0,1119075.0,477300.0,1005375.0,939075.0,2328225.0,1085175.0,2039625.0,2362500.0,6173400.0,1680225.0,1593825.0,269625.0,417825.0,57375.0,221175.0,14400.0,69750.0,3375.0,35775.0,0.2466925347396742,8.2,765825.0,0.2395479375072103,10.25,525825.0,0.2332800167004395,13.05,1119075.0,0.2266827810494986,16.55,477300.0,0.2206880821262355,21.2,1005375.0,0.2135833324835668,26.75,939075.0,0.2080045160555954,34.4,2328225.0,0.2011331260807974,43.5,1085175.0,0.1952121363687028,55.4,2039625.0,0.1901565577931037,70.65,2362500.0,0.1846005659890127,201.45,9181950.0,0.1798057178361586,85.05,1846950.0,0.1768757078684539,62.8,1978725.0,0.1750088122595262,45.15,1092300.0,0.1746206985546634,31.9,1552125.0,0.1768154238037335,22.75,672900.0,0.1809052315302966,16.5,1440525.0,0.1854565128968938,12.0,672225.0,0.1902587110223191,8.75,972450.0,0.1961741052417668,6.55,531300.0,0.2053602245645021,5.35,724350.0,0.0106115703796901,-0.0077248581205587,0.0183364285002489,0.0014433561295656,0.1860439221185784,0.0234039500665827,-0.0099798674343493,0.033383817500932,0.0067120413161167,0.1913126073051294,0.0360875161372228,-0.003695334458716,0.0397828505959389,0.0161960908392533,0.200796656828266,0.0486794507114268,0.0056581450333064,0.0430213056781203,0.0271687978723666,0.2117693638613793,0.0620919687506615,0.0207596585754893,0.0413323101751721,0.0414258136630754,0.2260263796520881,0.1826553015884049,-0.0166152955561061,0.0112211667488826,0.001716125914982,0.6774221474466807,middle,2,0.0266243864193585,252,q_only,0920_open,500,187.9,41.599999999998545,146.30000000000146,312.1
2025-04-07,21890.1,21874.85,0.0059546239839753,3.445703247628597,0.0164137591022882,-3.953053972414456,-4.2858734289030656,-4.48393671761993,-0.014280803391288,746.75,746.75,664.25,663.6,650.35,586.85,551.6,504.65,466.45,429.75,230.55,352.2,289.55,286.1,258.25,226.75,197.55,167.25,143.65,124.45,106.2,209.65,217.65,228.1,237.95,245.85,255.9,268.1,278.0,289.45,304.8,315.5,329.75,345.85,361.5,383.35,399.8,423.45,445.85,469.3,497.2,529.4,2025-04-09,0.0599175716861008,0.2447806603596388,2.986666666666667,22420.4,0.3952539130173478,21815.01847731493,21900,0.006183409436834,0.1562256557555252,-1.8564538056688389,2.986666666666667,1.237128019374004,0.0059546239839753,2025,0.1504732526577089,0.0007101341829463,0.0009660071940742,0.3388880126152967,0.0002558730111279,0.735123079105935,0.056365900402051,-7.250056615719962,-6.942339276497608,-5.08588547082877,0.0005841682419671,0.6047245253975272,0.0878885188499538,0.0003818389521071,-0.3077173392223679,1,0,0,0.0,225.0,0.0,20925.0,525.0,6600.0,975.0,95175.0,33300.0,186675.0,50700.0,508500.0,0.0,1064775.0,163425.0,264825.0,133575.0,397125.0,205650.0,474975.0,227325.0,231825.0,639375.0,200625.0,1027125.0,164625.0,901200.0,195975.0,714450.0,228750.0,771450.0,395175.0,1399800.0,294675.0,1946175.0,199200.0,311025.0,98025.0,306450.0,72750.0,321000.0,73350.0,0.5634664374942289,209.65,231825.0,0.5483746428313641,217.65,639375.0,0.5361381911060933,228.1,200625.0,0.5218274453181638,237.95,1027125.0,0.5033895214619885,245.85,164625.0,0.48700194122378,255.9,901200.0,0.4724482781621001,268.1,195975.0,0.4529900998556791,278.0,714450.0,0.4341667014465724,289.45,228750.0,0.6529874970460335,429.75,186675.0,0.3952539130173478,546.05,445875.0,0.606559617423096,352.2,508500.0,,289.55,0.0,0.570598291906228,286.1,1064775.0,0.5577202033384754,258.25,163425.0,0.5372844594939076,226.75,264825.0,0.518064549318521,197.55,133575.0,0.4943596835033387,167.25,397125.0,0.4787480306646021,143.65,205650.0,0.4679841919728307,124.45,474975.0,0.4561983358413088,106.2,227325.0,0.0389127884292245,,,,,0.0771943651447523,0.1624662903211275,-0.0852719251763752,0.11983032773294,0.5150842407502878,0.1081356084446406,0.1228106363011731,-0.0146750278565325,0.1154731223729068,0.5107270353902547,0.1408842780887454,0.0834941176472543,0.0573901604414911,0.1121891978679998,0.5074431108853477,0.168212524476881,0.060944422823961,0.10726810165292,0.114578473650421,0.5098323866677689,0.5110390181465895,0.1087486051185929,-0.0809100540832498,0.0661249502140505,0.4876706863521131,high,3,0.0260374056118018,252,q_only,0920_open,500,230.19999999999996,500.0,-269.80000000000007,269.80000000000007
2025-04-11,22766.05,22766.3,0.0030707761720765,0.0740012229827637,0.0038500482352011,-3.855864942409202,-3.045572618674373,-4.220549614611621,-0.0056396310266629,638.25,592.85,555.0,514.65,475.75,437.65,401.55,367.25,333.9,300.0,271.25,242.55,216.85,192.75,170.0,149.8,130.55,115.65,101.0,88.05,76.8,71.5,79.2,88.4,97.65,109.15,120.2,133.45,148.35,164.75,183.4,202.3,224.35,248.15,274.05,303.45,331.35,365.4,397.65,432.3,471.05,508.05,2025-04-17,0.0293537025524754,0.1713292227043463,3.986666666666667,23837.75,0.1978122153733515,22819.02095423448,22750,0.0171423135464231,0.0391296725509132,-3.2408742110311395,3.986666666666667,-2.603673659120429,0.0030707761720765,2025,0.0264829926690052,0.000464378680592,0.0006707731158366,0.1645892322539336,0.0002063944352445,0.6923036562264073,0.0332229831194178,-7.674810216618797,-7.307079606581296,-4.066205395550156,0.0004405088404388,0.6567180914659322,0.0375088658221877,0.0002302642753977,-0.3677306100376248,1,0,1,450.0,13425.0,7800.0,102150.0,25125.0,135375.0,21750.0,97425.0,68625.0,300300.0,369825.0,658650.0,226950.0,391125.0,258675.0,743325.0,158775.0,249450.0,208050.0,488175.0,162825.0,97200.0,238800.0,132225.0,347850.0,138525.0,480825.0,117900.0,313050.0,210675.0,493050.0,436500.0,689700.0,109800.0,130800.0,24600.0,86550.0,5850.0,15150.0,2325.0,11850.0,975.0,0.2244117522833807,71.5,97200.0,0.2211760168781249,79.2,238800.0,0.2186958468506778,88.4,132225.0,0.2152555781078576,97.65,347850.0,0.2131141608279644,109.15,138525.0,0.2094248296096337,120.2,480825.0,0.2067433439576457,133.45,117900.0,0.2043902284803919,148.35,313050.0,0.202130623077415,164.75,210675.0,0.2005332385002097,183.4,493050.0,0.1978122153733515,473.55,806325.0,0.1963849800776899,224.35,689700.0,0.1947156943250229,216.85,226950.0,0.1936237920348094,192.75,391125.0,0.1922107276287148,170.0,258675.0,0.191512790976799,149.8,743325.0,0.1901545626172386,130.55,158775.0,0.1912981273586636,115.65,249450.0,0.1912915714506489,101.0,208050.0,0.1915480755151559,88.05,488175.0,0.1922021102043057,76.8,162825.0,0.0043184077040635,-0.0030965210483286,0.0074149287523921,0.0006109433278674,0.198423158701219,0.0089311285842942,-0.0056014877446367,0.0145326163289309,0.0016648204198287,0.1994770357931802,0.0153019454546129,-0.0076576527561128,0.0229595982107257,0.00382214634925,0.2016343617226015,0.0208836314773263,-0.0065206439227025,0.0274042754000288,0.0071814937773118,0.2049937091506634,0.0265995369100292,-0.0056101051690458,0.032209642079075,0.0104947158704916,0.2083069312438432,0.1957326749651107,-0.0186845938296654,0.0130637895886504,0.0002666353129351,0.6309948636177436,high,4,0.028353087416208702,252,q_only,0920_open,500,325.25,500.0,-174.75,174.75
2025-04-21,23959.4,23953.2,0.0004696186664257,0.0639792373156565,0.0038794468454969,-4.256155673249756,-3.694614141209166,-4.06490450060574,0.0171123708761306,528.35,484.8,440.55,401.0,359.95,322.35,284.75,248.05,219.15,186.95,162.65,136.35,117.0,96.7,80.8,68.2,55.6,46.65,38.05,31.7,26.25,39.35,44.85,52.05,60.0,70.15,80.7,94.1,110.85,127.45,148.95,171.0,198.65,225.7,258.15,292.1,326.15,359.15,405.95,441.0,485.9,529.45,2025-04-24,0.0097161917037542,0.0985707446647037,3.986666666666667,24245.05,0.1849328229596111,23941.64552831219,23950,0.0089231354642313,0.0342001490078108,-3.375525277969535,3.986666666666667,-2.749196665199891,0.0004696186664257,2025,0.0863620782949073,0.0001537111809218,0.0003051725624935,0.1312483905414668,0.0001514613815717,0.5036861101333564,0.0536844324181443,-8.780435164965809,-8.094633162681756,-4.719107884712219,0.0002087424797381,0.6840145720587631,0.0319838109068239,9.643008275546132e-05,-0.6858020022839204,1,0,1,3750.0,40200.0,5925.0,21675.0,21375.0,84450.0,52650.0,167400.0,126975.0,420975.0,805275.0,1440525.0,386850.0,572475.0,273975.0,629250.0,198075.0,423900.0,162375.0,321000.0,167325.0,178050.0,669000.0,238425.0,352275.0,216450.0,412650.0,297300.0,647475.0,320700.0,626100.0,686325.0,781800.0,103575.0,122550.0,22125.0,41475.0,4425.0,6075.0,450.0,3975.0,0.0,0.2166998301828063,39.35,178050.0,0.2115069104837308,44.85,669000.0,0.2076694297296251,52.05,238425.0,0.2032904947804432,60.0,352275.0,0.2002683789729437,70.15,216450.0,0.1958110560173947,80.7,412650.0,0.1929463960220687,94.1,297300.0,0.1918293904054081,110.85,647475.0,0.1881296129775761,127.45,320700.0,0.1875175372164729,148.95,626100.0,0.1849328229596111,333.65,1491600.0,0.1814954508748138,136.35,1440525.0,0.1831652085588002,117.0,386850.0,0.1810656925355218,96.7,572475.0,0.1814815557429464,80.8,273975.0,0.1835453814668714,68.2,629250.0,0.1831077350084515,55.6,198075.0,0.1855276810805919,46.65,423900.0,0.1862353755152499,38.05,162375.0,0.1886641193758811,31.7,321000.0,0.1908677766902396,26.25,167325.0,0.003196790017965,-0.0017676144008108,0.0049644044187759,0.000714587808577,0.1856474107681882,0.0080135730624576,-0.0034512672166646,0.0114648402791222,0.0022811529228964,0.1872139758825076,0.0153355560133326,-0.0018250879511595,0.0171606439644922,0.0067552340310865,0.1916880569906976,0.022736606770014,0.0013025525556387,0.0214340542143752,0.0120195796628264,0.1969524026224375,0.0317670072231952,0.0059349537306285,0.0258320534925667,0.0188509804769118,0.2037838034365229,0.1848298363220617,-0.0123382847915966,0.0136075114181675,0.0009150188244307,0.6606714811410033,middle,4,0.02745882167446776,252,q_only,0920_open,500,268.04999999999995,295.0499999999993,-26.999999999999318,231.95000000000005
2025-04-25,24327.35,24313.15,0.0015098316752649,0.1138791124160058,0.0041372544687358,-5.2440980016379894,-4.521112675036838,-4.026038427293432,-0.0022988563225335,597.2,551.15,509.25,465.5,425.0,382.55,346.0,307.2,274.0,239.05,206.85,177.65,150.95,129.6,107.7,89.5,73.4,59.75,48.75,39.1,32.35,43.5,49.1,55.7,62.65,71.0,81.2,91.15,103.35,117.55,134.0,153.75,174.15,199.5,223.9,253.35,285.65,318.15,357.1,396.4,436.85,476.0,2025-04-30,0.015539365170032,0.1246569900568439,3.986666666666667,24243.45,0.1535496470069566,24403.14590647614,24350,0.0144025875190258,0.0235774940959609,-3.747462661956148,3.986666666666667,-2.172617810631425,0.0015098316752649,2025,0.0288926569501127,0.0002458344013671,0.0003395769221963,0.1306474889225521,9.374252082921804e-05,0.7239431931272321,0.0229021580844044,-8.310852413883413,-7.987810061677201,-4.240347399721049,0.0002353745726091,0.693140661876494,0.0257117814777501,0.0001042023495872,-0.3230423522062425,1,0,0,7500.0,675.0,3375.0,975.0,77475.0,10200.0,52725.0,41175.0,291750.0,286875.0,1246125.0,1211775.0,1326900.0,448200.0,1248675.0,482100.0,627300.0,274800.0,481350.0,248625.0,605025.0,260625.0,164925.0,259875.0,223125.0,790800.0,188700.0,506775.0,415125.0,879150.0,568725.0,1678275.0,1185225.0,591675.0,111975.0,217650.0,30825.0,37575.0,4200.0,13500.0,4575.0,5400.0,0.1873793587592164,43.5,260625.0,0.1836217093392559,49.1,164925.0,0.1801534506681765,55.7,259875.0,0.1760283066600148,62.65,223125.0,0.1723980815990553,71.0,790800.0,0.1695102077639456,81.2,188700.0,0.1650334564570538,91.15,506775.0,0.1614059801810134,103.35,415125.0,0.1581417965236785,117.55,879150.0,0.1552763384888742,134.0,568725.0,0.1535496470069566,360.6,2924400.0,0.1505383433589377,174.15,1185225.0,0.1483599110576965,150.95,1326900.0,0.1485171525279927,129.6,448200.0,0.1461767412523867,107.7,1248675.0,0.1450926138254298,89.5,482100.0,0.1439044548496989,73.4,627300.0,0.1430713581064371,59.75,274800.0,0.1430767109613321,48.75,481350.0,0.1426726895405443,39.1,248625.0,0.1442528713013765,32.35,605025.0,0.0045921495167218,-0.00518973594926,0.0097818854659819,-0.000298793216269,0.1532508537906875,0.0114838094500972,-0.0073729057545698,0.0188567152046671,0.0020554518477636,0.1556050988547203,0.0188484345920987,-0.0096451921572576,0.0284936267493564,0.0046016212174205,0.1581512682243771,0.0266038036612198,-0.0104729360456244,0.0370767397068443,0.0080654338077977,0.1616150808147543,0.0338297117522597,-0.0092967757055801,0.0431264874578398,0.0122664680233398,0.1658161150302964,0.1507708075150341,-0.0183779347413024,0.0119476791071592,0.0004954096744609,0.6924641795801784,middle,4,0.026811406689970698,252,q_only,0920_open,500,284.75,106.54999999999927,178.20000000000073,215.25
2025-05-02,24410.3,24418.75,0.0040474091253884,0.4753336063570292,0.0056943175626682,-4.757181888872128,-4.389984061233884,-3.9748896591019904,-0.0033766495807822,610.45,570.15,518.7,480.0,438.5,400.6,360.45,323.8,289.1,255.5,223.1,196.6,168.45,144.2,122.2,102.9,85.5,70.4,57.75,47.05,38.1,64.45,71.2,79.3,86.65,96.1,105.5,117.25,130.7,145.3,162.55,182.0,200.3,225.05,250.8,278.2,310.3,342.8,379.15,415.7,455.1,496.0,2025-05-08,0.0097535623938411,0.0987601255256449,4.986666666666666,24154.1,0.158437144762621,24441.142294692345,24400,0.0171423135464231,0.0251023288405317,-3.6847946546571233,4.986666666666666,-0.7437383922925186,0.0040474091253884,2025,0.0596770192369761,0.0001930070018675,0.0004303119917298,0.1061089006600651,0.0002373049898622,0.4485280577277742,0.0523282441025558,-8.552784090611016,-7.751000050207281,-4.066205395550156,0.0002943222908642,0.6839741780866696,0.0274052984932351,0.0001359897008655,-0.8017840404039283,1,0,1,675.0,75.0,29925.0,1650.0,14400.0,14775.0,73650.0,63300.0,360525.0,210525.0,857700.0,713250.0,917325.0,420900.0,481425.0,371025.0,418950.0,293175.0,511125.0,213525.0,392100.0,193650.0,104325.0,591150.0,141975.0,282300.0,122700.0,359325.0,238950.0,612600.0,372900.0,1026300.0,601800.0,356850.0,66900.0,57450.0,27750.0,36150.0,2700.0,8775.0,2100.0,3525.0,0.1948662036598749,64.45,193650.0,0.1910439090355192,71.2,104325.0,0.1878181077976903,79.3,591150.0,0.1829301213070224,86.65,141975.0,0.1792114579558851,96.1,282300.0,0.1744636441265706,105.5,122700.0,0.1707910979623727,117.25,359325.0,0.1674202595550055,130.7,238950.0,0.1637667896247436,145.3,612600.0,0.1609392900969271,162.55,372900.0,0.158437144762621,405.1,1884000.0,0.1575763391661458,196.6,713250.0,0.1538569364949087,168.45,917325.0,0.1515764680287029,144.2,420900.0,0.1494075595300187,122.2,481425.0,0.1477282486495257,102.9,371025.0,0.145897129812962,85.5,418950.0,0.1443175896700617,70.4,293175.0,0.1432848950819371,57.75,511125.0,0.1424985579183373,47.05,213525.0,0.1419474730043392,38.1,392100.0,0.0053296448621226,-0.0045802082677122,0.0099098531298348,0.0003747182972052,0.1588118630598262,0.0123539531997517,-0.0090295852326022,0.021383538432354,0.0016621839835747,0.1600993287461957,0.0207743131932641,-0.0125400149496589,0.033314328142923,0.0041171491218026,0.1625542938844236,0.0293809630350693,-0.0151522496806838,0.0445332127157531,0.0071143566771927,0.1655515014398137,0.0364290588972539,-0.0164896717582817,0.0529187306555357,0.0099696935694861,0.1684068383321071,0.1564933911739141,-0.0255139982894684,0.0103223073368715,0.0005410855257256,0.6862769886127003,middle,5,0.02743154853724828,252,q_only,0920_open,500,302.55,245.90000000000146,56.649999999998556,197.45
2025-05-09,24113.5,24136.9,0.0075334626096247,1.3660585272962007,0.0092458257303999,-5.197282515860441,-4.6261066077861654,-4.001401450109326,-0.0105100692762356,599.55,560.95,521.2,481.95,442.45,402.0,366.75,330.55,297.3,264.85,233.75,206.7,179.15,156.25,134.1,114.5,97.4,81.15,67.7,55.75,46.6,157.45,166.05,174.35,184.85,195.55,207.65,219.2,235.55,249.0,268.55,287.85,309.2,332.6,358.0,385.1,416.2,448.2,483.7,519.4,553.65,601.0,2025-05-15,0.0390330361530991,0.1975678014077678,4.986666666666666,25035.3,0.2069189016471029,24045.844327424435,24100,0.0171423135464231,0.0428154318588434,-3.1508566839299896,4.986666666666666,0.3119296059819904,0.0075334626096247,2025,0.0093511002393351,0.0007723997630295,0.0007339555575498,0.2122688899150975,-3.84442054797736e-05,1.0523794732314766,-0.0053499882679946,-7.1660083142075015,-7.217062079480147,-4.066205395550156,0.0004780436219026,0.6513250250444066,0.0399256016984275,0.0002559119356471,0.0510537652725504,0,1,0,900.0,5475.0,2925.0,29700.0,12450.0,95925.0,28650.0,417150.0,143475.0,734625.0,507525.0,577725.0,307875.0,550650.0,274200.0,710700.0,355500.0,828675.0,287475.0,508350.0,361500.0,99150.0,212475.0,91200.0,559275.0,121050.0,358875.0,191925.0,1048050.0,289650.0,762225.0,386400.0,419625.0,70200.0,197550.0,50325.0,84900.0,22050.0,81825.0,9000.0,11775.0,750.0,0.2686798064015225,157.45,99150.0,0.2622938729267514,166.05,212475.0,0.2550212283438838,174.35,91200.0,0.2490165218618552,184.85,559275.0,0.2424436707762606,195.55,121050.0,0.236259892319019,207.65,358875.0,0.2287780680283963,219.2,191925.0,0.2242780228196692,235.55,1048050.0,0.2164284059260782,249.0,289650.0,0.2127259232876147,264.85,734625.0,0.2069189016471029,521.6,893925.0,0.2030884256564709,206.7,577725.0,0.197505409042846,179.15,307875.0,0.1943098247219357,156.25,550650.0,0.1902695987004562,134.1,274200.0,0.1868809561723145,114.5,710700.0,0.1841694807174407,97.4,355500.0,0.1805968506954596,81.15,828675.0,0.1781282792129642,67.7,287475.0,0.1755595551465931,55.75,508350.0,0.1746437033650245,46.6,361500.0,0.0095095042789753,-0.0094134926042568,0.0189229968832321,4.800583735925512e-05,0.2069669074844621,0.0218591663812934,-0.0166493029466466,0.0385084693279401,0.0026049317173234,0.2095238333644263,0.0355247691291577,-0.0227494209296621,0.0582741900588199,0.0063876740997477,0.2133065757468506,0.0481023266967809,-0.0287906224341386,0.0768929491309196,0.0096558521313211,0.216574753778424,0.0617609047544196,-0.0322751982820783,0.094036103036498,0.0147428532361706,0.2216617548832735,0.2126181554382286,-0.0683080346850043,0.0283811599538689,0.0005587115226934,0.6071748020317033,high,5,0.0274724582430775,252,q_only,0920_open,500,317.55,500.0,-182.45,182.45
2025-05-19,25027.85,25016.15,0.0008454614914237,0.0816840901559468,0.0037118025519571,-4.912386500955428,-3.7117539021585566,-4.208671383503137,-0.0008871413054557,559.85,525.05,472.3,434.75,392.35,353.4,316.45,281.6,248.5,218.45,190.8,165.15,141.55,121.05,102.65,86.1,72.2,60.9,50.5,41.8,34.85,36.55,42.05,48.75,57.3,66.55,78.2,91.2,106.35,123.7,142.45,164.45,188.95,216.75,244.75,277.8,310.7,348.1,384.15,425.75,459.0,509.95,2025-05-22,0.010914273704709,0.1044714013723805,3.986666666666667,24637.0,0.1878343407710838,25076.36411125433,25050,0.0089231354642313,0.0352817395729076,-3.344389741437029,3.986666666666667,-2.5048960310128203,0.0008454614914237,2025,0.0833629393987032,0.000172664964958,0.0003148237416227,0.139105201389905,0.0001421587766646,0.5484496311112976,0.0487291393811787,-8.664157459876515,-8.063497626149248,-4.719107884712219,0.0002147307041445,0.6820664256060537,0.0327070059791241,0.0001000930374782,-0.6006598337275467,1,0,1,5625.0,375.0,4275.0,2925.0,28050.0,8400.0,100425.0,40875.0,187125.0,283275.0,1709175.0,1136325.0,1203675.0,448050.0,1046625.0,468225.0,620550.0,393375.0,591975.0,409500.0,967500.0,389025.0,140400.0,261525.0,168450.0,306300.0,164625.0,449100.0,258300.0,366900.0,378975.0,1002975.0,446100.0,269925.0,57525.0,78975.0,16125.0,27750.0,5100.0,8925.0,450.0,9825.0,0.2113269799427834,36.55,389025.0,0.2071970155456326,42.05,140400.0,0.2036257561959754,48.75,261525.0,0.2012568193837333,57.3,168450.0,0.1980799427244945,66.55,306300.0,0.1962321540858588,78.2,164625.0,0.1940400821114905,91.2,449100.0,0.1923086775846471,106.35,258300.0,0.1908876106103496,123.7,366900.0,0.1887647557214452,142.45,378975.0,0.1878343407710838,355.25,2712150.0,0.1870088803798252,165.15,1136325.0,0.1859698192155203,141.55,1203675.0,0.185860207105753,121.05,448050.0,0.1856765224887749,102.65,1046625.0,0.1852074475136077,86.1,468225.0,0.1855507175825515,72.2,620550.0,0.186985168378232,60.9,393375.0,0.1874783385867209,50.5,591975.0,0.1883173487650777,41.8,409500.0,0.1899793304417745,34.85,967500.0,0.0030532698392658,-0.0018645215555634,0.0049177913948293,0.0005943741418512,0.188428714912935,0.0062057413404067,-0.0021578182823089,0.0083635596227156,0.0020239615290489,0.1898583023001327,0.0102456019534107,-0.0022836231885322,0.012529225141943,0.0039809893824392,0.191815330153523,0.0157914154248916,-0.0003560021843628,0.0161474176092545,0.0077177066202643,0.1955520473913481,0.0234926391716996,0.0021449896706907,0.0213476495010089,0.0128188144211951,0.2006531551922789,0.187418641222204,-0.0084366057751812,0.0086345975791742,0.000213665649896,0.6584865992279149,middle,4,0.028353087416208702,252,q_only,0920_open,500,283.84999999999997,413.0,-129.15000000000003,216.15000000000003
2025-05-26,25005.2,25026.0,0.0033772197748294,0.1898139204518396,0.0045750640116855,-4.586995237864456,-4.567858830833197,-4.29625804746643,0.0084131844620999,541.3,499.25,458.6,420.05,382.25,349.6,314.35,283.25,251.4,222.5,196.9,172.3,149.5,129.0,111.35,93.9,79.35,66.5,55.55,46.1,37.6,57.3,66.0,76.25,87.3,100.4,114.65,131.25,148.0,167.9,189.8,213.4,239.2,265.1,296.2,326.9,361.25,395.25,433.85,463.55,512.0,514.8,2025-05-29,0.0145677735532291,0.1206970320812784,3.986666666666667,24880.85,0.2178324613917541,24983.491163730683,25000,0.0089231354642313,0.04745098123599,-3.0480580747724693,3.986666666666667,-1.6617110527568757,0.0033772197748294,2025,0.0971354293104757,0.0002304637191754,0.0004234115334794,0.1607098663775442,0.000192947814304,0.54430194019884,0.0571225950142099,-8.3754171084568,-7.767165959484689,-4.719107884712219,0.0002810607713841,0.6638004616325175,0.0403557495409704,0.0001423507620952,-0.6082511489721246,1,0,1,9375.0,36075.0,27525.0,99000.0,49425.0,345525.0,204150.0,881850.0,680175.0,3049350.0,1610325.0,1676175.0,825975.0,1331025.0,853500.0,1029225.0,525300.0,863175.0,564975.0,1636650.0,432150.0,211200.0,449250.0,230475.0,551550.0,285150.0,649950.0,288375.0,610875.0,419625.0,1170300.0,346500.0,206250.0,44775.0,84525.0,11700.0,32400.0,5100.0,9525.0,150.0,21675.0,0.0,0.2352503530976739,57.3,211200.0,0.2329480676675081,66.0,449250.0,0.231220085295552,76.25,230475.0,0.228854515821662,87.3,551550.0,0.2273593022624657,100.4,285150.0,0.2254303706023259,114.65,649950.0,0.2243674898960325,131.25,288375.0,0.221568288665055,148.0,610875.0,0.2202995295079908,167.9,419625.0,0.2191776905942738,189.8,1170300.0,0.2178324613917541,410.3,1956825.0,0.2163088584012395,172.3,1676175.0,0.2146107073220749,149.5,825975.0,0.2132818974266449,129.0,1331025.0,0.2130196097296611,111.35,853500.0,0.2108070180435561,93.9,1029225.0,0.209883541756551,79.35,525300.0,0.208955354533764,66.5,863175.0,0.2084704555335478,55.55,564975.0,0.2080790402239517,46.1,1636650.0,0.2070297459217981,37.6,432150.0,0.0024670681162367,-0.0032217540696791,0.0056888221859159,-0.0003773429767212,0.2174551184150329,0.0065350285042784,-0.0048128516620929,0.0113478801663714,0.0008610884210927,0.2186935498128468,0.0095268408707116,-0.007948919635203,0.0174757605059147,0.0007889606177542,0.2186214220095084,0.0133876239037978,-0.0093620058582062,0.0227496297620041,0.0020128090227957,0.2198452704145499,0.0174178917059198,-0.0108027154699559,0.0282206071758757,0.0033075881179819,0.221140049509736,0.2180659003303653,-0.015011277698067,0.0029386950790192,0.0003499991375671,0.6152649394369714,high,4,0.02745882167446776,252,q_only,0920_open,500,315.4,119.15000000000146,196.24999999999852,184.60000000000002
2025-05-30,24805.55,24826.9,-0.0002660135298405,0.0275945972650919,0.0027332907857314,-4.196372333842785,-4.2715631393761555,-4.292534051905528,0.004984095091313,529.9,487.25,447.25,406.0,371.85,336.2,304.8,271.45,242.1,215.4,189.5,167.8,146.65,129.85,110.45,96.8,82.85,69.45,59.85,49.9,42.8,46.85,55.15,65.25,77.55,90.35,104.95,120.55,140.9,161.95,184.75,210.35,237.35,267.25,294.45,330.3,364.6,402.0,438.0,480.4,517.35,517.35,2025-06-05,0.0110425313622117,0.1050834495161426,4.986666666666666,24761.1,0.1544298406879516,24779.12854393345,24800,0.0171423135464231,0.0238485756949061,-3.7360307827222026,4.986666666666666,-3.590135276685596,0.0002660135298405,2025,0.0493463911718089,0.0002185135835696,0.0004088197621976,0.1129027453780422,0.0001903061786279,0.534498582933056,0.0415270953099094,-8.428662377993929,-7.80223617827236,-4.066205395550156,0.0002809376478137,0.68719194567187,0.0264120718693794,0.0001278821143839,-0.6264261997217805,1,0,1,150.0,4125.0,1575.0,36225.0,3975.0,47400.0,22350.0,189300.0,182700.0,1193775.0,657525.0,592050.0,204000.0,660300.0,173400.0,390000.0,162225.0,415950.0,177375.0,343500.0,133950.0,111000.0,338100.0,171525.0,464625.0,222825.0,479250.0,213000.0,583425.0,498150.0,1421550.0,430950.0,310800.0,39750.0,133350.0,7200.0,15450.0,2775.0,33525.0,75.0,4650.0,0.0,0.1578643527498572,46.85,111000.0,0.1566289754742901,55.15,338100.0,0.1559989532710004,65.25,171525.0,0.1561191576852926,77.55,464625.0,0.1552082465646615,90.35,222825.0,0.1544615952833527,104.95,479250.0,0.1531080875063794,120.55,213000.0,0.1541399109969175,140.9,583425.0,0.1541440558226483,161.95,498150.0,0.1539735035925424,184.75,1421550.0,0.1544298406879516,399.85,1088475.0,0.1554084879466275,167.8,592050.0,0.1553036842908989,146.65,204000.0,0.1571872282248535,129.85,660300.0,0.1554492922744659,110.45,173400.0,0.1570859494828623,96.8,390000.0,0.1570513886947786,82.85,162225.0,0.1559876778177335,69.45,415950.0,0.1572624261844782,59.85,177375.0,0.1567553079022179,49.9,343500.0,0.1581903229872402,42.8,133950.0,-0.0002857848653032,0.0008738436029473,-0.0011596284682506,0.000294029368822,0.1547238700567736,-0.0013217531815721,0.0010194515865143,-0.0023412047680864,-0.0001511507975288,0.1542786898904227,0.0007784058767099,0.002621548006827,-0.0018431421301171,0.0016999769417684,0.15612981762972,0.0015691125830488,0.0028325854965266,-0.0012634729134778,0.0022008490397877,0.1566306897277393,0.0034345120619056,0.0037604822992886,-0.0003259702373829,0.0035974971805971,0.1580273378685487,0.154496252149962,0.0022458813402402,0.0040012472956197,0.0006382691164959,0.6990330784469206,middle,5,0.0279127728296431,252,q_only,0920_open,500,310.2,38.900000000001455,271.29999999999853,189.8
2025-06-09,25107.6,25110.05,-0.0020489739258318,0.074774084484594,0.0022005289235131,-4.60167795565578,-4.55035614214821,-4.323176720086274,0.0096139514722878,532.65,487.7,447.9,402.15,362.45,324.6,288.1,251.7,219.1,189.5,161.85,137.0,116.2,96.45,78.2,64.0,52.25,41.9,33.4,26.6,20.65,26.35,31.65,37.9,45.4,54.5,64.7,77.4,92.7,109.95,130.3,152.25,178.45,205.0,237.35,268.8,306.3,343.65,379.15,423.35,461.65,506.1,2025-06-12,0.0045364565809537,0.0673532224986581,3.986666666666667,24856.0,0.1660428233025426,25109.605141102147,25100,0.0089231354642313,0.0275702191702793,-3.5910191043850155,3.986666666666667,-2.5932839181439675,0.0020489739258318,2025,0.0986896008038845,7.176722315900299e-05,0.0002460128004349,0.0896818024536603,0.0001742455772759,0.2917214999874764,0.0763610208488822,-9.542082688102584,-8.310126989097238,-4.719107884712219,0.0001716311709214,0.6976513848790579,0.0273546782231433,7.438162951353152e-05,-1.2319556990051488,1,0,1,4350.0,6375.0,13200.0,23025.0,48525.0,20250.0,83925.0,66600.0,380025.0,218250.0,1070400.0,683250.0,767025.0,425175.0,472275.0,249300.0,397725.0,298950.0,817800.0,200025.0,420525.0,518025.0,398175.0,582150.0,395925.0,591000.0,304050.0,609675.0,582225.0,935775.0,339900.0,1171350.0,571575.0,357000.0,64425.0,50100.0,15075.0,13125.0,1875.0,10575.0,300.0,675.0,0.1863385403595691,26.35,518025.0,0.1835308288998271,31.65,398175.0,0.1806608444197577,37.9,582150.0,0.1779686677156529,45.4,395925.0,0.1756620568889255,54.5,591000.0,0.1727642914786884,64.7,304050.0,0.1708649364193993,77.4,609675.0,0.169683051456865,92.7,582225.0,0.1682204191426173,109.95,935775.0,0.1675874913066802,130.3,339900.0,0.1660428233025426,314.1,2241750.0,0.165195649352766,137.0,683250.0,0.1659847768605568,116.2,767025.0,0.1652466329701827,96.45,425175.0,0.1634150771893022,78.2,472275.0,0.1636289508547498,64.0,249300.0,0.164374034853884,52.25,397725.0,0.164491437533385,41.9,298950.0,0.1648610258924062,33.4,817800.0,0.1656737970281346,26.6,200025.0,0.1656549089473597,20.65,420525.0,0.0021775958400747,-5.80464419858151e-05,0.0022356422820605,0.0010597746990444,0.167102598001587,0.0048221131168567,-0.0026277461132403,0.007449859230097,0.0010971835018082,0.1671400068043508,0.0096192335863829,-0.0016687884486586,0.0112880220350415,0.0039752225688621,0.1700180458714047,0.0146180211172151,-0.0011817974101363,0.0157998185273515,0.0067181118535394,0.172760935156082,0.0202957170570265,-0.0003879143551828,0.0206836314122093,0.0099539013509218,0.1759967246534644,0.1661462024540648,-0.0067595958600288,0.0055930616173134,0.0005414457869121,0.6890036246064218,middle,4,0.027216872417544922,252,q_only,0920_open,500,267.1,244.0,23.100000000000023,232.89999999999998
2025-06-13,24604.6,24613.15,0.0052227207722801,0.1966994383970567,0.0060618904849093,-4.758761403961443,-5.092663676500463,-4.5895791631378575,-0.0108358335133877,572.85,519.25,488.05,448.1,408.6,370.6,333.4,298.55,266.4,234.25,206.25,180.2,154.95,134.1,113.9,96.55,81.8,68.4,57.45,47.7,40.05,53.8,60.8,69.4,78.4,88.6,99.2,113.95,128.25,145.3,166.6,185.95,209.6,235.9,263.6,293.05,325.85,361.0,399.55,436.4,479.35,518.05,2025-06-19,0.0054868861972721,0.074073518866543,4.986666666666666,24744.7,0.1525813769476553,24620.320890079187,24600,0.0171423135464231,0.0232810765912424,-3.7601144118598966,4.986666666666666,-1.626078408715466,0.0052227207722801,2025,0.0785078580811122,0.0001085764781894,0.0003990915146253,0.0795853550521311,0.0002905150364359,0.2720590997564244,0.0729960218955241,-9.128055765181488,-7.826319807410057,-4.066205395550156,0.0002748581927821,0.6887096886542022,0.0259563280406985,0.0001242333218431,-1.301735957771312,1,0,1,1200.0,150.0,7275.0,1650.0,25500.0,16875.0,81600.0,50850.0,441375.0,267000.0,1152600.0,484800.0,741675.0,209475.0,660225.0,355200.0,578175.0,240675.0,945525.0,292275.0,577125.0,229575.0,143325.0,390150.0,194325.0,472125.0,231450.0,544650.0,236850.0,1096650.0,417750.0,1310025.0,289050.0,276900.0,130125.0,176325.0,30750.0,83925.0,17325.0,198075.0,39075.0,48675.0,0.1762606541112571,53.8,229575.0,0.1733304784452933,60.8,143325.0,0.1711362708410831,69.4,390150.0,0.1682505701834976,78.4,194325.0,0.1654331526448242,88.6,472125.0,0.1618487922395759,99.2,231450.0,0.1607024816555838,113.95,544650.0,0.1578081059407934,128.25,236850.0,0.1558073242996581,145.3,1096650.0,0.1557215804832969,166.6,417750.0,0.1525813769476553,392.2,2462625.0,0.1514403829075763,180.2,484800.0,0.1493170464307031,154.95,741675.0,0.1490317650686294,134.1,209475.0,0.1476217839015747,113.9,660225.0,0.1469006380807442,96.55,355200.0,0.1467982560388041,81.8,578175.0,0.1462983974179771,68.4,240675.0,0.1465963617389842,57.45,945525.0,0.146600920431812,47.7,292275.0,0.1475384739410167,40.05,577125.0,0.0032259473520028,-0.0032643305169521,0.006490277868955,-1.9191582474625823e-05,0.1525621853651806,0.0081211047079285,-0.0049595930460805,0.013080697754009,0.001580755830924,0.1541621327785793,0.0128517756971689,-0.0057831209088511,0.0186348966060201,0.0035343273941589,0.1561157043418142,0.0185548938934278,-0.0059850152086711,0.0245399091020989,0.0062849393423783,0.1588663162900336,0.0236792771636018,-0.0050429030066385,0.0287221801702404,0.0093181870784816,0.1618995640261369,0.1521395120346381,-0.0145585044710436,0.0079157782541295,0.0005317523965105,0.6484137934057804,middle,5,0.02506547775373678,252,q_only,0920_open,500,298.34999999999997,144.70000000000073,153.64999999999924,201.65000000000003
2025-06-23,24930.95,24927.45,-0.000391018608444,0.049342373477188,0.0024888272659084,-4.38374935310758,-5.049088156694238,-4.648860497086381,0.0134494229439532,525.0,480.5,434.4,388.3,350.95,308.4,265.8,228.35,200.15,162.5,137.3,114.3,90.7,70.9,55.1,44.65,32.65,25.55,20.45,15.6,11.85,33.1,37.25,43.55,49.9,56.45,66.6,79.05,91.0,106.0,127.5,147.0,170.15,199.0,232.0,264.6,299.7,347.0,387.0,429.0,471.05,523.0,2025-06-26,0.0169575352647637,0.1302211014573435,3.986666666666667,25530.4,0.1512401817918799,24940.294805344707,24950,0.0089231354642313,0.0228735925884408,-3.7777721959017425,3.986666666666667,-3.0089720645144418,0.000391018608444,2025,0.0210190803345363,0.0002682700023367,0.0002041041652202,0.1733913042754302,-6.416583711644361e-05,1.3143778915397828,-0.0221511224835503,-8.223516613206392,-8.496880080613964,-4.719107884712219,0.000144850509425,0.7096891397032872,0.0238308405094839,5.9253655795246066e-05,0.2733634674078933,0,1,0,300.0,63300.0,3375.0,27225.0,7500.0,109800.0,38025.0,232800.0,206325.0,984975.0,846225.0,1451475.0,494400.0,793425.0,487050.0,780000.0,390300.0,957900.0,370050.0,872250.0,377475.0,259350.0,891300.0,314175.0,670800.0,410850.0,967050.0,574575.0,1858725.0,1049325.0,3010350.0,2095575.0,2716650.0,452400.0,515700.0,86850.0,138225.0,53475.0,52800.0,9150.0,12675.0,2025.0,0.1959881120931674,33.1,259350.0,0.1895959876047122,37.25,891300.0,0.1855633901579823,43.55,314175.0,0.1800140256789048,49.9,670800.0,0.1732502218196918,56.45,410850.0,0.1696454224195675,66.6,967050.0,0.1667661774642592,79.05,574575.0,0.1610466503708105,91.0,1858725.0,0.1564829159237231,106.0,1049325.0,0.1563576025463522,127.5,3010350.0,0.1512401817918799,284.3,2941800.0,0.1511425104810215,114.3,1451475.0,0.1473092346357018,90.7,494400.0,0.1443977854318266,70.9,793425.0,0.1428549349929427,55.1,487050.0,0.145173605439447,44.65,780000.0,0.1421400277282099,32.65,390300.0,0.1437070829721334,25.55,957900.0,0.1465379311576066,20.45,370050.0,0.1475189061519268,15.6,872250.0,0.1486678377660881,11.85,377475.0,0.0052427341318432,-0.003930947156178,0.0091736812880213,0.0006558934878325,0.1518960752797124,0.0155259956723793,-0.0083852467989371,0.0239112424713164,0.0035703744367211,0.154810556228601,0.0220100400278119,-0.0091001540636699,0.0311101940914819,0.0064549429820709,0.1576951247739508,0.0343232083661024,-0.0047022506342732,0.0390254590003757,0.0148104788659146,0.1660506606577945,0.0447479303012875,-0.0025723440257917,0.0473202743270792,0.0210877931377478,0.1723279749296277,0.1525798630513538,-0.0191332864054801,0.0085113861418985,0.0011888168775906,0.6978614758530128,middle,4,0.0248574276704764,252,q_only,0920_open,500,239.35,500.0,-260.65,260.65
2025-07-31,24680.35,24702.7,0.0015429051234514,0.1430700555321441,0.0026377101368092,-5.184344876484311,-4.928914864934692,-5.2407155472473415,0.0005697036587941,466.95,419.55,368.85,319.95,271.35,226.4,180.4,140.7,101.95,69.85,45.5,28.75,18.1,11.35,8.05,5.45,4.0,3.05,2.55,2.15,1.95,1.9,2.3,3.3,4.5,7.05,10.45,16.35,24.15,37.35,55.6,81.1,113.6,151.9,197.55,240.9,291.05,339.65,387.55,439.0,485.65,535.0,2025-07-31,0.0100029088060105,0.1000145429725626,0.9866666666666668,24765.6,0.2360690911666352,24664.398496315276,24700,0.0007039573820395,0.0557286158042411,-2.887261515242952,0.9866666666666668,-1.9444208698572991,0.0015429051234514,2025,0.1360545481940726,3.916482812935328e-05,3.923057048623867e-05,0.2358712066383998,6.574235688538914e-08,0.9983242059426984,0.0001978845282353,-10.147731455528165,-10.146054255757326,-7.258792740514372,2.8656608277633217e-05,0.7304662645088326,0.0343071675715924,1.0573962208605452e-05,-0.0016771997708399,1,0,0,3375.0,1575.0,20775.0,7125.0,135225.0,84525.0,733950.0,644475.0,3603375.0,5613825.0,10852275.0,5200950.0,5786850.0,3693375.0,3814200.0,2274300.0,3129150.0,1483350.0,1981725.0,796950.0,1840125.0,1737675.0,985050.0,1569375.0,1405350.0,2417850.0,2202975.0,4247550.0,2855850.0,6418425.0,5904975.0,6025725.0,1907325.0,2045550.0,694950.0,555600.0,129525.0,147300.0,26475.0,40425.0,3450.0,33975.0,0.3561462392434247,1.9,1737675.0,0.3334793778282063,2.3,985050.0,0.3193560488283782,3.3,1569375.0,0.3012740118173473,4.5,1405350.0,0.2914328190585138,7.05,2417850.0,0.2775603536393739,10.45,2202975.0,0.2683711965073163,16.35,4247550.0,0.2542290255902403,24.15,2855850.0,0.2473889002478227,37.35,6418425.0,0.2396169786153947,55.6,5904975.0,0.2360690911666352,126.6,16878000.0,0.238754083592846,28.75,5200950.0,0.2461539400659588,18.1,5786850.0,0.2552755986065096,11.35,3693375.0,0.2738378708130746,8.05,3814200.0,0.2877518929039824,5.45,2274300.0,0.3057491304327322,4.0,3129150.0,0.32467172924126,3.05,1483350.0,0.3476481076261534,2.55,1981725.0,0.3698728961055075,2.15,796950.0,0.3953448264107921,1.95,1840125.0,0.0113198090811875,0.0100848488993236,0.0012349601818638,0.0107023289902555,0.2467714201568907,0.032302105340681,0.0377687796464394,-0.0054666743057583,0.0350354424935602,0.2711045336601954,0.0553637278918786,0.069680039266097,-0.0143163113742183,0.0625218835789878,0.298590974745623,0.083286957661743,0.1115790164595182,-0.0282920587977751,0.0974329870606306,0.3335020782272658,0.1200771480767895,0.1592757352441569,-0.0391985871673674,0.1396764416604732,0.3757455328271084,0.239431972695221,-0.0045995303305828,0.0164210105032264,0.002868595072603,0.6505031177303668,high,1,0.0260374056118018,252,q_only,0920_open,500,122.74999999999999,65.59999999999854,57.15000000000144,377.25
2025-08-04,24642.75,24624.35,0.0017750998066939,0.0221075317947534,0.0032484516237027,-4.53454356362384,-4.625395548910253,-5.122747001860156,-0.0078419056952311,566.05,518.8,478.0,434.5,389.65,347.0,307.3,267.75,231.75,197.85,167.5,139.6,115.35,93.4,75.2,59.7,47.2,37.0,29.0,22.65,17.85,15.05,18.2,22.2,27.2,33.25,40.95,49.8,61.4,75.05,91.35,110.75,132.05,157.9,186.0,217.95,251.8,290.4,329.1,371.85,414.5,459.0,2025-08-07,0.0063812886624528,0.0798829685380612,3.986666666666667,24626.65,0.1476730520201052,24706.780391411132,24650,0.0089231354642313,0.0218073302929327,-3.8255091137377266,3.986666666666667,-3.811836923326865,0.0017750998066939,2025,0.067790083482044,0.0001009526619086,0.000194589762317,0.1063653428606937,9.363710040842846e-05,0.5187973956417503,0.0413077091594114,-9.20085884496818,-8.544616998449946,-4.719107884712219,0.000138703458584,0.7127993627848638,0.0229964658587834,5.5886303733005354e-05,-0.6562418465183015,1,0,1,375.0,0.0,8325.0,1275.0,14250.0,9075.0,59550.0,49050.0,404325.0,468825.0,1851300.0,1459950.0,1710900.0,906675.0,1205625.0,612000.0,810225.0,537375.0,1017900.0,324375.0,434100.0,265275.0,200625.0,422175.0,257475.0,491100.0,354375.0,479550.0,417825.0,957150.0,660375.0,1638975.0,940500.0,748950.0,165375.0,210750.0,42600.0,62025.0,5550.0,33675.0,375.0,4125.0,0.1737205162105957,15.05,265275.0,0.1699306714317644,18.2,200625.0,0.1665192035155532,22.2,422175.0,0.1633693521173574,27.2,257475.0,0.1601846155356688,33.25,491100.0,0.1575918917045102,40.95,354375.0,0.1544138968686575,49.8,479550.0,0.152532729216773,61.4,417825.0,0.1505304897644579,75.05,957150.0,0.1488382030729586,91.35,660375.0,0.1476730520201052,278.25,3490275.0,0.1455344399564844,132.05,940500.0,0.1458655015670109,115.35,1710900.0,0.1446880229003986,93.4,906675.0,0.1445015889399699,75.2,1205625.0,0.1443221811219765,59.7,612000.0,0.1448275873028872,47.2,810225.0,0.145530099629199,37.0,537375.0,0.1467867661131421,29.0,1017900.0,0.1482636791308261,22.65,324375.0,0.1504013765930097,17.85,434100.0,0.0028574377443527,-0.0018075504530942,0.004664988197447,0.0005249436456292,0.1481979956657344,0.0067408448485523,-0.0031714630801353,0.0099123079286876,0.0017846908842085,0.1494577429043137,0.0125115635155635,-0.0028454647172179,0.0153570282327815,0.0048330493991728,0.152506101419278,0.018846151495448,-0.000886285906963,0.019732437402411,0.0089799327942425,0.1566529848143477,0.0260474641904905,0.0027283245729045,0.023319139617586,0.0143878943816975,0.1620609464018027,0.1460839991069631,-0.006605138604592,0.0066662717259668,0.0002853388952185,0.6941032221755908,middle,4,0.0260374056118018,252,q_only,0920_open,500,245.34999999999997,23.349999999998545,222.00000000000142,254.65000000000003
2025-08-18,24945.05,24951.75,0.0002045159567241,0.0234498688387003,0.0026938899200442,-5.512292669335737,-5.093921708023757,-5.042106364470458,-0.0005827831409634,545.0,495.7,454.0,405.0,362.65,319.9,283.0,245.25,212.55,180.4,149.95,126.25,102.15,84.95,68.1,53.35,43.35,33.3,26.45,20.35,16.2,13.9,17.2,21.15,26.7,33.0,41.45,51.45,64.7,81.0,98.8,121.0,145.1,174.0,202.85,237.1,273.0,312.3,354.0,397.05,438.4,483.5,2025-08-21,0.0032336121210733,0.0568648584019462,3.986666666666667,25076.95,0.1435548280074332,24978.96550363616,24950,0.0089231354642313,0.0206079886442437,-3.882076480096656,3.986666666666667,-3.752890377337887,0.0002045159567241,2025,0.0866899696054869,5.115608593655645e-05,0.0001838878743179,0.0757163920087158,0.0001327317883813,0.2781917302938192,0.0678384359987173,-9.880629090502586,-8.601184364808876,-4.719107884712219,0.0001317561346144,0.7165025704015191,0.0220407266265402,5.2131739703460776e-05,-1.2794447256935642,1,0,1,5775.0,40500.0,9225.0,83850.0,69300.0,218325.0,99675.0,265650.0,240225.0,1017000.0,1281075.0,1899450.0,632550.0,814350.0,427575.0,796425.0,365475.0,588975.0,408225.0,528375.0,229500.0,301350.0,597675.0,224475.0,685800.0,533325.0,621975.0,387675.0,788325.0,537000.0,1210950.0,893250.0,832350.0,156000.0,146625.0,18000.0,42825.0,6675.0,34050.0,1500.0,3675.0,600.0,0.1620005118232761,13.9,301350.0,0.1587430682396282,17.2,597675.0,0.1552240493884335,21.15,224475.0,0.1530138835268966,26.7,685800.0,0.1499230434652178,33.0,533325.0,0.1479611492071608,41.45,621975.0,0.1456617951288679,51.45,387675.0,0.1448691030644345,64.7,788325.0,0.1447468306668997,81.0,537000.0,0.1432883233701072,98.8,1210950.0,0.1435548280074332,270.95,2174325.0,0.1450291738028507,126.25,1899450.0,0.1429492599424231,102.15,632550.0,0.1452900977689479,84.95,814350.0,0.1450491058703471,68.1,427575.0,0.1441932419650335,53.35,796425.0,0.1466310089199933,43.35,365475.0,0.1462006247371248,33.3,588975.0,0.1481475861740906,26.45,408225.0,0.1489135443273169,20.35,528375.0,0.15142313012595,16.2,229500.0,0.0011920026594665,-0.00060556806501,0.0017975707244766,0.0002932172972282,0.1438480453046614,0.0021069671214347,0.0014942778629139,0.0006126892585207,0.0018006224921743,0.1453554504996075,0.0063682154577846,0.0030761809125601,0.0032920345452245,0.0047221981851723,0.1482770261926055,0.0116692213810003,0.0045927581666574,0.0070764632143428,0.0081309897738288,0.151685817781262,0.0184456838158429,0.0078683021185168,0.0105773816973261,0.0131569929671798,0.156711820974613,0.1435926520872533,-0.0005943087172929,0.0053412483701867,0.0007817479171257,0.692498190463843,low,4,0.024770411222143757,252,q_only,0920_open,500,240.85,126.95000000000073,113.89999999999927,259.15
2025-10-28,25968.05,25957.8,0.001084640414483,0.0706487087161849,0.0029343450413103,-5.100743965068865,-4.739655295293702,-4.9401968946788255,0.0068203878543478,535.35,486.05,438.65,388.25,340.5,292.45,245.9,202.95,158.55,121.35,87.3,61.95,40.15,26.25,17.05,10.7,6.7,4.25,3.0,2.4,2.1,2.6,3.0,3.3,4.0,5.15,7.0,10.3,15.65,24.5,36.3,54.0,75.15,105.25,140.55,179.05,228.0,272.55,320.5,367.0,416.2,464.15,2025-10-28,0.0105981607904787,0.1029473690313587,0.9866666666666668,25965.4,0.2524451651228164,25983.301406536553,25950,0.0007039573820395,0.063728561393886,-2.7531224433630004,0.9866666666666668,-2.6500354472134653,0.001084640414483,2025,0.1494977960914576,4.1495444364837246e-05,4.486219123998354e-05,0.2427878929600938,3.3667468751462913e-06,0.9249535793484456,0.0096572721627225,-10.089926911094537,-10.011915183877374,-7.258792740514372,3.237010581190681e-05,0.7215453573978988,0.0380085833383517,1.249208542807673e-05,-0.0780117272171624,1,0,0,825.0,17700.0,2475.0,11100.0,5700.0,92775.0,79425.0,396000.0,371925.0,1819650.0,3005700.0,6755175.0,3554775.0,4315575.0,2942175.0,2966925.0,1912875.0,2087850.0,1122675.0,1240125.0,632700.0,974250.0,1754925.0,873000.0,1343475.0,1447725.0,1827525.0,2206800.0,3942300.0,3450375.0,7239825.0,8007975.0,9145875.0,2064750.0,1614375.0,257850.0,312675.0,35775.0,34800.0,5550.0,8925.0,2550.0,0.3995462741177871,2.6,974250.0,0.3765694751603848,3.0,1754925.0,0.3495703086689093,3.3,873000.0,0.3275640282567038,4.0,1343475.0,0.3081192540531513,5.15,1447725.0,0.2909964094078367,7.0,1827525.0,0.2786787490288805,10.3,2206800.0,0.2690999556941245,15.65,3942300.0,0.264180529022379,24.5,3450375.0,0.2557784299569011,36.3,7239825.0,0.2524451651228164,141.3,11013675.0,0.2543836859718453,61.95,6755175.0,0.2483426612352666,40.15,3554775.0,0.2524313299704244,26.25,4315575.0,0.2592717789198029,17.05,2942175.0,0.2650449662133936,10.7,2966925.0,0.2721461093541776,6.7,1912875.0,0.2807318493693412,4.25,2087850.0,0.2951040680329416,3.0,1122675.0,0.3150700051300888,2.4,1240125.0,0.3385873269623058,2.1,632700.0,0.0117353638995626,-0.0041025038875497,0.0158378677871124,0.0038164300060064,0.2562615951288228,0.0262335839060641,0.0068266137969865,0.0194069701090776,0.0165300988515254,0.2689752639743418,0.0556740889303349,0.0197009442313612,0.0359731446989736,0.037687516580848,0.2901326817036644,0.0971251435460929,0.0426589029101252,0.0544662406359676,0.0698920232281091,0.3223371883509255,0.1471011089949707,0.0861421618394894,0.0609589471554812,0.11662163541723,0.3690668005400465,0.2512298621015763,-0.004751224404611,0.0123962705442011,0.0016651150962616,0.6550868223572479,high,1,0.023200787376541,252,q_only,0920_open,500,136.60000000000002,15.400000000001455,121.19999999999857,363.4
2026-01-21,25239.2,25204.85,0.0040251406973256,0.2883047524357951,0.0058480458968587,-4.8788542626236335,-4.573332544767778,-5.280089905742589,-0.0130031164042705,616.3,572.35,527.9,485.45,438.75,394.65,357.2,318.45,281.1,245.2,213.1,182.55,155.45,130.15,108.05,89.0,72.7,59.65,48.65,39.7,32.05,28.85,32.75,37.3,43.0,49.4,56.85,66.6,77.25,89.9,104.35,121.65,141.3,162.35,188.45,216.5,247.6,280.4,316.25,355.9,396.95,438.2,2026-01-27,0.0200491299730012,0.1415949503795994,3.986666666666667,25234.1,0.1237343394275453,25341.544108263133,25250,0.0171423135464231,0.0153101867535709,-4.179236871243833,3.986666666666667,-1.2437371901316578,0.0040251406973256,2026,-0.0178606109520541,0.0003171793577739,0.000262452021784,0.1360246886442035,-5.4727335989928337e-05,1.2085232021377534,-0.0122903492166582,-8.056043146695874,-8.245442266793996,-4.066205395550156,0.0001797527636593,0.6848976145713745,0.0213336051227417,8.269925812470584e-05,0.189399120098035,0,1,0,1625.0,1625.0,4095.0,3315.0,12415.0,6240.0,106600.0,32695.0,258505.0,227175.0,1127360.0,1190020.0,1633385.0,853580.0,1357005.0,712400.0,1516190.0,507975.0,1046305.0,499915.0,833365.0,354315.0,364130.0,535860.0,429130.0,616135.0,416130.0,2200575.0,797615.0,1815125.0,1560000.0,3658525.0,2500160.0,1932450.0,435955.0,471315.0,193310.0,302575.0,29380.0,133510.0,20670.0,44135.0,0.1522411095340667,28.85,354315.0,0.1485855720852535,32.75,364130.0,0.1449858412089548,37.3,535860.0,0.141905027118197,43.0,429130.0,0.1385961072544807,49.4,616135.0,0.1353243310917725,56.85,416130.0,0.1331207444392667,66.6,2200575.0,0.1303831007763063,77.25,797615.0,0.127975064110164,89.9,1815125.0,0.1255349561707994,104.35,1560000.0,0.1237343394275453,334.75,4785885.0,0.1220107047001458,141.3,2500160.0,0.1207083373009239,155.45,1633385.0,0.1190721747277285,130.15,853580.0,0.1179388545166057,108.05,1357005.0,0.1172304169025322,89.0,712400.0,0.1168068364359767,72.7,1516190.0,0.1173079536472745,59.65,507975.0,0.1179235097574908,48.65,1046305.0,0.1189080538907235,39.7,499915.0,0.1196939251328761,32.05,833365.0,0.0042407246826186,-0.0030260021266213,0.00726672680924,0.0006073612779986,0.1243417007055439,0.0093864050117213,-0.0057954849109395,0.0151818899226609,0.0017954600503908,0.1255297994779362,0.0148617678269354,-0.0069275029915685,0.0217892708185039,0.0039671324176834,0.1277014718452288,0.0212515017814095,-0.0058108296700545,0.027062331451464,0.0077203360556775,0.1314546754832228,0.0285067701065214,-0.0040404142946691,0.0325471844011906,0.0122331779059261,0.1359675173334714,0.1207725786040693,-0.0118176898244917,0.007049509339387,0.0001753401291241,0.6321609502221852,middle,4,0.020467305432967303,252,q_only,0920_open,500,273.84999999999997,15.900000000001455,257.9499999999985,226.15000000000003
2026-01-28,25335.45,25343.25,0.0030497198745062,0.0946195970009127,0.0043654247309599,-3.768011967213944,-4.1047829192064835,-5.034952090734365,0.0067337778065852,607.5,566.85,524.65,488.05,451.95,415.75,379.4,347.2,315.6,284.0,257.5,230.75,207.15,182.95,163.6,144.3,125.5,110.6,97.1,84.25,72.8,79.85,89.0,99.95,110.7,122.95,136.95,152.75,168.75,186.9,208.75,229.9,252.4,277.7,307.5,335.45,365.0,398.6,431.65,468.6,505.0,545.0,2026-02-03,0.0574417208619112,0.2396700249549602,5.986666666666666,25714.8,0.183954121867174,25377.62840227515,25350,0.0171423135464231,0.0338391189519231,-3.386137780282721,5.986666666666666,-2.3578906679203895,0.0030497198745062,2026,-0.0557159030877862,0.0013646207760316,0.0005800807872085,0.2821442944179664,-0.000784539988823,2.352466770358632,-0.0981901725507924,-6.596878708701307,-7.452343175832877,-4.066205395550156,0.0003448724253416,0.5945248195536117,0.0421154949394386,0.0002352083618668,0.8554644671316637,0,1,0,3055.0,10140.0,6240.0,120315.0,21450.0,137475.0,127465.0,501735.0,499850.0,1730820.0,1398085.0,1057030.0,547560.0,1422135.0,634140.0,646945.0,336635.0,602095.0,450320.0,559715.0,299130.0,81185.0,177775.0,115375.0,437385.0,170625.0,322920.0,235105.0,620360.0,418275.0,1099995.0,636740.0,319215.0,86515.0,156390.0,15145.0,30550.0,10595.0,12025.0,1885.0,5135.0,650.0,0.2012776240771042,79.85,81185.0,0.1990626622961716,89.0,177775.0,0.1976545822041128,99.95,115375.0,0.1950686157524016,110.7,437385.0,0.19285778051485,122.95,170625.0,0.1911203831650265,136.95,322920.0,0.1897865288506804,152.75,235105.0,0.1875039762870951,168.75,620360.0,0.1857904783825952,186.9,418275.0,0.1857446860696126,208.75,1099995.0,0.183954121867174,487.4,2034825.0,0.1824963339953471,230.75,1057030.0,0.1821803784850578,207.15,547560.0,0.1801465325612375,182.95,1422135.0,0.180581763964002,163.6,634140.0,0.179807999913348,144.3,646945.0,0.1781225340949165,125.5,336635.0,0.1783983158909451,110.6,602095.0,0.178676961314039,97.1,450320.0,0.17831057845498,84.25,559715.0,0.1780244816448896,72.8,299130.0,0.0018363565154211,-0.0017737433821161,0.0036100998975373,3.130656665253917e-05,0.1839854284338265,0.0058324069835064,-0.0033723579031719,0.0092047648866783,0.0012300245401672,0.1851841464073412,0.008903658647676,-0.0058315877722574,0.0147352464199334,0.0015360354377092,0.1854901573048832,0.0137004603369388,-0.0052771605531349,0.0189776208900737,0.0042116498919019,0.1881657717590759,0.0173235022099302,-0.0059296402222843,0.0232531424322146,0.0056969309938229,0.1896510528609969,0.1832743070437606,-0.0136772548682343,0.0074361921418325,0.0004584595184238,0.4960103737513636,high,6,0.02128689570595028,252,q_only,0920_open,500,334.75,364.7999999999993,-30.049999999999272,165.25
2026-02-04,25712.55,25732.3,0.0013875444347775,0.0745867246880944,0.0069265786551702,-1.574364507989284,-3.248530212237521,-4.38075802118675,0.024999973118958,527.9,479.1,437.85,399.7,360.05,323.5,289.95,257.95,226.65,198.2,172.65,147.55,128.6,109.95,94.2,78.75,67.85,56.75,47.65,40.15,33.9,46.1,53.95,61.3,71.5,83.9,95.95,111.25,128.0,149.0,169.25,193.55,222.2,248.7,281.0,313.75,351.1,386.1,427.45,470.5,509.35,554.25,2026-02-10,0.0073196124673922,0.0855547337520974,4.986666666666666,25916.8,0.1364548018559635,25679.07849248005,25700,0.0171423135464231,0.0186199129495502,-3.983523682248856,4.986666666666666,-2.5957927408506807,0.0013875444347775,2026,0.050900068103866,0.0001448431250161,0.0003191883859882,0.0919208911124996,0.0001743452609721,0.4537856995255243,0.0445339107434639,-8.839859297656663,-8.049729077799016,-4.066205395550156,0.0002111092730912,0.6613939678212358,0.0254813901476222,0.000108079112897,-0.7901302198574979,1,0,1,845.0,11375.0,5460.0,11960.0,8580.0,95875.0,31460.0,246090.0,273715.0,1119430.0,870155.0,924755.0,371020.0,574795.0,300040.0,851955.0,172965.0,261885.0,491985.0,345930.0,166270.0,114205.0,290030.0,121550.0,314210.0,173485.0,687310.0,376740.0,596050.0,491075.0,1230580.0,626600.0,647075.0,87620.0,135525.0,32630.0,86255.0,1430.0,7020.0,2535.0,23205.0,1690.0,0.1513838038322615,46.1,114205.0,0.1497798901589218,53.95,290030.0,0.1464995850616091,61.3,121550.0,0.1449240692242505,71.5,314210.0,0.1440373496840298,83.9,173485.0,0.1414700923635046,95.95,687310.0,0.1402461682287076,111.25,376740.0,0.1387034836997573,128.0,596050.0,0.1389056887857517,149.0,491075.0,0.1369598563691584,169.25,1230580.0,0.1364548018559635,366.2000000000001,1496755.0,0.13472658359044,147.55,924755.0,0.1360177798813578,128.6,371020.0,0.1359572789686446,109.95,574795.0,0.136632723438314,94.2,300040.0,0.1359615697140813,78.75,851955.0,0.1377939919241046,67.85,172965.0,0.1380118328366233,56.75,261885.0,0.1387853264872427,47.65,491985.0,0.1399596379099608,40.15,345930.0,0.1413742710629672,33.9,166270.0,0.0024508869297882,-0.0004370219746056,0.0028879089043938,0.0010069324775912,0.1374617343335547,0.0037913663727441,0.0001779215823505,0.0036134447903936,0.0019846439775473,0.1384394458335108,0.0075825478280663,0.0013391900681411,0.0062433577599252,0.0044608689481037,0.1409156708040672,0.0100447832056456,0.0023305246312792,0.0077142585743663,0.0061876539184624,0.1426424557744259,0.014929001976298,0.0049194692070037,0.0100095327692942,0.0099242355916508,0.1463790374476144,0.1365438475687337,-0.0056963452004097,0.0101036773123207,0.0005468393814995,0.6430086531273314,middle,5,0.020598236037694683,252,q_only,0920_open,500,286.20000000000005,216.79999999999927,69.40000000000077,213.79999999999995
2026-02-25,25562.2,25560.85,0.0019266017894819,0.0409054911997088,0.0028870754473401,-4.490230307103853,-4.753427199247916,-4.419723733982253,-0.0095282094080756,579.05,528.0,482.9,439.0,395.8,355.0,315.5,277.0,240.9,207.45,177.1,149.85,125.85,104.3,85.75,69.5,56.5,45.9,37.15,30.1,24.5,27.45,31.2,35.85,41.3,48.5,56.85,66.85,78.85,93.2,110.15,129.8,152.0,177.3,206.05,237.5,271.55,307.7,348.3,388.8,431.7,476.6,2026-03-02,0.0238833741019099,0.154542466985324,3.986666666666667,24849.75,0.1244817479320394,25597.34089220944,25550,0.0144025875190258,0.0154957055682158,-4.167192353560289,3.986666666666667,-3.1964909657837497,0.0019266017894819,2026,-0.0300607190532845,0.0003778375056333,0.0002231782556152,0.1619691381471835,-0.0001546592500181,1.6929852981945914,-0.0374873902151441,-7.881046334046019,-8.40753975328134,-4.240347399721049,0.0001548978134022,0.6940542346977312,0.0207761064786961,6.828044221304327e-05,0.5264934192354573,0,1,0,390.0,7670.0,2470.0,16770.0,10075.0,94575.0,76180.0,448695.0,347165.0,1948050.0,1814735.0,2745470.0,991770.0,1427205.0,971295.0,1028625.0,540540.0,550745.0,395915.0,822380.0,272025.0,121550.0,229125.0,186355.0,396240.0,471835.0,391235.0,267930.0,707720.0,500955.0,1191970.0,865995.0,877305.0,207285.0,241605.0,51805.0,78195.0,12285.0,13065.0,2600.0,29835.0,1885.0,0.1532366576174379,27.45,121550.0,0.1489344368992638,31.2,229125.0,0.1450120177796243,35.85,186355.0,0.1411016218047626,41.3,396240.0,0.1381359763333194,48.5,471835.0,0.1350797811611503,56.85,391235.0,0.1322609606485973,66.85,267930.0,0.1297678009546148,78.85,707720.0,0.1276657984783322,93.2,500955.0,0.1259384784326277,110.15,1191970.0,0.1244817479320394,306.9,2680730.0,0.1234555504163455,149.85,2745470.0,0.1229457339716779,125.85,991770.0,0.1222898870422253,104.3,1427205.0,0.1219954131094286,85.75,971295.0,0.1215513911375573,69.5,1028625.0,0.1220317163124692,56.5,540540.0,0.1229486340079881,45.9,550745.0,0.1240244207355832,37.15,395915.0,0.1254040217984083,30.1,822380.0,0.1271330032353481,24.5,272025.0,0.0031840505462928,-0.0015360139603614,0.0047200645066543,0.0008240182929656,0.125305766225005,0.0077792127165579,-0.0024863348226107,0.0102655475391686,0.0026464389469736,0.127128186879013,0.01365422840128,-0.0024500316195701,0.0161042600208501,0.0056020983908549,0.1300838463228943,0.0205302698475849,-0.0004573271964561,0.020987597044041,0.0100364713255644,0.1345182192576038,0.0287549096853985,0.0026512553033087,0.0261036543820897,0.0157030824943536,0.140184830426393,0.1235085565218364,-0.0078226144086783,0.0087737665957083,0.0001822696053679,0.6859362765794998,middle,4,0.020298159134026918,252,q_only,0920_open,500,254.95,500.0,-245.05,245.05
2026-03-04,24387.9,24386.65,-0.0001517204901431,0.1074012471192537,0.0058266599420205,-2.7207073420586614,-4.161333523203902,-4.4085353200545105,-0.0132738192371876,650.0,617.45,581.4,540.5,503.2,469.95,438.15,405.2,372.45,343.0,313.95,286.55,260.0,235.15,212.65,191.25,170.8,153.05,135.65,121.25,106.85,153.5,165.5,176.05,188.25,202.0,218.25,232.55,249.55,269.35,287.0,307.05,329.05,355.1,379.2,405.15,435.25,464.55,496.55,528.05,564.7,600.95,2026-03-10,0.0499241773516826,0.2234371888287235,4.986666666666666,24286.15,0.243844855907976,24406.907100568787,24400,0.0171423135464231,0.0594603137527815,-2.8224461847227507,4.986666666666666,-2.231183485063675,0.0001517204901431,2026,0.0204076670792525,0.0009879175835729,0.0010192873419188,0.2400632274108934,3.1369758345895686e-05,0.9692238321268268,0.0037816284970825,-6.919911281132091,-6.888651580272908,-4.066205395550156,0.0005480084880698,0.5376388634810065,0.0650483919936426,0.000471278853849,-0.0312597008591892,1,0,0,520.0,65.0,31785.0,1950.0,8450.0,5655.0,49140.0,22230.0,247780.0,233805.0,919425.0,274300.0,506870.0,110565.0,238160.0,130780.0,201045.0,284115.0,219570.0,157365.0,285090.0,331240.0,98475.0,844155.0,155675.0,310375.0,139230.0,343915.0,166400.0,624650.0,699855.0,1059760.0,202020.0,413790.0,59735.0,118495.0,23725.0,107835.0,34190.0,61360.0,37115.0,60580.0,0.2776946778192285,153.5,331240.0,0.2750749072981875,165.5,98475.0,0.2704247308183639,176.05,844155.0,0.2665334883780416,188.25,155675.0,0.2632172160070451,202.0,310375.0,0.2611820679513771,218.25,139230.0,0.25669592461906,232.55,343915.0,0.2535630673961519,249.55,166400.0,0.2517660956868316,269.35,624650.0,0.2473338678248735,287.0,699855.0,0.243844855907976,621.0,1979185.0,0.2413255843760917,286.55,274300.0,0.2384488074337607,260.0,506870.0,0.235858048963357,235.15,110565.0,0.2340659615915062,212.65,238160.0,0.2320718752020726,191.25,130780.0,0.2297340292459493,170.8,201045.0,0.2285462203762438,153.05,284115.0,0.2265190236281289,135.65,219570.0,0.2260594206389539,121.25,157365.0,0.2244685860035556,106.85,285090.0,0.0079212397788556,-0.0053960484742152,0.0133172882530709,0.0012625956523201,0.2451074515602961,0.0128510687110839,-0.0097788943164697,0.0226299630275537,0.0015360871973071,0.2453809431052831,0.0193723600990691,-0.0141108266620266,0.0334831867610957,0.0026307667185212,0.2464756226264972,0.0265798749103878,-0.017325832279847,0.0439057071902349,0.0046270213152704,0.2484718772232464,0.0338498219112525,-0.0193762699044204,0.0532260918156729,0.007236776003416,0.251081631911392,0.243968147304473,-0.0444141033896634,0.0158052836493621,0.0005702251630563,0.519591656393089,high,5,0.022676396169464676,252,q_only,0920_open,500,360.65,113.84999999999854,246.80000000000143,139.35000000000002
2026-03-11,24288.8,24295.85,0.0022280514805259,0.037507106387933,0.0031125457000756,-3.4764419363109895,-3.063837245673022,-4.286231750983966,0.0116107611925508,593.7,557.0,516.75,474.1,440.95,404.0,368.65,336.05,303.55,273.8,245.0,218.25,194.1,170.95,149.65,129.9,113.25,97.55,84.05,71.55,60.65,95.2,104.6,114.2,125.85,138.45,152.1,168.6,185.3,203.2,221.3,243.4,266.65,291.45,319.7,346.95,379.8,412.1,443.4,480.9,521.2,559.05,2026-03-17,0.0303514712751572,0.1742167364955424,4.986666666666666,23558.8,0.1925914494388834,24301.601646508705,24300,0.0171423135464231,0.0370914663969699,-3.2943683520807214,4.986666666666666,-3.2832248602811114,0.0022280514805259,2026,0.018374712943341,0.0006006058336988,0.0006358335468734,0.1871802641778341,3.52277131745964e-05,0.944596013614226,0.0054111852610492,-7.417571689343872,-7.36057374763088,-4.066205395550156,0.0003718796366118,0.584869481077929,0.0453037489883188,0.0002639539102616,-0.0569979417130038,1,0,0,3705.0,455.0,7345.0,845.0,61100.0,20670.0,54665.0,66625.0,357630.0,430170.0,863590.0,287625.0,431080.0,166530.0,459095.0,100880.0,216710.0,194870.0,219895.0,134160.0,264030.0,178750.0,151970.0,131105.0,147680.0,366730.0,149500.0,209365.0,217750.0,521430.0,502840.0,727610.0,121290.0,135395.0,30680.0,71175.0,7085.0,11310.0,1170.0,4745.0,1820.0,5655.0,0.2203114123766442,95.2,178750.0,0.2172283003068356,104.6,151970.0,0.2134779144208703,114.2,131105.0,0.2107571973157893,125.85,147680.0,0.2079153459986101,138.45,366730.0,0.2049816098835326,152.1,149500.0,0.2033929455509864,168.6,209365.0,0.2008372213300703,185.3,217750.0,0.1981152466548636,203.2,521430.0,0.1943821757697413,221.3,502840.0,0.1925914494388834,488.4,1591200.0,0.1903889841829054,218.25,287625.0,0.1889325571201216,194.1,431080.0,0.1869324140024715,170.95,166530.0,0.185050880751459,149.65,459095.0,0.1830363875008206,129.9,100880.0,0.1822669514658739,113.25,216710.0,0.1809318884260761,97.55,194870.0,0.1802315987024298,84.05,219895.0,0.1790870067773003,71.55,134160.0,0.1781686164238344,60.65,264030.0,0.0055237972159802,-0.0036588923187617,0.009182689534742,0.0009324524486092,0.1935239018874926,0.010801496112103,-0.0075405686874243,0.0183420647995274,0.0016304637123393,0.1942219131512227,0.0153238965597267,-0.0103244979730094,0.0256483945327362,0.0024996992933586,0.195091148732242,0.0208864649819869,-0.0123598507364535,0.0332463157184405,0.0042633071227667,0.1968547565616501,0.0277199629377608,-0.014422833015049,0.0421427959528098,0.0066485649613559,0.1992400144002393,0.1928376276600102,-0.0269215176471153,0.0087520779461341,0.0004805078322825,0.6103195540092021,high,5,0.022055225191919936,252,q_only,0920_open,500,332.55,500.0,-167.45,167.45
2026-03-18,23721.6,23732.6,0.0037588630842255,0.0881820678658437,0.0045654593282071,-3.786371854870922,-3.566854104268824,-3.9541959754174503,0.008662639645746,565.6,520.95,480.7,436.85,397.65,361.4,326.4,293.1,263.6,233.55,203.15,178.4,155.15,134.15,115.25,99.5,84.85,70.5,59.5,50.0,42.05,86.2,94.05,103.2,114.3,126.35,139.45,153.9,170.4,186.9,206.95,231.45,255.7,281.9,310.85,341.6,373.05,403.1,447.25,481.55,523.75,552.75,2026-03-24,0.0748452530221593,0.2735786048326135,4.986666666666666,22958.4,0.1755881918186969,23671.67087737729,23700,0.0171423135464231,0.0308312131061594,-3.4792276896207848,4.986666666666666,-2.4283516488187566,0.0037588630842255,2026,-0.0979904130139166,0.0014810647952533,0.0005285183220823,0.2939356835402675,-0.0009525464731709,2.802296029053228,-0.1183474917215706,-6.514993993638458,-7.545433085170944,-4.066205395550156,0.0003194797885937,0.6044819550153321,0.0390711160592683,0.0002090385334885,1.030439091532618,0,1,0,975.0,18135.0,5135.0,58305.0,17355.0,213720.0,138905.0,668850.0,580125.0,1734915.0,1246375.0,1226355.0,454415.0,637130.0,457080.0,1368900.0,320775.0,452335.0,274235.0,515710.0,281450.0,148330.0,196235.0,167505.0,277160.0,143065.0,514670.0,349505.0,634465.0,431990.0,1117545.0,402740.0,249990.0,63180.0,51090.0,13845.0,75985.0,2730.0,6045.0,1560.0,7605.0,195.0,0.2090588709639642,86.2,148330.0,0.2044588342460826,94.05,196235.0,0.2003083798832891,103.2,167505.0,0.1970736527647627,114.3,277160.0,0.193656468830082,126.35,143065.0,0.1900746611046266,139.45,514670.0,0.1865065053360373,153.9,349505.0,0.1834393202360859,170.4,634465.0,0.1790798616096994,186.9,431990.0,0.1762569462386942,206.95,1117545.0,0.1755881918186969,434.6,1649115.0,0.1739954447496889,178.4,1226355.0,0.1720983105243086,155.15,454415.0,0.1705020743182271,134.15,637130.0,0.1691037698398111,115.25,457080.0,0.168925926306139,99.5,1368900.0,0.168216454086631,84.85,320775.0,0.1661229153179999,70.5,452335.0,0.1658590234678225,59.5,274235.0,0.1657449519368393,50.0,515710.0,0.1660381371254637,42.05,281450.0,0.0034916697910025,-0.0034898812943882,0.0069815510853908,8.942483071261442e-07,0.175589086067004,0.0109183135173404,-0.0064844219788857,0.0174027354962262,0.0022169457692273,0.1778051375879242,0.0180682770113851,-0.0073717377320658,0.0254400147434509,0.0053482696396596,0.1809364614583565,0.0247201880645922,-0.0097291683508743,0.0344493564154666,0.0074955098568589,0.1830837016755558,0.0334706791452673,-0.0095500546932331,0.0430207338385004,0.011960312226017,0.187548504044714,0.1764382321893456,-0.0248399308150484,0.0192243728381023,0.0005421641014642,0.630117429413586,high,5,0.024218827176447258,252,q_only,0920_open,500,306.35,500.0,-193.64999999999998,193.64999999999998
2026-03-25,23162.2,23182.35,0.0042486056942669,0.2224312920078351,0.0047426410271907,-2.3084845622170533,-2.853802848451384,-3.5150496190947127,0.0204952934354754,600.45,560.6,527.05,490.1,453.4,419.4,387.5,357.0,327.6,299.2,271.95,246.65,222.35,200.95,180.4,161.25,143.45,127.4,112.5,99.5,87.55,135.2,147.75,160.85,174.7,190.5,206.65,224.05,242.25,263.4,284.6,308.0,332.55,358.65,386.3,414.8,440.75,479.0,512.0,548.05,582.55,622.25,2026-03-30,0.0472186980228709,0.2172986378762438,2.986666666666667,22379.2,0.2617435691442462,23113.91883373889,23150,0.0144025875190258,0.0685096959883687,-2.680779996455371,2.986666666666667,-1.5031370250291551,0.0042486056942669,2026,0.0444449312680023,0.0005596290136043,0.0009867168923743,0.1971196183286918,0.0004270878787699,0.567162696746545,0.0646239508155543,-7.488236469475509,-6.921127396176421,-4.240347399721049,0.0005252993315509,0.5323708711288988,0.0707656475561634,0.0004614175608234,-0.5671090732992276,1,0,1,9100.0,14625.0,48425.0,11830.0,135330.0,44590.0,365300.0,126555.0,612430.0,733330.0,912340.0,234975.0,372645.0,210210.0,376155.0,244140.0,587470.0,101465.0,402740.0,227045.0,249990.0,193635.0,277875.0,171600.0,68965.0,198120.0,109330.0,459420.0,125840.0,567515.0,422955.0,481195.0,75465.0,75010.0,16315.0,69355.0,3640.0,43225.0,3705.0,3315.0,1040.0,8710.0,0.2869244307666725,135.2,193635.0,0.2846422009674291,147.75,277875.0,0.2819233783074374,160.85,171600.0,0.2789512962658995,174.7,68965.0,0.2768512581005199,190.5,198120.0,0.2740027314543148,206.65,109330.0,0.2712379507171774,224.05,459420.0,0.2680927656673215,242.25,125840.0,0.2664876964039288,263.4,567515.0,0.2637301475260519,284.6,422955.0,0.2617435691442462,579.95,1393535.0,0.2596475214270368,246.65,234975.0,0.2571853118781217,222.35,372645.0,0.2560979981866288,200.95,210210.0,0.2545073996460815,180.4,376155.0,0.2529264409487294,161.25,244140.0,0.2513210065947797,143.45,587470.0,0.2501298852153795,127.4,101465.0,0.2487852303251315,112.5,402740.0,0.2481685493340854,99.5,227045.0,0.2474291828591106,87.55,249990.0,0.0047441272596825,-0.0045582572661244,0.009302384525807,9.293499677903716e-05,0.2618365041410252,0.0094943815729312,-0.0072361694981646,0.0167305510710959,0.0011291060373833,0.2628726751816295,0.0151076889562737,-0.0104225625494664,0.0255302515057401,0.0023425632034036,0.2640861323476498,0.0201798091631912,-0.0129583388191146,0.0331381479823058,0.0036107351720383,0.2653543043162845,0.0251808616224263,-0.0143143862851355,0.0394952479075619,0.0054332376686453,0.2671768068128916,0.2631700733976724,-0.0320804267793616,0.0144699017660104,0.000241793436023,0.6179836459284089,high,3,0.03420874827606138,252,q_only,0920_open,500,357.20000000000005,500.0,-142.79999999999995,142.79999999999995
2026-04-01,22888.6,22894.7,-0.0005241777082409,0.2076098088031244,0.0040740805466476,-2.45620310766879,-2.698728408066581,-3.314160560878648,-0.0203595370867225,650.0,610.3,575.0,538.6,504.5,471.7,438.5,408.05,377.3,350.1,323.05,296.9,271.85,249.05,228.15,207.5,188.5,170.8,154.5,139.45,125.4,144.15,156.6,169.6,183.0,200.0,216.35,234.5,252.85,274.1,293.5,315.75,342.05,368.85,394.55,423.0,449.5,483.4,514.05,544.65,576.45,609.4,2026-04-07,0.0596561953588361,0.2442461777773322,3.986666666666667,23129.95,0.2672613478028307,22907.307512195963,22900,0.0171423135464231,0.0714286280293856,-2.6390565372041737,3.986666666666667,-1.5720948802366184,0.0005241777082409,2026,0.0230151700254984,0.0009437673234016,0.0012244519378705,0.2346376773721808,0.0002806846144688,0.7707671442318923,0.0326236704306498,-6.965630901647184,-6.705261932754331,-4.066205395550156,0.0006371209705194,0.5203315465590918,0.0744750192130567,0.000587330967351,-0.2603689688929081,1,0,0,28860.0,11050.0,89440.0,25025.0,54340.0,9360.0,109005.0,65975.0,392080.0,346970.0,825370.0,258505.0,790010.0,117585.0,234325.0,148850.0,418145.0,125710.0,230230.0,91585.0,197015.0,205010.0,60840.0,309075.0,74880.0,140465.0,66560.0,163930.0,73255.0,422305.0,387725.0,490620.0,85670.0,215085.0,10530.0,57200.0,3900.0,15340.0,1105.0,9295.0,65.0,5395.0,0.2867973746866195,144.15,205010.0,0.2847156639471028,156.6,60840.0,0.2823006078600595,169.6,309075.0,0.2793996711932389,183.0,74880.0,0.2788947353098334,200.0,140465.0,0.2768368287445095,216.35,66560.0,0.2754120622701411,234.5,163930.0,0.2731915034560687,252.85,73255.0,0.2724606423359816,274.1,422305.0,0.2691673435770029,293.5,387725.0,0.2672613478028307,638.8,1315990.0,0.2656175475403777,296.9,258505.0,0.2638444935475426,271.85,790010.0,0.2629032317999394,249.05,117585.0,0.2625165018278503,228.15,234325.0,0.2612785877241857,207.5,148850.0,0.2604010636141496,188.5,418145.0,0.2596040126124481,170.8,125710.0,0.2590103041470417,154.5,230230.0,0.2585223578899207,139.45,91585.0,0.2579346534722566,125.4,197015.0,0.0051992945331509,-0.003416854255288,0.008616148788439,0.0008912201389314,0.2681525679417621,0.0081507144673104,-0.0047448459749803,0.0128955604422907,0.001702934246165,0.2689642820489957,0.0116333875070027,-0.006860284188681,0.0184936716956837,0.0023865516591608,0.2696478994619915,0.0150392600572288,-0.0082510436557889,0.0232903037130178,0.0033941082007199,0.2706554560035506,0.0195360268837888,-0.009326694330574,0.0288627212143628,0.0051046662766073,0.272366014079438,0.2673604117379123,-0.0253816292689472,0.0151797158933961,0.0005529285512028,0.6049345543297067,high,4,0.03372753199725094,252,q_only,0920_open,500,369.25,229.95000000000073,139.29999999999927,130.75
2026-04-08,23898.0,23918.0,0.0018762399468272,0.0567877644928328,0.0046175412168381,-3.1673124362910308,-2.6097008428274737,-3.053972551676509,0.0073986980856282,569.05,528.4,488.1,453.3,417.7,381.3,349.0,320.15,290.3,261.1,236.65,211.1,189.5,167.85,149.35,131.5,114.05,100.6,87.9,76.1,65.2,88.35,98.1,109.5,121.9,136.0,151.05,168.0,186.6,207.2,229.05,253.8,278.75,306.3,336.2,364.0,383.6,432.25,459.55,504.0,527.7,576.55,2026-04-13,0.0397267588850179,0.199315726637458,3.986666666666667,23818.9,0.2144917942276846,23882.835173332092,23900,0.0144025875190258,0.0460067297910114,-3.078967593389219,3.986666666666667,-2.8684343903185066,0.0018762399468272,2026,0.0151760675902265,0.0006284815294508,0.0006626159522792,0.208894015298167,3.413442282840099e-05,0.9484853591118836,0.0055977789295175,-7.372203918670014,-7.319314993110268,-4.240347399721049,0.0003787310686551,0.5715695001794361,0.0523312455373858,0.000283884883624,-0.0528889255597454,1,0,0,68900.0,13065.0,172315.0,22100.0,76115.0,12675.0,167115.0,90805.0,696670.0,481000.0,1402960.0,579280.0,1466920.0,269035.0,525720.0,332800.0,580320.0,302575.0,570115.0,247975.0,345020.0,221130.0,120055.0,472030.0,100165.0,240500.0,280085.0,321685.0,150280.0,772915.0,348790.0,789165.0,134095.0,372775.0,19370.0,32890.0,8515.0,47580.0,3510.0,7800.0,910.0,4225.0,0.2315567970080987,88.35,221130.0,0.2286826510377235,98.1,120055.0,0.22650308514662,109.5,472030.0,0.2241944159885225,121.9,100165.0,0.2223766023304091,136.0,240500.0,0.2202224532068778,151.05,280085.0,0.2185655098818806,168.0,321685.0,0.2170853542948105,186.6,150280.0,0.2160319527724485,207.2,772915.0,0.2146941982930195,229.05,348790.0,0.2144917942276846,490.4500000000001,2192125.0,0.212564621075347,211.1,579280.0,0.2126808372401255,189.5,1466920.0,0.2113130976621984,167.85,269035.0,0.2113554472534148,149.35,525720.0,0.2105643986262919,131.5,332800.0,0.2086438949446838,114.05,580320.0,0.2092481559773515,100.6,302575.0,0.2092540187208438,87.9,570115.0,0.2088214759881257,76.1,247975.0,0.2079565002077301,65.2,345020.0,0.0015401585447639,-0.001810956987559,0.003351115532323,-0.0001353992213975,0.214356395006287,0.004073715654196,-0.0031363469742698,0.0072100626284658,0.0004686843399631,0.2149604785676477,0.0078848081027244,-0.0058478992830007,0.0137327073857252,0.0010184544098618,0.2155102486375464,0.0120112909189354,-0.0052377755068407,0.0172490664257761,0.0033867577060473,0.2178785519337319,0.017065002780414,-0.0065352940199545,0.0236002968003685,0.0052648543802297,0.2197566486079143,0.2143518299056685,-0.0129142767114098,0.0070178850053889,0.0004806414566331,0.6409965735170202,high,4,0.03320304862398662,252,q_only,0920_open,500,336.9000000000001,81.09999999999854,255.80000000000155,163.0999999999999
2026-04-15,24231.6,24231.25,0.0027709692250003,0.1547091038061981,0.0048779279948497,-2.3669959162542087,-2.862378031744206,-3.022237707602686,-0.0097304546460368,569.95,530.7,488.45,449.45,412.55,374.45,341.35,307.55,276.3,245.9,218.2,192.0,167.7,146.15,125.8,107.9,91.9,77.65,65.35,54.5,45.45,70.9,79.8,89.5,100.4,111.8,126.4,141.55,156.9,175.55,196.1,217.3,241.0,267.2,295.35,326.45,357.75,387.25,426.0,464.9,504.15,543.95,2026-04-21,0.0120063740970433,0.1095736012780601,4.986666666666666,24580.6,0.1720873136022926,24250.900926161143,24250,0.0171423135464231,0.0296140435028538,-3.5195065875004774,4.986666666666666,-1.866208675001451,0.0027709692250003,2026,0.0625137123242324,0.0002375864503859,0.0005076532191033,0.1177270108872046,0.0002700667687173,0.468009344657726,0.0543603027150879,-8.344978999097103,-7.585711983050634,-4.066205395550156,0.0003090805074544,0.6088418152855675,0.0378104801416271,0.0001985727116488,-0.7592670160465553,1,0,1,11830.0,47450.0,16380.0,71955.0,14430.0,122980.0,11375.0,175630.0,118105.0,522860.0,650780.0,439010.0,157690.0,406705.0,158665.0,445640.0,198770.0,260715.0,130000.0,243425.0,113815.0,83070.0,241020.0,111020.0,194350.0,98020.0,314795.0,84435.0,393250.0,138905.0,545675.0,408655.0,189735.0,44915.0,29445.0,5395.0,48425.0,5200.0,8385.0,780.0,4940.0,390.0,0.194514883065401,70.9,83070.0,0.1922137314520814,79.8,241020.0,0.1897032919223064,89.5,111020.0,0.1873077988734497,100.4,194350.0,0.184289252493069,111.8,98020.0,0.182993577053356,126.4,314795.0,0.1809203260490689,141.55,84435.0,0.1777808198598802,156.9,393250.0,0.1760640774285807,175.55,138905.0,0.1745138288245389,196.1,545675.0,0.1720873136022926,435.5,1059435.0,0.1702422014230653,192.0,439010.0,0.1684266796249758,167.7,157690.0,0.1673135153062795,146.15,406705.0,0.1656473993856935,125.8,158665.0,0.1644828863338543,107.9,445640.0,0.1634149961537222,91.9,198770.0,0.1623721802951698,77.65,260715.0,0.1616514973708865,65.35,130000.0,0.1608650639166933,54.5,243425.0,0.1605622817525385,45.45,113815.0,0.0039767638262881,-0.0036606339773167,0.0076373978036048,0.0001580649244857,0.1722453785267783,0.0088330124467763,-0.006439914216599,0.0152729266633754,0.0011965491150886,0.1732838627173812,0.0122019388907763,-0.0086723174485703,0.0208742563393467,0.001764810721103,0.1738521243233956,0.0176159783200138,-0.010435816231406,0.0280517945514199,0.0035900810443038,0.1756773946465964,0.0224275694631084,-0.011525031849754,0.0339526013128624,0.0054512688066772,0.1775385824089698,0.1721822105724212,-0.0197558809954655,0.005933898405733,0.000351595088662,0.6852292536338321,high,5,0.0332463157184405,252,q_only,0920_open,500,319.15,330.59999999999854,-11.449999999998568,180.85000000000002
2026-04-22,24477.45,24482.6,0.0003452492008272,0.0266460923141871,0.0033316378952872,-4.531763638609693,-3.99611450042008,-3.133884612117059,0.0102103664495227,539.9,496.1,462.0,425.75,390.0,355.55,323.7,293.0,263.85,236.55,210.1,185.25,164.1,143.85,124.2,107.95,93.15,79.45,66.9,57.05,47.95,84.0,94.8,106.05,119.75,133.7,149.75,166.65,186.1,206.45,228.7,253.7,280.0,306.5,335.3,367.05,400.95,434.0,472.4,510.1,548.8,590.0,2026-04-28,0.0132857567663272,0.1152638571553426,4.986666666666666,24016.5,0.1810537827117399,24456.355132637807,24500,0.0171423135464231,0.0327804722342299,-3.417922299600912,4.986666666666666,-3.625112768983139,0.0003452492008272,2026,0.0657899255563973,0.0002629033349527,0.0005619331332389,0.1238406806744723,0.0002990297982862,0.4678551937974219,0.0572131020372675,-8.24372414105702,-7.48412769515107,-4.066205395550156,0.0003359831896927,0.5979059959609272,0.0410550652201973,0.0002259499435462,-0.7595964459058666,1,0,1,40300.0,1300.0,4680.0,3185.0,37375.0,20020.0,107965.0,59280.0,336765.0,368875.0,1141790.0,315380.0,382655.0,150540.0,277810.0,111800.0,268255.0,113165.0,242190.0,94770.0,481975.0,479700.0,117715.0,151060.0,80535.0,295880.0,259805.0,361920.0,185900.0,648765.0,526110.0,944385.0,146445.0,248950.0,20930.0,58175.0,6760.0,19110.0,1820.0,4030.0,1105.0,17550.0,0.1962744340499097,84.0,479700.0,0.1946993885770467,94.8,117715.0,0.19246950188018,106.05,151060.0,0.1913856022978186,119.75,80535.0,0.1893466857862327,133.7,295880.0,0.1879281847679996,149.75,259805.0,0.1859971557756164,166.65,361920.0,0.1848866268112508,186.1,185900.0,0.1832079805176747,206.45,648765.0,0.1817203463791009,228.7,526110.0,0.1810537827117399,463.7999999999999,2086175.0,0.1791043332903998,185.25,315380.0,0.1787124550870638,164.1,382655.0,0.1776661442496763,143.85,150540.0,0.175673927081952,124.2,277810.0,0.1751412187895017,107.95,111800.0,0.1744893337518239,93.15,268255.0,0.1734168157854218,79.45,113165.0,0.1719680204097782,66.9,242190.0,0.1719307352814772,57.05,94770.0,0.1713440101541869,47.95,481975.0,0.0021541978059348,-0.002341327624676,0.0044955254306108,-9.356490937059704e-05,0.1809602178023693,0.0049433730638765,-0.0053798556297878,0.0103232286936643,-0.0002182412829556,0.1808355414287842,0.0082929030744928,-0.006564448959916,0.0148573520344088,0.0008642270572884,0.1819180097690283,0.0114157191684401,-0.0090857623019616,0.0205014814704018,0.0011649784332392,0.1822187611449791,0.0152206513381698,-0.009709772557553,0.0249304238957228,0.0027554393903083,0.1838092221020483,0.1818150724953507,-0.0151332791970394,0.0041456766034798,0.0002909650215283,0.6490264068884148,high,5,0.032120877296128614,252,q_only,0920_open,500,331.84999999999997,483.5,-151.65000000000003,168.15000000000003
2026-04-29,24091.0,24118.2,-0.0002531766418644,0.0321917118471958,0.0022082935536092,-4.481787197731621,-4.365600618434693,-3.410298319265362,-0.0038938933437399,551.8,511.5,466.0,420.0,386.0,347.25,309.95,280.05,248.5,217.45,192.0,166.05,144.5,122.5,104.4,89.85,75.1,63.1,52.8,44.1,36.35,45.55,53.2,61.4,70.25,82.8,94.3,111.35,128.1,144.0,166.6,187.3,213.8,240.45,268.9,303.85,337.35,373.65,403.35,450.0,489.45,536.0,2026-05-05,0.0185180992251172,0.1360812228969053,3.986666666666667,24052.15,0.150792988388272,24104.70483661932,24100,0.0171423135464231,0.0227385253470655,-3.783694641176502,3.986666666666667,-3.4360462556136424,0.0002531766418644,2026,0.0147117654913666,0.0002929582893285,0.0003897909310826,0.1307278679447945,9.683264175411224e-05,0.7515780023789952,0.0200651204434774,-8.135480316321324,-7.849900036726659,-4.066205395550156,0.000248775499616,0.638228034000319,0.0303257134613274,0.0001410154314666,-0.2855802795946955,1,0,0,3250.0,390.0,7735.0,6565.0,39780.0,27170.0,135395.0,78650.0,1275040.0,507455.0,2325310.0,888875.0,933140.0,270595.0,493740.0,345150.0,408330.0,258050.0,927875.0,145860.0,302770.0,283660.0,146770.0,405470.0,191100.0,471380.0,236990.0,430365.0,246090.0,853320.0,585455.0,1506700.0,376545.0,404300.0,40430.0,98865.0,12415.0,32955.0,3900.0,49595.0,910.0,5200.0,0.1662497538308587,45.55,283660.0,0.16461754329544,53.2,146770.0,0.1623747918414115,61.4,405470.0,0.1596231937040194,70.25,191100.0,0.1592793903103693,82.8,471380.0,0.1564883843952181,94.3,236990.0,0.1572483284658947,111.35,430365.0,0.1561312769299451,128.1,246090.0,0.1528086723137759,144.0,853320.0,0.1533786654965507,166.6,585455.0,0.150792988388272,379.3,3832010.0,0.1491804937803799,166.05,888875.0,0.1494022091956454,144.5,933140.0,0.1475491417093724,122.5,270595.0,0.1471981940164294,104.4,493740.0,0.1482766385073873,89.85,345150.0,0.1475247756977879,75.1,408330.0,0.1477311437162994,63.1,258050.0,0.148088601798019,52.8,927875.0,0.1486815931488429,44.1,145860.0,0.1488879945916419,36.35,302770.0,0.0020156839255039,-0.0013907791926265,0.0034064631181305,0.0003124523664387,0.1511054407547107,0.0064553400776227,-0.0035947943718425,0.0100501344494653,0.00143027285289,0.152223261241162,0.0084864019220973,-0.003268212690484,0.0117546146125813,0.0026090946158066,0.1534020830040786,0.0115818034531395,-0.0027043865902529,0.0142861900433924,0.0044387084314432,0.1552316968197152,0.0154567654425867,-0.00190499379663,0.0173617592392167,0.0067758858229783,0.1575688742112503,0.1509680290289534,-0.009717171919077,0.0055840428605316,0.0008756267051554,0.6764567145940605,middle,4,0.03008633592377426,252,q_only,0920_open,500,297.4,47.849999999998545,249.55000000000143,202.60000000000002
2026-05-06,24179.2,24178.3,0.0001985653658886,0.0527942922609983,0.0035691834303864,-4.053650912593552,-4.090364610259675,-3.614340467124509,-0.0029745154098002,578.55,537.25,493.8,450.6,410.75,375.15,334.95,300.95,268.1,238.55,209.1,183.2,158.3,135.9,116.2,98.5,82.85,69.15,57.4,47.05,38.4,41.35,48.45,55.85,64.7,75.0,87.35,101.2,115.95,134.0,151.75,173.05,196.85,223.3,251.75,281.05,309.0,347.0,383.75,415.15,454.35,502.65,2026-05-12,0.0169445117596718,0.1301710864964712,4.986666666666666,23430.55,0.1507783459588229,24236.08709789925,24200,0.0171423135464231,0.0227341096100785,-3.783888856312926,4.986666666666666,-2.941352195230724,0.0001985653658886,2026,0.0206072594623517,0.0003353040951384,0.0003897152351347,0.1398571621122557,5.441113999623729e-05,0.8603823122864865,0.0109211838465671,-8.00047269121004,-7.850094251863083,-4.066205395550156,0.0002487358074814,0.6382501505118594,0.0303206816929667,0.0001409794276532,-0.1503784393471519,1,0,0,13585.0,1430.0,15860.0,7410.0,49010.0,28860.0,364910.0,99515.0,318240.0,453050.0,1459640.0,704015.0,817895.0,289250.0,346385.0,244335.0,666315.0,156520.0,275340.0,198185.0,327210.0,224705.0,115245.0,390195.0,109850.0,422370.0,160745.0,793715.0,204425.0,502580.0,534625.0,1344590.0,455390.0,336895.0,52390.0,99385.0,13195.0,71305.0,5070.0,3055.0,975.0,3900.0,0.166476233375231,41.35,224705.0,0.1649499725776744,48.45,115245.0,0.1625682079166776,55.85,390195.0,0.1606152346043531,64.7,109850.0,0.1588848920187198,75.0,422370.0,0.1577821215183631,87.35,160745.0,0.1566076695726125,101.2,793715.0,0.1547624106315473,115.95,204425.0,0.1542045581246659,134.0,502580.0,0.15184904688026,151.75,534625.0,0.1507783459588229,382.15,2804230.0,0.150255979655704,183.2,704015.0,0.1488668197527968,158.3,817895.0,0.1477814580592899,135.9,289250.0,0.1471879363064259,116.2,346385.0,0.1465628574554659,98.5,244335.0,0.1460107812841689,82.85,666315.0,0.1455353493743625,69.15,156520.0,0.1452705080441886,57.4,275340.0,0.1447773801650881,47.05,198185.0,0.1445445616505068,38.4,327210.0,0.003426212165843,-0.001911526206026,0.005337738371869,0.0007573429799085,0.1515356889387314,0.0058293236137896,-0.0035904096523969,0.0094197332661866,0.0011194569806963,0.1518978029395192,0.0081065460598969,-0.0047675646746539,0.0128741107345508,0.0016694906926214,0.1524478366514443,0.0117898619578547,-0.0055078379146342,0.0172976998724889,0.0031410120216102,0.1539193579804331,0.015697887416408,-0.006233784308316,0.0219316717247241,0.0047320515540459,0.1555103975128688,0.1503013280516352,-0.0101589885151598,0.0035971998398672,0.000317287519951,0.6758638960687751,middle,5,0.0280517945514199,252,q_only,0920_open,500,302.4,500.0,-197.60000000000002,197.60000000000002
2026-05-13,23405.45,23415.85,0.0018367323738262,0.3294232703415352,0.0060391917267131,-4.2515078163967965,-4.021225098808484,-3.983182060627415,-0.0164995309314559,606.4,579.55,525.0,483.0,447.15,410.9,375.45,343.15,310.2,280.25,251.95,226.55,201.45,179.05,158.55,138.6,121.9,106.5,92.65,80.55,69.35,63.65,72.4,82.0,92.25,104.65,117.05,131.9,148.5,167.55,187.35,208.35,231.95,256.7,284.1,312.75,344.9,377.45,413.6,446.65,486.35,525.0,2026-05-19,0.0207774524337674,0.1441438602014231,4.986666666666666,23606.2,0.187783841781683,23443.644867362193,23400,0.0171423135464231,0.0352627712342881,-3.3449275108214795,4.986666666666666,-1.1104118191025572,0.0018367323738262,2026,0.0436399815802598,0.0004111517042449,0.0006044854810139,0.1548696547464344,0.000193333776769,0.6801680390325682,0.0329141870352485,-7.796548301487443,-7.4111329063716385,-4.066205395550156,0.0003567488340877,0.5901694007428792,0.0435236304693705,0.0002477366469261,-0.3854153951157635,1,0,1,585.0,260.0,24115.0,325.0,8645.0,2730.0,18395.0,11635.0,88595.0,99320.0,568945.0,403455.0,785590.0,146835.0,331630.0,224055.0,206895.0,113685.0,216060.0,84955.0,211900.0,146120.0,100750.0,474890.0,122005.0,223730.0,136825.0,259610.0,182780.0,491205.0,307385.0,896740.0,366990.0,429975.0,60060.0,74165.0,36725.0,39195.0,6825.0,20995.0,1625.0,12220.0,0.2028683838856082,63.65,146120.0,0.2012460120550004,72.4,100750.0,0.1994435960855364,82.0,474890.0,0.1971992557063903,92.25,122005.0,0.1959512819699701,104.65,223730.0,0.1934845018773754,117.05,136825.0,0.1920588761027235,131.9,259610.0,0.1908851824529291,148.5,182780.0,0.1904728205660758,167.55,491205.0,0.1893170599777068,187.35,307385.0,0.187783841781683,460.2999999999999,1465685.0,0.1877627292567663,226.55,403455.0,0.1865709964783202,201.45,785590.0,0.1861711678039211,179.05,146835.0,0.1859273583063467,158.55,331630.0,0.1847040757564151,138.6,224055.0,0.1848667060116433,121.9,206895.0,0.1847976779254795,106.5,113685.0,0.1847802776448679,92.65,216060.0,0.1851119732372926,80.55,84955.0,0.1850098257150117,69.35,211900.0,0.0026889787843928,-0.0012128453033627,0.0039018240877556,0.000738066740515,0.188521908522198,0.0042750343210405,-0.0018564834753362,0.0061315177963768,0.0012092754228521,0.1889931172045351,0.0081674401882871,-0.0029171357700396,0.0110845759583267,0.0026251522091237,0.1904089939908067,0.0116597543038534,-0.003003564136815,0.0146633184406684,0.0043280950835191,0.1921119368652022,0.0150845421039252,-0.0027740160666712,0.0178585581705965,0.0061552630186269,0.1939391048003099,0.1874515577299919,-0.0089250572262128,0.0069845097723794,0.0003644608080588,0.6479217877974816,high,5,0.02428998802428268,252,q_only,0920_open,500,327.29999999999995,206.20000000000073,121.09999999999923,172.70000000000005
2024-02-09,21681.4,21683.15,-0.0020433251791138,0.0534478682358362,0.0035514311806433,-4.278869746450155,-4.1918597660171795,-4.1993853824179554,-0.0086983927343594,564.0,535.65,478.35,435.8,393.65,357.05,321.1,285.1,253.3,221.95,193.45,166.85,142.15,120.3,101.4,84.7,69.55,57.1,46.05,37.1,29.55,33.7,39.75,46.95,55.85,66.0,77.65,91.55,106.65,123.45,142.8,163.9,187.25,213.15,241.9,272.4,303.0,339.5,375.35,416.3,458.4,501.25,2024-02-15,0.0175544803453174,0.1324933218895105,4.986666666666666,21927.05,0.1573510946078969,21729.58040895763,21700,0.0171423135464231,0.0247593669743033,-3.698551397958509,4.986666666666666,-2.929048525639723,0.0020433251791138,2024,0.0248577727183864,0.0003473743729708,0.0004244328318844,0.1423521958449264,7.705845891362907e-05,0.8184436897317924,0.0149988987629705,-7.96510747495302,-7.764756793508667,-4.066205395550156,0.0002906671613854,0.6848366562382239,0.0271354193254756,0.0001337656704989,-0.2003506814443011,1,0,0,900.0,50.0,3400.0,900.0,3700.0,1200.0,34700.0,13950.0,171900.0,141000.0,564100.0,193800.0,456200.0,181300.0,280700.0,101050.0,260100.0,117800.0,216000.0,98400.0,141050.0,81950.0,94150.0,189250.0,54250.0,129700.0,103450.0,322100.0,134350.0,353500.0,263500.0,728050.0,190800.0,442450.0,43250.0,69300.0,28350.0,82600.0,17250.0,28200.0,250.0,1750.0,0.1724572100025434,33.7,81950.0,0.1702162640538197,39.75,94150.0,0.1681984494775824,46.95,189250.0,0.1668666166519483,55.85,54250.0,0.1653949341200981,66.0,129700.0,0.1639287355535539,77.65,103450.0,0.1630788107936329,91.55,322100.0,0.1616224514759622,106.65,134350.0,0.1599835622547452,123.45,353500.0,0.158834496994195,142.8,263500.0,0.1573510946078969,357.35,1292150.0,0.155915371717065,166.85,193800.0,0.154166303420249,142.15,456200.0,0.1529229493810175,120.3,181300.0,0.1523275775605484,101.4,280700.0,0.1517747986405578,84.7,101050.0,0.1506789022386324,69.55,260100.0,0.1503676239924174,57.1,117800.0,0.1495835192031857,46.05,216000.0,0.1493709507755465,37.1,98400.0,0.1490894138458094,29.55,141050.0,0.0026324676468483,-0.0031847911876478,0.0058172588344962,-0.0002761617703997,0.1570749328374971,0.005727716185736,-0.0050235170473484,0.0107512332330845,0.0003520995691938,0.1577031941770907,0.0080438395122012,-0.0066721923692645,0.0147160318814657,0.0006858235714683,0.1580369181793652,0.0108473548696855,-0.0077675754047111,0.0186149302743966,0.0015398897324872,0.1588909843403841,0.0151061153946465,-0.0082616807620874,0.0233677961567339,0.0034222173162795,0.1607733119241764,0.1564543471917021,-0.0111833932382476,0.0017965419213896,0.000354332692359,0.6943064340850906,high,5,0.03216935167160772,252,rr_only,0920_open,500,294.1,227.04999999999927,67.05000000000075,205.89999999999998
2024-03-01,22115.1,22115.15,0.0030183489938282,0.1883804510158676,0.0034320441689163,-4.061097619904071,-4.723828403034126,-4.411947545765248,0.0052674434876216,585.0,540.6,496.0,452.15,409.15,370.0,331.8,295.0,260.15,227.35,196.75,167.75,141.25,117.9,96.85,78.7,63.15,50.0,39.05,29.65,22.45,25.25,30.05,35.95,42.55,51.2,60.85,72.15,85.3,100.05,117.5,136.7,157.7,181.3,207.35,236.25,269.3,302.55,342.15,377.8,420.6,461.9,2024-03-07,0.0077968369316547,0.0882996994992325,5.272,22483.5,0.1428829670707685,22160.11179552981,22100,0.0171423135464231,0.0204155422789463,-3.8914587917935393,5.272,-1.6692916854090625,0.0030183489938282,2024,0.054583267571536,0.0001631147789828,0.0003499696269659,0.0975465555678505,0.000186854847983,0.4660826723649915,0.0453364115029179,-8.721056439426652,-7.957664187343697,-4.066205395550156,0.0002439449832829,0.6970461562558912,0.0235909921796671,0.000106024643683,-0.7633922520832354,1,0,1,200.0,50.0,1750.0,100.0,3100.0,3150.0,53950.0,28000.0,124750.0,94800.0,321200.0,218450.0,308000.0,115900.0,244400.0,128750.0,195850.0,79650.0,276600.0,80850.0,176250.0,232300.0,96500.0,318550.0,89250.0,226200.0,65900.0,186550.0,87550.0,323050.0,155300.0,417250.0,218800.0,130800.0,41950.0,79400.0,8300.0,16050.0,2800.0,11300.0,650.0,1000.0,0.1612966780293832,25.25,232300.0,0.1588881832887984,30.05,96500.0,0.1568394627112045,35.95,318550.0,0.1543383787434258,42.55,89250.0,0.1529707171820638,51.2,226200.0,0.1511089944405381,60.85,65900.0,0.1493678551703224,72.15,186550.0,0.1477560655395098,85.3,87550.0,0.1458666369397076,100.05,323050.0,0.1445790503828212,117.5,155300.0,0.1428829670707685,333.45,738450.0,0.1407423778471896,157.7,218800.0,0.1385839678474144,141.25,308000.0,0.1370360498225962,117.9,115900.0,0.1352857082022842,96.85,244400.0,0.1338969445386971,78.7,128750.0,0.13269175964467,63.15,195850.0,0.1316189948788444,50.0,79650.0,0.1306631448090003,39.05,276600.0,0.1291926518695048,29.65,80850.0,0.1283986761361888,22.45,176250.0,0.0029836698689391,-0.004298999223354,0.0072826690922931,-0.0006576646772074,0.142225302393561,0.0064848880995538,-0.0075972588684842,0.0140821469680381,-0.0005561853844651,0.1423267816863033,0.0100877501112953,-0.0101912074260984,0.0202789575373938,-5.1728657401578504e-05,0.1428312384133669,0.013956495640436,-0.0122198222617681,0.0261763179022042,0.0008683366893339,0.1437513037601024,0.0184137109586147,-0.0144842909345797,0.0328980018931944,0.0019647100120175,0.144847677082786,0.1403752289927247,-0.0142241074389619,0.0002336542364682,0.0002674365000603,0.7012426601441748,middle,5,0.0304890412776476,252,rr_only,0920_open,500,285.75,383.5,-97.75,214.25
2024-03-12,22369.2,22360.7,0.0015591536307317,0.0178308383156498,0.0021636893585822,-5.268960041865507,-4.962010175205925,-4.683453537269485,-0.0073052897962026,,488.95,440.05,396.65,351.2,307.6,266.1,227.1,191.3,157.95,127.35,101.4,78.75,59.85,44.5,32.2,22.65,15.5,10.25,6.8,4.3,5.2,7.25,9.95,13.8,18.55,24.9,33.5,44.3,58.25,74.95,94.8,118.5,145.8,176.75,211.75,249.2,289.2,332.15,376.8,424.0,470.0,2024-03-14,0.0164431975410515,0.1282310318957606,2.986666666666667,22153.05,0.1572777127519525,22382.56207843907,22350,0.006183409436834,0.0247362789284856,-3.6994843304244305,2.986666666666667,-4.026825831069909,0.0015591536307317,2024,0.0290466808561919,0.0001948823412272,0.0001529545405585,0.1775301998569503,-4.1927800668721137e-05,1.2741193593574285,-0.0202524871049978,-8.543114559828139,-8.785369801253204,-5.08588547082877,0.0001095070880175,0.7159453234773236,0.0241994529982273,4.344745254103518e-05,0.2422552414250345,0,1,0,,50.0,300.0,3550.0,1800.0,5300.0,3750.0,40300.0,47400.0,252650.0,390750.0,603100.0,235750.0,380200.0,172550.0,351600.0,186700.0,516800.0,226400.0,361200.0,252200.0,126850.0,204400.0,215650.0,258700.0,92250.0,333000.0,137750.0,395300.0,157900.0,398150.0,363350.0,506150.0,114400.0,100300.0,25950.0,24350.0,3050.0,4100.0,150.0,1300.0,50.0,0.1768330346840255,5.2,126850.0,0.1744818312075532,7.25,204400.0,0.1718312485065578,9.95,215650.0,0.1699987216436252,13.8,258700.0,0.1671892201544416,18.55,92250.0,0.1647656857907162,24.9,333000.0,0.1631936360808223,33.5,137750.0,0.1614290009924257,44.3,395300.0,0.1604531171679528,58.25,157900.0,0.158985324991479,74.95,398150.0,0.1572777127519525,222.15,754100.0,0.1565099189318546,101.4,603100.0,0.1552890272723506,78.75,235750.0,0.1543239383580877,59.85,380200.0,0.1536049530307692,44.5,172550.0,0.1527823720636891,32.2,351600.0,0.1519264750826938,22.65,186700.0,0.1511574051209185,15.5,516800.0,0.1502442850721761,10.25,226400.0,0.1505040530508472,6.8,361200.0,0.1500785537772948,4.3,252200.0,0.0031754044160003,-0.0019886854796018,0.0051640898956021,0.0005933594681992,0.1578710722201517,0.0059159233288698,-0.0036727597211832,0.009588683050053,0.0011215818038433,0.1583992945557958,0.0099115074024891,-0.0053512376692586,0.0152627450717478,0.0022801348666152,0.1595578476185677,0.0145535357546053,-0.0070334276797763,0.0215869634343817,0.0037600540374145,0.161037766789367,0.019555321932073,-0.0071991589746576,0.0267544809067306,0.0061780814787076,0.1634557942306601,0.1567567897169021,-0.0064091719614694,0.0016026972729567,0.000193983279992,0.7108851730805311,high,3,0.025696692131138,252,rr_only,0920_open,500,212.64999999999998,196.95000000000073,15.69999999999925,287.35
2024-03-15,22089.5,22081.85,0.0011595438313569,0.0144711871261871,0.0022589918286967,-4.411976425414971,-4.5214480865186975,-4.682751310083472,0.007794465993513,547.0,505.0,457.5,420.1,373.0,333.05,295.55,260.0,226.55,195.05,166.0,139.05,115.2,94.65,76.15,60.75,47.45,36.95,28.25,21.75,16.4,23.15,28.2,34.3,41.7,50.5,60.8,73.05,87.0,103.4,122.15,142.8,166.35,192.5,221.25,252.7,287.05,324.45,362.7,405.0,448.9,493.2,2024-03-21,0.0130231143812997,0.114118860760611,4.986666666666666,22014.6,0.1335833122883973,22123.223874376217,22100,0.0171423135464231,0.0178445013219394,-4.026059867404453,4.986666666666666,-4.235595701193368,0.0011595438313569,2024,0.0194644515277862,0.0002577060729421,0.0003058960367402,0.1226104847015727,4.818996379812564e-05,0.8424629350819396,0.0109728275868244,-8.263690874646022,-8.092265262954614,-4.066205395550156,0.0002158690070445,0.7056940303802625,0.0213658534951892,9.002702969567318e-05,-0.1714256116913365,1,0,0,400.0,350.0,1150.0,350.0,7050.0,2650.0,21900.0,18050.0,149500.0,110200.0,406550.0,201400.0,352200.0,116550.0,291750.0,204450.0,407050.0,237000.0,269950.0,162800.0,222400.0,126100.0,41250.0,102600.0,79300.0,204650.0,120200.0,308900.0,164300.0,565500.0,379050.0,688050.0,213600.0,299000.0,49750.0,72550.0,10950.0,26550.0,2500.0,41000.0,500.0,550.0,0.1499975738796843,23.15,126100.0,0.1480495174316549,28.2,41250.0,0.1461904643988993,34.3,102600.0,0.1445148352319196,41.7,79300.0,0.1428869934985083,50.5,204650.0,0.1412057708090258,60.8,120200.0,0.1397492775366136,73.05,308900.0,0.1380582112130782,87.0,164300.0,0.1366876141688029,103.4,565500.0,0.1353665379588328,122.15,379050.0,0.1335833122883973,308.8,1094600.0,0.1316383974998412,139.05,201400.0,0.1301044541932395,115.2,352200.0,0.1291537096146121,94.65,116550.0,0.1276891351955716,76.15,291750.0,0.1267803046964301,60.75,204450.0,0.1255803788028588,47.45,407050.0,0.125106938305279,36.95,237000.0,0.1245003044613788,28.25,269950.0,0.1247609911772117,21.75,162800.0,0.1247108613198655,16.4,222400.0,0.0031043018804056,-0.0034788580951577,0.0065831599755634,-0.000187278107376,0.1333960341810212,0.0061659652482163,-0.0058941770928256,0.012060142341042,0.0001358940776953,0.1337192063660926,0.009303681210111,-0.0080029334855384,0.0173066146956494,0.0006503738622863,0.1342336861506836,0.012607152110502,-0.0090830078270184,0.0216901599375205,0.0017620721417418,0.1353453844301391,0.016414261591287,-0.0088724509685317,0.0252867125598187,0.0037709053113776,0.1373542175997749,0.1327464299836981,-0.0112219536508271,0.0012018849607658,0.0002440621118409,0.6992348138650689,middle,5,0.025696692131138,252,rr_only,0920_open,500,269.25000000000006,85.40000000000146,183.8499999999986,230.74999999999994
2024-04-01,22512.55,22507.5,0.0025240885823248,0.0368079215748236,0.0026052135364497,-4.5188619653470745,-4.731125898371131,-4.668451872660251,0.0088064708966341,523.95,482.0,434.2,388.5,343.5,302.95,263.45,227.0,194.4,163.75,135.95,111.0,88.7,69.85,54.25,41.25,30.95,23.2,16.75,12.1,8.95,14.75,18.2,22.8,28.3,35.1,44.0,54.4,67.95,84.3,103.85,125.85,150.55,178.35,209.25,244.25,280.75,320.4,360.0,406.0,447.0,496.3,2024-04-04,0.0102090447894229,0.1010398178413982,3.986666666666667,22541.2,0.1543552105985826,22510.105408867883,22500,0.0089231354642313,0.0238255310389328,-3.7369975405430385,3.986666666666667,-3.302042196786977,0.0025240885823248,2024,0.0533153927571844,0.0001615081688908,0.0002125984409676,0.1345359976471305,5.109027207677463e-05,0.7596865158359745,0.019819212951452,-8.73095483521314,-8.456105425255258,-4.719107884712219,0.0001503162991456,0.7070432805693381,0.0245642955579926,6.228214182195447e-05,-0.2748494099581057,1,0,0,32500.0,1850.0,11550.0,12300.0,33900.0,15500.0,157800.0,75000.0,302100.0,293800.0,1282850.0,528900.0,774400.0,324950.0,519900.0,257650.0,393800.0,225750.0,302850.0,244150.0,772800.0,238650.0,98800.0,273050.0,124100.0,249950.0,98450.0,464650.0,142800.0,374850.0,212350.0,703250.0,124450.0,106650.0,31900.0,29850.0,16350.0,9500.0,1050.0,1250.0,0.0,11650.0,0.1776625690093737,14.75,238650.0,0.1738281076881208,18.2,98800.0,0.1707835340128533,22.8,273050.0,0.1673853872486295,28.3,124100.0,0.1640841539800973,35.1,249950.0,0.1617382410853654,44.0,98450.0,0.1588352048962817,54.4,464650.0,0.1573335007982468,67.95,142800.0,0.1561844646131669,84.3,374850.0,0.1555595823796828,103.85,212350.0,0.1543552105985826,261.79999999999995,1986100.0,0.1531544547087628,111.0,528900.0,0.151452418252511,88.7,774400.0,0.1502404547845541,69.85,324950.0,0.149475642821528,54.25,519900.0,0.148568350871544,41.25,257650.0,0.1480714928460869,30.95,393800.0,0.1484630610638419,23.2,225750.0,0.1479049855534753,16.75,302850.0,0.1481432985862693,12.1,244150.0,0.1496950693039728,8.95,772800.0,0.0018292540145843,-0.0029027923460715,0.0047320463606559,-0.0005367691657435,0.153818441432839,0.0044799942976991,-0.0048795677770545,0.0093595620747536,-0.0001997867396776,0.1541554238589049,0.0097289433815147,-0.0062837177524956,0.0160126611340103,0.0017226128145095,0.1560778234130921,0.0164283234142707,-0.0064502250451072,0.022878548459378,0.0049890491845817,0.1593442597831643,0.0233073584107911,-0.0046601412946097,0.0279674997054009,0.0093236085580906,0.1636788191566733,0.1535236206504989,-0.0082218045242611,0.0022867941156568,0.0004824477774689,0.684676086424495,middle,4,0.02608039274799096,252,rr_only,0920_open,500,238.09999999999997,41.20000000000073,196.89999999999924,261.90000000000003
2024-04-05,22464.3,22434.15,-0.0009877510780704,0.0492125191311101,0.0022190764902535,-3.7125287042277977,-4.564464231722851,-4.659641956509851,0.0042523696036599,537.15,487.5,449.9,399.8,355.75,315.35,276.9,239.1,204.3,172.1,143.15,116.8,93.9,74.0,57.2,43.35,32.35,23.9,17.5,12.8,9.5,16.0,19.9,24.6,30.35,37.5,46.2,56.75,69.65,84.75,102.8,123.4,147.1,174.35,204.3,237.85,273.2,312.4,354.25,400.5,442.75,489.25,2024-04-10,0.0052224257447431,0.0722663527842879,3.986666666666667,22735.05,0.1238310242940739,22469.767074442632,22450,0.0144025875190258,0.0153341225777195,-4.177674700025844,3.986666666666667,-3.0116072339674216,0.0009877510780704,2024,0.051564671509786,8.261932791948078e-05,0.000220851042453,0.0757391745184378,0.0001382317145335,0.374095258966393,0.048091849775636,-9.401266910627134,-8.418022099746894,-4.240347399721049,0.000159234140149,0.7210024384777535,0.0186837952747006,6.161690230405394e-05,-0.9832448108799022,1,0,1,350.0,4200.0,100.0,2650.0,1950.0,11450.0,8000.0,67450.0,56050.0,285500.0,503550.0,858550.0,364550.0,488500.0,284500.0,380200.0,263900.0,327400.0,175050.0,375400.0,226200.0,145350.0,504750.0,160400.0,306200.0,216500.0,552050.0,348850.0,795550.0,563300.0,1411700.0,1415300.0,1472650.0,315000.0,422150.0,78500.0,61350.0,6400.0,12250.0,2350.0,1550.0,800.0,0.1450793387963128,16.0,145350.0,0.1426844357818412,19.9,504750.0,0.1401335348331386,24.6,160400.0,0.1375973008926012,30.35,306200.0,0.1352808256874493,37.5,216500.0,0.1330274349317471,46.2,552050.0,0.130884083832709,56.75,348850.0,0.1290813712888687,69.65,795550.0,0.1271530581490386,84.75,563300.0,0.1256027815837078,102.8,1411700.0,0.1238310242940739,266.55,1918850.0,0.1221213640819362,116.8,858550.0,0.1207960762074675,93.9,364550.0,0.1194225497269993,74.0,488500.0,0.1181671457618279,57.2,284500.0,0.1170502814538238,43.35,380200.0,0.1162785877412056,32.35,263900.0,0.1159726235946231,23.9,327400.0,0.1160242019105261,17.5,175050.0,0.116553781656555,12.8,375400.0,0.1178292748067948,9.5,226200.0,0.0033220338549646,-0.0030349480866063,0.006356981941571,0.0001435428841791,0.123974567178253,0.0070530595386351,-0.0056638785322459,0.012716938070881,0.0006945905031945,0.1245256147972684,0.0114498013933754,-0.0075524365528682,0.0190022379462436,0.0019486824202536,0.1257797067143275,0.0163025105390646,-0.0078068223835477,0.0241093329226124,0.0042478440777584,0.1280788683718323,0.0212483145022389,-0.006001749487279,0.0272500639895179,0.0076232825074799,0.1314543068015539,0.1231454976763281,-0.0103373828112756,0.0023039972331688,9.260972989846904e-05,0.6980667876887289,middle,4,0.02525162979236904,252,rr_only,0920_open,500,241.05,285.0499999999993,-43.99999999999926,258.95
2024-04-12,22704.2,22700.8,0.0012867972866748,0.0146697417558346,0.0023366064979166,-5.407579921422223,-4.845790414140245,-4.664181889506179,0.0040989895878431,523.35,475.85,430.0,388.0,343.2,301.8,263.35,226.5,192.2,160.5,131.1,105.65,83.45,64.8,49.35,37.0,27.25,19.3,13.95,10.0,7.35,14.8,18.45,23.15,29.0,36.35,45.15,55.7,68.95,85.25,103.65,124.0,148.6,177.25,208.0,242.0,279.9,319.85,361.3,406.45,450.7,495.1,2024-04-18,0.0202715963584739,0.1423783563554304,3.986666666666667,22045.75,0.1076428048821423,22707.107306382375,22700,0.0171423135464231,0.0115869734428949,-4.457873790944037,3.986666666666667,-4.221968290538111,0.0012867972866748,2024,-0.034735551473288,0.0003206987995335,0.0001986275318121,0.1367772758915505,-0.0001220712677213,1.61457375323364,-0.0291344710094082,-8.045008194541492,-8.524079186494198,-4.066205395550156,0.0001458260039842,0.7341681319491355,0.0154105618891716,5.2801527827964846e-05,0.4790709919530295,0,1,0,50.0,1000.0,6650.0,1100.0,7650.0,5550.0,35400.0,20700.0,153050.0,191250.0,685900.0,311400.0,375450.0,142450.0,205950.0,130700.0,264450.0,138600.0,187150.0,283750.0,193050.0,224450.0,96450.0,243450.0,75950.0,200950.0,66500.0,212100.0,104900.0,365000.0,287000.0,655500.0,204900.0,136500.0,23700.0,54900.0,7700.0,18050.0,900.0,900.0,750.0,600.0,0.1266113334700352,14.8,224450.0,0.1242024589414876,18.45,96450.0,0.1220937425609935,23.15,243450.0,0.1200552251669005,29.0,75950.0,0.1182305364940428,36.35,200950.0,0.1162256555880332,45.15,66500.0,0.114128458043572,55.7,212100.0,0.1125963597669252,68.95,104900.0,0.1115884772326755,85.25,365000.0,0.1100191537347293,103.65,287000.0,0.1076428048821423,255.1,1341400.0,0.1061729211082078,105.65,311400.0,0.1047623502072218,83.45,375450.0,0.1036934346125167,64.8,142450.0,0.1027875578288773,49.35,205950.0,0.1022063428650638,37.0,130700.0,0.1017841492415969,27.25,264450.0,0.100832597896498,19.3,138600.0,0.1011844905462702,13.95,187150.0,0.1017210329824378,10.0,283750.0,0.1030991042182717,7.35,193050.0,0.0039456723505332,-0.0028804546749204,0.0068261270254537,0.0005326088378064,0.1081754137199487,0.0064856531614297,-0.0048552470532649,0.0113409002146947,0.0008152030540824,0.1084580079362247,0.0105877316119005,-0.0058586556405453,0.0164463872524459,0.0023645379856775,0.1100073428678198,0.0144509376788512,-0.006458314335872,0.0209092520147232,0.0039963116714895,0.1116391165536318,0.0189685285878929,-0.0045437006638705,0.0235122292517635,0.0072124139620111,0.1148552188441534,0.1076044423064891,-0.0089617363611025,0.0022704043442458,0.0003800269589756,0.7098171108009717,low,4,0.02439415493957432,252,rr_only,0920_open,500,232.95,500.0,-267.05,267.05
2024-05-06,22519.6,22503.9,-0.0017212166327611,0.0456277993725345,0.0025622645106929,-4.00923053954406,-4.803413801789805,-4.595514114095845,-0.0088688101333814,572.05,520.0,481.15,435.6,391.0,349.8,307.65,269.1,232.8,199.5,168.95,141.15,116.2,95.05,76.75,61.25,48.75,38.0,29.0,22.05,16.75,12.0,14.75,18.95,23.8,29.95,37.45,47.0,58.3,72.4,88.75,108.0,130.0,155.65,184.05,216.4,250.65,287.0,326.3,369.75,412.9,454.45,2024-05-09,0.012728889108693,0.1128223785810823,3.986666666666667,21968.15,0.160631829882512,22560.98264064332,22500,0.0089231354642313,0.0258025847714042,-3.65728060713459,3.986666666666667,-3.0872381128513435,0.0017212166327611,2024,0.0478094513014297,0.0002013723726719,0.0002302399592425,0.1502246498816342,2.886758657063556e-05,0.8746195635822521,0.0104071800008777,-8.510354763494938,-8.376388491846813,-4.719107884712219,0.0001616051800307,0.7018989256358694,0.0260554332533963,6.863477921175817e-05,-0.1339662716479807,1,0,0,5550.0,0.0,4575.0,1275.0,11425.0,3000.0,64425.0,32300.0,121275.0,98550.0,472875.0,325700.0,428500.0,240900.0,380850.0,161900.0,381600.0,159125.0,242250.0,114975.0,254375.0,525425.0,101075.0,349425.0,83575.0,304850.0,152975.0,313625.0,149825.0,406125.0,298175.0,831200.0,418225.0,322700.0,74625.0,106675.0,24575.0,39775.0,16700.0,12850.0,2275.0,5625.0,0.1814554203343904,12.0,525425.0,0.1774888810442181,14.75,101075.0,0.1756262368261007,18.95,349425.0,0.1729083570489325,23.8,83575.0,0.1705404671215835,29.95,304850.0,0.1681215629236078,37.45,152975.0,0.166391946585551,47.0,313625.0,0.1643867569483608,58.3,149825.0,0.1632248628937486,72.4,406125.0,0.1617790775808251,88.75,298175.0,0.160631829882512,276.95,1304075.0,0.1594008315857068,130.0,418225.0,0.1584999815110944,116.2,428500.0,0.1584310501304768,95.05,240900.0,0.1583818870367723,76.75,380850.0,0.1584831438981429,61.25,161900.0,0.1593622294452013,48.75,381600.0,0.1595854058726185,38.0,159125.0,0.1593698256593751,29.0,242250.0,0.1597340689724321,22.05,114975.0,0.1606209448350653,16.75,254375.0,0.0025930330112366,-0.0021318483714175,0.0047248813826542,0.0002305923199095,0.1608624222024215,0.0057601167030389,-0.0022499428457396,0.0080100595487786,0.0017550869286496,0.1623869168111616,0.0099086372390715,-0.0012696004373106,0.0111782376763822,0.0043195184008804,0.1649513482833924,0.0149944069435887,-0.0012620042231368,0.0162564111667255,0.0068662013602259,0.167498031242738,0.0208235904518784,-1.088504744670149e-05,0.0208344754993251,0.0104063527022158,0.1710381825847278,0.1594204998818599,-0.0045825490381347,0.0056389287185637,0.0002518730383293,0.6809116397321068,high,4,0.02547416096175352,252,rr_only,0920_open,500,248.2,500.0,-251.8,251.8
2024-05-10,21970.45,21958.05,-0.0008893619374745,0.0459424127346635,0.0020778086304559,-4.52550624281594,-4.262496625307651,-4.550050177447073,-0.0152956461315568,606.65,548.8,514.0,460.75,424.45,380.0,341.55,305.65,270.75,237.6,206.5,179.6,152.85,128.2,107.35,89.8,73.35,59.1,47.65,38.4,30.95,28.8,34.6,40.65,47.15,55.9,66.0,77.65,91.6,106.3,122.55,141.6,164.25,187.6,212.75,242.05,274.5,309.3,342.6,380.85,416.35,460.5,2024-05-16,0.0127383249651225,0.1128641881427519,4.986666666666666,22392.35,0.1500475173453253,22014.96678650932,21950,0.0171423135464231,0.0225142574614957,-3.793606505497264,4.986666666666666,-3.0803665638433384,0.0008893619374745,2024,0.0371833292025734,0.0002520705575108,0.0003859464606698,0.1212624514598093,0.0001338759031589,0.6531231225009598,0.0287850658855159,-8.285801519520192,-7.85981190104742,-4.066205395550156,0.0002666218203081,0.6908259240036261,0.0253341150419108,0.0001193246403616,-0.4259896184729845,1,0,1,150.0,6600.0,75.0,1150.0,1075.0,6725.0,8650.0,27050.0,24800.0,115575.0,198750.0,622625.0,235150.0,324800.0,161275.0,369825.0,124550.0,253725.0,129825.0,220600.0,108025.0,62275.0,245300.0,135175.0,375900.0,105275.0,298600.0,186400.0,514425.0,264150.0,549400.0,500800.0,1183175.0,214475.0,335925.0,78550.0,103950.0,13350.0,35550.0,9775.0,10300.0,2125.0,0.1697687145016376,28.8,62275.0,0.168340065921419,34.6,245300.0,0.1658502307343552,40.65,135175.0,0.1626634651584577,47.15,375900.0,0.1609504653594678,55.9,105275.0,0.1592190729189804,66.0,298600.0,0.1575252487001269,77.65,186400.0,0.1564501166602441,91.6,514425.0,0.1543174643618812,106.3,264150.0,0.151850410870436,122.55,549400.0,0.1500475173453253,348.1,699550.0,0.1494553871378868,164.25,1183175.0,0.1476789550861465,152.85,235150.0,0.145319093839945,128.2,324800.0,0.1442057265305392,107.35,161275.0,0.1440082378884689,89.8,369825.0,0.1427259530661117,73.35,124550.0,0.1414453330246076,59.1,253725.0,0.1410369759045328,47.65,129825.0,0.1411914572075432,38.4,220600.0,0.1417813964097065,30.95,108025.0,0.0042699470165559,-0.0023685622591787,0.0066385092757347,0.0009506923786886,0.1509982097240139,0.0074777313548016,-0.005841790814786,0.0133195221695876,0.0008179702700078,0.1508654876153331,0.0109029480141425,-0.0073215642792135,0.018224512293356,0.0017906918674644,0.1518382092127897,0.0158027133890299,-0.0090105414407924,0.0248132548298224,0.0033960859741187,0.153443603319444,0.0197211971563123,-0.0082661209356187,0.0279873180919311,0.0057275381103468,0.1557750554556721,0.1485569386081182,-0.0128414168084344,0.0025799323658466,0.0004836040245945,0.6572662937200935,middle,5,0.02579261728535124,252,rr_only,0920_open,500,288.35,442.34999999999854,-153.99999999999852,211.64999999999998
2024-05-29,22776.6,22782.6,0.0007289958405585,0.0965222802267219,0.0026759577263507,-4.973551671562885,-4.794219587187299,-4.744198748247043,-0.002724910364509,540.25,490.0,441.0,411.2,349.25,306.0,264.0,224.0,187.0,152.95,122.55,95.0,72.45,54.4,40.15,29.4,21.45,16.0,12.05,9.25,7.15,6.6,8.35,11.05,14.75,19.9,25.9,33.6,43.9,57.45,73.7,92.0,114.35,143.2,175.0,208.7,247.65,291.25,335.15,380.0,426.95,475.0,2024-05-30,0.0083497357420572,0.0913768884459154,1.9866666666666664,22557.1,0.1995795748644705,22830.556312923854,22800,0.0034436834094368,0.0398320067030828,-3.2230845013584073,1.9866666666666664,-2.337981414108151,0.0007289958405585,2024,0.1082026864185551,6.582595902468372e-05,0.0001371688206479,0.1382569552332628,7.134286162329793e-05,0.4798900997597248,0.0613226196312076,-9.628496283380263,-8.894298123251083,-5.671213621892677,9.643524487830292e-05,0.7030405628826254,0.0322370625931416,4.073357576967874e-05,-0.734198160128587,1,0,1,2300.0,750.0,4725.0,525.0,97750.0,3850.0,33625.0,13000.0,167300.0,225275.0,797575.0,343300.0,483375.0,251425.0,1010300.0,192175.0,653475.0,334800.0,472275.0,194525.0,450650.0,195450.0,72000.0,228025.0,113425.0,332475.0,191875.0,313675.0,227475.0,512275.0,442575.0,890325.0,293425.0,386025.0,118550.0,256825.0,21075.0,66175.0,5525.0,10600.0,500.0,2750.0,0.2425844998121067,6.6,195450.0,0.2354561682141467,8.35,72000.0,0.2306059933927748,11.05,228025.0,0.2264600225577775,14.75,113425.0,0.2234495215544945,19.9,332475.0,0.2184228917271367,25.9,191875.0,0.2135097857388936,33.6,313675.0,0.2098967417301512,43.9,227475.0,0.2077270848024274,57.45,512275.0,0.2048623970205592,73.7,442575.0,0.1995795748644705,214.55,1687900.0,0.1953451777049575,95.0,343300.0,0.1933522426224012,72.45,483375.0,0.1928355861547503,54.4,251425.0,0.1930620643309678,40.15,1010300.0,0.1944764963960072,29.4,192175.0,0.1968631970645214,21.45,653475.0,0.2013388546300507,16.0,334800.0,0.2065316809985068,12.05,472275.0,0.2126731912817947,9.25,194525.0,0.2189608180011611,7.15,450650.0,0.0081475099379569,-0.0062273322420693,0.0143748421800262,0.0009600888479437,0.2005396637124143,0.0139302108744231,-0.0065175105335026,0.0204477214079257,0.0037063501704602,0.2032859250349307,0.023869946690024,-0.002716377799949,0.0265863244899731,0.0105767844450374,0.210156359309508,0.0310264185283042,0.0069521061340362,0.0240743123942679,0.0189892623311702,0.2185688371956408,0.0430049249476362,0.0193812431366906,0.0236236818109455,0.0311930840421634,0.2307726589066339,0.1978915960095145,-0.0112653609372665,0.0081741408621316,0.0015566325919965,0.7064418182317725,high,2,0.02532675381757156,252,rr_only,0920_open,500,200.8,242.90000000000146,-42.100000000001444,299.2
2024-05-31,22594.55,22599.7,0.0011115886135551,0.0056455311871902,0.0017017896738372,-4.5557415904535485,-4.7497621107267545,-4.6971825918300985,-0.0065705261912227,754.6,720.55,685.95,652.0,617.15,588.35,553.15,521.95,493.6,465.8,437.55,411.55,385.8,360.55,337.35,314.8,293.65,273.35,254.45,236.65,220.15,219.15,232.6,247.85,263.25,279.9,297.0,315.95,335.65,355.25,376.1,399.0,421.05,445.8,472.35,497.8,525.25,555.1,584.3,614.05,648.2,684.2,2024-06-06,0.1718916926448785,0.4145982303928449,4.986666666666666,22849.05,0.3541848193830348,22638.589670569098,22600,0.0171423135464231,0.125446886281393,-2.075872826873169,4.986666666666666,-5.176890987102428,0.0011115886135551,2024,-0.06041341100981,0.003401454658687,0.0021504498580581,0.4454486282641447,-0.0012510048006288,1.581740976633867,-0.0912638088811099,-5.683552098067497,-6.142078222423326,-4.066205395550156,0.0012692887320315,0.5902433517690836,0.0820741973416957,0.0008811611260265,0.458526124355834,0,1,0,2450.0,175.0,2350.0,300.0,4600.0,3225.0,34100.0,17525.0,112100.0,82775.0,244550.0,106775.0,134325.0,28550.0,46400.0,17175.0,34425.0,18425.0,288225.0,30650.0,44600.0,22125.0,7075.0,42900.0,9000.0,28350.0,21625.0,77800.0,26025.0,138475.0,76850.0,260800.0,83750.0,93250.0,23225.0,21825.0,9250.0,7150.0,2425.0,37225.0,1225.0,8950.0,0.3739564409058079,219.15,22125.0,0.3711595338123654,232.6,7075.0,0.3693647496077263,247.85,42900.0,0.3669889658666163,263.25,9000.0,0.3650264649404755,279.9,28350.0,0.3627303761277655,297.0,21625.0,0.3613161586646514,315.95,77800.0,0.3597862840149564,335.65,26025.0,0.3574018939722253,355.25,138475.0,0.3553153911037721,376.1,76850.0,0.3541848193830348,836.55,505350.0,0.3531438279347462,411.55,106775.0,0.3515105437985176,385.8,134325.0,0.3494890408421427,360.55,28550.0,0.3483914212370766,337.35,46400.0,0.347027698105977,314.8,17175.0,0.3460439019543894,293.65,34425.0,0.3449724456268883,273.35,18425.0,0.3443078328301238,254.45,288225.0,0.3438071717110754,236.65,30650.0,0.3436789534670016,220.15,44600.0,0.0032170745891905,-0.0026742755845172,0.0058913501737077,0.0002713995023366,0.3544562188853715,0.0071313392816165,-0.0057933981459581,0.0129247374275747,0.0006689705678292,0.354853789950864,0.0108416455574407,-0.0081409174286454,0.0189825629860861,0.0013503640643976,0.3555351834474324,0.0151799302246914,-0.009876986552911,0.0250569167776025,0.0026514718358902,0.356836291218925,0.0197716215227731,-0.0105058659160331,0.0302774874388063,0.0046328778033699,0.3588176971864047,0.3530532110018481,-0.0322280355591704,0.0137606846038424,0.00029006412276,0.48453560515260663,high,5,0.0256911710001246,252,rr_only,0920_open,500,397.25,249.04999999999927,148.20000000000073,102.75
2024-06-14,23417.15,23409.2,-0.0021458902759371,0.0478106670399053,0.0024768172044847,-4.4147962156629985,-4.451800566786366,-4.258346670231683,0.0038944335768799,525.2,478.1,434.0,390.65,347.1,306.3,268.65,231.45,197.0,165.9,137.0,111.7,89.3,70.3,54.45,41.95,31.7,23.7,17.4,12.65,9.4,16.9,20.95,25.75,31.5,38.15,47.0,57.65,70.85,86.65,105.25,126.1,150.75,178.8,209.5,243.55,281.0,322.0,364.55,408.15,454.0,499.3,2024-06-20,0.0084245018549792,0.0917850851444787,3.986666666666667,23579.15,0.1076568868705217,23410.911216840548,23400,0.0171423135464231,0.0115900052906523,-4.457612165146342,3.986666666666667,-3.0405065045505215,0.0021458902759371,2024,0.015871801726043,0.0001332765108274,0.000198679504697,0.088174314094454,6.540299386961559e-05,0.6708115717857335,0.0194825727760676,-8.923084559154265,-8.5238175606965,-4.066205395550156,0.0001458606650484,0.7341505369204868,0.015413683288666,5.281883964861815e-05,-0.3992669984578064,1,0,1,800.0,200.0,43225.0,325.0,2450.0,2475.0,20100.0,17775.0,76050.0,69800.0,557225.0,305650.0,314075.0,101375.0,222200.0,92150.0,140600.0,55650.0,113150.0,50400.0,139900.0,101900.0,40850.0,128975.0,57075.0,144975.0,86750.0,132750.0,244550.0,232550.0,227600.0,590500.0,228900.0,191000.0,30125.0,30775.0,13650.0,6875.0,50.0,1250.0,500.0,600.0,0.1277378948852508,16.9,101900.0,0.1255760153407381,20.95,40850.0,0.1231713683661461,25.75,128975.0,0.1206362392836612,31.5,57075.0,0.1177113441847739,38.15,144975.0,0.1156726182185444,47.0,86750.0,0.113642767520685,57.65,132750.0,0.1120646160174631,70.85,244550.0,0.1106705011678837,86.65,232550.0,0.1094072031222617,105.25,227600.0,0.1076568868705217,263.1,1147725.0,0.1065736076416246,111.7,305650.0,0.105354503770908,89.3,314075.0,0.1044336727561242,70.3,101375.0,0.1037165956416899,54.45,222200.0,0.1036690463108359,41.95,92150.0,0.1035092531969598,31.7,140600.0,0.1035897884852619,23.7,55650.0,0.1036146740575371,17.4,113150.0,0.1038277541299817,12.65,50400.0,0.1049152299807246,9.4,139900.0,0.003013614297362,-0.0023023830996136,0.0053159973969756,0.0003556155988741,0.1080125024693959,0.0059858806501633,-0.0039402912288317,0.009926171878995,0.0010227947106658,0.1086796815811875,0.0100544573142522,-0.0041476336735618,0.0142020909878141,0.0029534118203451,0.1106102986908668,0.0155144814956244,-0.0040422128129846,0.019556694308609,0.0057361343413199,0.1133930212118416,0.0200810080147291,-0.002741656889797,0.0228226649045262,0.008669675562466,0.1163265624329877,0.1074207276473436,-0.0077722428143435,0.0033441947279724,0.0002276944550443,0.7149162677546284,low,4,0.025136393505020938,252,rr_only,0920_open,500,236.8,179.15000000000146,57.649999999998556,263.2
2024-06-21,23614.1,23609.3,-0.0019608450001797,0.094850592615768,0.0030659813681232,-4.376601372256817,-4.797137001662289,-4.230325307149314,0.0024522018931402,518.6,474.2,428.4,389.45,345.85,306.3,269.75,234.0,198.95,168.35,140.4,115.0,92.15,72.75,56.25,43.25,32.75,24.55,18.3,13.35,10.1,22.05,26.65,32.15,38.65,46.6,56.65,68.6,82.7,97.75,116.45,138.95,164.1,190.45,221.5,256.0,292.9,330.95,368.0,417.7,499.75,500.0,2024-06-27,0.0099460709314586,0.0997299901306454,4.986666666666666,24036.1,0.113421527975217,23601.451492148513,23600,0.0171423135464231,0.0128644430082329,-4.353288129309442,4.986666666666666,-2.35545233469477,0.0019608450001797,2024,0.0136915378445715,0.0001968164300722,0.0002205263156472,0.1071509332261233,2.3709885574969245e-05,0.8924850056766082,0.0062705947490936,-8.533239090691415,-8.4194935248596,-4.066205395550156,0.0001603596734769,0.727167970889766,0.0167022903907335,6.016664217023464e-05,-0.1137455658319809,1,0,0,5475.0,1400.0,5250.0,1225.0,11600.0,11400.0,44975.0,37575.0,206350.0,192450.0,622175.0,344875.0,326675.0,157300.0,355975.0,157050.0,384425.0,91850.0,322950.0,113625.0,132500.0,116025.0,72650.0,323725.0,84800.0,224500.0,120750.0,234975.0,178475.0,503175.0,330800.0,700075.0,254625.0,225075.0,53125.0,48150.0,5750.0,11250.0,400.0,13225.0,0.0,550.0,0.1343505799730495,22.05,116025.0,0.1318526835633333,26.65,72650.0,0.1293178291264651,32.15,323725.0,0.1266741432293882,38.65,84800.0,0.1242433033287762,46.6,224500.0,0.1224196886908817,56.65,120750.0,0.1206619904854568,68.6,234975.0,0.1189781283695453,82.7,178475.0,0.1161538124872804,97.75,503175.0,0.1143413746463872,116.45,330800.0,0.113421527975217,279.35,1322250.0,0.1118578807219359,115.0,344875.0,0.1099866212455515,92.15,326675.0,0.108540139298952,72.75,157300.0,0.1071163539148816,56.25,355975.0,0.1064989045349687,43.25,157050.0,0.1060330174063326,32.75,384425.0,0.1058719276674861,24.55,91850.0,0.1060622130419117,18.3,322950.0,0.1060639963301249,13.35,113625.0,0.1073443882283222,10.1,132500.0,0.0027322845120634,-0.0034349067296654,0.0061671912417288,-0.000351311108801,0.113070216866416,0.0072404625102397,-0.0063051740603353,0.0135456365705751,0.0004676442249522,0.1138891722001692,0.0108217753535592,-0.0073885105688843,0.0182102859224436,0.0017166323923374,0.1151381603675544,0.0158963011512481,-0.0073593149333052,0.0232556160845534,0.0042684931089714,0.1176900210841884,0.0209290519978325,-0.0060771397468947,0.0270061917447273,0.0074259561254688,0.1208474841006859,0.1130362462040422,-0.0110943765990921,0.0026661864324384,0.0003635081279724,0.7194992724173683,low,5,0.025096655141311718,252,rr_only,0920_open,500,247.2,436.09999999999854,-188.89999999999856,252.8
2024-07-01,24020.85,24025.25,0.0011330567950277,0.0563032841561946,0.0020940466823613,-4.418191680686276,-4.7326275123312325,-4.157043362926529,-0.0010947865531434,548.95,461.4,417.35,374.0,331.0,291.6,254.4,222.15,189.3,158.15,132.0,109.4,89.7,71.05,56.65,44.55,34.7,27.1,20.85,15.75,12.05,18.85,22.9,28.5,36.25,44.65,54.9,67.7,83.5,101.65,120.5,144.3,172.0,201.7,232.8,268.2,306.2,348.0,389.5,435.0,480.4,529.05,2024-07-04,0.0069762590910428,0.0835240030832029,3.986666666666667,24304.65,0.1527721908319415,23987.693412962875,24000,0.0089231354642313,0.0233393422915911,-3.7576148319727394,3.986666666666667,-2.8770024123904743,0.0011330567950277,2024,0.0692481877487386,0.0001103651570487,0.0002082601129139,0.1112134336971916,9.78949558651576e-05,0.5299390051439385,0.0415587571347498,-9.111716080377754,-8.47672271668496,-4.719107884712219,0.0001475272773867,0.7083798972474891,0.0241910067716705,6.0732835527209784e-05,-0.634993363693304,1,0,1,0.0,1425.0,1150.0,5750.0,1700.0,17875.0,4275.0,45575.0,51425.0,457450.0,263175.0,279475.0,125925.0,279775.0,96225.0,219025.0,99400.0,246225.0,184775.0,346300.0,173875.0,176400.0,303925.0,125525.0,199550.0,100650.0,293750.0,122900.0,311300.0,184650.0,1017075.0,190225.0,176250.0,50525.0,49650.0,5400.0,5675.0,225.0,3000.0,25.0,5150.0,75.0,0.1717980457641634,18.85,176400.0,0.1679437061994509,22.9,303925.0,0.165384451203453,28.5,125525.0,0.1643923305821631,36.25,199550.0,0.1618722931269195,44.65,100650.0,0.1595879936504129,54.9,293750.0,0.1580673234261269,67.7,122900.0,0.1574145286801388,83.5,311300.0,0.1565310987084246,101.65,184650.0,0.153440310197724,120.5,1017075.0,0.1527721908319415,276.3,453400.0,0.1528880717104412,109.4,279475.0,0.1531080147546912,89.7,125925.0,0.1513123336694452,71.05,279775.0,0.151493439571596,56.65,96225.0,0.1516087953753414,44.55,219025.0,0.1519366984205488,34.7,99400.0,0.1530356049217576,27.1,246225.0,0.1538584227758265,20.85,184775.0,0.1543410394772213,15.75,346300.0,0.1557205930313518,12.05,173875.0,0.0037589078764831,0.0003358239227497,0.0034230839537333,0.0020473658996164,0.1548195567315579,0.0052951325941854,-0.0012787512603454,0.0065738838545308,0.0020081906669199,0.1547803814988614,0.009100102294978,-0.0008354924113926,0.0099355947063706,0.0041323049417927,0.1569044957737342,0.0126122603715115,0.001086231943885,0.0115260284276264,0.0068492461576983,0.1596214369896398,0.0190258549322219,0.0029484021994103,0.0160774527328115,0.0109871285658161,0.1637593193977576,0.1536880928354288,-0.0060453497151008,0.0043897718548359,0.0005678067825257,0.7198333229726863,middle,4,0.025136393505020938,252,rr_only,0920_open,500,245.4,304.65000000000146,-59.25000000000145,254.6
2024-07-05,24202.45,24192.45,-0.000547352432545,0.0728294405631336,0.0027847774708758,-5.1642143641820475,-4.889143722928627,-4.35675538667762,0.0005700122285113,529.7,480.65,436.8,392.85,352.5,311.15,272.3,236.55,201.95,170.9,142.0,116.9,95.0,75.7,58.65,45.25,34.5,26.05,19.6,14.7,11.15,16.5,20.7,25.65,31.65,39.45,49.0,60.45,73.7,89.75,108.75,130.9,155.2,182.55,213.65,246.9,282.4,321.5,361.4,406.8,453.95,499.0,2024-07-11,0.0065301867231375,0.0808095707397181,4.986666666666666,24338.5,0.1079779673789283,24211.111422654136,24200,0.0171423135464231,0.0116592414392849,-4.451656156841169,4.986666666666666,-2.6196350021887405,0.000547352432545,2024,0.0271683966392101,0.0001292216843626,0.0001998663724656,0.0868226388774355,7.064468810305603e-05,0.6465403998104288,0.0211553285014927,-8.95398114507464,-8.517861552391327,-4.066205395550156,0.000146651969508,0.7337500936191513,0.0154848892724906,5.321440295766476e-05,-0.4361195926830737,1,0,1,1450.0,75.0,19125.0,975.0,4800.0,1500.0,37825.0,9550.0,75750.0,88775.0,594975.0,322575.0,523150.0,185500.0,424050.0,186425.0,274725.0,152425.0,169625.0,179175.0,189800.0,162200.0,110750.0,176825.0,105600.0,320825.0,108575.0,440625.0,256500.0,428225.0,396200.0,1135200.0,336275.0,446200.0,114175.0,128025.0,9850.0,63350.0,2075.0,8425.0,1475.0,1000.0,0.1227383971542467,16.5,162200.0,0.1210072049677485,20.7,110750.0,0.118959484140043,25.65,176825.0,0.1168554445439882,31.65,105600.0,0.1153425935513331,39.45,320825.0,0.1139602615941999,49.0,108575.0,0.1125898548218466,60.45,440625.0,0.1109274322905108,73.7,256500.0,0.1096592201628902,89.75,428225.0,0.1086752942907181,108.75,396200.0,0.1079779673789283,272.9,1730175.0,0.1071234096706448,116.9,322575.0,0.1064843884627059,95.0,523150.0,0.1055962288723738,75.7,185500.0,0.1041705513819374,58.65,424050.0,0.1036202850422917,45.25,186425.0,0.1033419718185375,34.5,274725.0,0.1033346139787157,26.05,152425.0,0.1037045556089916,19.6,169625.0,0.1043424689476792,14.7,179175.0,0.1055237969037322,11.15,189800.0,0.0016812527839619,-0.0014935789162223,0.0031748317001843,9.383693386980084e-05,0.1080718043127981,0.0046118874429183,-0.0038074159969908,0.0084193034399092,0.0004022357229637,0.108380203101892,0.0073646261724048,-0.0046359955603907,0.0120006217327956,0.001364315306007,0.1093422826849353,0.0109815167611147,-0.0042734117699366,0.0152549285310513,0.003354052495589,0.1113320198745173,0.0147604297753184,-0.002454170475196,0.0172146002505145,0.0061531296500612,0.1141310970289895,0.1076635283432798,-0.0066880691874112,0.0017516022493598,0.0002567738891193,0.7328027037925694,low,5,0.02517613186873016,252,rr_only,0920_open,500,245.25,138.5,106.75,254.75
2024-07-12,24354.6,24347.65,-0.0013540115307252,0.0159333535865799,0.0018662253485994,-4.809619590019439,-5.055668872342738,-4.862145663366089,0.0010729504491759,538.35,493.55,451.25,402.25,358.8,313.95,273.7,237.05,199.8,167.6,137.85,111.05,88.1,68.55,51.85,38.75,29.0,20.85,14.9,10.55,7.55,9.65,12.55,16.1,21.1,26.55,33.55,42.65,54.8,69.0,85.8,106.15,130.1,157.45,187.25,220.25,258.95,297.85,340.2,382.65,426.75,475.5,2024-07-18,0.0078275424517784,0.0884733996847552,3.986666666666667,24779.35,0.0954404688608251,24381.732621453702,24350,0.0171423135464231,0.0091088830963741,-4.698505177161284,3.986666666666667,-4.139340657029377,0.0013540115307252,2024,0.0069670691760698,0.0001238325498985,0.0001561473300957,0.0849929083851487,3.2314780197253295e-05,0.793049422123093,0.0104475604756763,-8.99658030902079,-8.764710572711444,-4.066205395550156,0.0001171934285011,0.750531106931293,0.0127573380950552,3.8953901594622776e-05,-0.2318697363090113,1,0,0,175.0,1300.0,325.0,12250.0,600.0,10875.0,8775.0,57900.0,66750.0,231075.0,353250.0,618650.0,153625.0,242725.0,192225.0,162725.0,68175.0,136275.0,93475.0,201450.0,167875.0,71800.0,98950.0,63600.0,262425.0,82450.0,171825.0,161900.0,371600.0,157375.0,432700.0,663000.0,654925.0,99900.0,136825.0,18800.0,29950.0,4925.0,7525.0,575.0,3025.0,225.0,0.1104598584681919,9.65,71800.0,0.1087550039354898,12.55,98950.0,0.1067781468066041,16.1,63600.0,0.1055799170907303,21.1,262425.0,0.1032392176419408,26.55,82450.0,0.1011480452715119,33.55,171825.0,0.0995026840121689,42.65,161900.0,0.0987699107597952,54.8,371600.0,0.0976011127798501,69.0,157375.0,0.0963030247118031,85.8,432700.0,0.0954404688608251,244.0,1016250.0,0.0942519160056641,111.05,618650.0,0.093489215719526,88.1,153625.0,0.0928100010757937,68.55,242725.0,0.0918236801335659,51.85,192225.0,0.0913979325515591,38.75,162725.0,0.0917986562070691,29.0,68175.0,0.0914898017665349,20.85,136275.0,0.0916203369597541,14.9,93475.0,0.0919712967544004,10.55,201450.0,0.0928657418369248,7.55,167875.0,0.002160643919025,-0.001951253141299,0.0041118970603241,0.0001046953888629,0.095545164249688,0.0040622151513438,-0.0036167887272591,0.0076790038786029,0.0002227132120423,0.0956631820728674,0.0077987487811157,-0.0036418126537559,0.0114405614348716,0.0020784680636798,0.097518936924505,0.011337677945779,-0.0038201319010709,0.01515780984685,0.003758773022354,0.0991992418831791,0.0150193896073668,-0.0025747270239002,0.017594116631267,0.0062223312917332,0.1016628001525583,0.0946125195853824,-0.0054632684671188,0.0019838286248752,0.000269036855008,0.7521687728406256,low,4,0.025096655141311718,252,rr_only,0920_open,500,226.79999999999998,429.34999999999854,-202.54999999999856,273.20000000000005
2024-07-19,24742.25,24738.55,-0.0045064644969787,0.2043526039627735,0.0046459465842839,-4.45483173146555,-4.917932269852959,-4.8582948294217685,0.0072194876398807,590.2,540.05,503.4,462.0,425.7,388.0,355.3,320.95,288.95,259.65,231.6,205.0,180.75,158.45,137.65,118.25,101.4,85.95,72.6,60.75,50.3,71.2,79.05,88.95,101.15,113.4,127.25,142.75,159.55,177.75,198.15,219.45,243.8,269.0,296.55,325.2,356.25,386.7,422.95,457.4,494.9,536.65,2024-07-25,0.0215063343769932,0.1466503814416903,4.986666666666666,24415.0,0.1745515936727052,24762.16250317547,24750,0.0171423135464231,0.0304682588536811,-3.4910698305879926,4.986666666666666,-1.5879083263920466,0.0045064644969787,2024,0.0279012122310148,0.0004255750823807,0.0005222964464833,0.1575626871000311,9.67213641026711e-05,0.8148151978557482,0.016988906572674,-7.762069168688585,-7.557275226138152,-4.066205395550156,0.000350953613561,0.6719433301222655,0.0314679002720605,0.0001713428329223,-0.2047939425503018,1,0,0,1050.0,7450.0,3550.0,15850.0,5075.0,57775.0,23250.0,93175.0,51850.0,185675.0,239775.0,388000.0,139200.0,181350.0,109725.0,307450.0,81150.0,264700.0,63200.0,149700.0,88425.0,46175.0,101300.0,43575.0,132200.0,83450.0,272900.0,66775.0,235500.0,126550.0,474175.0,430600.0,513375.0,102075.0,112150.0,29625.0,71975.0,17425.0,13925.0,6525.0,8775.0,5850.0,0.1933649873650915,71.2,46175.0,0.1901114981762323,79.05,101300.0,0.188009875973573,88.95,43575.0,0.1870377461716658,101.15,132200.0,0.1849528678925481,113.4,83450.0,0.1831494935216585,127.25,272900.0,0.181565413148278,142.75,66775.0,0.1798317881130347,159.55,235500.0,0.177977126637015,177.75,126550.0,0.1765733101423114,198.15,474175.0,0.1745515936727052,451.0499999999999,670375.0,0.1727650049643253,205.0,388000.0,0.1714144379135477,180.75,139200.0,0.1701788368524892,158.45,181350.0,0.1686963504793051,137.65,109725.0,0.166867978177351,118.25,307450.0,0.1656863543949505,101.4,81150.0,0.1642131432851483,85.95,264700.0,0.1631524483030965,72.6,63200.0,0.1620309355230697,60.75,149700.0,0.1608202216950164,50.3,88425.0,0.0034255329643098,-0.0031371557591574,0.0065626887234672,0.0001441886025761,0.1746957822752813,0.0070138194755728,-0.0058552431934,0.0128690626689728,0.0005792881410863,0.1751308818137915,0.0104012742198429,-0.0088652392777547,0.0192665134975976,0.0007680174710441,0.1753196111437493,0.0134582823008678,-0.0113991453696086,0.0248574276704764,0.0010295684656295,0.1755811621383348,0.0188133936923863,-0.0137313719776887,0.0325447656700751,0.0025410108573487,0.177092604530054,0.1742978511264812,-0.0181987682110515,0.0020691842356799,0.0001640185127059,0.6620014347728513,high,5,0.025136393505020938,252,rr_only,0920_open,500,329.54999999999995,335.0,-5.4500000000000455,170.45000000000005
2024-07-26,24463.95,24464.1,0.0018040368714737,0.0395118853848129,0.0025588512637983,-3.877839737915325,-4.059568919070565,-4.745998263235483,-0.001101175175593,531.15,487.9,444.85,401.8,360.5,320.05,282.15,245.8,211.75,180.45,151.9,125.4,102.2,82.25,64.85,50.55,38.95,29.45,22.35,16.55,12.6,24.3,29.25,35.1,42.0,50.35,59.65,71.7,86.2,102.0,119.55,140.45,163.7,189.95,221.6,254.25,290.1,328.65,365.25,417.8,457.7,500.9,2024-08-01,0.0080373185029424,0.0896510931497347,4.986666666666666,25006.0,0.1144949276863438,24461.461782827915,24450,0.0171423135464231,0.0131090884659011,-4.334449513303379,4.986666666666666,-3.23115375651708,0.0018040368714737,2024,0.0248438345366091,0.0001590453502698,0.0002247201047902,0.096322062031212,6.56747545204098e-05,0.7077486476712792,0.0181728656551317,-8.746321174589001,-8.400654908853536,-4.066205395550156,0.00016312750863,0.7259141712413018,0.0169445658753617,6.159259616018411e-05,-0.3456662657355425,1,0,0,125.0,9000.0,2800.0,2950.0,2175.0,34725.0,15225.0,97300.0,42225.0,381275.0,313650.0,425150.0,115250.0,214925.0,86075.0,263925.0,77925.0,149100.0,91050.0,98050.0,78675.0,37125.0,159075.0,29425.0,78375.0,81875.0,254325.0,77325.0,149700.0,82550.0,324850.0,261575.0,179550.0,30200.0,44200.0,7275.0,20375.0,1525.0,4900.0,2000.0,700.0,25.0,0.1351622944995582,24.3,37125.0,0.132951001908024,29.25,159075.0,0.1306754693479163,35.1,29425.0,0.1283447870042982,42.0,78375.0,0.1262128241172549,50.35,81875.0,0.1235524922705408,59.65,254325.0,0.1219299092918432,71.7,77325.0,0.1207086298668608,86.2,149700.0,0.1187275938310812,102.0,82550.0,0.1162803166496686,119.55,324850.0,0.1144949276863438,292.35,575225.0,0.1125981280329071,125.4,425150.0,0.1111021568939078,102.2,115250.0,0.1099673157864783,82.25,214925.0,0.1086601878202564,64.85,86075.0,0.107781349424851,50.55,263925.0,0.107212749000208,38.95,77925.0,0.106601246400486,29.45,149100.0,0.1067290355398106,22.35,91050.0,0.1065425370460421,16.55,98050.0,0.1075053631857178,12.6,78675.0,0.0042326661447374,-0.0033927707924359,0.0076254369371734,0.0004199476761507,0.1149148753624945,0.0074349816054994,-0.0058347398660873,0.0132697214715868,0.000800120869706,0.1152950485560498,0.0117178964309111,-0.0072821786861357,0.0190000751170469,0.0022178588723876,0.1167127865587314,0.0161805416615725,-0.0077658921465331,0.0239464338081057,0.0042073247575196,0.1187022524438634,0.0206673668132144,-0.0069895645006259,0.0276569313138404,0.0068389011562942,0.121333828842638,0.1141792592010913,-0.0117649965810841,0.0028862325026126,0.0003946513137457,0.7177927144407793,low,5,0.02493722331332684,252,rr_only,0920_open,500,255.45,500.0,-244.55,244.55
2024-08-02,24829.9,24832.8,0.0016264147797969,0.0252268341207826,0.0034132235731919,-5.407841318856089,-4.909327422182703,-4.748754476089524,0.001068314185946,495.85,455.0,414.5,372.9,332.6,295.1,261.75,226.55,194.95,167.3,140.45,116.35,95.7,78.1,63.15,50.35,39.95,31.7,24.7,19.15,15.1,32.35,38.5,46.15,54.9,65.3,76.85,91.05,108.7,127.25,147.2,170.85,198.25,228.2,258.6,293.85,332.3,372.55,412.5,456.45,501.8,547.9,2024-08-08,0.040286351542592,0.2007146022156634,4.986666666666666,24098.7,0.1197488759332865,24819.568716334616,24850,0.0171423135464231,0.0143397932872856,-4.244716859027137,4.986666666666666,-3.67984700494837,0.0016264147797969,2024,-0.0809657262823768,0.0007972008188851,0.0002458172327215,0.2156498452606365,-0.0005513835861636,3.2430631899115365,-0.09590096932735,-7.134403942424514,-8.310922254577298,-4.066205395550156,0.000176981437243,0.7199716443132709,0.0181405861525829,6.883579547847571e-05,1.1765183121528913,0,1,0,275.0,4700.0,1800.0,24275.0,5525.0,34550.0,19450.0,121725.0,162300.0,748200.0,445750.0,456375.0,168775.0,667125.0,144650.0,351150.0,104750.0,254450.0,231450.0,285725.0,114350.0,39550.0,122200.0,74100.0,373500.0,58500.0,319425.0,71375.0,376875.0,166150.0,502575.0,234050.0,261950.0,50200.0,146875.0,29475.0,48625.0,5425.0,12075.0,1875.0,4875.0,100.0,0.1369490839197243,32.35,39550.0,0.1347389074594688,38.5,122200.0,0.1329930033319517,46.15,74100.0,0.1310133853219947,54.9,373500.0,0.1292127548285232,65.3,58500.0,0.1269443232201384,76.85,319425.0,0.1253963004256313,91.05,71375.0,0.1249609284430447,108.7,376875.0,0.1234084297790973,127.25,166150.0,0.121108654382931,147.2,502575.0,0.1197488759332865,311.29999999999995,679800.0,0.118091579421706,116.35,456375.0,0.1170997762284296,95.7,168775.0,0.1165354505190006,78.1,667125.0,0.1161995403825084,63.15,144650.0,0.1157938198286162,50.35,351150.0,0.1157760722884848,39.95,104750.0,0.1162298610038048,31.7,254450.0,0.116360660138656,24.7,231450.0,0.116688670053129,19.15,285725.0,0.1178021805263998,15.1,114350.0,0.0036595538458108,-0.0026490997048568,0.0063086535506677,0.000505227070477,0.1202541030037635,0.0056474244923448,-0.003549335550778,0.0091967600431229,0.0010490444707833,0.1207979204040698,0.0094638788952367,-0.0039728036448016,0.0134366825400383,0.0027455376252175,0.122494413558504,0.0132441273986651,-0.0033882157946304,0.0166323431932956,0.0049279558020173,0.1246768317353038,0.0172002079864378,-0.0019466954068866,0.0191469033933244,0.0076267562897755,0.127375632223062,0.1205236698963878,-0.0098088269636869,0.0042962374185382,0.0005183884637577,0.7141898615016952,low,5,0.025017018956177278,252,rr_only,0920_open,500,263.8499999999999,500.0,-236.1500000000001,236.1500000000001
2024-08-16,24342.4,24355.7,0.0003102225678789,0.0087841806752034,0.0017356546601814,-5.367594666405536,-4.408799534904532,-4.308983697506448,0.000136686431185,544.0,500.5,457.5,415.0,374.15,331.8,293.7,257.2,223.95,192.25,162.75,134.75,111.4,90.45,72.25,56.7,43.8,33.3,25.0,18.65,13.65,22.15,26.65,32.25,38.85,46.75,56.25,67.75,81.15,96.85,115.25,136.1,158.85,184.95,214.15,245.65,279.9,316.45,357.0,401.1,443.4,461.0,2024-08-22,0.0056275764523907,0.0750171743828752,4.986666666666666,24810.9,0.1172437311528844,24376.677424660607,24350,0.0171423135464231,0.0137460924946498,-4.287000677464255,4.986666666666666,-4.73480282575579,0.0003102225678789,2024,0.0422265567700092,0.0001113605075764,0.0002356398275814,0.0805992283021586,0.000124279320005,0.4725877994369622,0.0366445028507257,-9.102737803410744,-8.353206073014416,-4.066205395550156,0.0001703124076601,0.7227657964625654,0.017568230200325,6.532741992123343e-05,-0.749531730396321,1,0,1,575.0,1100.0,1400.0,62450.0,8325.0,73275.0,77350.0,217525.0,121350.0,954450.0,541125.0,567150.0,321950.0,782475.0,158300.0,323225.0,125375.0,295400.0,120350.0,264125.0,110275.0,76075.0,214600.0,59850.0,319600.0,118600.0,395675.0,102175.0,270600.0,119950.0,499700.0,313300.0,285600.0,47725.0,77450.0,19925.0,19025.0,2075.0,14075.0,225.0,12975.0,0.0,0.1349404743964594,22.15,76075.0,0.1325878878748637,26.65,214600.0,0.1305355038437757,32.25,59850.0,0.1283849529344744,38.85,319600.0,0.1263031094199992,46.75,118600.0,0.1243838607494462,56.25,395675.0,0.1227742799469025,67.75,102175.0,0.1211436821182603,81.15,270600.0,0.1196602361016978,96.85,119950.0,0.1184750960180928,115.25,499700.0,0.1172437311528844,298.85,854425.0,0.1148114362030696,134.75,567150.0,0.1138988282521413,111.4,321950.0,0.1127117381998744,90.45,782475.0,0.1115494370449124,72.25,158300.0,0.1104004374662474,56.7,323225.0,0.1094125311677396,43.8,125375.0,0.1085704685830332,33.3,295400.0,0.1079773014006071,25.0,120350.0,0.1077656346656089,18.65,264125.0,0.1074808323276732,13.65,110275.0,0.0024165049488134,-0.003344902900743,0.0057614078495565,-0.0004641989759648,0.1167795321769196,0.0055305487940181,-0.0056942941079719,0.01122484290199,-8.187265697688628e-05,0.1171618584959075,0.0090593782671147,-0.0078311999851448,0.0168905782522596,0.0006140891409849,0.1178578202938694,0.0132917726908913,-0.0092664297522772,0.0225582024431685,0.002012671469307,0.1192564026221914,0.017696743243575,-0.0097628988252111,0.0274596420687861,0.0039669222091819,0.1212106533620663,0.1159873565212794,-0.0103114874520953,0.0015370041079186,0.0002331740697204,0.7272747450000588,low,5,0.02489732549190162,252,rr_only,0920_open,500,263.05000000000007,460.90000000000146,-197.8500000000014,236.94999999999993
2024-08-23,24805.15,24800.3,-0.0016294104374422,0.0368955329276887,0.0026607377903378,-5.796611085952613,-5.1260119805327395,-4.355043075495069,0.0011695247417159,539.35,492.45,446.75,403.7,360.95,321.35,280.5,243.95,208.7,177.3,147.7,121.6,98.45,78.55,61.35,47.45,35.75,27.0,19.85,14.6,10.7,17.9,21.45,26.0,31.65,39.05,47.65,58.4,70.7,86.15,104.9,125.3,149.1,176.25,206.05,239.0,274.0,313.55,354.0,397.0,440.6,490.8,2024-08-29,0.0052861141324979,0.0727056678155007,4.986666666666666,25156.75,0.1052099195552863,24822.42305112186,24800,0.0171423135464231,0.0110691271728298,-4.503595381546283,4.986666666666666,-3.299664794134096,0.0016294104374422,2024,0.0325042517397855,0.0001046035283362,0.0001897504486818,0.0781157217307847,8.514692034567851e-05,0.5512689380332972,0.0270941978245015,-9.165333275198702,-8.569800777096441,-4.066205395550156,0.0001398934263411,0.7372495154182682,0.0148732789033783,4.985702234076508e-05,-0.5955324981018557,1,0,1,950.0,900.0,2625.0,4175.0,24200.0,10450.0,47475.0,34250.0,141000.0,78125.0,587500.0,334950.0,325375.0,119225.0,287300.0,119375.0,177900.0,94825.0,230525.0,98500.0,184425.0,120800.0,37575.0,79650.0,57425.0,172825.0,110725.0,194450.0,78200.0,284450.0,155725.0,699525.0,231225.0,146275.0,46675.0,65125.0,13200.0,13350.0,5575.0,6375.0,75.0,1575.0,0.1242843540137748,17.9,120800.0,0.1213150675807183,21.45,37575.0,0.1187162158282786,26.0,79650.0,0.1162972527178298,31.65,57425.0,0.1145298956172866,39.05,172825.0,0.1124399784321419,47.65,110725.0,0.1107830096698183,58.4,194450.0,0.1087210973620876,70.7,78200.0,0.1074385071131514,86.15,284450.0,0.1067553873070844,104.9,155725.0,0.1052099195552863,273.0,1287025.0,0.104116283053038,121.6,334950.0,0.1030181696329811,98.45,325375.0,0.1021509368938209,78.55,119225.0,0.1011227093519869,61.35,287300.0,0.1006045667952866,47.45,119375.0,0.0997859924402639,35.75,177900.0,0.0998007369766907,27.0,94825.0,0.0994901143762644,19.85,230525.0,0.0996983986179406,14.6,98500.0,0.1001705012172771,10.7,184425.0,0.0022285875578651,-0.0021917499223051,0.0044203374801702,1.8418817779988772e-05,0.1052283383730662,0.005573090114532,-0.0040872102032993,0.0096603003178313,0.0007429399556163,0.1059528595109026,0.0093199760620003,-0.0054239271150223,0.0147439031770226,0.001948024473489,0.1071579440287753,0.0135062962729923,-0.0057198051790218,0.0192261014520142,0.0038932455469852,0.1091031651022715,0.0190744344584885,-0.0050394183380091,0.0241138527964976,0.0070175080602397,0.112227427615526,0.1046110881349255,-0.0078187730043555,0.0024891933133645,0.0002148423709609,0.7319283220711917,low,5,0.025017018956177278,252,rr_only,0920_open,500,244.4,356.75,-112.35,255.6
2024-08-30,25239.6,25226.85,-0.0003901488140551,0.0030319009607394,0.0013292913219702,-4.428005431808154,-5.384225308447357,-4.663711983341395,0.0044580326254742,527.85,473.75,430.05,384.75,343.0,305.35,266.45,227.6,194.1,162.85,134.85,108.75,86.9,68.15,52.55,38.7,27.95,20.55,14.55,10.1,7.5,18.05,21.9,26.8,32.5,39.95,50.05,61.45,73.8,90.85,110.3,132.2,156.5,183.8,216.0,248.45,283.05,322.2,367.75,410.6,453.1,496.95,2024-09-05,0.0054128684730477,0.0735721990499652,4.986666666666666,25144.8,0.1013374262773914,25252.652727030043,25250,0.0171423135464231,0.0102692739645257,-4.57859895232881,4.986666666666666,-5.7985654763992684,0.0003901488140551,2024,0.0277652272274261,0.0001071117888317,0.000176039114194,0.079046731854428,6.892732536228139e-05,0.6084544865051176,0.0222906944229633,-9.141637513442706,-8.64480434787897,-4.066205395550156,0.0001306795341843,0.7423323775664424,0.0140264043044037,4.53595800096824e-05,-0.4968331655639776,1,0,1,575.0,9025.0,1000.0,29150.0,3675.0,83600.0,25900.0,123025.0,120450.0,436500.0,470875.0,500925.0,168775.0,290325.0,115050.0,330825.0,135700.0,342225.0,218725.0,346650.0,158600.0,54250.0,126075.0,78650.0,148275.0,55650.0,257100.0,88075.0,242950.0,167975.0,531350.0,375150.0,243600.0,66675.0,63525.0,13275.0,55800.0,4175.0,7300.0,525.0,3050.0,275.0,0.1189501098416592,18.05,54250.0,0.1163104805811346,21.9,126075.0,0.1139682812608901,26.8,78650.0,0.1113123083387516,32.5,148275.0,0.1092541358301381,39.95,55650.0,0.1082818575551683,50.05,257100.0,0.1066796254379763,61.45,88075.0,0.1040845553275661,73.8,242950.0,0.103437060304598,90.85,167975.0,0.102539954805657,110.3,531350.0,0.1013374262773914,267.04999999999995,846025.0,0.0993585638480555,108.75,500925.0,0.0982939070841621,86.9,168775.0,0.0972877156404248,68.15,290325.0,0.0964829513417803,52.55,115050.0,0.094685355948513,38.7,330825.0,0.0933091056282267,27.95,135700.0,0.0933279968477422,20.55,342225.0,0.092851564520876,14.55,218725.0,0.0924672911903834,10.1,346650.0,0.0938586307189602,7.5,158600.0,0.0020996340272066,-0.0030435191932292,0.0051431532204359,-0.0004719425830113,0.10086548369438,0.0053421991605849,-0.0048544749356111,0.010196674096196,0.0002438621124869,0.1015812883898783,0.0079167095527467,-0.0080283206491646,0.0159450302019114,-5.580554820894257e-05,0.1012816207291824,0.0126308549834987,-0.0084858617565153,0.0211167167400141,0.0020724966134917,0.1034099228908831,0.0176126835642678,-0.0074787955584311,0.025091479122699,0.0050669440029183,0.1064043702803097,0.100891761008166,-0.0087594501471171,0.0005676430853365,0.0003786349352463,0.7358492189645403,low,5,0.024977121134752058,252,rr_only,0920_open,500,241.49999999999994,105.20000000000073,136.29999999999922,258.50000000000006
2024-09-06,25089.1,25096.75,-0.0001952560690216,0.0213250924255012,0.0017458091860608,-5.5120187109578405,-5.315027594483928,-4.883935455014171,-0.002444831176966,520.0,472.95,429.0,385.25,344.1,302.45,264.0,228.5,195.4,164.8,136.55,111.6,89.3,70.45,54.4,41.65,31.1,23.05,17.25,12.7,9.15,17.25,21.2,26.3,32.3,40.25,49.7,61.35,75.7,92.15,111.2,132.85,158.0,185.75,217.05,251.1,289.25,328.0,369.5,414.0,460.0,504.5,2024-09-12,0.0103401061974432,0.1016863127340315,4.986666666666666,25314.95,0.1028349973939966,25103.703807551377,25100,0.0171423135464231,0.0105750366890232,-4.549259084644628,4.986666666666666,-3.8478708514753928,0.0001952560690216,2024,0.001148684659965,0.0002046137416848,0.0001812805946881,0.1092528264717715,-2.333314699669116e-05,1.1287128776073827,-0.0064178290777749,-8.494386543042033,-8.615464480194793,-4.066205395550156,0.0001342092584158,0.7403399059160501,0.0143526733546145,4.707133627232296e-05,0.1210779371528424,0,1,0,2075.0,825.0,12225.0,3550.0,31450.0,20225.0,41225.0,43575.0,237250.0,170875.0,686600.0,312750.0,502400.0,214200.0,572625.0,147475.0,252625.0,156800.0,332850.0,141075.0,238525.0,184725.0,68350.0,176025.0,76875.0,236150.0,111750.0,256400.0,147600.0,577075.0,332400.0,862775.0,267175.0,410875.0,99325.0,83300.0,27000.0,43125.0,7225.0,48750.0,3000.0,3050.0,0.1184134897530657,17.25,184725.0,0.1161014923539896,21.2,68350.0,0.1141649787151584,26.3,176025.0,0.1119494570102482,32.3,76875.0,0.1104669623077628,40.25,236150.0,0.108831540834186,49.7,111750.0,0.1074947607050197,61.35,256400.0,0.1066026643544214,75.7,147600.0,0.1054156231533442,92.15,577075.0,0.1042031859930806,111.2,332400.0,0.1028349973939966,269.4,1549375.0,0.1017861230678794,111.6,312750.0,0.1004672448894171,89.3,502400.0,0.0995154590277739,70.45,214200.0,0.0984893117203907,54.4,572625.0,0.0980324403954418,41.65,147475.0,0.0973618577724157,31.1,252625.0,0.0971429480602759,23.05,156800.0,0.097705307262911,17.25,332850.0,0.098158598837301,12.7,141075.0,0.0984155372044511,9.15,238525.0,0.0025806257593476,-0.0023677525045794,0.004948378263927,0.000106436627384,0.1029414340213806,0.0046597633110231,-0.0043456856736058,0.0090054489846289,0.0001570388187086,0.1029920362127052,0.0076319649137662,-0.0054731396215808,0.013105104535347,0.0010794126460927,0.1039144100400893,0.0113299813211618,-0.0051296901310855,0.0164596714522474,0.0031001455950381,0.1059351429890347,0.0155784923590691,-0.0044194601895454,0.0199979525486146,0.0055795160847618,0.1084145134787584,0.1027425592817919,-0.0074760713054113,0.0011497194562179,0.0002035626573586,0.7331276120979558,low,5,0.0250569167776025,252,rr_only,0920_open,500,243.0,214.95000000000073,28.049999999999272,257.0
2024-09-13,25343.3,25345.2,-0.0034565240669894,0.2331375315073688,0.0037031329532854,-3.9712051965340263,-4.655896981068876,-5.120174566729587,0.014449166422522,530.1,480.7,436.75,391.0,351.4,309.6,273.8,235.8,202.0,172.45,144.6,118.35,95.55,77.8,61.0,47.05,36.65,27.9,21.1,15.95,12.2,26.5,31.2,36.3,43.05,50.95,60.25,72.05,85.6,102.5,121.85,143.4,169.15,196.15,228.05,261.1,297.6,336.4,378.65,418.0,464.85,513.25,2024-09-19,0.0079096547088431,0.0889362395699478,4.986666666666666,25445.0,0.1088622787078472,25351.20123488153,25350,0.0171423135464231,0.011850995725465,-4.435343387465704,4.986666666666666,-1.4561267355735743,0.0034565240669894,2024,0.0199260391378994,0.0001565190931802,0.0002031534845632,0.0955540159490467,4.66343913829595e-05,0.7704474944979721,0.0133082627588004,-8.762332554273643,-8.501548783015862,-4.066205395550156,0.000148841303888,0.7326544469963245,0.0156813540526562,5.43121806751833e-05,-0.2607837712581002,1,0,0,400.0,4700.0,5700.0,67300.0,9425.0,29350.0,18625.0,142900.0,58325.0,258850.0,443525.0,494875.0,218025.0,339775.0,143850.0,233400.0,103400.0,146725.0,85075.0,152325.0,106550.0,36875.0,113850.0,62300.0,277150.0,71425.0,206775.0,59375.0,315000.0,126275.0,448175.0,323700.0,248450.0,86550.0,65525.0,12150.0,7700.0,1700.0,3275.0,175.0,850.0,0.0,0.1318220559397378,26.5,36875.0,0.1289142531092948,31.2,113850.0,0.1254423745217706,36.3,62300.0,0.1227756783923289,43.05,277150.0,0.1200273825619716,50.95,71425.0,0.1172640936065795,60.25,206775.0,0.1152568574292275,72.05,59375.0,0.1130609457756186,85.6,315000.0,0.1117833469922641,102.5,126275.0,0.110484394303455,121.85,448175.0,0.1088622787078472,288.0,767225.0,0.1067835919192037,118.35,494875.0,0.1051579045146263,95.55,218025.0,0.1053191484032207,77.8,339775.0,0.1040586328548323,61.0,143850.0,0.1029928511296557,47.05,233400.0,0.1031500068663353,36.65,103400.0,0.1029606826615766,27.9,146725.0,0.1030607868953468,21.1,85075.0,0.10353290472873,15.95,152325.0,0.1045742856117401,12.2,106550.0,0.0029210682844169,-0.0037043741932208,0.0066254424776377,-0.0003916529544019,0.1084706257534452,0.0063945787213803,-0.0048036458530148,0.0111982245743952,0.0007954664341827,0.1096577451420299,0.0111651038541243,-0.0057122718415118,0.0168773756956362,0.0027264160063062,0.1115886947141534,0.0165800958139233,-0.0058014918125003,0.0223815876264237,0.0053893020007114,0.1142515807085587,0.0229597772318906,-0.004287993096107,0.0272477703279976,0.0093358920678917,0.1181981707757389,0.1083912506715694,-0.0101716349178522,0.0041375644102798,0.0003795522012199,0.7370668338572092,low,5,0.02493722331332684,252,rr_only,0920_open,500,249.3,95.0,154.3,250.7
2024-09-25,25926.5,25936.6,0.0010323376177238,0.0096818869202849,0.0016026375040981,-5.9506773403984035,-4.69580968933923,-5.069969721258683,0.0008384403189217,472.55,430.7,382.35,334.5,288.9,246.35,203.65,164.65,131.05,101.95,76.7,55.55,38.45,26.3,18.1,12.45,8.35,5.85,4.2,3.2,2.55,6.75,8.45,10.75,13.65,17.85,24.0,31.65,43.4,60.05,80.5,104.9,133.15,167.15,205.4,247.05,291.05,337.3,384.8,433.2,484.5,531.35,2024-09-26,0.0035892681254894,0.0599105009617632,1.9866666666666664,26184.65,0.1484177772921443,25921.79417268567,25950,0.0034436834094368,0.0220278366163405,-3.8154483246994513,1.9866666666666664,-4.637498466908486,0.0010323376177238,2024,0.088507276330381,2.8296346597773575e-05,7.585689550147624e-05,0.0906470289188655,4.756054890370266e-05,0.3730227345940212,0.0577707483732787,-10.472777857133654,-9.486661946592127,-5.671213621892677,5.630432759402009e-05,0.7422440270169554,0.020550540845179,1.9552567907456147e-05,-0.9861159105415248,1,0,1,325.0,13700.0,550.0,11175.0,8675.0,57325.0,40700.0,194550.0,212900.0,820025.0,778675.0,715800.0,255325.0,427750.0,278900.0,441925.0,207425.0,357925.0,189050.0,309300.0,78800.0,78725.0,279675.0,92675.0,226950.0,171750.0,471575.0,167475.0,433325.0,288925.0,796250.0,506600.0,276250.0,67300.0,50825.0,6150.0,17250.0,1000.0,3075.0,5150.0,600.0,150.0,0.1950198952824792,6.75,78725.0,0.187448821874177,8.45,279675.0,0.1802262163600258,10.75,92675.0,0.1725538118655775,13.65,226950.0,0.1659896974037578,17.85,171750.0,0.1608462164806687,24.0,471575.0,0.154590213745375,31.65,167475.0,0.1515126387175691,43.4,433325.0,0.1510088882747794,60.05,288925.0,0.1500141859309725,80.5,796250.0,0.1484177772921443,181.6,1285275.0,0.1468760559094685,55.55,715800.0,0.1448508022075574,38.45,255325.0,0.1448688044949209,26.3,427750.0,0.1468837399127109,18.1,278900.0,0.149713775382839,12.45,441925.0,0.1520727317398504,8.35,207425.0,0.1563378291971877,5.85,357925.0,0.161350124459859,4.2,189050.0,0.1679285987558853,3.2,309300.0,0.1754391706720918,2.55,78800.0,0.0025911109826351,-0.0035669750845868,0.0061580860672219,-0.0004879320509758,0.1479298452411684,0.0061724364532307,-0.0015340373794333,0.0077064738326641,0.0023191995368986,0.150736976829043,0.0175719201116135,0.003654954447706,0.0139169656639074,0.0106134372796598,0.1590312145718041,0.0318084390678815,0.0129323471677147,0.0188760919001668,0.0223703931177981,0.1707881704099424,0.0466021179903348,0.0270213933799475,0.0195807246103873,0.0368117556851411,0.1852295329772855,0.147621888210123,-0.006653258843605,0.0064941189847227,0.001161032985092,0.7735598714302095,middle,2,0.025136393505020938,252,rr_only,0920_open,500,172.3,234.65000000000146,-62.350000000001444,327.7
2024-09-27,26225.0,26227.2,-0.000855661088471,0.0180993043012501,0.0015881941134413,-5.415387324357379,-5.086168767407125,-5.055968000100591,0.0065577271738961,513.95,469.65,423.8,379.0,337.5,297.6,260.8,226.8,196.35,165.5,138.95,114.05,93.75,76.55,60.25,47.1,37.0,28.5,22.45,17.85,14.05,27.65,32.3,38.55,45.6,54.5,65.05,78.05,93.55,110.3,131.5,154.7,181.6,210.5,240.55,276.6,312.9,349.8,393.95,437.4,480.0,527.0,2024-10-03,0.0142766241045951,0.1194848279263736,3.986666666666667,25266.0,0.1071293462276653,26234.23379217994,26250,0.0171423135464231,0.0114766968231669,-4.467436662667455,3.986666666666667,-4.011881777844075,0.000855661088471,2024,-0.0123554816987083,0.0002258577040885,0.0001967371354199,0.114784365352148,-2.9120568668603058e-05,1.1480176510979527,-0.0076550191244827,-8.395605384917582,-8.53364205821762,-4.066205395550156,0.0001445647194038,0.7348115499152512,0.0152968390173167,5.217241601613383e-05,0.1380366733000663,0,1,0,350.0,7700.0,1125.0,10100.0,4075.0,91425.0,21825.0,104400.0,110175.0,449525.0,354125.0,305700.0,122475.0,198650.0,110550.0,283225.0,69700.0,126175.0,56625.0,165475.0,77875.0,21675.0,79225.0,28400.0,117875.0,68775.0,226900.0,97100.0,217325.0,90900.0,420750.0,266700.0,158775.0,47650.0,29075.0,4150.0,32125.0,625.0,7025.0,0.0,500.0,0.0,0.1258929050387095,27.65,21675.0,0.1227245248741121,32.3,79225.0,0.1204123251745365,38.55,28400.0,0.1177310167561885,45.6,117875.0,0.1155957453564996,54.5,68775.0,0.1135258979612498,65.05,226900.0,0.1119885022098577,78.05,97100.0,0.1107640938343671,93.55,217325.0,0.108729540979667,110.3,90900.0,0.1081674547982737,131.5,420750.0,0.1071293462276653,293.65,620825.0,0.105450563257859,114.05,305700.0,0.1051528105674256,93.75,122475.0,0.1052324561075098,76.55,198650.0,0.1039684878780339,60.25,110550.0,0.1032896783874088,47.1,283225.0,0.1034812901751458,37.0,69700.0,0.1034030936424458,28.5,126175.0,0.104460469033294,22.45,56625.0,0.1059625217144299,17.85,165475.0,0.1072760238536396,14.05,77875.0,0.0016001947520017,-0.0019765356602396,0.0035767304122413,-0.0001881704541189,0.1069411757735463,0.0048591559821924,-0.0031608583496313,0.0080200143318237,0.0008491488162805,0.1079784950439458,0.0084663991288343,-0.0036480560525194,0.0121144551813538,0.0024091715381574,0.1095385177658227,0.0132829789468712,-0.0026688771943712,0.0159518561412424,0.0053070508762499,0.1124363971039152,0.0187635588110442,0.0001466776259743,0.0186168811850698,0.0094551182185092,0.1165844644461746,0.1072189075947284,-0.0076786110558192,0.0037665284687402,0.0003147472244654,0.7277341849979522,low,4,0.02493722331332684,252,rr_only,0920_open,500,251.94999999999996,500.0,-248.05000000000004,248.05000000000004
2024-10-09,25056.1,25059.7,-0.0003791054730628,0.0048526296184492,0.0018478066468843,-4.306349403533466,-3.8924285333685646,-4.746633293007105,0.0088450891052597,486.8,433.45,388.85,347.25,306.95,266.0,227.1,192.65,162.45,132.4,107.35,86.4,68.6,53.9,41.1,31.5,24.5,18.75,14.5,11.75,8.85,20.1,24.05,29.05,35.05,43.45,53.55,65.9,80.45,97.65,119.75,146.1,173.7,204.0,241.75,280.0,320.8,358.7,407.9,447.95,495.15,540.85,2024-10-10,0.0094168709158261,0.0970405632497368,1.9866666666666664,25007.55,0.2146830495323641,25011.241992608855,25050,0.0034436834094368,0.0460888117565155,-3.0771850535211835,1.9866666666666664,-5.328234531593315,0.0003791054730628,2024,0.1176424862826273,7.42388236221211e-05,0.0001587152764065,0.1468263259694,8.447645278444708e-05,0.4677484442767151,0.0678567235629641,-9.508223315219077,-8.74839867541386,-5.671213621892677,0.0001101018754113,0.69370685610182,0.0358755421254295,4.86134009952364e-05,-0.7598246398047871,1,0,1,200.0,1350.0,500.0,24775.0,12300.0,57700.0,32250.0,96450.0,99400.0,593475.0,524975.0,662475.0,256425.0,510725.0,214800.0,245175.0,112425.0,244850.0,122775.0,275925.0,115625.0,92975.0,194625.0,90800.0,376325.0,109400.0,294025.0,130375.0,211675.0,212450.0,539625.0,351375.0,250650.0,90825.0,57375.0,16700.0,19925.0,3450.0,12100.0,1875.0,2650.0,675.0,0.2590807407501558,20.1,92975.0,0.2517325161458119,24.05,194625.0,0.2449487239496428,29.05,90800.0,0.2379364321859107,35.05,376325.0,0.2334683707675569,43.45,109400.0,0.2288223665492458,53.55,294025.0,0.2245495457473892,65.9,130375.0,0.2199453559209923,80.45,211675.0,0.2153288417153737,97.65,212450.0,0.2140663078360601,119.75,539625.0,0.2146830495323641,253.45,876350.0,0.2145471318966275,86.4,662475.0,0.2146394027875425,68.6,256425.0,0.2152620016294719,53.9,510725.0,0.2144065598999514,41.1,214800.0,0.2155172063267734,31.5,245175.0,0.2185999782919023,24.5,112425.0,0.2210300843303438,18.75,244850.0,0.2245131803904343,14.5,122775.0,0.2307418351682055,11.75,275925.0,0.2330127958308316,8.85,115625.0,0.0006457921830096,-4.364674482154607e-05,0.0006894389278311,0.000301072719094,0.2149841222514581,0.0098664962150251,-0.0002764896324127,0.0101429858474378,0.0047950032913062,0.2194780528236703,0.0187853212351928,0.0039169287595382,0.0148683924756546,0.0113511249973655,0.2260341745297296,0.0302656744172787,0.0098301308580702,0.0204355435592084,0.0200479026376744,0.2347309521700386,0.0443976912177917,0.0183297462984675,0.0260679449193242,0.0313637187581296,0.2460467682904937,0.2152361152635115,-0.0104328106196408,0.0130585396182006,0.0011602559939165,0.7196870772863264,high,2,0.02493722331332684,252,rr_only,0920_open,500,224.5,42.45000000000073,182.04999999999927,275.5
2024-10-11,24953.2,24952.25,-0.0012495458424229,0.0179009722355314,0.0028152701857877,-4.934565364142973,-4.14323023857745,-4.753398354614376,-0.0004797399901313,,529.0,479.75,440.0,399.1,358.75,319.0,282.15,247.75,217.4,186.3,157.85,133.1,112.4,92.2,75.0,60.9,49.3,38.9,31.3,24.8,32.8,38.5,45.15,51.6,61.0,71.4,83.45,96.15,112.1,129.85,150.5,172.75,197.85,225.0,256.85,288.6,325.0,362.45,401.45,444.1,487.25,2024-10-17,0.0061723541233164,0.0785643311135302,4.986666666666666,24750.2,0.128794531561145,24985.83684063226,24950,0.0171423135464231,0.0165880313600547,-4.0990738460732175,4.986666666666666,-4.022900252776266,0.0012495458424229,2024,0.0502302004476147,0.0001221407641333,0.0002843572346919,0.0844103301932859,0.0001622164705586,0.4295328172876122,0.044384201367859,-9.010336373979989,-8.165279241623377,-4.066205395550156,0.0002020158662875,0.7104298454246428,0.0202374840929,8.234136840437107e-05,-0.8450571323568278,1,0,1,,6525.0,325.0,3000.0,1400.0,13025.0,5700.0,51950.0,25750.0,205275.0,257225.0,466900.0,171450.0,286275.0,131350.0,278400.0,91200.0,270900.0,77650.0,136525.0,65125.0,48925.0,194575.0,80100.0,185300.0,62975.0,193775.0,104000.0,302550.0,141125.0,486600.0,480325.0,675750.0,148325.0,167625.0,29625.0,61125.0,10025.0,27250.0,1725.0,10650.0,875.0,0.1496846994586838,32.8,48925.0,0.1474837539309494,38.5,194575.0,0.1453093782162617,45.15,80100.0,0.141754372929882,51.6,185300.0,0.1401781298231592,61.0,62975.0,0.1381841205176895,71.4,193775.0,0.1362880114900934,83.45,104000.0,0.1334941227679316,96.15,302550.0,0.1318844021005481,112.1,141125.0,0.1300662605712592,129.85,486600.0,0.128794531561145,336.8,737550.0,0.1263921207225326,157.85,466900.0,0.1249797280658895,133.1,171450.0,0.1248319678132832,112.4,286275.0,0.1231578970689482,92.2,131350.0,0.1219653450613483,75.0,278400.0,0.1215190632346163,60.9,91200.0,0.1215317605844252,49.3,270900.0,0.120847677021423,38.9,77650.0,0.1215227515178612,31.3,136525.0,0.1218943998385362,24.8,65125.0,0.0030898705394031,-0.0038148034952554,0.0069046740346585,-0.0003624664779261,0.1284320650832188,0.0074934799289484,-0.0056366344921967,0.0131301144211451,0.0009284227183758,0.1297229542795208,0.0113835982620142,-0.0072754683265286,0.0186590665885428,0.0020540649677428,0.1308485965288878,0.0165148466551167,-0.0079468545397219,0.0244617011948387,0.0042839960576974,0.1330785276188424,0.0208901678975388,-0.0069001317226087,0.0277902996201476,0.0069950180874649,0.13578954964861,0.1272824136212925,-0.012507740809727,0.0048540349254536,0.0003304373497063,0.7172256234756751,low,5,0.025980670494501958,252,rr_only,0920_open,500,279.2,199.79999999999927,79.40000000000072,220.8
2024-10-21,24934.9,24931.35,-0.0008177837124746,0.0197348997345264,0.0019892424874372,-4.297156378015463,-4.888957574100856,-4.686463496089218,0.0045331075542642,499.25,454.55,411.95,360.1,322.35,278.0,238.15,201.3,166.3,137.75,111.0,87.4,67.6,51.35,38.6,28.25,21.1,14.7,10.3,7.55,5.65,16.3,20.3,24.25,29.6,36.2,45.25,55.3,69.15,85.85,105.1,127.45,155.2,184.9,218.75,255.65,296.0,331.4,379.6,426.0,473.5,518.4,2024-10-24,0.0127871057123972,0.1130800853925979,3.986666666666667,24414.6,0.1267205695030302,24933.541190507254,24950,0.0089231354642313,0.0160581027351723,-4.131541713483707,3.986666666666667,-3.9253666504717497,0.0008177837124746,2024,0.0136404841104323,0.000202293365503,0.0001432886260044,0.150567790276465,-5.9004739498517766e-05,1.411789415139417,-0.0238472207734348,-8.505791609666943,-8.850649598195927,-4.719107884712219,0.0001050398469989,0.733064793263009,0.0182234277814381,3.8248779005566736e-05,0.3448579885295655,0,1,0,450.0,39125.0,1225.0,33775.0,10725.0,42475.0,49575.0,193050.0,144450.0,487650.0,393425.0,748650.0,150025.0,551625.0,160625.0,387075.0,108425.0,216475.0,132450.0,436625.0,141100.0,74025.0,199500.0,107325.0,219150.0,149875.0,352050.0,266175.0,541725.0,265375.0,808375.0,593450.0,542325.0,90925.0,110675.0,11025.0,50675.0,2625.0,3250.0,1525.0,2525.0,125.0,0.1578981293197057,16.3,74025.0,0.1548363988319197,20.3,199500.0,0.1498512792683414,24.25,107325.0,0.1457627739425804,29.6,219150.0,0.1417270793885169,36.2,149875.0,0.1390301703479271,45.25,352050.0,0.135103492679922,55.3,266175.0,0.1331259152280893,69.15,541725.0,0.1313220711695243,85.85,265375.0,0.12906397671394,105.1,808375.0,0.1267205695030302,238.45,986875.0,0.1251001440264429,87.4,748650.0,0.1239536589297733,67.6,150025.0,0.1231707589691756,51.35,551625.0,0.123080397682457,38.6,160625.0,0.1226867517938517,28.25,387075.0,0.1239985477650366,21.1,108425.0,0.1232838104310711,14.7,216475.0,0.1235402950906523,10.3,132450.0,0.1255028374493026,7.55,436625.0,0.1281017532759361,5.65,141100.0,0.0046015016664941,-0.0027669105732568,0.007368412239751,0.0009172955466186,0.1276378650496488,0.0083829231768918,-0.0036401718205731,0.012023094997465,0.0023713756781593,0.1290919451811895,0.0150065098854866,-0.0027220217379935,0.0177285316234802,0.0061422440737465,0.1328628135767767,0.0231307097653112,-0.0031802744123778,0.026310984177689,0.0099752176764666,0.1366957871794969,0.0311775598166755,0.0013811837729059,0.0297963760437696,0.0162793717947907,0.1429999412978209,0.1273166697679035,-0.0099355387539275,0.0057971665590005,0.0004420758221019,0.7497022550917603,low,4,0.0275595185786064,252,rr_only,0920_open,500,216.49999999999997,500.0,-283.5,283.5
2024-10-25,24410.6,24410.7,-0.0002089156964609,0.0579095606022179,0.002599328647186,-5.17796860497172,-4.363938846883519,-4.68619834836669,-0.0008761407789844,557.8,518.3,464.8,426.7,380.95,342.45,303.0,268.2,233.1,201.95,172.85,146.5,121.45,100.45,81.85,65.8,52.25,42.05,33.05,26.15,20.55,29.8,35.1,41.7,49.15,57.9,67.85,79.7,94.0,109.75,128.0,148.0,171.7,197.3,225.9,256.6,290.6,326.7,366.95,407.15,445.95,490.9,2024-10-31,0.0111318675275812,0.1055076657289945,4.986666666666666,24238.5,0.1257003186621199,24424.875572338315,24400,0.0171423135464231,0.0158005701117585,-4.147709256577502,4.986666666666666,-2.848872785370912,0.0002089156964609,2024,0.0201926529331253,0.0002202813997521,0.000270858327068,0.1133585276661699,5.0576927315869856e-05,0.8132716543613177,0.0123417909959499,-8.42060473916792,-8.21391465212766,-4.066205395550156,0.0001932850564425,0.7136020462609253,0.0195150128809522,7.757327062546588e-05,-0.2066900870404034,1,0,0,300.0,0.0,10225.0,825.0,3525.0,5225.0,17325.0,17675.0,87000.0,88425.0,452350.0,204925.0,415200.0,138650.0,255975.0,103275.0,174700.0,80300.0,213350.0,122525.0,168275.0,81975.0,34850.0,163600.0,65600.0,121600.0,68050.0,179675.0,115125.0,184425.0,127750.0,573050.0,188025.0,218250.0,35675.0,53825.0,10525.0,11925.0,3900.0,5700.0,1175.0,2550.0,0.1465377568918538,29.8,81975.0,0.1440616561436218,35.1,34850.0,0.1420704715213553,41.7,163600.0,0.1397745704251733,49.15,65600.0,0.1375550617227705,57.9,121600.0,0.135138904833467,67.85,68050.0,0.1330393277738365,79.7,179675.0,0.1315186174028367,94.0,115125.0,0.1295311310389418,109.75,184425.0,0.127834641762192,128.0,127750.0,0.1257003186621199,320.85,1025400.0,0.1244858370328346,146.5,204925.0,0.1223043321319974,121.45,415200.0,0.1213056391401712,100.45,138650.0,0.1202072122341774,81.85,255975.0,0.1191942314169162,65.8,103275.0,0.118349986409899,52.25,174700.0,0.1188536367786068,42.05,80300.0,0.1187368047205803,33.05,213350.0,0.1193249761399387,26.15,122525.0,0.1199627211060177,20.55,168275.0,0.0038308123768218,-0.0033959865301224,0.0072267989069443,0.0002174129233497,0.1259177315854696,0.0073390091117166,-0.0054931064279424,0.012832115539659,0.0009229513418871,0.126623270004007,0.0118547430606506,-0.0073503322522208,0.0192050753128714,0.0022522054042148,0.1279525240663347,0.0163701528592354,-0.0069635139415395,0.0233336668007749,0.0047033194588479,0.1304036381209679,0.0208374382297339,-0.0057375975561021,0.026575035785836,0.0075499203368158,0.1332502389989357,0.1250580862524701,-0.012551571666149,0.0034844146717723,0.0002411542167113,0.7214094727828781,low,5,0.0275595185786064,252,rr_only,0920_open,500,270.5,161.5,109.0,229.5
2024-11-06,24262.9,24234.35,-0.0018879331304809,0.0561307097637133,0.0033611308314339,-4.005185897215169,-4.4403602640509545,-4.488627212662987,0.0085995080586688,513.35,469.5,420.9,376.25,336.15,298.1,257.35,222.0,191.8,160.5,134.0,111.85,92.9,74.3,59.45,47.55,37.6,29.3,21.9,16.5,12.7,15.5,19.15,23.55,29.9,38.0,47.95,59.35,74.8,92.15,111.9,136.4,163.85,193.35,225.3,259.85,298.3,335.7,376.8,430.1,473.5,512.25,2024-11-07,0.0084556177612181,0.0919544330699622,1.9866666666666664,24194.6,0.2382029574800797,24247.599504058355,24250,0.0034436834094368,0.0567406489522566,-2.8692644123693984,1.9866666666666664,-2.880072205110412,0.0018879331304809,2024,0.1462485244101175,6.666069028685167e-05,0.0001953968314375,0.1391308037806372,0.0001287361411507,0.3411554312135926,0.0990721536994424,-9.615895129799988,-8.540478034262076,-5.671213621892677,0.0001329908264935,0.6806191559768777,0.0416863612357288,6.240600494397281e-05,-1.075417095537586,1,0,1,1775.0,6675.0,3750.0,36775.0,11975.0,118550.0,33950.0,181250.0,104950.0,682500.0,672900.0,1054500.0,407650.0,620750.0,254450.0,731975.0,206175.0,310425.0,181325.0,498125.0,193775.0,235200.0,324775.0,210375.0,488250.0,258425.0,980825.0,219525.0,497300.0,293750.0,651925.0,505375.0,542225.0,111650.0,117875.0,24250.0,43775.0,4750.0,5775.0,1100.0,1575.0,350.0,0.2636225613651588,15.5,235200.0,0.257995224434452,19.15,324775.0,0.2520316418676305,23.55,210375.0,0.2488076998533055,29.9,488250.0,0.2463181728019017,38.0,258425.0,0.2439953940649689,47.95,980825.0,0.2404245828434875,59.35,219525.0,0.2404358203669352,74.8,497300.0,0.2390210409265082,92.15,293750.0,0.2369656483845539,111.9,651925.0,0.2382029574800797,270.4,1178275.0,0.2401589569471503,111.85,1054500.0,0.2428063189948788,92.9,407650.0,0.2410556606917279,74.3,620750.0,0.2414518376052416,59.45,254450.0,0.243151979028375,47.55,731975.0,0.2446493259416628,37.6,206175.0,0.245723072167803,29.3,310425.0,0.2444830449220408,21.9,181325.0,0.2449722831360539,16.5,498125.0,0.2474865016989953,12.7,193775.0,0.0008180834464285,0.0046033615147991,-0.0037852780683706,0.0027107224806138,0.2409136799606935,0.0022216253634078,0.0032488801251619,-0.001027254761754,0.0027352527442849,0.2409382102243646,0.008115215321822,0.0064463684615831,0.0016688468602389,0.0072807918917025,0.2454837493717822,0.0138286843875508,0.006280087441961,0.0075485969455897,0.0100543859147559,0.2482573433948356,0.0254196038850791,0.0092835442189156,0.0161360596661634,0.0173515740519973,0.2555545315320771,0.2389064946237117,3.8802054887311654e-05,0.0082947691576307,0.0012514630706221,0.685106695859844,high,2,0.0275595185786064,252,rr_only,0920_open,500,242.2,55.400000000001455,186.79999999999853,257.8
2024-11-11,24060.0,24063.1,-0.0010820702449103,0.1917922663669589,0.0037468990284704,-4.349838789779481,-4.362253008865234,-4.589958049374418,-0.0034882588815072,521.3,479.3,435.0,391.15,355.5,311.1,271.55,237.25,202.85,173.55,143.8,120.8,97.6,80.0,62.7,49.75,39.65,30.1,23.6,17.85,13.45,17.9,22.65,28.35,35.5,43.75,54.25,66.4,80.9,97.9,116.85,139.15,164.45,192.3,223.95,257.95,293.9,331.1,372.7,414.5,463.55,503.45,2024-11-14,0.0158374079947025,0.1258467639421155,3.986666666666667,23559.6,0.1561539314281001,24054.652490221353,24050,0.0089231354642313,0.0243840503004517,-3.713826036633417,3.986666666666667,-1.6513424386858775,0.0010820702449103,2024,0.0303071674859845,0.0002505494703923,0.0002175821839975,0.1675668097916788,-3.2967286394823016e-05,1.1515164789190306,-0.0114128783635787,-8.291854170340924,-8.43293392134564,-4.719107884712219,0.0001535138227869,0.7055440843844225,0.0249898264190851,6.406836121063871e-05,0.1410797510046597,0,1,0,0.0,2250.0,100.0,5300.0,6125.0,16250.0,11025.0,55550.0,54475.0,321375.0,266350.0,469350.0,243275.0,436125.0,148350.0,372000.0,125600.0,197450.0,135300.0,269825.0,116000.0,119950.0,180125.0,94400.0,309100.0,110200.0,272400.0,135975.0,304400.0,189325.0,573150.0,355875.0,460800.0,135425.0,224425.0,54650.0,65025.0,3650.0,14950.0,1725.0,6025.0,100.0,0.1732705494644806,17.9,119950.0,0.1715127787024216,22.65,180125.0,0.1694944785020933,28.35,94400.0,0.1678420491090415,35.5,309100.0,0.165584264399425,43.75,110200.0,0.1642000408805301,54.25,272400.0,0.1624103747981541,66.4,135975.0,0.160883181881832,80.9,304400.0,0.1595101262996288,97.9,189325.0,0.1574610504295138,116.85,573150.0,0.1561539314281001,282.95000000000005,622225.0,0.1569310140759444,120.8,469350.0,0.1543533360783126,97.6,243275.0,0.155027316462596,80.0,436125.0,0.1528670733471879,62.7,148350.0,0.1530463448835904,49.75,372000.0,0.1542719340081382,39.65,125600.0,0.1533117397979541,30.1,197450.0,0.1547664896292118,23.6,135300.0,0.1549712868276433,17.85,269825.0,0.1555263327886178,13.45,116000.0,0.0033561948715287,-0.0018005953497874,0.0051567902213162,0.0007777997608706,0.1569317311889707,0.006256443370054,-0.0032868580809121,0.0095433014509662,0.0014847926445709,0.157638724072671,0.0094303329713249,-0.0018819974199618,0.0113123303912868,0.0037741677756815,0.1599280992037816,0.0133405470739932,-0.0013874417988883,0.0147279888728815,0.0059765526375524,0.1621304840656525,0.0171166180363804,-0.0006275986394822,0.0177442166758627,0.0082445096984491,0.1643984411265492,0.1566470315094882,-0.007277797084043,0.0041047343712278,0.0006287815313529,0.7013133420671515,middle,4,0.025520258717142242,252,rr_only,0920_open,500,251.60000000000005,490.40000000000146,-238.8000000000014,248.39999999999995
2024-11-18,23531.6,23507.35,-0.0032715944600597,0.0868994774144585,0.0040775455929473,-4.405035988234676,-4.153581114530513,-4.441832986294388,-0.0018362051276347,537.9,487.6,445.6,402.95,362.7,322.8,283.55,248.1,215.55,182.0,155.05,128.25,105.9,86.0,69.75,55.45,43.5,34.15,26.5,20.45,16.2,18.1,22.25,27.4,33.8,41.65,51.3,62.15,76.7,93.2,111.5,132.4,157.7,185.8,215.3,247.3,284.4,320.8,362.35,406.2,453.75,491.5,2024-11-21,0.0123104292623013,0.1109523738470763,2.986666666666667,23346.75,0.1616366610498618,23572.662129787877,23550,0.0089231354642313,0.0261264101953479,-3.644808591384664,2.986666666666667,-2.443003260371467,0.0032715944600597,2024,0.0506842872027855,0.0001459013838494,0.0002331294973671,0.127870676400047,8.722811351766615e-05,0.6258383666469807,0.0337659846498147,-8.832579617562786,-8.363916476096884,-4.719107884712219,0.0001634464995981,0.7010974649027888,0.0262957583080491,6.968299776898367e-05,-0.468663141466294,1,0,1,6975.0,2950.0,3075.0,3575.0,22075.0,17025.0,57700.0,30975.0,139175.0,135125.0,888000.0,631650.0,975800.0,381375.0,602050.0,278200.0,485725.0,237550.0,340875.0,242150.0,626900.0,506275.0,182325.0,343200.0,194300.0,328450.0,238225.0,467350.0,333500.0,739350.0,532375.0,1618975.0,862750.0,736975.0,229250.0,206425.0,40425.0,76775.0,18500.0,22875.0,3875.0,19175.0,0.1820720559522679,18.1,506275.0,0.1790717227332915,22.25,182325.0,0.1762897735002165,27.4,343200.0,0.1738030813836919,33.8,194300.0,0.1715355938654471,41.65,328450.0,0.1696333905738061,51.3,238225.0,0.1668945184850264,62.15,467350.0,0.1663690173478519,76.7,333500.0,0.1653273012488453,93.2,739350.0,0.1634833815536221,111.5,532375.0,0.1616366610498618,287.45000000000005,2506975.0,0.1592719106717255,128.25,631650.0,0.1587685481237656,105.9,975800.0,0.1578921909409721,86.0,381375.0,0.1582207194924616,69.75,602050.0,0.1578897509827631,55.45,278200.0,0.157615528031897,43.5,485725.0,0.1582201696881946,34.15,237550.0,0.1587826156917639,26.5,340875.0,0.1595958611732316,20.45,242150.0,0.1619239206439502,16.2,626900.0,0.0036906401989835,-0.0028681129260961,0.0065587531250797,0.0004112636364437,0.1620479246863055,0.0052578574351646,-0.0034159415574001,0.0086737989925648,0.0009209579388822,0.162557618988744,0.0098989328155853,-0.0040211330179648,0.0139200658335501,0.0029388998988102,0.164575560948672,0.0146531124503546,-0.0028540453580978,0.0175071578084525,0.0058995335461284,0.1675361945959902,0.0204353949024061,0.0002872595940884,0.0201481353083177,0.0103613272482472,0.171997988298109,0.1609202414116738,-0.0080936685150316,0.004400626783334,0.0006241407536312,0.7021576737081788,middle,3,0.02645295803748464,252,rr_only,0920_open,500,253.15000000000006,203.25,49.90000000000006,246.84999999999994
2024-11-25,24288.1,24261.5,0.0014440738317824,0.0533496311630077,0.0041275357067864,-3.597697264644178,-4.223167664023389,-4.322996588669092,0.0223112690358584,584.9,542.65,493.8,448.1,407.4,372.85,328.45,292.25,259.75,228.45,200.1,173.5,148.95,127.65,107.65,90.45,75.35,65.25,51.95,43.15,36.45,34.6,39.15,44.65,51.35,58.95,67.65,80.85,94.5,110.9,128.5,152.3,174.9,200.05,225.6,258.3,292.0,326.35,361.2,394.0,440.2,490.65,2024-11-28,0.0125131256252615,0.1118620830543644,3.986666666666667,23957.45,0.1911959592114087,24347.82559840444,24300,0.0089231354642313,0.0365558948187706,-3.308912824839406,3.986666666666667,-2.930888214791399,0.0014440738317824,2024,0.0793338761570442,0.0001979589715319,0.000326193201484,0.1489460023198795,0.0001282342299521,0.6068764481640355,0.0422499568915291,-8.527450763226906,-8.028020709551626,-4.719107884712219,0.0002217635576169,0.6798534016282322,0.0335487282109719,0.0001044296438671,-0.4994300536751044,1,0,1,17550.0,115975.0,74025.0,98225.0,28000.0,245650.0,54550.0,455325.0,110175.0,511150.0,387900.0,1123400.0,281100.0,469125.0,201100.0,1195100.0,224825.0,390250.0,145325.0,327250.0,221875.0,115000.0,333275.0,201050.0,259525.0,124475.0,554325.0,133950.0,317375.0,120925.0,378450.0,371000.0,686250.0,122350.0,105775.0,22800.0,114250.0,5225.0,9225.0,2275.0,15600.0,125.0,0.2199083480474862,34.6,115000.0,0.2144702510441245,39.15,333275.0,0.2094726244122096,44.65,201050.0,0.205033516813132,51.35,259525.0,0.2003996722151464,58.95,124475.0,0.1956785800510631,67.65,554325.0,0.1950344861554554,80.85,133950.0,0.1926734939761641,94.5,317375.0,0.1913422755279532,110.9,120925.0,0.1890382111604193,128.5,378450.0,0.1911959592114087,352.4,758900.0,0.1903687174336749,173.5,1123400.0,0.1892966764998513,148.95,281100.0,0.189300532313452,127.65,469125.0,0.1882515322023752,107.65,201100.0,0.1879117617096088,90.45,1195100.0,0.1876087713322441,75.35,224825.0,0.191497399643424,65.25,390250.0,0.1886310923194132,51.95,145325.0,0.189925849659174,43.15,327250.0,0.192646065842263,36.45,221875.0,0.0001463163165445,-0.0018992827115573,0.0020455990281019,-0.0008764831975064,0.1903194760139022,0.0038385269440467,-0.0029444270090334,0.0067829539530802,0.0004470499675066,0.1916430091789153,0.0092037130037377,-0.0035871878791645,0.0127909008829022,0.0028082625622866,0.1940042217736953,0.0182766652008009,-0.0025648668919954,0.0208415320927964,0.0078558991544027,0.1990518583658114,0.0287123888360775,0.0014501066308542,0.0272622822052232,0.0150812477334659,0.2062772069448746,0.1892869141556689,-0.0058173877642751,0.0075415430238279,0.0010212221265024,0.6629614636209412,high,4,0.0261763179022042,252,rr_only,0920_open,500,281.34999999999997,342.5499999999993,-61.19999999999931,218.65000000000003
2024-11-29,23969.55,23988.05,0.0020249181906442,0.0512209295490326,0.002603319237324,-3.7196444466297303,-3.9336787937578577,-4.257003809021046,-0.0132644767024008,568.55,522.3,480.0,436.7,400.0,360.7,324.15,289.35,257.85,227.15,198.15,171.85,147.9,125.6,106.35,89.25,74.75,60.95,49.4,40.3,32.6,41.5,48.85,56.65,66.3,76.7,89.5,102.8,118.85,136.25,156.2,176.9,200.75,226.75,255.8,285.05,320.2,353.4,392.1,428.35,469.15,510.45,2024-12-05,0.0163054513494454,0.1276928006954404,4.986666666666666,24701.55,0.1498391636445083,23971.27186769373,23950,0.0171423135464231,0.0224517749616857,-3.7963856050378535,4.986666666666666,-2.9716070502100176,0.0020249181906442,2024,0.0221463629490679,0.0003226581378144,0.0003848753660669,0.1371944662067045,6.22172282525256e-05,0.8383444778803975,0.0126446974378038,-8.038917192098468,-7.8625910005880115,-4.066205395550156,0.000265949577045,0.6910018164135433,0.0252830827803733,0.0001189257890218,-0.1763261915104011,1,0,0,6000.0,375.0,19575.0,75.0,9825.0,9975.0,65075.0,44025.0,331025.0,400850.0,1066225.0,247050.0,419575.0,178925.0,445475.0,239250.0,513050.0,108600.0,322650.0,160950.0,425025.0,247950.0,168250.0,234700.0,71725.0,249975.0,95850.0,459575.0,126325.0,446025.0,329175.0,753100.0,210300.0,144450.0,47250.0,137225.0,14175.0,47500.0,7375.0,16000.0,2325.0,16200.0,0.1653919324789478,41.5,247950.0,0.1639948932108859,48.85,168250.0,0.1618551729668461,56.65,234700.0,0.1604917709323496,66.3,71725.0,0.1585346422724532,76.7,249975.0,0.1575149156288898,89.5,95850.0,0.1554829441422459,102.8,459575.0,0.154389158127809,118.85,126325.0,0.1528777476069449,136.25,446025.0,0.1518720791847082,156.2,329175.0,0.1498391636445083,375.05,1819325.0,0.148495240223289,171.85,247050.0,0.1473160872290208,147.9,419575.0,0.145712323873455,125.6,178925.0,0.1448476582535986,106.35,445475.0,0.1440372336642739,89.25,239250.0,0.1437930483056753,74.75,513050.0,0.1423800866697344,60.95,108600.0,0.1413705762651861,49.4,322650.0,0.1413034295168225,40.3,160950.0,0.1412454222198525,32.6,425025.0,0.0030385839624365,-0.0025230764154875,0.0055616603779241,0.0002577537734745,0.1500969174179828,0.0056437804977376,-0.0049915053909097,0.0106352858886473,0.0003261375534139,0.1501653011979222,0.0086954786279449,-0.0060461153388329,0.0147415939667778,0.001324681644556,0.1511638452890643,0.0120160093223377,-0.0084685873793221,0.0204845967016599,0.0017737109715078,0.1516128746160161,0.0155527688344395,-0.0085937414246557,0.0241465102590953,0.0034795137048918,0.1533186773494002,0.1493651748653602,-0.0120769290401926,0.0026875449998185,0.0003490785803402,0.6994322239408172,middle,5,0.02521587023243938,252,rr_only,0920_open,500,300.95,500.0,-199.05,199.05
2024-12-06,24689.05,24698.0,-0.0016208077747914,0.0564511537668296,0.0023512764261889,-3.3605753604356865,-4.278564558260841,-4.200166075205947,0.0097634976848372,575.45,535.45,497.95,458.4,423.65,389.15,355.5,321.15,292.7,261.25,236.35,209.65,186.1,162.75,144.0,123.1,107.05,90.55,78.05,65.7,55.15,78.75,88.4,99.8,112.75,125.85,141.5,156.95,175.7,194.7,216.9,238.5,262.75,288.7,317.35,346.1,376.6,410.2,444.85,479.7,508.05,557.45,2024-12-12,0.0057049108413028,0.0755308601917315,4.986666666666666,24539.5,0.1842290085577959,24697.847787503928,24700,0.0171423135464231,0.0339403275941884,-3.3831513670662323,4.986666666666666,-2.8743795498561022,0.0016208077747914,2024,0.1086981483660643,0.0001128908282882,0.0005818157374878,0.0811511376499065,0.0004689249091996,0.194031926285877,0.1030778709078893,-9.089089327591203,-7.449356762616389,-4.066205395550156,0.0003871013923233,0.6653333132492312,0.0339571528728218,0.0001947143451645,-1.6397325649747785,1,0,1,5975.0,650.0,8675.0,6350.0,17675.0,13125.0,58750.0,20950.0,106225.0,136450.0,599300.0,204775.0,392425.0,118550.0,231850.0,83325.0,436625.0,93975.0,134225.0,62000.0,159775.0,116850.0,64250.0,194550.0,80900.0,166550.0,110575.0,275025.0,122550.0,275850.0,274950.0,621175.0,163450.0,109225.0,28075.0,27000.0,9950.0,26450.0,3500.0,2500.0,50.0,1450.0,0.1987298779491073,78.75,116850.0,0.1967425393237775,88.4,64250.0,0.1954422527973494,99.8,194550.0,0.1944773191647166,112.75,80900.0,0.1925137175384703,125.85,166550.0,0.1916272377181003,141.5,110575.0,0.1893985434911988,156.95,275025.0,0.1886815812396862,175.7,122550.0,0.1869314356836728,194.7,275850.0,0.1864499866157047,216.9,274950.0,0.1842290085577959,474.85,1220475.0,0.1819935020246211,209.65,204775.0,0.1808843596300183,186.1,392425.0,0.1785699411850353,162.75,118550.0,0.178575225608626,144.0,231850.0,0.1753909726950686,123.1,83325.0,0.1748663943288059,107.05,436625.0,0.1724645826665672,90.55,93975.0,0.1723300517036309,78.05,134225.0,0.1708986122354148,65.7,62000.0,0.1698611360268486,55.15,159775.0,0.0027024271258768,-0.0033446489277775,0.0060470760536544,-0.0003211109009503,0.1839078976568455,0.0051695349334029,-0.0056537829491698,0.0108233178825727,-0.0002421240078834,0.1839868845499124,0.0082847089806744,-0.0093626142289899,0.0176473232096644,-0.0005389526241577,0.1836900559336381,0.0112132442395535,-0.0118989568541649,0.0231122010937184,-0.0003428563073057,0.1838861522504901,0.0145008693913114,-0.0143678725309472,0.0288687419222587,6.649843018211032e-05,0.184295506987978,0.1841162673468452,-0.0181442343055504,-0.0022058843369458,0.0005229431482982,0.6641166319506274,middle,5,0.02489732549190162,252,rr_only,0920_open,500,340.95000000000005,160.5,180.45000000000005,159.04999999999995
2024-12-13,24470.0,24455.45,-0.0011394852484175,0.0378252146810971,0.0020985517981201,-5.773914202147597,-5.2336417644419555,-4.3982089742006565,-0.003660847302711,565.5,517.85,481.1,437.65,396.4,357.25,320.9,286.05,252.9,220.8,193.55,166.4,142.8,121.15,101.7,84.05,69.5,56.35,46.35,37.1,30.05,30.95,37.05,44.2,52.75,62.9,74.2,87.3,102.0,119.0,137.95,159.35,183.05,209.3,237.0,268.05,300.85,335.05,373.9,412.2,453.25,495.0,2024-12-19,0.0188721332152997,0.1373758829463881,4.986666666666666,23961.95,0.1377980876771457,24484.235194123557,24450,0.0171423135464231,0.0189883129674783,-3.9639315960464288,4.986666666666666,-3.27477934368345,0.0011394852484175,2024,0.0004222047307575,0.0003734485620382,0.0003255036146061,0.1475980699605522,-4.7944947432081045e-05,1.1472946697998938,-0.0097999822834065,-7.892730281648714,-8.030136991596587,-4.066205395550156,0.000228402354662,0.701689150021969,0.0223689181119921,9.71012599440745e-05,0.1374067099479333,0,1,0,100.0,17625.0,125.0,3000.0,1075.0,26125.0,14900.0,59175.0,39100.0,264425.0,369400.0,834150.0,372375.0,504175.0,197725.0,512875.0,163100.0,557025.0,153975.0,478500.0,223900.0,164550.0,729200.0,184150.0,426525.0,176850.0,489200.0,233750.0,814975.0,328700.0,949500.0,886000.0,1970475.0,381525.0,435575.0,136100.0,188125.0,27150.0,49450.0,6925.0,6475.0,1425.0,0.1497400913306551,30.95,164550.0,0.1482693956282133,37.05,729200.0,0.1468108291046026,44.2,184150.0,0.1456004937827731,52.75,426525.0,0.1446394599996725,62.9,176850.0,0.1433078530268987,74.2,489200.0,0.1421296169549744,87.3,233750.0,0.1407883612846409,102.0,814975.0,0.1397693209904132,119.0,328700.0,0.1386655279813614,137.95,949500.0,0.1377980876771457,352.9,1255400.0,0.1362800313558576,166.4,834150.0,0.1357610038744183,142.8,372375.0,0.1349804932711922,121.15,504175.0,0.1341484598414992,101.7,197725.0,0.1329496576767683,84.05,512875.0,0.1326129338368592,69.5,163100.0,0.1317127914624063,56.35,557025.0,0.1322100606418062,46.35,153975.0,0.1317646729269585,37.1,478500.0,0.132291367963854,30.05,223900.0,0.0019712333132675,-0.0020370838027273,0.0040083171159949,-3.292524472989222e-05,0.1377651624324158,0.0043315292778287,-0.0036496278356464,0.0079811571134752,0.0003409507210911,0.1381390383982368,0.0068413723225268,-0.0051851538402864,0.0120265261628133,0.0008281092411201,0.1386261969182658,0.0090127414274569,-0.0055880270353394,0.0146007684627963,0.0017123571960587,0.1395104448732044,0.0119420036535094,-0.0055067197132916,0.017448723366801,0.0032176419701089,0.1410157296472546,0.1369363489212823,-0.008583850364883,0.0019929065825587,0.000154036023621,0.7066239290593997,low,5,0.02645295803748464,252,rr_only,0920_open,500,291.9,488.0499999999993,-196.1499999999993,208.10000000000002
2024-12-20,23925.5,23924.8,-0.0015620761408799,0.0596085779014404,0.0043029077239765,-3.332117267536717,-4.10971943116469,-4.393133953442601,-0.0104927311850199,580.75,538.3,511.65,469.75,430.8,395.75,358.0,320.1,292.0,259.45,230.75,207.2,180.45,157.6,138.25,119.95,103.35,90.8,77.1,66.5,57.65,43.25,50.15,58.6,67.4,78.85,90.1,105.0,121.0,138.55,156.9,179.25,200.15,228.0,257.5,285.45,318.25,355.9,384.25,423.5,465.7,504.0,2024-12-26,0.0148705759737348,0.1219449710883349,3.986666666666667,23760.3,0.1630405470172186,24001.55299699892,23950,0.0171423135464231,0.0265822199716738,-3.6275127088056687,3.986666666666667,-2.819955790746161,0.0015620761408799,2024,0.0410955759288836,0.0002352540855104,0.0004556807495144,0.1171477279348447,0.000220426664004,0.5162695280875845,0.0458928190823738,-8.3548444129741,-7.693718104355828,-4.066205395550156,0.0003100426996043,0.6803945524026201,0.0285548687481367,0.00014563804991,-0.6611263086182557,1,0,1,2575.0,25.0,6700.0,500.0,11675.0,8000.0,45900.0,15350.0,118225.0,88650.0,628200.0,375200.0,825325.0,160400.0,230475.0,107750.0,365100.0,120800.0,251725.0,90025.0,205875.0,192800.0,101250.0,293725.0,86900.0,165500.0,147425.0,252825.0,117675.0,349075.0,221075.0,737075.0,377025.0,539475.0,70125.0,62250.0,14900.0,54950.0,8475.0,11225.0,3200.0,9175.0,0.1739931053467367,43.25,192800.0,0.1721335547636488,50.15,101250.0,0.1709403311577819,58.6,293725.0,0.1688669067750674,67.4,86900.0,0.16828853230528,78.85,165500.0,0.1661288796735677,90.1,147425.0,0.1660107871698242,105.0,252825.0,0.1653638131655049,121.0,117675.0,0.1645569857823248,138.55,349075.0,0.162930134457844,156.9,221075.0,0.1630405470172186,410.0,1365275.0,0.1604419856863553,200.15,377025.0,0.1625163934367613,180.45,825325.0,0.1617568759507549,157.6,160400.0,0.1622897675081295,138.25,230475.0,0.1621628578370754,119.95,107750.0,0.1619458318128142,103.35,365100.0,0.1639025269468964,90.8,120800.0,0.1633400661820115,77.1,251725.0,0.1643893351121407,66.5,90025.0,0.165989588742918,57.65,205875.0,0.0015164387651062,-0.0005241535804572,0.0020405923455634,0.0004961425923245,0.1635366896095431,0.0029702401526056,-0.000750779509089,0.0037210196616946,0.0011097303217582,0.1641502773389768,0.0052479852880614,-0.0010947152044044,0.0063427004924658,0.0020766350418285,0.1651171820590471,0.0078997841405633,0.0002995191647929,0.0076002649757703,0.0040996516526781,0.1671401986698967,0.0109525583295181,0.0029490417256994,0.0080035166038187,0.0069508000276087,0.1699913470448273,0.1622359555928876,-0.0035646781728068,0.0072642277791805,0.0006524764498752,0.6738347858603544,middle,4,0.027255095985245482,252,rr_only,0920_open,500,309.1,189.70000000000073,119.3999999999993,190.89999999999998
2024-12-27,23822.9,23827.5,0.0009091805023991,0.0153943427933403,0.0017378400876887,-4.7022613065323275,-4.175444399706673,-4.512686237353306,0.0012613010759201,551.05,506.35,466.45,424.3,383.65,346.0,310.95,276.55,244.2,213.75,185.7,158.7,135.35,114.0,94.8,77.2,62.5,50.35,39.85,31.5,24.7,38.55,45.6,53.85,63.0,73.6,86.0,99.25,115.45,132.8,152.4,173.6,197.85,223.9,251.9,279.8,316.55,349.8,389.7,422.0,468.95,513.95,2025-01-02,0.0102364947706664,0.1011755640985827,4.986666666666666,24167.95,0.1445743704232999,23812.11245172208,23800,0.0171423135464231,0.0209017485832935,-3.8679224592386134,4.986666666666666,-4.173755188134283,0.0009091805023991,2024,0.0433988063247171,0.0002025634414936,0.0003583043278833,0.1087040728535209,0.0001557408863897,0.5653390867206405,0.0358702975697789,-8.504457429156691,-7.9341278547887715,-4.066205395550156,0.0002492167522533,0.6955449121298044,0.0240003065383742,0.0001090875756299,-0.5703295743679073,1,0,1,75.0,2700.0,1125.0,12900.0,5850.0,25800.0,13425.0,104625.0,95325.0,451725.0,370200.0,404775.0,161175.0,295725.0,147000.0,181275.0,90900.0,439350.0,99825.0,303450.0,161625.0,59175.0,163125.0,67200.0,388800.0,101400.0,229650.0,122475.0,304425.0,196125.0,703725.0,332925.0,219825.0,57225.0,158100.0,15600.0,12825.0,3600.0,10875.0,150.0,2400.0,225.0,0.1604965656512625,38.55,59175.0,0.1589715775523885,45.6,163125.0,0.1575584092347486,53.85,67200.0,0.1557716704245569,63.0,388800.0,0.1541058413537672,73.6,101400.0,0.1527389552819139,86.0,229650.0,0.1506507832415552,99.25,122475.0,0.149623808817285,115.45,304425.0,0.1479423353303391,132.8,196125.0,0.14646399292353,152.4,703725.0,0.1445743704232999,359.29999999999995,703125.0,0.1423280794477442,158.7,404775.0,0.1412067058140362,135.35,161175.0,0.1398634140332472,114.0,295725.0,0.1384185541445852,94.8,147000.0,0.1363779449630532,77.2,181275.0,0.134980655429858,62.5,90900.0,0.134115655080291,50.35,439350.0,0.1330182869742031,39.85,99825.0,0.1325110813335078,31.5,303450.0,0.1321721539554359,24.7,161625.0,0.0033679649070392,-0.0033676646092636,0.0067356295163029,1.501488878230539e-07,0.1445745205721877,0.0060764128182553,-0.0061558162787146,0.01223222909697,-3.970173022968537e-05,0.1445346686930702,0.0095314709304673,-0.0095937149934419,0.0191251859239092,-3.11220314873073e-05,0.1445432483918126,0.0129840388114486,-0.0115560834490967,0.0245401222605454,0.0007139776811759,0.1452883481044758,0.0159221952279626,-0.0124022164678639,0.0283244116958266,0.0017599893800493,0.1463343598033492,0.1441635090610479,-0.0144795746225184,-9.634946084800212e-05,0.0002559797679767,0.6920520819091044,low,5,0.0260374056118018,252,rr_only,0920_open,500,296.04999999999995,367.9500000000007,-71.90000000000077,203.95000000000005
2025-01-03,24176.05,24169.25,-0.0008620860539194,0.0775373090522749,0.0023887276871118,-4.619026216966481,-4.623298524068375,-4.549721099319946,0.0170785960379814,556.0,514.15,469.05,427.0,392.25,352.0,315.15,280.7,249.0,218.95,190.75,167.9,142.0,119.3,100.55,83.0,68.85,57.2,45.1,35.85,28.3,40.25,46.95,54.65,63.6,74.45,84.6,99.45,115.1,132.3,153.35,174.85,197.0,224.75,254.1,284.45,318.85,351.3,387.0,430.55,464.5,512.2,2025-01-09,0.0145355276815189,0.1205633762032189,4.986666666666666,23557.2,0.1446321240971914,24215.91636218025,24200,0.0171423135464231,0.0209184513208653,-3.867123671164992,4.986666666666666,-2.556996051335942,0.0008620860539194,2025,0.0240687478939724,0.0002876342514755,0.0003585906514478,0.129534538769572,7.095639997230235e-05,0.8021242336190147,0.0150975853276194,-8.153820845065415,-7.933329066715152,-4.066205395550156,0.0002493976533181,0.69549401890754,0.0240143070946011,0.0001091929981297,-0.2204917783502967,1,0,0,600.0,9375.0,3525.0,47100.0,7800.0,30900.0,19500.0,110100.0,46575.0,212925.0,380925.0,744900.0,239550.0,354225.0,169950.0,301800.0,117750.0,369300.0,126975.0,259275.0,145800.0,64275.0,147150.0,70950.0,353475.0,93225.0,207675.0,114600.0,453150.0,132750.0,301725.0,385875.0,485025.0,78825.0,161025.0,18825.0,36075.0,3900.0,22050.0,300.0,3000.0,150.0,0.1608953218441673,40.25,64275.0,0.1588033593061844,46.95,147150.0,0.1566964159885858,54.65,70950.0,0.1547102500780307,63.6,353475.0,0.1533317971028781,74.45,93225.0,0.1499071909556937,84.6,207675.0,0.1494024843794391,99.45,114600.0,0.148000068280697,115.1,453150.0,0.1463228841652321,132.3,132750.0,0.1461420378092747,153.35,301725.0,0.1446321240971914,365.6,766800.0,0.1458546485490121,167.9,744900.0,0.1429229988119719,142.0,239550.0,0.1407414703166964,119.3,354225.0,0.139987351683676,100.55,169950.0,0.1384034700245027,83.0,301800.0,0.1380305921030652,68.85,117750.0,0.1383169789834912,57.2,369300.0,0.1362140266429342,45.1,126975.0,0.1353390496132609,35.85,259275.0,0.1347219672054582,28.3,145800.0,0.0016907600680407,-0.0017091252852194,0.0033998853532602,-9.182608589342056e-06,0.144622941488602,0.0047703602822477,-0.0046447724135153,0.009415132695763,6.279393436620095e-05,0.1446949180315576,0.0086996730056866,-0.0066015319941261,0.0153012049998128,0.0010490705057802,0.1456811946029717,0.0120642918913944,-0.0084180974542572,0.0204823893456516,0.0018230972185686,0.14645522131576,0.0162631977469759,-0.0099101568917331,0.026173354638709,0.0031765204276213,0.1478086445248128,0.1444961957048458,-0.0108659959474565,4.62963898918759e-05,0.0008471597046781,0.6945019603524268,low,5,0.02609297052796276,252,rr_only,0920_open,500,297.05,500.0,-202.95,202.95
2025-01-10,23561.2,23588.95,0.0003884116538728,0.0223589938749681,0.0020988392728299,-5.040187735297284,-4.341901935319411,-4.512471061673794,-0.0049965805462818,515.4,481.9,430.0,390.85,356.25,319.55,283.95,250.0,219.5,190.4,163.3,140.0,116.4,97.3,80.05,65.55,52.45,42.0,33.25,26.3,20.8,40.7,48.3,56.35,67.65,78.25,91.0,106.0,122.7,141.75,161.6,185.8,210.9,239.4,269.75,302.8,339.3,376.5,409.05,458.5,495.3,540.2,2025-01-16,0.0163036121975932,0.1276855990219461,4.986666666666666,23350.8,0.1419284939717603,23527.476845971345,23550,0.0171423135464231,0.020143697401092,-3.904863823581496,4.986666666666666,-3.8005266283548376,0.0003884116538728,2025,0.0142428949498141,0.0003226217440158,0.0003453095768337,0.1371867286541923,2.2687832817921744e-05,0.9342971225242258,0.004741765317568,-8.039029992139566,-7.971069219131653,-4.066205395550156,0.0002409924625828,0.697902632161356,0.0233606254841975,0.0001043171142509,-0.0679607730078646,1,0,0,1800.0,825.0,7275.0,1575.0,19650.0,18375.0,84225.0,91500.0,511875.0,823725.0,1339575.0,443700.0,702750.0,338175.0,595500.0,218025.0,405750.0,208350.0,599325.0,170250.0,284700.0,212025.0,195675.0,240000.0,133275.0,336900.0,193800.0,426450.0,267300.0,818175.0,768675.0,918525.0,208650.0,217425.0,74100.0,62475.0,16800.0,12300.0,1650.0,25500.0,75.0,2625.0,0.1578978139203898,40.7,212025.0,0.1564076451423018,48.3,195675.0,0.1540685786724355,56.35,240000.0,0.153856660685937,67.65,133275.0,0.1513433361782538,78.25,336900.0,0.1494363740690424,91.0,193800.0,0.1479982967219561,106.0,426450.0,0.1463858312881173,122.7,267300.0,0.14504976044811,141.75,818175.0,0.1426196583680179,161.6,768675.0,0.1419284939717603,349.1,2258100.0,0.1413778355632193,140.0,443700.0,0.1386553670599121,116.4,702750.0,0.1377573668897412,97.3,338175.0,0.136503431503049,80.05,595500.0,0.13580077678914,65.55,218025.0,0.1344402425979301,52.45,405750.0,0.1338904664304395,42.0,208350.0,0.1333729383980375,33.25,599325.0,0.1333227601212695,26.3,170250.0,0.1336455424172182,20.8,284700.0,0.0031212664763497,-0.0032731269118481,0.0063943933881979,-7.593021774920938e-05,0.1418525637540111,0.0060698027501958,-0.0054250624687112,0.0114948652189071,0.0003223701407422,0.1422508641125026,0.0094148422064934,-0.0074882513738301,0.0169030935803236,0.0009632954163316,0.1428917893880919,0.0121400847006752,-0.0085555555737227,0.0206956402743979,0.0017922645634762,0.1437207585352365,0.0159693199486295,-0.008282951554542,0.0242522715031716,0.0038431841970437,0.145771678168804,0.1424918517910482,-0.0124867659501539,0.0020702018885843,0.0003663142815683,0.7084701736060629,low,5,0.026341828205162718,252,rr_only,0920_open,500,287.6,199.20000000000073,88.3999999999993,212.39999999999998
2025-01-17,23178.2,23185.5,-0.0041046966961844,0.2274322970459091,0.0053951052335815,-4.848383581008934,-4.294624612882226,-4.355371105442678,0.0052684921204789,539.2,508.5,456.6,420.0,378.1,340.2,304.45,272.0,239.6,210.2,183.2,158.0,134.0,114.2,95.5,80.6,66.25,54.5,44.25,36.45,29.3,39.9,47.2,55.35,65.2,75.7,88.45,103.5,119.15,137.7,157.0,180.65,205.0,233.5,259.3,293.8,321.95,363.25,400.0,442.0,481.35,527.0,2025-01-23,0.0159175509826517,0.1261647771077637,4.986666666666666,23216.3,0.1502735784204445,23202.552624123247,23200,0.0171423135464231,0.0225821483712854,-3.790595579911254,4.986666666666666,-1.4809026802840282,0.0041046966961844,2025,0.0241088013126807,0.0003149822257942,0.0003871102679324,0.1355527418548162,7.212804213815042e-05,0.8136757195220101,0.0147208365656283,-8.062994346780581,-7.856800975461414,-4.066205395550156,0.0002673520584488,0.6906354095869299,0.0253895070191824,0.0001197582094836,-0.2061933713193381,1,0,0,600.0,525.0,5250.0,675.0,6525.0,5025.0,84975.0,26775.0,156900.0,249375.0,822375.0,306450.0,656400.0,215250.0,455700.0,218625.0,484950.0,164700.0,484050.0,178200.0,324975.0,197400.0,125700.0,277125.0,142875.0,422850.0,195450.0,638700.0,247425.0,630000.0,615825.0,1233675.0,342000.0,384900.0,76125.0,112125.0,16350.0,75150.0,2850.0,20625.0,0.0,2475.0,0.1645746470036274,39.9,197400.0,0.1630565493697748,47.2,125700.0,0.1612038644826604,55.35,277125.0,0.159875093756521,65.2,142875.0,0.1577613762640638,75.7,422850.0,0.156404643595942,88.45,195450.0,0.1556062438243228,103.5,638700.0,0.1537030627517967,119.15,247425.0,0.1526604861269991,137.7,630000.0,0.1505380397772875,157.0,615825.0,0.1502735784204445,363.85,2056050.0,0.1491123687843557,158.0,306450.0,0.147100656790608,134.0,656400.0,0.1467651180193187,114.2,215250.0,0.1455021892867722,95.5,455700.0,0.1458223055815164,80.6,218625.0,0.1448025189476616,66.25,484950.0,0.1445408643906696,54.5,164700.0,0.1440701052424008,44.25,484050.0,0.1448185383156434,36.45,178200.0,0.1447199574969574,29.3,324975.0,0.0023869077065546,-0.0031729216298365,0.0055598293363911,-0.0003930069616409,0.1498805714588035,0.0053326654038783,-0.0047713891336723,0.0101040545375506,0.000280638135103,0.1505542165555475,0.0074877978436193,-0.0054710594727828,0.0129588573164022,0.0010083691854182,0.1512819476058627,0.0109302860622159,-0.0062034731780437,0.0171337592402596,0.0023634064420861,0.1526369848625306,0.0143010685831829,-0.005553620923487,0.0198546895066699,0.0043737238298479,0.1546473022502924,0.1498235773120458,-0.0101967153851544,0.0033808074124608,0.0004150333046929,0.6886611943858616,middle,5,0.026459218205436678,252,rr_only,0920_open,500,294.65000000000003,16.299999999999272,278.35000000000076,205.34999999999997
2025-01-27,22927.3,22915.05,-0.0005843163977572,0.025281204509913,0.001799165187353,-4.386486892627118,-4.392663339207067,-4.4018584149394,-0.005439836852405,555.0,471.5,470.5,444.25,389.85,349.9,314.85,278.55,245.95,215.9,188.5,161.9,139.35,118.4,99.55,83.5,69.2,57.25,47.1,38.6,31.5,28.65,34.4,42.25,50.0,59.65,71.6,84.65,100.5,118.1,138.25,160.0,184.2,210.3,239.55,272.75,305.95,340.2,378.9,419.45,460.8,502.0,2025-01-30,0.0143465951160946,0.1197772729531553,3.986666666666667,23297.95,0.2010312185419198,22978.515262647,22950,0.0089231354642313,0.0404135508284491,-3.208590133708816,3.986666666666667,-3.6776940640856615,0.0005843163977572,2025,0.0812539455887645,0.0002269646528948,0.0003606155886328,0.1594851936243594,0.000133650935738,0.6293811472634595,0.0415460249175603,-8.390716266727265,-7.927698018421036,-4.719107884712219,0.0002429229686044,0.6736341308077999,0.0360344089207057,0.0001176926200284,-0.4630182483062274,1,0,1,1475.0,0.0,20325.0,725.0,4250.0,3000.0,25825.0,23550.0,130550.0,97000.0,439550.0,465050.0,552650.0,253800.0,512075.0,218725.0,572025.0,306500.0,540925.0,339275.0,461175.0,107825.0,108700.0,364900.0,93275.0,191800.0,138350.0,282050.0,172975.0,524975.0,228600.0,751925.0,554875.0,591750.0,86300.0,247775.0,39250.0,163300.0,19350.0,40775.0,5075.0,12625.0,0.2144850683505173,28.65,107825.0,0.2120310237710429,34.4,108700.0,0.2115508878496132,42.25,364900.0,0.2086253752055319,50.0,93275.0,0.2066736243629858,59.65,191800.0,0.2058262668865856,71.6,138350.0,0.204075841822124,84.65,282050.0,0.2035343481478175,100.5,172975.0,0.2026176817382849,118.1,524975.0,0.2021885802045127,138.25,228600.0,0.2010312185419198,348.5,1191475.0,0.1991326825824599,161.9,465050.0,0.1992660159876944,139.35,552650.0,0.1986125939837712,118.4,253800.0,0.1977885117704006,99.55,512075.0,0.1977798807138084,83.5,218725.0,0.1974138336065065,69.2,572025.0,0.1977134160875305,57.25,306500.0,0.198193258776965,47.1,540925.0,0.1989264442697711,38.6,339275.0,0.1998199919762658,31.5,461175.0,0.0015864631963651,-0.0017652025542253,0.0033516657505905,-8.936967893014014e-05,0.2009418488629896,0.0030446232802041,-0.0032427067715191,0.0062873300517233,-9.904174565750212e-05,0.2009321767962623,0.005642405821066,-0.0036173849354133,0.0092597907564793,0.0010125104428263,0.2020437289847461,0.0105196693076934,-0.0028379597649547,0.0133576290726482,0.0038408547713693,0.2048720733132891,0.0134538498085975,-0.0012112265656539,0.0146650763742514,0.0061213116214717,0.2071525301633915,0.2002798043222227,-0.0066010687569778,0.0026655590049981,0.0003526120014793,0.643840957451864,high,4,0.025096655141311718,252,rr_only,0920_open,500,288.35,347.9500000000007,-59.600000000000705,211.64999999999998
2025-01-31,23301.2,23294.8,0.0001931413371385,0.0118904202566639,0.0016243630961066,-4.74130736239486,-4.190831336636935,-4.316880781913042,0.005239483821661,679.95,645.2,609.35,571.3,536.05,501.5,469.75,436.6,406.1,377.75,349.55,321.85,296.75,271.95,248.4,226.5,206.55,187.0,168.45,151.2,135.7,128.5,140.4,153.0,168.25,182.7,199.15,214.6,233.85,252.8,274.55,295.25,319.15,341.4,366.8,393.85,423.6,453.8,484.1,511.6,546.7,581.65,2025-02-06,0.0177559157582057,0.1332513255401452,5.986666666666666,23628.05,0.2642854653587459,23354.355878389153,23300,0.0171423135464231,0.0698468071998889,-2.661450903702699,5.986666666666666,-4.4320222235160305,0.0001931413371385,2025,0.1310341398186006,0.0004218204325626,0.001197335869237,0.1568660963416188,0.0007755154366743,0.3522991696819776,0.107419369017127,-7.770930849739917,-6.727656299252856,-4.066205395550156,0.0007456644951833,0.6227696959070049,0.0557225854401228,0.0004516713740537,-1.0432745504871666,1,0,1,2325.0,1350.0,2250.0,1650.0,17625.0,22050.0,11475.0,30000.0,69900.0,77400.0,234300.0,124350.0,156300.0,49575.0,139575.0,41775.0,185100.0,43800.0,122100.0,36600.0,95550.0,69525.0,23400.0,60375.0,25050.0,127950.0,35400.0,76500.0,39750.0,170175.0,166800.0,302250.0,121050.0,59250.0,15450.0,29700.0,7800.0,7425.0,3375.0,3600.0,1200.0,825.0,0.2783084128915055,128.5,69525.0,0.2767003936041826,140.4,23400.0,0.2749031240407338,153.0,60375.0,0.2747116431779129,168.25,25050.0,0.2728268942196305,182.7,127950.0,0.2718225232129219,199.15,35400.0,0.2690095187076118,214.6,76500.0,0.268540211881029,233.85,39750.0,0.2668359605079807,252.8,170175.0,0.2664924791789106,274.55,166800.0,0.2642854653587459,644.8,536550.0,0.2637152308124619,319.15,121050.0,0.2615549192750311,296.75,156300.0,0.2599710021013233,271.95,49575.0,0.2583778334507929,248.4,139575.0,0.2571062536308502,226.5,41775.0,0.2564282323099513,206.55,185100.0,0.2550318099068416,187.0,43800.0,0.2534186464909087,168.45,122100.0,0.2518618066715598,151.2,36600.0,0.2508176380133709,135.7,95550.0,0.0025504951492348,-0.0027305460837147,0.0052810412329495,-9.002546723996252e-05,0.2641954398915059,0.0047240533488658,-0.0059076319079529,0.0106316852568188,-0.0005917892795435,0.2636936760792023,0.0085414288608846,-0.0078572330487945,0.0163986619096792,0.000342097906045,0.2646275632647909,0.0106176586819879,-0.0108668188678371,0.0214844775498251,-0.0001245800929246,0.2641608852658212,0.0140229475327595,-0.0134678273453749,0.0274907748781345,0.0002775600936922,0.2645630254524382,0.2628838255222055,-0.0225622672460504,-0.0007205543408276,0.0004630076200798,0.5353823103426602,high,6,0.02534382530314648,252,rr_only,0920_open,500,380.59999999999997,328.0499999999993,52.55000000000069,119.40000000000003
2025-02-07,23583.9,23583.25,-0.0027776972302911,0.0681231275641313,0.0043355848693388,-5.492567793893391,-4.250742943077934,-4.321963840273188,-0.0024812544961047,573.1,530.35,488.95,444.0,405.55,370.55,334.2,300.6,267.85,236.45,209.0,182.9,158.45,136.6,116.0,98.05,82.3,67.9,56.0,45.85,36.85,44.5,51.8,60.15,70.55,81.6,93.95,109.0,124.65,142.1,162.2,183.7,207.0,232.65,261.15,290.85,322.9,355.65,393.5,430.2,465.3,511.8,2025-02-13,0.014777377765049,0.1215622382364237,4.986666666666666,23019.4,0.1591552381858443,23625.32603541889,23600,0.0171423135464231,0.0253303898419928,-3.675750424562199,4.986666666666666,-2.6864385116736105,0.0027776972302911,2025,0.0375929999494205,0.0002924200679432,0.0004342214849245,0.1306077264725068,0.0001418014169812,0.6734352815225022,0.0285475117133374,-8.137319200626683,-7.741955820112357,-4.066205395550156,0.0002967503247725,0.6834077425350393,0.0275840234789457,0.000137471160152,-0.3953633805144949,1,0,1,375.0,300.0,2700.0,900.0,8700.0,11400.0,31725.0,19650.0,122475.0,128775.0,535050.0,322125.0,363450.0,155550.0,321900.0,114375.0,169575.0,84825.0,420825.0,69750.0,138525.0,318300.0,143400.0,267675.0,127725.0,254850.0,237375.0,717825.0,211125.0,563400.0,509400.0,1200600.0,403275.0,327300.0,50700.0,140850.0,4350.0,24150.0,2475.0,8550.0,75.0,1875.0,0.1727990900132393,44.5,318300.0,0.1710214068419501,51.8,143400.0,0.1692504559898865,60.15,267675.0,0.1684295749001381,70.55,127725.0,0.1668643629872067,81.6,254850.0,0.1651872033033345,93.95,237375.0,0.1645688383248542,109.0,717825.0,0.162967746087222,124.65,211125.0,0.1614095551032408,142.1,563400.0,0.1605082659693071,162.2,509400.0,0.1591552381858443,392.7,1735650.0,0.1580837306691679,182.9,322125.0,0.1566919869760823,158.45,363450.0,0.1557433123129494,136.6,155550.0,0.1541112788630387,116.0,321900.0,0.1529994579213897,98.05,114375.0,0.1521018516199131,82.3,169575.0,0.1506708387637605,67.9,84825.0,0.1499566552703843,56.0,420825.0,0.1493877269300516,45.85,69750.0,0.1483759806653393,36.85,138525.0,0.0022543169173965,-0.0024632512097619,0.0047175681271584,-0.0001044671461827,0.1590507710396616,0.0054136001390099,-0.0050439593228055,0.0104575594618155,0.0001848204081022,0.1593400585939465,0.0077091248013624,-0.0070533865659311,0.0147625113672936,0.0003278691177156,0.1594831073035599,0.0100952178040422,-0.0091985829154599,0.0192938007195022,0.0004483174442911,0.1596035556301354,0.013643851827395,-0.0107792575205049,0.0244231093478999,0.001432297153445,0.1605875353392893,0.1585651110993928,-0.012112434512566,0.0003671257395479,0.0001880355418812,0.6606942358032227,middle,5,0.025214463966624683,252,rr_only,0920_open,500,311.34999999999997,500.0,-188.65000000000003,188.65000000000003
2025-02-14,23092.05,23090.5,-0.0001450206296671,0.0310200488965364,0.0021868998205009,-4.342568115349335,-4.261640894142246,-4.305749169910086,-0.0016667683318417,560.0,515.35,470.0,430.2,392.25,352.5,317.4,279.1,248.85,217.7,188.65,162.4,137.35,116.65,97.3,80.55,65.15,52.75,41.85,33.05,26.35,31.0,37.1,44.55,53.15,62.7,75.3,87.85,103.55,119.3,138.75,159.4,183.0,210.6,237.3,270.4,305.0,335.35,374.5,411.0,450.55,496.25,2025-02-20,0.0158314777231035,0.1258232002577568,4.986666666666666,22906.25,0.1439639046278559,23129.28010023725,23100,0.0171423135464231,0.0207256058356983,-3.876385346267478,4.986666666666666,-3.4731215449443225,0.0001450206296671,2025,0.018140704370099,0.0003132789771661,0.0003552848336751,0.1351857481531346,4.200585650894153e-05,0.881768506484144,0.0087781564747212,-8.06841646354646,-7.942590741817639,-4.066205395550156,0.0002473082079815,0.6960843372439856,0.0238524164091091,0.0001079766256935,-0.1258257217290136,1,0,0,1275.0,600.0,4350.0,675.0,40350.0,5550.0,25500.0,19275.0,187350.0,216150.0,806700.0,469200.0,599250.0,247650.0,418200.0,234450.0,320325.0,131550.0,532350.0,238425.0,369000.0,223200.0,79800.0,369825.0,195975.0,441750.0,192300.0,413325.0,297675.0,870825.0,562800.0,1269675.0,414675.0,378975.0,48150.0,84750.0,7800.0,15150.0,825.0,20625.0,150.0,6450.0,0.157658376024018,31.0,223200.0,0.1560329244466709,37.1,79800.0,0.1548012678392407,44.55,369825.0,0.1534667872244097,53.15,195975.0,0.1516821344864295,62.7,441750.0,0.1515080157207807,75.3,192300.0,0.1495751118791592,87.85,413325.0,0.1489200022866191,103.55,297675.0,0.1465776699157291,119.3,870825.0,0.1456804103093021,138.75,562800.0,0.1439639046278559,348.05,2076375.0,0.1429127733260157,162.4,469200.0,0.1409347990618845,137.35,599250.0,0.1406552921490344,116.65,247650.0,0.1395719735420302,97.3,418200.0,0.1388096115466341,80.55,234450.0,0.1372507556225681,65.15,320325.0,0.1366371011980785,52.75,131550.0,0.1355887560644118,41.85,532350.0,0.1349945240855445,33.05,238425.0,0.1353185074947278,26.35,369000.0,0.0026137652878732,-0.0030291055659713,0.0056428708538446,-0.000207670139049,0.1437562344888068,0.0056112072513033,-0.0043919310858256,0.010003138337129,0.0006096380827388,0.1445735427105947,0.0077182298585736,-0.0067131490052877,0.0144313788638614,0.0005025404266429,0.1444664450544988,0.0108373632113847,-0.008375148563444,0.0192125117748288,0.0012311073239703,0.1451950119518262,0.0136944713961621,-0.008645397133128,0.0223398685292902,0.002524537131517,0.1464884417593729,0.1434704315985746,-0.0107666199618248,0.001331018244175,0.0004381189174804,0.6897176272410809,low,5,0.02576483482727076,252,rr_only,0920_open,500,290.7,193.75,96.94999999999999,209.3
2025-02-21,22906.7,22917.0,0.0021589466469843,0.0340537499195339,0.0027109801662832,-4.97615087453846,-4.23012874977687,-4.30284905477458,-0.0003557348089102,552.0,505.2,466.0,422.05,382.1,342.9,305.65,270.55,237.45,206.6,176.95,150.65,126.95,106.0,86.5,70.25,56.15,44.1,34.75,27.0,20.65,23.6,28.9,35.1,42.9,52.0,62.6,75.2,90.25,106.4,125.6,146.65,169.85,195.7,224.8,256.3,289.4,324.8,364.0,402.5,442.75,489.5,2025-02-27,0.0067847856285295,0.0823698101766025,3.986666666666667,22510.85,0.1349418316937874,22930.33118075859,22900,0.0171423135464231,0.0182092979408744,-4.005822939479815,3.986666666666667,-3.3798151226550406,0.0021589466469843,2025,0.0525720215171848,0.00010733602661,0.0003121494947627,0.0791294304840462,0.0002048134681526,0.3438609653738705,0.0558124012097411,-9.139546208762388,-8.072028335029975,-4.066205395550156,0.0002198740537316,0.7043870242326339,0.0216881642479252,9.227544103108322e-05,-1.0675178737330473,1,0,1,300.0,150.0,16275.0,2550.0,16350.0,6600.0,54975.0,43500.0,257625.0,289200.0,1096950.0,571350.0,869025.0,329925.0,505125.0,226800.0,326625.0,210675.0,540750.0,161550.0,461475.0,236250.0,119625.0,444450.0,109200.0,232725.0,127500.0,403275.0,199950.0,483225.0,424200.0,853200.0,240525.0,310050.0,34950.0,42075.0,9000.0,32100.0,2850.0,10125.0,675.0,2025.0,0.1468851191958693,23.6,236250.0,0.1453851858990259,28.9,119625.0,0.1437009929658969,35.1,444450.0,0.1425746025839036,42.9,109200.0,0.1413208156499407,52.0,232725.0,0.1400007504604619,62.6,127500.0,0.1389477785645364,75.2,403275.0,0.1383714967525013,90.25,199950.0,0.1368801224218775,106.4,483225.0,0.1361233765758446,125.6,424200.0,0.1349418316937874,323.6,1950150.0,0.1339052157330136,150.65,571350.0,0.132969140281332,126.95,869025.0,0.1322602560592635,106.0,329925.0,0.1306507410488174,86.5,505125.0,0.1297935951744437,70.25,226800.0,0.128803202277766,56.15,326625.0,0.1276889986317906,44.1,210675.0,0.1274816110415327,34.75,540750.0,0.1272076168900856,27.0,161550.0,0.1268382750308546,20.65,461475.0,0.0019382907280901,-0.0019726914124554,0.0039109821405455,-1.7200342182610573e-05,0.1349246313516048,0.004005946870749,-0.0042910906449699,0.008297037515719,-0.0001425718871104,0.1347992598066769,0.0063789839561533,-0.0061386294160213,0.0125176133721747,0.000120177270066,0.1350620089638534,0.0087591612721095,-0.0074602206522547,0.0162193819243642,0.0006494703099274,0.1355913020037148,0.0119432875020819,-0.0081035566629328,0.0200468441650147,0.0019198654195745,0.1368616971133619,0.1343821662445418,-0.0083643472692545,-0.0001230635893818,0.0001704518752282,0.7068406191172725,low,4,0.0261763179022042,252,rr_only,0920_open,500,279.35,389.15000000000146,-109.80000000000143,220.64999999999998
2025-02-28,22320.05,22319.6,-0.0049759579853393,0.2923957590956275,0.0061111149224576,-5.535507116618056,-5.106139681800772,-4.4595009781772825,-0.0006861002797055,611.0,530.0,521.95,477.25,430.1,387.65,345.35,307.0,270.0,235.9,201.7,171.6,142.75,117.85,95.7,76.25,60.6,46.15,35.65,27.05,20.3,15.7,18.95,23.2,28.25,34.75,42.35,51.6,62.55,74.25,88.9,106.1,126.35,148.55,173.6,201.6,231.55,263.4,301.85,338.9,378.7,423.45,2025-03-06,0.014696754661696,0.1212301722414683,4.986666666666666,22529.2,0.1278188041862488,22395.69837889509,22300,0.0171423135464231,0.0163376467036026,-4.114283220509596,4.986666666666666,-1.2296470549886185,0.0049759579853393,2025,0.0065886319447805,0.0002908246689668,0.0002800650624038,0.1302509513318942,-1.075960656305282e-05,1.0384182392144934,-0.0024321471456454,-8.14278998451742,-8.180488616059753,-4.066205395550156,0.000199243983267,0.7114203448187352,0.0200090910273518,8.082107913682003e-05,0.0376986315421579,0,1,0,1800.0,0.0,375.0,75.0,21825.0,1875.0,17925.0,9900.0,98475.0,77250.0,516900.0,397125.0,567825.0,338250.0,668775.0,256200.0,724050.0,242925.0,1242900.0,307425.0,620775.0,236850.0,207600.0,306000.0,239700.0,1215225.0,214425.0,369825.0,204150.0,508500.0,380925.0,1009275.0,617325.0,754350.0,355050.0,337800.0,66975.0,149250.0,16425.0,32175.0,13425.0,103575.0,0.1473401538127371,15.7,236850.0,0.1446453260208558,18.95,207600.0,0.1425474017111148,23.2,306000.0,0.140326609241469,28.25,239700.0,0.1387172004962509,34.75,1215225.0,0.136878446382224,42.35,214425.0,0.1352858772436946,51.6,369825.0,0.1337221944174879,62.55,204150.0,0.1310532191775371,74.25,508500.0,0.1293114296635763,88.9,380925.0,0.1278188041862488,307.79999999999995,1526175.0,0.1268278503330861,126.35,617325.0,0.1239750087497646,142.75,567825.0,0.1225153802236424,117.85,338250.0,0.1210157724855574,95.7,668775.0,0.1194200270551294,76.25,256200.0,0.1188718111971635,60.6,724050.0,0.1169155085675946,46.15,242925.0,0.1167188191683327,35.65,1242900.0,0.1164206150053493,27.05,307425.0,0.1163103946020753,20.3,620775.0,0.0032344149912883,-0.0038437954364841,0.0070782104277725,-0.0003046902225979,0.1275141139636509,0.0074670730574457,-0.0068030317006913,0.0142701047581371,0.0003320206783772,0.128150824864626,0.010898396310002,-0.0089469929890852,0.0198453892990873,0.0009757016604584,0.1287945058467072,0.0147285975248659,-0.011099985017916,0.025828582542782,0.0018143062534749,0.1296331104397237,0.0195213496264883,-0.0115084095841734,0.0310297592106618,0.0040064700211574,0.1318252742074062,0.1245646050020691,-0.0122287578264803,0.0012245045316212,0.0003866549479899,0.7100756631301665,low,5,0.0261763179022042,252,rr_only,0920_open,500,271.79999999999995,229.20000000000073,42.59999999999923,228.20000000000005
2025-03-07,22560.35,22540.5,0.0023031086358815,0.187909670083863,0.0047915750143503,-4.021852982019947,-4.113327098623146,-4.4587093300479035,0.008135823920397,543.0,501.95,454.75,415.65,375.95,330.8,295.0,259.8,225.55,194.55,169.15,140.15,116.2,96.0,77.5,61.8,48.85,39.15,30.35,22.7,17.05,24.45,29.9,36.05,42.75,51.75,63.0,75.8,90.05,107.3,125.6,145.95,170.6,198.4,227.45,259.8,292.55,330.0,365.6,405.3,450.95,494.6,2025-03-13,0.0098445460668506,0.0992196858836526,4.986666666666666,22383.3,0.1335994386971651,22573.223874376217,22550,0.0171423135464231,0.0178488100201975,-4.025818438513884,4.986666666666666,-1.6717939098961874,0.0023031086358815,2025,0.0343797528135124,0.0001948074195239,0.0003059698977967,0.106602657063427,0.0001111624782728,0.6366881870625062,0.026996781633738,-8.543499079576021,-8.092023834064046,-4.066205395550156,0.0002159163550731,0.7056784233609514,0.0213696738666081,9.005354272363211e-05,-0.4514752455118805,1,0,1,525.0,7500.0,6450.0,21900.0,10950.0,68550.0,49950.0,224250.0,187050.0,1288275.0,1177350.0,1338000.0,611100.0,1130550.0,489675.0,897525.0,418800.0,1030875.0,353550.0,1021650.0,310875.0,235725.0,369450.0,193050.0,514725.0,308625.0,874875.0,405300.0,866100.0,624075.0,1704225.0,1130775.0,791175.0,173625.0,180600.0,51525.0,62700.0,67275.0,13875.0,1050.0,10725.0,375.0,0.1492918349067911,24.45,235725.0,0.1477534599096122,29.9,369450.0,0.145722610446275,36.05,193050.0,0.1429514248277916,42.75,514725.0,0.1414698687682758,51.75,308625.0,0.140720273857146,63.0,874875.0,0.1396772424442294,75.8,405300.0,0.1381470898913259,90.05,866100.0,0.1374369119178724,107.3,624075.0,0.1356480946595239,125.6,1704225.0,0.1335994386971651,315.1,2308125.0,0.1299513280454933,140.15,1338000.0,0.1283803249442524,116.2,611100.0,0.1277956390985827,96.0,1130550.0,0.1264307360460219,77.5,489675.0,0.125335029768792,61.8,897525.0,0.1246588331306022,48.85,418800.0,0.1253748683243208,39.15,1030875.0,0.1250243487740243,30.35,353550.0,0.1238670282509665,22.7,1021650.0,0.12352037306916,17.05,310875.0,0.0038374732207073,-0.0052191137529126,0.0090565869736199,-0.0006908202661026,0.1329086184310624,0.0060778037470643,-0.0071687026511431,0.0132465063982075,-0.0005454494520394,0.1330539892451256,0.0078704300711107,-0.0089406055665628,0.0168110356376736,-0.000535087747726,0.133064350949439,0.0121231717491099,-0.0085750899231407,0.0206982616722506,0.0017740409129846,0.1353734796101497,0.015692396209626,-0.010079065628005,0.0257714618376311,0.0028066652908104,0.1364061039879755,0.1322783398176778,-0.0123876086436281,-5.420517220462066e-05,0.0008929954658119,0.7062099456838311,low,5,0.0261763179022042,252,rr_only,0920_open,500,273.6,166.70000000000073,106.8999999999993,226.39999999999998
2025-03-21,23195.0,23187.1,0.001276795073175,0.0231026251225478,0.0028389570758784,-4.643681828666225,-4.769628628694289,-4.562354028961913,0.0110206747234949,525.0,478.7,428.2,385.0,348.4,302.15,264.05,230.6,195.65,165.35,138.65,115.5,90.35,71.8,57.25,43.5,33.4,25.75,19.9,14.8,11.4,17.15,20.6,25.2,31.5,38.65,49.0,60.65,74.15,91.6,111.05,132.7,157.0,187.3,218.95,251.25,285.0,328.85,371.5,407.0,453.45,500.6,2025-03-27,0.0121359098195346,0.1101631055278247,4.986666666666666,23601.05,0.1120457588471692,23205.956122954245,23200,0.0171423135464231,0.012554252075638,-4.377695859979956,4.986666666666666,-3.7678090262423782,0.001276795073175,2025,0.0018826533193444,0.000240149749868,0.0002152089254214,0.1183603803523,-2.494082444661955e-05,1.11589121779118,-0.0063146215051308,-8.334247871419509,-8.443901255530113,-4.066205395550156,0.0001568433271118,0.7287956426746117,0.016392822615375,5.836559830960352e-05,0.1096533841105321,0,1,0,5925.0,1275.0,23325.0,1200.0,38475.0,19950.0,177975.0,75975.0,476175.0,723150.0,1595775.0,602250.0,887700.0,375675.0,607800.0,415125.0,834075.0,368700.0,686400.0,236325.0,511350.0,188100.0,127650.0,476100.0,147225.0,339000.0,188850.0,552225.0,260175.0,555225.0,470175.0,944700.0,166125.0,147375.0,54300.0,71700.0,5100.0,24375.0,1875.0,1875.0,0.0,300.0,0.1284355727475221,17.15,188100.0,0.1251041005635577,20.6,127650.0,0.1223918645895967,25.2,476100.0,0.1206086271866311,31.5,147225.0,0.1181889955261679,38.65,339000.0,0.1176071959858504,49.0,188850.0,0.1162618528919802,60.65,552225.0,0.1146130416195902,74.15,260175.0,0.1143276788353572,91.6,555225.0,0.113437235150735,111.05,470175.0,0.1120457588471692,271.35,2540475.0,0.112516762890093,115.5,602250.0,0.1088259000322123,90.35,887700.0,0.1081859428513249,71.8,375675.0,0.1087024168581796,57.25,607800.0,0.1074746861812152,43.5,415125.0,0.1076190677371493,33.4,834075.0,0.1084336459387244,25.75,368700.0,0.109646730468845,19.9,686400.0,0.1099449166210798,14.8,236325.0,0.1115029867749992,11.4,511350.0,0.002281919988188,-0.0032198588149568,0.0055017788031448,-0.0004689694133843,0.1115767894337848,0.004216094044811,-0.0033433419889895,0.0075594360338005,0.0004363760279107,0.1124821348750799,0.0061432366789987,-0.0044266911100198,0.0105699277890185,0.0008582727844894,0.1129040316316586,0.0103461057424275,-0.0023990283783241,0.0127451341207517,0.0039735386820517,0.1160192975292209,0.0163898139003529,-0.0005427720721699,0.0169325859725228,0.0079235209140915,0.1199692797612607,0.11188648243067,-0.0065250862447419,0.000917761310815,0.0007010881614069,0.752339179616816,low,5,0.026389594096335817,252,rr_only,0920_open,500,242.80000000000004,401.0499999999993,-158.24999999999923,257.19999999999993
2025-03-28,23604.9,23602.3,0.0001609847070736,0.0192271125410206,0.0023320932571203,-4.995730740703151,-4.505788731264205,-4.577490509737305,0.0058110854300421,575.55,533.9,487.05,442.15,402.25,363.5,322.5,284.75,248.5,218.25,186.75,161.3,136.65,115.4,97.0,80.05,67.0,55.4,46.4,38.75,32.4,23.5,28.0,32.95,39.5,47.1,56.2,67.05,80.15,96.2,113.4,133.95,156.05,181.7,210.3,241.9,276.3,312.55,350.95,392.95,436.3,478.55,2025-04-03,0.0132904497285725,0.1152842128332086,3.986666666666667,23241.6,0.1289398466150004,23652.854334787244,23600,0.0171423135464231,0.0166254840450998,-4.096818577369341,3.986666666666667,-3.951433884528749,0.0001609847070736,2025,0.0136556337817917,0.0002102563211028,0.0002849992603621,0.1107489999762634,7.474293925934178e-05,0.7377433921605125,0.0181908466387369,-8.46718319486487,-8.163023972919499,-4.066205395550156,0.0002024301553405,0.7102830901502836,0.0202715431277474,8.256910502157843e-05,-0.3041592219452413,1,0,0,1350.0,2550.0,1575.0,600.0,7950.0,1275.0,38100.0,38400.0,145875.0,183975.0,819450.0,438675.0,522525.0,201900.0,427650.0,217425.0,336525.0,231525.0,389850.0,172800.0,287175.0,238875.0,95775.0,200700.0,143850.0,246750.0,224100.0,323850.0,211950.0,602850.0,326250.0,888225.0,350325.0,327000.0,56250.0,75300.0,29250.0,18225.0,2175.0,14400.0,1725.0,975.0,0.1465514406944143,23.5,238875.0,0.1440969911378441,28.0,95775.0,0.1411070858054109,32.95,200700.0,0.1390286995072426,39.5,143850.0,0.1368027385440765,47.1,246750.0,0.1347633138874001,56.2,224100.0,0.1329342965506643,67.05,323850.0,0.1315600038049222,80.15,211950.0,0.1310142774100265,96.2,602850.0,0.1295481423024257,113.4,326250.0,0.1289398466150004,320.7,1707675.0,0.1276003371340585,156.05,350325.0,0.1287759914461332,136.65,522525.0,0.1287608913651825,115.4,201900.0,0.1291268254030108,97.0,427650.0,0.1287481241499453,80.05,217425.0,0.1299914528028764,67.0,336525.0,0.1308288093057577,55.4,231525.0,0.1326830684831223,46.4,389850.0,0.1345208884124182,38.75,172800.0,0.1365150059591972,32.4,287175.0,0.0020744307950261,-0.0001638551688671,0.0022382859638933,0.0009552878130794,0.1298951344280798,0.0039944499356639,0.0001869787880103,0.0038074711476535,0.0020907143618371,0.1310305609768375,0.0078628919290761,0.001051606187876,0.0068112857412001,0.0044572490584761,0.1333970956734765,0.0121672391904105,0.0037432218681219,0.0084240173222886,0.0079552305292662,0.1368950771442666,0.0176115940794139,0.0075751593441968,0.010036434735217,0.0125933767118053,0.1415332233268058,0.1285043645234948,-0.002323594809854,0.0077223925298631,0.0003814076391634,0.7162086260733366,low,4,0.0266243864193585,252,rr_only,0920_open,500,264.8,358.40000000000146,-93.60000000000144,235.2
2025-04-04,23094.65,23071.75,-0.0041460878565867,0.1709998987843426,0.0052393086710558,-4.270569815575546,-4.4944087825608054,-4.4861638403751,-0.0038305996286617,515.2,515.2,464.55,416.15,372.75,334.9,298.85,261.95,228.55,198.6,169.0,142.9,119.55,99.65,81.35,65.8,53.65,42.85,34.25,27.05,21.6,25.1,30.1,36.0,43.15,52.1,62.35,74.7,89.05,106.05,125.6,146.3,169.85,197.4,226.5,259.1,293.85,329.95,368.8,410.15,452.5,498.0,2025-04-09,0.1482446759502111,0.385025552334142,3.986666666666667,22420.4,0.1423641522256669,23122.71962480242,23100,0.0144025875190258,0.0202675518389328,-3.898734103368771,3.986666666666667,-1.7660923143840812,0.0041460878565867,2025,-0.242661400108475,0.0023452464607996,0.0002919051891566,0.4035282863843925,-0.002053341271643,8.034274647790836,-0.2611641341587256,-6.055364782052355,-8.139081503089823,-4.240347399721049,0.0002051546217469,0.7028125205300992,0.0230147106982981,8.675056740964108e-05,2.0837167210375274,0,1,0,0.0,3075.0,900.0,8400.0,3075.0,35550.0,38250.0,73725.0,81750.0,523950.0,366375.0,1386750.0,720525.0,1259625.0,691650.0,1203825.0,428550.0,862125.0,470325.0,1117800.0,367125.0,403950.0,808500.0,581250.0,1096200.0,615450.0,1393575.0,804900.0,1413375.0,1189575.0,2970225.0,1604850.0,3373800.0,1313025.0,1258500.0,314850.0,491925.0,50775.0,67275.0,22200.0,58650.0,6825.0,0.1600538104097954,25.1,403950.0,0.1575322399256161,30.1,808500.0,0.1549603809481199,36.0,581250.0,0.1526222876669938,43.15,1096200.0,0.1509294961893986,52.1,615450.0,0.1489575600418053,62.35,1393575.0,0.1474154552914991,74.7,804900.0,0.1459415805509752,89.05,1413375.0,0.1449798960380537,106.05,1189575.0,0.1442470905694159,125.6,2970225.0,0.1423641522256669,315.3,1971225.0,0.1410902519217373,142.9,1386750.0,0.1399976813404916,119.55,720525.0,0.1397548693502385,99.65,1259625.0,0.1386786988848526,81.35,691650.0,0.137948282407467,65.8,1203825.0,0.1385509061384819,53.65,428550.0,0.1384806301158795,42.85,862125.0,0.1390048735610778,34.25,470325.0,0.1393872529101219,27.05,1117800.0,0.1405858334000161,21.6,367125.0,0.0026157438123868,-0.0023664708851752,0.004982214697562,0.0001246364636057,0.1424887886892726,0.0050513030658322,-0.0036854533408142,0.0087367564066465,0.0006829248625089,0.1430470770881758,0.0085653439637317,-0.0038132460871849,0.0123785900509166,0.0023760489382734,0.1447402011639403,0.012596228722453,-0.003359278664589,0.0159555073870421,0.0046184750289319,0.1469826272545988,0.0176896581841285,-0.0017783188256507,0.0194679770097793,0.0079556696792388,0.1503198219049057,0.1418571142147658,-0.0080673558359878,0.0035310603269026,0.0003565451658317,0.7022474553722468,low,4,0.0260374056118018,252,rr_only,0920_open,500,268.59999999999997,500.0,-231.40000000000003,231.40000000000003
2025-04-11,22766.05,22766.3,0.0030707761720765,0.0740012229827637,0.0038500482352011,-3.855864942409202,-3.045572618674373,-4.220549614611621,-0.0056396310266629,638.25,592.85,555.0,514.65,475.75,437.65,401.55,367.25,333.9,300.0,271.25,242.55,216.85,192.75,170.0,149.8,130.55,115.65,101.0,88.05,76.8,71.5,79.2,88.4,97.65,109.15,120.2,133.45,148.35,164.75,183.4,202.3,224.35,248.15,274.05,303.45,331.35,365.4,397.65,432.3,471.05,508.05,2025-04-17,0.0293537025524754,0.1713292227043463,3.986666666666667,23837.75,0.1978122153733515,22819.02095423448,22750,0.0171423135464231,0.0391296725509132,-3.2408742110311395,3.986666666666667,-2.603673659120429,0.0030707761720765,2025,0.0264829926690052,0.000464378680592,0.0006707731158366,0.1645892322539336,0.0002063944352445,0.6923036562264073,0.0332229831194178,-7.674810216618797,-7.307079606581296,-4.066205395550156,0.0004405088404388,0.6567180914659322,0.0375088658221877,0.0002302642753977,-0.3677306100376248,1,0,1,450.0,13425.0,7800.0,102150.0,25125.0,135375.0,21750.0,97425.0,68625.0,300300.0,369825.0,658650.0,226950.0,391125.0,258675.0,743325.0,158775.0,249450.0,208050.0,488175.0,162825.0,97200.0,238800.0,132225.0,347850.0,138525.0,480825.0,117900.0,313050.0,210675.0,493050.0,436500.0,689700.0,109800.0,130800.0,24600.0,86550.0,5850.0,15150.0,2325.0,11850.0,975.0,0.2244117522833807,71.5,97200.0,0.2211760168781249,79.2,238800.0,0.2186958468506778,88.4,132225.0,0.2152555781078576,97.65,347850.0,0.2131141608279644,109.15,138525.0,0.2094248296096337,120.2,480825.0,0.2067433439576457,133.45,117900.0,0.2043902284803919,148.35,313050.0,0.202130623077415,164.75,210675.0,0.2005332385002097,183.4,493050.0,0.1978122153733515,473.55,806325.0,0.1963849800776899,224.35,689700.0,0.1947156943250229,216.85,226950.0,0.1936237920348094,192.75,391125.0,0.1922107276287148,170.0,258675.0,0.191512790976799,149.8,743325.0,0.1901545626172386,130.55,158775.0,0.1912981273586636,115.65,249450.0,0.1912915714506489,101.0,208050.0,0.1915480755151559,88.05,488175.0,0.1922021102043057,76.8,162825.0,0.0043184077040635,-0.0030965210483286,0.0074149287523921,0.0006109433278674,0.198423158701219,0.0089311285842942,-0.0056014877446367,0.0145326163289309,0.0016648204198287,0.1994770357931802,0.0153019454546129,-0.0076576527561128,0.0229595982107257,0.00382214634925,0.2016343617226015,0.0208836314773263,-0.0065206439227025,0.0274042754000288,0.0071814937773118,0.2049937091506634,0.0265995369100292,-0.0056101051690458,0.032209642079075,0.0104947158704916,0.2083069312438432,0.1957326749651107,-0.0186845938296654,0.0130637895886504,0.0002666353129351,0.6309948636177436,high,4,0.028353087416208702,252,rr_only,0920_open,500,325.25,500.0,-174.75,174.75
2025-04-21,23959.4,23953.2,0.0004696186664257,0.0639792373156565,0.0038794468454969,-4.256155673249756,-3.694614141209166,-4.06490450060574,0.0171123708761306,528.35,484.8,440.55,401.0,359.95,322.35,284.75,248.05,219.15,186.95,162.65,136.35,117.0,96.7,80.8,68.2,55.6,46.65,38.05,31.7,26.25,39.35,44.85,52.05,60.0,70.15,80.7,94.1,110.85,127.45,148.95,171.0,198.65,225.7,258.15,292.1,326.15,359.15,405.95,441.0,485.9,529.45,2025-04-24,0.0097161917037542,0.0985707446647037,3.986666666666667,24245.05,0.1849328229596111,23941.64552831219,23950,0.0089231354642313,0.0342001490078108,-3.375525277969535,3.986666666666667,-2.749196665199891,0.0004696186664257,2025,0.0863620782949073,0.0001537111809218,0.0003051725624935,0.1312483905414668,0.0001514613815717,0.5036861101333564,0.0536844324181443,-8.780435164965809,-8.094633162681756,-4.719107884712219,0.0002087424797381,0.6840145720587631,0.0319838109068239,9.643008275546132e-05,-0.6858020022839204,1,0,1,3750.0,40200.0,5925.0,21675.0,21375.0,84450.0,52650.0,167400.0,126975.0,420975.0,805275.0,1440525.0,386850.0,572475.0,273975.0,629250.0,198075.0,423900.0,162375.0,321000.0,167325.0,178050.0,669000.0,238425.0,352275.0,216450.0,412650.0,297300.0,647475.0,320700.0,626100.0,686325.0,781800.0,103575.0,122550.0,22125.0,41475.0,4425.0,6075.0,450.0,3975.0,0.0,0.2166998301828063,39.35,178050.0,0.2115069104837308,44.85,669000.0,0.2076694297296251,52.05,238425.0,0.2032904947804432,60.0,352275.0,0.2002683789729437,70.15,216450.0,0.1958110560173947,80.7,412650.0,0.1929463960220687,94.1,297300.0,0.1918293904054081,110.85,647475.0,0.1881296129775761,127.45,320700.0,0.1875175372164729,148.95,626100.0,0.1849328229596111,333.65,1491600.0,0.1814954508748138,136.35,1440525.0,0.1831652085588002,117.0,386850.0,0.1810656925355218,96.7,572475.0,0.1814815557429464,80.8,273975.0,0.1835453814668714,68.2,629250.0,0.1831077350084515,55.6,198075.0,0.1855276810805919,46.65,423900.0,0.1862353755152499,38.05,162375.0,0.1886641193758811,31.7,321000.0,0.1908677766902396,26.25,167325.0,0.003196790017965,-0.0017676144008108,0.0049644044187759,0.000714587808577,0.1856474107681882,0.0080135730624576,-0.0034512672166646,0.0114648402791222,0.0022811529228964,0.1872139758825076,0.0153355560133326,-0.0018250879511595,0.0171606439644922,0.0067552340310865,0.1916880569906976,0.022736606770014,0.0013025525556387,0.0214340542143752,0.0120195796628264,0.1969524026224375,0.0317670072231952,0.0059349537306285,0.0258320534925667,0.0188509804769118,0.2037838034365229,0.1848298363220617,-0.0123382847915966,0.0136075114181675,0.0009150188244307,0.6606714811410033,middle,4,0.02745882167446776,252,rr_only,0920_open,500,268.04999999999995,295.0499999999993,-26.999999999999318,231.95000000000005
2025-05-05,24435.8,24446.3,0.0007122915620336,0.0399305385747471,0.0024594901486753,-3.491957763057262,-4.039556013517738,-3.936078669261823,0.0028914432249286,509.85,466.2,422.5,377.3,335.3,292.5,253.7,217.8,184.0,153.35,127.85,103.65,83.4,67.25,54.25,43.7,34.7,28.45,22.9,18.45,15.1,33.35,38.25,42.4,48.4,56.2,65.0,76.35,89.2,107.15,125.6,148.05,176.3,206.4,239.95,277.45,314.9,356.4,399.9,447.2,486.85,,2025-05-08,0.0063775855673124,0.0798597869225332,3.986666666666667,24154.1,0.1496053086095383,24429.78918226423,24450,0.0089231354642313,0.0223817483641551,-3.799509457426948,3.986666666666667,-3.2206138700253395,0.0007122915620336,2025,0.069745521687005,0.0001008940785516,0.0001997153725796,0.1063344762000177,9.882129402803146e-05,0.5051893464605566,0.0432708324095205,-9.201439318633442,-8.518617342139171,-4.719107884712219,0.0001420183423903,0.7111037100244778,0.0234476917226258,5.769703018935251e-05,-0.682821976494416,1,0,1,1800.0,18525.0,300.0,5925.0,17250.0,49950.0,47625.0,231150.0,158025.0,971100.0,957150.0,996225.0,445800.0,588000.0,325275.0,422625.0,224850.0,502350.0,175725.0,275925.0,188475.0,203100.0,793950.0,319950.0,407100.0,265125.0,503100.0,357900.0,613425.0,440175.0,998325.0,620250.0,384675.0,59550.0,81750.0,30825.0,16875.0,3825.0,4275.0,900.0,1725.0,,0.1976556822665308,33.35,203100.0,0.1923004582434953,38.25,793950.0,0.1843687347870104,42.4,319950.0,0.178150548015818,48.4,407100.0,0.172975505653035,56.2,265125.0,0.1673153949723431,65.0,503100.0,0.1628700089235133,76.35,357900.0,0.1579145815507785,89.2,613425.0,0.1562226648348709,107.15,440175.0,0.1522256823991208,125.6,998325.0,0.1496053086095383,275.9,1577400.0,0.1474428966925018,103.65,996225.0,0.1464181016086211,83.4,445800.0,0.1469463697900409,67.25,588000.0,0.1483356896512862,54.25,325275.0,0.1501604354595151,43.7,422625.0,0.1515274836603337,34.7,224850.0,0.1549351294435269,28.45,502350.0,0.1574524322300857,22.9,175725.0,0.1601121843457999,18.45,275925.0,0.1634709320266336,15.1,188475.0,0.0066173562253326,-0.0031872070009171,0.0098045632262497,0.0017150746122077,0.151320383221746,0.013264700313975,-0.001269618958252,0.014534319272227,0.0059975406778614,0.1556028492873997,0.0233701970434967,0.0019221750507954,0.0214480219927012,0.012646186047146,0.1622514946566843,0.0347634261774721,0.0078471236205474,0.0269163025569246,0.0213052748990097,0.1709105835085481,0.0480503736569925,0.0138656234170953,0.0341847502398971,0.0309579985370439,0.1805633071465822,0.1504137203865932,-0.0143792588172041,0.0169055708405375,0.0006521341725453,0.718915872090028,middle,4,0.02743154853724828,252,rr_only,0920_open,500,227.44999999999996,295.90000000000146,-68.4500000000015,272.55000000000007
2025-05-12,24562.45,24579.25,0.005769557229422,0.3106844428412119,0.0075135331064287,-4.1029951587663875,-4.74831408692799,-3.993784420254365,-0.0047911862614448,493.25,445.85,401.75,359.85,318.0,279.3,242.55,208.95,177.35,149.4,124.45,102.8,83.75,67.5,54.15,43.45,34.0,27.1,22.0,17.2,13.55,32.65,37.5,42.5,49.3,57.3,68.1,81.2,97.35,117.0,138.1,163.25,191.4,222.3,258.45,294.4,333.0,374.0,418.4,460.9,504.0,561.55,2025-05-15,0.0210391868961442,0.1450489120819052,3.986666666666667,25035.3,0.1547874034080219,24511.17922137882,24550,0.0089231354642313,0.0239591402537977,-3.7314053889413823,3.986666666666667,-1.1689775351556644,0.005769557229422,2025,0.0097384913261167,0.0003328421630659,0.0002137906540911,0.1931347513432928,-0.0001190515089748,1.5568602120655424,-0.0383473479352709,-8.00784216513696,-8.450513273653602,-4.719107884712219,0.0001510818310674,0.7066811770126524,0.0246664080430732,6.270882302371244e-05,0.4426711085166401,0,1,0,225600.0,57300.0,198525.0,83400.0,363150.0,170325.0,980025.0,684375.0,2884200.0,2226075.0,3322950.0,1440300.0,2092950.0,895575.0,1776675.0,841875.0,1233450.0,711375.0,2620425.0,606000.0,1280775.0,601200.0,369525.0,791625.0,456675.0,811050.0,566925.0,1264725.0,756600.0,1745475.0,1069725.0,972075.0,159975.0,175350.0,27600.0,99375.0,15825.0,21600.0,8625.0,61575.0,1725.0,5325.0,0.1904160545555755,32.65,601200.0,0.1848758110633796,37.5,369525.0,0.1782137109052272,42.5,791625.0,0.1729001261979222,49.3,456675.0,0.1675573303588724,57.3,811050.0,0.1639466904945848,68.1,566925.0,0.1608509858416132,81.2,1264725.0,0.1587677204516494,97.35,756600.0,0.1578371872612889,117.0,1745475.0,0.1556000318212976,138.1,1069725.0,0.1547874034080219,287.7,4295025.0,0.1544188476878712,102.8,1440300.0,0.1539257905906466,83.75,2092950.0,0.1536646529943601,67.5,895575.0,0.1540284952274627,54.15,1776675.0,0.1551264339026059,43.45,841875.0,0.1552714202971306,34.0,1233450.0,0.156971946727864,27.1,711375.0,0.1597909134936032,22.0,2620425.0,0.1610266763878397,17.2,606000.0,0.1628250923344852,13.55,1280775.0,0.0030497838532669,-0.0008616128173752,0.0039113966706422,0.0010940855179458,0.1558814889259677,0.0060635824335913,-0.0007589081805592,0.0068224906141505,0.002652337126516,0.157439740534538,0.0127699269508504,0.0004840168891087,0.0122859100617417,0.0066269719199796,0.1614143753280015,0.0234263074972053,0.0050035100855812,0.018422797411624,0.0142149087913933,0.1690023121994152,0.0356286511475535,0.0080376889264633,0.0275909622210902,0.0218331700370084,0.1766205734450304,0.1556413250877556,-0.0086396792618955,0.0093466701954809,0.0003700612375523,0.7092856187480803,middle,4,0.0274724582430775,252,rr_only,0920_open,500,241.49999999999997,485.2999999999993,-243.7999999999993,258.5
2025-05-16,25003.5,25008.5,-0.0024346885909954,0.1977486550203427,0.0028296038554602,-3.381051970347361,-3.549875633720748,-4.116015771710775,0.0140606748607421,580.0,536.05,492.45,453.55,414.3,376.1,341.0,305.35,273.15,241.1,211.5,185.1,162.05,140.6,122.15,104.5,88.7,75.4,64.05,54.9,46.55,52.65,59.05,67.4,76.7,87.3,99.0,112.55,127.4,144.5,164.6,185.2,208.55,234.9,262.8,292.35,324.4,360.85,396.6,437.15,478.9,517.55,2025-05-22,0.010168079636072,0.1008368962040784,4.986666666666666,24637.0,0.1517623108480145,25026.327064486828,25000,0.0171423135464231,0.0230317989939293,-3.770879452962456,4.986666666666666,-1.6207584737716998,0.0024346885909954,2025,0.050925414643936,0.0002012096181952,0.0003948183198921,0.1083402045637281,0.0001936087016968,0.5096258406911348,0.0434221062842864,-8.511163316729744,-7.837084848512616,-4.066205395550156,0.0002721834785384,0.6893891818717879,0.0257548782677877,0.0001226348413537,-0.6740784682174916,1,0,1,29700.0,6675.0,30975.0,32100.0,40725.0,37575.0,64575.0,48375.0,154875.0,151125.0,1172700.0,747375.0,901275.0,382350.0,699300.0,351600.0,644175.0,235500.0,418500.0,206925.0,740400.0,770700.0,273075.0,490050.0,308325.0,588450.0,498825.0,976950.0,402300.0,1068000.0,922050.0,2714025.0,1062450.0,882300.0,136050.0,189825.0,40425.0,85125.0,13725.0,10500.0,2775.0,15975.0,0.1732787088470195,52.65,770700.0,0.1698697945470814,59.05,273075.0,0.1676406179040692,67.4,490050.0,0.1652878071542221,76.7,308325.0,0.163054352563579,87.3,588450.0,0.1606416506843042,99.0,498825.0,0.1586066374834506,112.55,976950.0,0.1563573573739746,127.4,402300.0,0.1545729097161106,144.5,1068000.0,0.1537152565026216,164.6,922050.0,0.1517623108480145,396.7,3886725.0,0.1505589695050819,185.1,747375.0,0.1503804404302427,162.05,901275.0,0.1498900791752539,140.6,382350.0,0.1502281484790947,122.15,699300.0,0.1496765926272024,104.5,351600.0,0.1491109872125445,88.7,644175.0,0.1492189245608746,75.4,235500.0,0.1496869050765953,64.05,418500.0,0.1510018660101727,54.9,206925.0,0.151872603023677,46.55,740400.0,0.0028105988680961,-0.0013818704177717,0.0041924692858679,0.0007143642251621,0.1524766750731767,0.0068443266354361,-0.0015341623689197,0.0083784890043559,0.0026550821332581,0.1544173929812727,0.0112920417155645,-0.0026513236354699,0.0139433653510345,0.0043203590400472,0.1560826698880618,0.0158783070560547,-0.0020754057714191,0.0179537128274739,0.0069014506423178,0.1586637614903323,0.021516397999005,0.0001102921756625,0.0214061058233425,0.0108133450873338,0.1625756559353483,0.1515203643048036,-0.0097885266498703,0.0116182694242587,0.0003355095084327,0.7006118437102742,middle,5,0.028353087416208702,252,rr_only,0920_open,500,297.5,363.0,-65.5,202.5
2025-05-23,24626.5,24662.0,-0.000531808017665,0.0162154147277426,0.0021724565001116,-4.125330036354453,-4.632937083451392,-4.3213986399169,-0.0066325808828385,534.15,498.35,457.0,417.3,381.75,342.0,309.3,276.5,246.45,217.5,190.1,165.35,143.95,123.5,105.7,90.3,76.25,64.75,54.25,45.55,38.2,48.6,57.0,64.9,75.25,87.5,100.4,115.35,132.85,151.7,172.7,196.1,221.85,248.7,279.2,312.6,348.3,380.55,421.7,464.05,500.0,535.05,2025-05-29,0.0155070244283464,0.1245272035675196,4.986666666666666,24880.85,0.1501390948551583,24643.99382559236,24650,0.0171423135464231,0.0225417478039262,-3.7923862310552745,4.986666666666666,-4.121792962754212,0.000531808017665,2025,0.0256118912876386,0.000306858578635,0.0003864177087392,0.1337933159004595,7.955913010429451e-05,0.7941110660692564,0.0163457789546987,-8.08912357242365,-7.858591626605431,-4.066205395550156,0.0002669175321231,0.6907487055755432,0.0253565515369025,0.0001195001766161,-0.2305319458179759,1,0,0,0.0,12450.0,5250.0,23250.0,9300.0,78600.0,38625.0,403200.0,200625.0,1619850.0,1698975.0,1650450.0,683550.0,875850.0,492900.0,800325.0,342675.0,1253925.0,331650.0,530175.0,269250.0,207975.0,392175.0,194775.0,450450.0,303975.0,667950.0,366450.0,1043625.0,504075.0,1854750.0,1268700.0,747075.0,132000.0,171525.0,56100.0,125325.0,9600.0,69525.0,3075.0,6075.0,1200.0,0.1640774436123623,48.6,207975.0,0.1629331207853082,57.0,392175.0,0.1600131235970709,64.9,194775.0,0.158449518068574,75.25,450450.0,0.1573749844611962,87.5,303975.0,0.1555071259125471,100.4,667950.0,0.1540343214629332,115.35,366450.0,0.153222548219593,132.85,1043625.0,0.1519854131147433,151.7,504075.0,0.1509118973087071,172.7,1854750.0,0.1501390948551583,386.2,2967675.0,0.1491662397354764,165.35,1650450.0,0.1492073700518066,143.95,683550.0,0.1483880495842815,123.5,875850.0,0.1481042319857356,105.7,492900.0,0.1482614759290913,90.3,800325.0,0.1480311693649687,76.25,342675.0,0.1486605855458763,64.75,1253925.0,0.1487884340343443,54.25,331650.0,0.1493898881599482,45.55,530175.0,0.150184659511306,38.2,269250.0,0.001846318259585,-0.0009317248033517,0.0027780430629367,0.0004572967281166,0.1505963915832749,0.0038952266077749,-0.0020348628694226,0.0059300894771976,0.000930181869176,0.1510692767243344,0.0072358896060379,-0.0021079254901895,0.0093438150962275,0.0025639820579241,0.1527030769130825,0.0098740287419126,-0.0013506608208139,0.0112246895627266,0.0042616839605493,0.1544007788157076,0.013938348757204,4.5564656147745186e-05,0.0138927841010563,0.0069919567066759,0.1571310515618342,0.1502029924254473,-0.0074668714623252,0.0065768173997165,0.0001724079567853,0.7013556563636514,middle,5,0.02745882167446776,252,rr_only,0920_open,500,299.4,230.84999999999854,68.55000000000143,200.60000000000002
2025-05-30,24805.55,24826.9,-0.0002660135298405,0.0275945972650919,0.0027332907857314,-4.196372333842785,-4.2715631393761555,-4.292534051905528,0.004984095091313,529.9,487.25,447.25,406.0,371.85,336.2,304.8,271.45,242.1,215.4,189.5,167.8,146.65,129.85,110.45,96.8,82.85,69.45,59.85,49.9,42.8,46.85,55.15,65.25,77.55,90.35,104.95,120.55,140.9,161.95,184.75,210.35,237.35,267.25,294.45,330.3,364.6,402.0,438.0,480.4,517.35,517.35,2025-06-05,0.0110425313622117,0.1050834495161426,4.986666666666666,24761.1,0.1544298406879516,24779.12854393345,24800,0.0171423135464231,0.0238485756949061,-3.7360307827222026,4.986666666666666,-3.590135276685596,0.0002660135298405,2025,0.0493463911718089,0.0002185135835696,0.0004088197621976,0.1129027453780422,0.0001903061786279,0.534498582933056,0.0415270953099094,-8.428662377993929,-7.80223617827236,-4.066205395550156,0.0002809376478137,0.68719194567187,0.0264120718693794,0.0001278821143839,-0.6264261997217805,1,0,1,150.0,4125.0,1575.0,36225.0,3975.0,47400.0,22350.0,189300.0,182700.0,1193775.0,657525.0,592050.0,204000.0,660300.0,173400.0,390000.0,162225.0,415950.0,177375.0,343500.0,133950.0,111000.0,338100.0,171525.0,464625.0,222825.0,479250.0,213000.0,583425.0,498150.0,1421550.0,430950.0,310800.0,39750.0,133350.0,7200.0,15450.0,2775.0,33525.0,75.0,4650.0,0.0,0.1578643527498572,46.85,111000.0,0.1566289754742901,55.15,338100.0,0.1559989532710004,65.25,171525.0,0.1561191576852926,77.55,464625.0,0.1552082465646615,90.35,222825.0,0.1544615952833527,104.95,479250.0,0.1531080875063794,120.55,213000.0,0.1541399109969175,140.9,583425.0,0.1541440558226483,161.95,498150.0,0.1539735035925424,184.75,1421550.0,0.1544298406879516,399.85,1088475.0,0.1554084879466275,167.8,592050.0,0.1553036842908989,146.65,204000.0,0.1571872282248535,129.85,660300.0,0.1554492922744659,110.45,173400.0,0.1570859494828623,96.8,390000.0,0.1570513886947786,82.85,162225.0,0.1559876778177335,69.45,415950.0,0.1572624261844782,59.85,177375.0,0.1567553079022179,49.9,343500.0,0.1581903229872402,42.8,133950.0,-0.0002857848653032,0.0008738436029473,-0.0011596284682506,0.000294029368822,0.1547238700567736,-0.0013217531815721,0.0010194515865143,-0.0023412047680864,-0.0001511507975288,0.1542786898904227,0.0007784058767099,0.002621548006827,-0.0018431421301171,0.0016999769417684,0.15612981762972,0.0015691125830488,0.0028325854965266,-0.0012634729134778,0.0022008490397877,0.1566306897277393,0.0034345120619056,0.0037604822992886,-0.0003259702373829,0.0035974971805971,0.1580273378685487,0.154496252149962,0.0022458813402402,0.0040012472956197,0.0006382691164959,0.6990330784469206,middle,5,0.0279127728296431,252,rr_only,0920_open,500,310.2,38.900000000001455,271.29999999999853,189.8
2025-06-06,24749.65,24740.75,6.669951349230448e-05,0.016435618732817,0.0016202091494223,-4.642755956473365,-4.607809617528065,-4.3307863253680745,0.0060397444456695,546.7,496.85,458.0,418.8,377.4,338.4,303.35,268.4,239.05,208.65,183.15,157.45,136.75,117.55,99.3,85.15,71.25,60.3,49.6,41.3,34.75,33.6,39.25,47.15,55.15,66.2,77.85,92.05,109.6,127.0,148.8,170.4,197.8,224.6,254.55,289.05,321.2,359.35,396.0,437.75,479.5,519.65,2025-06-12,0.0067112388581843,0.08192215120579,4.986666666666666,24856.0,0.1367922565631919,24762.763120616237,24750,0.0171423135464231,0.0187121214556501,-3.978583758931985,4.986666666666666,-4.108304425308571,6.669951349230448e-05,2025,0.0548701053574018,0.0001328044091513,0.0003207690531115,0.0880180068412002,0.0001879646439601,0.4140187710227977,0.0487742497219916,-8.926633120032044,-8.044789154482142,-4.066205395550156,0.0002253824721609,0.7026315973275219,0.022128714895537,9.538658095053152e-05,-0.8818439655504263,1,0,1,1050.0,3150.0,2475.0,10050.0,2700.0,67650.0,18900.0,119625.0,77025.0,496650.0,730650.0,548700.0,236400.0,354900.0,257400.0,582225.0,151725.0,299100.0,130050.0,327225.0,132225.0,147225.0,249150.0,172050.0,253725.0,299625.0,543975.0,270675.0,359400.0,218625.0,945150.0,714300.0,419475.0,100500.0,86175.0,21975.0,47700.0,8475.0,8100.0,2400.0,4350.0,1425.0,0.147623902858319,33.6,147225.0,0.1450286635866493,39.25,249150.0,0.1439769398889459,47.15,172050.0,0.1416462049475146,55.15,253725.0,0.1410951433547637,66.2,299625.0,0.1395615282919873,77.85,543975.0,0.1387917196093009,92.05,270675.0,0.1392182755840687,109.6,359400.0,0.1378205580794871,127.0,218625.0,0.1382455657206403,148.8,945150.0,0.1367922565631919,353.55,1444950.0,0.1356644784305716,157.45,548700.0,0.1366840969102025,136.75,236400.0,0.1371877746718914,117.55,354900.0,0.1367437035947676,99.3,257400.0,0.1380904002176487,85.15,582225.0,0.1380360915785768,71.25,151725.0,0.1391573174998757,60.3,299100.0,0.1389349088649173,49.6,130050.0,0.1397601900750316,41.3,327225.0,0.1412951159829067,34.75,132225.0,0.0010283015162952,-0.0001081596529893,0.0011364611692845,0.0004600709316529,0.1372523274948448,0.001999463046109,-4.855296842423695e-05,0.0020480160145333,0.0009754550388424,0.1377677116020343,0.0043028867915718,0.0012438350153848,0.0030590517761869,0.0027733609034783,0.1395656174666702,0.0071846833257539,0.0021426523017254,0.0050420310240285,0.0046636678137396,0.1414559243769316,0.0108316462951271,0.0045028594197148,0.0063287868754122,0.0076672528574209,0.1444595094206129,0.1369376932375945,-0.0018306763879875,0.0055926227565313,0.0005444144246584,0.7377269214953704,low,5,0.027216872417544922,252,rr_only,0920_open,500,285.2,106.0,179.2,214.8
2025-06-13,24604.6,24613.15,0.0052227207722801,0.1966994383970567,0.0060618904849093,-4.758761403961443,-5.092663676500463,-4.5895791631378575,-0.0108358335133877,572.85,519.25,488.05,448.1,408.6,370.6,333.4,298.55,266.4,234.25,206.25,180.2,154.95,134.1,113.9,96.55,81.8,68.4,57.45,47.7,40.05,53.8,60.8,69.4,78.4,88.6,99.2,113.95,128.25,145.3,166.6,185.95,209.6,235.9,263.6,293.05,325.85,361.0,399.55,436.4,479.35,518.05,2025-06-19,0.0054868861972721,0.074073518866543,4.986666666666666,24744.7,0.1525813769476553,24620.320890079187,24600,0.0171423135464231,0.0232810765912424,-3.7601144118598966,4.986666666666666,-1.626078408715466,0.0052227207722801,2025,0.0785078580811122,0.0001085764781894,0.0003990915146253,0.0795853550521311,0.0002905150364359,0.2720590997564244,0.0729960218955241,-9.128055765181488,-7.826319807410057,-4.066205395550156,0.0002748581927821,0.6887096886542022,0.0259563280406985,0.0001242333218431,-1.301735957771312,1,0,1,1200.0,150.0,7275.0,1650.0,25500.0,16875.0,81600.0,50850.0,441375.0,267000.0,1152600.0,484800.0,741675.0,209475.0,660225.0,355200.0,578175.0,240675.0,945525.0,292275.0,577125.0,229575.0,143325.0,390150.0,194325.0,472125.0,231450.0,544650.0,236850.0,1096650.0,417750.0,1310025.0,289050.0,276900.0,130125.0,176325.0,30750.0,83925.0,17325.0,198075.0,39075.0,48675.0,0.1762606541112571,53.8,229575.0,0.1733304784452933,60.8,143325.0,0.1711362708410831,69.4,390150.0,0.1682505701834976,78.4,194325.0,0.1654331526448242,88.6,472125.0,0.1618487922395759,99.2,231450.0,0.1607024816555838,113.95,544650.0,0.1578081059407934,128.25,236850.0,0.1558073242996581,145.3,1096650.0,0.1557215804832969,166.6,417750.0,0.1525813769476553,392.2,2462625.0,0.1514403829075763,180.2,484800.0,0.1493170464307031,154.95,741675.0,0.1490317650686294,134.1,209475.0,0.1476217839015747,113.9,660225.0,0.1469006380807442,96.55,355200.0,0.1467982560388041,81.8,578175.0,0.1462983974179771,68.4,240675.0,0.1465963617389842,57.45,945525.0,0.146600920431812,47.7,292275.0,0.1475384739410167,40.05,577125.0,0.0032259473520028,-0.0032643305169521,0.006490277868955,-1.9191582474625823e-05,0.1525621853651806,0.0081211047079285,-0.0049595930460805,0.013080697754009,0.001580755830924,0.1541621327785793,0.0128517756971689,-0.0057831209088511,0.0186348966060201,0.0035343273941589,0.1561157043418142,0.0185548938934278,-0.0059850152086711,0.0245399091020989,0.0062849393423783,0.1588663162900336,0.0236792771636018,-0.0050429030066385,0.0287221801702404,0.0093181870784816,0.1618995640261369,0.1521395120346381,-0.0145585044710436,0.0079157782541295,0.0005317523965105,0.6484137934057804,middle,5,0.02506547775373678,252,rr_only,0920_open,500,298.34999999999997,144.70000000000073,153.64999999999924,201.65000000000003
2025-06-25,25161.9,25168.2,0.0004571611225342,0.0272235728703969,0.0016910021947865,-3.0790520141274396,-4.494645109890074,-4.601970248794506,0.0045032651264487,524.15,480.0,425.8,387.05,340.0,293.85,249.75,203.95,168.15,130.65,103.85,79.05,58.8,42.55,30.2,21.75,15.55,11.15,7.9,5.7,4.4,5.5,6.8,8.75,11.25,14.55,18.95,25.1,34.45,45.65,62.0,80.0,104.7,134.0,168.0,209.85,250.0,295.65,338.35,385.0,437.45,498.25,2025-06-26,0.0071859003730887,0.0847696901792662,1.9866666666666664,25530.4,0.1552444709617081,25173.8549284201,25150,0.0034436834094368,0.0241008457641806,-3.725508345151902,1.9866666666666664,-3.60367203135721,0.0004571611225342,2025,0.0704747807824418,5.665074897302731e-05,8.299568271150391e-05,0.1282599950554153,2.63449337384766e-05,0.6825746487313976,0.0269844759062927,-9.778605349518038,-9.39672196704458,-5.671213621892677,6.109759039450672e-05,0.7361538383494504,0.0220456341921264,2.1898092316997182e-05,-0.3818833824734593,1,0,1,75.0,8850.0,4200.0,24750.0,13200.0,84825.0,65175.0,575400.0,655200.0,1866525.0,2311350.0,2961525.0,1347825.0,1482600.0,760500.0,995925.0,524400.0,1214100.0,675000.0,1057200.0,398850.0,234000.0,463575.0,413400.0,736050.0,399975.0,670950.0,414600.0,1141875.0,672975.0,1295400.0,1516500.0,1016625.0,263850.0,204975.0,46575.0,60300.0,7725.0,41250.0,6000.0,5550.0,375.0,0.2098127199958327,5.5,234000.0,0.2018824700727535,6.8,463575.0,0.1953531890249002,8.75,413400.0,0.1885539641083995,11.25,736050.0,0.1817936466047014,14.55,399975.0,0.175179005140928,18.95,670950.0,0.1694426723179272,25.1,414600.0,0.1664612129906137,34.45,1141875.0,0.1616311099930895,45.65,672975.0,0.1603759913551719,62.0,1295400.0,0.1552444709617081,183.85,3827850.0,0.1552532788281838,79.05,2961525.0,0.1557169617842539,58.8,1347825.0,0.1561097287892064,42.55,1482600.0,0.1570824511045264,30.2,760500.0,0.1603142402052598,21.75,995925.0,0.1637387271897567,15.55,524400.0,0.1676722010503068,11.15,1214100.0,0.1713062537543715,7.9,675000.0,0.1757580728123994,5.7,1057200.0,0.1824619420522374,4.4,398850.0,0.0063866390313814,0.0004724908225458,0.0059141482088356,0.0034295649269636,0.1586740358886717,0.0141982013562191,0.0018379801428183,0.0123602212134007,0.0080180907495187,0.1632625617112268,0.0265491756429933,0.0084942562280486,0.0180549194149446,0.0175217159355209,0.172766186897229,0.0401087180631921,0.0160617827926634,0.0240469352705287,0.0280852504279278,0.1833297213896359,0.0545682490341246,0.0272174710905293,0.0273507779435953,0.0408928600623269,0.196137331024035,0.1561584359671329,-0.0050336301820408,0.0092180169177685,0.0007624430170215,0.7613318327548695,middle,2,0.0248574276704764,252,rr_only,0920_open,500,173.95,380.40000000000146,-206.45000000000147,326.05
2025-06-27,25597.8,25590.55,0.0007992226603455,0.0573811749558202,0.0033264730025627,-4.524225489638536,-4.339551921952284,-4.691650767859454,0.0115844834840964,551.0,504.55,463.65,420.0,382.9,340.6,300.55,263.7,230.85,202.0,172.95,148.0,125.0,103.35,84.55,68.55,55.95,44.7,36.75,28.9,22.85,31.15,36.25,41.8,49.2,57.75,68.25,80.45,96.0,113.4,130.7,152.4,175.7,202.0,232.05,264.75,296.7,334.0,373.25,412.0,457.9,499.5,2025-07-03,0.0048421450182623,0.0695855230508639,4.986666666666666,25397.4,0.1215795295313144,25620.57114734617,25600,0.0171423135464231,0.0147815820010557,-4.214373332582799,4.986666666666666,-2.858038991890216,0.0007992226603455,2025,0.0519940064804505,9.581810776878836e-05,0.0002533905133742,0.074763405913913,0.0001575724056054,0.3781440216242973,0.0468161236174013,-9.253058874473142,-8.28057872813296,-4.066205395550156,0.0001819275918668,0.7179731768336876,0.0185611846216546,7.146292150742384e-05,-0.972480146339942,1,0,1,2475.0,3225.0,32325.0,3900.0,54600.0,23250.0,73050.0,43200.0,373200.0,438975.0,1121775.0,584550.0,655875.0,437775.0,642525.0,285375.0,511800.0,245400.0,848925.0,241425.0,331500.0,255300.0,119325.0,385950.0,246525.0,374925.0,190875.0,484575.0,280800.0,685350.0,479475.0,1039200.0,243450.0,187950.0,34500.0,46725.0,5325.0,16050.0,1050.0,16875.0,0.0,600.0,0.1407345712932228,31.15,255300.0,0.1379103703204142,36.25,119325.0,0.134614875665144,41.8,385950.0,0.1323226501710294,49.2,246525.0,0.1299578765626041,57.75,374925.0,0.1281166707521646,68.25,190875.0,0.1263292497706855,80.45,484575.0,0.1257870701856725,96.0,280800.0,0.1250263545013041,113.4,685350.0,0.1224988653411281,130.7,479475.0,0.1215795295313144,325.35,2160975.0,0.1213170194321228,148.0,584550.0,0.1206814126547954,125.0,655875.0,0.1191902154701523,103.35,437775.0,0.1179919924161485,84.55,642525.0,0.1171372306083357,68.55,285375.0,0.1173799141974344,55.95,511800.0,0.1170497886804443,44.7,245400.0,0.1184495667026124,36.75,848925.0,0.1182793598711283,28.9,241425.0,0.1186981906310469,22.85,331500.0,0.0034468249699897,-0.0008981168765189,0.0043449418465086,0.0012743540467353,0.1228538835780498,0.004749720239371,-0.0035875371151658,0.0083372573545369,0.0005810915621026,0.122160621093417,0.0083783470312897,-0.0041996153338799,0.0125779623651696,0.0020893658487049,0.1236688953800193,0.0130353461338296,-0.0031299628287019,0.0161653089625316,0.0049526916525638,0.1265322211838782,0.0191550417619084,-0.0028813389002674,0.0220363806621758,0.0081368514308204,0.1297163809621349,0.1215890562479121,-0.0084035411776252,0.0023923141628327,0.00044645493756,0.7764792654251637,low,5,0.024996127725983322,252,rr_only,0920_open,500,271.35,202.59999999999854,68.75000000000148,228.64999999999998
2025-07-04,25411.95,25415.8,-0.0006372593274267,0.0115161345825111,0.002044359912364,-4.700428146211373,-5.282351904571079,-4.8880347350986995,-0.001787953918708,549.5,500.85,458.05,415.95,375.15,335.55,298.95,261.9,229.7,197.15,168.7,143.45,120.3,101.1,82.05,66.95,53.7,42.9,34.45,26.9,21.6,22.75,27.35,33.2,40.55,48.8,59.55,71.25,85.5,101.95,121.8,143.7,166.35,195.55,223.05,256.1,289.75,327.4,365.2,407.1,452.55,489.75,2025-07-10,0.0041709851928163,0.0645831649334125,4.986666666666666,25348.15,0.1175579289029675,25425.025726698503,25400,0.0171423135464231,0.0138198666479551,-4.281648109896463,4.986666666666666,-4.464006219733013,0.0006372593274267,2025,0.052974763969555,8.253695566737016e-05,0.000236904487249,0.069388820596958,0.0001543675315816,0.3483976037170568,0.0481691083060094,-9.402264417438888,-8.347853505446624,-4.066205395550156,0.0001711425249167,0.7224114954686401,0.0176398097637121,6.576196233221894e-05,-1.0544109119922562,1,0,1,450.0,75.0,7425.0,750.0,3825.0,4800.0,32025.0,26850.0,80550.0,124125.0,817575.0,574275.0,717075.0,301950.0,515625.0,210300.0,422550.0,165900.0,1392975.0,191475.0,1408725.0,252525.0,165750.0,557025.0,188625.0,365925.0,260025.0,448350.0,355950.0,662925.0,473550.0,1555350.0,791025.0,573975.0,75375.0,91350.0,23475.0,28125.0,4050.0,14175.0,2625.0,2625.0,0.129995892597477,22.75,252525.0,0.1277691117932634,27.35,165750.0,0.1260040239494767,33.2,557025.0,0.1246732643645316,40.55,188625.0,0.1228491170863727,48.8,365925.0,0.1220093837209505,59.55,260025.0,0.1203900223750656,71.25,448350.0,0.1193181170487362,85.5,355950.0,0.1182838326923328,101.95,662925.0,0.1180846425878419,121.8,473550.0,0.1175579289029675,312.4,2372925.0,0.1172352352980488,143.45,574275.0,0.1165700728082562,120.3,717075.0,0.1170159118598538,101.1,301950.0,0.1156209468995051,82.05,515625.0,0.1155132459832072,66.95,210300.0,0.1150923816461384,53.7,422550.0,0.1150869922006276,42.9,165900.0,0.1157526638912908,34.45,1392975.0,0.1156683495574055,26.9,191475.0,0.1169073744387482,21.6,1408725.0,0.0007259037893653,-0.0009878560947113,0.0017137598840766,-0.0001309761526729,0.1174269527502945,0.0028320934720981,-0.0019369820034624,0.0047690754755605,0.0004475557343178,0.1180054846372853,0.0052911881834052,-0.002465547256829,0.0077567354402343,0.001412820463288,0.1189707493662556,0.0084460950465092,-0.0018052650116766,0.0102513600581858,0.0033204150174162,0.1208783439203838,0.0124379636945095,-0.0006505544642192,0.0130885181587288,0.0058937046151451,0.1234516335181126,0.1172382092024217,-0.0043528529060134,0.0025463140440017,0.0003767741797075,0.7869792151062274,low,5,0.0248574276704764,252,rr_only,0920_open,500,268.04999999999995,51.849999999998545,216.2000000000014,231.95000000000005
2025-07-11,25288.45,25299.1,0.0013235876494205,0.0156500139355526,0.0021155903189005,-5.305812988705694,-5.4532360206302055,-4.9954529862798545,-0.0045854668167177,520.65,473.0,425.1,380.85,336.8,296.05,257.1,219.7,186.7,155.35,128.85,104.45,84.55,66.95,52.05,41.05,31.35,24.75,19.25,15.25,12.15,16.55,19.9,24.3,29.6,36.7,45.15,55.75,69.65,85.8,105.4,127.5,153.55,183.2,215.05,251.9,289.75,331.1,372.35,418.5,465.0,510.95,2025-07-17,0.0044342989838517,0.0665905322388383,4.986666666666666,25109.5,0.0970894860706902,25301.35138924172,25300,0.0171423135464231,0.0094263683054707,-4.664244377886127,4.986666666666666,-4.15728347154572,0.0013235876494205,2025,0.0304989538318519,8.774750370161565e-05,0.0001615897610964,0.0715455567985982,7.38422573948281e-05,0.5430263842598552,0.0255439292720919,-9.341047143867783,-8.73044977343629,-4.066205395550156,0.0001208981123495,0.7481792876551762,0.0131096460853556,4.0691648746936374e-05,-0.6105973704312219,1,0,1,3225.0,75.0,1275.0,1275.0,130725.0,10200.0,87375.0,56550.0,558525.0,854100.0,1828950.0,709950.0,932025.0,441750.0,981375.0,326250.0,686850.0,336000.0,502875.0,234075.0,471300.0,368025.0,87750.0,346950.0,166425.0,727725.0,241500.0,376200.0,277875.0,873750.0,898200.0,1452225.0,413025.0,348450.0,75150.0,162225.0,16425.0,21975.0,1575.0,8925.0,1275.0,5175.0,0.115801700562948,16.55,368025.0,0.1126926269988737,19.9,87750.0,0.1100262965106099,24.3,346950.0,0.1072551677620028,29.6,166425.0,0.1051862868905818,36.7,727725.0,0.102917083174504,45.15,241500.0,0.1009839626293855,55.75,376200.0,0.100033379110092,69.65,277875.0,0.0988260806962149,85.8,873750.0,0.0981416184989454,105.4,898200.0,0.0970894860706902,256.35,3281175.0,0.0963137968144925,104.45,709950.0,0.0966342779171104,84.55,932025.0,0.0964430978848529,66.95,441750.0,0.0961570500178198,52.05,981375.0,0.0971873761522616,41.05,326250.0,0.0973717603280486,31.35,686850.0,0.099088887904418,24.75,336000.0,0.1004709708263581,19.25,502875.0,0.1024829522762831,15.25,234075.0,0.1046513436299726,12.15,471300.0,0.0017365946255247,-0.0004552081535798,0.0021918027791045,0.0006406932359724,0.0977301793066627,0.0038944765586953,-0.0009324360528703,0.0048269126115656,0.0014810202529124,0.0985705063236026,0.0080968008198916,0.0002822742573583,0.0078145265625332,0.004189537538625,0.1012790236093152,0.0129368104399197,0.0033814847556679,0.0095553256842517,0.0081591475977938,0.105248633668484,0.0187122144922578,0.0075618575592824,0.0111503569329753,0.0131370360257701,0.1102265220964603,0.0971062805532645,-0.0038767147627383,0.0046781798665672,0.0002412030347793,0.8998154569499157,low,5,0.0260374056118018,252,rr_only,0920_open,500,227.65,190.5,37.150000000000006,272.35
2025-07-18,25087.3,25094.1,-0.0008706314756933,0.0133595399737049,0.0024932467074974,-5.635161015620675,-5.327924578358708,-5.110184477823023,-0.0035401925936312,528.6,488.7,439.4,393.35,350.75,308.05,267.95,230.5,195.8,164.5,136.3,111.0,88.75,70.15,54.55,42.35,32.75,25.35,19.9,15.45,11.9,14.5,17.55,21.7,26.8,33.45,41.35,51.5,64.3,79.65,98.0,119.05,144.6,172.5,203.9,238.45,275.55,315.85,357.7,402.7,448.5,495.3,2025-07-24,0.0050293149899827,0.0709176634554662,4.986666666666666,25051.9,0.0973095682948128,25117.26775142197,25100,0.0171423135464231,0.0094691520817228,-4.659715913097728,4.986666666666666,-4.31552454457239,0.0008706314756933,2025,0.0263919048393466,9.952189451076876e-05,0.0001623231740036,0.0761946713472529,6.28012794928885e-05,0.6131095890752263,0.0211148969475598,-9.215132892671791,-8.725921308647889,-4.066205395550156,0.0001213964673613,0.7478689848596634,0.0131568193507658,4.0926706642343606e-05,-0.4892115840235498,1,0,1,525.0,75.0,4275.0,1275.0,10125.0,8700.0,47850.0,15450.0,383250.0,223800.0,961800.0,439650.0,687225.0,325050.0,494250.0,207150.0,525225.0,191925.0,375750.0,106950.0,296925.0,234150.0,98400.0,180450.0,171375.0,374325.0,179775.0,525000.0,357750.0,883125.0,840975.0,1370100.0,492450.0,494700.0,136650.0,96300.0,28350.0,45075.0,11250.0,17100.0,675.0,2550.0,0.1154774718172779,14.5,234150.0,0.1124509714779302,17.55,98400.0,0.110044791270464,21.7,180450.0,0.1076217455850685,26.8,171375.0,0.105652534102997,33.45,374325.0,0.1034309456380011,41.35,179775.0,0.1017242865514237,51.5,525000.0,0.1005014682642714,64.3,357750.0,0.0993525686162905,79.65,883125.0,0.0984231782815888,98.0,840975.0,0.0973095682948128,255.35,2331900.0,0.0965943198623066,111.0,439650.0,0.0958115338162198,88.75,687225.0,0.0954743460211592,70.15,325050.0,0.0952014108968182,54.55,494250.0,0.0956176577362936,42.35,207150.0,0.096387559256355,32.75,525225.0,0.0975414761801507,25.35,191925.0,0.0993350328336298,19.9,375750.0,0.1009038514175243,15.45,106950.0,0.1023644533511111,11.9,296925.0,0.0020430003214776,-0.0014980344785929,0.0035410348000706,0.0002724829214423,0.0975820512162551,0.0044147182566109,-0.0021081573979945,0.0065228756546055,0.0011532804293082,0.098462848724121,0.0083429658081842,-0.0009220090384577,0.009264974846642,0.0037104783848632,0.101020046679676,0.0127352229756512,0.0020254645388169,0.0107097584368342,0.0073803437572341,0.1046899120520469,0.0181679035224651,0.0050548850562983,0.0131130184661667,0.0116113942893817,0.1089209625841945,0.0969223788950304,-0.0046192489829515,0.0040347075271331,0.0002341783398363,0.8743954668289836,low,5,0.0260374056118018,252,rr_only,0920_open,500,228.95000000000002,48.099999999998545,180.85000000000147,271.04999999999995
2025-07-25,24935.05,24926.2,-0.0030373369138253,0.1065385583189458,0.0034669759535272,-5.522893413985267,-5.296273408339021,-5.292372727470512,-0.0062593342992707,,471.55,423.9,380.35,335.95,294.5,255.0,218.6,186.0,153.6,125.75,102.15,81.85,65.15,51.6,41.1,32.2,25.65,20.4,16.4,13.15,18.0,21.35,25.55,30.75,37.4,45.9,56.5,69.2,85.05,104.95,127.1,153.8,183.7,217.25,253.0,290.15,333.95,375.6,418.6,467.15,511.9,2025-07-31,0.0100064277303235,0.1000321334888122,4.986666666666666,24765.6,0.097112484360882,24948.64861075828,24950,0.0171423135464231,0.0094308346187425,-4.663770679493712,4.986666666666666,-2.2392483094137696,0.0030373369138253,2025,-0.0029196491279301,0.0001980107921238,0.0001616663240389,0.1074755591761833,-3.634446808491632e-05,1.2248116192470666,-0.0103630748153013,-8.52718902307905,-8.729976075043876,-4.066205395550156,0.0001209501466377,0.7481468225168796,0.0131145739482152,4.07161774012242e-05,0.2027870519647951,0,1,0,,15975.0,900.0,16200.0,6300.0,46425.0,42300.0,295575.0,168150.0,664575.0,915600.0,1424475.0,505800.0,1050075.0,560175.0,939525.0,339525.0,556050.0,169275.0,444375.0,193575.0,197175.0,502350.0,215100.0,471075.0,297150.0,1821300.0,566850.0,2403900.0,876000.0,1949400.0,1454400.0,1759800.0,454650.0,515175.0,106725.0,186150.0,28575.0,39525.0,2850.0,4800.0,1800.0,0.1196126924845631,18.0,197175.0,0.1161287108671553,21.35,502350.0,0.1128417152016438,25.55,215100.0,0.1096757231624725,30.75,471075.0,0.1068763166753131,37.4,297150.0,0.1045024254864034,45.9,1821300.0,0.1024208018751775,56.5,566850.0,0.1003135327699735,69.2,2403900.0,0.0987894157835242,85.05,876000.0,0.0982536751195056,104.95,1949400.0,0.097112484360882,252.85,2370000.0,0.0967996386432182,102.15,1424475.0,0.0966372579732722,81.85,505800.0,0.0969946861384243,65.15,1050075.0,0.0977555082037402,51.6,560175.0,0.0992131158664144,41.1,939525.0,0.1002870975603673,32.2,339525.0,0.1021910837924723,25.65,556050.0,0.104123091854682,20.4,169275.0,0.106410785210499,16.4,444375.0,0.1086101788833138,13.15,193575.0,0.0016769314226422,-0.0004752263876097,0.002152157810252,0.0006008525175162,0.0977133368783982,0.0053083175142955,0.0006430238428582,0.0046652936714373,0.0029756706785768,0.1000881550394588,0.0097638323144311,0.0031746131994853,0.0065892191149457,0.0064692227569582,0.1035817071178402,0.0157292308407618,0.0070106074938,0.0087186233469618,0.0113699191672809,0.1084824035281629,0.0225002081236811,0.0114976945224318,0.0110025136012492,0.0169989513230565,0.1141114356839385,0.0971674950234486,-0.0035029841565615,0.0072699930040163,0.0001713308626125,0.867533278235318,low,5,0.0260374056118018,252,rr_only,0920_open,500,221.7,184.40000000000146,37.29999999999853,278.3
2025-08-01,24725.9,24731.2,-0.0003598960249723,0.0094059699247654,0.0025803218993039,-3.956611383760352,-4.615658458889708,-5.158202517179098,-0.0031828191065404,510.0,452.9,409.0,371.75,330.55,292.45,255.95,224.7,192.55,163.75,139.15,116.1,95.6,79.05,64.75,52.25,41.6,33.6,26.75,21.15,16.85,26.8,31.8,38.4,46.15,56.1,68.25,81.95,98.05,118.05,139.45,162.35,190.65,221.4,253.45,288.5,324.95,365.65,410.0,449.05,498.85,538.5,2025-08-07,0.0072628805467133,0.0852225354393622,4.986666666666666,24626.65,0.1165658886289624,24726.776125623783,24750,0.0171423135464231,0.0135876063918596,-4.298597196437797,4.986666666666666,-4.6664106929164975,0.0003598960249723,2025,0.0313433531896002,0.0001437204933582,0.0002329230091146,0.0915639738082957,8.920251575639793e-05,0.6170300388292927,0.0250019148206666,-8.847640162951107,-8.36480259198796,-4.066205395550156,0.0001685277159477,0.723533997728752,0.017414009311085,6.439529316691395e-05,-0.482837570963269,1,0,1,75.0,1425.0,1275.0,14100.0,11100.0,58950.0,23025.0,151200.0,261750.0,1496625.0,1171425.0,1300125.0,583800.0,830475.0,377100.0,941625.0,542100.0,592575.0,300975.0,479250.0,172200.0,166875.0,428925.0,221550.0,501900.0,276150.0,576225.0,338775.0,682500.0,493050.0,1770975.0,1012425.0,669825.0,113775.0,110625.0,16950.0,62625.0,5400.0,11625.0,675.0,12375.0,150.0,0.1309352559852634,26.8,166875.0,0.1280895867736559,31.8,428925.0,0.1260334336196794,38.4,221550.0,0.1238711013578563,46.15,501900.0,0.1224872232984528,56.1,276150.0,0.1215143404555799,68.25,576225.0,0.1201409589204635,81.95,338775.0,0.1189769003645033,98.05,682500.0,0.1190461550166115,118.05,493050.0,0.1182236071953055,139.45,1770975.0,0.1165658886289624,301.5,2183850.0,0.1159654827637541,116.1,1300125.0,0.115302671397985,95.6,583800.0,0.1158212556002413,79.05,830475.0,0.116302033463414,64.75,377100.0,0.1164707134872802,52.25,941625.0,0.1165042140631971,41.6,542100.0,0.1175973151625157,33.6,592575.0,0.1183665538997834,26.75,300975.0,0.1191458881509725,21.15,479250.0,0.1203775528929134,16.85,172200.0,0.0024802663876491,-0.0012632172309773,0.0037434836186265,0.0006085245783358,0.1171744132072982,0.0035750702915011,-0.0002638551655483,0.0038389254570495,0.0016556075629763,0.1182214961919387,0.0059213346694904,-6.167456576530728e-05,0.0059830092352557,0.0029298300518625,0.1194957186808249,0.009467544990717,0.001800665270821,0.007666879719896,0.005634105130769,0.1221999937597314,0.0143693673563009,0.003811664263951,0.0105577030923499,0.009090515810126,0.1256564044390884,0.1171268049313186,-0.0044802619891168,0.0043723750115792,0.0004463188637297,0.7682327948200558,low,5,0.0260374056118018,252,rr_only,0920_open,500,257.84999999999997,123.34999999999854,134.50000000000142,242.15000000000003
2025-08-08,24573.35,24574.45,0.0012642625649361,0.0240027268961327,0.0017986647628426,-4.764016744628564,-4.9522453075986475,-5.082383316734781,0.0023192835052681,568.15,511.35,465.45,423.7,376.65,336.0,294.4,256.85,220.95,188.9,159.1,130.85,107.75,87.25,70.1,55.65,43.65,33.8,26.1,20.4,15.5,14.85,17.6,21.4,25.7,32.2,39.4,49.3,60.7,75.15,92.4,110.9,135.35,161.45,191.5,223.35,256.95,296.35,337.4,380.0,421.65,469.95,2025-08-14,0.0059315464006533,0.0770165332941791,4.986666666666666,24616.05,0.1042064981143754,24598.24960107472,24550,0.0171423135464231,0.0108589942492613,-4.522761579330226,4.986666666666666,-3.7295878344163342,0.0012642625649361,2025,0.0271899648201963,0.0001173755742774,0.0001861482842196,0.0827473602022969,6.877270994216453e-05,0.630548784102585,0.0214591379120784,-9.050131727774946,-8.588966974880385,-4.066205395550156,0.0001374788949005,0.738545055501945,0.0146528465388199,4.86693893190548e-05,-0.4611647528949983,1,0,1,150.0,2250.0,1275.0,8400.0,2475.0,14175.0,11550.0,103800.0,141450.0,674025.0,694575.0,1455900.0,550350.0,743550.0,388875.0,730950.0,247800.0,483600.0,266400.0,686325.0,203550.0,75075.0,214350.0,106350.0,358200.0,211200.0,451050.0,265350.0,541425.0,304950.0,1095525.0,787200.0,957075.0,226575.0,213600.0,29625.0,49425.0,9525.0,8400.0,675.0,8625.0,375.0,0.1240226254149904,14.85,75075.0,0.1205359455949874,17.6,214350.0,0.1178030732478598,21.4,106350.0,0.1145964123784382,25.7,358200.0,0.1129900112911462,32.2,211200.0,0.1105716571743886,39.4,451050.0,0.1093531490666261,49.3,265350.0,0.1076801941656563,60.7,541425.0,0.106763618304583,75.15,304950.0,0.1060710531038665,92.4,1095525.0,0.1042064981143754,270.0,1481775.0,0.1026231462469791,130.85,1455900.0,0.1027276562587464,107.75,550350.0,0.1025435051963669,87.25,743550.0,0.1027688773376838,70.1,388875.0,0.1030427184350307,55.65,730950.0,0.1033531436969469,43.65,247800.0,0.1036594304214925,33.8,483600.0,0.1043139608451379,26.1,266400.0,0.1056674249282877,20.4,686325.0,0.1063706909485396,15.5,203550.0,0.0025571201902076,-0.0014788418556289,0.0040359620458366,0.0005391391672893,0.1047456372816647,0.0051466509522506,-0.0014376207766915,0.0065842717289422,0.0018545150877795,0.1060610132021549,0.0087835131767708,-0.0008533544174285,0.0096368675941993,0.0039650793796711,0.1081715774940465,0.0135965751334843,0.0001074627307624,0.0134891124027218,0.0068520189321234,0.1110585170464988,0.0198161273006149,0.0021641928341642,0.0176519344664507,0.0109901600673896,0.115196658181765,0.1035562503744361,-0.0040591428253897,0.0047904928981097,0.0004224915719487,0.8171709852335869,low,5,0.0245401222605454,252,rr_only,0920_open,500,239.65,66.04999999999927,173.60000000000073,260.35
2025-08-18,24945.05,24951.75,0.0002045159567241,0.0234498688387003,0.0026938899200442,-5.512292669335737,-5.093921708023757,-5.042106364470458,-0.0005827831409634,545.0,495.7,454.0,405.0,362.65,319.9,283.0,245.25,212.55,180.4,149.95,126.25,102.15,84.95,68.1,53.35,43.35,33.3,26.45,20.35,16.2,13.9,17.2,21.15,26.7,33.0,41.45,51.45,64.7,81.0,98.8,121.0,145.1,174.0,202.85,237.1,273.0,312.3,354.0,397.05,438.4,483.5,2025-08-21,0.0032336121210733,0.0568648584019462,3.986666666666667,25076.95,0.1435548280074332,24978.96550363616,24950,0.0089231354642313,0.0206079886442437,-3.882076480096656,3.986666666666667,-3.752890377337887,0.0002045159567241,2025,0.0866899696054869,5.115608593655645e-05,0.0001838878743179,0.0757163920087158,0.0001327317883813,0.2781917302938192,0.0678384359987173,-9.880629090502586,-8.601184364808876,-4.719107884712219,0.0001317561346144,0.7165025704015191,0.0220407266265402,5.2131739703460776e-05,-1.2794447256935642,1,0,1,5775.0,40500.0,9225.0,83850.0,69300.0,218325.0,99675.0,265650.0,240225.0,1017000.0,1281075.0,1899450.0,632550.0,814350.0,427575.0,796425.0,365475.0,588975.0,408225.0,528375.0,229500.0,301350.0,597675.0,224475.0,685800.0,533325.0,621975.0,387675.0,788325.0,537000.0,1210950.0,893250.0,832350.0,156000.0,146625.0,18000.0,42825.0,6675.0,34050.0,1500.0,3675.0,600.0,0.1620005118232761,13.9,301350.0,0.1587430682396282,17.2,597675.0,0.1552240493884335,21.15,224475.0,0.1530138835268966,26.7,685800.0,0.1499230434652178,33.0,533325.0,0.1479611492071608,41.45,621975.0,0.1456617951288679,51.45,387675.0,0.1448691030644345,64.7,788325.0,0.1447468306668997,81.0,537000.0,0.1432883233701072,98.8,1210950.0,0.1435548280074332,270.95,2174325.0,0.1450291738028507,126.25,1899450.0,0.1429492599424231,102.15,632550.0,0.1452900977689479,84.95,814350.0,0.1450491058703471,68.1,427575.0,0.1441932419650335,53.35,796425.0,0.1466310089199933,43.35,365475.0,0.1462006247371248,33.3,588975.0,0.1481475861740906,26.45,408225.0,0.1489135443273169,20.35,528375.0,0.15142313012595,16.2,229500.0,0.0011920026594665,-0.00060556806501,0.0017975707244766,0.0002932172972282,0.1438480453046614,0.0021069671214347,0.0014942778629139,0.0006126892585207,0.0018006224921743,0.1453554504996075,0.0063682154577846,0.0030761809125601,0.0032920345452245,0.0047221981851723,0.1482770261926055,0.0116692213810003,0.0045927581666574,0.0070764632143428,0.0081309897738288,0.151685817781262,0.0184456838158429,0.0078683021185168,0.0105773816973261,0.0131569929671798,0.156711820974613,0.1435926520872533,-0.0005943087172929,0.0053412483701867,0.0007817479171257,0.692498190463843,low,4,0.024770411222143757,252,rr_only,0920_open,500,240.85,126.95000000000073,113.89999999999927,259.15
2025-08-22,25022.25,25009.6,-0.0016631337851755,0.0109725640008125,0.0025577236259728,-5.549837967554204,-5.1952279456838,-4.995999985064689,0.001189048921019,546.75,495.75,450.0,401.25,360.0,315.0,273.3,233.95,197.1,163.0,133.6,106.35,83.4,64.45,49.25,36.75,27.35,20.55,15.35,11.65,9.0,10.45,12.4,15.2,18.55,23.45,29.75,37.7,48.15,61.1,77.8,96.8,119.95,147.85,178.55,213.45,251.2,291.55,333.6,378.6,429.0,472.7,2025-08-28,0.0063080547258925,0.0794232631279563,3.986666666666667,24533.1,0.0875248796794243,25036.8378697002,25000,0.0171423135464231,0.0076606045628977,-4.871664373683749,3.986666666666667,-4.512357303581113,0.0016631337851755,2025,0.008101616551468,9.979409328263798e-05,0.0001313204853723,0.0762987988563424,3.152639208971388e-05,0.7599278436999181,0.0112260808230818,-9.212401561943098,-8.937869769233906,-4.066205395550156,0.0001001359590524,0.762531137228738,0.0110955037222306,3.1184526319942536e-05,-0.2745317927087978,1,0,0,19500.0,225.0,5100.0,975.0,17550.0,18075.0,129600.0,70200.0,294075.0,309075.0,1709175.0,1103400.0,1548600.0,595350.0,1026525.0,592500.0,1332000.0,339900.0,1206300.0,247800.0,785625.0,795225.0,265050.0,913650.0,364575.0,884400.0,550875.0,1247100.0,669825.0,1528125.0,1230825.0,4389300.0,2421225.0,2073000.0,579975.0,479400.0,111525.0,105375.0,14325.0,26475.0,2850.0,41475.0,0.1103006068038225,10.45,795225.0,0.1064274199756115,12.4,265050.0,0.1032653992981889,15.2,913650.0,0.0998706047391016,18.55,364575.0,0.0974470634313281,23.45,884400.0,0.0951900576731766,29.75,550875.0,0.0930018142254791,37.7,1247100.0,0.0913461663870834,48.15,669825.0,0.0897745277748305,61.1,1528125.0,0.0889881052332524,77.8,1230825.0,0.0875248796794243,230.4,6098475.0,0.0863234494943878,106.35,1103400.0,0.085727262534129,83.4,1548600.0,0.0855501571297564,64.45,595350.0,0.0858001243851078,49.25,1026525.0,0.0858394857715767,36.75,592500.0,0.0864433922567659,27.35,1332000.0,0.0877374422092365,20.55,339900.0,0.0890913402173284,15.35,1206300.0,0.0909623424654292,11.65,247800.0,0.0932415438267491,9.0,785625.0,0.0022496480954062,-0.0017976171452952,0.0040472652407014,0.0002260154750554,0.0877508951544797,0.0054769345460548,-0.0017247552943164,0.0072016898403712,0.0018760896258691,0.0894009693052934,0.0099221837519038,-0.0010814874226583,0.0110036711745622,0.0044203481646227,0.091945227844047,0.0157405196187646,0.0015664605379041,0.0141740590808604,0.0086534900783343,0.0961783697577586,0.0227757271243982,0.0057166641473248,0.0170590629770733,0.0142461956358615,0.1017710753152858,0.0867840052463275,-0.0042599040826943,0.0040772593892796,0.0002103803575508,0.9089846867904265,low,4,0.02449298435774278,252,rr_only,0920_open,500,210.95,466.90000000000146,-255.95000000000147,289.05
2025-08-29,24508.7,24529.9,0.001662135343767,0.2202567056355838,0.0039883796366188,-4.441348515657449,-5.2595791545604325,-5.0015988237895765,-0.0072131220592422,503.65,452.75,412.05,366.75,324.35,283.65,239.4,205.8,167.2,138.45,107.4,83.25,66.0,49.6,36.5,26.65,19.55,14.05,10.7,8.1,6.15,9.4,12.4,15.95,20.5,26.7,32.7,44.2,54.6,72.5,87.9,113.05,140.1,164.35,203.6,236.15,282.15,317.6,365.35,419.35,460.0,515.0,2025-09-02,0.0063803923455835,0.0798773581535063,2.986666666666667,24575.0,0.1044881152664547,24494.346044906284,24500,0.0116628614916286,0.0109177662319359,-4.5173638871051445,2.986666666666667,-1.5129615690647928,0.001662135343767,2025,0.0246107571129483,7.561946483654519e-05,0.000127332395361,0.0805219420493632,5.171293052450312e-05,0.5938745173380882,0.0239661732170914,-9.489796836535982,-8.96870960432743,-4.451345717222282,9.55815775190278e-05,0.750646190610082,0.0139597791944044,3.175081784202052e-05,-0.5210872322081733,1,0,1,600.0,4425.0,525.0,19350.0,10650.0,90975.0,69225.0,426000.0,638625.0,3006075.0,2477250.0,2893875.0,1283400.0,1742100.0,983325.0,1376850.0,783525.0,770400.0,459525.0,1183950.0,322050.0,728175.0,1015425.0,760650.0,1063050.0,960000.0,1638600.0,1115025.0,2192550.0,1796550.0,4719675.0,2214525.0,1624425.0,402375.0,340050.0,87000.0,118275.0,20850.0,12750.0,1875.0,14850.0,1200.0,0.1251142276839889,9.4,728175.0,0.1230203252202988,12.4,1015425.0,0.1202370151690409,15.95,760650.0,0.11747737283219,20.5,1063050.0,0.1153473661069204,26.7,960000.0,0.1107277110530167,32.7,1638600.0,0.1108543222774863,44.2,1115025.0,0.1067970987154889,54.6,2192550.0,0.1077996440398985,72.5,1796550.0,0.1030952762395893,87.9,4719675.0,0.1044881152664547,220.45,4691775.0,0.1030566587220718,83.25,2893875.0,0.1049217764347373,66.0,1283400.0,0.1043324923331127,49.6,1742100.0,0.1039242560912628,36.5,983325.0,0.1041726979033749,26.65,1376850.0,0.1052461826632052,19.55,783525.0,0.1060984344238995,14.05,770400.0,0.1088470343289416,10.7,459525.0,0.1114211867693279,8.1,1183950.0,0.1140455978169358,6.15,322050.0,0.0033115287734438,0.0004336611682826,0.0028778676051611,0.0018725949708632,0.1063607102373179,0.0063662070110316,-0.0005638591751918,0.0069300661862235,0.0029011739179199,0.1073892891843746,0.0108592508404657,0.0007580673967505,0.0101011834437152,0.0058086591186081,0.1102967743850628,0.0157488999025862,0.0043589190624869,0.0113899808400992,0.0100539094825366,0.1145420247489913,0.0206261124175341,0.0095574825504811,0.0110686298670529,0.0150917974840076,0.1195799127504624,0.1043588019587608,-0.004234305755196,0.0048815578644625,0.0010585911514122,0.8557233678681627,low,3,0.0245399943654775,252,rr_only,0920_open,500,204.89999999999998,75.0,129.89999999999998,295.1
2025-09-03,24541.2,24550.65,-0.0030717615568892,0.0666765236809266,0.0039729108601046,-4.770144866957246,-4.922594318681334,-5.024983064056726,-0.0020040942249455,534.1,485.45,441.5,395.0,351.65,311.8,269.95,233.45,198.35,165.3,137.05,111.8,89.5,70.5,55.7,43.2,32.9,25.4,19.5,15.0,11.55,15.85,19.35,23.6,28.7,35.25,43.6,53.5,65.9,81.1,99.2,119.55,144.6,172.5,203.7,237.0,274.9,316.15,358.15,399.9,448.0,491.4,2025-09-09,0.0089834925566462,0.0947812880090064,4.986666666666666,24878.8,0.0999726055003232,24567.518008688952,24550,0.0171423135464231,0.0099945218505232,-4.605718151041197,4.986666666666666,-2.7079023568178147,0.0030717615568892,2025,0.0051913174913167,0.0001777685828669,0.0001713292273082,0.1018339964662071,-6.439355558721609e-06,1.0375846880295343,-0.0018613909658838,-8.635027949783527,-8.671923546591358,-4.066205395550156,0.0001274995808495,0.7441788120607783,0.0137304383322966,4.3829646458704306e-05,0.0368955968077195,0,1,0,75.0,300.0,150.0,12300.0,2550.0,15525.0,28275.0,101400.0,99600.0,794325.0,1039350.0,1505175.0,841275.0,921450.0,477600.0,847125.0,319950.0,443925.0,246300.0,504525.0,171075.0,163125.0,461925.0,248250.0,659025.0,506175.0,863175.0,349575.0,878175.0,689025.0,2168175.0,1410000.0,1566000.0,456225.0,418650.0,112350.0,104775.0,26400.0,141975.0,10500.0,19200.0,2850.0,0.1208203368080846,15.85,163125.0,0.1181672705060551,19.35,461925.0,0.1154666288456097,23.6,248250.0,0.1126470624698388,28.7,659025.0,0.1102251624726942,35.25,506175.0,0.1082113457028733,43.6,863175.0,0.1060052143280447,53.5,349575.0,0.1042493026592304,65.9,878175.0,0.1028655951611535,81.1,689025.0,0.1016703390551954,99.2,2168175.0,0.0999726055003232,256.6,2449350.0,0.0992918765991172,111.8,1505175.0,0.098476803878874,89.5,841275.0,0.0978314597631271,70.5,921450.0,0.0983161556572322,55.7,477600.0,0.0985524919107996,43.2,847125.0,0.0986510257950173,32.9,319950.0,0.0997260559133564,25.4,443925.0,0.1008836155932318,19.5,246300.0,0.1022911454623846,15.0,504525.0,0.1038456361383106,11.55,171075.0,0.0028929896608303,-0.0014958016214491,0.0043887912822794,0.0006985940196905,0.1006711995200138,0.0060326088277215,-0.0016564498430909,0.0076890586708124,0.0021880794923153,0.1021606849926385,0.010252556972371,-0.0013215797053058,0.0115741366776769,0.0044654886335326,0.1044380941338558,0.0154940233452865,0.0009110100929086,0.0145830132523779,0.0082025167190975,0.1081751222194207,0.0208477313077614,0.0038730306379873,0.016974700669774,0.0123603809728744,0.1123329864731976,0.0998494579225846,-0.0057379170834759,0.0049558182621248,0.000233561078544,0.8418866645130919,low,5,0.0245399943654775,252,rr_only,0920_open,500,229.20000000000002,328.7999999999993,-99.59999999999926,270.79999999999995
2025-09-10,24963.0,24966.3,-0.0011350523152446,0.0170285967410855,0.0013901042292593,-4.913312272090102,-4.79292416229777,-5.025473956527809,0.0035272837054403,546.35,498.3,451.7,405.35,360.6,317.6,275.5,236.45,199.5,166.85,136.65,109.35,86.45,67.55,51.45,38.9,28.8,21.5,15.65,11.6,8.75,11.8,14.4,17.45,21.6,26.8,33.6,42.25,53.0,65.75,82.55,102.85,126.05,152.95,183.7,217.6,253.8,295.55,337.3,381.35,425.0,470.15,2025-09-16,0.0031232205485422,0.0558857812734352,4.986666666666666,25254.45,0.0913352199132017,24983.83478249638,24950,0.0171423135464231,0.0083421223965929,-4.7864376109830955,4.986666666666666,-4.072861186934161,0.0011350523152446,2025,0.0354494386397664,6.180341191295147e-05,0.000143003277765,0.0600442616075169,8.119986585208254e-05,0.4321817854727742,0.0312909583056847,-9.691551986077153,-8.852643006533254,-4.066205395550156,0.0001081964352405,0.7566010858736878,0.0118892705907006,3.4806842524512686e-05,-0.8389089795436596,1,0,1,825.0,3825.0,1800.0,5700.0,1200.0,27075.0,25125.0,126675.0,150975.0,482250.0,646425.0,1554750.0,503025.0,456225.0,272700.0,452400.0,241050.0,319275.0,209175.0,293325.0,230400.0,234450.0,558000.0,134550.0,382575.0,215250.0,429750.0,263925.0,648825.0,483600.0,1154400.0,1167075.0,1411875.0,251775.0,250350.0,28650.0,36000.0,3600.0,10050.0,600.0,3825.0,75.0,0.1131725840006964,11.8,234450.0,0.1101712039107229,14.4,558000.0,0.1068835054411015,17.45,134550.0,0.1041547010083172,21.6,382575.0,0.1014825760341654,26.8,215250.0,0.0992098001695306,33.6,429750.0,0.0971832597688574,42.25,263925.0,0.095275870149599,53.0,648825.0,0.0930922942889288,65.75,483600.0,0.092047976779366,82.55,1154400.0,0.0913352199132017,239.5,1813500.0,0.0899099779184168,109.35,1554750.0,0.0892689108116371,86.45,503025.0,0.0891532176329624,67.55,456225.0,0.0887252498979554,51.45,272700.0,0.0888758184721828,38.9,452400.0,0.0889311493634575,28.8,241050.0,0.0897841530885592,21.5,319275.0,0.090293665859483,15.65,209175.0,0.0915467000576056,11.6,293325.0,0.0933079291536579,8.75,230400.0,0.0017570743757271,-0.0020663091015645,0.0038233834772916,-0.0001546173629187,0.091180602550283,0.0058480398556557,-0.0026099700152462,0.008458009870902,0.0016190349202047,0.0929542548334064,0.0101473561209637,-0.0024040705497441,0.0125514266707078,0.0038716427856097,0.0952068626988115,0.0155482855278998,-0.0010415540537186,0.0165898395816184,0.0072533657370905,0.0985885856502922,0.0218373640874947,0.0019727092404562,0.0198646548470385,0.0119050366639755,0.1032402565771772,0.0903313158927912,-0.005200855543516,0.0042310001724064,0.0001883820891778,0.9151738798440874,low,5,0.0245400796288561,252,rr_only,0920_open,500,218.95,304.4500000000007,-85.50000000000074,281.05
2025-09-17,25296.45,25304.75,0.0008087370358911,0.0420404820618741,0.001620780781493,-5.636691686534016,-5.629466981378551,-5.181201333413315,0.0073424322123199,548.25,502.8,453.55,407.0,363.7,318.6,277.3,237.95,200.7,167.4,135.6,108.75,85.05,65.5,49.8,37.75,27.75,20.65,15.45,11.5,8.85,11.85,14.1,16.9,20.7,25.55,31.85,39.75,49.95,62.4,78.2,97.9,120.25,147.2,177.7,211.75,249.15,289.65,331.35,376.45,422.6,469.55,2025-09-23,0.005581946668755,0.0747124264681256,4.986666666666666,25184.9,0.0876340297858114,25337.738795861347,25300,0.0171423135464231,0.0076797231765004,-4.869171777198683,4.986666666666666,-3.169122266296167,0.0008087370358911,2025,0.0129216033176857,0.0001104575690007,0.0001316482226413,0.0802718039895581,2.119065364054194e-05,0.8390357787185669,0.0073622257962532,-9.110879101693213,-8.935377172748849,-4.066205395550156,0.0001003629500091,0.7623570451274269,0.0111180767548684,3.128527263220145e-05,-0.1755019289448923,1,0,0,1875.0,450.0,4125.0,750.0,65100.0,18150.0,75825.0,87525.0,537450.0,629100.0,1759350.0,924675.0,1061850.0,495300.0,924300.0,364950.0,502500.0,220950.0,432750.0,226275.0,262650.0,226725.0,150225.0,249525.0,122325.0,451275.0,310650.0,465075.0,348225.0,861450.0,788775.0,1362000.0,516600.0,369375.0,132225.0,98550.0,26775.0,20400.0,2400.0,1575.0,300.0,4425.0,0.1123193168853816,11.85,226725.0,0.1087001715025129,14.1,150225.0,0.1051428193822368,16.9,249525.0,0.1020984684469303,20.7,122325.0,0.0992254648864906,25.55,451275.0,0.0966667656577001,31.85,310650.0,0.0941959181874397,39.75,465075.0,0.0921379471484768,49.95,348225.0,0.0900494905316491,62.4,861450.0,0.0885207535455309,78.2,788775.0,0.0876340297858114,233.5,3121350.0,0.0867882264140543,108.75,924675.0,0.0857021344434455,85.05,1061850.0,0.0851426348865312,65.5,495300.0,0.0850492196021187,49.8,924300.0,0.0856195266307311,37.75,364950.0,0.0856987251562525,27.75,502500.0,0.0866684657196384,20.65,220950.0,0.0880457220089774,15.45,432750.0,0.0894553649757074,11.5,226275.0,0.0916588157433954,8.85,262650.0,0.0024154607458377,-0.0019318953423658,0.0043473560882035,0.0002417827017359,0.0878758124875473,0.0065618884016283,-0.0025848101836926,0.0091466985853209,0.0019885391089678,0.0896225688947792,0.0115914351006792,-0.0019353046295589,0.0135267397302381,0.0048280652355601,0.0924620950213716,0.0175087895964254,0.000411692223166,0.0170970973732593,0.0089602409097957,0.0965942706956071,0.0246852870995702,0.004024785957584,0.0206605011419862,0.0143550365285771,0.1019890663143885,0.0866824612997798,-0.0052554257587803,0.0047127336473054,0.0001702607086751,0.8865085122422633,low,5,0.02429282831811048,252,rr_only,0920_open,500,212.8,115.09999999999854,97.70000000000147,287.2
2025-09-24,25092.5,25083.1,-0.0006553648016835,0.0109853069240846,0.0024748275132011,-4.913656933936329,-5.231854356815591,-5.189525517761449,-0.0006073224215202,545.0,500.0,452.2,406.9,364.85,320.55,276.35,239.0,199.65,165.75,138.15,110.5,85.9,67.4,53.2,39.85,30.55,23.9,18.5,14.35,11.25,11.45,14.0,17.1,20.75,25.55,31.8,40.9,50.3,64.85,80.85,97.9,121.45,151.0,181.8,212.75,254.25,294.0,333.65,378.45,427.0,472.3,2025-09-30,0.0067211841598781,0.0819828284452185,4.986666666666666,24633.6,0.0892044379167363,25140.291419984595,25100,0.0171423135464231,0.0079574317440408,-4.833648976408009,4.986666666666666,-4.511196633245976,0.0006553648016835,2025,0.0072216094715178,0.0001330012103594,0.0001364087899806,0.0880831990950231,3.4075796211152404e-06,0.9750193545328004,0.0011212388217131,-8.925152329336617,-8.899854371958174,-4.066205395550156,0.0001036543546107,0.7598803172838083,0.0114439353564649,3.275443536984317e-05,-0.0252979573790809,1,0,0,1650.0,1350.0,15450.0,5775.0,34875.0,16725.0,97725.0,66975.0,628125.0,425850.0,1765200.0,893325.0,1427100.0,656250.0,984900.0,528450.0,867750.0,358725.0,818850.0,341700.0,1020975.0,329850.0,186150.0,880725.0,342525.0,689250.0,428550.0,949875.0,790875.0,2247525.0,1998975.0,4325700.0,2078475.0,1713075.0,650175.0,517350.0,98400.0,169800.0,20325.0,86550.0,5025.0,18900.0,0.1127256031955,11.45,329850.0,0.1098004213025024,14.0,186150.0,0.106773033482781,17.1,880725.0,0.1034603624431312,20.75,342525.0,0.1005181061200289,25.55,689250.0,0.0979160096854867,31.8,428550.0,0.0967038131706508,40.9,949875.0,0.0938270010767441,50.3,790875.0,0.0935444382456238,64.85,2247525.0,0.0921169213010486,80.85,1998975.0,0.0892044379167363,236.05,6090900.0,0.0878659494639332,110.5,893325.0,0.086216317548939,85.9,1427100.0,0.0866449445548301,67.4,656250.0,0.0880916910671475,53.2,984900.0,0.087792804148201,39.85,528450.0,0.0890214653010732,30.55,867750.0,0.0911413796335818,23.9,358725.0,0.0930140910125467,18.5,818850.0,0.0950045274459534,14.35,341700.0,0.0972665779376278,11.25,1020975.0,0.0043400003288875,-0.0029881203677972,0.0073281206966847,0.0006759399805451,0.0898803778972814,0.0074993752539145,-0.0011127468495887,0.0086121221035032,0.0031933142021629,0.0923977521188992,0.0113136682032926,-0.000182972615663,0.0114966408189556,0.0055653477938147,0.094769785710551,0.0175685955660447,0.0038096530958104,0.0137589424702343,0.0106891243309275,0.0998935622476639,0.0235211652787637,0.0080621400208915,0.0154590252578721,0.0157916526498276,0.1049960905665639,0.088687710218372,-0.004851240664883,0.004994532300538,0.0008887130476687,0.8760376985423183,low,5,0.02429282831811048,252,rr_only,0920_open,500,213.35000000000002,466.40000000000146,-253.05000000000143,286.65
2025-10-01,24621.8,24622.85,-2.0625575285422498e-06,0.0346624059999898,0.0017159590281782,-4.925616839574333,-4.948133698369176,-5.139049608514937,-0.0017825587777876,558.2,515.2,470.2,423.05,377.55,334.25,295.95,255.85,218.4,184.8,153.4,125.4,99.75,79.25,61.2,46.95,35.6,26.95,20.35,15.35,11.75,11.85,14.15,17.35,21.55,26.8,33.65,42.15,52.85,65.6,81.25,100.1,121.25,146.65,175.9,207.8,242.9,280.75,322.1,364.85,410.1,456.4,2025-10-07,0.0060303249172107,0.0776551667129156,3.986666666666667,25112.8,0.0972339744567128,24653.354849321215,24600,0.0171423135464231,0.0094544457886486,-4.661270194279933,3.986666666666667,-3.3620995799086164,2.0625575285422498e-06,2025,0.0195788077437972,9.540037831989414e-05,0.0001620710741166,0.0746002583101999,6.667069579677958e-05,0.5886329737730753,0.0226337161465128,-9.257428013900558,-8.727475589830098,-4.066205395550156,0.000121225188476,0.7479754739500697,0.0131406122353122,4.084588564065782e-05,-0.5299524240700041,1,0,1,525.0,300.0,2625.0,975.0,4875.0,3375.0,41175.0,24075.0,194025.0,190650.0,1338225.0,1125825.0,1545675.0,529875.0,863475.0,463875.0,721125.0,300825.0,597525.0,333225.0,338100.0,358500.0,205800.0,409650.0,269625.0,503325.0,387900.0,685500.0,432825.0,1098075.0,831525.0,2759250.0,1705425.0,1514475.0,326175.0,341100.0,53025.0,73200.0,9900.0,65700.0,2325.0,5700.0,0.1180741574336344,11.85,358500.0,0.1145566740959173,14.15,205800.0,0.1117121482659883,17.35,409650.0,0.1092424181909472,21.55,269625.0,0.1068411257216915,26.8,503325.0,0.1048764217114379,33.65,387900.0,0.102995583148202,42.15,685500.0,0.1014287911263387,52.85,432825.0,0.0997083943224694,65.6,1098075.0,0.0983198748681975,81.25,831525.0,0.0972339744567128,253.5,4097475.0,0.0955598068018284,121.25,1705425.0,0.0944629704242749,99.75,1545675.0,0.0942403641762211,79.25,529875.0,0.0934359984637106,61.2,863475.0,0.0933482030969656,46.95,463875.0,0.0935177672262048,35.6,721125.0,0.0941908860202203,26.95,300825.0,0.095160199210931,20.35,597525.0,0.096358853430672,15.35,333225.0,0.0980845942989617,11.75,338100.0,0.0024744198657566,-0.0027710040324378,0.0052454238981945,-0.0001482920833406,0.0970856823733721,0.0057616086914892,-0.0037979759930021,0.0095595846844913,0.0009818163492435,0.0982157908059563,0.0096071512649787,-0.0037162072305079,0.0133233584954867,0.0029454720172353,0.1001794464739481,0.0144781738092755,-0.0020737752457817,0.0165519490550572,0.0062021992817469,0.1034361737384597,0.0208401829769216,0.0008506198422489,0.0199895631346726,0.0108454014095853,0.1080793758662981,0.0957695596759237,-0.0060408314732621,0.0034662962989832,0.000248707885201,0.8354731751860897,low,4,0.02429282831811048,252,rr_only,0920_open,500,229.9,500.0,-270.1,270.1
2025-10-08,25147.0,25151.25,0.002640078943863,0.0357979021948708,0.0027677102387958,-4.890185733686057,-5.081044807161572,-5.189227720253673,0.0016040541165991,544.9,494.35,444.95,401.3,356.9,312.05,270.8,231.05,194.65,160.6,129.8,102.95,80.5,61.85,47.15,35.75,26.3,19.8,14.9,11.1,8.5,9.7,11.7,14.35,18.0,22.35,28.5,36.45,46.95,59.35,75.55,95.25,119.6,146.1,177.8,212.85,250.1,292.0,335.3,380.5,425.0,472.65,2025-10-14,0.0071327191382989,0.0844554269321928,4.986666666666666,25123.35,0.0850404428920683,25184.585554297333,25150,0.0171423135464231,0.0072318769272791,-4.929256673835857,4.986666666666666,-3.329865985201042,0.002640078943863,2025,0.0005850159598754,0.0001411448125779,0.0001239711018165,0.0907397844915092,-1.7173710761417027e-05,1.1385299518175518,-0.0056993415994409,-8.865724155070273,-8.995462069386019,-4.066205395550156,9.503186861970078e-05,0.7665646850531223,0.0105844058023692,2.893923319686041e-05,0.1297379143156854,0,1,0,75.0,3375.0,1125.0,12525.0,7500.0,106650.0,41475.0,355125.0,335850.0,1566975.0,1948425.0,2207550.0,957675.0,1138050.0,673875.0,899475.0,525300.0,728550.0,377625.0,652875.0,205200.0,79425.0,489975.0,155100.0,431550.0,194475.0,477300.0,375300.0,1299000.0,846525.0,1674000.0,1220550.0,968850.0,186375.0,174675.0,29175.0,38700.0,4200.0,18825.0,1275.0,3075.0,150.0,0.1074760323054189,9.7,79425.0,0.1039525424695891,11.7,489975.0,0.1007216951030573,14.35,155100.0,0.0980053909095881,18.0,431550.0,0.0949402663406783,22.35,194475.0,0.0926818247676371,28.5,477300.0,0.090643054832166,36.45,375300.0,0.0891330582853931,46.95,1299000.0,0.0871398425784697,59.35,846525.0,0.085981746238439,75.55,1674000.0,0.0850404428920683,225.05,3168975.0,0.0840454829241934,102.95,2207550.0,0.0836756881382235,80.5,957675.0,0.0835315104667202,61.85,1138050.0,0.0839673978032197,47.15,673875.0,0.08483108121413,35.75,899475.0,0.0851698911062428,26.3,525300.0,0.0866198653689101,19.8,728550.0,0.0882283622159965,14.9,377625.0,0.0897161919671449,11.1,652875.0,0.0918602973030165,8.5,205200.0,0.0020993996864014,-0.0013647547538447,0.0034641544402461,0.0003673224662783,0.0854077653583466,0.0056026119400977,-0.0010730450888485,0.0066756570289462,0.0022647834256246,0.0873052263176929,0.00989982344861,0.0001294482141745,0.0097703752344354,0.0050146358313923,0.0900550787234606,0.015681252210989,0.0031879193239282,0.0124933328870608,0.0094345857674586,0.0944750286595269,0.0224355894133506,0.0068198544109482,0.0156157350024024,0.0146277219121494,0.0996681648042177,0.0844465379959127,-0.0034610201068315,0.004545035021013,0.0002054333956651,0.9051450824895485,low,5,0.02378620968792582,252,rr_only,0920_open,500,206.85000000000002,26.650000000001455,180.19999999999857,293.15
2025-10-27,25862.85,25879.1,0.0007040295167854,0.0293997569809981,0.002026087249665,-4.998062045633472,-4.6874490598276655,-4.931692938718256,-0.002819942740906,524.75,482.0,427.05,377.85,329.5,285.6,240.75,196.55,162.75,122.15,93.3,66.15,47.25,31.9,22.65,16.15,11.4,8.35,6.45,5.3,4.15,3.65,4.35,5.35,6.95,9.75,13.4,18.95,25.65,36.15,50.3,67.35,93.8,124.8,159.8,200.75,244.95,288.4,336.55,386.5,433.55,481.3,2025-10-28,0.0073212133705984,0.0855640892582774,1.9866666666666664,25965.4,0.1315811825077505,25875.955362369037,25850,0.0034436834094368,0.0173136075901379,-4.05626252075532,1.9866666666666664,-3.52676887062411,0.0007040295167854,2025,0.046017093249473,5.771750223381807e-05,5.9622583215656934e-05,0.1294619532285612,1.905080981838866e-06,0.9680476611530212,0.0021192292791892,-9.75995009883732,-9.727476142648,-5.671213621892677,4.524159841916523e-05,0.7587997027154092,0.016961985632498,1.4380984796491704e-05,-0.0324739561893203,1,0,0,26025.0,5100.0,60900.0,8175.0,95400.0,91350.0,447975.0,688200.0,3623100.0,4162200.0,7604400.0,3369000.0,4846725.0,1986825.0,2450850.0,1499625.0,1664250.0,1097925.0,1071600.0,584925.0,1291950.0,518625.0,529425.0,1107825.0,838200.0,1637625.0,1148625.0,1833600.0,1486950.0,3609375.0,3713025.0,3301800.0,1116375.0,996975.0,184800.0,186375.0,48450.0,93075.0,29250.0,15450.0,900.0,9150.0,0.1898520097686058,3.65,518625.0,0.1804080607241885,4.35,529425.0,0.1715774894036511,5.35,1107825.0,0.1642235210034684,6.95,838200.0,0.1595093977213209,9.75,1637625.0,0.1539526562731222,13.4,1148625.0,0.1498084157433288,18.95,1833600.0,0.1435459130438272,25.65,1486950.0,0.1400660444720243,36.15,3609375.0,0.1368915429858088,50.3,3713025.0,0.1315811825077505,160.64999999999998,10906200.0,0.1280290053544928,66.15,3369000.0,0.1299103218940408,47.25,4846725.0,0.1299317690391962,31.9,1986825.0,0.1347168331601489,22.65,2450850.0,0.139929589017895,16.15,1499625.0,0.1447320008888673,11.4,1664250.0,0.1508888067773704,8.35,1097925.0,0.1585810401993065,6.45,1071600.0,0.1678590748024251,5.3,584925.0,0.1750080975468548,4.15,1291950.0,0.0084848619642738,-0.0016708606137096,0.0101557225779835,0.003407000675282,0.1349881831830325,0.0182272332355783,0.0031356506523984,0.0150915825831799,0.0106814419439884,0.1422626244517389,0.0279282152135704,0.0131508183811168,0.0147773968324535,0.0205395167973436,0.1521206993050941,0.0399963068959006,0.026999857691556,0.0129964492043445,0.0334980822937283,0.1650792648014788,0.0582708272608553,0.0434269150391043,0.0148439122217509,0.0508488711499798,0.1824300536577303,0.1315707252532152,-0.0038802225909289,0.0090503378528164,0.0020031542700558,0.8484762766250264,low,2,0.023200787376541,252,rr_only,0920_open,500,152.84999999999997,115.40000000000146,37.44999999999851,347.15000000000003
2025-10-29,25980.55,25986.45,-8.660216414598831e-05,0.0462643291498635,0.0021881603497616,-4.543270903891577,-4.897251506681018,-4.9123935177545555,-0.0003311551569171,573.1,530.05,483.0,441.4,395.45,358.0,317.95,282.05,244.8,216.45,182.75,155.45,134.05,111.25,93.6,75.65,63.5,50.45,40.7,33.5,26.95,19.95,23.95,28.8,35.45,43.05,51.85,63.25,75.6,90.95,107.9,129.95,153.0,176.65,205.85,236.3,269.5,306.1,344.85,384.75,428.05,470.65,2025-11-04,0.0057261899892464,0.0756715930138014,4.986666666666666,25586.25,0.1140773774958056,26052.854334787244,26000,0.0171423135464231,0.0130136480563205,-4.34175662174202,4.986666666666666,-3.0733840435513313,8.660216414598831e-05,2025,0.0384057844820042,0.0001133119077237,0.0002230840353642,0.0813023424499937,0.0001097721276405,0.5079337368929122,0.0327750350458118,-9.085366296390946,-8.40796201729218,-4.066205395550156,0.000162048296221,0.7264002372758889,0.0168502360386172,6.103573914319478e-05,-0.6774042790986666,1,0,1,5250.0,75.0,10425.0,1800.0,24525.0,5850.0,83025.0,63075.0,263250.0,404925.0,1393725.0,719925.0,768525.0,398775.0,714150.0,267375.0,472500.0,217875.0,384000.0,180600.0,449400.0,378225.0,314700.0,316575.0,474000.0,330375.0,528375.0,513900.0,283125.0,749100.0,767325.0,1610925.0,465000.0,394950.0,78375.0,99225.0,12225.0,33675.0,2250.0,3900.0,2700.0,5175.0,0.127063008773935,19.95,378225.0,0.1247575020565299,23.95,314700.0,0.1225380972242338,28.8,316575.0,0.1213511068460709,35.45,474000.0,0.1197937145649988,43.05,330375.0,0.1180326433813957,51.85,528375.0,0.1172101017014938,63.25,513900.0,0.1155693870833756,75.6,283125.0,0.1147383074794716,90.95,749100.0,0.1133950941742976,107.9,767325.0,0.1140773774958056,312.7,3004650.0,0.1136010080723667,153.0,465000.0,0.1149990601466981,134.05,768525.0,0.1137800339733414,111.25,398775.0,0.1145929162073655,93.6,714150.0,0.1132776808425926,75.65,267375.0,0.1149691187240562,63.5,472500.0,0.1140696259978054,50.45,217875.0,0.1145089669104189,40.7,384000.0,0.1160864178561137,33.5,180600.0,0.1169301022007444,26.95,449400.0,0.000660929983666,0.0009216826508925,-0.0002607526672265,0.0007913063172792,0.1148686838130848,0.0031327242056882,0.0005155387115599,0.0026171854941282,0.0018241314586241,0.1159015089544297,0.0057163370691932,0.0008917412282506,0.0048245958409426,0.0033040391487219,0.1173814166445275,0.0084607197284281,0.0004315894146133,0.0080291303138148,0.0044461545715207,0.1185235320673263,0.0129856312781294,0.0028527247049388,0.0101329065731905,0.0079191779915341,0.1219965554873397,0.113679699998937,-0.001384424283586,0.0054297978088332,0.0006273022075955,0.7450551558325201,low,5,0.0233336668007749,252,rr_only,0920_open,500,265.8,413.75,-147.95,234.2
2025-11-06,25664.1,25673.15,0.0028618797704468,0.0952703181595248,0.0032827958120487,-5.2890845694970885,-5.140742864935102,-4.962839718439563,-0.0073227736196966,584.95,533.3,487.4,444.0,396.65,351.6,310.55,269.7,231.8,196.85,165.2,136.45,109.6,88.15,68.8,53.25,40.85,31.0,23.75,17.85,13.85,11.95,14.35,17.3,21.6,26.6,33.45,41.15,51.7,64.05,79.35,96.25,116.0,141.5,167.7,199.7,235.05,272.7,312.5,353.7,398.8,446.05,2025-11-11,0.0081136929793673,0.0900760399849335,3.986666666666667,25705.55,0.1039979263298835,25719.00960925668,25650,0.0144025875190258,0.0108155686809158,-4.526768638350575,3.986666666666667,-2.3510369737127657,0.0028618797704468,2025,0.0139218863449499,0.0001283594815254,0.0001557721744949,0.0944047215543439,2.7412692969483893e-05,0.8240206053592894,0.0095932047755395,-8.960675780952961,-8.767116038071629,-4.240347399721049,0.0001159617625728,0.7444318149171415,0.0142680348639113,3.9810411922078126e-05,-0.1935597428814893,1,0,0,75.0,4275.0,1050.0,3900.0,9825.0,42600.0,31275.0,218700.0,245850.0,1249275.0,1464150.0,1927950.0,884775.0,1391175.0,570525.0,794175.0,408525.0,1122075.0,365475.0,553725.0,281850.0,201975.0,314550.0,264675.0,311400.0,302775.0,422250.0,254775.0,648825.0,436200.0,1115025.0,997275.0,999975.0,234375.0,319500.0,68325.0,87525.0,30975.0,82125.0,3150.0,9900.0,1725.0,0.1263748709588762,11.95,201975.0,0.122996174563566,14.35,314550.0,0.119643529141298,17.3,264675.0,0.1174039511925071,21.6,311400.0,0.1147234380502065,26.6,302775.0,0.1129360959508558,33.45,422250.0,0.1103758748154337,41.15,254775.0,0.1090198100686537,51.7,648825.0,0.1073254998445639,64.05,436200.0,0.1061235035123693,79.35,1115025.0,0.1039979263298835,261.45,2461425.0,0.1018573544671219,116.0,999975.0,0.1011100464877846,109.6,884775.0,0.1009933042887848,88.15,1391175.0,0.1000068907838712,68.8,570525.0,0.0997195001818796,53.25,794175.0,0.0998600073107113,40.85,408525.0,0.1002050163618561,31.0,1122075.0,0.1013580611375905,23.75,365475.0,0.1021972911025044,17.85,553725.0,0.1041676642412947,13.85,281850.0,0.0033275735146804,-0.0028878798420988,0.0062154533567793,0.0002198468362907,0.1042177731661742,0.0063779484855502,-0.0039910355460122,0.0103689840315624,0.0011934564697689,0.1051913827996525,0.010725511720323,-0.0041379190191721,0.0148634307394952,0.0032937963505754,0.1072917226804589,0.0156456028114145,-0.0026398651922929,0.0182854680037074,0.0065028688095608,0.1105007951394443,0.0223769446289927,0.0001697379114112,0.0222072067175814,0.0112733412702019,0.1152712676000854,0.1023130848798163,-0.0067061391044869,0.0037641803063135,0.0004403388586368,0.7992048361359059,low,4,0.022786656384939742,252,rr_only,0920_open,500,235.65,55.54999999999927,180.10000000000073,264.35
2025-11-12,25808.6,25820.15,-0.0010495435836544,0.0082208908306855,0.0012728315367745,-5.153364923240737,-4.935728318515854,-4.915900774015978,0.0051209359995157,599.55,548.2,502.75,459.55,414.25,371.8,331.0,293.1,253.9,219.4,187.25,157.7,130.65,108.75,88.1,69.4,55.3,43.25,33.5,25.9,20.2,17.25,20.3,24.05,29.1,35.0,42.4,50.75,60.6,74.75,88.75,107.9,127.4,151.15,175.0,205.0,239.55,274.0,310.55,352.2,391.8,431.0,2025-11-18,0.0055196796344858,0.074294546465308,4.986666666666666,25894.7,0.1068854156851369,25879.431656541055,25800,0.0171423135464231,0.0114244920861845,-4.471995799541546,4.986666666666666,-4.801076702223324,0.0010495435836544,2025,0.0325908692198289,0.0001092254065236,0.00019584222545,0.0798228293910473,8.661681892631681e-05,0.557721432508798,0.0270625862940896,-9.122096861241394,-8.538201195091704,-4.066205395550156,0.0001439672430963,0.7351185004434778,0.0152428737587786,5.187498235368357e-05,-0.5838956661504677,1,0,1,3300.0,900.0,6525.0,8100.0,89925.0,19425.0,151575.0,63900.0,256125.0,226500.0,1214925.0,812250.0,1036200.0,491400.0,1040400.0,317925.0,678375.0,299250.0,610350.0,251850.0,491325.0,349875.0,196800.0,614100.0,260775.0,720525.0,334125.0,702375.0,419775.0,922500.0,663450.0,2192925.0,1019025.0,925875.0,160950.0,274725.0,37575.0,31425.0,5625.0,14550.0,525.0,4500.0,0.1275786346153961,17.25,349875.0,0.1244731739953951,20.3,196800.0,0.1215280165094356,24.05,614100.0,0.1193313976113999,29.1,260775.0,0.1169437129028273,35.0,720525.0,0.1149271122731309,42.4,334125.0,0.1124518214541752,50.75,702375.0,0.1099254707536842,60.6,419775.0,0.1095029583509167,74.75,922500.0,0.1071101021366151,88.75,663450.0,0.1068854156851369,295.15,3407850.0,0.1049319153582301,127.4,1019025.0,0.1041418696987075,130.65,1036200.0,0.1044272016235935,108.75,491400.0,0.1035578305937114,88.1,1040400.0,0.1020135536808091,69.4,317925.0,0.102108394522364,55.3,678375.0,0.1019505116199711,43.25,299250.0,0.1019845360336015,33.5,610350.0,0.10241643615741,25.9,251850.0,0.1034408245609494,20.2,491325.0,0.0026175426657798,-0.0027435459864293,0.0053610886522092,-6.30016603247463e-05,0.1068224140248121,0.0055664057690383,-0.0033275850914254,0.0088939908604638,0.0011194103388064,0.1080048260239433,0.0100582972176904,-0.0047770211627728,0.0148353183804633,0.0026406380274587,0.1095260537125956,0.0146426008242987,-0.0049008796515353,0.0195434804758341,0.0048708605863816,0.1117562762715186,0.0206932189302591,-0.0034445911241875,0.0241378100544466,0.0086243139030358,0.1155097295881727,0.1046959899657011,-0.006646839321016,0.00453819791985,0.000491633197057,0.7574992313086487,low,5,0.02181002225860376,252,rr_only,0920_open,500,257.7,94.70000000000073,162.99999999999926,242.3
2025-11-19,25858.6,25870.55,-0.0023118673547609,0.0350133056752802,0.0029448616707788,-5.251019962392871,-5.126460687699749,-4.953845022420274,-0.0046080722662896,565.1,520.2,470.65,431.0,388.35,348.75,308.2,271.15,236.65,204.65,174.45,148.6,123.7,102.45,84.25,68.1,55.05,43.8,34.5,26.85,21.3,19.95,23.9,28.85,34.85,41.95,51.15,61.9,75.25,90.45,108.1,128.45,151.55,176.7,206.55,237.15,271.7,308.4,347.3,387.85,428.85,472.95,2025-11-25,0.0046445649143266,0.0681510448513204,4.986666666666666,25860.3,0.1113545750079384,25896.047337125252,25850,0.0171423135464231,0.0123998413751985,-4.390071598775664,4.986666666666666,-3.35202712758518,0.0023118673547609,2025,0.043203530156618,9.190832158508722e-05,0.0002125619687795,0.0732221876948766,0.0001206536471944,0.4323836578706165,0.0381323873130617,-9.294718982265872,-8.456276994325826,-4.066205395550156,0.0001550899592982,0.7296223317306976,0.0162377984789626,5.747200948135047e-05,-0.8384419879397492,1,0,1,300.0,9900.0,300.0,40125.0,3150.0,35550.0,17250.0,168525.0,83250.0,420450.0,725025.0,1605225.0,573300.0,1400850.0,429900.0,769650.0,372825.0,757800.0,264450.0,505050.0,195000.0,120075.0,353475.0,171075.0,625650.0,408375.0,429075.0,359475.0,788850.0,663825.0,1428750.0,1692375.0,2684025.0,716100.0,862575.0,106650.0,156375.0,27300.0,86850.0,7650.0,18750.0,1800.0,0.1266705072862679,19.95,120075.0,0.1242212583284682,23.9,353475.0,0.1220703052175733,28.85,171075.0,0.1200115155814888,34.85,625650.0,0.1178899805372426,41.95,408375.0,0.1165277551347856,51.15,429075.0,0.1150543268206364,61.9,359475.0,0.1142078879959926,75.25,788850.0,0.1131193968726046,90.45,663825.0,0.1121484201063894,108.1,1428750.0,0.1113545750079384,302.9,2417400.0,0.1114207861434274,148.6,1605225.0,0.1102301502719646,123.7,573300.0,0.1097810141845798,102.45,1400850.0,0.1096950276683247,84.25,429900.0,0.1092691366427466,68.1,769650.0,0.1095344510597474,55.05,372825.0,0.109548786397085,43.8,757800.0,0.1096328532564447,34.5,264450.0,0.1097024390099004,26.85,505050.0,0.1107563127669803,21.3,195000.0,0.0017648218646662,-0.0011244247359737,0.0028892466006399,0.0003201985643462,0.1116747735722846,0.003699751812698,-0.0016595473396136,0.0053592991523117,0.0010201022365421,0.1123746772444805,0.0065354055293042,-0.0018201239481909,0.0083555294774952,0.0023576407905566,0.113712215798495,0.0107157302096349,-0.0017217217514936,0.0124374519611286,0.0044970042290706,0.115851579237009,0.0153159322783295,-0.000598262240958,0.0159141945192875,0.0073588350186857,0.1187134100266241,0.1109083006269977,-0.0044585404052323,0.0033045334946987,0.0001936193791685,0.7263299958452982,low,5,0.020697737392680063,252,rr_only,0920_open,500,261.65,10.299999999999272,251.3500000000007,238.35000000000002
2025-11-26,25969.85,25970.35,0.0048907120100265,0.323969311748816,0.0048806596880613,-5.3376346618840165,-5.385030195950412,-5.104218303663746,-0.0032063405242851,598.65,549.95,501.45,457.6,411.9,370.0,330.0,288.15,252.2,216.6,181.95,152.8,125.55,103.35,82.0,65.4,51.0,38.55,29.4,22.25,16.85,11.2,13.8,16.85,21.0,26.45,32.8,40.75,51.25,63.35,77.4,95.55,115.85,138.5,164.35,194.7,226.2,261.6,300.9,342.35,384.7,430.5,2025-12-02,0.0044803248381563,0.0669352286778521,4.986666666666666,26057.0,0.099058294531294,26036.488911470035,25950,0.0171423135464231,0.0098125457154485,-4.624093536985242,4.986666666666666,-1.127106484500371,0.0048907120100265,2025,0.0321230658534418,8.86582798661617e-05,0.0001682097353428,0.0719159022189846,7.955145547666705e-05,0.5270698493488918,0.0271423923123094,-9.330721130300027,-8.69029893253541,-4.066205395550156,0.0001253890079016,0.7454325259244592,0.0135329138632373,4.2820727441139145e-05,-0.6404221977644493,1,0,1,525.0,16425.0,900.0,6600.0,1800.0,32100.0,16800.0,129675.0,129750.0,799650.0,833400.0,1528500.0,429600.0,771450.0,428850.0,782775.0,242100.0,407475.0,360300.0,320100.0,213450.0,121275.0,560700.0,96975.0,216900.0,170850.0,354825.0,169500.0,451725.0,316200.0,739350.0,832500.0,960075.0,204150.0,204150.0,63750.0,149400.0,12825.0,27000.0,1650.0,6000.0,1875.0,0.1154399980070477,11.2,121275.0,0.1131164630483998,13.8,560700.0,0.1105219578024292,16.85,96975.0,0.1085389486690061,21.0,216900.0,0.106997219674341,26.45,170850.0,0.1050510594037614,32.8,354825.0,0.1033209057346224,40.75,169500.0,0.1024008004513635,51.25,451725.0,0.1010505433390099,63.35,316200.0,0.0994406987309159,77.4,739350.0,0.099058294531294,277.5,1665900.0,0.0981753162539346,115.85,960075.0,0.0972758206244338,125.55,429600.0,0.0975330361109256,103.35,771450.0,0.0961874489794475,82.0,428850.0,0.0962820953222726,65.4,782775.0,0.0959806202023122,51.0,242100.0,0.095124136982621,38.55,407475.0,0.0953266868450874,29.4,360300.0,0.09572989228544,22.25,320100.0,0.0964913330869307,16.85,213450.0,0.0019922488077159,-0.0017824739068601,0.003774722714576,0.0001048874504279,0.0991631819817219,0.0042626112033283,-0.0028708455518464,0.0071334567551748,0.0006958828257409,0.0997541773570349,0.007938925143047,-0.0030776743289817,0.0110165994720287,0.0024306254070326,0.1014889199383266,0.0114636632711352,-0.0037316076862065,0.0151952709573417,0.0038660277924643,0.1029243223237583,0.0163817034757537,-0.0025669614443633,0.018948664920117,0.0069073710156952,0.1059656655469892,0.0975979154992319,-0.0043532251227009,0.0031412558484051,0.0002665194429981,0.7663381040893459,low,5,0.020697737392680063,252,rr_only,0920_open,500,249.45,107.0,142.45,250.55
2025-12-03,26029.75,26023.75,0.0010127575638172,0.0113264770333511,0.0023838108318366,-5.313631157365894,-5.312281302426447,-5.185788431306175,-0.0045546041580643,575.0,524.9,477.2,431.9,390.0,350.0,306.2,268.0,233.5,197.65,167.35,138.35,116.0,93.8,74.2,59.0,45.2,34.9,27.45,20.8,16.2,11.1,13.95,17.6,21.95,27.9,34.55,43.25,55.55,68.85,85.55,104.5,124.85,150.1,177.5,210.9,244.75,283.65,322.0,365.0,407.35,450.0,2025-12-09,0.0057986479125768,0.0761488536524144,4.986666666666666,25841.75,0.098154526018912,26112.91467692004,26050,0.0171423135464231,0.0096343109779972,-4.6424244920759214,4.986666666666666,-4.480612193746339,0.0010127575638172,2025,0.0220056723664976,0.00011474573118,0.0001651543795885,0.0818151162179693,5.040864840848303e-05,0.6947786154138995,0.0163394098009426,-9.072791910760552,-8.708629887626087,-4.066205395550156,0.0001233183495886,0.746685312832123,0.0133382627993631,4.183602999988448e-05,-0.3641620231348116,1,0,1,11850.0,75.0,2100.0,900.0,8925.0,3825.0,35700.0,29700.0,95250.0,161400.0,918450.0,868950.0,817125.0,397650.0,816525.0,288150.0,504075.0,263925.0,365250.0,258450.0,569925.0,409125.0,119250.0,384450.0,145650.0,288825.0,247200.0,476925.0,263100.0,719175.0,542250.0,1810425.0,1044300.0,737475.0,189075.0,267675.0,47475.0,57525.0,8550.0,14325.0,1575.0,4200.0,0.1112236185339562,11.1,409125.0,0.1092625414913457,13.95,119250.0,0.1074636380596804,17.6,384450.0,0.1053919177186751,21.95,145650.0,0.1040463043479377,27.9,288825.0,0.1019401124830071,34.55,247200.0,0.1004113804207916,43.25,476925.0,0.1004492418899835,55.55,263100.0,0.0993111000916352,68.85,719175.0,0.0989193343318891,85.55,542250.0,0.098154526018912,271.85,2728875.0,0.0963141026296674,124.85,1044300.0,0.0980612317639859,116.0,817125.0,0.0972938081152045,93.8,397650.0,0.0962452557964412,74.2,816525.0,0.0964736296473945,59.0,288150.0,0.0956621533151657,45.2,504075.0,0.0959195004835218,34.9,263925.0,0.0972327757577355,27.45,365250.0,0.0976125428449516,20.8,258450.0,0.0990465700963702,16.2,569925.0,0.0011565740727232,-9.329425492607402e-05,0.0012498683276493,0.0005316399088985,0.0986861659278105,0.0022568544018796,-0.0019092702224707,0.0041661246243503,0.0001737920897044,0.0983283181086164,0.0058917783290257,-0.0024923727037462,0.008384151032772,0.0016997028126397,0.0998542288315517,0.0093091120407683,-0.0009217502611764,0.0102308623019448,0.0041936808897959,0.1023482069087079,0.0130690925150442,0.0008920440774582,0.0121770484375859,0.0069805682962512,0.1051350943151632,0.0973743297302712,-0.0032005745958357,0.0021030310408127,0.0005838936206047,0.7516567146764463,low,5,0.020697737392680063,252,rr_only,0920_open,500,244.55000000000004,208.25,36.30000000000004,255.44999999999996
2025-12-10,25880.4,25852.45,0.0006377477286226,0.0264049339263454,0.0023492681720529,-4.687725858419012,-5.1560062444372505,-5.23854137353364,-0.0035171756726552,567.4,520.8,474.55,430.0,385.0,344.0,302.7,264.35,227.05,194.95,164.5,136.5,112.1,90.8,72.5,56.75,45.0,34.9,27.05,20.8,15.95,11.65,14.05,17.75,22.1,27.9,35.35,44.2,55.5,69.3,85.4,104.05,126.8,152.35,181.25,213.35,248.25,285.6,324.75,367.15,411.05,457.65,2025-12-16,0.0060075787824324,0.0775085723157927,4.986666666666666,25851.35,0.0976188091052212,25960.512207156982,25900,0.0171423135464231,0.0095294318911216,-4.653370175776917,4.986666666666666,-3.6342043951423935,0.0006377477286226,2025,0.0201102367894284,0.0001188801304036,0.0001633565093968,0.0832760120178693,4.447637899320135e-05,0.7277342717629832,0.0143427970873518,-9.037394880059956,-8.719575571327077,-4.066205395550156,0.0001220982703553,0.7474343740943978,0.0132231637139116,4.125823904157992e-05,-0.3178193087330744,1,0,0,1575.0,2925.0,2250.0,23775.0,4875.0,45300.0,26400.0,180600.0,196425.0,1147950.0,1409325.0,2795100.0,1194075.0,2064600.0,677400.0,1056225.0,543750.0,1211250.0,598200.0,704775.0,340575.0,200025.0,436650.0,228525.0,708075.0,351750.0,569850.0,438075.0,1016850.0,686325.0,2203050.0,2030775.0,2230050.0,403125.0,591525.0,74625.0,130200.0,17100.0,54450.0,14400.0,23700.0,2400.0,0.1127489496913192,11.65,200025.0,0.1097119941061427,14.05,436650.0,0.1079362395334986,17.75,228525.0,0.1057955215780726,22.1,708075.0,0.1041961871051851,27.9,351750.0,0.1029342553467313,35.35,569850.0,0.1014132471503972,44.2,438075.0,0.1004150416653065,55.5,1016850.0,0.099634868567576,69.3,686325.0,0.0986855352332497,85.4,2203050.0,0.0976188091052212,268.55,3440100.0,0.0974544180761146,126.8,2230050.0,0.0965450690729606,112.1,1194075.0,0.0962917381422987,90.8,2064600.0,0.0960874131153417,72.5,677400.0,0.0956728347042293,56.75,1056225.0,0.0965633635462494,45.0,543750.0,0.0969688482703174,34.9,1211250.0,0.0977639771028226,27.05,598200.0,0.0986024633563846,20.8,704775.0,0.0996004735945348,15.95,340575.0,0.0020160594623548,-0.0010737400322605,0.0030897994946153,0.0004711597150471,0.0980899688202683,0.003794438045176,-0.0015313959898794,0.0053258340350554,0.0011315210276483,0.0987503301328695,0.0065773779999639,-0.0010554455589717,0.0076328235589357,0.002760966220496,0.1003797753257172,0.0103174304282774,0.0001451679976014,0.0101722624306759,0.0052312992129394,0.1028501083181606,0.015130140586098,0.0019816644893136,0.0131484760967844,0.0085559025377058,0.106174711642927,0.097074250924428,-0.0033951420627302,0.0029155317844131,0.0002157134543635,0.7539862286310486,low,5,0.020696688833538982,252,rr_only,0920_open,500,240.95000000000002,48.650000000001455,192.29999999999856,259.04999999999995
2025-12-17,25873.45,25884.15,-0.0011511348446429,0.0555145491457122,0.0018745084246592,-5.0713906986392985,-5.113202719378639,-5.26821916822636,-0.0062720306793826,529.1,477.0,436.0,394.0,349.55,307.3,267.35,229.8,194.65,162.95,133.45,107.6,85.6,66.3,50.8,38.3,28.55,21.0,15.3,11.6,8.7,12.35,15.05,18.9,23.85,30.5,38.45,48.35,61.0,75.5,93.45,114.5,139.95,167.8,197.45,233.2,268.8,309.15,350.75,395.55,447.1,493.0,2025-12-23,0.0051377977340015,0.0716784328372314,4.986666666666666,26165.95,0.0917084404625922,25868.969500837466,25850,0.0171423135464231,0.0084104380520808,-4.778281719304913,4.986666666666666,-2.8911101458146184,0.0011511348446429,2025,0.0200300076253608,0.0001016685900802,0.0001441743661515,0.0770120498421196,4.25057760712957e-05,0.7051779924135803,0.0146963906204725,-9.193792151381883,-8.844487114855074,-4.066205395550156,0.0001090010146854,0.7560360249537215,0.0119676469312089,3.5173351466106595e-05,-0.3493050365269615,1,0,0,8850.0,225.0,13125.0,525.0,23025.0,7500.0,65775.0,73200.0,346275.0,784725.0,1449825.0,739050.0,1173000.0,366000.0,517875.0,248250.0,454650.0,316875.0,485325.0,179850.0,345750.0,210300.0,193725.0,329775.0,329175.0,492825.0,179850.0,525600.0,396225.0,1006500.0,1223100.0,1773000.0,408750.0,482400.0,89700.0,112800.0,16875.0,35400.0,2775.0,6525.0,600.0,1725.0,0.1080536593583326,12.35,210300.0,0.1050792642525424,15.05,193725.0,0.1028959920879704,18.9,329775.0,0.1009103603155867,23.85,329175.0,0.0995036238072012,30.5,492825.0,0.0978004451606676,38.45,179850.0,0.0962382719564593,48.35,525600.0,0.0952087732991668,61.0,396225.0,0.0936464302272529,75.5,1006500.0,0.0926448079221662,93.45,1223100.0,0.0917084404625922,247.95,3222825.0,0.0906805505725776,107.6,739050.0,0.0901068646675701,85.6,1173000.0,0.0891326733302386,66.3,366000.0,0.0887369252125942,50.8,517875.0,0.0885160271530627,38.3,248250.0,0.0885832686321771,28.55,454650.0,0.0887861980391755,21.0,316875.0,0.089175041743754,15.3,485325.0,0.0907786290198731,11.6,179850.0,0.0922256822425209,8.7,345750.0,0.0019379897646607,-0.001601575795022,0.0035395655596828,0.0001682069848193,0.0918766474474115,0.0045298314938671,-0.0029715152499979,0.0075013467438651,0.0007791581219345,0.0924875985845267,0.007795183344609,-0.0031251718304151,0.0109203551750241,0.0023350057570969,0.0940434462196891,0.0111875516253781,-0.0025333987188381,0.0137209503442163,0.00432707645327,0.0960355169158622,0.0163452188957404,0.0005172417799287,0.0158279771158117,0.0084312303378345,0.1001396708004267,0.0912431806880823,-0.0054487943040842,0.0024844434434163,0.0001449166438399,0.7965494315497857,low,5,0.020525039531400863,252,rr_only,0920_open,500,226.9,315.9500000000007,-89.05000000000072,273.1
2025-12-24,26200.65,26200.0,0.0010540608091977,0.0268659126830258,0.0026869562396351,-5.7593661750961225,-5.304583658791689,-5.231495912593589,0.0001223038219557,536.0,487.8,439.0,392.95,347.6,302.0,261.0,220.65,184.65,150.0,121.0,94.1,71.75,53.75,39.0,28.65,20.6,15.0,11.0,8.2,6.55,8.35,9.85,12.05,15.35,19.7,25.45,33.3,43.5,56.1,72.75,91.55,116.15,144.3,176.35,212.65,251.15,293.45,337.6,383.0,430.15,476.2,2025-12-30,0.0025503683596404,0.0505011718640311,3.986666666666667,25970.55,0.0772171183694577,26229.48030605084,26200,0.0171423135464231,0.0059624833692828,-5.122268211990378,3.986666666666667,-3.616896982438688,0.0010540608091977,2025,0.0267159465054265,4.034709732976082e-05,0.0001022107594315,0.0485144855840986,6.186366210181817e-05,0.394744130208421,0.028702632785359,-10.117991103140492,-9.18847360754054,-4.066205395550156,7.974879043471763e-05,0.7802387036181093,0.0090103716768192,2.246196899686136e-05,-0.9295174955991788,1,0,1,1875.0,900.0,9075.0,4575.0,36375.0,9825.0,246075.0,93375.0,470100.0,781875.0,1755600.0,892575.0,848850.0,439500.0,499875.0,434175.0,536025.0,257400.0,551625.0,279675.0,314625.0,316725.0,102750.0,263400.0,143850.0,452250.0,264675.0,734250.0,329100.0,713550.0,943425.0,1631850.0,446175.0,386325.0,103350.0,164250.0,19575.0,36750.0,4125.0,2775.0,300.0,225.0,0.0990788044214528,8.35,316725.0,0.095043752586256,9.85,102750.0,0.0916374936702526,12.05,263400.0,0.0890602576575183,15.35,143850.0,0.0866426003014098,19.7,452250.0,0.0844290506985721,25.45,264675.0,0.0827322885577644,33.3,734250.0,0.0812616409695813,43.5,329100.0,0.0796604253511521,56.1,713550.0,0.078906523753879,72.75,943425.0,0.0772171183694577,212.55,3387450.0,0.0759791759694445,94.1,892575.0,0.0752801711710054,71.75,848850.0,0.0750427867739489,53.75,439500.0,0.0745906295647679,39.0,499875.0,0.0753845035786514,28.65,434175.0,0.0760385395563773,20.6,536025.0,0.0773509974193067,15.0,257400.0,0.0789742895674648,11.0,551625.0,0.0809698297282468,8.2,279675.0,0.084141129887531,6.55,314625.0,0.0024433069816943,-0.0019369471984522,0.0043802541801466,0.000253179891621,0.0774702982610787,0.0055151701883067,-0.0026264888046897,0.0081416589929965,0.0014443406918085,0.0786614590612662,0.0094254819319521,-0.0011785788130803,0.0106040607450324,0.0041234515594359,0.0813405699288936,0.0144203753007949,0.001757171198007,0.0126632041027878,0.008088773249401,0.0853058916188587,0.0218616860519951,0.0069240115180733,0.0149376745339218,0.0143928487850342,0.0916099671544919,0.0766118850504866,-0.0042725094526457,0.0031399961146977,0.0003683946600542,0.8765904834981326,low,4,0.020525039531400863,252,rr_only,0920_open,500,197.65,229.45000000000073,-31.800000000000722,302.35
2025-12-31,26012.55,26012.8,0.0016389441330156,0.0446358628039432,0.0022008607383743,-5.5149445553445835,-5.949794965865339,-5.370251727778489,0.0007993012799311,560.2,511.0,465.0,417.1,373.0,327.8,284.75,243.85,205.6,169.65,138.65,109.65,84.95,64.45,47.9,34.45,24.7,17.9,12.6,9.2,7.05,6.6,7.85,9.9,12.55,16.1,21.2,28.0,37.0,48.9,63.3,81.3,102.55,128.3,157.75,190.7,228.15,268.55,310.0,355.95,403.85,448.95,2026-01-06,0.0033425426783353,0.0578147271751351,4.986666666666666,26174.65,0.0791888734356046,26057.40901704637,26000,0.0171423135464231,0.0062708776760002,-5.071838953910306,4.986666666666666,-3.109217644327193,0.0016389441330156,2025,0.0213741462604694,6.614343712684666e-05,0.0001074973513332,0.0621167410416282,4.135391420641377e-05,0.6153029475283585,0.0170721323939763,-9.623684884315368,-9.138044349460465,-4.066205395550156,8.348702757888635e-05,0.7766426478738261,0.0094018327849102,2.401032375437408e-05,-0.4856405348543426,1,0,1,3185.0,520.0,3510.0,2275.0,20670.0,9685.0,68640.0,57395.0,330200.0,441740.0,1703000.0,1095185.0,1181440.0,577200.0,562900.0,381030.0,799695.0,298675.0,631930.0,221260.0,363935.0,138320.0,128765.0,455000.0,122785.0,290680.0,205985.0,328900.0,228345.0,467480.0,511095.0,1283165.0,532805.0,337415.0,93925.0,130910.0,22620.0,28990.0,6630.0,10335.0,3965.0,5915.0,0.09902258850296,6.6,138320.0,0.0951507515485428,7.85,128765.0,0.0923402114332344,9.9,455000.0,0.0895608684450044,12.55,122785.0,0.0869974023449909,16.1,290680.0,0.0851164875091632,21.2,205985.0,0.083477451918865,28.0,328900.0,0.08212873997037,37.0,228345.0,0.0812396513897611,48.9,467480.0,0.0800549557506866,63.3,511095.0,0.0791888734356046,219.95,2986165.0,0.0781264932462307,102.55,532805.0,0.0770544013175018,84.95,1181440.0,0.0765261085964697,64.45,577200.0,0.0762575656480039,47.9,562900.0,0.0757680718947013,34.45,381030.0,0.0760344239284604,24.7,799695.0,0.0770831263300197,17.9,298675.0,0.0777745097577697,12.6,631930.0,0.0794418988495907,9.2,221260.0,0.0820049442052498,7.05,363935.0,0.0020507779541565,-0.0021344721181027,0.0041852500722592,-4.184708197310649e-05,0.0791470263536315,0.0042885784832604,-0.0029313077876006,0.0072198862708611,0.0006786353478298,0.0798675087834344,0.0078085289093863,-0.0031544495071441,0.0109629784165304,0.002327039701121,0.0815159131367257,0.0131513379976297,-0.0014143636778348,0.0145657016754646,0.0058684871598974,0.085057360595502,0.0198337150673554,0.0028160707696452,0.0170176442977102,0.0113248929185003,0.0905137663541049,0.077931577371435,-0.0041537781342665,0.001928626490303,0.0001913544660021,0.8339130533980621,low,5,0.02069721311310952,252,rr_only,0920_open,500,206.29999999999998,174.65000000000146,31.649999999998528,293.70000000000005
2026-01-07,26128.5,26143.15,-0.000667703002207,0.0473050579378424,0.0023614061274087,-5.5847739667509275,-5.704899872881074,-5.434553317236895,-0.0026707736123658,500.8,455.0,408.65,359.3,315.65,273.3,233.0,194.7,160.5,129.6,101.7,79.35,60.25,44.9,32.8,23.8,17.35,12.6,9.45,7.25,5.8,7.55,9.2,12.0,15.8,21.05,28.2,37.55,50.0,65.55,84.4,106.85,133.7,164.65,199.6,237.6,278.55,322.0,367.05,410.0,462.8,508.75,2026-01-13,0.0084578372893063,0.0919665009082459,4.986666666666666,25714.2,0.0764136091974203,26144.84470030011,26150,0.0171423135464231,0.005839039670576,-5.143188935633583,4.986666666666666,-3.051138056054416,0.000667703002207,2026,-0.0155528917108255,0.0001673667273121,0.000100094648843,0.0988097600827051,-6.727207846918189e-05,1.672084664332934,-0.0223961508852848,-8.695323181240473,-9.209394331183756,-4.066205395550156,8.14200253511716e-05,0.8134303510956562,0.0074958894927021,1.867462349184523e-05,0.5140711499428603,0,1,0,1040.0,1885.0,1755.0,12740.0,6240.0,47775.0,32760.0,241540.0,255840.0,1075945.0,1652560.0,1379430.0,570700.0,836225.0,497185.0,739245.0,455845.0,796315.0,373360.0,483860.0,438555.0,168350.0,327405.0,473720.0,415415.0,311415.0,580905.0,501085.0,1028235.0,693225.0,2187380.0,1670240.0,1235325.0,307580.0,339105.0,60775.0,54600.0,19370.0,30810.0,3770.0,3575.0,1560.0,0.0921859561921526,7.55,168350.0,0.088543060199038,9.2,327405.0,0.0861873072481514,12.0,473720.0,0.0840439856860592,15.8,415415.0,0.0822684875927665,21.05,311415.0,0.0808445189105158,28.2,580905.0,0.0795578491487764,37.55,501085.0,0.0787737806226047,50.0,1028235.0,0.0780410865282603,65.55,693225.0,0.0772433854656438,84.4,2187380.0,0.0764136091974203,208.55,3322800.0,0.0765920661792356,79.35,1379430.0,0.0764324301193425,60.25,570700.0,0.0764784024698917,44.9,836225.0,0.0766230074067406,32.8,497185.0,0.0772010841343989,23.8,739245.0,0.0783094531671818,17.35,455845.0,0.0795677732950368,12.6,796315.0,0.0816018568460257,9.45,373360.0,0.0840330018935035,7.25,483860.0,0.0871021273024577,5.8,438555.0,0.00162747733084,1.882092192226348e-05,0.0016086564089177,0.0008231491263811,0.0772367583238014,0.0031442399513561,0.0002093982093203,0.0029348417420358,0.0016768190803382,0.0780904282777585,0.0058548783953462,0.0018958439697615,0.0039590344255846,0.0038753611825539,0.0802889703799742,0.0097736980507311,0.0051882476486054,0.0045854504021256,0.0074809728496682,0.0838945820470885,0.0157723469947323,0.0106885181050374,0.0050838288896948,0.0132304325498849,0.0896440417473052,0.0767484409039106,-0.0019328866451634,0.0026279202661001,0.0001649896767201,0.8384572947902573,low,5,0.0206956402743979,252,rr_only,0920_open,500,195.2,435.7999999999993,-240.59999999999928,304.8
2026-01-14,25684.2,25705.8,0.0013519886419568,0.068110204288752,0.0031536898170859,-4.338670541005484,-4.816357092255579,-5.3904287884863145,-0.0035675295939516,525.25,478.1,435.05,390.4,346.8,308.15,267.0,232.1,198.85,166.95,139.65,114.55,94.95,75.35,60.25,47.85,37.65,29.85,23.6,19.1,14.95,22.7,26.95,32.05,38.05,45.9,54.7,66.6,80.3,96.45,115.3,137.7,163.55,190.4,224.15,257.7,297.3,334.25,379.45,416.7,463.2,512.45,2026-01-20,0.0098359730099216,0.0991764740748614,3.986666666666667,25225.35,0.1034062877869898,25701.952006682484,25700,0.0171423135464231,0.0106928603538857,-4.53817901687526,3.986666666666667,-2.686628234339017,0.0013519886419568,2026,0.0042298137121284,0.0001556061338606,0.0001833003648944,0.0952749301489679,2.769423103376087e-05,0.8489133884173564,0.0081313576380218,-8.7681825262986,-8.604384412425423,-4.066205395550156,0.0001338451666462,0.7301958548928437,0.0150440656139629,4.945519824817025e-05,-0.163798113873454,1,0,0,2730.0,1105.0,7800.0,1755.0,21385.0,4745.0,93470.0,75075.0,332410.0,593255.0,1571115.0,780975.0,931710.0,446550.0,687245.0,299130.0,644865.0,262340.0,352300.0,191620.0,419120.0,292370.0,170365.0,303225.0,254930.0,508885.0,447785.0,1090635.0,574990.0,1270230.0,1265615.0,2036905.0,674830.0,542555.0,138970.0,76765.0,17680.0,42575.0,3640.0,7410.0,6695.0,3835.0,0.124376365549206,22.7,292370.0,0.121495692306218,26.95,170365.0,0.1186384892072883,32.05,303225.0,0.1156741272926733,38.05,254930.0,0.1134210402701758,45.9,508885.0,0.110650093740914,54.7,447785.0,0.1091507256640583,66.6,1090635.0,0.1074063457145923,80.3,574990.0,0.1057824698421676,96.45,1270230.0,0.1042871696507091,115.3,1265615.0,0.1034062877869898,277.35,3608020.0,0.1022200525919492,114.55,780975.0,0.1030364884960328,94.95,931710.0,0.1016868865588014,75.35,446550.0,0.1018025621478521,60.25,687245.0,0.102195490844593,47.85,299130.0,0.1026708165156534,37.65,644865.0,0.1038063192285761,29.85,262340.0,0.1050609970962471,23.6,352300.0,0.1071732279352543,19.1,191620.0,0.1083584068108097,14.95,419120.0,0.0023761820551778,-0.0003697992909569,0.0027459813461347,0.0010031913821104,0.1044094791691002,0.0057444378770685,-0.0016037256391376,0.0073481635162061,0.0020703561189654,0.1054766439059552,0.010014752483186,-0.0007354712713363,0.0107502237545224,0.0046396406059248,0.1080459283929146,0.0152322014202985,0.0016547093092573,0.0135774921110411,0.0084434553647779,0.1118497431517677,0.0209700777622162,0.0049521190238198,0.0160179587383963,0.012961098393018,0.1163673861800078,0.1034176492144807,-0.006041476687011,0.0060365143421648,0.000311457185932,0.7078226429490603,low,4,0.02000434439525962,252,rr_only,0920_open,500,239.70000000000005,474.65000000000146,-234.9500000000014,260.29999999999995
2026-01-22,25317.05,25329.3,-0.0010323289604703,0.0148612177719963,0.0020993757171549,-3.6589779017378654,-4.437394016914254,-5.206305173216989,-0.0022721216598427,504.1,454.25,417.85,373.95,327.35,284.65,251.15,213.7,179.2,155.1,127.8,105.35,81.75,67.15,52.6,41.0,33.4,26.4,21.05,16.2,13.0,25.15,29.65,33.85,40.55,47.9,60.5,70.5,86.9,105.4,120.95,144.4,169.9,207.2,235.95,274.45,316.0,348.15,399.05,445.05,488.65,535.35,2026-01-27,0.0160906789970118,0.1268490401895571,2.986666666666667,25234.1,0.1123604728364883,25283.385648822903,25300,0.0144025875190258,0.0126248758560392,-4.372086137054071,2.986666666666667,-4.209000293386932,0.0010323289604703,2026,-0.0144885673530687,0.0001907043436682,0.0001818308794334,0.1150694483495423,-8.873464234847674e-06,1.0488006452066676,-0.002708975513054,-8.564786268122349,-8.612433536775121,-4.240347399721049,0.0001308994607548,0.7198967588051716,0.0170262858462994,5.093141867861271e-05,0.0476472686525339,0,1,0,4160.0,9945.0,4745.0,91975.0,25610.0,135915.0,122265.0,481455.0,384930.0,1667185.0,1292070.0,1073020.0,658320.0,1060085.0,386100.0,558805.0,304265.0,366470.0,203190.0,463710.0,182650.0,223860.0,437385.0,268840.0,834275.0,301145.0,837915.0,539175.0,1026025.0,706290.0,1570530.0,695240.0,495820.0,119600.0,299585.0,16510.0,25935.0,8125.0,7540.0,1950.0,15665.0,2860.0,0.1383540338857651,25.15,223860.0,0.13493056446106,29.65,437385.0,0.1299525867190914,33.85,268840.0,0.1270561538763373,40.55,834275.0,0.1234406736472103,47.9,301145.0,0.1237282053603422,60.5,837915.0,0.1194487424714535,70.5,539175.0,0.119227137497596,86.9,1026025.0,0.1186112344932251,105.4,706290.0,0.1133352862343994,120.95,1570530.0,0.1123604728364883,272.2,1987310.0,0.1123377148704257,105.35,1073020.0,0.1088075116169193,81.75,658320.0,0.1106700027050094,67.15,1060085.0,0.1102419745566651,52.6,386100.0,0.1103590753890387,41.0,558805.0,0.1128594933371763,33.4,304265.0,0.1142433006053647,26.4,366470.0,0.1161213905788732,21.05,203190.0,0.1169722335041081,16.2,463710.0,0.1192460244515963,13.0,182650.0,0.0062507616567368,-0.0035529612195689,0.0098037228763058,0.0013489002185839,0.1137093730550722,0.0070882696349652,-0.0021184982798231,0.0092067679147884,0.002484885677571,0.1148453585140593,0.011080200810722,0.000499020500688,0.010581180310034,0.005789610655705,0.1181500834921933,0.0175921138826031,0.0037609177423849,0.0138311961402182,0.010676515812494,0.1230369886489823,0.0259935610492768,0.006885551615108,0.0191080094341688,0.0164395563321924,0.1288000291686807,0.1133283163721251,-0.0086288906956174,0.0069570687614091,0.0013889353251864,0.6906162634684958,low,3,0.020467305432967303,252,rr_only,0920_open,500,234.04999999999998,65.90000000000146,168.14999999999853,265.95000000000005
2026-01-28,25335.45,25343.25,0.0030497198745062,0.0946195970009127,0.0043654247309599,-3.768011967213944,-4.1047829192064835,-5.034952090734365,0.0067337778065852,607.5,566.85,524.65,488.05,451.95,415.75,379.4,347.2,315.6,284.0,257.5,230.75,207.15,182.95,163.6,144.3,125.5,110.6,97.1,84.25,72.8,79.85,89.0,99.95,110.7,122.95,136.95,152.75,168.75,186.9,208.75,229.9,252.4,277.7,307.5,335.45,365.0,398.6,431.65,468.6,505.0,545.0,2026-02-03,0.0574417208619112,0.2396700249549602,5.986666666666666,25714.8,0.183954121867174,25377.62840227515,25350,0.0171423135464231,0.0338391189519231,-3.386137780282721,5.986666666666666,-2.3578906679203895,0.0030497198745062,2026,-0.0557159030877862,0.0013646207760316,0.0005800807872085,0.2821442944179664,-0.000784539988823,2.352466770358632,-0.0981901725507924,-6.596878708701307,-7.452343175832877,-4.066205395550156,0.0003448724253416,0.5945248195536117,0.0421154949394386,0.0002352083618668,0.8554644671316637,0,1,0,3055.0,10140.0,6240.0,120315.0,21450.0,137475.0,127465.0,501735.0,499850.0,1730820.0,1398085.0,1057030.0,547560.0,1422135.0,634140.0,646945.0,336635.0,602095.0,450320.0,559715.0,299130.0,81185.0,177775.0,115375.0,437385.0,170625.0,322920.0,235105.0,620360.0,418275.0,1099995.0,636740.0,319215.0,86515.0,156390.0,15145.0,30550.0,10595.0,12025.0,1885.0,5135.0,650.0,0.2012776240771042,79.85,81185.0,0.1990626622961716,89.0,177775.0,0.1976545822041128,99.95,115375.0,0.1950686157524016,110.7,437385.0,0.19285778051485,122.95,170625.0,0.1911203831650265,136.95,322920.0,0.1897865288506804,152.75,235105.0,0.1875039762870951,168.75,620360.0,0.1857904783825952,186.9,418275.0,0.1857446860696126,208.75,1099995.0,0.183954121867174,487.4,2034825.0,0.1824963339953471,230.75,1057030.0,0.1821803784850578,207.15,547560.0,0.1801465325612375,182.95,1422135.0,0.180581763964002,163.6,634140.0,0.179807999913348,144.3,646945.0,0.1781225340949165,125.5,336635.0,0.1783983158909451,110.6,602095.0,0.178676961314039,97.1,450320.0,0.17831057845498,84.25,559715.0,0.1780244816448896,72.8,299130.0,0.0018363565154211,-0.0017737433821161,0.0036100998975373,3.130656665253917e-05,0.1839854284338265,0.0058324069835064,-0.0033723579031719,0.0092047648866783,0.0012300245401672,0.1851841464073412,0.008903658647676,-0.0058315877722574,0.0147352464199334,0.0015360354377092,0.1854901573048832,0.0137004603369388,-0.0052771605531349,0.0189776208900737,0.0042116498919019,0.1881657717590759,0.0173235022099302,-0.0059296402222843,0.0232531424322146,0.0056969309938229,0.1896510528609969,0.1832743070437606,-0.0136772548682343,0.0074361921418325,0.0004584595184238,0.4960103737513636,high,6,0.02128689570595028,252,rr_only,0920_open,500,334.75,364.7999999999993,-30.049999999999272,165.25
2026-02-04,25712.55,25732.3,0.0013875444347775,0.0745867246880944,0.0069265786551702,-1.574364507989284,-3.248530212237521,-4.38075802118675,0.024999973118958,527.9,479.1,437.85,399.7,360.05,323.5,289.95,257.95,226.65,198.2,172.65,147.55,128.6,109.95,94.2,78.75,67.85,56.75,47.65,40.15,33.9,46.1,53.95,61.3,71.5,83.9,95.95,111.25,128.0,149.0,169.25,193.55,222.2,248.7,281.0,313.75,351.1,386.1,427.45,470.5,509.35,554.25,2026-02-10,0.0073196124673922,0.0855547337520974,4.986666666666666,25916.8,0.1364548018559635,25679.07849248005,25700,0.0171423135464231,0.0186199129495502,-3.983523682248856,4.986666666666666,-2.5957927408506807,0.0013875444347775,2026,0.050900068103866,0.0001448431250161,0.0003191883859882,0.0919208911124996,0.0001743452609721,0.4537856995255243,0.0445339107434639,-8.839859297656663,-8.049729077799016,-4.066205395550156,0.0002111092730912,0.6613939678212358,0.0254813901476222,0.000108079112897,-0.7901302198574979,1,0,1,845.0,11375.0,5460.0,11960.0,8580.0,95875.0,31460.0,246090.0,273715.0,1119430.0,870155.0,924755.0,371020.0,574795.0,300040.0,851955.0,172965.0,261885.0,491985.0,345930.0,166270.0,114205.0,290030.0,121550.0,314210.0,173485.0,687310.0,376740.0,596050.0,491075.0,1230580.0,626600.0,647075.0,87620.0,135525.0,32630.0,86255.0,1430.0,7020.0,2535.0,23205.0,1690.0,0.1513838038322615,46.1,114205.0,0.1497798901589218,53.95,290030.0,0.1464995850616091,61.3,121550.0,0.1449240692242505,71.5,314210.0,0.1440373496840298,83.9,173485.0,0.1414700923635046,95.95,687310.0,0.1402461682287076,111.25,376740.0,0.1387034836997573,128.0,596050.0,0.1389056887857517,149.0,491075.0,0.1369598563691584,169.25,1230580.0,0.1364548018559635,366.2000000000001,1496755.0,0.13472658359044,147.55,924755.0,0.1360177798813578,128.6,371020.0,0.1359572789686446,109.95,574795.0,0.136632723438314,94.2,300040.0,0.1359615697140813,78.75,851955.0,0.1377939919241046,67.85,172965.0,0.1380118328366233,56.75,261885.0,0.1387853264872427,47.65,491985.0,0.1399596379099608,40.15,345930.0,0.1413742710629672,33.9,166270.0,0.0024508869297882,-0.0004370219746056,0.0028879089043938,0.0010069324775912,0.1374617343335547,0.0037913663727441,0.0001779215823505,0.0036134447903936,0.0019846439775473,0.1384394458335108,0.0075825478280663,0.0013391900681411,0.0062433577599252,0.0044608689481037,0.1409156708040672,0.0100447832056456,0.0023305246312792,0.0077142585743663,0.0061876539184624,0.1426424557744259,0.014929001976298,0.0049194692070037,0.0100095327692942,0.0099242355916508,0.1463790374476144,0.1365438475687337,-0.0056963452004097,0.0101036773123207,0.0005468393814995,0.6430086531273314,middle,5,0.020598236037694683,252,rr_only,0920_open,500,286.20000000000005,216.79999999999927,69.40000000000077,213.79999999999995
2026-02-11,25984.95,25977.85,-0.000479007828144,0.0203580664378291,0.0025764913921327,-5.425243905504613,-4.92145037014863,-4.233322475399057,0.0020664316614957,544.9,500.5,451.75,404.9,362.4,318.4,278.7,240.5,204.25,169.8,139.9,114.0,91.2,71.95,56.0,43.4,33.15,25.75,20.15,15.9,12.95,17.4,19.95,23.45,27.95,33.5,40.7,49.65,60.8,74.5,91.8,111.9,134.35,162.0,192.6,226.7,262.3,304.9,346.2,389.0,430.95,482.65,2026-02-17,0.0090485688402505,0.0951239656461531,4.986666666666666,25716.0,0.0923856521372063,26028.028813902325,26000,0.0171423135464231,0.0085351087208168,-4.76356718458407,4.986666666666666,-3.894278060482061,0.000479007828144,2026,-0.0027383135089467,0.0001790563357806,0.000146311509845,0.1022021728649803,-3.274482593556657e-05,1.223802118987387,-0.009816520727774,-8.627810076607666,-8.829772580134238,-4.066205395550156,0.0001112199598609,0.7601586503944764,0.0118373018984445,3.5091549984059075e-05,0.2019625035268231,0,1,0,3055.0,1040.0,10140.0,4030.0,20150.0,19630.0,126815.0,85280.0,379665.0,743600.0,1824680.0,684905.0,840450.0,342680.0,567645.0,264225.0,448565.0,179465.0,229645.0,185705.0,389740.0,283465.0,145015.0,296985.0,124085.0,401570.0,212095.0,559715.0,369590.0,793715.0,1345045.0,1822990.0,365365.0,493025.0,89700.0,94705.0,13065.0,23660.0,4030.0,5525.0,910.0,53820.0,0.1185325191065364,17.4,283465.0,0.1142702105139873,19.95,145015.0,0.1106428151966536,23.45,296985.0,0.1073597156645575,27.95,124085.0,0.1041801558704008,33.5,401570.0,0.1014743987390627,40.7,212095.0,0.0989710498692961,49.65,559715.0,0.0967592484595381,60.8,369590.0,0.0948096692241085,74.5,793715.0,0.0936417752492223,91.8,1345045.0,0.0923856521372063,251.8,3647670.0,0.0917553157677797,114.0,684905.0,0.0910606200093542,91.2,840450.0,0.0906654107877756,71.95,342680.0,0.0905104041540004,56.0,567645.0,0.0909060857345606,43.4,264225.0,0.0912840185044638,33.15,448565.0,0.0926285581385168,25.75,179465.0,0.0943614431924117,20.15,229645.0,0.0963879225509693,15.9,185705.0,0.0991960467499857,12.95,389740.0,0.0024240170869022,-0.001325032127852,0.0037490492147542,0.0005494924795251,0.0929351446167314,0.0065853977320898,-0.0018752479832059,0.0084606457152957,0.0023550748744419,0.0947407270116482,0.0117945037331945,-0.0011016336327424,0.0128961373659369,0.005346435050226,0.0977320871874323,0.0182571630594473,0.0019757910552054,0.0162813720042419,0.0101164770573264,0.1025021291945327,0.0261468669693301,0.0068103946127794,0.0193364723565506,0.0164786307910548,0.1088642829282611,0.0918821778089469,-0.0055463544872337,0.0058101060797762,0.000132756714218,0.7620924778064059,low,5,0.02039818476858284,252,rr_only,0920_open,500,221.45000000000002,284.0,-62.54999999999998,278.54999999999995
2026-02-18,25742.0,25725.9,-0.0004116928596426,0.0531970156378512,0.0021113355605624,-4.749337827083195,-4.848468193836379,-4.29086140663129,0.0013054870240221,522.1,479.9,437.65,392.55,349.2,306.85,268.35,231.65,200.3,167.85,140.4,115.9,92.8,76.0,59.6,48.45,37.6,29.95,23.6,18.35,15.15,24.35,28.5,33.05,38.35,45.6,55.65,65.5,80.0,95.8,114.5,134.6,160.1,190.3,219.7,257.2,294.9,334.55,372.8,424.85,463.3,511.9,2026-02-24,0.0091118104516796,0.0954558036563497,4.986666666666666,25460.25,0.1023104880526873,25755.805968594053,25750,0.0171423135464231,0.010467435965579,-4.559486177540933,4.986666666666666,-2.9337529812409064,0.0004116928596426,2026,0.0068546843963376,0.0001803077835411,0.000179436069349,0.1025587030564092,-8.717141921117807e-07,1.0048580767248976,-0.0002482150037219,-8.620845258741301,-8.625691573091098,-4.066205395550156,0.0001315225316046,0.7329771103531559,0.0147183025173509,4.791353774445784e-05,0.0048463143497327,0,1,0,975.0,3770.0,2015.0,15275.0,4680.0,61360.0,36790.0,241020.0,226330.0,1180790.0,1367860.0,1188460.0,593580.0,592280.0,342485.0,807235.0,238485.0,392665.0,188110.0,322855.0,165815.0,124215.0,201825.0,191490.0,311870.0,197990.0,472030.0,257530.0,586755.0,486590.0,1369615.0,1216475.0,598845.0,141700.0,126295.0,19500.0,62530.0,2470.0,6500.0,195.0,13520.0,1105.0,0.1273553208425552,24.35,124215.0,0.1241117280117116,28.5,201825.0,0.1203988911065833,33.05,191490.0,0.1165710733689323,38.35,311870.0,0.1137233075263268,45.6,197990.0,0.1122217978099323,55.65,472030.0,0.1089397712009887,65.5,257530.0,0.1079986939639622,80.0,586755.0,0.1062172647497896,95.8,486590.0,0.1047479703235228,114.5,1369615.0,0.1023104880526873,275.0,2584335.0,0.1017368648963056,115.9,1188460.0,0.1000094985313416,92.8,593580.0,0.100963261921904,76.0,592280.0,0.1000777746806415,59.6,342485.0,0.1016889039801065,48.45,807235.0,0.1016061211684156,37.6,238485.0,0.1029692588090008,29.95,392665.0,0.1041499246779489,23.6,188110.0,0.1051101383803785,18.35,322855.0,0.1078832524231126,15.15,165815.0,0.0039067766971023,-0.0023009895213456,0.0062077662184479,0.0008028935878783,0.1031133816405656,0.0066292831483013,-0.0022327133720457,0.0088619965203471,0.0021982848881278,0.1045087729408151,0.0114128194736395,-0.0007043668842716,0.0121171863579112,0.0053542262946839,0.1076647143473712,0.018088403053896,0.0018394366252616,0.0162489664286343,0.0099639198395788,0.1122744078922661,0.0250448327898679,0.0055727643704253,0.0194720684194425,0.0153087985801466,0.1176192866328339,0.1026773322605343,-0.007207280080427,0.0067051392461521,0.0006312834604414,0.7329707977052682,low,5,0.02000100915454256,252,rr_only,0920_open,500,235.50000000000003,289.75,-54.24999999999997,264.5
2026-02-27,25394.8,25400.85,-0.0025346462559733,0.1187165550172461,0.0038196796194496,-4.44769605263368,-4.542885829267412,-4.453710259294883,0.0005748259740265,503.7,461.25,416.1,368.4,325.0,282.5,242.7,204.0,168.6,137.3,109.5,85.5,65.9,50.1,37.55,28.5,21.35,16.1,12.45,9.7,7.9,13.5,15.85,19.4,23.4,28.5,35.8,44.7,56.8,70.95,89.35,111.35,137.65,168.25,202.0,240.75,282.4,324.4,368.7,413.15,461.2,512.85,2026-03-02,0.0370875404892943,0.192581256848361,1.9866666666666664,24849.75,0.1154265390771574,25398.149009266777,25400,0.0089231354642313,0.0133232859233305,-4.318241953352368,1.9866666666666664,-2.131016517695965,0.0025346462559733,2026,-0.0771547177712035,0.0002923832557092,0.0001188854851225,0.181016225874969,-0.0001734977705866,2.4593688237703804,-0.0655896867978115,-8.137445096744594,-9.037349838064593,-4.719107884712219,8.844019406054318e-05,0.7439107807766984,0.0158708459514702,3.0445291062020864e-05,0.8999047413203599,0,1,0,1690.0,975.0,55965.0,2275.0,40300.0,10855.0,229060.0,121160.0,566215.0,716755.0,3165695.0,1678560.0,2338375.0,1260350.0,1410175.0,817895.0,949000.0,508755.0,679510.0,531310.0,542100.0,461240.0,302705.0,1338155.0,600860.0,986180.0,787410.0,1526005.0,1330745.0,2588495.0,3400670.0,5577260.0,2574910.0,3238365.0,579410.0,604305.0,79690.0,163735.0,12090.0,33085.0,4160.0,12090.0,0.151067415448595,13.5,461240.0,0.1453718127284021,15.85,302705.0,0.1410979406194181,19.4,1338155.0,0.1360517699761053,23.4,600860.0,0.1312257683215276,28.5,986180.0,0.1277924396067797,35.8,787410.0,0.1241204308609078,44.7,1526005.0,0.1217488333839461,56.8,1330745.0,0.1186747312434257,70.95,2588495.0,0.1169468715599927,89.35,3400670.0,0.1154265390771574,220.85,8742955.0,0.1143131500429744,85.5,1678560.0,0.1140726889315764,65.9,2338375.0,0.1143186021150019,50.1,1260350.0,0.1148392538504963,37.55,1410175.0,0.1167036523711214,28.5,817895.0,0.1184036944541892,21.35,949000.0,0.1206442978929128,16.1,508755.0,0.1238257822741852,12.45,679510.0,0.1271850959018261,9.7,531310.0,0.1316979112926516,7.9,542100.0,0.0032481921662683,-0.0013538501455809,0.0046020423118493,0.0009471710103436,0.116373710087501,0.0086938917837504,-0.000587285226661,0.0092811770104114,0.0040533032785446,0.119479842355702,0.0157992292443702,0.0029771553770318,0.0128220738673383,0.009388192310701,0.1248147313878584,0.0256714015422607,0.0083992431970278,0.0172721583452328,0.0170353223696442,0.1324618614468017,0.0356408763714376,0.0162713722154942,0.0193695041559433,0.0259561242934659,0.1413826633706233,0.1154652964704922,-0.0062332030810939,0.0080699278727453,0.0002797320048141,0.7527519324776005,low,2,0.020298159134026918,252,rr_only,0920_open,500,199.45,500.0,-300.55,300.55
2026-03-17,23393.2,23380.5,-0.0041651842361117,0.3038990343069645,0.0056811381085102,-3.4049638008582557,-3.504868120556838,-4.013582313034133,0.0079396030325956,484.9,436.25,386.8,339.0,293.75,247.85,206.65,166.7,129.05,98.25,71.55,52.2,35.45,24.45,16.5,10.75,7.4,5.15,3.7,2.75,2.25,3.5,4.6,6.1,8.65,11.85,17.15,24.05,34.25,48.55,66.15,90.0,119.8,153.9,192.5,233.55,280.75,326.55,374.0,423.8,476.0,520.55,2026-03-17,0.0218651101551668,0.1478685570199658,0.9866666666666668,23558.8,0.3249044729262245,23381.54922070272,23400,0.0007039573820395,0.1055629165274677,-2.2484481386317996,0.9866666666666668,-1.1910597567315508,0.0041651842361117,2026,0.1770359159062587,8.56094260043568e-05,7.431179435913044e-05,0.3487286341721987,-1.1297631645226368e-05,1.1520301284965306,-0.0238241612459741,-9.365715164005668,-9.507240879146172,-7.258792740514372,4.785447939427125e-05,0.6439688316904641,0.0641762082021417,2.6457314964859187e-05,0.1415257151405042,0,1,0,17745.0,2990.0,127205.0,25285.0,99515.0,79820.0,380445.0,294710.0,1284985.0,1810575.0,6110000.0,3665740.0,6882850.0,2657070.0,3206970.0,3459560.0,3321500.0,2173925.0,3111160.0,1512030.0,1806610.0,1611935.0,1090440.0,3228160.0,1621880.0,2205710.0,1326585.0,3008395.0,2206425.0,4044885.0,3439540.0,5897320.0,1704040.0,1749735.0,332800.0,397735.0,36855.0,71500.0,9360.0,60970.0,13455.0,3510.0,0.4289981907914702,3.5,1611935.0,0.4122927584363926,4.6,1090440.0,0.395537497634073,6.1,3228160.0,0.3841165530990661,8.65,1621880.0,0.3692989912401701,11.85,2205710.0,0.3604832064479293,17.15,1326585.0,0.3489016698984503,24.05,3008395.0,0.341082533803158,34.25,2206425.0,0.3360908015648141,48.55,4044885.0,0.3273103253397814,66.15,3439540.0,0.3249044729262245,161.55,12007320.0,0.3305120298227575,52.2,3665740.0,0.32775438493185,35.45,6882850.0,0.3334121871531311,24.45,2657070.0,0.3390381004257407,16.5,3206970.0,0.3432146499613093,10.75,3459560.0,0.3538435657456029,7.4,3321500.0,0.3653688108595592,5.15,2173925.0,0.3788995400862475,3.7,3111160.0,0.3941033744600091,2.75,1512030.0,0.4147365637561864,2.25,1806610.0,0.0111863286385896,0.0028499120056255,0.008336416632964,0.0070181203221075,0.331922593248332,0.0239971969722258,0.0141336274995161,0.0098635694727096,0.0190654122358709,0.3439698851620955,0.0443945183139456,0.0289390928193784,0.0154554254945671,0.036666805566662,0.3615712784928865,0.0706330247078485,0.053995067160023,0.0166379575478254,0.0623140459339358,0.3872185188601603,0.1040937178652457,0.0898320908299619,0.0142616270352838,0.0969629043476038,0.4218673772738283,0.3284608786441718,-0.0082903944742925,0.0155378640957369,0.0017883683494531,0.6754620377363826,high,1,0.022055225191919936,252,rr_only,0920_open,500,155.8,158.79999999999927,-2.999999999999261,344.2
2026-03-24,22789.8,22776.05,-0.0040864114889238,0.1559019490380154,0.0054585823482434,-2.012533439667385,-3.1493803069821573,-3.625498096681427,-0.028142904474954,501.5,457.95,405.75,356.7,315.5,272.4,236.1,198.9,167.35,137.8,109.35,86.55,70.25,52.1,39.0,28.6,21.05,14.7,10.4,7.45,5.5,7.45,10.0,13.15,18.8,25.5,32.45,44.7,58.6,75.05,96.0,121.9,148.85,174.85,212.15,249.45,288.8,328.85,376.85,419.95,470.95,506.6,2026-03-24,0.0351635671699213,0.1875195114379337,0.9866666666666668,22958.4,0.4788139647465067,22787.449469908897,22800,0.0007039573820395,0.2292628128362689,-1.4728862791728208,0.9866666666666668,-1.8585280011491168,0.0040864114889238,2026,0.2912944533085729,0.0001376774587605,0.0001613912495232,0.4422402194373142,2.3713790762693276e-05,0.8530664405118212,0.0365737453091925,-8.890596863810224,-8.731679019687194,-7.258792740514372,9.049989869457128e-05,0.5607484851992803,0.1202630269280931,7.089135082866046e-05,-0.1589178441231121,1,0,0,10400.0,5070.0,35295.0,33605.0,331695.0,106340.0,357695.0,258180.0,1038765.0,1363245.0,4306185.0,2483390.0,3105245.0,1672125.0,5143775.0,1440855.0,2168725.0,1472705.0,3047980.0,1221220.0,2173730.0,1744145.0,1053975.0,2370095.0,1037465.0,3443830.0,1334840.0,2508545.0,1636440.0,3093025.0,3079505.0,4255355.0,1648660.0,1228240.0,364065.0,615225.0,40170.0,87750.0,14170.0,71760.0,12740.0,11570.0,0.5148613308166167,7.45,1744145.0,0.5050518318787619,10.0,1053975.0,0.4930895868791771,13.15,2370095.0,0.4936121562447629,18.8,1037465.0,0.4890260162594402,25.5,3443830.0,0.4747410720044928,32.45,1334840.0,0.4784177998906608,44.7,2508545.0,0.4758796325890602,58.6,1636440.0,0.471287220733858,75.05,3093025.0,0.4719856169061109,96.0,3079505.0,0.4788139647465067,231.25,8561540.0,0.476690792143748,86.55,2483390.0,0.4884046191657994,70.25,3105245.0,0.4778161999972866,52.1,1672125.0,0.4765103660697877,39.0,5143775.0,0.4754266115395627,28.6,1440855.0,0.4783115918416732,21.05,2168725.0,0.476203852697047,14.7,1472705.0,0.4785644302096911,10.4,3047980.0,0.4838689201921346,7.45,1221220.0,0.4929187051790524,5.5,2173730.0,-0.0075267440126486,0.0095906544192927,-0.0171173984319414,0.0010319552033219,0.4798459199498287,-0.0003961648558458,-0.002303598676719,0.0019074338208731,-0.0013498817662824,0.4774640829802242,0.0102120515129335,-0.0005023729048334,0.0107144244177669,0.00485483930405,0.4836688040505568,0.0142756221326703,-0.0002495345368156,0.014525156669486,0.0070130437979273,0.485827008544434,0.0360473660701099,0.0141047404325457,0.0219426256375642,0.0250760532513277,0.5038900179978345,0.4762728178499133,-0.0010722207503745,0.004101157840925,0.0048404900098844,0.5832194755605223,high,1,0.024218827176447258,252,rr_only,0920_open,500,218.3,158.40000000000146,59.899999999998556,281.7
2026-03-25,23162.2,23182.35,0.0042486056942669,0.2224312920078351,0.0047426410271907,-2.3084845622170533,-2.853802848451384,-3.5150496190947127,0.0204952934354754,600.45,560.6,527.05,490.1,453.4,419.4,387.5,357.0,327.6,299.2,271.95,246.65,222.35,200.95,180.4,161.25,143.45,127.4,112.5,99.5,87.55,135.2,147.75,160.85,174.7,190.5,206.65,224.05,242.25,263.4,284.6,308.0,332.55,358.65,386.3,414.8,440.75,479.0,512.0,548.05,582.55,622.25,2026-03-30,0.0472186980228709,0.2172986378762438,2.986666666666667,22379.2,0.2617435691442462,23113.91883373889,23150,0.0144025875190258,0.0685096959883687,-2.680779996455371,2.986666666666667,-1.5031370250291551,0.0042486056942669,2026,0.0444449312680023,0.0005596290136043,0.0009867168923743,0.1971196183286918,0.0004270878787699,0.567162696746545,0.0646239508155543,-7.488236469475509,-6.921127396176421,-4.240347399721049,0.0005252993315509,0.5323708711288988,0.0707656475561634,0.0004614175608234,-0.5671090732992276,1,0,1,9100.0,14625.0,48425.0,11830.0,135330.0,44590.0,365300.0,126555.0,612430.0,733330.0,912340.0,234975.0,372645.0,210210.0,376155.0,244140.0,587470.0,101465.0,402740.0,227045.0,249990.0,193635.0,277875.0,171600.0,68965.0,198120.0,109330.0,459420.0,125840.0,567515.0,422955.0,481195.0,75465.0,75010.0,16315.0,69355.0,3640.0,43225.0,3705.0,3315.0,1040.0,8710.0,0.2869244307666725,135.2,193635.0,0.2846422009674291,147.75,277875.0,0.2819233783074374,160.85,171600.0,0.2789512962658995,174.7,68965.0,0.2768512581005199,190.5,198120.0,0.2740027314543148,206.65,109330.0,0.2712379507171774,224.05,459420.0,0.2680927656673215,242.25,125840.0,0.2664876964039288,263.4,567515.0,0.2637301475260519,284.6,422955.0,0.2617435691442462,579.95,1393535.0,0.2596475214270368,246.65,234975.0,0.2571853118781217,222.35,372645.0,0.2560979981866288,200.95,210210.0,0.2545073996460815,180.4,376155.0,0.2529264409487294,161.25,244140.0,0.2513210065947797,143.45,587470.0,0.2501298852153795,127.4,101465.0,0.2487852303251315,112.5,402740.0,0.2481685493340854,99.5,227045.0,0.2474291828591106,87.55,249990.0,0.0047441272596825,-0.0045582572661244,0.009302384525807,9.293499677903716e-05,0.2618365041410252,0.0094943815729312,-0.0072361694981646,0.0167305510710959,0.0011291060373833,0.2628726751816295,0.0151076889562737,-0.0104225625494664,0.0255302515057401,0.0023425632034036,0.2640861323476498,0.0201798091631912,-0.0129583388191146,0.0331381479823058,0.0036107351720383,0.2653543043162845,0.0251808616224263,-0.0143143862851355,0.0394952479075619,0.0054332376686453,0.2671768068128916,0.2631700733976724,-0.0320804267793616,0.0144699017660104,0.000241793436023,0.6179836459284089,high,3,0.03420874827606138,252,rr_only,0920_open,500,357.20000000000005,500.0,-142.79999999999995,142.79999999999995
2026-04-01,22888.6,22894.7,-0.0005241777082409,0.2076098088031244,0.0040740805466476,-2.45620310766879,-2.698728408066581,-3.314160560878648,-0.0203595370867225,650.0,610.3,575.0,538.6,504.5,471.7,438.5,408.05,377.3,350.1,323.05,296.9,271.85,249.05,228.15,207.5,188.5,170.8,154.5,139.45,125.4,144.15,156.6,169.6,183.0,200.0,216.35,234.5,252.85,274.1,293.5,315.75,342.05,368.85,394.55,423.0,449.5,483.4,514.05,544.65,576.45,609.4,2026-04-07,0.0596561953588361,0.2442461777773322,3.986666666666667,23129.95,0.2672613478028307,22907.307512195963,22900,0.0171423135464231,0.0714286280293856,-2.6390565372041737,3.986666666666667,-1.5720948802366184,0.0005241777082409,2026,0.0230151700254984,0.0009437673234016,0.0012244519378705,0.2346376773721808,0.0002806846144688,0.7707671442318923,0.0326236704306498,-6.965630901647184,-6.705261932754331,-4.066205395550156,0.0006371209705194,0.5203315465590918,0.0744750192130567,0.000587330967351,-0.2603689688929081,1,0,0,28860.0,11050.0,89440.0,25025.0,54340.0,9360.0,109005.0,65975.0,392080.0,346970.0,825370.0,258505.0,790010.0,117585.0,234325.0,148850.0,418145.0,125710.0,230230.0,91585.0,197015.0,205010.0,60840.0,309075.0,74880.0,140465.0,66560.0,163930.0,73255.0,422305.0,387725.0,490620.0,85670.0,215085.0,10530.0,57200.0,3900.0,15340.0,1105.0,9295.0,65.0,5395.0,0.2867973746866195,144.15,205010.0,0.2847156639471028,156.6,60840.0,0.2823006078600595,169.6,309075.0,0.2793996711932389,183.0,74880.0,0.2788947353098334,200.0,140465.0,0.2768368287445095,216.35,66560.0,0.2754120622701411,234.5,163930.0,0.2731915034560687,252.85,73255.0,0.2724606423359816,274.1,422305.0,0.2691673435770029,293.5,387725.0,0.2672613478028307,638.8,1315990.0,0.2656175475403777,296.9,258505.0,0.2638444935475426,271.85,790010.0,0.2629032317999394,249.05,117585.0,0.2625165018278503,228.15,234325.0,0.2612785877241857,207.5,148850.0,0.2604010636141496,188.5,418145.0,0.2596040126124481,170.8,125710.0,0.2590103041470417,154.5,230230.0,0.2585223578899207,139.45,91585.0,0.2579346534722566,125.4,197015.0,0.0051992945331509,-0.003416854255288,0.008616148788439,0.0008912201389314,0.2681525679417621,0.0081507144673104,-0.0047448459749803,0.0128955604422907,0.001702934246165,0.2689642820489957,0.0116333875070027,-0.006860284188681,0.0184936716956837,0.0023865516591608,0.2696478994619915,0.0150392600572288,-0.0082510436557889,0.0232903037130178,0.0033941082007199,0.2706554560035506,0.0195360268837888,-0.009326694330574,0.0288627212143628,0.0051046662766073,0.272366014079438,0.2673604117379123,-0.0253816292689472,0.0151797158933961,0.0005529285512028,0.6049345543297067,high,4,0.03372753199725094,252,rr_only,0920_open,500,369.25,229.95000000000073,139.29999999999927,130.75
2026-04-08,23898.0,23918.0,0.0018762399468272,0.0567877644928328,0.0046175412168381,-3.1673124362910308,-2.6097008428274737,-3.053972551676509,0.0073986980856282,569.05,528.4,488.1,453.3,417.7,381.3,349.0,320.15,290.3,261.1,236.65,211.1,189.5,167.85,149.35,131.5,114.05,100.6,87.9,76.1,65.2,88.35,98.1,109.5,121.9,136.0,151.05,168.0,186.6,207.2,229.05,253.8,278.75,306.3,336.2,364.0,383.6,432.25,459.55,504.0,527.7,576.55,2026-04-13,0.0397267588850179,0.199315726637458,3.986666666666667,23818.9,0.2144917942276846,23882.835173332092,23900,0.0144025875190258,0.0460067297910114,-3.078967593389219,3.986666666666667,-2.8684343903185066,0.0018762399468272,2026,0.0151760675902265,0.0006284815294508,0.0006626159522792,0.208894015298167,3.413442282840099e-05,0.9484853591118836,0.0055977789295175,-7.372203918670014,-7.319314993110268,-4.240347399721049,0.0003787310686551,0.5715695001794361,0.0523312455373858,0.000283884883624,-0.0528889255597454,1,0,0,68900.0,13065.0,172315.0,22100.0,76115.0,12675.0,167115.0,90805.0,696670.0,481000.0,1402960.0,579280.0,1466920.0,269035.0,525720.0,332800.0,580320.0,302575.0,570115.0,247975.0,345020.0,221130.0,120055.0,472030.0,100165.0,240500.0,280085.0,321685.0,150280.0,772915.0,348790.0,789165.0,134095.0,372775.0,19370.0,32890.0,8515.0,47580.0,3510.0,7800.0,910.0,4225.0,0.2315567970080987,88.35,221130.0,0.2286826510377235,98.1,120055.0,0.22650308514662,109.5,472030.0,0.2241944159885225,121.9,100165.0,0.2223766023304091,136.0,240500.0,0.2202224532068778,151.05,280085.0,0.2185655098818806,168.0,321685.0,0.2170853542948105,186.6,150280.0,0.2160319527724485,207.2,772915.0,0.2146941982930195,229.05,348790.0,0.2144917942276846,490.4500000000001,2192125.0,0.212564621075347,211.1,579280.0,0.2126808372401255,189.5,1466920.0,0.2113130976621984,167.85,269035.0,0.2113554472534148,149.35,525720.0,0.2105643986262919,131.5,332800.0,0.2086438949446838,114.05,580320.0,0.2092481559773515,100.6,302575.0,0.2092540187208438,87.9,570115.0,0.2088214759881257,76.1,247975.0,0.2079565002077301,65.2,345020.0,0.0015401585447639,-0.001810956987559,0.003351115532323,-0.0001353992213975,0.214356395006287,0.004073715654196,-0.0031363469742698,0.0072100626284658,0.0004686843399631,0.2149604785676477,0.0078848081027244,-0.0058478992830007,0.0137327073857252,0.0010184544098618,0.2155102486375464,0.0120112909189354,-0.0052377755068407,0.0172490664257761,0.0033867577060473,0.2178785519337319,0.017065002780414,-0.0065352940199545,0.0236002968003685,0.0052648543802297,0.2197566486079143,0.2143518299056685,-0.0129142767114098,0.0070178850053889,0.0004806414566331,0.6409965735170202,high,4,0.03320304862398662,252,rr_only,0920_open,500,336.9000000000001,81.09999999999854,255.80000000000155,163.0999999999999
2026-04-15,24231.6,24231.25,0.0027709692250003,0.1547091038061981,0.0048779279948497,-2.3669959162542087,-2.862378031744206,-3.022237707602686,-0.0097304546460368,569.95,530.7,488.45,449.45,412.55,374.45,341.35,307.55,276.3,245.9,218.2,192.0,167.7,146.15,125.8,107.9,91.9,77.65,65.35,54.5,45.45,70.9,79.8,89.5,100.4,111.8,126.4,141.55,156.9,175.55,196.1,217.3,241.0,267.2,295.35,326.45,357.75,387.25,426.0,464.9,504.15,543.95,2026-04-21,0.0120063740970433,0.1095736012780601,4.986666666666666,24580.6,0.1720873136022926,24250.900926161143,24250,0.0171423135464231,0.0296140435028538,-3.5195065875004774,4.986666666666666,-1.866208675001451,0.0027709692250003,2026,0.0625137123242324,0.0002375864503859,0.0005076532191033,0.1177270108872046,0.0002700667687173,0.468009344657726,0.0543603027150879,-8.344978999097103,-7.585711983050634,-4.066205395550156,0.0003090805074544,0.6088418152855675,0.0378104801416271,0.0001985727116488,-0.7592670160465553,1,0,1,11830.0,47450.0,16380.0,71955.0,14430.0,122980.0,11375.0,175630.0,118105.0,522860.0,650780.0,439010.0,157690.0,406705.0,158665.0,445640.0,198770.0,260715.0,130000.0,243425.0,113815.0,83070.0,241020.0,111020.0,194350.0,98020.0,314795.0,84435.0,393250.0,138905.0,545675.0,408655.0,189735.0,44915.0,29445.0,5395.0,48425.0,5200.0,8385.0,780.0,4940.0,390.0,0.194514883065401,70.9,83070.0,0.1922137314520814,79.8,241020.0,0.1897032919223064,89.5,111020.0,0.1873077988734497,100.4,194350.0,0.184289252493069,111.8,98020.0,0.182993577053356,126.4,314795.0,0.1809203260490689,141.55,84435.0,0.1777808198598802,156.9,393250.0,0.1760640774285807,175.55,138905.0,0.1745138288245389,196.1,545675.0,0.1720873136022926,435.5,1059435.0,0.1702422014230653,192.0,439010.0,0.1684266796249758,167.7,157690.0,0.1673135153062795,146.15,406705.0,0.1656473993856935,125.8,158665.0,0.1644828863338543,107.9,445640.0,0.1634149961537222,91.9,198770.0,0.1623721802951698,77.65,260715.0,0.1616514973708865,65.35,130000.0,0.1608650639166933,54.5,243425.0,0.1605622817525385,45.45,113815.0,0.0039767638262881,-0.0036606339773167,0.0076373978036048,0.0001580649244857,0.1722453785267783,0.0088330124467763,-0.006439914216599,0.0152729266633754,0.0011965491150886,0.1732838627173812,0.0122019388907763,-0.0086723174485703,0.0208742563393467,0.001764810721103,0.1738521243233956,0.0176159783200138,-0.010435816231406,0.0280517945514199,0.0035900810443038,0.1756773946465964,0.0224275694631084,-0.011525031849754,0.0339526013128624,0.0054512688066772,0.1775385824089698,0.1721822105724212,-0.0197558809954655,0.005933898405733,0.000351595088662,0.6852292536338321,high,5,0.0332463157184405,252,rr_only,0920_open,500,319.15,330.59999999999854,-11.449999999998568,180.85000000000002
2026-04-22,24477.45,24482.6,0.0003452492008272,0.0266460923141871,0.0033316378952872,-4.531763638609693,-3.99611450042008,-3.133884612117059,0.0102103664495227,539.9,496.1,462.0,425.75,390.0,355.55,323.7,293.0,263.85,236.55,210.1,185.25,164.1,143.85,124.2,107.95,93.15,79.45,66.9,57.05,47.95,84.0,94.8,106.05,119.75,133.7,149.75,166.65,186.1,206.45,228.7,253.7,280.0,306.5,335.3,367.05,400.95,434.0,472.4,510.1,548.8,590.0,2026-04-28,0.0132857567663272,0.1152638571553426,4.986666666666666,24016.5,0.1810537827117399,24456.355132637807,24500,0.0171423135464231,0.0327804722342299,-3.417922299600912,4.986666666666666,-3.625112768983139,0.0003452492008272,2026,0.0657899255563973,0.0002629033349527,0.0005619331332389,0.1238406806744723,0.0002990297982862,0.4678551937974219,0.0572131020372675,-8.24372414105702,-7.48412769515107,-4.066205395550156,0.0003359831896927,0.5979059959609272,0.0410550652201973,0.0002259499435462,-0.7595964459058666,1,0,1,40300.0,1300.0,4680.0,3185.0,37375.0,20020.0,107965.0,59280.0,336765.0,368875.0,1141790.0,315380.0,382655.0,150540.0,277810.0,111800.0,268255.0,113165.0,242190.0,94770.0,481975.0,479700.0,117715.0,151060.0,80535.0,295880.0,259805.0,361920.0,185900.0,648765.0,526110.0,944385.0,146445.0,248950.0,20930.0,58175.0,6760.0,19110.0,1820.0,4030.0,1105.0,17550.0,0.1962744340499097,84.0,479700.0,0.1946993885770467,94.8,117715.0,0.19246950188018,106.05,151060.0,0.1913856022978186,119.75,80535.0,0.1893466857862327,133.7,295880.0,0.1879281847679996,149.75,259805.0,0.1859971557756164,166.65,361920.0,0.1848866268112508,186.1,185900.0,0.1832079805176747,206.45,648765.0,0.1817203463791009,228.7,526110.0,0.1810537827117399,463.7999999999999,2086175.0,0.1791043332903998,185.25,315380.0,0.1787124550870638,164.1,382655.0,0.1776661442496763,143.85,150540.0,0.175673927081952,124.2,277810.0,0.1751412187895017,107.95,111800.0,0.1744893337518239,93.15,268255.0,0.1734168157854218,79.45,113165.0,0.1719680204097782,66.9,242190.0,0.1719307352814772,57.05,94770.0,0.1713440101541869,47.95,481975.0,0.0021541978059348,-0.002341327624676,0.0044955254306108,-9.356490937059704e-05,0.1809602178023693,0.0049433730638765,-0.0053798556297878,0.0103232286936643,-0.0002182412829556,0.1808355414287842,0.0082929030744928,-0.006564448959916,0.0148573520344088,0.0008642270572884,0.1819180097690283,0.0114157191684401,-0.0090857623019616,0.0205014814704018,0.0011649784332392,0.1822187611449791,0.0152206513381698,-0.009709772557553,0.0249304238957228,0.0027554393903083,0.1838092221020483,0.1818150724953507,-0.0151332791970394,0.0041456766034798,0.0002909650215283,0.6490264068884148,high,5,0.032120877296128614,252,rr_only,0920_open,500,331.84999999999997,483.5,-151.65000000000003,168.15000000000003
2026-04-29,24091.0,24118.2,-0.0002531766418644,0.0321917118471958,0.0022082935536092,-4.481787197731621,-4.365600618434693,-3.410298319265362,-0.0038938933437399,551.8,511.5,466.0,420.0,386.0,347.25,309.95,280.05,248.5,217.45,192.0,166.05,144.5,122.5,104.4,89.85,75.1,63.1,52.8,44.1,36.35,45.55,53.2,61.4,70.25,82.8,94.3,111.35,128.1,144.0,166.6,187.3,213.8,240.45,268.9,303.85,337.35,373.65,403.35,450.0,489.45,536.0,2026-05-05,0.0185180992251172,0.1360812228969053,3.986666666666667,24052.15,0.150792988388272,24104.70483661932,24100,0.0171423135464231,0.0227385253470655,-3.783694641176502,3.986666666666667,-3.4360462556136424,0.0002531766418644,2026,0.0147117654913666,0.0002929582893285,0.0003897909310826,0.1307278679447945,9.683264175411224e-05,0.7515780023789952,0.0200651204434774,-8.135480316321324,-7.849900036726659,-4.066205395550156,0.000248775499616,0.638228034000319,0.0303257134613274,0.0001410154314666,-0.2855802795946955,1,0,0,3250.0,390.0,7735.0,6565.0,39780.0,27170.0,135395.0,78650.0,1275040.0,507455.0,2325310.0,888875.0,933140.0,270595.0,493740.0,345150.0,408330.0,258050.0,927875.0,145860.0,302770.0,283660.0,146770.0,405470.0,191100.0,471380.0,236990.0,430365.0,246090.0,853320.0,585455.0,1506700.0,376545.0,404300.0,40430.0,98865.0,12415.0,32955.0,3900.0,49595.0,910.0,5200.0,0.1662497538308587,45.55,283660.0,0.16461754329544,53.2,146770.0,0.1623747918414115,61.4,405470.0,0.1596231937040194,70.25,191100.0,0.1592793903103693,82.8,471380.0,0.1564883843952181,94.3,236990.0,0.1572483284658947,111.35,430365.0,0.1561312769299451,128.1,246090.0,0.1528086723137759,144.0,853320.0,0.1533786654965507,166.6,585455.0,0.150792988388272,379.3,3832010.0,0.1491804937803799,166.05,888875.0,0.1494022091956454,144.5,933140.0,0.1475491417093724,122.5,270595.0,0.1471981940164294,104.4,493740.0,0.1482766385073873,89.85,345150.0,0.1475247756977879,75.1,408330.0,0.1477311437162994,63.1,258050.0,0.148088601798019,52.8,927875.0,0.1486815931488429,44.1,145860.0,0.1488879945916419,36.35,302770.0,0.0020156839255039,-0.0013907791926265,0.0034064631181305,0.0003124523664387,0.1511054407547107,0.0064553400776227,-0.0035947943718425,0.0100501344494653,0.00143027285289,0.152223261241162,0.0084864019220973,-0.003268212690484,0.0117546146125813,0.0026090946158066,0.1534020830040786,0.0115818034531395,-0.0027043865902529,0.0142861900433924,0.0044387084314432,0.1552316968197152,0.0154567654425867,-0.00190499379663,0.0173617592392167,0.0067758858229783,0.1575688742112503,0.1509680290289534,-0.009717171919077,0.0055840428605316,0.0008756267051554,0.6764567145940605,middle,4,0.03008633592377426,252,rr_only,0920_open,500,297.4,47.849999999998545,249.55000000000143,202.60000000000002
2026-05-06,24179.2,24178.3,0.0001985653658886,0.0527942922609983,0.0035691834303864,-4.053650912593552,-4.090364610259675,-3.614340467124509,-0.0029745154098002,578.55,537.25,493.8,450.6,410.75,375.15,334.95,300.95,268.1,238.55,209.1,183.2,158.3,135.9,116.2,98.5,82.85,69.15,57.4,47.05,38.4,41.35,48.45,55.85,64.7,75.0,87.35,101.2,115.95,134.0,151.75,173.05,196.85,223.3,251.75,281.05,309.0,347.0,383.75,415.15,454.35,502.65,2026-05-12,0.0169445117596718,0.1301710864964712,4.986666666666666,23430.55,0.1507783459588229,24236.08709789925,24200,0.0171423135464231,0.0227341096100785,-3.783888856312926,4.986666666666666,-2.941352195230724,0.0001985653658886,2026,0.0206072594623517,0.0003353040951384,0.0003897152351347,0.1398571621122557,5.441113999623729e-05,0.8603823122864865,0.0109211838465671,-8.00047269121004,-7.850094251863083,-4.066205395550156,0.0002487358074814,0.6382501505118594,0.0303206816929667,0.0001409794276532,-0.1503784393471519,1,0,0,13585.0,1430.0,15860.0,7410.0,49010.0,28860.0,364910.0,99515.0,318240.0,453050.0,1459640.0,704015.0,817895.0,289250.0,346385.0,244335.0,666315.0,156520.0,275340.0,198185.0,327210.0,224705.0,115245.0,390195.0,109850.0,422370.0,160745.0,793715.0,204425.0,502580.0,534625.0,1344590.0,455390.0,336895.0,52390.0,99385.0,13195.0,71305.0,5070.0,3055.0,975.0,3900.0,0.166476233375231,41.35,224705.0,0.1649499725776744,48.45,115245.0,0.1625682079166776,55.85,390195.0,0.1606152346043531,64.7,109850.0,0.1588848920187198,75.0,422370.0,0.1577821215183631,87.35,160745.0,0.1566076695726125,101.2,793715.0,0.1547624106315473,115.95,204425.0,0.1542045581246659,134.0,502580.0,0.15184904688026,151.75,534625.0,0.1507783459588229,382.15,2804230.0,0.150255979655704,183.2,704015.0,0.1488668197527968,158.3,817895.0,0.1477814580592899,135.9,289250.0,0.1471879363064259,116.2,346385.0,0.1465628574554659,98.5,244335.0,0.1460107812841689,82.85,666315.0,0.1455353493743625,69.15,156520.0,0.1452705080441886,57.4,275340.0,0.1447773801650881,47.05,198185.0,0.1445445616505068,38.4,327210.0,0.003426212165843,-0.001911526206026,0.005337738371869,0.0007573429799085,0.1515356889387314,0.0058293236137896,-0.0035904096523969,0.0094197332661866,0.0011194569806963,0.1518978029395192,0.0081065460598969,-0.0047675646746539,0.0128741107345508,0.0016694906926214,0.1524478366514443,0.0117898619578547,-0.0055078379146342,0.0172976998724889,0.0031410120216102,0.1539193579804331,0.015697887416408,-0.006233784308316,0.0219316717247241,0.0047320515540459,0.1555103975128688,0.1503013280516352,-0.0101589885151598,0.0035971998398672,0.000317287519951,0.6758638960687751,middle,5,0.0280517945514199,252,rr_only,0920_open,500,302.4,500.0,-197.60000000000002,197.60000000000002
2026-05-13,23405.45,23415.85,0.0018367323738262,0.3294232703415352,0.0060391917267131,-4.2515078163967965,-4.021225098808484,-3.983182060627415,-0.0164995309314559,606.4,579.55,525.0,483.0,447.15,410.9,375.45,343.15,310.2,280.25,251.95,226.55,201.45,179.05,158.55,138.6,121.9,106.5,92.65,80.55,69.35,63.65,72.4,82.0,92.25,104.65,117.05,131.9,148.5,167.55,187.35,208.35,231.95,256.7,284.1,312.75,344.9,377.45,413.6,446.65,486.35,525.0,2026-05-19,0.0207774524337674,0.1441438602014231,4.986666666666666,23606.2,0.187783841781683,23443.644867362193,23400,0.0171423135464231,0.0352627712342881,-3.3449275108214795,4.986666666666666,-1.1104118191025572,0.0018367323738262,2026,0.0436399815802598,0.0004111517042449,0.0006044854810139,0.1548696547464344,0.000193333776769,0.6801680390325682,0.0329141870352485,-7.796548301487443,-7.4111329063716385,-4.066205395550156,0.0003567488340877,0.5901694007428792,0.0435236304693705,0.0002477366469261,-0.3854153951157635,1,0,1,585.0,260.0,24115.0,325.0,8645.0,2730.0,18395.0,11635.0,88595.0,99320.0,568945.0,403455.0,785590.0,146835.0,331630.0,224055.0,206895.0,113685.0,216060.0,84955.0,211900.0,146120.0,100750.0,474890.0,122005.0,223730.0,136825.0,259610.0,182780.0,491205.0,307385.0,896740.0,366990.0,429975.0,60060.0,74165.0,36725.0,39195.0,6825.0,20995.0,1625.0,12220.0,0.2028683838856082,63.65,146120.0,0.2012460120550004,72.4,100750.0,0.1994435960855364,82.0,474890.0,0.1971992557063903,92.25,122005.0,0.1959512819699701,104.65,223730.0,0.1934845018773754,117.05,136825.0,0.1920588761027235,131.9,259610.0,0.1908851824529291,148.5,182780.0,0.1904728205660758,167.55,491205.0,0.1893170599777068,187.35,307385.0,0.187783841781683,460.2999999999999,1465685.0,0.1877627292567663,226.55,403455.0,0.1865709964783202,201.45,785590.0,0.1861711678039211,179.05,146835.0,0.1859273583063467,158.55,331630.0,0.1847040757564151,138.6,224055.0,0.1848667060116433,121.9,206895.0,0.1847976779254795,106.5,113685.0,0.1847802776448679,92.65,216060.0,0.1851119732372926,80.55,84955.0,0.1850098257150117,69.35,211900.0,0.0026889787843928,-0.0012128453033627,0.0039018240877556,0.000738066740515,0.188521908522198,0.0042750343210405,-0.0018564834753362,0.0061315177963768,0.0012092754228521,0.1889931172045351,0.0081674401882871,-0.0029171357700396,0.0110845759583267,0.0026251522091237,0.1904089939908067,0.0116597543038534,-0.003003564136815,0.0146633184406684,0.0043280950835191,0.1921119368652022,0.0150845421039252,-0.0027740160666712,0.0178585581705965,0.0061552630186269,0.1939391048003099,0.1874515577299919,-0.0089250572262128,0.0069845097723794,0.0003644608080588,0.6479217877974816,high,5,0.02428998802428268,252,rr_only,0920_open,500,327.29999999999995,206.20000000000073,121.09999999999923,172.70000000000005
2024-02-09,21681.4,21683.15,-0.0020433251791138,0.0534478682358362,0.0035514311806433,-4.278869746450155,-4.1918597660171795,-4.1993853824179554,-0.0086983927343594,564.0,535.65,478.35,435.8,393.65,357.05,321.1,285.1,253.3,221.95,193.45,166.85,142.15,120.3,101.4,84.7,69.55,57.1,46.05,37.1,29.55,33.7,39.75,46.95,55.85,66.0,77.65,91.55,106.65,123.45,142.8,163.9,187.25,213.15,241.9,272.4,303.0,339.5,375.35,416.3,458.4,501.25,2024-02-15,0.0175544803453174,0.1324933218895105,4.986666666666666,21927.05,0.1573510946078969,21729.58040895763,21700,0.0171423135464231,0.0247593669743033,-3.698551397958509,4.986666666666666,-2.929048525639723,0.0020433251791138,2024,0.0248577727183864,0.0003473743729708,0.0004244328318844,0.1423521958449264,7.705845891362907e-05,0.8184436897317924,0.0149988987629705,-7.96510747495302,-7.764756793508667,-4.066205395550156,0.0002906671613854,0.6848366562382239,0.0271354193254756,0.0001337656704989,-0.2003506814443011,1,0,0,900.0,50.0,3400.0,900.0,3700.0,1200.0,34700.0,13950.0,171900.0,141000.0,564100.0,193800.0,456200.0,181300.0,280700.0,101050.0,260100.0,117800.0,216000.0,98400.0,141050.0,81950.0,94150.0,189250.0,54250.0,129700.0,103450.0,322100.0,134350.0,353500.0,263500.0,728050.0,190800.0,442450.0,43250.0,69300.0,28350.0,82600.0,17250.0,28200.0,250.0,1750.0,0.1724572100025434,33.7,81950.0,0.1702162640538197,39.75,94150.0,0.1681984494775824,46.95,189250.0,0.1668666166519483,55.85,54250.0,0.1653949341200981,66.0,129700.0,0.1639287355535539,77.65,103450.0,0.1630788107936329,91.55,322100.0,0.1616224514759622,106.65,134350.0,0.1599835622547452,123.45,353500.0,0.158834496994195,142.8,263500.0,0.1573510946078969,357.35,1292150.0,0.155915371717065,166.85,193800.0,0.154166303420249,142.15,456200.0,0.1529229493810175,120.3,181300.0,0.1523275775605484,101.4,280700.0,0.1517747986405578,84.7,101050.0,0.1506789022386324,69.55,260100.0,0.1503676239924174,57.1,117800.0,0.1495835192031857,46.05,216000.0,0.1493709507755465,37.1,98400.0,0.1490894138458094,29.55,141050.0,0.0026324676468483,-0.0031847911876478,0.0058172588344962,-0.0002761617703997,0.1570749328374971,0.005727716185736,-0.0050235170473484,0.0107512332330845,0.0003520995691938,0.1577031941770907,0.0080438395122012,-0.0066721923692645,0.0147160318814657,0.0006858235714683,0.1580369181793652,0.0108473548696855,-0.0077675754047111,0.0186149302743966,0.0015398897324872,0.1588909843403841,0.0151061153946465,-0.0082616807620874,0.0233677961567339,0.0034222173162795,0.1607733119241764,0.1564543471917021,-0.0111833932382476,0.0017965419213896,0.000354332692359,0.6943064340850906,high,5,0.03216935167160772,252,both,0920_open,500,294.1,227.04999999999927,67.05000000000075,205.89999999999998
2024-03-14,21930.65,21938.75,-0.0023956743595589,0.0429904527640364,0.0028498927300376,-3.805983261602051,-4.511933795322617,-4.666415457590992,-0.0158712535766709,481.9,433.85,387.6,335.55,289.2,242.85,200.0,159.5,122.45,91.05,64.85,45.7,31.35,21.1,13.9,9.3,6.25,4.3,2.95,2.25,1.7,1.55,2.15,3.0,4.3,6.55,10.5,16.6,26.05,39.1,57.9,81.35,112.75,148.5,187.8,231.0,276.6,324.2,372.15,418.95,470.25,519.05,2024-03-14,0.0117516730172378,0.1084051337217839,0.9866666666666668,22153.05,0.3134816362798361,21933.49930306747,21950,0.0007039573820395,0.0982707362846834,-2.320028994169365,0.9866666666666668,-3.1467772166839443,0.0023956743595589,2024,0.2050765025580521,4.60118414431533e-05,6.917841024605983e-05,0.2556593165032901,2.316656880290653e-05,0.6651185142806021,0.0578223197765459,-9.986611771925466,-9.578821734683736,-7.258792740514372,4.797381152888436e-05,0.6934795315221455,0.0524284919566187,2.120459871717547e-05,-0.4077900372417279,1,0,1,650.0,40000.0,3450.0,3450.0,2850.0,99000.0,40900.0,440800.0,478700.0,1901450.0,2557600.0,4185400.0,2142250.0,2975450.0,1772150.0,2413750.0,2040450.0,2923650.0,2147700.0,2486900.0,2430500.0,944900.0,2396750.0,1091050.0,1736850.0,1382600.0,2769700.0,1698700.0,2884050.0,1779950.0,3508900.0,2444200.0,2127400.0,398400.0,385150.0,60450.0,121200.0,80750.0,65700.0,50800.0,34550.0,7500.0,0.4024349022850029,1.55,944900.0,0.3856651004353852,2.15,2396750.0,0.3684375599671418,3.0,1091050.0,0.3521551934046569,4.3,1736850.0,0.3398262070057199,6.55,1382600.0,0.3324283750141067,10.5,2769700.0,0.325875996576868,16.6,1698700.0,0.3220742214258402,26.05,2884050.0,0.3168560484903838,39.1,1779950.0,0.3165711639186068,57.9,3508900.0,0.3134816362798361,146.2,5001800.0,0.3193937848572583,45.7,4185400.0,0.3255452614807954,31.35,2142250.0,0.3326093178287296,21.1,2975450.0,0.3396353578552156,13.9,1772150.0,0.3498190847396432,9.3,2413750.0,0.3608628032354223,6.25,2040450.0,0.3737250181487206,4.3,2923650.0,0.3860208009751623,2.95,2147700.0,0.4047657050412876,2.25,2486900.0,0.4218681521921694,1.7,2430500.0,0.0033744122105476,0.0120636252009593,-0.0086892129904116,0.0077190187057534,0.3212006549855896,0.0123943602970318,0.0261537215753795,-0.0137593612783476,0.0192740409362057,0.3327556772160418,0.0263445707258838,0.0473811669555861,-0.0210365962297023,0.036862868840735,0.3503445051205711,0.0549559236873057,0.0725391646953261,-0.0175832410080204,0.0637475441913159,0.377229180471152,0.0889532660051667,0.1083865159123332,-0.0194332499071664,0.09866989095875,0.4121515272385861,0.3166218454759903,0.0043281794869599,0.0126594923293091,0.0013294122062838,0.699167104003596,high,1,0.025696692131138,252,both,0920_open,500,142.95,203.04999999999927,-60.099999999999284,357.05
2024-03-15,22089.5,22081.85,0.0011595438313569,0.0144711871261871,0.0022589918286967,-4.411976425414971,-4.5214480865186975,-4.682751310083472,0.007794465993513,547.0,505.0,457.5,420.1,373.0,333.05,295.55,260.0,226.55,195.05,166.0,139.05,115.2,94.65,76.15,60.75,47.45,36.95,28.25,21.75,16.4,23.15,28.2,34.3,41.7,50.5,60.8,73.05,87.0,103.4,122.15,142.8,166.35,192.5,221.25,252.7,287.05,324.45,362.7,405.0,448.9,493.2,2024-03-21,0.0130231143812997,0.114118860760611,4.986666666666666,22014.6,0.1335833122883973,22123.223874376217,22100,0.0171423135464231,0.0178445013219394,-4.026059867404453,4.986666666666666,-4.235595701193368,0.0011595438313569,2024,0.0194644515277862,0.0002577060729421,0.0003058960367402,0.1226104847015727,4.818996379812564e-05,0.8424629350819396,0.0109728275868244,-8.263690874646022,-8.092265262954614,-4.066205395550156,0.0002158690070445,0.7056940303802625,0.0213658534951892,9.002702969567318e-05,-0.1714256116913365,1,0,0,400.0,350.0,1150.0,350.0,7050.0,2650.0,21900.0,18050.0,149500.0,110200.0,406550.0,201400.0,352200.0,116550.0,291750.0,204450.0,407050.0,237000.0,269950.0,162800.0,222400.0,126100.0,41250.0,102600.0,79300.0,204650.0,120200.0,308900.0,164300.0,565500.0,379050.0,688050.0,213600.0,299000.0,49750.0,72550.0,10950.0,26550.0,2500.0,41000.0,500.0,550.0,0.1499975738796843,23.15,126100.0,0.1480495174316549,28.2,41250.0,0.1461904643988993,34.3,102600.0,0.1445148352319196,41.7,79300.0,0.1428869934985083,50.5,204650.0,0.1412057708090258,60.8,120200.0,0.1397492775366136,73.05,308900.0,0.1380582112130782,87.0,164300.0,0.1366876141688029,103.4,565500.0,0.1353665379588328,122.15,379050.0,0.1335833122883973,308.8,1094600.0,0.1316383974998412,139.05,201400.0,0.1301044541932395,115.2,352200.0,0.1291537096146121,94.65,116550.0,0.1276891351955716,76.15,291750.0,0.1267803046964301,60.75,204450.0,0.1255803788028588,47.45,407050.0,0.125106938305279,36.95,237000.0,0.1245003044613788,28.25,269950.0,0.1247609911772117,21.75,162800.0,0.1247108613198655,16.4,222400.0,0.0031043018804056,-0.0034788580951577,0.0065831599755634,-0.000187278107376,0.1333960341810212,0.0061659652482163,-0.0058941770928256,0.012060142341042,0.0001358940776953,0.1337192063660926,0.009303681210111,-0.0080029334855384,0.0173066146956494,0.0006503738622863,0.1342336861506836,0.012607152110502,-0.0090830078270184,0.0216901599375205,0.0017620721417418,0.1353453844301391,0.016414261591287,-0.0088724509685317,0.0252867125598187,0.0037709053113776,0.1373542175997749,0.1327464299836981,-0.0112219536508271,0.0012018849607658,0.0002440621118409,0.6992348138650689,middle,5,0.025696692131138,252,both,0920_open,500,269.25000000000006,85.40000000000146,183.8499999999986,230.74999999999994
2024-04-01,22512.55,22507.5,0.0025240885823248,0.0368079215748236,0.0026052135364497,-4.5188619653470745,-4.731125898371131,-4.668451872660251,0.0088064708966341,523.95,482.0,434.2,388.5,343.5,302.95,263.45,227.0,194.4,163.75,135.95,111.0,88.7,69.85,54.25,41.25,30.95,23.2,16.75,12.1,8.95,14.75,18.2,22.8,28.3,35.1,44.0,54.4,67.95,84.3,103.85,125.85,150.55,178.35,209.25,244.25,280.75,320.4,360.0,406.0,447.0,496.3,2024-04-04,0.0102090447894229,0.1010398178413982,3.986666666666667,22541.2,0.1543552105985826,22510.105408867883,22500,0.0089231354642313,0.0238255310389328,-3.7369975405430385,3.986666666666667,-3.302042196786977,0.0025240885823248,2024,0.0533153927571844,0.0001615081688908,0.0002125984409676,0.1345359976471305,5.109027207677463e-05,0.7596865158359745,0.019819212951452,-8.73095483521314,-8.456105425255258,-4.719107884712219,0.0001503162991456,0.7070432805693381,0.0245642955579926,6.228214182195447e-05,-0.2748494099581057,1,0,0,32500.0,1850.0,11550.0,12300.0,33900.0,15500.0,157800.0,75000.0,302100.0,293800.0,1282850.0,528900.0,774400.0,324950.0,519900.0,257650.0,393800.0,225750.0,302850.0,244150.0,772800.0,238650.0,98800.0,273050.0,124100.0,249950.0,98450.0,464650.0,142800.0,374850.0,212350.0,703250.0,124450.0,106650.0,31900.0,29850.0,16350.0,9500.0,1050.0,1250.0,0.0,11650.0,0.1776625690093737,14.75,238650.0,0.1738281076881208,18.2,98800.0,0.1707835340128533,22.8,273050.0,0.1673853872486295,28.3,124100.0,0.1640841539800973,35.1,249950.0,0.1617382410853654,44.0,98450.0,0.1588352048962817,54.4,464650.0,0.1573335007982468,67.95,142800.0,0.1561844646131669,84.3,374850.0,0.1555595823796828,103.85,212350.0,0.1543552105985826,261.79999999999995,1986100.0,0.1531544547087628,111.0,528900.0,0.151452418252511,88.7,774400.0,0.1502404547845541,69.85,324950.0,0.149475642821528,54.25,519900.0,0.148568350871544,41.25,257650.0,0.1480714928460869,30.95,393800.0,0.1484630610638419,23.2,225750.0,0.1479049855534753,16.75,302850.0,0.1481432985862693,12.1,244150.0,0.1496950693039728,8.95,772800.0,0.0018292540145843,-0.0029027923460715,0.0047320463606559,-0.0005367691657435,0.153818441432839,0.0044799942976991,-0.0048795677770545,0.0093595620747536,-0.0001997867396776,0.1541554238589049,0.0097289433815147,-0.0062837177524956,0.0160126611340103,0.0017226128145095,0.1560778234130921,0.0164283234142707,-0.0064502250451072,0.022878548459378,0.0049890491845817,0.1593442597831643,0.0233073584107911,-0.0046601412946097,0.0279674997054009,0.0093236085580906,0.1636788191566733,0.1535236206504989,-0.0082218045242611,0.0022867941156568,0.0004824477774689,0.684676086424495,middle,4,0.02608039274799096,252,both,0920_open,500,238.09999999999997,41.20000000000073,196.89999999999924,261.90000000000003
2024-04-05,22464.3,22434.15,-0.0009877510780704,0.0492125191311101,0.0022190764902535,-3.7125287042277977,-4.564464231722851,-4.659641956509851,0.0042523696036599,537.15,487.5,449.9,399.8,355.75,315.35,276.9,239.1,204.3,172.1,143.15,116.8,93.9,74.0,57.2,43.35,32.35,23.9,17.5,12.8,9.5,16.0,19.9,24.6,30.35,37.5,46.2,56.75,69.65,84.75,102.8,123.4,147.1,174.35,204.3,237.85,273.2,312.4,354.25,400.5,442.75,489.25,2024-04-10,0.0052224257447431,0.0722663527842879,3.986666666666667,22735.05,0.1238310242940739,22469.767074442632,22450,0.0144025875190258,0.0153341225777195,-4.177674700025844,3.986666666666667,-3.0116072339674216,0.0009877510780704,2024,0.051564671509786,8.261932791948078e-05,0.000220851042453,0.0757391745184378,0.0001382317145335,0.374095258966393,0.048091849775636,-9.401266910627134,-8.418022099746894,-4.240347399721049,0.000159234140149,0.7210024384777535,0.0186837952747006,6.161690230405394e-05,-0.9832448108799022,1,0,1,350.0,4200.0,100.0,2650.0,1950.0,11450.0,8000.0,67450.0,56050.0,285500.0,503550.0,858550.0,364550.0,488500.0,284500.0,380200.0,263900.0,327400.0,175050.0,375400.0,226200.0,145350.0,504750.0,160400.0,306200.0,216500.0,552050.0,348850.0,795550.0,563300.0,1411700.0,1415300.0,1472650.0,315000.0,422150.0,78500.0,61350.0,6400.0,12250.0,2350.0,1550.0,800.0,0.1450793387963128,16.0,145350.0,0.1426844357818412,19.9,504750.0,0.1401335348331386,24.6,160400.0,0.1375973008926012,30.35,306200.0,0.1352808256874493,37.5,216500.0,0.1330274349317471,46.2,552050.0,0.130884083832709,56.75,348850.0,0.1290813712888687,69.65,795550.0,0.1271530581490386,84.75,563300.0,0.1256027815837078,102.8,1411700.0,0.1238310242940739,266.55,1918850.0,0.1221213640819362,116.8,858550.0,0.1207960762074675,93.9,364550.0,0.1194225497269993,74.0,488500.0,0.1181671457618279,57.2,284500.0,0.1170502814538238,43.35,380200.0,0.1162785877412056,32.35,263900.0,0.1159726235946231,23.9,327400.0,0.1160242019105261,17.5,175050.0,0.116553781656555,12.8,375400.0,0.1178292748067948,9.5,226200.0,0.0033220338549646,-0.0030349480866063,0.006356981941571,0.0001435428841791,0.123974567178253,0.0070530595386351,-0.0056638785322459,0.012716938070881,0.0006945905031945,0.1245256147972684,0.0114498013933754,-0.0075524365528682,0.0190022379462436,0.0019486824202536,0.1257797067143275,0.0163025105390646,-0.0078068223835477,0.0241093329226124,0.0042478440777584,0.1280788683718323,0.0212483145022389,-0.006001749487279,0.0272500639895179,0.0076232825074799,0.1314543068015539,0.1231454976763281,-0.0103373828112756,0.0023039972331688,9.260972989846904e-05,0.6980667876887289,middle,4,0.02525162979236904,252,both,0920_open,500,241.05,285.0499999999993,-43.99999999999926,258.95
2024-05-06,22519.6,22503.9,-0.0017212166327611,0.0456277993725345,0.0025622645106929,-4.00923053954406,-4.803413801789805,-4.595514114095845,-0.0088688101333814,572.05,520.0,481.15,435.6,391.0,349.8,307.65,269.1,232.8,199.5,168.95,141.15,116.2,95.05,76.75,61.25,48.75,38.0,29.0,22.05,16.75,12.0,14.75,18.95,23.8,29.95,37.45,47.0,58.3,72.4,88.75,108.0,130.0,155.65,184.05,216.4,250.65,287.0,326.3,369.75,412.9,454.45,2024-05-09,0.012728889108693,0.1128223785810823,3.986666666666667,21968.15,0.160631829882512,22560.98264064332,22500,0.0089231354642313,0.0258025847714042,-3.65728060713459,3.986666666666667,-3.0872381128513435,0.0017212166327611,2024,0.0478094513014297,0.0002013723726719,0.0002302399592425,0.1502246498816342,2.886758657063556e-05,0.8746195635822521,0.0104071800008777,-8.510354763494938,-8.376388491846813,-4.719107884712219,0.0001616051800307,0.7018989256358694,0.0260554332533963,6.863477921175817e-05,-0.1339662716479807,1,0,0,5550.0,0.0,4575.0,1275.0,11425.0,3000.0,64425.0,32300.0,121275.0,98550.0,472875.0,325700.0,428500.0,240900.0,380850.0,161900.0,381600.0,159125.0,242250.0,114975.0,254375.0,525425.0,101075.0,349425.0,83575.0,304850.0,152975.0,313625.0,149825.0,406125.0,298175.0,831200.0,418225.0,322700.0,74625.0,106675.0,24575.0,39775.0,16700.0,12850.0,2275.0,5625.0,0.1814554203343904,12.0,525425.0,0.1774888810442181,14.75,101075.0,0.1756262368261007,18.95,349425.0,0.1729083570489325,23.8,83575.0,0.1705404671215835,29.95,304850.0,0.1681215629236078,37.45,152975.0,0.166391946585551,47.0,313625.0,0.1643867569483608,58.3,149825.0,0.1632248628937486,72.4,406125.0,0.1617790775808251,88.75,298175.0,0.160631829882512,276.95,1304075.0,0.1594008315857068,130.0,418225.0,0.1584999815110944,116.2,428500.0,0.1584310501304768,95.05,240900.0,0.1583818870367723,76.75,380850.0,0.1584831438981429,61.25,161900.0,0.1593622294452013,48.75,381600.0,0.1595854058726185,38.0,159125.0,0.1593698256593751,29.0,242250.0,0.1597340689724321,22.05,114975.0,0.1606209448350653,16.75,254375.0,0.0025930330112366,-0.0021318483714175,0.0047248813826542,0.0002305923199095,0.1608624222024215,0.0057601167030389,-0.0022499428457396,0.0080100595487786,0.0017550869286496,0.1623869168111616,0.0099086372390715,-0.0012696004373106,0.0111782376763822,0.0043195184008804,0.1649513482833924,0.0149944069435887,-0.0012620042231368,0.0162564111667255,0.0068662013602259,0.167498031242738,0.0208235904518784,-1.088504744670149e-05,0.0208344754993251,0.0104063527022158,0.1710381825847278,0.1594204998818599,-0.0045825490381347,0.0056389287185637,0.0002518730383293,0.6809116397321068,high,4,0.02547416096175352,252,both,0920_open,500,248.2,500.0,-251.8,251.8
2024-05-10,21970.45,21958.05,-0.0008893619374745,0.0459424127346635,0.0020778086304559,-4.52550624281594,-4.262496625307651,-4.550050177447073,-0.0152956461315568,606.65,548.8,514.0,460.75,424.45,380.0,341.55,305.65,270.75,237.6,206.5,179.6,152.85,128.2,107.35,89.8,73.35,59.1,47.65,38.4,30.95,28.8,34.6,40.65,47.15,55.9,66.0,77.65,91.6,106.3,122.55,141.6,164.25,187.6,212.75,242.05,274.5,309.3,342.6,380.85,416.35,460.5,2024-05-16,0.0127383249651225,0.1128641881427519,4.986666666666666,22392.35,0.1500475173453253,22014.96678650932,21950,0.0171423135464231,0.0225142574614957,-3.793606505497264,4.986666666666666,-3.0803665638433384,0.0008893619374745,2024,0.0371833292025734,0.0002520705575108,0.0003859464606698,0.1212624514598093,0.0001338759031589,0.6531231225009598,0.0287850658855159,-8.285801519520192,-7.85981190104742,-4.066205395550156,0.0002666218203081,0.6908259240036261,0.0253341150419108,0.0001193246403616,-0.4259896184729845,1,0,1,150.0,6600.0,75.0,1150.0,1075.0,6725.0,8650.0,27050.0,24800.0,115575.0,198750.0,622625.0,235150.0,324800.0,161275.0,369825.0,124550.0,253725.0,129825.0,220600.0,108025.0,62275.0,245300.0,135175.0,375900.0,105275.0,298600.0,186400.0,514425.0,264150.0,549400.0,500800.0,1183175.0,214475.0,335925.0,78550.0,103950.0,13350.0,35550.0,9775.0,10300.0,2125.0,0.1697687145016376,28.8,62275.0,0.168340065921419,34.6,245300.0,0.1658502307343552,40.65,135175.0,0.1626634651584577,47.15,375900.0,0.1609504653594678,55.9,105275.0,0.1592190729189804,66.0,298600.0,0.1575252487001269,77.65,186400.0,0.1564501166602441,91.6,514425.0,0.1543174643618812,106.3,264150.0,0.151850410870436,122.55,549400.0,0.1500475173453253,348.1,699550.0,0.1494553871378868,164.25,1183175.0,0.1476789550861465,152.85,235150.0,0.145319093839945,128.2,324800.0,0.1442057265305392,107.35,161275.0,0.1440082378884689,89.8,369825.0,0.1427259530661117,73.35,124550.0,0.1414453330246076,59.1,253725.0,0.1410369759045328,47.65,129825.0,0.1411914572075432,38.4,220600.0,0.1417813964097065,30.95,108025.0,0.0042699470165559,-0.0023685622591787,0.0066385092757347,0.0009506923786886,0.1509982097240139,0.0074777313548016,-0.005841790814786,0.0133195221695876,0.0008179702700078,0.1508654876153331,0.0109029480141425,-0.0073215642792135,0.018224512293356,0.0017906918674644,0.1518382092127897,0.0158027133890299,-0.0090105414407924,0.0248132548298224,0.0033960859741187,0.153443603319444,0.0197211971563123,-0.0082661209356187,0.0279873180919311,0.0057275381103468,0.1557750554556721,0.1485569386081182,-0.0128414168084344,0.0025799323658466,0.0004836040245945,0.6572662937200935,middle,5,0.02579261728535124,252,both,0920_open,500,288.35,442.34999999999854,-153.99999999999852,211.64999999999998
2024-05-31,22594.55,22599.7,0.0011115886135551,0.0056455311871902,0.0017017896738372,-4.5557415904535485,-4.7497621107267545,-4.6971825918300985,-0.0065705261912227,754.6,720.55,685.95,652.0,617.15,588.35,553.15,521.95,493.6,465.8,437.55,411.55,385.8,360.55,337.35,314.8,293.65,273.35,254.45,236.65,220.15,219.15,232.6,247.85,263.25,279.9,297.0,315.95,335.65,355.25,376.1,399.0,421.05,445.8,472.35,497.8,525.25,555.1,584.3,614.05,648.2,684.2,2024-06-06,0.1718916926448785,0.4145982303928449,4.986666666666666,22849.05,0.3541848193830348,22638.589670569098,22600,0.0171423135464231,0.125446886281393,-2.075872826873169,4.986666666666666,-5.176890987102428,0.0011115886135551,2024,-0.06041341100981,0.003401454658687,0.0021504498580581,0.4454486282641447,-0.0012510048006288,1.581740976633867,-0.0912638088811099,-5.683552098067497,-6.142078222423326,-4.066205395550156,0.0012692887320315,0.5902433517690836,0.0820741973416957,0.0008811611260265,0.458526124355834,0,1,0,2450.0,175.0,2350.0,300.0,4600.0,3225.0,34100.0,17525.0,112100.0,82775.0,244550.0,106775.0,134325.0,28550.0,46400.0,17175.0,34425.0,18425.0,288225.0,30650.0,44600.0,22125.0,7075.0,42900.0,9000.0,28350.0,21625.0,77800.0,26025.0,138475.0,76850.0,260800.0,83750.0,93250.0,23225.0,21825.0,9250.0,7150.0,2425.0,37225.0,1225.0,8950.0,0.3739564409058079,219.15,22125.0,0.3711595338123654,232.6,7075.0,0.3693647496077263,247.85,42900.0,0.3669889658666163,263.25,9000.0,0.3650264649404755,279.9,28350.0,0.3627303761277655,297.0,21625.0,0.3613161586646514,315.95,77800.0,0.3597862840149564,335.65,26025.0,0.3574018939722253,355.25,138475.0,0.3553153911037721,376.1,76850.0,0.3541848193830348,836.55,505350.0,0.3531438279347462,411.55,106775.0,0.3515105437985176,385.8,134325.0,0.3494890408421427,360.55,28550.0,0.3483914212370766,337.35,46400.0,0.347027698105977,314.8,17175.0,0.3460439019543894,293.65,34425.0,0.3449724456268883,273.35,18425.0,0.3443078328301238,254.45,288225.0,0.3438071717110754,236.65,30650.0,0.3436789534670016,220.15,44600.0,0.0032170745891905,-0.0026742755845172,0.0058913501737077,0.0002713995023366,0.3544562188853715,0.0071313392816165,-0.0057933981459581,0.0129247374275747,0.0006689705678292,0.354853789950864,0.0108416455574407,-0.0081409174286454,0.0189825629860861,0.0013503640643976,0.3555351834474324,0.0151799302246914,-0.009876986552911,0.0250569167776025,0.0026514718358902,0.356836291218925,0.0197716215227731,-0.0105058659160331,0.0302774874388063,0.0046328778033699,0.3588176971864047,0.3530532110018481,-0.0322280355591704,0.0137606846038424,0.00029006412276,0.48453560515260663,high,5,0.0256911710001246,252,both,0920_open,500,397.25,249.04999999999927,148.20000000000073,102.75
2024-07-19,24742.25,24738.55,-0.0045064644969787,0.2043526039627735,0.0046459465842839,-4.45483173146555,-4.917932269852959,-4.8582948294217685,0.0072194876398807,590.2,540.05,503.4,462.0,425.7,388.0,355.3,320.95,288.95,259.65,231.6,205.0,180.75,158.45,137.65,118.25,101.4,85.95,72.6,60.75,50.3,71.2,79.05,88.95,101.15,113.4,127.25,142.75,159.55,177.75,198.15,219.45,243.8,269.0,296.55,325.2,356.25,386.7,422.95,457.4,494.9,536.65,2024-07-25,0.0215063343769932,0.1466503814416903,4.986666666666666,24415.0,0.1745515936727052,24762.16250317547,24750,0.0171423135464231,0.0304682588536811,-3.4910698305879926,4.986666666666666,-1.5879083263920466,0.0045064644969787,2024,0.0279012122310148,0.0004255750823807,0.0005222964464833,0.1575626871000311,9.67213641026711e-05,0.8148151978557482,0.016988906572674,-7.762069168688585,-7.557275226138152,-4.066205395550156,0.000350953613561,0.6719433301222655,0.0314679002720605,0.0001713428329223,-0.2047939425503018,1,0,0,1050.0,7450.0,3550.0,15850.0,5075.0,57775.0,23250.0,93175.0,51850.0,185675.0,239775.0,388000.0,139200.0,181350.0,109725.0,307450.0,81150.0,264700.0,63200.0,149700.0,88425.0,46175.0,101300.0,43575.0,132200.0,83450.0,272900.0,66775.0,235500.0,126550.0,474175.0,430600.0,513375.0,102075.0,112150.0,29625.0,71975.0,17425.0,13925.0,6525.0,8775.0,5850.0,0.1933649873650915,71.2,46175.0,0.1901114981762323,79.05,101300.0,0.188009875973573,88.95,43575.0,0.1870377461716658,101.15,132200.0,0.1849528678925481,113.4,83450.0,0.1831494935216585,127.25,272900.0,0.181565413148278,142.75,66775.0,0.1798317881130347,159.55,235500.0,0.177977126637015,177.75,126550.0,0.1765733101423114,198.15,474175.0,0.1745515936727052,451.0499999999999,670375.0,0.1727650049643253,205.0,388000.0,0.1714144379135477,180.75,139200.0,0.1701788368524892,158.45,181350.0,0.1686963504793051,137.65,109725.0,0.166867978177351,118.25,307450.0,0.1656863543949505,101.4,81150.0,0.1642131432851483,85.95,264700.0,0.1631524483030965,72.6,63200.0,0.1620309355230697,60.75,149700.0,0.1608202216950164,50.3,88425.0,0.0034255329643098,-0.0031371557591574,0.0065626887234672,0.0001441886025761,0.1746957822752813,0.0070138194755728,-0.0058552431934,0.0128690626689728,0.0005792881410863,0.1751308818137915,0.0104012742198429,-0.0088652392777547,0.0192665134975976,0.0007680174710441,0.1753196111437493,0.0134582823008678,-0.0113991453696086,0.0248574276704764,0.0010295684656295,0.1755811621383348,0.0188133936923863,-0.0137313719776887,0.0325447656700751,0.0025410108573487,0.177092604530054,0.1742978511264812,-0.0181987682110515,0.0020691842356799,0.0001640185127059,0.6620014347728513,high,5,0.025136393505020938,252,both,0920_open,500,329.54999999999995,335.0,-5.4500000000000455,170.45000000000005
2024-08-05,24301.3,24284.55,-6.376448875163654e-05,0.0493701344605811,0.0026027414171258,-3.784906660136168,-4.670096934790903,-4.709722372034726,-0.012334819893272,541.05,520.4,455.85,411.85,371.15,332.95,294.1,259.6,228.4,198.1,167.8,142.25,121.1,101.25,81.95,67.65,55.95,46.75,38.15,32.15,27.1,36.1,41.5,47.55,56.15,64.45,75.7,89.45,105.0,121.95,141.65,165.15,190.55,216.05,245.2,280.4,315.75,349.45,390.3,435.0,477.9,523.0,2024-08-08,0.0345661331818659,0.1859196955189684,3.986666666666667,24098.7,0.1818776560985806,24302.651419158406,24300,0.0089231354642313,0.0330794817879135,-3.408842074369134,3.986666666666667,-3.008409603186997,6.376448875163654e-05,2024,-0.0040420394203878,0.0005468398847289,0.0002951726970801,0.247554798229722,-0.0002516671876488,1.8526099809988543,-0.0656771421311414,-7.511354513695272,-8.127949959081354,-4.719107884712219,0.0002025195704287,0.6861053628335262,0.0312257067104581,9.26531266514151e-05,0.6165954453860015,0,1,0,2725.0,25.0,5575.0,2050.0,40800.0,3000.0,27200.0,14475.0,93350.0,107750.0,570950.0,235725.0,323675.0,133600.0,437950.0,230175.0,361525.0,168425.0,399650.0,184475.0,425700.0,223725.0,59025.0,306450.0,94425.0,838875.0,103150.0,406925.0,175225.0,709125.0,294175.0,1124900.0,335975.0,359600.0,92175.0,297150.0,63850.0,152800.0,47500.0,138350.0,62550.0,119200.0,0.2105079642066796,36.1,223725.0,0.2058459494347867,41.5,59025.0,0.2008446035270421,47.55,306450.0,0.1982243123751699,56.15,94425.0,0.1933058072599272,64.45,838875.0,0.190547166326673,75.7,103150.0,0.1887970660284784,89.45,406925.0,0.1868965012588796,105.0,175225.0,0.1842496781243905,121.95,709125.0,0.1822502161055821,141.65,294175.0,0.1818776560985806,332.95000000000005,1695850.0,0.1799007917195496,142.25,235725.0,0.1801280243139615,121.1,323675.0,0.1791747220137884,101.25,133600.0,0.1760567805428791,81.95,437950.0,0.1762589197759918,67.65,230175.0,0.1773205515642301,55.95,361525.0,0.1795876013674846,46.75,168425.0,0.1805127517166666,38.15,399650.0,0.1837577453319946,32.15,184475.0,0.1870229045191287,27.1,425700.0,0.0023720220258099,-0.001749631784619,0.0041216538104289,0.0003111951205954,0.182188851219176,0.0069194099298978,-0.0058208755557014,0.0127402854855993,0.0005492671870981,0.1824269232856787,0.0114281511613466,-0.0045571045343504,0.015985255695697,0.003435523313498,0.1853131794120786,0.0189669474284615,-0.0013649043819139,0.0203318518103755,0.0088010215232738,0.1906786776218544,0.028630308108099,0.0051452484205481,0.0234850596875509,0.0168877782643235,0.1987654343629041,0.1814267583578408,-0.0114412189194346,0.0065152295739116,0.0006907516184818,0.6941366897164956,high,4,0.025017018956177278,252,both,0920_open,500,269.75,201.29999999999927,68.45000000000073,230.25
2024-11-06,24262.9,24234.35,-0.0018879331304809,0.0561307097637133,0.0033611308314339,-4.005185897215169,-4.4403602640509545,-4.488627212662987,0.0085995080586688,513.35,469.5,420.9,376.25,336.15,298.1,257.35,222.0,191.8,160.5,134.0,111.85,92.9,74.3,59.45,47.55,37.6,29.3,21.9,16.5,12.7,15.5,19.15,23.55,29.9,38.0,47.95,59.35,74.8,92.15,111.9,136.4,163.85,193.35,225.3,259.85,298.3,335.7,376.8,430.1,473.5,512.25,2024-11-07,0.0084556177612181,0.0919544330699622,1.9866666666666664,24194.6,0.2382029574800797,24247.599504058355,24250,0.0034436834094368,0.0567406489522566,-2.8692644123693984,1.9866666666666664,-2.880072205110412,0.0018879331304809,2024,0.1462485244101175,6.666069028685167e-05,0.0001953968314375,0.1391308037806372,0.0001287361411507,0.3411554312135926,0.0990721536994424,-9.615895129799988,-8.540478034262076,-5.671213621892677,0.0001329908264935,0.6806191559768777,0.0416863612357288,6.240600494397281e-05,-1.075417095537586,1,0,1,1775.0,6675.0,3750.0,36775.0,11975.0,118550.0,33950.0,181250.0,104950.0,682500.0,672900.0,1054500.0,407650.0,620750.0,254450.0,731975.0,206175.0,310425.0,181325.0,498125.0,193775.0,235200.0,324775.0,210375.0,488250.0,258425.0,980825.0,219525.0,497300.0,293750.0,651925.0,505375.0,542225.0,111650.0,117875.0,24250.0,43775.0,4750.0,5775.0,1100.0,1575.0,350.0,0.2636225613651588,15.5,235200.0,0.257995224434452,19.15,324775.0,0.2520316418676305,23.55,210375.0,0.2488076998533055,29.9,488250.0,0.2463181728019017,38.0,258425.0,0.2439953940649689,47.95,980825.0,0.2404245828434875,59.35,219525.0,0.2404358203669352,74.8,497300.0,0.2390210409265082,92.15,293750.0,0.2369656483845539,111.9,651925.0,0.2382029574800797,270.4,1178275.0,0.2401589569471503,111.85,1054500.0,0.2428063189948788,92.9,407650.0,0.2410556606917279,74.3,620750.0,0.2414518376052416,59.45,254450.0,0.243151979028375,47.55,731975.0,0.2446493259416628,37.6,206175.0,0.245723072167803,29.3,310425.0,0.2444830449220408,21.9,181325.0,0.2449722831360539,16.5,498125.0,0.2474865016989953,12.7,193775.0,0.0008180834464285,0.0046033615147991,-0.0037852780683706,0.0027107224806138,0.2409136799606935,0.0022216253634078,0.0032488801251619,-0.001027254761754,0.0027352527442849,0.2409382102243646,0.008115215321822,0.0064463684615831,0.0016688468602389,0.0072807918917025,0.2454837493717822,0.0138286843875508,0.006280087441961,0.0075485969455897,0.0100543859147559,0.2482573433948356,0.0254196038850791,0.0092835442189156,0.0161360596661634,0.0173515740519973,0.2555545315320771,0.2389064946237117,3.8802054887311654e-05,0.0082947691576307,0.0012514630706221,0.685106695859844,high,2,0.0275595185786064,252,both,0920_open,500,242.2,55.400000000001455,186.79999999999853,257.8
2024-11-14,23604.9,23578.5,0.0027105869564317,0.1451924174209425,0.0044037963251274,-4.102821417666888,-4.261317651540031,-4.474312477323061,-0.0101189903143244,494.3,455.45,407.3,359.35,316.0,273.0,229.75,189.2,155.15,122.25,94.1,70.8,52.35,36.75,25.35,16.95,11.15,7.6,5.25,3.55,2.45,3.05,4.2,5.8,8.5,12.65,19.2,27.85,39.1,53.6,72.3,93.7,120.3,150.6,185.85,223.25,264.25,308.0,356.7,402.6,453.8,499.25,2024-11-14,0.0119108401210018,0.1091367954495726,0.9866666666666668,23559.6,0.3759119878043127,23600.400016895335,23600,0.0007039573820395,0.1413098225749897,-1.956800475961197,0.9866666666666668,-1.9296953995738908,0.0027105869564317,2024,0.2667751923547401,4.663503539439858e-05,9.9476092756356e-05,0.2573848449060145,5.2841057361957406e-05,0.4688064649726489,0.1185271428982981,-9.973158466819324,-9.21559321647557,-7.258792740514372,6.672703850411464e-05,0.670784674540317,0.0680346366637742,3.274905425224135e-05,-0.7575652503437544,1,0,1,525.0,1225.0,11325.0,4425.0,24125.0,19125.0,78375.0,96425.0,574550.0,672600.0,2410075.0,1228900.0,1403600.0,949250.0,1830850.0,910375.0,1488000.0,719750.0,1939625.0,1388775.0,1825825.0,693125.0,569075.0,883975.0,688725.0,1047200.0,842150.0,1234325.0,736775.0,1519375.0,1272800.0,1765500.0,428825.0,382800.0,56650.0,93525.0,9375.0,18950.0,5300.0,46925.0,4025.0,6125.0,0.4284926588146577,3.05,693125.0,0.4156985285743799,4.2,569075.0,0.4028492135419668,5.8,883975.0,0.3952961695351756,8.5,688725.0,0.39056389909007,12.65,1047200.0,0.3908472846370627,19.2,842150.0,0.3891139519057804,27.85,1234325.0,0.3862055005595418,39.1,736775.0,0.3832180582465974,53.6,1519375.0,0.3822738226439029,72.3,1272800.0,0.3759119878043127,187.8,4175575.0,0.3739686743029506,70.8,1228900.0,0.3749644483965604,52.35,1403600.0,0.371275396413065,36.75,949250.0,0.3707274921205233,25.35,1830850.0,0.3703782251644629,16.95,910375.0,0.3717449420552772,11.15,1488000.0,0.3786503524443267,7.6,719750.0,0.3873850430334206,5.25,1939625.0,0.394834745646649,3.55,1388775.0,0.4039725199798054,2.45,1825825.0,0.0073060704422847,-0.0009475394077522,0.0082536098500369,0.0031792655172662,0.3790912533215789,0.0132019641014677,-0.0051844956837893,0.018386459785257,0.0040087342088391,0.3799207220131518,0.0146519112857573,-0.0041670457490354,0.0188189570347928,0.005242432768361,0.3811544205726737,0.0269372257376541,0.0114730552291079,0.0154641705085462,0.019205140483381,0.3951171282876937,0.052580671010345,0.0280605321754927,0.0245201388348523,0.0403206015929189,0.4162325893972316,0.3779128808704586,-0.0092386005284203,0.0021603426664892,0.001664220914836,0.6564830439309225,high,1,0.025520258717142242,252,both,0920_open,500,182.3,40.400000000001455,141.89999999999856,317.7
2024-11-21,23373.0,23388.95,-0.0049721923289913,0.1857910062888495,0.0072113456231549,-4.4288049751955105,-4.200599185958349,-4.382656234463753,0.0001448843058741,437.6,393.85,344.9,295.1,250.4,213.05,171.7,135.9,107.7,87.1,66.1,48.65,36.65,28.85,20.9,15.5,11.5,8.4,5.65,3.85,2.6,5.2,7.05,10.2,14.0,19.25,26.3,38.3,54.8,76.1,103.35,131.95,169.0,205.55,242.05,288.25,334.45,380.7,422.3,474.95,519.85,568.8,2024-11-21,0.0099859422357489,0.0999296864587744,0.9866666666666668,23346.75,0.3866842524203999,23284.147218605645,23350,0.0007039573820395,0.1495247110699235,-1.9002936083729047,0.9866666666666668,-1.6831328591084769,0.0049721923289913,2024,0.2867545659616255,3.909839817171527e-05,0.0001052590241549,0.2356710836592464,6.61606259832807e-05,0.3714493696439947,0.1510131687611534,-10.149429059287456,-9.159086348887278,-7.258792740514372,7.024160524091496e-05,0.667321455854301,0.0708028698139299,3.501741891408103e-05,-0.990342710399267,1,0,1,450.0,375.0,15025.0,10925.0,19725.0,33275.0,136600.0,225575.0,851250.0,1728625.0,2641250.0,1726625.0,2451475.0,1121400.0,1725675.0,861250.0,1613250.0,1139225.0,1651275.0,936800.0,1902100.0,1244225.0,948150.0,2346575.0,811950.0,1687950.0,1114200.0,1993925.0,1302800.0,2369300.0,2108975.0,2371125.0,798250.0,829650.0,122275.0,226525.0,44900.0,63825.0,13500.0,24400.0,2000.0,3850.0,0.4262195897902717,5.2,1244225.0,0.4121787830882356,7.05,948150.0,0.4043472463782998,10.2,2346575.0,0.3915915986306035,14.0,811950.0,0.3792006378945791,19.25,1687950.0,0.3663515616387258,26.3,1114200.0,0.3658251253222154,38.3,1993925.0,0.3688270895202781,54.8,1302800.0,0.3742618958444089,76.1,2369300.0,0.3845979286324664,87.1,1728625.0,0.3866842524203999,198.05,5012375.0,0.3870200987663386,48.65,1726625.0,0.3964947483317443,36.65,2451475.0,0.4145021594261032,28.85,1121400.0,0.4195101574475068,20.9,1725675.0,0.4292129687297143,15.5,861250.0,0.439404840803182,11.5,1613250.0,0.4481866722631776,8.4,1139225.0,0.4497201957532682,5.65,1651275.0,0.453859132944278,3.85,936800.0,0.4582158487203723,2.6,1902100.0,-0.012422356575991,0.0098104959113444,-0.0222328524873354,-0.0013059303323232,0.3853783220880766,-0.0208591270981844,0.0328259050271069,-0.0536850321252913,0.0059833889644612,0.3926676413848611,-0.0074836145258208,0.052720588382782,-0.0602042029086029,0.0226184869284806,0.4093027393488805,0.0176629939578999,0.0630359433328683,-0.0453729493749684,0.0403494686453841,0.4270337210657841,0.0395353373698718,0.0715315962999724,-0.0319962589301005,0.0555334668349221,0.442217719255322,0.3776590943216439,0.0203774451507718,0.0146461801311748,0.0041433076903721,0.638818106773962,high,1,0.02645295803748464,252,both,0920_open,500,190.25,3.25,187.0,309.75
2024-11-25,24288.1,24261.5,0.0014440738317824,0.0533496311630077,0.0041275357067864,-3.597697264644178,-4.223167664023389,-4.322996588669092,0.0223112690358584,584.9,542.65,493.8,448.1,407.4,372.85,328.45,292.25,259.75,228.45,200.1,173.5,148.95,127.65,107.65,90.45,75.35,65.25,51.95,43.15,36.45,34.6,39.15,44.65,51.35,58.95,67.65,80.85,94.5,110.9,128.5,152.3,174.9,200.05,225.6,258.3,292.0,326.35,361.2,394.0,440.2,490.65,2024-11-28,0.0125131256252615,0.1118620830543644,3.986666666666667,23957.45,0.1911959592114087,24347.82559840444,24300,0.0089231354642313,0.0365558948187706,-3.308912824839406,3.986666666666667,-2.930888214791399,0.0014440738317824,2024,0.0793338761570442,0.0001979589715319,0.000326193201484,0.1489460023198795,0.0001282342299521,0.6068764481640355,0.0422499568915291,-8.527450763226906,-8.028020709551626,-4.719107884712219,0.0002217635576169,0.6798534016282322,0.0335487282109719,0.0001044296438671,-0.4994300536751044,1,0,1,17550.0,115975.0,74025.0,98225.0,28000.0,245650.0,54550.0,455325.0,110175.0,511150.0,387900.0,1123400.0,281100.0,469125.0,201100.0,1195100.0,224825.0,390250.0,145325.0,327250.0,221875.0,115000.0,333275.0,201050.0,259525.0,124475.0,554325.0,133950.0,317375.0,120925.0,378450.0,371000.0,686250.0,122350.0,105775.0,22800.0,114250.0,5225.0,9225.0,2275.0,15600.0,125.0,0.2199083480474862,34.6,115000.0,0.2144702510441245,39.15,333275.0,0.2094726244122096,44.65,201050.0,0.205033516813132,51.35,259525.0,0.2003996722151464,58.95,124475.0,0.1956785800510631,67.65,554325.0,0.1950344861554554,80.85,133950.0,0.1926734939761641,94.5,317375.0,0.1913422755279532,110.9,120925.0,0.1890382111604193,128.5,378450.0,0.1911959592114087,352.4,758900.0,0.1903687174336749,173.5,1123400.0,0.1892966764998513,148.95,281100.0,0.189300532313452,127.65,469125.0,0.1882515322023752,107.65,201100.0,0.1879117617096088,90.45,1195100.0,0.1876087713322441,75.35,224825.0,0.191497399643424,65.25,390250.0,0.1886310923194132,51.95,145325.0,0.189925849659174,43.15,327250.0,0.192646065842263,36.45,221875.0,0.0001463163165445,-0.0018992827115573,0.0020455990281019,-0.0008764831975064,0.1903194760139022,0.0038385269440467,-0.0029444270090334,0.0067829539530802,0.0004470499675066,0.1916430091789153,0.0092037130037377,-0.0035871878791645,0.0127909008829022,0.0028082625622866,0.1940042217736953,0.0182766652008009,-0.0025648668919954,0.0208415320927964,0.0078558991544027,0.1990518583658114,0.0287123888360775,0.0014501066308542,0.0272622822052232,0.0150812477334659,0.2062772069448746,0.1892869141556689,-0.0058173877642751,0.0075415430238279,0.0010212221265024,0.6629614636209412,high,4,0.0261763179022042,252,both,0920_open,500,281.34999999999997,342.5499999999993,-61.19999999999931,218.65000000000003
2024-11-29,23969.55,23988.05,0.0020249181906442,0.0512209295490326,0.002603319237324,-3.7196444466297303,-3.9336787937578577,-4.257003809021046,-0.0132644767024008,568.55,522.3,480.0,436.7,400.0,360.7,324.15,289.35,257.85,227.15,198.15,171.85,147.9,125.6,106.35,89.25,74.75,60.95,49.4,40.3,32.6,41.5,48.85,56.65,66.3,76.7,89.5,102.8,118.85,136.25,156.2,176.9,200.75,226.75,255.8,285.05,320.2,353.4,392.1,428.35,469.15,510.45,2024-12-05,0.0163054513494454,0.1276928006954404,4.986666666666666,24701.55,0.1498391636445083,23971.27186769373,23950,0.0171423135464231,0.0224517749616857,-3.7963856050378535,4.986666666666666,-2.9716070502100176,0.0020249181906442,2024,0.0221463629490679,0.0003226581378144,0.0003848753660669,0.1371944662067045,6.22172282525256e-05,0.8383444778803975,0.0126446974378038,-8.038917192098468,-7.8625910005880115,-4.066205395550156,0.000265949577045,0.6910018164135433,0.0252830827803733,0.0001189257890218,-0.1763261915104011,1,0,0,6000.0,375.0,19575.0,75.0,9825.0,9975.0,65075.0,44025.0,331025.0,400850.0,1066225.0,247050.0,419575.0,178925.0,445475.0,239250.0,513050.0,108600.0,322650.0,160950.0,425025.0,247950.0,168250.0,234700.0,71725.0,249975.0,95850.0,459575.0,126325.0,446025.0,329175.0,753100.0,210300.0,144450.0,47250.0,137225.0,14175.0,47500.0,7375.0,16000.0,2325.0,16200.0,0.1653919324789478,41.5,247950.0,0.1639948932108859,48.85,168250.0,0.1618551729668461,56.65,234700.0,0.1604917709323496,66.3,71725.0,0.1585346422724532,76.7,249975.0,0.1575149156288898,89.5,95850.0,0.1554829441422459,102.8,459575.0,0.154389158127809,118.85,126325.0,0.1528777476069449,136.25,446025.0,0.1518720791847082,156.2,329175.0,0.1498391636445083,375.05,1819325.0,0.148495240223289,171.85,247050.0,0.1473160872290208,147.9,419575.0,0.145712323873455,125.6,178925.0,0.1448476582535986,106.35,445475.0,0.1440372336642739,89.25,239250.0,0.1437930483056753,74.75,513050.0,0.1423800866697344,60.95,108600.0,0.1413705762651861,49.4,322650.0,0.1413034295168225,40.3,160950.0,0.1412454222198525,32.6,425025.0,0.0030385839624365,-0.0025230764154875,0.0055616603779241,0.0002577537734745,0.1500969174179828,0.0056437804977376,-0.0049915053909097,0.0106352858886473,0.0003261375534139,0.1501653011979222,0.0086954786279449,-0.0060461153388329,0.0147415939667778,0.001324681644556,0.1511638452890643,0.0120160093223377,-0.0084685873793221,0.0204845967016599,0.0017737109715078,0.1516128746160161,0.0155527688344395,-0.0085937414246557,0.0241465102590953,0.0034795137048918,0.1533186773494002,0.1493651748653602,-0.0120769290401926,0.0026875449998185,0.0003490785803402,0.6994322239408172,middle,5,0.02521587023243938,252,both,0920_open,500,300.95,500.0,-199.05,199.05
2024-12-06,24689.05,24698.0,-0.0016208077747914,0.0564511537668296,0.0023512764261889,-3.3605753604356865,-4.278564558260841,-4.200166075205947,0.0097634976848372,575.45,535.45,497.95,458.4,423.65,389.15,355.5,321.15,292.7,261.25,236.35,209.65,186.1,162.75,144.0,123.1,107.05,90.55,78.05,65.7,55.15,78.75,88.4,99.8,112.75,125.85,141.5,156.95,175.7,194.7,216.9,238.5,262.75,288.7,317.35,346.1,376.6,410.2,444.85,479.7,508.05,557.45,2024-12-12,0.0057049108413028,0.0755308601917315,4.986666666666666,24539.5,0.1842290085577959,24697.847787503928,24700,0.0171423135464231,0.0339403275941884,-3.3831513670662323,4.986666666666666,-2.8743795498561022,0.0016208077747914,2024,0.1086981483660643,0.0001128908282882,0.0005818157374878,0.0811511376499065,0.0004689249091996,0.194031926285877,0.1030778709078893,-9.089089327591203,-7.449356762616389,-4.066205395550156,0.0003871013923233,0.6653333132492312,0.0339571528728218,0.0001947143451645,-1.6397325649747785,1,0,1,5975.0,650.0,8675.0,6350.0,17675.0,13125.0,58750.0,20950.0,106225.0,136450.0,599300.0,204775.0,392425.0,118550.0,231850.0,83325.0,436625.0,93975.0,134225.0,62000.0,159775.0,116850.0,64250.0,194550.0,80900.0,166550.0,110575.0,275025.0,122550.0,275850.0,274950.0,621175.0,163450.0,109225.0,28075.0,27000.0,9950.0,26450.0,3500.0,2500.0,50.0,1450.0,0.1987298779491073,78.75,116850.0,0.1967425393237775,88.4,64250.0,0.1954422527973494,99.8,194550.0,0.1944773191647166,112.75,80900.0,0.1925137175384703,125.85,166550.0,0.1916272377181003,141.5,110575.0,0.1893985434911988,156.95,275025.0,0.1886815812396862,175.7,122550.0,0.1869314356836728,194.7,275850.0,0.1864499866157047,216.9,274950.0,0.1842290085577959,474.85,1220475.0,0.1819935020246211,209.65,204775.0,0.1808843596300183,186.1,392425.0,0.1785699411850353,162.75,118550.0,0.178575225608626,144.0,231850.0,0.1753909726950686,123.1,83325.0,0.1748663943288059,107.05,436625.0,0.1724645826665672,90.55,93975.0,0.1723300517036309,78.05,134225.0,0.1708986122354148,65.7,62000.0,0.1698611360268486,55.15,159775.0,0.0027024271258768,-0.0033446489277775,0.0060470760536544,-0.0003211109009503,0.1839078976568455,0.0051695349334029,-0.0056537829491698,0.0108233178825727,-0.0002421240078834,0.1839868845499124,0.0082847089806744,-0.0093626142289899,0.0176473232096644,-0.0005389526241577,0.1836900559336381,0.0112132442395535,-0.0118989568541649,0.0231122010937184,-0.0003428563073057,0.1838861522504901,0.0145008693913114,-0.0143678725309472,0.0288687419222587,6.649843018211032e-05,0.184295506987978,0.1841162673468452,-0.0181442343055504,-0.0022058843369458,0.0005229431482982,0.6641166319506274,middle,5,0.02489732549190162,252,both,0920_open,500,340.95000000000005,160.5,180.45000000000005,159.04999999999995
2024-12-17,24597.35,24592.75,0.0005509699511941,0.0047538927592556,0.0016445337353414,-4.866128162652871,-4.985864420299138,-4.428411408357917,-0.005383432433858,525.55,481.15,438.5,399.65,358.35,317.8,282.1,248.8,217.35,188.15,162.8,138.45,117.6,98.5,81.95,67.2,55.15,44.3,35.45,28.0,21.75,22.3,27.85,35.0,43.45,53.1,65.7,79.4,95.65,114.65,135.85,158.8,186.0,213.9,244.8,279.15,314.0,348.5,391.35,431.9,473.65,518.4,2024-12-19,0.0202302768496427,0.1422331777386792,2.986666666666667,23961.95,0.2084184437186306,24604.00148429359,24600,0.006183409436834,0.043438247682096,-3.136414942980033,2.986666666666667,-5.348791468301172,0.0005509699511941,2024,0.0661852659799514,0.0002397662441439,0.000268596470637,0.1969155523193735,2.883022649309154e-05,0.8926634202425758,0.011502891399257,-8.335846091985372,-8.222300413808803,-5.08588547082877,0.0001826330055208,0.6799531099111962,0.0365581178707666,8.596346511620216e-05,-0.1135456781766056,1,0,0,550.0,325.0,7825.0,2500.0,23250.0,19925.0,50425.0,41200.0,256000.0,269275.0,914525.0,284500.0,544975.0,281925.0,492225.0,217650.0,313975.0,228150.0,687850.0,216250.0,477450.0,335925.0,180625.0,335125.0,154150.0,357675.0,191850.0,379675.0,301925.0,648275.0,551925.0,976175.0,301625.0,282050.0,72650.0,81225.0,15400.0,12875.0,3350.0,11150.0,850.0,1300.0,0.2159291586595741,22.3,335925.0,0.2142145985822563,27.85,180625.0,0.2134469040582251,35.0,335125.0,0.2124234430508541,43.45,154150.0,0.2107316432262489,53.1,357675.0,0.2110237415637044,65.7,191850.0,0.2098879920677897,79.4,379675.0,0.2093946645505793,95.65,301925.0,0.2095410064185607,114.65,648275.0,0.2094273553356775,135.85,551925.0,0.2084184437186306,321.6,1890700.0,0.20768999413792,138.45,284500.0,0.2083329453973312,117.6,544975.0,0.2081337543225053,98.5,281925.0,0.2082848594150885,81.95,492225.0,0.2078776118563857,67.2,217650.0,0.20853675684469,55.15,313975.0,0.2081027741528691,44.3,228150.0,0.2082220263009863,35.45,687850.0,0.2081340319329453,28.0,216250.0,0.2076949905998043,21.75,477450.0,0.0011225626999301,-8.549832129939317e-05,0.0012080610212295,0.0005185321893153,0.2089369759079459,0.0014695483491591,-0.000133584303542,0.0016031326527011,0.0006679820228085,0.2090864257414391,0.0023131995076182,0.0001183131260594,0.0021948863815588,0.0012157563168389,0.2096342000354695,0.0050284603395945,-0.0001964174176442,0.0052248777572387,0.0024160214609751,0.2108344651796057,0.0075107149409435,-0.0007234531188262,0.0082341680597698,0.0033936309110586,0.2118120746296892,0.2085745009962856,-0.0018644160803241,0.0019737461032795,0.0003498429420924,0.6614974777480779,high,3,0.02645295803748464,252,both,0920_open,500,277.55,500.0,-222.45,222.45
2024-12-20,23925.5,23924.8,-0.0015620761408799,0.0596085779014404,0.0043029077239765,-3.332117267536717,-4.10971943116469,-4.393133953442601,-0.0104927311850199,580.75,538.3,511.65,469.75,430.8,395.75,358.0,320.1,292.0,259.45,230.75,207.2,180.45,157.6,138.25,119.95,103.35,90.8,77.1,66.5,57.65,43.25,50.15,58.6,67.4,78.85,90.1,105.0,121.0,138.55,156.9,179.25,200.15,228.0,257.5,285.45,318.25,355.9,384.25,423.5,465.7,504.0,2024-12-26,0.0148705759737348,0.1219449710883349,3.986666666666667,23760.3,0.1630405470172186,24001.55299699892,23950,0.0171423135464231,0.0265822199716738,-3.6275127088056687,3.986666666666667,-2.819955790746161,0.0015620761408799,2024,0.0410955759288836,0.0002352540855104,0.0004556807495144,0.1171477279348447,0.000220426664004,0.5162695280875845,0.0458928190823738,-8.3548444129741,-7.693718104355828,-4.066205395550156,0.0003100426996043,0.6803945524026201,0.0285548687481367,0.00014563804991,-0.6611263086182557,1,0,1,2575.0,25.0,6700.0,500.0,11675.0,8000.0,45900.0,15350.0,118225.0,88650.0,628200.0,375200.0,825325.0,160400.0,230475.0,107750.0,365100.0,120800.0,251725.0,90025.0,205875.0,192800.0,101250.0,293725.0,86900.0,165500.0,147425.0,252825.0,117675.0,349075.0,221075.0,737075.0,377025.0,539475.0,70125.0,62250.0,14900.0,54950.0,8475.0,11225.0,3200.0,9175.0,0.1739931053467367,43.25,192800.0,0.1721335547636488,50.15,101250.0,0.1709403311577819,58.6,293725.0,0.1688669067750674,67.4,86900.0,0.16828853230528,78.85,165500.0,0.1661288796735677,90.1,147425.0,0.1660107871698242,105.0,252825.0,0.1653638131655049,121.0,117675.0,0.1645569857823248,138.55,349075.0,0.162930134457844,156.9,221075.0,0.1630405470172186,410.0,1365275.0,0.1604419856863553,200.15,377025.0,0.1625163934367613,180.45,825325.0,0.1617568759507549,157.6,160400.0,0.1622897675081295,138.25,230475.0,0.1621628578370754,119.95,107750.0,0.1619458318128142,103.35,365100.0,0.1639025269468964,90.8,120800.0,0.1633400661820115,77.1,251725.0,0.1643893351121407,66.5,90025.0,0.165989588742918,57.65,205875.0,0.0015164387651062,-0.0005241535804572,0.0020405923455634,0.0004961425923245,0.1635366896095431,0.0029702401526056,-0.000750779509089,0.0037210196616946,0.0011097303217582,0.1641502773389768,0.0052479852880614,-0.0010947152044044,0.0063427004924658,0.0020766350418285,0.1651171820590471,0.0078997841405633,0.0002995191647929,0.0076002649757703,0.0040996516526781,0.1671401986698967,0.0109525583295181,0.0029490417256994,0.0080035166038187,0.0069508000276087,0.1699913470448273,0.1622359555928876,-0.0035646781728068,0.0072642277791805,0.0006524764498752,0.6738347858603544,middle,4,0.027255095985245482,252,both,0920_open,500,309.1,189.70000000000073,119.3999999999993,190.89999999999998
2024-12-27,23822.9,23827.5,0.0009091805023991,0.0153943427933403,0.0017378400876887,-4.7022613065323275,-4.175444399706673,-4.512686237353306,0.0012613010759201,551.05,506.35,466.45,424.3,383.65,346.0,310.95,276.55,244.2,213.75,185.7,158.7,135.35,114.0,94.8,77.2,62.5,50.35,39.85,31.5,24.7,38.55,45.6,53.85,63.0,73.6,86.0,99.25,115.45,132.8,152.4,173.6,197.85,223.9,251.9,279.8,316.55,349.8,389.7,422.0,468.95,513.95,2025-01-02,0.0102364947706664,0.1011755640985827,4.986666666666666,24167.95,0.1445743704232999,23812.11245172208,23800,0.0171423135464231,0.0209017485832935,-3.8679224592386134,4.986666666666666,-4.173755188134283,0.0009091805023991,2024,0.0433988063247171,0.0002025634414936,0.0003583043278833,0.1087040728535209,0.0001557408863897,0.5653390867206405,0.0358702975697789,-8.504457429156691,-7.9341278547887715,-4.066205395550156,0.0002492167522533,0.6955449121298044,0.0240003065383742,0.0001090875756299,-0.5703295743679073,1,0,1,75.0,2700.0,1125.0,12900.0,5850.0,25800.0,13425.0,104625.0,95325.0,451725.0,370200.0,404775.0,161175.0,295725.0,147000.0,181275.0,90900.0,439350.0,99825.0,303450.0,161625.0,59175.0,163125.0,67200.0,388800.0,101400.0,229650.0,122475.0,304425.0,196125.0,703725.0,332925.0,219825.0,57225.0,158100.0,15600.0,12825.0,3600.0,10875.0,150.0,2400.0,225.0,0.1604965656512625,38.55,59175.0,0.1589715775523885,45.6,163125.0,0.1575584092347486,53.85,67200.0,0.1557716704245569,63.0,388800.0,0.1541058413537672,73.6,101400.0,0.1527389552819139,86.0,229650.0,0.1506507832415552,99.25,122475.0,0.149623808817285,115.45,304425.0,0.1479423353303391,132.8,196125.0,0.14646399292353,152.4,703725.0,0.1445743704232999,359.29999999999995,703125.0,0.1423280794477442,158.7,404775.0,0.1412067058140362,135.35,161175.0,0.1398634140332472,114.0,295725.0,0.1384185541445852,94.8,147000.0,0.1363779449630532,77.2,181275.0,0.134980655429858,62.5,90900.0,0.134115655080291,50.35,439350.0,0.1330182869742031,39.85,99825.0,0.1325110813335078,31.5,303450.0,0.1321721539554359,24.7,161625.0,0.0033679649070392,-0.0033676646092636,0.0067356295163029,1.501488878230539e-07,0.1445745205721877,0.0060764128182553,-0.0061558162787146,0.01223222909697,-3.970173022968537e-05,0.1445346686930702,0.0095314709304673,-0.0095937149934419,0.0191251859239092,-3.11220314873073e-05,0.1445432483918126,0.0129840388114486,-0.0115560834490967,0.0245401222605454,0.0007139776811759,0.1452883481044758,0.0159221952279626,-0.0124022164678639,0.0283244116958266,0.0017599893800493,0.1463343598033492,0.1441635090610479,-0.0144795746225184,-9.634946084800212e-05,0.0002559797679767,0.6920520819091044,low,5,0.0260374056118018,252,both,0920_open,500,296.04999999999995,367.9500000000007,-71.90000000000077,203.95000000000005
2025-01-03,24176.05,24169.25,-0.0008620860539194,0.0775373090522749,0.0023887276871118,-4.619026216966481,-4.623298524068375,-4.549721099319946,0.0170785960379814,556.0,514.15,469.05,427.0,392.25,352.0,315.15,280.7,249.0,218.95,190.75,167.9,142.0,119.3,100.55,83.0,68.85,57.2,45.1,35.85,28.3,40.25,46.95,54.65,63.6,74.45,84.6,99.45,115.1,132.3,153.35,174.85,197.0,224.75,254.1,284.45,318.85,351.3,387.0,430.55,464.5,512.2,2025-01-09,0.0145355276815189,0.1205633762032189,4.986666666666666,23557.2,0.1446321240971914,24215.91636218025,24200,0.0171423135464231,0.0209184513208653,-3.867123671164992,4.986666666666666,-2.556996051335942,0.0008620860539194,2025,0.0240687478939724,0.0002876342514755,0.0003585906514478,0.129534538769572,7.095639997230235e-05,0.8021242336190147,0.0150975853276194,-8.153820845065415,-7.933329066715152,-4.066205395550156,0.0002493976533181,0.69549401890754,0.0240143070946011,0.0001091929981297,-0.2204917783502967,1,0,0,600.0,9375.0,3525.0,47100.0,7800.0,30900.0,19500.0,110100.0,46575.0,212925.0,380925.0,744900.0,239550.0,354225.0,169950.0,301800.0,117750.0,369300.0,126975.0,259275.0,145800.0,64275.0,147150.0,70950.0,353475.0,93225.0,207675.0,114600.0,453150.0,132750.0,301725.0,385875.0,485025.0,78825.0,161025.0,18825.0,36075.0,3900.0,22050.0,300.0,3000.0,150.0,0.1608953218441673,40.25,64275.0,0.1588033593061844,46.95,147150.0,0.1566964159885858,54.65,70950.0,0.1547102500780307,63.6,353475.0,0.1533317971028781,74.45,93225.0,0.1499071909556937,84.6,207675.0,0.1494024843794391,99.45,114600.0,0.148000068280697,115.1,453150.0,0.1463228841652321,132.3,132750.0,0.1461420378092747,153.35,301725.0,0.1446321240971914,365.6,766800.0,0.1458546485490121,167.9,744900.0,0.1429229988119719,142.0,239550.0,0.1407414703166964,119.3,354225.0,0.139987351683676,100.55,169950.0,0.1384034700245027,83.0,301800.0,0.1380305921030652,68.85,117750.0,0.1383169789834912,57.2,369300.0,0.1362140266429342,45.1,126975.0,0.1353390496132609,35.85,259275.0,0.1347219672054582,28.3,145800.0,0.0016907600680407,-0.0017091252852194,0.0033998853532602,-9.182608589342056e-06,0.144622941488602,0.0047703602822477,-0.0046447724135153,0.009415132695763,6.279393436620095e-05,0.1446949180315576,0.0086996730056866,-0.0066015319941261,0.0153012049998128,0.0010490705057802,0.1456811946029717,0.0120642918913944,-0.0084180974542572,0.0204823893456516,0.0018230972185686,0.14645522131576,0.0162631977469759,-0.0099101568917331,0.026173354638709,0.0031765204276213,0.1478086445248128,0.1444961957048458,-0.0108659959474565,4.62963898918759e-05,0.0008471597046781,0.6945019603524268,low,5,0.02609297052796276,252,both,0920_open,500,297.05,500.0,-202.95,202.95
2025-01-17,23178.2,23185.5,-0.0041046966961844,0.2274322970459091,0.0053951052335815,-4.848383581008934,-4.294624612882226,-4.355371105442678,0.0052684921204789,539.2,508.5,456.6,420.0,378.1,340.2,304.45,272.0,239.6,210.2,183.2,158.0,134.0,114.2,95.5,80.6,66.25,54.5,44.25,36.45,29.3,39.9,47.2,55.35,65.2,75.7,88.45,103.5,119.15,137.7,157.0,180.65,205.0,233.5,259.3,293.8,321.95,363.25,400.0,442.0,481.35,527.0,2025-01-23,0.0159175509826517,0.1261647771077637,4.986666666666666,23216.3,0.1502735784204445,23202.552624123247,23200,0.0171423135464231,0.0225821483712854,-3.790595579911254,4.986666666666666,-1.4809026802840282,0.0041046966961844,2025,0.0241088013126807,0.0003149822257942,0.0003871102679324,0.1355527418548162,7.212804213815042e-05,0.8136757195220101,0.0147208365656283,-8.062994346780581,-7.856800975461414,-4.066205395550156,0.0002673520584488,0.6906354095869299,0.0253895070191824,0.0001197582094836,-0.2061933713193381,1,0,0,600.0,525.0,5250.0,675.0,6525.0,5025.0,84975.0,26775.0,156900.0,249375.0,822375.0,306450.0,656400.0,215250.0,455700.0,218625.0,484950.0,164700.0,484050.0,178200.0,324975.0,197400.0,125700.0,277125.0,142875.0,422850.0,195450.0,638700.0,247425.0,630000.0,615825.0,1233675.0,342000.0,384900.0,76125.0,112125.0,16350.0,75150.0,2850.0,20625.0,0.0,2475.0,0.1645746470036274,39.9,197400.0,0.1630565493697748,47.2,125700.0,0.1612038644826604,55.35,277125.0,0.159875093756521,65.2,142875.0,0.1577613762640638,75.7,422850.0,0.156404643595942,88.45,195450.0,0.1556062438243228,103.5,638700.0,0.1537030627517967,119.15,247425.0,0.1526604861269991,137.7,630000.0,0.1505380397772875,157.0,615825.0,0.1502735784204445,363.85,2056050.0,0.1491123687843557,158.0,306450.0,0.147100656790608,134.0,656400.0,0.1467651180193187,114.2,215250.0,0.1455021892867722,95.5,455700.0,0.1458223055815164,80.6,218625.0,0.1448025189476616,66.25,484950.0,0.1445408643906696,54.5,164700.0,0.1440701052424008,44.25,484050.0,0.1448185383156434,36.45,178200.0,0.1447199574969574,29.3,324975.0,0.0023869077065546,-0.0031729216298365,0.0055598293363911,-0.0003930069616409,0.1498805714588035,0.0053326654038783,-0.0047713891336723,0.0101040545375506,0.000280638135103,0.1505542165555475,0.0074877978436193,-0.0054710594727828,0.0129588573164022,0.0010083691854182,0.1512819476058627,0.0109302860622159,-0.0062034731780437,0.0171337592402596,0.0023634064420861,0.1526369848625306,0.0143010685831829,-0.005553620923487,0.0198546895066699,0.0043737238298479,0.1546473022502924,0.1498235773120458,-0.0101967153851544,0.0033808074124608,0.0004150333046929,0.6886611943858616,middle,5,0.026459218205436678,252,both,0920_open,500,294.65000000000003,16.299999999999272,278.35000000000076,205.34999999999997
2025-01-27,22927.3,22915.05,-0.0005843163977572,0.025281204509913,0.001799165187353,-4.386486892627118,-4.392663339207067,-4.4018584149394,-0.005439836852405,555.0,471.5,470.5,444.25,389.85,349.9,314.85,278.55,245.95,215.9,188.5,161.9,139.35,118.4,99.55,83.5,69.2,57.25,47.1,38.6,31.5,28.65,34.4,42.25,50.0,59.65,71.6,84.65,100.5,118.1,138.25,160.0,184.2,210.3,239.55,272.75,305.95,340.2,378.9,419.45,460.8,502.0,2025-01-30,0.0143465951160946,0.1197772729531553,3.986666666666667,23297.95,0.2010312185419198,22978.515262647,22950,0.0089231354642313,0.0404135508284491,-3.208590133708816,3.986666666666667,-3.6776940640856615,0.0005843163977572,2025,0.0812539455887645,0.0002269646528948,0.0003606155886328,0.1594851936243594,0.000133650935738,0.6293811472634595,0.0415460249175603,-8.390716266727265,-7.927698018421036,-4.719107884712219,0.0002429229686044,0.6736341308077999,0.0360344089207057,0.0001176926200284,-0.4630182483062274,1,0,1,1475.0,0.0,20325.0,725.0,4250.0,3000.0,25825.0,23550.0,130550.0,97000.0,439550.0,465050.0,552650.0,253800.0,512075.0,218725.0,572025.0,306500.0,540925.0,339275.0,461175.0,107825.0,108700.0,364900.0,93275.0,191800.0,138350.0,282050.0,172975.0,524975.0,228600.0,751925.0,554875.0,591750.0,86300.0,247775.0,39250.0,163300.0,19350.0,40775.0,5075.0,12625.0,0.2144850683505173,28.65,107825.0,0.2120310237710429,34.4,108700.0,0.2115508878496132,42.25,364900.0,0.2086253752055319,50.0,93275.0,0.2066736243629858,59.65,191800.0,0.2058262668865856,71.6,138350.0,0.204075841822124,84.65,282050.0,0.2035343481478175,100.5,172975.0,0.2026176817382849,118.1,524975.0,0.2021885802045127,138.25,228600.0,0.2010312185419198,348.5,1191475.0,0.1991326825824599,161.9,465050.0,0.1992660159876944,139.35,552650.0,0.1986125939837712,118.4,253800.0,0.1977885117704006,99.55,512075.0,0.1977798807138084,83.5,218725.0,0.1974138336065065,69.2,572025.0,0.1977134160875305,57.25,306500.0,0.198193258776965,47.1,540925.0,0.1989264442697711,38.6,339275.0,0.1998199919762658,31.5,461175.0,0.0015864631963651,-0.0017652025542253,0.0033516657505905,-8.936967893014014e-05,0.2009418488629896,0.0030446232802041,-0.0032427067715191,0.0062873300517233,-9.904174565750212e-05,0.2009321767962623,0.005642405821066,-0.0036173849354133,0.0092597907564793,0.0010125104428263,0.2020437289847461,0.0105196693076934,-0.0028379597649547,0.0133576290726482,0.0038408547713693,0.2048720733132891,0.0134538498085975,-0.0012112265656539,0.0146650763742514,0.0061213116214717,0.2071525301633915,0.2002798043222227,-0.0066010687569778,0.0026655590049981,0.0003526120014793,0.643840957451864,high,4,0.025096655141311718,252,both,0920_open,500,288.35,347.9500000000007,-59.600000000000705,211.64999999999998
2025-01-31,23301.2,23294.8,0.0001931413371385,0.0118904202566639,0.0016243630961066,-4.74130736239486,-4.190831336636935,-4.316880781913042,0.005239483821661,679.95,645.2,609.35,571.3,536.05,501.5,469.75,436.6,406.1,377.75,349.55,321.85,296.75,271.95,248.4,226.5,206.55,187.0,168.45,151.2,135.7,128.5,140.4,153.0,168.25,182.7,199.15,214.6,233.85,252.8,274.55,295.25,319.15,341.4,366.8,393.85,423.6,453.8,484.1,511.6,546.7,581.65,2025-02-06,0.0177559157582057,0.1332513255401452,5.986666666666666,23628.05,0.2642854653587459,23354.355878389153,23300,0.0171423135464231,0.0698468071998889,-2.661450903702699,5.986666666666666,-4.4320222235160305,0.0001931413371385,2025,0.1310341398186006,0.0004218204325626,0.001197335869237,0.1568660963416188,0.0007755154366743,0.3522991696819776,0.107419369017127,-7.770930849739917,-6.727656299252856,-4.066205395550156,0.0007456644951833,0.6227696959070049,0.0557225854401228,0.0004516713740537,-1.0432745504871666,1,0,1,2325.0,1350.0,2250.0,1650.0,17625.0,22050.0,11475.0,30000.0,69900.0,77400.0,234300.0,124350.0,156300.0,49575.0,139575.0,41775.0,185100.0,43800.0,122100.0,36600.0,95550.0,69525.0,23400.0,60375.0,25050.0,127950.0,35400.0,76500.0,39750.0,170175.0,166800.0,302250.0,121050.0,59250.0,15450.0,29700.0,7800.0,7425.0,3375.0,3600.0,1200.0,825.0,0.2783084128915055,128.5,69525.0,0.2767003936041826,140.4,23400.0,0.2749031240407338,153.0,60375.0,0.2747116431779129,168.25,25050.0,0.2728268942196305,182.7,127950.0,0.2718225232129219,199.15,35400.0,0.2690095187076118,214.6,76500.0,0.268540211881029,233.85,39750.0,0.2668359605079807,252.8,170175.0,0.2664924791789106,274.55,166800.0,0.2642854653587459,644.8,536550.0,0.2637152308124619,319.15,121050.0,0.2615549192750311,296.75,156300.0,0.2599710021013233,271.95,49575.0,0.2583778334507929,248.4,139575.0,0.2571062536308502,226.5,41775.0,0.2564282323099513,206.55,185100.0,0.2550318099068416,187.0,43800.0,0.2534186464909087,168.45,122100.0,0.2518618066715598,151.2,36600.0,0.2508176380133709,135.7,95550.0,0.0025504951492348,-0.0027305460837147,0.0052810412329495,-9.002546723996252e-05,0.2641954398915059,0.0047240533488658,-0.0059076319079529,0.0106316852568188,-0.0005917892795435,0.2636936760792023,0.0085414288608846,-0.0078572330487945,0.0163986619096792,0.000342097906045,0.2646275632647909,0.0106176586819879,-0.0108668188678371,0.0214844775498251,-0.0001245800929246,0.2641608852658212,0.0140229475327595,-0.0134678273453749,0.0274907748781345,0.0002775600936922,0.2645630254524382,0.2628838255222055,-0.0225622672460504,-0.0007205543408276,0.0004630076200798,0.5353823103426602,high,6,0.02534382530314648,252,both,0920_open,500,380.59999999999997,328.0499999999993,52.55000000000069,119.40000000000003
2025-02-07,23583.9,23583.25,-0.0027776972302911,0.0681231275641313,0.0043355848693388,-5.492567793893391,-4.250742943077934,-4.321963840273188,-0.0024812544961047,573.1,530.35,488.95,444.0,405.55,370.55,334.2,300.6,267.85,236.45,209.0,182.9,158.45,136.6,116.0,98.05,82.3,67.9,56.0,45.85,36.85,44.5,51.8,60.15,70.55,81.6,93.95,109.0,124.65,142.1,162.2,183.7,207.0,232.65,261.15,290.85,322.9,355.65,393.5,430.2,465.3,511.8,2025-02-13,0.014777377765049,0.1215622382364237,4.986666666666666,23019.4,0.1591552381858443,23625.32603541889,23600,0.0171423135464231,0.0253303898419928,-3.675750424562199,4.986666666666666,-2.6864385116736105,0.0027776972302911,2025,0.0375929999494205,0.0002924200679432,0.0004342214849245,0.1306077264725068,0.0001418014169812,0.6734352815225022,0.0285475117133374,-8.137319200626683,-7.741955820112357,-4.066205395550156,0.0002967503247725,0.6834077425350393,0.0275840234789457,0.000137471160152,-0.3953633805144949,1,0,1,375.0,300.0,2700.0,900.0,8700.0,11400.0,31725.0,19650.0,122475.0,128775.0,535050.0,322125.0,363450.0,155550.0,321900.0,114375.0,169575.0,84825.0,420825.0,69750.0,138525.0,318300.0,143400.0,267675.0,127725.0,254850.0,237375.0,717825.0,211125.0,563400.0,509400.0,1200600.0,403275.0,327300.0,50700.0,140850.0,4350.0,24150.0,2475.0,8550.0,75.0,1875.0,0.1727990900132393,44.5,318300.0,0.1710214068419501,51.8,143400.0,0.1692504559898865,60.15,267675.0,0.1684295749001381,70.55,127725.0,0.1668643629872067,81.6,254850.0,0.1651872033033345,93.95,237375.0,0.1645688383248542,109.0,717825.0,0.162967746087222,124.65,211125.0,0.1614095551032408,142.1,563400.0,0.1605082659693071,162.2,509400.0,0.1591552381858443,392.7,1735650.0,0.1580837306691679,182.9,322125.0,0.1566919869760823,158.45,363450.0,0.1557433123129494,136.6,155550.0,0.1541112788630387,116.0,321900.0,0.1529994579213897,98.05,114375.0,0.1521018516199131,82.3,169575.0,0.1506708387637605,67.9,84825.0,0.1499566552703843,56.0,420825.0,0.1493877269300516,45.85,69750.0,0.1483759806653393,36.85,138525.0,0.0022543169173965,-0.0024632512097619,0.0047175681271584,-0.0001044671461827,0.1590507710396616,0.0054136001390099,-0.0050439593228055,0.0104575594618155,0.0001848204081022,0.1593400585939465,0.0077091248013624,-0.0070533865659311,0.0147625113672936,0.0003278691177156,0.1594831073035599,0.0100952178040422,-0.0091985829154599,0.0192938007195022,0.0004483174442911,0.1596035556301354,0.013643851827395,-0.0107792575205049,0.0244231093478999,0.001432297153445,0.1605875353392893,0.1585651110993928,-0.012112434512566,0.0003671257395479,0.0001880355418812,0.6606942358032227,middle,5,0.025214463966624683,252,both,0920_open,500,311.34999999999997,500.0,-188.65000000000003,188.65000000000003
2025-02-14,23092.05,23090.5,-0.0001450206296671,0.0310200488965364,0.0021868998205009,-4.342568115349335,-4.261640894142246,-4.305749169910086,-0.0016667683318417,560.0,515.35,470.0,430.2,392.25,352.5,317.4,279.1,248.85,217.7,188.65,162.4,137.35,116.65,97.3,80.55,65.15,52.75,41.85,33.05,26.35,31.0,37.1,44.55,53.15,62.7,75.3,87.85,103.55,119.3,138.75,159.4,183.0,210.6,237.3,270.4,305.0,335.35,374.5,411.0,450.55,496.25,2025-02-20,0.0158314777231035,0.1258232002577568,4.986666666666666,22906.25,0.1439639046278559,23129.28010023725,23100,0.0171423135464231,0.0207256058356983,-3.876385346267478,4.986666666666666,-3.4731215449443225,0.0001450206296671,2025,0.018140704370099,0.0003132789771661,0.0003552848336751,0.1351857481531346,4.200585650894153e-05,0.881768506484144,0.0087781564747212,-8.06841646354646,-7.942590741817639,-4.066205395550156,0.0002473082079815,0.6960843372439856,0.0238524164091091,0.0001079766256935,-0.1258257217290136,1,0,0,1275.0,600.0,4350.0,675.0,40350.0,5550.0,25500.0,19275.0,187350.0,216150.0,806700.0,469200.0,599250.0,247650.0,418200.0,234450.0,320325.0,131550.0,532350.0,238425.0,369000.0,223200.0,79800.0,369825.0,195975.0,441750.0,192300.0,413325.0,297675.0,870825.0,562800.0,1269675.0,414675.0,378975.0,48150.0,84750.0,7800.0,15150.0,825.0,20625.0,150.0,6450.0,0.157658376024018,31.0,223200.0,0.1560329244466709,37.1,79800.0,0.1548012678392407,44.55,369825.0,0.1534667872244097,53.15,195975.0,0.1516821344864295,62.7,441750.0,0.1515080157207807,75.3,192300.0,0.1495751118791592,87.85,413325.0,0.1489200022866191,103.55,297675.0,0.1465776699157291,119.3,870825.0,0.1456804103093021,138.75,562800.0,0.1439639046278559,348.05,2076375.0,0.1429127733260157,162.4,469200.0,0.1409347990618845,137.35,599250.0,0.1406552921490344,116.65,247650.0,0.1395719735420302,97.3,418200.0,0.1388096115466341,80.55,234450.0,0.1372507556225681,65.15,320325.0,0.1366371011980785,52.75,131550.0,0.1355887560644118,41.85,532350.0,0.1349945240855445,33.05,238425.0,0.1353185074947278,26.35,369000.0,0.0026137652878732,-0.0030291055659713,0.0056428708538446,-0.000207670139049,0.1437562344888068,0.0056112072513033,-0.0043919310858256,0.010003138337129,0.0006096380827388,0.1445735427105947,0.0077182298585736,-0.0067131490052877,0.0144313788638614,0.0005025404266429,0.1444664450544988,0.0108373632113847,-0.008375148563444,0.0192125117748288,0.0012311073239703,0.1451950119518262,0.0136944713961621,-0.008645397133128,0.0223398685292902,0.002524537131517,0.1464884417593729,0.1434704315985746,-0.0107666199618248,0.001331018244175,0.0004381189174804,0.6897176272410809,low,5,0.02576483482727076,252,both,0920_open,500,290.7,193.75,96.94999999999999,209.3
2025-02-24,22645.0,22625.2,0.0016108667359176,0.1810847340494137,0.0026739139434753,-4.834876884918912,-4.439188215852479,-4.2913912373935865,-0.0062140833104925,552.75,495.0,450.9,406.35,366.1,319.55,281.7,242.9,208.6,177.7,149.15,124.3,100.8,81.5,64.6,50.35,39.05,29.7,22.7,17.25,13.4,12.75,16.0,20.3,25.6,32.65,41.7,52.4,65.45,82.15,100.75,121.7,145.2,173.8,203.6,237.75,274.5,310.45,350.3,393.15,440.0,480.6,2025-02-27,0.0045820525791916,0.0676908603815287,2.986666666666667,22510.85,0.1581281058524053,22677.46470033895,22650,0.0089231354642313,0.0250044978604695,-3.688699555877814,2.986666666666667,-1.7087902133420756,0.0016108667359176,2025,0.0904372454708766,5.430580834597452e-05,0.000223118521624,0.0780125363970779,0.000168812713278,0.2433944432344277,0.0801155694553273,-9.820879369047516,-8.407807440590034,-4.719107884712219,0.0001570580345202,0.7039219934633838,0.0254585314221969,6.606048710384592e-05,-1.4130719284572535,1,0,1,0.0,6600.0,225.0,16050.0,1275.0,35250.0,14625.0,184725.0,144300.0,765075.0,851400.0,996750.0,531450.0,1218750.0,503850.0,883425.0,479850.0,1897950.0,489900.0,1983000.0,522225.0,269475.0,515925.0,330975.0,950250.0,354300.0,1053675.0,636675.0,1511850.0,874575.0,2381775.0,1548675.0,1775700.0,499350.0,707100.0,113850.0,311550.0,45375.0,140625.0,7725.0,27675.0,1425.0,0.1745552773730269,12.75,269475.0,0.1713032327889271,16.0,515925.0,0.1686674542940768,20.3,330975.0,0.1659331679937424,25.6,950250.0,0.1641261528384639,32.65,354300.0,0.162956686038184,41.7,1053675.0,0.1613527501326321,52.4,636675.0,0.1600279166751473,65.45,1511850.0,0.1602543810677025,82.15,874575.0,0.1594607985072719,100.75,2381775.0,0.1581281058524053,270.85,2400075.0,0.1582841635802249,124.3,996750.0,0.1565605375707959,100.8,531450.0,0.1563678320517533,81.5,1218750.0,0.1556774698593165,64.6,503850.0,0.1549689495647719,50.35,883425.0,0.1550532770787244,39.05,479850.0,0.1548596303515383,29.7,1897950.0,0.1556878887585764,22.7,489900.0,0.1567496920055547,17.25,1983000.0,0.1590648038824867,13.4,522225.0,0.0021262752152972,-0.0015675682816093,0.0036938434969066,0.0002793534668439,0.1584074593192492,0.0032246442802268,-0.0024506359930888,0.0056752802733156,0.0003870041435689,0.1585151099959743,0.0059980469860586,-0.0030748287736808,0.0090728757597395,0.0014616091061888,0.1595897149585942,0.0105393484416715,-0.0024402170938288,0.0129795655355003,0.0040495656739213,0.1621776715263266,0.0164271715206215,0.0009366980300813,0.0154904734905401,0.0086819347753514,0.1668100406277567,0.1578963298213306,-0.0048570746974055,0.0013035143359681,0.000387465660105,0.6900906753288957,middle,3,0.0261763179022042,252,both,0920_open,500,244.70000000000005,139.15000000000146,105.54999999999859,255.29999999999995
2025-03-10,22578.35,22576.35,0.0025321245578151,0.3213112201894316,0.0036207251637077,-4.33190085239913,-4.2265414193983935,-4.477638618245586,0.0003439388577189,486.15,439.65,395.3,354.75,311.4,272.35,237.4,203.55,171.6,143.6,118.45,93.95,75.1,58.25,44.25,33.4,24.9,18.55,13.2,9.35,6.45,19.0,23.75,29.75,36.55,46.05,57.45,70.65,86.95,105.35,127.05,151.0,180.15,209.35,242.4,277.5,315.9,358.75,404.6,446.1,499.05,544.9,2025-03-13,0.0088900088084209,0.0942868432413608,3.986666666666667,22383.3,0.157648785134101,22567.43256845053,22600,0.0089231354642313,0.0248531394542579,-3.694771198231801,3.986666666666667,-1.1353450922455566,0.0025321245578151,2025,0.0633619418927402,0.0001406408800908,0.0002217679300617,0.1255443130389113,8.112704997088332e-05,0.6341804247878181,0.0321044720951896,-8.869300866290363,-8.413879082944021,-4.719107884712219,0.0001561941733164,0.7043136186236104,0.0253445728686345,6.557375674529843e-05,-0.4554217833466553,1,0,1,3150.0,600.0,7425.0,4875.0,34800.0,27450.0,200700.0,150600.0,959250.0,952425.0,1380150.0,897150.0,875625.0,647775.0,1044225.0,569625.0,816225.0,675225.0,641550.0,395175.0,578400.0,415200.0,317100.0,703200.0,362175.0,880875.0,471975.0,826650.0,505275.0,1525050.0,900225.0,847875.0,207450.0,170250.0,36150.0,50850.0,7050.0,8400.0,1875.0,9675.0,375.0,525.0,0.1775019410758947,19.0,415200.0,0.1746459677635464,23.75,317100.0,0.1721172381935693,29.75,703200.0,0.1686538720273908,36.55,362175.0,0.1671751326302451,46.05,880875.0,0.1656354986539067,57.45,471975.0,0.1635981219201064,70.65,826650.0,0.1624868180278153,86.95,505275.0,0.1607206552003474,105.35,1525050.0,0.1595733092515228,127.05,900225.0,0.157648785134101,269.45,2228025.0,0.1539547465134289,93.95,897150.0,0.1534473547341674,75.1,875625.0,0.1518062508980368,58.25,647775.0,0.1502398384139778,44.25,1044225.0,0.1496404248792852,33.4,569625.0,0.1493905024997835,24.9,816225.0,0.1499000366714964,18.55,675225.0,0.1491827387197286,13.2,641550.0,0.1490597728799811,9.35,395175.0,0.1487016236232756,6.45,578400.0,0.0030718700662464,-0.0042014303999335,0.0072733004661799,-0.0005647801668435,0.1570840049672574,0.0059493367860054,-0.0074089467201231,0.0133582835061286,-0.0007298049670588,0.1569189801670421,0.0095263474961441,-0.0082582826343174,0.0177846301304616,0.0006340324309133,0.1582828175650143,0.0144684530594683,-0.0084660464143724,0.0229344994738407,0.0030012033225479,0.1606499884566489,0.0198531559417937,-0.0089471615108253,0.028800317452619,0.0054529972154842,0.1631017823495852,0.1579467085460299,-0.0110624077764705,0.0013561139923751,0.000696161581008,0.6878951535012638,middle,4,0.0261763179022042,252,both,0920_open,500,244.0,216.70000000000073,27.299999999999272,256.0
2025-03-25,23726.3,23717.4,-0.001063595748579,0.0317286251701891,0.0016563403533209,-4.233184195700085,-4.736488283264116,-4.6144387910233995,0.0135448107102149,552.8,507.85,460.0,419.25,375.0,335.0,293.8,257.05,222.55,192.5,163.1,138.85,115.9,95.05,77.85,63.75,52.1,42.2,34.4,27.6,22.0,18.8,22.55,27.1,33.2,39.85,48.9,60.15,73.9,89.6,107.95,130.0,152.6,179.75,211.75,244.95,280.9,319.0,358.25,398.0,442.5,484.45,2025-03-27,0.0120583379424884,0.1098104637203961,2.986666666666667,23601.05,0.1958341118217693,23783.112282529437,23750,0.006183409436834,0.0383509993530212,-3.260974692759471,2.986666666666667,-3.450536003345958,0.001063595748579,2025,0.0860236481013731,0.0001429136348739,0.0002371399313114,0.1520277368313905,9.422629643754931e-05,0.6026552933686143,0.0438063749903787,-8.853270062087313,-8.346860163588241,-5.08588547082877,0.0001630944121314,0.6877560064617527,0.0334268146986069,7.4045519180084e-05,-0.5064098984989643,1,0,1,11925.0,5625.0,22050.0,10500.0,26250.0,22050.0,120075.0,90375.0,228225.0,213600.0,866550.0,973950.0,987000.0,484275.0,557700.0,356475.0,1089000.0,363150.0,613575.0,354600.0,912600.0,501075.0,223350.0,700200.0,347475.0,637350.0,382200.0,1077375.0,417750.0,1022175.0,685575.0,1636725.0,1215825.0,862275.0,165000.0,126300.0,41925.0,79125.0,4275.0,6375.0,1425.0,4950.0,0.2222048733964814,18.8,501075.0,0.2174112055851023,22.55,223350.0,0.2127060349057107,27.1,700200.0,0.2093849676984401,33.2,347475.0,0.2047017199612007,39.85,637350.0,0.2019919347072362,48.9,382200.0,0.2000601157128941,60.15,1077375.0,0.1988509358455262,73.9,417750.0,0.197151928473215,89.6,1022175.0,0.1957514949004045,107.95,685575.0,0.1958341118217693,293.1,2503275.0,0.1972147357709873,138.85,973950.0,0.1967131713980262,115.9,987000.0,0.1954126437967349,95.05,484275.0,0.1955972345887155,77.85,557700.0,0.1968697373076552,63.75,356475.0,0.1987020635594428,52.1,1089000.0,0.2003461484759411,42.2,363150.0,0.2029445849751081,34.4,613575.0,0.2047542900420857,27.6,354600.0,0.2065179502959951,22.0,912600.0,0.0013178166514457,0.0008790595762569,0.0004387570751888,0.0010984381138513,0.1969325499356206,0.0042260038911248,-0.0002368772330537,0.0044628811241785,0.0019945633290355,0.1978286751508048,0.0088676081394314,0.0028679517376735,0.0059996564017579,0.0058677799385525,0.2017018917603218,0.0168719230839413,0.0071104731533387,0.0097614499306026,0.01199119811864,0.2078253099404093,0.0263707615747121,0.0106838384742258,0.0156869231004863,0.018527300024469,0.2143614118462383,0.1957569800853489,-0.0021132811394622,0.0078194352502329,0.0006770334717889,0.6443954249406606,high,3,0.026389594096335817,252,both,0920_open,500,252.3,148.95000000000073,103.34999999999928,247.7
2025-04-11,22766.05,22766.3,0.0030707761720765,0.0740012229827637,0.0038500482352011,-3.855864942409202,-3.045572618674373,-4.220549614611621,-0.0056396310266629,638.25,592.85,555.0,514.65,475.75,437.65,401.55,367.25,333.9,300.0,271.25,242.55,216.85,192.75,170.0,149.8,130.55,115.65,101.0,88.05,76.8,71.5,79.2,88.4,97.65,109.15,120.2,133.45,148.35,164.75,183.4,202.3,224.35,248.15,274.05,303.45,331.35,365.4,397.65,432.3,471.05,508.05,2025-04-17,0.0293537025524754,0.1713292227043463,3.986666666666667,23837.75,0.1978122153733515,22819.02095423448,22750,0.0171423135464231,0.0391296725509132,-3.2408742110311395,3.986666666666667,-2.603673659120429,0.0030707761720765,2025,0.0264829926690052,0.000464378680592,0.0006707731158366,0.1645892322539336,0.0002063944352445,0.6923036562264073,0.0332229831194178,-7.674810216618797,-7.307079606581296,-4.066205395550156,0.0004405088404388,0.6567180914659322,0.0375088658221877,0.0002302642753977,-0.3677306100376248,1,0,1,450.0,13425.0,7800.0,102150.0,25125.0,135375.0,21750.0,97425.0,68625.0,300300.0,369825.0,658650.0,226950.0,391125.0,258675.0,743325.0,158775.0,249450.0,208050.0,488175.0,162825.0,97200.0,238800.0,132225.0,347850.0,138525.0,480825.0,117900.0,313050.0,210675.0,493050.0,436500.0,689700.0,109800.0,130800.0,24600.0,86550.0,5850.0,15150.0,2325.0,11850.0,975.0,0.2244117522833807,71.5,97200.0,0.2211760168781249,79.2,238800.0,0.2186958468506778,88.4,132225.0,0.2152555781078576,97.65,347850.0,0.2131141608279644,109.15,138525.0,0.2094248296096337,120.2,480825.0,0.2067433439576457,133.45,117900.0,0.2043902284803919,148.35,313050.0,0.202130623077415,164.75,210675.0,0.2005332385002097,183.4,493050.0,0.1978122153733515,473.55,806325.0,0.1963849800776899,224.35,689700.0,0.1947156943250229,216.85,226950.0,0.1936237920348094,192.75,391125.0,0.1922107276287148,170.0,258675.0,0.191512790976799,149.8,743325.0,0.1901545626172386,130.55,158775.0,0.1912981273586636,115.65,249450.0,0.1912915714506489,101.0,208050.0,0.1915480755151559,88.05,488175.0,0.1922021102043057,76.8,162825.0,0.0043184077040635,-0.0030965210483286,0.0074149287523921,0.0006109433278674,0.198423158701219,0.0089311285842942,-0.0056014877446367,0.0145326163289309,0.0016648204198287,0.1994770357931802,0.0153019454546129,-0.0076576527561128,0.0229595982107257,0.00382214634925,0.2016343617226015,0.0208836314773263,-0.0065206439227025,0.0274042754000288,0.0071814937773118,0.2049937091506634,0.0265995369100292,-0.0056101051690458,0.032209642079075,0.0104947158704916,0.2083069312438432,0.1957326749651107,-0.0186845938296654,0.0130637895886504,0.0002666353129351,0.6309948636177436,high,4,0.028353087416208702,252,both,0920_open,500,325.25,500.0,-174.75,174.75
2025-04-21,23959.4,23953.2,0.0004696186664257,0.0639792373156565,0.0038794468454969,-4.256155673249756,-3.694614141209166,-4.06490450060574,0.0171123708761306,528.35,484.8,440.55,401.0,359.95,322.35,284.75,248.05,219.15,186.95,162.65,136.35,117.0,96.7,80.8,68.2,55.6,46.65,38.05,31.7,26.25,39.35,44.85,52.05,60.0,70.15,80.7,94.1,110.85,127.45,148.95,171.0,198.65,225.7,258.15,292.1,326.15,359.15,405.95,441.0,485.9,529.45,2025-04-24,0.0097161917037542,0.0985707446647037,3.986666666666667,24245.05,0.1849328229596111,23941.64552831219,23950,0.0089231354642313,0.0342001490078108,-3.375525277969535,3.986666666666667,-2.749196665199891,0.0004696186664257,2025,0.0863620782949073,0.0001537111809218,0.0003051725624935,0.1312483905414668,0.0001514613815717,0.5036861101333564,0.0536844324181443,-8.780435164965809,-8.094633162681756,-4.719107884712219,0.0002087424797381,0.6840145720587631,0.0319838109068239,9.643008275546132e-05,-0.6858020022839204,1,0,1,3750.0,40200.0,5925.0,21675.0,21375.0,84450.0,52650.0,167400.0,126975.0,420975.0,805275.0,1440525.0,386850.0,572475.0,273975.0,629250.0,198075.0,423900.0,162375.0,321000.0,167325.0,178050.0,669000.0,238425.0,352275.0,216450.0,412650.0,297300.0,647475.0,320700.0,626100.0,686325.0,781800.0,103575.0,122550.0,22125.0,41475.0,4425.0,6075.0,450.0,3975.0,0.0,0.2166998301828063,39.35,178050.0,0.2115069104837308,44.85,669000.0,0.2076694297296251,52.05,238425.0,0.2032904947804432,60.0,352275.0,0.2002683789729437,70.15,216450.0,0.1958110560173947,80.7,412650.0,0.1929463960220687,94.1,297300.0,0.1918293904054081,110.85,647475.0,0.1881296129775761,127.45,320700.0,0.1875175372164729,148.95,626100.0,0.1849328229596111,333.65,1491600.0,0.1814954508748138,136.35,1440525.0,0.1831652085588002,117.0,386850.0,0.1810656925355218,96.7,572475.0,0.1814815557429464,80.8,273975.0,0.1835453814668714,68.2,629250.0,0.1831077350084515,55.6,198075.0,0.1855276810805919,46.65,423900.0,0.1862353755152499,38.05,162375.0,0.1886641193758811,31.7,321000.0,0.1908677766902396,26.25,167325.0,0.003196790017965,-0.0017676144008108,0.0049644044187759,0.000714587808577,0.1856474107681882,0.0080135730624576,-0.0034512672166646,0.0114648402791222,0.0022811529228964,0.1872139758825076,0.0153355560133326,-0.0018250879511595,0.0171606439644922,0.0067552340310865,0.1916880569906976,0.022736606770014,0.0013025525556387,0.0214340542143752,0.0120195796628264,0.1969524026224375,0.0317670072231952,0.0059349537306285,0.0258320534925667,0.0188509804769118,0.2037838034365229,0.1848298363220617,-0.0123382847915966,0.0136075114181675,0.0009150188244307,0.6606714811410033,middle,4,0.02745882167446776,252,both,0920_open,500,268.04999999999995,295.0499999999993,-26.999999999999318,231.95000000000005
2025-05-14,24664.1,24697.0,0.0019988791640374,0.0187308920180622,0.0037807988128494,-3.4424568634619837,-3.953975190313421,-4.038411833834133,-0.01324937331948,456.2,408.6,365.0,323.3,280.9,241.3,206.55,172.3,142.0,115.2,94.95,75.35,59.85,47.7,37.05,29.65,23.0,18.35,14.2,11.25,8.65,14.45,19.0,23.25,30.65,40.0,51.05,63.6,80.5,100.55,122.4,152.6,185.55,219.6,255.95,295.1,340.05,381.0,426.75,471.9,519.95,567.15,2025-05-15,0.0220707528309337,0.148562286031596,1.9866666666666664,25035.3,0.2110179996519829,24592.3380870684,24650,0.0034436834094368,0.0445285961771242,-3.1116236854739063,1.9866666666666664,-3.977581138563425,0.0019988791640374,2025,0.0624557136203869,0.0001739969403073,0.0001533423879006,0.2247807917138565,-2.0654552406687365e-05,1.1346956486686917,-0.0137627920618736,-8.656472843344808,-8.782837307366584,-5.671213621892677,0.0001067107812191,0.6958987836310833,0.0349856278663921,4.6631606681509074e-05,0.1263644640219058,0,1,0,23475.0,29100.0,117225.0,62775.0,228075.0,209400.0,1237800.0,1269075.0,4898100.0,4579875.0,5015850.0,2268150.0,2898375.0,1645050.0,1961550.0,1500150.0,3481725.0,989325.0,1503750.0,959625.0,1624200.0,1031175.0,599925.0,1114650.0,816450.0,1522200.0,876825.0,1644450.0,943350.0,2186775.0,1781100.0,1334550.0,318300.0,384975.0,63600.0,71400.0,30600.0,117225.0,3525.0,9900.0,6825.0,4050.0,0.2336208969589838,14.45,1031175.0,0.2307417058199761,19.0,599925.0,0.2231528449874613,23.25,1114650.0,0.2212283346685306,30.65,816450.0,0.2194804794156264,40.0,1522200.0,0.2166859615358355,51.05,876825.0,0.2121332906386785,63.6,1644450.0,0.2107843512969645,80.5,943350.0,0.2095817257379529,100.55,2186775.0,0.2066888697380201,115.2,4579875.0,0.2110179996519829,247.55,6350400.0,0.2109133315939595,75.35,2268150.0,0.2128669809479187,59.85,2898375.0,0.216311960716362,47.7,1645050.0,0.2180479686983482,37.05,1961550.0,0.2230322250468864,29.65,1500150.0,0.2258594462568674,23.0,3481725.0,0.2309569794831882,18.35,989325.0,0.234191831998813,14.2,1503750.0,0.2389677216970601,11.25,959625.0,0.2421611699038743,8.65,1624200.0,-0.00143627391403,0.0018489812959358,-0.0032852552099658,0.0002063536909529,0.2112243533429358,0.0011152909866956,0.0070299690463653,-0.0059146780596697,0.0040726300165304,0.2150906296685134,0.0084624797636435,0.0148414466048845,-0.006378966841241,0.011651963184264,0.2226699628362469,0.0121348453354784,0.0231738323468301,-0.0110389870113516,0.0176543388411543,0.2286723384931372,0.0226028973070009,0.0311431702518914,-0.0085402729448905,0.0268730337794461,0.237891033431429,0.2093287970557031,-0.0011296490196509,0.0140282519146577,0.0010571538248406,0.6404741883785747,high,2,0.0274724582430775,252,both,0920_open,500,224.45000000000002,385.2999999999993,-160.84999999999926,275.54999999999995
2025-05-19,25027.85,25016.15,0.0008454614914237,0.0816840901559468,0.0037118025519571,-4.912386500955428,-3.7117539021585566,-4.208671383503137,-0.0008871413054557,559.85,525.05,472.3,434.75,392.35,353.4,316.45,281.6,248.5,218.45,190.8,165.15,141.55,121.05,102.65,86.1,72.2,60.9,50.5,41.8,34.85,36.55,42.05,48.75,57.3,66.55,78.2,91.2,106.35,123.7,142.45,164.45,188.95,216.75,244.75,277.8,310.7,348.1,384.15,425.75,459.0,509.95,2025-05-22,0.010914273704709,0.1044714013723805,3.986666666666667,24637.0,0.1878343407710838,25076.36411125433,25050,0.0089231354642313,0.0352817395729076,-3.344389741437029,3.986666666666667,-2.5048960310128203,0.0008454614914237,2025,0.0833629393987032,0.000172664964958,0.0003148237416227,0.139105201389905,0.0001421587766646,0.5484496311112976,0.0487291393811787,-8.664157459876515,-8.063497626149248,-4.719107884712219,0.0002147307041445,0.6820664256060537,0.0327070059791241,0.0001000930374782,-0.6006598337275467,1,0,1,5625.0,375.0,4275.0,2925.0,28050.0,8400.0,100425.0,40875.0,187125.0,283275.0,1709175.0,1136325.0,1203675.0,448050.0,1046625.0,468225.0,620550.0,393375.0,591975.0,409500.0,967500.0,389025.0,140400.0,261525.0,168450.0,306300.0,164625.0,449100.0,258300.0,366900.0,378975.0,1002975.0,446100.0,269925.0,57525.0,78975.0,16125.0,27750.0,5100.0,8925.0,450.0,9825.0,0.2113269799427834,36.55,389025.0,0.2071970155456326,42.05,140400.0,0.2036257561959754,48.75,261525.0,0.2012568193837333,57.3,168450.0,0.1980799427244945,66.55,306300.0,0.1962321540858588,78.2,164625.0,0.1940400821114905,91.2,449100.0,0.1923086775846471,106.35,258300.0,0.1908876106103496,123.7,366900.0,0.1887647557214452,142.45,378975.0,0.1878343407710838,355.25,2712150.0,0.1870088803798252,165.15,1136325.0,0.1859698192155203,141.55,1203675.0,0.185860207105753,121.05,448050.0,0.1856765224887749,102.65,1046625.0,0.1852074475136077,86.1,468225.0,0.1855507175825515,72.2,620550.0,0.186985168378232,60.9,393375.0,0.1874783385867209,50.5,591975.0,0.1883173487650777,41.8,409500.0,0.1899793304417745,34.85,967500.0,0.0030532698392658,-0.0018645215555634,0.0049177913948293,0.0005943741418512,0.188428714912935,0.0062057413404067,-0.0021578182823089,0.0083635596227156,0.0020239615290489,0.1898583023001327,0.0102456019534107,-0.0022836231885322,0.012529225141943,0.0039809893824392,0.191815330153523,0.0157914154248916,-0.0003560021843628,0.0161474176092545,0.0077177066202643,0.1955520473913481,0.0234926391716996,0.0021449896706907,0.0213476495010089,0.0128188144211951,0.2006531551922789,0.187418641222204,-0.0084366057751812,0.0086345975791742,0.000213665649896,0.6584865992279149,middle,4,0.028353087416208702,252,both,0920_open,500,283.84999999999997,413.0,-129.15000000000003,216.15000000000003
2025-05-26,25005.2,25026.0,0.0033772197748294,0.1898139204518396,0.0045750640116855,-4.586995237864456,-4.567858830833197,-4.29625804746643,0.0084131844620999,541.3,499.25,458.6,420.05,382.25,349.6,314.35,283.25,251.4,222.5,196.9,172.3,149.5,129.0,111.35,93.9,79.35,66.5,55.55,46.1,37.6,57.3,66.0,76.25,87.3,100.4,114.65,131.25,148.0,167.9,189.8,213.4,239.2,265.1,296.2,326.9,361.25,395.25,433.85,463.55,512.0,514.8,2025-05-29,0.0145677735532291,0.1206970320812784,3.986666666666667,24880.85,0.2178324613917541,24983.491163730683,25000,0.0089231354642313,0.04745098123599,-3.0480580747724693,3.986666666666667,-1.6617110527568757,0.0033772197748294,2025,0.0971354293104757,0.0002304637191754,0.0004234115334794,0.1607098663775442,0.000192947814304,0.54430194019884,0.0571225950142099,-8.3754171084568,-7.767165959484689,-4.719107884712219,0.0002810607713841,0.6638004616325175,0.0403557495409704,0.0001423507620952,-0.6082511489721246,1,0,1,9375.0,36075.0,27525.0,99000.0,49425.0,345525.0,204150.0,881850.0,680175.0,3049350.0,1610325.0,1676175.0,825975.0,1331025.0,853500.0,1029225.0,525300.0,863175.0,564975.0,1636650.0,432150.0,211200.0,449250.0,230475.0,551550.0,285150.0,649950.0,288375.0,610875.0,419625.0,1170300.0,346500.0,206250.0,44775.0,84525.0,11700.0,32400.0,5100.0,9525.0,150.0,21675.0,0.0,0.2352503530976739,57.3,211200.0,0.2329480676675081,66.0,449250.0,0.231220085295552,76.25,230475.0,0.228854515821662,87.3,551550.0,0.2273593022624657,100.4,285150.0,0.2254303706023259,114.65,649950.0,0.2243674898960325,131.25,288375.0,0.221568288665055,148.0,610875.0,0.2202995295079908,167.9,419625.0,0.2191776905942738,189.8,1170300.0,0.2178324613917541,410.3,1956825.0,0.2163088584012395,172.3,1676175.0,0.2146107073220749,149.5,825975.0,0.2132818974266449,129.0,1331025.0,0.2130196097296611,111.35,853500.0,0.2108070180435561,93.9,1029225.0,0.209883541756551,79.35,525300.0,0.208955354533764,66.5,863175.0,0.2084704555335478,55.55,564975.0,0.2080790402239517,46.1,1636650.0,0.2070297459217981,37.6,432150.0,0.0024670681162367,-0.0032217540696791,0.0056888221859159,-0.0003773429767212,0.2174551184150329,0.0065350285042784,-0.0048128516620929,0.0113478801663714,0.0008610884210927,0.2186935498128468,0.0095268408707116,-0.007948919635203,0.0174757605059147,0.0007889606177542,0.2186214220095084,0.0133876239037978,-0.0093620058582062,0.0227496297620041,0.0020128090227957,0.2198452704145499,0.0174178917059198,-0.0108027154699559,0.0282206071758757,0.0033075881179819,0.221140049509736,0.2180659003303653,-0.015011277698067,0.0029386950790192,0.0003499991375671,0.6152649394369714,high,4,0.02745882167446776,252,both,0920_open,500,315.4,119.15000000000146,196.24999999999852,184.60000000000002
2025-05-30,24805.55,24826.9,-0.0002660135298405,0.0275945972650919,0.0027332907857314,-4.196372333842785,-4.2715631393761555,-4.292534051905528,0.004984095091313,529.9,487.25,447.25,406.0,371.85,336.2,304.8,271.45,242.1,215.4,189.5,167.8,146.65,129.85,110.45,96.8,82.85,69.45,59.85,49.9,42.8,46.85,55.15,65.25,77.55,90.35,104.95,120.55,140.9,161.95,184.75,210.35,237.35,267.25,294.45,330.3,364.6,402.0,438.0,480.4,517.35,517.35,2025-06-05,0.0110425313622117,0.1050834495161426,4.986666666666666,24761.1,0.1544298406879516,24779.12854393345,24800,0.0171423135464231,0.0238485756949061,-3.7360307827222026,4.986666666666666,-3.590135276685596,0.0002660135298405,2025,0.0493463911718089,0.0002185135835696,0.0004088197621976,0.1129027453780422,0.0001903061786279,0.534498582933056,0.0415270953099094,-8.428662377993929,-7.80223617827236,-4.066205395550156,0.0002809376478137,0.68719194567187,0.0264120718693794,0.0001278821143839,-0.6264261997217805,1,0,1,150.0,4125.0,1575.0,36225.0,3975.0,47400.0,22350.0,189300.0,182700.0,1193775.0,657525.0,592050.0,204000.0,660300.0,173400.0,390000.0,162225.0,415950.0,177375.0,343500.0,133950.0,111000.0,338100.0,171525.0,464625.0,222825.0,479250.0,213000.0,583425.0,498150.0,1421550.0,430950.0,310800.0,39750.0,133350.0,7200.0,15450.0,2775.0,33525.0,75.0,4650.0,0.0,0.1578643527498572,46.85,111000.0,0.1566289754742901,55.15,338100.0,0.1559989532710004,65.25,171525.0,0.1561191576852926,77.55,464625.0,0.1552082465646615,90.35,222825.0,0.1544615952833527,104.95,479250.0,0.1531080875063794,120.55,213000.0,0.1541399109969175,140.9,583425.0,0.1541440558226483,161.95,498150.0,0.1539735035925424,184.75,1421550.0,0.1544298406879516,399.85,1088475.0,0.1554084879466275,167.8,592050.0,0.1553036842908989,146.65,204000.0,0.1571872282248535,129.85,660300.0,0.1554492922744659,110.45,173400.0,0.1570859494828623,96.8,390000.0,0.1570513886947786,82.85,162225.0,0.1559876778177335,69.45,415950.0,0.1572624261844782,59.85,177375.0,0.1567553079022179,49.9,343500.0,0.1581903229872402,42.8,133950.0,-0.0002857848653032,0.0008738436029473,-0.0011596284682506,0.000294029368822,0.1547238700567736,-0.0013217531815721,0.0010194515865143,-0.0023412047680864,-0.0001511507975288,0.1542786898904227,0.0007784058767099,0.002621548006827,-0.0018431421301171,0.0016999769417684,0.15612981762972,0.0015691125830488,0.0028325854965266,-0.0012634729134778,0.0022008490397877,0.1566306897277393,0.0034345120619056,0.0037604822992886,-0.0003259702373829,0.0035974971805971,0.1580273378685487,0.154496252149962,0.0022458813402402,0.0040012472956197,0.0006382691164959,0.6990330784469206,middle,5,0.0279127728296431,252,both,0920_open,500,310.2,38.900000000001455,271.29999999999853,189.8
2025-06-09,25107.6,25110.05,-0.0020489739258318,0.074774084484594,0.0022005289235131,-4.60167795565578,-4.55035614214821,-4.323176720086274,0.0096139514722878,532.65,487.7,447.9,402.15,362.45,324.6,288.1,251.7,219.1,189.5,161.85,137.0,116.2,96.45,78.2,64.0,52.25,41.9,33.4,26.6,20.65,26.35,31.65,37.9,45.4,54.5,64.7,77.4,92.7,109.95,130.3,152.25,178.45,205.0,237.35,268.8,306.3,343.65,379.15,423.35,461.65,506.1,2025-06-12,0.0045364565809537,0.0673532224986581,3.986666666666667,24856.0,0.1660428233025426,25109.605141102147,25100,0.0089231354642313,0.0275702191702793,-3.5910191043850155,3.986666666666667,-2.5932839181439675,0.0020489739258318,2025,0.0986896008038845,7.176722315900299e-05,0.0002460128004349,0.0896818024536603,0.0001742455772759,0.2917214999874764,0.0763610208488822,-9.542082688102584,-8.310126989097238,-4.719107884712219,0.0001716311709214,0.6976513848790579,0.0273546782231433,7.438162951353152e-05,-1.2319556990051488,1,0,1,4350.0,6375.0,13200.0,23025.0,48525.0,20250.0,83925.0,66600.0,380025.0,218250.0,1070400.0,683250.0,767025.0,425175.0,472275.0,249300.0,397725.0,298950.0,817800.0,200025.0,420525.0,518025.0,398175.0,582150.0,395925.0,591000.0,304050.0,609675.0,582225.0,935775.0,339900.0,1171350.0,571575.0,357000.0,64425.0,50100.0,15075.0,13125.0,1875.0,10575.0,300.0,675.0,0.1863385403595691,26.35,518025.0,0.1835308288998271,31.65,398175.0,0.1806608444197577,37.9,582150.0,0.1779686677156529,45.4,395925.0,0.1756620568889255,54.5,591000.0,0.1727642914786884,64.7,304050.0,0.1708649364193993,77.4,609675.0,0.169683051456865,92.7,582225.0,0.1682204191426173,109.95,935775.0,0.1675874913066802,130.3,339900.0,0.1660428233025426,314.1,2241750.0,0.165195649352766,137.0,683250.0,0.1659847768605568,116.2,767025.0,0.1652466329701827,96.45,425175.0,0.1634150771893022,78.2,472275.0,0.1636289508547498,64.0,249300.0,0.164374034853884,52.25,397725.0,0.164491437533385,41.9,298950.0,0.1648610258924062,33.4,817800.0,0.1656737970281346,26.6,200025.0,0.1656549089473597,20.65,420525.0,0.0021775958400747,-5.80464419858151e-05,0.0022356422820605,0.0010597746990444,0.167102598001587,0.0048221131168567,-0.0026277461132403,0.007449859230097,0.0010971835018082,0.1671400068043508,0.0096192335863829,-0.0016687884486586,0.0112880220350415,0.0039752225688621,0.1700180458714047,0.0146180211172151,-0.0011817974101363,0.0157998185273515,0.0067181118535394,0.172760935156082,0.0202957170570265,-0.0003879143551828,0.0206836314122093,0.0099539013509218,0.1759967246534644,0.1661462024540648,-0.0067595958600288,0.0055930616173134,0.0005414457869121,0.6890036246064218,middle,4,0.027216872417544922,252,both,0920_open,500,267.1,244.0,23.100000000000023,232.89999999999998
2025-06-13,24604.6,24613.15,0.0052227207722801,0.1966994383970567,0.0060618904849093,-4.758761403961443,-5.092663676500463,-4.5895791631378575,-0.0108358335133877,572.85,519.25,488.05,448.1,408.6,370.6,333.4,298.55,266.4,234.25,206.25,180.2,154.95,134.1,113.9,96.55,81.8,68.4,57.45,47.7,40.05,53.8,60.8,69.4,78.4,88.6,99.2,113.95,128.25,145.3,166.6,185.95,209.6,235.9,263.6,293.05,325.85,361.0,399.55,436.4,479.35,518.05,2025-06-19,0.0054868861972721,0.074073518866543,4.986666666666666,24744.7,0.1525813769476553,24620.320890079187,24600,0.0171423135464231,0.0232810765912424,-3.7601144118598966,4.986666666666666,-1.626078408715466,0.0052227207722801,2025,0.0785078580811122,0.0001085764781894,0.0003990915146253,0.0795853550521311,0.0002905150364359,0.2720590997564244,0.0729960218955241,-9.128055765181488,-7.826319807410057,-4.066205395550156,0.0002748581927821,0.6887096886542022,0.0259563280406985,0.0001242333218431,-1.301735957771312,1,0,1,1200.0,150.0,7275.0,1650.0,25500.0,16875.0,81600.0,50850.0,441375.0,267000.0,1152600.0,484800.0,741675.0,209475.0,660225.0,355200.0,578175.0,240675.0,945525.0,292275.0,577125.0,229575.0,143325.0,390150.0,194325.0,472125.0,231450.0,544650.0,236850.0,1096650.0,417750.0,1310025.0,289050.0,276900.0,130125.0,176325.0,30750.0,83925.0,17325.0,198075.0,39075.0,48675.0,0.1762606541112571,53.8,229575.0,0.1733304784452933,60.8,143325.0,0.1711362708410831,69.4,390150.0,0.1682505701834976,78.4,194325.0,0.1654331526448242,88.6,472125.0,0.1618487922395759,99.2,231450.0,0.1607024816555838,113.95,544650.0,0.1578081059407934,128.25,236850.0,0.1558073242996581,145.3,1096650.0,0.1557215804832969,166.6,417750.0,0.1525813769476553,392.2,2462625.0,0.1514403829075763,180.2,484800.0,0.1493170464307031,154.95,741675.0,0.1490317650686294,134.1,209475.0,0.1476217839015747,113.9,660225.0,0.1469006380807442,96.55,355200.0,0.1467982560388041,81.8,578175.0,0.1462983974179771,68.4,240675.0,0.1465963617389842,57.45,945525.0,0.146600920431812,47.7,292275.0,0.1475384739410167,40.05,577125.0,0.0032259473520028,-0.0032643305169521,0.006490277868955,-1.9191582474625823e-05,0.1525621853651806,0.0081211047079285,-0.0049595930460805,0.013080697754009,0.001580755830924,0.1541621327785793,0.0128517756971689,-0.0057831209088511,0.0186348966060201,0.0035343273941589,0.1561157043418142,0.0185548938934278,-0.0059850152086711,0.0245399091020989,0.0062849393423783,0.1588663162900336,0.0236792771636018,-0.0050429030066385,0.0287221801702404,0.0093181870784816,0.1618995640261369,0.1521395120346381,-0.0145585044710436,0.0079157782541295,0.0005317523965105,0.6484137934057804,middle,5,0.02506547775373678,252,both,0920_open,500,298.34999999999997,144.70000000000073,153.64999999999924,201.65000000000003
2025-07-31,24680.35,24702.7,0.0015429051234514,0.1430700555321441,0.0026377101368092,-5.184344876484311,-4.928914864934692,-5.2407155472473415,0.0005697036587941,466.95,419.55,368.85,319.95,271.35,226.4,180.4,140.7,101.95,69.85,45.5,28.75,18.1,11.35,8.05,5.45,4.0,3.05,2.55,2.15,1.95,1.9,2.3,3.3,4.5,7.05,10.45,16.35,24.15,37.35,55.6,81.1,113.6,151.9,197.55,240.9,291.05,339.65,387.55,439.0,485.65,535.0,2025-07-31,0.0100029088060105,0.1000145429725626,0.9866666666666668,24765.6,0.2360690911666352,24664.398496315276,24700,0.0007039573820395,0.0557286158042411,-2.887261515242952,0.9866666666666668,-1.9444208698572991,0.0015429051234514,2025,0.1360545481940726,3.916482812935328e-05,3.923057048623867e-05,0.2358712066383998,6.574235688538914e-08,0.9983242059426984,0.0001978845282353,-10.147731455528165,-10.146054255757326,-7.258792740514372,2.8656608277633217e-05,0.7304662645088326,0.0343071675715924,1.0573962208605452e-05,-0.0016771997708399,1,0,0,3375.0,1575.0,20775.0,7125.0,135225.0,84525.0,733950.0,644475.0,3603375.0,5613825.0,10852275.0,5200950.0,5786850.0,3693375.0,3814200.0,2274300.0,3129150.0,1483350.0,1981725.0,796950.0,1840125.0,1737675.0,985050.0,1569375.0,1405350.0,2417850.0,2202975.0,4247550.0,2855850.0,6418425.0,5904975.0,6025725.0,1907325.0,2045550.0,694950.0,555600.0,129525.0,147300.0,26475.0,40425.0,3450.0,33975.0,0.3561462392434247,1.9,1737675.0,0.3334793778282063,2.3,985050.0,0.3193560488283782,3.3,1569375.0,0.3012740118173473,4.5,1405350.0,0.2914328190585138,7.05,2417850.0,0.2775603536393739,10.45,2202975.0,0.2683711965073163,16.35,4247550.0,0.2542290255902403,24.15,2855850.0,0.2473889002478227,37.35,6418425.0,0.2396169786153947,55.6,5904975.0,0.2360690911666352,126.6,16878000.0,0.238754083592846,28.75,5200950.0,0.2461539400659588,18.1,5786850.0,0.2552755986065096,11.35,3693375.0,0.2738378708130746,8.05,3814200.0,0.2877518929039824,5.45,2274300.0,0.3057491304327322,4.0,3129150.0,0.32467172924126,3.05,1483350.0,0.3476481076261534,2.55,1981725.0,0.3698728961055075,2.15,796950.0,0.3953448264107921,1.95,1840125.0,0.0113198090811875,0.0100848488993236,0.0012349601818638,0.0107023289902555,0.2467714201568907,0.032302105340681,0.0377687796464394,-0.0054666743057583,0.0350354424935602,0.2711045336601954,0.0553637278918786,0.069680039266097,-0.0143163113742183,0.0625218835789878,0.298590974745623,0.083286957661743,0.1115790164595182,-0.0282920587977751,0.0974329870606306,0.3335020782272658,0.1200771480767895,0.1592757352441569,-0.0391985871673674,0.1396764416604732,0.3757455328271084,0.239431972695221,-0.0045995303305828,0.0164210105032264,0.002868595072603,0.6505031177303668,high,1,0.0260374056118018,252,both,0920_open,500,122.74999999999999,65.59999999999854,57.15000000000144,377.25
2025-08-04,24642.75,24624.35,0.0017750998066939,0.0221075317947534,0.0032484516237027,-4.53454356362384,-4.625395548910253,-5.122747001860156,-0.0078419056952311,566.05,518.8,478.0,434.5,389.65,347.0,307.3,267.75,231.75,197.85,167.5,139.6,115.35,93.4,75.2,59.7,47.2,37.0,29.0,22.65,17.85,15.05,18.2,22.2,27.2,33.25,40.95,49.8,61.4,75.05,91.35,110.75,132.05,157.9,186.0,217.95,251.8,290.4,329.1,371.85,414.5,459.0,2025-08-07,0.0063812886624528,0.0798829685380612,3.986666666666667,24626.65,0.1476730520201052,24706.780391411132,24650,0.0089231354642313,0.0218073302929327,-3.8255091137377266,3.986666666666667,-3.811836923326865,0.0017750998066939,2025,0.067790083482044,0.0001009526619086,0.000194589762317,0.1063653428606937,9.363710040842846e-05,0.5187973956417503,0.0413077091594114,-9.20085884496818,-8.544616998449946,-4.719107884712219,0.000138703458584,0.7127993627848638,0.0229964658587834,5.5886303733005354e-05,-0.6562418465183015,1,0,1,375.0,0.0,8325.0,1275.0,14250.0,9075.0,59550.0,49050.0,404325.0,468825.0,1851300.0,1459950.0,1710900.0,906675.0,1205625.0,612000.0,810225.0,537375.0,1017900.0,324375.0,434100.0,265275.0,200625.0,422175.0,257475.0,491100.0,354375.0,479550.0,417825.0,957150.0,660375.0,1638975.0,940500.0,748950.0,165375.0,210750.0,42600.0,62025.0,5550.0,33675.0,375.0,4125.0,0.1737205162105957,15.05,265275.0,0.1699306714317644,18.2,200625.0,0.1665192035155532,22.2,422175.0,0.1633693521173574,27.2,257475.0,0.1601846155356688,33.25,491100.0,0.1575918917045102,40.95,354375.0,0.1544138968686575,49.8,479550.0,0.152532729216773,61.4,417825.0,0.1505304897644579,75.05,957150.0,0.1488382030729586,91.35,660375.0,0.1476730520201052,278.25,3490275.0,0.1455344399564844,132.05,940500.0,0.1458655015670109,115.35,1710900.0,0.1446880229003986,93.4,906675.0,0.1445015889399699,75.2,1205625.0,0.1443221811219765,59.7,612000.0,0.1448275873028872,47.2,810225.0,0.145530099629199,37.0,537375.0,0.1467867661131421,29.0,1017900.0,0.1482636791308261,22.65,324375.0,0.1504013765930097,17.85,434100.0,0.0028574377443527,-0.0018075504530942,0.004664988197447,0.0005249436456292,0.1481979956657344,0.0067408448485523,-0.0031714630801353,0.0099123079286876,0.0017846908842085,0.1494577429043137,0.0125115635155635,-0.0028454647172179,0.0153570282327815,0.0048330493991728,0.152506101419278,0.018846151495448,-0.000886285906963,0.019732437402411,0.0089799327942425,0.1566529848143477,0.0260474641904905,0.0027283245729045,0.023319139617586,0.0143878943816975,0.1620609464018027,0.1460839991069631,-0.006605138604592,0.0066662717259668,0.0002853388952185,0.6941032221755908,middle,4,0.0260374056118018,252,both,0920_open,500,245.34999999999997,23.349999999998545,222.00000000000142,254.65000000000003
2025-08-18,24945.05,24951.75,0.0002045159567241,0.0234498688387003,0.0026938899200442,-5.512292669335737,-5.093921708023757,-5.042106364470458,-0.0005827831409634,545.0,495.7,454.0,405.0,362.65,319.9,283.0,245.25,212.55,180.4,149.95,126.25,102.15,84.95,68.1,53.35,43.35,33.3,26.45,20.35,16.2,13.9,17.2,21.15,26.7,33.0,41.45,51.45,64.7,81.0,98.8,121.0,145.1,174.0,202.85,237.1,273.0,312.3,354.0,397.05,438.4,483.5,2025-08-21,0.0032336121210733,0.0568648584019462,3.986666666666667,25076.95,0.1435548280074332,24978.96550363616,24950,0.0089231354642313,0.0206079886442437,-3.882076480096656,3.986666666666667,-3.752890377337887,0.0002045159567241,2025,0.0866899696054869,5.115608593655645e-05,0.0001838878743179,0.0757163920087158,0.0001327317883813,0.2781917302938192,0.0678384359987173,-9.880629090502586,-8.601184364808876,-4.719107884712219,0.0001317561346144,0.7165025704015191,0.0220407266265402,5.2131739703460776e-05,-1.2794447256935642,1,0,1,5775.0,40500.0,9225.0,83850.0,69300.0,218325.0,99675.0,265650.0,240225.0,1017000.0,1281075.0,1899450.0,632550.0,814350.0,427575.0,796425.0,365475.0,588975.0,408225.0,528375.0,229500.0,301350.0,597675.0,224475.0,685800.0,533325.0,621975.0,387675.0,788325.0,537000.0,1210950.0,893250.0,832350.0,156000.0,146625.0,18000.0,42825.0,6675.0,34050.0,1500.0,3675.0,600.0,0.1620005118232761,13.9,301350.0,0.1587430682396282,17.2,597675.0,0.1552240493884335,21.15,224475.0,0.1530138835268966,26.7,685800.0,0.1499230434652178,33.0,533325.0,0.1479611492071608,41.45,621975.0,0.1456617951288679,51.45,387675.0,0.1448691030644345,64.7,788325.0,0.1447468306668997,81.0,537000.0,0.1432883233701072,98.8,1210950.0,0.1435548280074332,270.95,2174325.0,0.1450291738028507,126.25,1899450.0,0.1429492599424231,102.15,632550.0,0.1452900977689479,84.95,814350.0,0.1450491058703471,68.1,427575.0,0.1441932419650335,53.35,796425.0,0.1466310089199933,43.35,365475.0,0.1462006247371248,33.3,588975.0,0.1481475861740906,26.45,408225.0,0.1489135443273169,20.35,528375.0,0.15142313012595,16.2,229500.0,0.0011920026594665,-0.00060556806501,0.0017975707244766,0.0002932172972282,0.1438480453046614,0.0021069671214347,0.0014942778629139,0.0006126892585207,0.0018006224921743,0.1453554504996075,0.0063682154577846,0.0030761809125601,0.0032920345452245,0.0047221981851723,0.1482770261926055,0.0116692213810003,0.0045927581666574,0.0070764632143428,0.0081309897738288,0.151685817781262,0.0184456838158429,0.0078683021185168,0.0105773816973261,0.0131569929671798,0.156711820974613,0.1435926520872533,-0.0005943087172929,0.0053412483701867,0.0007817479171257,0.692498190463843,low,4,0.024770411222143757,252,both,0920_open,500,240.85,126.95000000000073,113.89999999999927,259.15
2026-01-22,25317.05,25329.3,-0.0010323289604703,0.0148612177719963,0.0020993757171549,-3.6589779017378654,-4.437394016914254,-5.206305173216989,-0.0022721216598427,504.1,454.25,417.85,373.95,327.35,284.65,251.15,213.7,179.2,155.1,127.8,105.35,81.75,67.15,52.6,41.0,33.4,26.4,21.05,16.2,13.0,25.15,29.65,33.85,40.55,47.9,60.5,70.5,86.9,105.4,120.95,144.4,169.9,207.2,235.95,274.45,316.0,348.15,399.05,445.05,488.65,535.35,2026-01-27,0.0160906789970118,0.1268490401895571,2.986666666666667,25234.1,0.1123604728364883,25283.385648822903,25300,0.0144025875190258,0.0126248758560392,-4.372086137054071,2.986666666666667,-4.209000293386932,0.0010323289604703,2026,-0.0144885673530687,0.0001907043436682,0.0001818308794334,0.1150694483495423,-8.873464234847674e-06,1.0488006452066676,-0.002708975513054,-8.564786268122349,-8.612433536775121,-4.240347399721049,0.0001308994607548,0.7198967588051716,0.0170262858462994,5.093141867861271e-05,0.0476472686525339,0,1,0,4160.0,9945.0,4745.0,91975.0,25610.0,135915.0,122265.0,481455.0,384930.0,1667185.0,1292070.0,1073020.0,658320.0,1060085.0,386100.0,558805.0,304265.0,366470.0,203190.0,463710.0,182650.0,223860.0,437385.0,268840.0,834275.0,301145.0,837915.0,539175.0,1026025.0,706290.0,1570530.0,695240.0,495820.0,119600.0,299585.0,16510.0,25935.0,8125.0,7540.0,1950.0,15665.0,2860.0,0.1383540338857651,25.15,223860.0,0.13493056446106,29.65,437385.0,0.1299525867190914,33.85,268840.0,0.1270561538763373,40.55,834275.0,0.1234406736472103,47.9,301145.0,0.1237282053603422,60.5,837915.0,0.1194487424714535,70.5,539175.0,0.119227137497596,86.9,1026025.0,0.1186112344932251,105.4,706290.0,0.1133352862343994,120.95,1570530.0,0.1123604728364883,272.2,1987310.0,0.1123377148704257,105.35,1073020.0,0.1088075116169193,81.75,658320.0,0.1106700027050094,67.15,1060085.0,0.1102419745566651,52.6,386100.0,0.1103590753890387,41.0,558805.0,0.1128594933371763,33.4,304265.0,0.1142433006053647,26.4,366470.0,0.1161213905788732,21.05,203190.0,0.1169722335041081,16.2,463710.0,0.1192460244515963,13.0,182650.0,0.0062507616567368,-0.0035529612195689,0.0098037228763058,0.0013489002185839,0.1137093730550722,0.0070882696349652,-0.0021184982798231,0.0092067679147884,0.002484885677571,0.1148453585140593,0.011080200810722,0.000499020500688,0.010581180310034,0.005789610655705,0.1181500834921933,0.0175921138826031,0.0037609177423849,0.0138311961402182,0.010676515812494,0.1230369886489823,0.0259935610492768,0.006885551615108,0.0191080094341688,0.0164395563321924,0.1288000291686807,0.1133283163721251,-0.0086288906956174,0.0069570687614091,0.0013889353251864,0.6906162634684958,low,3,0.020467305432967303,252,both,0920_open,500,234.04999999999998,65.90000000000146,168.14999999999853,265.95000000000005
2026-01-28,25335.45,25343.25,0.0030497198745062,0.0946195970009127,0.0043654247309599,-3.768011967213944,-4.1047829192064835,-5.034952090734365,0.0067337778065852,607.5,566.85,524.65,488.05,451.95,415.75,379.4,347.2,315.6,284.0,257.5,230.75,207.15,182.95,163.6,144.3,125.5,110.6,97.1,84.25,72.8,79.85,89.0,99.95,110.7,122.95,136.95,152.75,168.75,186.9,208.75,229.9,252.4,277.7,307.5,335.45,365.0,398.6,431.65,468.6,505.0,545.0,2026-02-03,0.0574417208619112,0.2396700249549602,5.986666666666666,25714.8,0.183954121867174,25377.62840227515,25350,0.0171423135464231,0.0338391189519231,-3.386137780282721,5.986666666666666,-2.3578906679203895,0.0030497198745062,2026,-0.0557159030877862,0.0013646207760316,0.0005800807872085,0.2821442944179664,-0.000784539988823,2.352466770358632,-0.0981901725507924,-6.596878708701307,-7.452343175832877,-4.066205395550156,0.0003448724253416,0.5945248195536117,0.0421154949394386,0.0002352083618668,0.8554644671316637,0,1,0,3055.0,10140.0,6240.0,120315.0,21450.0,137475.0,127465.0,501735.0,499850.0,1730820.0,1398085.0,1057030.0,547560.0,1422135.0,634140.0,646945.0,336635.0,602095.0,450320.0,559715.0,299130.0,81185.0,177775.0,115375.0,437385.0,170625.0,322920.0,235105.0,620360.0,418275.0,1099995.0,636740.0,319215.0,86515.0,156390.0,15145.0,30550.0,10595.0,12025.0,1885.0,5135.0,650.0,0.2012776240771042,79.85,81185.0,0.1990626622961716,89.0,177775.0,0.1976545822041128,99.95,115375.0,0.1950686157524016,110.7,437385.0,0.19285778051485,122.95,170625.0,0.1911203831650265,136.95,322920.0,0.1897865288506804,152.75,235105.0,0.1875039762870951,168.75,620360.0,0.1857904783825952,186.9,418275.0,0.1857446860696126,208.75,1099995.0,0.183954121867174,487.4,2034825.0,0.1824963339953471,230.75,1057030.0,0.1821803784850578,207.15,547560.0,0.1801465325612375,182.95,1422135.0,0.180581763964002,163.6,634140.0,0.179807999913348,144.3,646945.0,0.1781225340949165,125.5,336635.0,0.1783983158909451,110.6,602095.0,0.178676961314039,97.1,450320.0,0.17831057845498,84.25,559715.0,0.1780244816448896,72.8,299130.0,0.0018363565154211,-0.0017737433821161,0.0036100998975373,3.130656665253917e-05,0.1839854284338265,0.0058324069835064,-0.0033723579031719,0.0092047648866783,0.0012300245401672,0.1851841464073412,0.008903658647676,-0.0058315877722574,0.0147352464199334,0.0015360354377092,0.1854901573048832,0.0137004603369388,-0.0052771605531349,0.0189776208900737,0.0042116498919019,0.1881657717590759,0.0173235022099302,-0.0059296402222843,0.0232531424322146,0.0056969309938229,0.1896510528609969,0.1832743070437606,-0.0136772548682343,0.0074361921418325,0.0004584595184238,0.4960103737513636,high,6,0.02128689570595028,252,both,0920_open,500,334.75,364.7999999999993,-30.049999999999272,165.25
2026-02-04,25712.55,25732.3,0.0013875444347775,0.0745867246880944,0.0069265786551702,-1.574364507989284,-3.248530212237521,-4.38075802118675,0.024999973118958,527.9,479.1,437.85,399.7,360.05,323.5,289.95,257.95,226.65,198.2,172.65,147.55,128.6,109.95,94.2,78.75,67.85,56.75,47.65,40.15,33.9,46.1,53.95,61.3,71.5,83.9,95.95,111.25,128.0,149.0,169.25,193.55,222.2,248.7,281.0,313.75,351.1,386.1,427.45,470.5,509.35,554.25,2026-02-10,0.0073196124673922,0.0855547337520974,4.986666666666666,25916.8,0.1364548018559635,25679.07849248005,25700,0.0171423135464231,0.0186199129495502,-3.983523682248856,4.986666666666666,-2.5957927408506807,0.0013875444347775,2026,0.050900068103866,0.0001448431250161,0.0003191883859882,0.0919208911124996,0.0001743452609721,0.4537856995255243,0.0445339107434639,-8.839859297656663,-8.049729077799016,-4.066205395550156,0.0002111092730912,0.6613939678212358,0.0254813901476222,0.000108079112897,-0.7901302198574979,1,0,1,845.0,11375.0,5460.0,11960.0,8580.0,95875.0,31460.0,246090.0,273715.0,1119430.0,870155.0,924755.0,371020.0,574795.0,300040.0,851955.0,172965.0,261885.0,491985.0,345930.0,166270.0,114205.0,290030.0,121550.0,314210.0,173485.0,687310.0,376740.0,596050.0,491075.0,1230580.0,626600.0,647075.0,87620.0,135525.0,32630.0,86255.0,1430.0,7020.0,2535.0,23205.0,1690.0,0.1513838038322615,46.1,114205.0,0.1497798901589218,53.95,290030.0,0.1464995850616091,61.3,121550.0,0.1449240692242505,71.5,314210.0,0.1440373496840298,83.9,173485.0,0.1414700923635046,95.95,687310.0,0.1402461682287076,111.25,376740.0,0.1387034836997573,128.0,596050.0,0.1389056887857517,149.0,491075.0,0.1369598563691584,169.25,1230580.0,0.1364548018559635,366.2000000000001,1496755.0,0.13472658359044,147.55,924755.0,0.1360177798813578,128.6,371020.0,0.1359572789686446,109.95,574795.0,0.136632723438314,94.2,300040.0,0.1359615697140813,78.75,851955.0,0.1377939919241046,67.85,172965.0,0.1380118328366233,56.75,261885.0,0.1387853264872427,47.65,491985.0,0.1399596379099608,40.15,345930.0,0.1413742710629672,33.9,166270.0,0.0024508869297882,-0.0004370219746056,0.0028879089043938,0.0010069324775912,0.1374617343335547,0.0037913663727441,0.0001779215823505,0.0036134447903936,0.0019846439775473,0.1384394458335108,0.0075825478280663,0.0013391900681411,0.0062433577599252,0.0044608689481037,0.1409156708040672,0.0100447832056456,0.0023305246312792,0.0077142585743663,0.0061876539184624,0.1426424557744259,0.014929001976298,0.0049194692070037,0.0100095327692942,0.0099242355916508,0.1463790374476144,0.1365438475687337,-0.0056963452004097,0.0101036773123207,0.0005468393814995,0.6430086531273314,middle,5,0.020598236037694683,252,both,0920_open,500,286.20000000000005,216.79999999999927,69.40000000000077,213.79999999999995
2026-03-17,23393.2,23380.5,-0.0041651842361117,0.3038990343069645,0.0056811381085102,-3.4049638008582557,-3.504868120556838,-4.013582313034133,0.0079396030325956,484.9,436.25,386.8,339.0,293.75,247.85,206.65,166.7,129.05,98.25,71.55,52.2,35.45,24.45,16.5,10.75,7.4,5.15,3.7,2.75,2.25,3.5,4.6,6.1,8.65,11.85,17.15,24.05,34.25,48.55,66.15,90.0,119.8,153.9,192.5,233.55,280.75,326.55,374.0,423.8,476.0,520.55,2026-03-17,0.0218651101551668,0.1478685570199658,0.9866666666666668,23558.8,0.3249044729262245,23381.54922070272,23400,0.0007039573820395,0.1055629165274677,-2.2484481386317996,0.9866666666666668,-1.1910597567315508,0.0041651842361117,2026,0.1770359159062587,8.56094260043568e-05,7.431179435913044e-05,0.3487286341721987,-1.1297631645226368e-05,1.1520301284965306,-0.0238241612459741,-9.365715164005668,-9.507240879146172,-7.258792740514372,4.785447939427125e-05,0.6439688316904641,0.0641762082021417,2.6457314964859187e-05,0.1415257151405042,0,1,0,17745.0,2990.0,127205.0,25285.0,99515.0,79820.0,380445.0,294710.0,1284985.0,1810575.0,6110000.0,3665740.0,6882850.0,2657070.0,3206970.0,3459560.0,3321500.0,2173925.0,3111160.0,1512030.0,1806610.0,1611935.0,1090440.0,3228160.0,1621880.0,2205710.0,1326585.0,3008395.0,2206425.0,4044885.0,3439540.0,5897320.0,1704040.0,1749735.0,332800.0,397735.0,36855.0,71500.0,9360.0,60970.0,13455.0,3510.0,0.4289981907914702,3.5,1611935.0,0.4122927584363926,4.6,1090440.0,0.395537497634073,6.1,3228160.0,0.3841165530990661,8.65,1621880.0,0.3692989912401701,11.85,2205710.0,0.3604832064479293,17.15,1326585.0,0.3489016698984503,24.05,3008395.0,0.341082533803158,34.25,2206425.0,0.3360908015648141,48.55,4044885.0,0.3273103253397814,66.15,3439540.0,0.3249044729262245,161.55,12007320.0,0.3305120298227575,52.2,3665740.0,0.32775438493185,35.45,6882850.0,0.3334121871531311,24.45,2657070.0,0.3390381004257407,16.5,3206970.0,0.3432146499613093,10.75,3459560.0,0.3538435657456029,7.4,3321500.0,0.3653688108595592,5.15,2173925.0,0.3788995400862475,3.7,3111160.0,0.3941033744600091,2.75,1512030.0,0.4147365637561864,2.25,1806610.0,0.0111863286385896,0.0028499120056255,0.008336416632964,0.0070181203221075,0.331922593248332,0.0239971969722258,0.0141336274995161,0.0098635694727096,0.0190654122358709,0.3439698851620955,0.0443945183139456,0.0289390928193784,0.0154554254945671,0.036666805566662,0.3615712784928865,0.0706330247078485,0.053995067160023,0.0166379575478254,0.0623140459339358,0.3872185188601603,0.1040937178652457,0.0898320908299619,0.0142616270352838,0.0969629043476038,0.4218673772738283,0.3284608786441718,-0.0082903944742925,0.0155378640957369,0.0017883683494531,0.6754620377363826,high,1,0.022055225191919936,252,both,0920_open,500,155.8,158.79999999999927,-2.999999999999261,344.2
2026-03-24,22789.8,22776.05,-0.0040864114889238,0.1559019490380154,0.0054585823482434,-2.012533439667385,-3.1493803069821573,-3.625498096681427,-0.028142904474954,501.5,457.95,405.75,356.7,315.5,272.4,236.1,198.9,167.35,137.8,109.35,86.55,70.25,52.1,39.0,28.6,21.05,14.7,10.4,7.45,5.5,7.45,10.0,13.15,18.8,25.5,32.45,44.7,58.6,75.05,96.0,121.9,148.85,174.85,212.15,249.45,288.8,328.85,376.85,419.95,470.95,506.6,2026-03-24,0.0351635671699213,0.1875195114379337,0.9866666666666668,22958.4,0.4788139647465067,22787.449469908897,22800,0.0007039573820395,0.2292628128362689,-1.4728862791728208,0.9866666666666668,-1.8585280011491168,0.0040864114889238,2026,0.2912944533085729,0.0001376774587605,0.0001613912495232,0.4422402194373142,2.3713790762693276e-05,0.8530664405118212,0.0365737453091925,-8.890596863810224,-8.731679019687194,-7.258792740514372,9.049989869457128e-05,0.5607484851992803,0.1202630269280931,7.089135082866046e-05,-0.1589178441231121,1,0,0,10400.0,5070.0,35295.0,33605.0,331695.0,106340.0,357695.0,258180.0,1038765.0,1363245.0,4306185.0,2483390.0,3105245.0,1672125.0,5143775.0,1440855.0,2168725.0,1472705.0,3047980.0,1221220.0,2173730.0,1744145.0,1053975.0,2370095.0,1037465.0,3443830.0,1334840.0,2508545.0,1636440.0,3093025.0,3079505.0,4255355.0,1648660.0,1228240.0,364065.0,615225.0,40170.0,87750.0,14170.0,71760.0,12740.0,11570.0,0.5148613308166167,7.45,1744145.0,0.5050518318787619,10.0,1053975.0,0.4930895868791771,13.15,2370095.0,0.4936121562447629,18.8,1037465.0,0.4890260162594402,25.5,3443830.0,0.4747410720044928,32.45,1334840.0,0.4784177998906608,44.7,2508545.0,0.4758796325890602,58.6,1636440.0,0.471287220733858,75.05,3093025.0,0.4719856169061109,96.0,3079505.0,0.4788139647465067,231.25,8561540.0,0.476690792143748,86.55,2483390.0,0.4884046191657994,70.25,3105245.0,0.4778161999972866,52.1,1672125.0,0.4765103660697877,39.0,5143775.0,0.4754266115395627,28.6,1440855.0,0.4783115918416732,21.05,2168725.0,0.476203852697047,14.7,1472705.0,0.4785644302096911,10.4,3047980.0,0.4838689201921346,7.45,1221220.0,0.4929187051790524,5.5,2173730.0,-0.0075267440126486,0.0095906544192927,-0.0171173984319414,0.0010319552033219,0.4798459199498287,-0.0003961648558458,-0.002303598676719,0.0019074338208731,-0.0013498817662824,0.4774640829802242,0.0102120515129335,-0.0005023729048334,0.0107144244177669,0.00485483930405,0.4836688040505568,0.0142756221326703,-0.0002495345368156,0.014525156669486,0.0070130437979273,0.485827008544434,0.0360473660701099,0.0141047404325457,0.0219426256375642,0.0250760532513277,0.5038900179978345,0.4762728178499133,-0.0010722207503745,0.004101157840925,0.0048404900098844,0.5832194755605223,high,1,0.024218827176447258,252,both,0920_open,500,218.3,158.40000000000146,59.899999999998556,281.7
2026-03-25,23162.2,23182.35,0.0042486056942669,0.2224312920078351,0.0047426410271907,-2.3084845622170533,-2.853802848451384,-3.5150496190947127,0.0204952934354754,600.45,560.6,527.05,490.1,453.4,419.4,387.5,357.0,327.6,299.2,271.95,246.65,222.35,200.95,180.4,161.25,143.45,127.4,112.5,99.5,87.55,135.2,147.75,160.85,174.7,190.5,206.65,224.05,242.25,263.4,284.6,308.0,332.55,358.65,386.3,414.8,440.75,479.0,512.0,548.05,582.55,622.25,2026-03-30,0.0472186980228709,0.2172986378762438,2.986666666666667,22379.2,0.2617435691442462,23113.91883373889,23150,0.0144025875190258,0.0685096959883687,-2.680779996455371,2.986666666666667,-1.5031370250291551,0.0042486056942669,2026,0.0444449312680023,0.0005596290136043,0.0009867168923743,0.1971196183286918,0.0004270878787699,0.567162696746545,0.0646239508155543,-7.488236469475509,-6.921127396176421,-4.240347399721049,0.0005252993315509,0.5323708711288988,0.0707656475561634,0.0004614175608234,-0.5671090732992276,1,0,1,9100.0,14625.0,48425.0,11830.0,135330.0,44590.0,365300.0,126555.0,612430.0,733330.0,912340.0,234975.0,372645.0,210210.0,376155.0,244140.0,587470.0,101465.0,402740.0,227045.0,249990.0,193635.0,277875.0,171600.0,68965.0,198120.0,109330.0,459420.0,125840.0,567515.0,422955.0,481195.0,75465.0,75010.0,16315.0,69355.0,3640.0,43225.0,3705.0,3315.0,1040.0,8710.0,0.2869244307666725,135.2,193635.0,0.2846422009674291,147.75,277875.0,0.2819233783074374,160.85,171600.0,0.2789512962658995,174.7,68965.0,0.2768512581005199,190.5,198120.0,0.2740027314543148,206.65,109330.0,0.2712379507171774,224.05,459420.0,0.2680927656673215,242.25,125840.0,0.2664876964039288,263.4,567515.0,0.2637301475260519,284.6,422955.0,0.2617435691442462,579.95,1393535.0,0.2596475214270368,246.65,234975.0,0.2571853118781217,222.35,372645.0,0.2560979981866288,200.95,210210.0,0.2545073996460815,180.4,376155.0,0.2529264409487294,161.25,244140.0,0.2513210065947797,143.45,587470.0,0.2501298852153795,127.4,101465.0,0.2487852303251315,112.5,402740.0,0.2481685493340854,99.5,227045.0,0.2474291828591106,87.55,249990.0,0.0047441272596825,-0.0045582572661244,0.009302384525807,9.293499677903716e-05,0.2618365041410252,0.0094943815729312,-0.0072361694981646,0.0167305510710959,0.0011291060373833,0.2628726751816295,0.0151076889562737,-0.0104225625494664,0.0255302515057401,0.0023425632034036,0.2640861323476498,0.0201798091631912,-0.0129583388191146,0.0331381479823058,0.0036107351720383,0.2653543043162845,0.0251808616224263,-0.0143143862851355,0.0394952479075619,0.0054332376686453,0.2671768068128916,0.2631700733976724,-0.0320804267793616,0.0144699017660104,0.000241793436023,0.6179836459284089,high,3,0.03420874827606138,252,both,0920_open,500,357.20000000000005,500.0,-142.79999999999995,142.79999999999995
2026-04-01,22888.6,22894.7,-0.0005241777082409,0.2076098088031244,0.0040740805466476,-2.45620310766879,-2.698728408066581,-3.314160560878648,-0.0203595370867225,650.0,610.3,575.0,538.6,504.5,471.7,438.5,408.05,377.3,350.1,323.05,296.9,271.85,249.05,228.15,207.5,188.5,170.8,154.5,139.45,125.4,144.15,156.6,169.6,183.0,200.0,216.35,234.5,252.85,274.1,293.5,315.75,342.05,368.85,394.55,423.0,449.5,483.4,514.05,544.65,576.45,609.4,2026-04-07,0.0596561953588361,0.2442461777773322,3.986666666666667,23129.95,0.2672613478028307,22907.307512195963,22900,0.0171423135464231,0.0714286280293856,-2.6390565372041737,3.986666666666667,-1.5720948802366184,0.0005241777082409,2026,0.0230151700254984,0.0009437673234016,0.0012244519378705,0.2346376773721808,0.0002806846144688,0.7707671442318923,0.0326236704306498,-6.965630901647184,-6.705261932754331,-4.066205395550156,0.0006371209705194,0.5203315465590918,0.0744750192130567,0.000587330967351,-0.2603689688929081,1,0,0,28860.0,11050.0,89440.0,25025.0,54340.0,9360.0,109005.0,65975.0,392080.0,346970.0,825370.0,258505.0,790010.0,117585.0,234325.0,148850.0,418145.0,125710.0,230230.0,91585.0,197015.0,205010.0,60840.0,309075.0,74880.0,140465.0,66560.0,163930.0,73255.0,422305.0,387725.0,490620.0,85670.0,215085.0,10530.0,57200.0,3900.0,15340.0,1105.0,9295.0,65.0,5395.0,0.2867973746866195,144.15,205010.0,0.2847156639471028,156.6,60840.0,0.2823006078600595,169.6,309075.0,0.2793996711932389,183.0,74880.0,0.2788947353098334,200.0,140465.0,0.2768368287445095,216.35,66560.0,0.2754120622701411,234.5,163930.0,0.2731915034560687,252.85,73255.0,0.2724606423359816,274.1,422305.0,0.2691673435770029,293.5,387725.0,0.2672613478028307,638.8,1315990.0,0.2656175475403777,296.9,258505.0,0.2638444935475426,271.85,790010.0,0.2629032317999394,249.05,117585.0,0.2625165018278503,228.15,234325.0,0.2612785877241857,207.5,148850.0,0.2604010636141496,188.5,418145.0,0.2596040126124481,170.8,125710.0,0.2590103041470417,154.5,230230.0,0.2585223578899207,139.45,91585.0,0.2579346534722566,125.4,197015.0,0.0051992945331509,-0.003416854255288,0.008616148788439,0.0008912201389314,0.2681525679417621,0.0081507144673104,-0.0047448459749803,0.0128955604422907,0.001702934246165,0.2689642820489957,0.0116333875070027,-0.006860284188681,0.0184936716956837,0.0023865516591608,0.2696478994619915,0.0150392600572288,-0.0082510436557889,0.0232903037130178,0.0033941082007199,0.2706554560035506,0.0195360268837888,-0.009326694330574,0.0288627212143628,0.0051046662766073,0.272366014079438,0.2673604117379123,-0.0253816292689472,0.0151797158933961,0.0005529285512028,0.6049345543297067,high,4,0.03372753199725094,252,both,0920_open,500,369.25,229.95000000000073,139.29999999999927,130.75
2026-04-08,23898.0,23918.0,0.0018762399468272,0.0567877644928328,0.0046175412168381,-3.1673124362910308,-2.6097008428274737,-3.053972551676509,0.0073986980856282,569.05,528.4,488.1,453.3,417.7,381.3,349.0,320.15,290.3,261.1,236.65,211.1,189.5,167.85,149.35,131.5,114.05,100.6,87.9,76.1,65.2,88.35,98.1,109.5,121.9,136.0,151.05,168.0,186.6,207.2,229.05,253.8,278.75,306.3,336.2,364.0,383.6,432.25,459.55,504.0,527.7,576.55,2026-04-13,0.0397267588850179,0.199315726637458,3.986666666666667,23818.9,0.2144917942276846,23882.835173332092,23900,0.0144025875190258,0.0460067297910114,-3.078967593389219,3.986666666666667,-2.8684343903185066,0.0018762399468272,2026,0.0151760675902265,0.0006284815294508,0.0006626159522792,0.208894015298167,3.413442282840099e-05,0.9484853591118836,0.0055977789295175,-7.372203918670014,-7.319314993110268,-4.240347399721049,0.0003787310686551,0.5715695001794361,0.0523312455373858,0.000283884883624,-0.0528889255597454,1,0,0,68900.0,13065.0,172315.0,22100.0,76115.0,12675.0,167115.0,90805.0,696670.0,481000.0,1402960.0,579280.0,1466920.0,269035.0,525720.0,332800.0,580320.0,302575.0,570115.0,247975.0,345020.0,221130.0,120055.0,472030.0,100165.0,240500.0,280085.0,321685.0,150280.0,772915.0,348790.0,789165.0,134095.0,372775.0,19370.0,32890.0,8515.0,47580.0,3510.0,7800.0,910.0,4225.0,0.2315567970080987,88.35,221130.0,0.2286826510377235,98.1,120055.0,0.22650308514662,109.5,472030.0,0.2241944159885225,121.9,100165.0,0.2223766023304091,136.0,240500.0,0.2202224532068778,151.05,280085.0,0.2185655098818806,168.0,321685.0,0.2170853542948105,186.6,150280.0,0.2160319527724485,207.2,772915.0,0.2146941982930195,229.05,348790.0,0.2144917942276846,490.4500000000001,2192125.0,0.212564621075347,211.1,579280.0,0.2126808372401255,189.5,1466920.0,0.2113130976621984,167.85,269035.0,0.2113554472534148,149.35,525720.0,0.2105643986262919,131.5,332800.0,0.2086438949446838,114.05,580320.0,0.2092481559773515,100.6,302575.0,0.2092540187208438,87.9,570115.0,0.2088214759881257,76.1,247975.0,0.2079565002077301,65.2,345020.0,0.0015401585447639,-0.001810956987559,0.003351115532323,-0.0001353992213975,0.214356395006287,0.004073715654196,-0.0031363469742698,0.0072100626284658,0.0004686843399631,0.2149604785676477,0.0078848081027244,-0.0058478992830007,0.0137327073857252,0.0010184544098618,0.2155102486375464,0.0120112909189354,-0.0052377755068407,0.0172490664257761,0.0033867577060473,0.2178785519337319,0.017065002780414,-0.0065352940199545,0.0236002968003685,0.0052648543802297,0.2197566486079143,0.2143518299056685,-0.0129142767114098,0.0070178850053889,0.0004806414566331,0.6409965735170202,high,4,0.03320304862398662,252,both,0920_open,500,336.9000000000001,81.09999999999854,255.80000000000155,163.0999999999999
2026-04-15,24231.6,24231.25,0.0027709692250003,0.1547091038061981,0.0048779279948497,-2.3669959162542087,-2.862378031744206,-3.022237707602686,-0.0097304546460368,569.95,530.7,488.45,449.45,412.55,374.45,341.35,307.55,276.3,245.9,218.2,192.0,167.7,146.15,125.8,107.9,91.9,77.65,65.35,54.5,45.45,70.9,79.8,89.5,100.4,111.8,126.4,141.55,156.9,175.55,196.1,217.3,241.0,267.2,295.35,326.45,357.75,387.25,426.0,464.9,504.15,543.95,2026-04-21,0.0120063740970433,0.1095736012780601,4.986666666666666,24580.6,0.1720873136022926,24250.900926161143,24250,0.0171423135464231,0.0296140435028538,-3.5195065875004774,4.986666666666666,-1.866208675001451,0.0027709692250003,2026,0.0625137123242324,0.0002375864503859,0.0005076532191033,0.1177270108872046,0.0002700667687173,0.468009344657726,0.0543603027150879,-8.344978999097103,-7.585711983050634,-4.066205395550156,0.0003090805074544,0.6088418152855675,0.0378104801416271,0.0001985727116488,-0.7592670160465553,1,0,1,11830.0,47450.0,16380.0,71955.0,14430.0,122980.0,11375.0,175630.0,118105.0,522860.0,650780.0,439010.0,157690.0,406705.0,158665.0,445640.0,198770.0,260715.0,130000.0,243425.0,113815.0,83070.0,241020.0,111020.0,194350.0,98020.0,314795.0,84435.0,393250.0,138905.0,545675.0,408655.0,189735.0,44915.0,29445.0,5395.0,48425.0,5200.0,8385.0,780.0,4940.0,390.0,0.194514883065401,70.9,83070.0,0.1922137314520814,79.8,241020.0,0.1897032919223064,89.5,111020.0,0.1873077988734497,100.4,194350.0,0.184289252493069,111.8,98020.0,0.182993577053356,126.4,314795.0,0.1809203260490689,141.55,84435.0,0.1777808198598802,156.9,393250.0,0.1760640774285807,175.55,138905.0,0.1745138288245389,196.1,545675.0,0.1720873136022926,435.5,1059435.0,0.1702422014230653,192.0,439010.0,0.1684266796249758,167.7,157690.0,0.1673135153062795,146.15,406705.0,0.1656473993856935,125.8,158665.0,0.1644828863338543,107.9,445640.0,0.1634149961537222,91.9,198770.0,0.1623721802951698,77.65,260715.0,0.1616514973708865,65.35,130000.0,0.1608650639166933,54.5,243425.0,0.1605622817525385,45.45,113815.0,0.0039767638262881,-0.0036606339773167,0.0076373978036048,0.0001580649244857,0.1722453785267783,0.0088330124467763,-0.006439914216599,0.0152729266633754,0.0011965491150886,0.1732838627173812,0.0122019388907763,-0.0086723174485703,0.0208742563393467,0.001764810721103,0.1738521243233956,0.0176159783200138,-0.010435816231406,0.0280517945514199,0.0035900810443038,0.1756773946465964,0.0224275694631084,-0.011525031849754,0.0339526013128624,0.0054512688066772,0.1775385824089698,0.1721822105724212,-0.0197558809954655,0.005933898405733,0.000351595088662,0.6852292536338321,high,5,0.0332463157184405,252,both,0920_open,500,319.15,330.59999999999854,-11.449999999998568,180.85000000000002
2026-04-22,24477.45,24482.6,0.0003452492008272,0.0266460923141871,0.0033316378952872,-4.531763638609693,-3.99611450042008,-3.133884612117059,0.0102103664495227,539.9,496.1,462.0,425.75,390.0,355.55,323.7,293.0,263.85,236.55,210.1,185.25,164.1,143.85,124.2,107.95,93.15,79.45,66.9,57.05,47.95,84.0,94.8,106.05,119.75,133.7,149.75,166.65,186.1,206.45,228.7,253.7,280.0,306.5,335.3,367.05,400.95,434.0,472.4,510.1,548.8,590.0,2026-04-28,0.0132857567663272,0.1152638571553426,4.986666666666666,24016.5,0.1810537827117399,24456.355132637807,24500,0.0171423135464231,0.0327804722342299,-3.417922299600912,4.986666666666666,-3.625112768983139,0.0003452492008272,2026,0.0657899255563973,0.0002629033349527,0.0005619331332389,0.1238406806744723,0.0002990297982862,0.4678551937974219,0.0572131020372675,-8.24372414105702,-7.48412769515107,-4.066205395550156,0.0003359831896927,0.5979059959609272,0.0410550652201973,0.0002259499435462,-0.7595964459058666,1,0,1,40300.0,1300.0,4680.0,3185.0,37375.0,20020.0,107965.0,59280.0,336765.0,368875.0,1141790.0,315380.0,382655.0,150540.0,277810.0,111800.0,268255.0,113165.0,242190.0,94770.0,481975.0,479700.0,117715.0,151060.0,80535.0,295880.0,259805.0,361920.0,185900.0,648765.0,526110.0,944385.0,146445.0,248950.0,20930.0,58175.0,6760.0,19110.0,1820.0,4030.0,1105.0,17550.0,0.1962744340499097,84.0,479700.0,0.1946993885770467,94.8,117715.0,0.19246950188018,106.05,151060.0,0.1913856022978186,119.75,80535.0,0.1893466857862327,133.7,295880.0,0.1879281847679996,149.75,259805.0,0.1859971557756164,166.65,361920.0,0.1848866268112508,186.1,185900.0,0.1832079805176747,206.45,648765.0,0.1817203463791009,228.7,526110.0,0.1810537827117399,463.7999999999999,2086175.0,0.1791043332903998,185.25,315380.0,0.1787124550870638,164.1,382655.0,0.1776661442496763,143.85,150540.0,0.175673927081952,124.2,277810.0,0.1751412187895017,107.95,111800.0,0.1744893337518239,93.15,268255.0,0.1734168157854218,79.45,113165.0,0.1719680204097782,66.9,242190.0,0.1719307352814772,57.05,94770.0,0.1713440101541869,47.95,481975.0,0.0021541978059348,-0.002341327624676,0.0044955254306108,-9.356490937059704e-05,0.1809602178023693,0.0049433730638765,-0.0053798556297878,0.0103232286936643,-0.0002182412829556,0.1808355414287842,0.0082929030744928,-0.006564448959916,0.0148573520344088,0.0008642270572884,0.1819180097690283,0.0114157191684401,-0.0090857623019616,0.0205014814704018,0.0011649784332392,0.1822187611449791,0.0152206513381698,-0.009709772557553,0.0249304238957228,0.0027554393903083,0.1838092221020483,0.1818150724953507,-0.0151332791970394,0.0041456766034798,0.0002909650215283,0.6490264068884148,high,5,0.032120877296128614,252,both,0920_open,500,331.84999999999997,483.5,-151.65000000000003,168.15000000000003
2026-04-29,24091.0,24118.2,-0.0002531766418644,0.0321917118471958,0.0022082935536092,-4.481787197731621,-4.365600618434693,-3.410298319265362,-0.0038938933437399,551.8,511.5,466.0,420.0,386.0,347.25,309.95,280.05,248.5,217.45,192.0,166.05,144.5,122.5,104.4,89.85,75.1,63.1,52.8,44.1,36.35,45.55,53.2,61.4,70.25,82.8,94.3,111.35,128.1,144.0,166.6,187.3,213.8,240.45,268.9,303.85,337.35,373.65,403.35,450.0,489.45,536.0,2026-05-05,0.0185180992251172,0.1360812228969053,3.986666666666667,24052.15,0.150792988388272,24104.70483661932,24100,0.0171423135464231,0.0227385253470655,-3.783694641176502,3.986666666666667,-3.4360462556136424,0.0002531766418644,2026,0.0147117654913666,0.0002929582893285,0.0003897909310826,0.1307278679447945,9.683264175411224e-05,0.7515780023789952,0.0200651204434774,-8.135480316321324,-7.849900036726659,-4.066205395550156,0.000248775499616,0.638228034000319,0.0303257134613274,0.0001410154314666,-0.2855802795946955,1,0,0,3250.0,390.0,7735.0,6565.0,39780.0,27170.0,135395.0,78650.0,1275040.0,507455.0,2325310.0,888875.0,933140.0,270595.0,493740.0,345150.0,408330.0,258050.0,927875.0,145860.0,302770.0,283660.0,146770.0,405470.0,191100.0,471380.0,236990.0,430365.0,246090.0,853320.0,585455.0,1506700.0,376545.0,404300.0,40430.0,98865.0,12415.0,32955.0,3900.0,49595.0,910.0,5200.0,0.1662497538308587,45.55,283660.0,0.16461754329544,53.2,146770.0,0.1623747918414115,61.4,405470.0,0.1596231937040194,70.25,191100.0,0.1592793903103693,82.8,471380.0,0.1564883843952181,94.3,236990.0,0.1572483284658947,111.35,430365.0,0.1561312769299451,128.1,246090.0,0.1528086723137759,144.0,853320.0,0.1533786654965507,166.6,585455.0,0.150792988388272,379.3,3832010.0,0.1491804937803799,166.05,888875.0,0.1494022091956454,144.5,933140.0,0.1475491417093724,122.5,270595.0,0.1471981940164294,104.4,493740.0,0.1482766385073873,89.85,345150.0,0.1475247756977879,75.1,408330.0,0.1477311437162994,63.1,258050.0,0.148088601798019,52.8,927875.0,0.1486815931488429,44.1,145860.0,0.1488879945916419,36.35,302770.0,0.0020156839255039,-0.0013907791926265,0.0034064631181305,0.0003124523664387,0.1511054407547107,0.0064553400776227,-0.0035947943718425,0.0100501344494653,0.00143027285289,0.152223261241162,0.0084864019220973,-0.003268212690484,0.0117546146125813,0.0026090946158066,0.1534020830040786,0.0115818034531395,-0.0027043865902529,0.0142861900433924,0.0044387084314432,0.1552316968197152,0.0154567654425867,-0.00190499379663,0.0173617592392167,0.0067758858229783,0.1575688742112503,0.1509680290289534,-0.009717171919077,0.0055840428605316,0.0008756267051554,0.6764567145940605,middle,4,0.03008633592377426,252,both,0920_open,500,297.4,47.849999999998545,249.55000000000143,202.60000000000002
2026-05-06,24179.2,24178.3,0.0001985653658886,0.0527942922609983,0.0035691834303864,-4.053650912593552,-4.090364610259675,-3.614340467124509,-0.0029745154098002,578.55,537.25,493.8,450.6,410.75,375.15,334.95,300.95,268.1,238.55,209.1,183.2,158.3,135.9,116.2,98.5,82.85,69.15,57.4,47.05,38.4,41.35,48.45,55.85,64.7,75.0,87.35,101.2,115.95,134.0,151.75,173.05,196.85,223.3,251.75,281.05,309.0,347.0,383.75,415.15,454.35,502.65,2026-05-12,0.0169445117596718,0.1301710864964712,4.986666666666666,23430.55,0.1507783459588229,24236.08709789925,24200,0.0171423135464231,0.0227341096100785,-3.783888856312926,4.986666666666666,-2.941352195230724,0.0001985653658886,2026,0.0206072594623517,0.0003353040951384,0.0003897152351347,0.1398571621122557,5.441113999623729e-05,0.8603823122864865,0.0109211838465671,-8.00047269121004,-7.850094251863083,-4.066205395550156,0.0002487358074814,0.6382501505118594,0.0303206816929667,0.0001409794276532,-0.1503784393471519,1,0,0,13585.0,1430.0,15860.0,7410.0,49010.0,28860.0,364910.0,99515.0,318240.0,453050.0,1459640.0,704015.0,817895.0,289250.0,346385.0,244335.0,666315.0,156520.0,275340.0,198185.0,327210.0,224705.0,115245.0,390195.0,109850.0,422370.0,160745.0,793715.0,204425.0,502580.0,534625.0,1344590.0,455390.0,336895.0,52390.0,99385.0,13195.0,71305.0,5070.0,3055.0,975.0,3900.0,0.166476233375231,41.35,224705.0,0.1649499725776744,48.45,115245.0,0.1625682079166776,55.85,390195.0,0.1606152346043531,64.7,109850.0,0.1588848920187198,75.0,422370.0,0.1577821215183631,87.35,160745.0,0.1566076695726125,101.2,793715.0,0.1547624106315473,115.95,204425.0,0.1542045581246659,134.0,502580.0,0.15184904688026,151.75,534625.0,0.1507783459588229,382.15,2804230.0,0.150255979655704,183.2,704015.0,0.1488668197527968,158.3,817895.0,0.1477814580592899,135.9,289250.0,0.1471879363064259,116.2,346385.0,0.1465628574554659,98.5,244335.0,0.1460107812841689,82.85,666315.0,0.1455353493743625,69.15,156520.0,0.1452705080441886,57.4,275340.0,0.1447773801650881,47.05,198185.0,0.1445445616505068,38.4,327210.0,0.003426212165843,-0.001911526206026,0.005337738371869,0.0007573429799085,0.1515356889387314,0.0058293236137896,-0.0035904096523969,0.0094197332661866,0.0011194569806963,0.1518978029395192,0.0081065460598969,-0.0047675646746539,0.0128741107345508,0.0016694906926214,0.1524478366514443,0.0117898619578547,-0.0055078379146342,0.0172976998724889,0.0031410120216102,0.1539193579804331,0.015697887416408,-0.006233784308316,0.0219316717247241,0.0047320515540459,0.1555103975128688,0.1503013280516352,-0.0101589885151598,0.0035971998398672,0.000317287519951,0.6758638960687751,middle,5,0.0280517945514199,252,both,0920_open,500,302.4,500.0,-197.60000000000002,197.60000000000002
2026-05-13,23405.45,23415.85,0.0018367323738262,0.3294232703415352,0.0060391917267131,-4.2515078163967965,-4.021225098808484,-3.983182060627415,-0.0164995309314559,606.4,579.55,525.0,483.0,447.15,410.9,375.45,343.15,310.2,280.25,251.95,226.55,201.45,179.05,158.55,138.6,121.9,106.5,92.65,80.55,69.35,63.65,72.4,82.0,92.25,104.65,117.05,131.9,148.5,167.55,187.35,208.35,231.95,256.7,284.1,312.75,344.9,377.45,413.6,446.65,486.35,525.0,2026-05-19,0.0207774524337674,0.1441438602014231,4.986666666666666,23606.2,0.187783841781683,23443.644867362193,23400,0.0171423135464231,0.0352627712342881,-3.3449275108214795,4.986666666666666,-1.1104118191025572,0.0018367323738262,2026,0.0436399815802598,0.0004111517042449,0.0006044854810139,0.1548696547464344,0.000193333776769,0.6801680390325682,0.0329141870352485,-7.796548301487443,-7.4111329063716385,-4.066205395550156,0.0003567488340877,0.5901694007428792,0.0435236304693705,0.0002477366469261,-0.3854153951157635,1,0,1,585.0,260.0,24115.0,325.0,8645.0,2730.0,18395.0,11635.0,88595.0,99320.0,568945.0,403455.0,785590.0,146835.0,331630.0,224055.0,206895.0,113685.0,216060.0,84955.0,211900.0,146120.0,100750.0,474890.0,122005.0,223730.0,136825.0,259610.0,182780.0,491205.0,307385.0,896740.0,366990.0,429975.0,60060.0,74165.0,36725.0,39195.0,6825.0,20995.0,1625.0,12220.0,0.2028683838856082,63.65,146120.0,0.2012460120550004,72.4,100750.0,0.1994435960855364,82.0,474890.0,0.1971992557063903,92.25,122005.0,0.1959512819699701,104.65,223730.0,0.1934845018773754,117.05,136825.0,0.1920588761027235,131.9,259610.0,0.1908851824529291,148.5,182780.0,0.1904728205660758,167.55,491205.0,0.1893170599777068,187.35,307385.0,0.187783841781683,460.2999999999999,1465685.0,0.1877627292567663,226.55,403455.0,0.1865709964783202,201.45,785590.0,0.1861711678039211,179.05,146835.0,0.1859273583063467,158.55,331630.0,0.1847040757564151,138.6,224055.0,0.1848667060116433,121.9,206895.0,0.1847976779254795,106.5,113685.0,0.1847802776448679,92.65,216060.0,0.1851119732372926,80.55,84955.0,0.1850098257150117,69.35,211900.0,0.0026889787843928,-0.0012128453033627,0.0039018240877556,0.000738066740515,0.188521908522198,0.0042750343210405,-0.0018564834753362,0.0061315177963768,0.0012092754228521,0.1889931172045351,0.0081674401882871,-0.0029171357700396,0.0110845759583267,0.0026251522091237,0.1904089939908067,0.0116597543038534,-0.003003564136815,0.0146633184406684,0.0043280950835191,0.1921119368652022,0.0150845421039252,-0.0027740160666712,0.0178585581705965,0.0061552630186269,0.1939391048003099,0.1874515577299919,-0.0089250572262128,0.0069845097723794,0.0003644608080588,0.6479217877974816,high,5,0.02428998802428268,252,both,0920_open,500,327.29999999999995,206.20000000000073,121.09999999999923,172.70000000000005
