date,spot_open_0920,spot_close_0920,open5_ret,open5_var_ann,open5_range,lag1_logrv,lag5_logrv,lag22_logrv,prev_ret,CALL_-10,CALL_-9,CALL_-8,CALL_-7,CALL_-6,CALL_-5,CALL_-4,CALL_-3,CALL_-2,CALL_-1,CALL_+0,CALL_+1,CALL_+2,CALL_+3,CALL_+4,CALL_+5,CALL_+6,CALL_+7,CALL_+8,CALL_+9,CALL_+10,PUT_-10,PUT_-9,PUT_-8,PUT_-7,PUT_-6,PUT_-5,PUT_-4,PUT_-3,PUT_-2,PUT_-1,PUT_+0,PUT_+1,PUT_+2,PUT_+3,PUT_+4,PUT_+5,PUT_+6,PUT_+7,PUT_+8,PUT_+9,PUT_+10,expiry,fwd_var_ann,fwd_rv,h_trading_days,expiry_spot,iv,forward,K,T_cal,iv_var,log_iv_var,dte_sessions,open5_logvar,abs_open5_ret,year,vrp_expost,fwd_int_var,iv_int_var,fwd_rv_cal,vrp_int,vrp_ratio,vrp_vol_cal,log_fwd_int,log_iv_int,logT,pred_int,pred_ratio,pred_vol_edge,pred_vrp_int,log_ratio,premium_positive,rv_beats_iv,ratio_le_070,VOL_CALL_-10,VOL_CALL_-9,VOL_CALL_-8,VOL_CALL_-7,VOL_CALL_-6,VOL_CALL_-5,VOL_CALL_-4,VOL_CALL_-3,VOL_CALL_-2,VOL_CALL_-1,VOL_CALL_+0,VOL_CALL_+1,VOL_CALL_+2,VOL_CALL_+3,VOL_CALL_+4,VOL_CALL_+5,VOL_CALL_+6,VOL_CALL_+7,VOL_CALL_+8,VOL_CALL_+9,VOL_CALL_+10,VOL_PUT_-10,VOL_PUT_-9,VOL_PUT_-8,VOL_PUT_-7,VOL_PUT_-6,VOL_PUT_-5,VOL_PUT_-4,VOL_PUT_-3,VOL_PUT_-2,VOL_PUT_-1,VOL_PUT_+0,VOL_PUT_+1,VOL_PUT_+2,VOL_PUT_+3,VOL_PUT_+4,VOL_PUT_+5,VOL_PUT_+6,VOL_PUT_+7,VOL_PUT_+8,VOL_PUT_+9,VOL_PUT_+10,smile_iv_-10,smile_px_-10,smile_vol_-10,smile_iv_-9,smile_px_-9,smile_vol_-9,smile_iv_-8,smile_px_-8,smile_vol_-8,smile_iv_-7,smile_px_-7,smile_vol_-7,smile_iv_-6,smile_px_-6,smile_vol_-6,smile_iv_-5,smile_px_-5,smile_vol_-5,smile_iv_-4,smile_px_-4,smile_vol_-4,smile_iv_-3,smile_px_-3,smile_vol_-3,smile_iv_-2,smile_px_-2,smile_vol_-2,smile_iv_-1,smile_px_-1,smile_vol_-1,smile_iv_+0,smile_px_+0,smile_vol_+0,smile_iv_+1,smile_px_+1,smile_vol_+1,smile_iv_+2,smile_px_+2,smile_vol_+2,smile_iv_+3,smile_px_+3,smile_vol_+3,smile_iv_+4,smile_px_+4,smile_vol_+4,smile_iv_+5,smile_px_+5,smile_vol_+5,smile_iv_+6,smile_px_+6,smile_vol_+6,smile_iv_+7,smile_px_+7,smile_vol_+7,smile_iv_+8,smile_px_+8,smile_vol_+8,smile_iv_+9,smile_px_+9,smile_vol_+9,smile_iv_+10,smile_px_+10,smile_vol_+10,put_skew_100,call_skew_100,rr_100,bf_100,wing_avg_100,put_skew_200,call_skew_200,rr_200,bf_200,wing_avg_200,put_skew_300,call_skew_300,rr_300,bf_300,wing_avg_300,put_skew_400,call_skew_400,rr_400,bf_400,wing_avg_400,put_skew_500,call_skew_500,rr_500,bf_500,wing_avg_500,smile_intercept,smile_slope,smile_curvature,smile_fit_rmse,pred_ratio_wf,iv_regime,horizon_sessions_round,rr_cutoff_wf,train_n,gate_mode,execution,width,credit,payoff,pnl,maxloss
2024-02-09,21681.4,21683.15,-0.0020433251791138,0.0534478682358362,0.0035514311806433,-4.278869746450155,-4.1918597660171795,-4.1993853824179554,-0.0086983927343594,564.0,535.65,478.35,435.8,393.65,357.05,321.1,285.1,253.3,221.95,193.45,166.85,142.15,120.3,101.4,84.7,69.55,57.1,46.05,37.1,29.55,33.7,39.75,46.95,55.85,66.0,77.65,91.55,106.65,123.45,142.8,163.9,187.25,213.15,241.9,272.4,303.0,339.5,375.35,416.3,458.4,501.25,2024-02-15,0.0175544803453174,0.1324933218895105,4.986666666666666,21927.05,0.1573510946078969,21729.58040895763,21700,0.0171423135464231,0.0247593669743033,-3.698551397958509,4.986666666666666,-2.929048525639723,0.0020433251791138,2024,0.0248577727183864,0.0003473743729708,0.0004244328318844,0.1423521958449264,7.705845891362907e-05,0.8184436897317924,0.0149988987629705,-7.96510747495302,-7.764756793508667,-4.066205395550156,0.0002906671613854,0.6848366562382239,0.0271354193254756,0.0001337656704989,-0.2003506814443011,1,0,0,900.0,50.0,3400.0,900.0,3700.0,1200.0,34700.0,13950.0,171900.0,141000.0,564100.0,193800.0,456200.0,181300.0,280700.0,101050.0,260100.0,117800.0,216000.0,98400.0,141050.0,81950.0,94150.0,189250.0,54250.0,129700.0,103450.0,322100.0,134350.0,353500.0,263500.0,728050.0,190800.0,442450.0,43250.0,69300.0,28350.0,82600.0,17250.0,28200.0,250.0,1750.0,0.1724572100025434,33.7,81950.0,0.1702162640538197,39.75,94150.0,0.1681984494775824,46.95,189250.0,0.1668666166519483,55.85,54250.0,0.1653949341200981,66.0,129700.0,0.1639287355535539,77.65,103450.0,0.1630788107936329,91.55,322100.0,0.1616224514759622,106.65,134350.0,0.1599835622547452,123.45,353500.0,0.158834496994195,142.8,263500.0,0.1573510946078969,357.35,1292150.0,0.155915371717065,166.85,193800.0,0.154166303420249,142.15,456200.0,0.1529229493810175,120.3,181300.0,0.1523275775605484,101.4,280700.0,0.1517747986405578,84.7,101050.0,0.1506789022386324,69.55,260100.0,0.1503676239924174,57.1,117800.0,0.1495835192031857,46.05,216000.0,0.1493709507755465,37.1,98400.0,0.1490894138458094,29.55,141050.0,0.0026324676468483,-0.0031847911876478,0.0058172588344962,-0.0002761617703997,0.1570749328374971,0.005727716185736,-0.0050235170473484,0.0107512332330845,0.0003520995691938,0.1577031941770907,0.0080438395122012,-0.0066721923692645,0.0147160318814657,0.0006858235714683,0.1580369181793652,0.0108473548696855,-0.0077675754047111,0.0186149302743966,0.0015398897324872,0.1588909843403841,0.0151061153946465,-0.0082616807620874,0.0233677961567339,0.0034222173162795,0.1607733119241764,0.1564543471917021,-0.0111833932382476,0.0017965419213896,0.000354332692359,0.6943064340850906,high,5,0.03216935167160772,252,both,0920_open,500,294.1,227.04999999999927,67.05000000000075,205.89999999999998
2024-03-14,21930.65,21938.75,-0.0023956743595589,0.0429904527640364,0.0028498927300376,-3.805983261602051,-4.511933795322617,-4.666415457590992,-0.0158712535766709,481.9,433.85,387.6,335.55,289.2,242.85,200.0,159.5,122.45,91.05,64.85,45.7,31.35,21.1,13.9,9.3,6.25,4.3,2.95,2.25,1.7,1.55,2.15,3.0,4.3,6.55,10.5,16.6,26.05,39.1,57.9,81.35,112.75,148.5,187.8,231.0,276.6,324.2,372.15,418.95,470.25,519.05,2024-03-14,0.0117516730172378,0.1084051337217839,0.9866666666666668,22153.05,0.3134816362798361,21933.49930306747,21950,0.0007039573820395,0.0982707362846834,-2.320028994169365,0.9866666666666668,-3.1467772166839443,0.0023956743595589,2024,0.2050765025580521,4.60118414431533e-05,6.917841024605983e-05,0.2556593165032901,2.316656880290653e-05,0.6651185142806021,0.0578223197765459,-9.986611771925466,-9.578821734683736,-7.258792740514372,4.797381152888436e-05,0.6934795315221455,0.0524284919566187,2.120459871717547e-05,-0.4077900372417279,1,0,1,650.0,40000.0,3450.0,3450.0,2850.0,99000.0,40900.0,440800.0,478700.0,1901450.0,2557600.0,4185400.0,2142250.0,2975450.0,1772150.0,2413750.0,2040450.0,2923650.0,2147700.0,2486900.0,2430500.0,944900.0,2396750.0,1091050.0,1736850.0,1382600.0,2769700.0,1698700.0,2884050.0,1779950.0,3508900.0,2444200.0,2127400.0,398400.0,385150.0,60450.0,121200.0,80750.0,65700.0,50800.0,34550.0,7500.0,0.4024349022850029,1.55,944900.0,0.3856651004353852,2.15,2396750.0,0.3684375599671418,3.0,1091050.0,0.3521551934046569,4.3,1736850.0,0.3398262070057199,6.55,1382600.0,0.3324283750141067,10.5,2769700.0,0.325875996576868,16.6,1698700.0,0.3220742214258402,26.05,2884050.0,0.3168560484903838,39.1,1779950.0,0.3165711639186068,57.9,3508900.0,0.3134816362798361,146.2,5001800.0,0.3193937848572583,45.7,4185400.0,0.3255452614807954,31.35,2142250.0,0.3326093178287296,21.1,2975450.0,0.3396353578552156,13.9,1772150.0,0.3498190847396432,9.3,2413750.0,0.3608628032354223,6.25,2040450.0,0.3737250181487206,4.3,2923650.0,0.3860208009751623,2.95,2147700.0,0.4047657050412876,2.25,2486900.0,0.4218681521921694,1.7,2430500.0,0.0033744122105476,0.0120636252009593,-0.0086892129904116,0.0077190187057534,0.3212006549855896,0.0123943602970318,0.0261537215753795,-0.0137593612783476,0.0192740409362057,0.3327556772160418,0.0263445707258838,0.0473811669555861,-0.0210365962297023,0.036862868840735,0.3503445051205711,0.0549559236873057,0.0725391646953261,-0.0175832410080204,0.0637475441913159,0.377229180471152,0.0889532660051667,0.1083865159123332,-0.0194332499071664,0.09866989095875,0.4121515272385861,0.3166218454759903,0.0043281794869599,0.0126594923293091,0.0013294122062838,0.699167104003596,high,1,0.025696692131138,252,both,0920_open,500,142.95,203.04999999999927,-60.099999999999284,357.05
2024-03-15,22089.5,22081.85,0.0011595438313569,0.0144711871261871,0.0022589918286967,-4.411976425414971,-4.5214480865186975,-4.682751310083472,0.007794465993513,547.0,505.0,457.5,420.1,373.0,333.05,295.55,260.0,226.55,195.05,166.0,139.05,115.2,94.65,76.15,60.75,47.45,36.95,28.25,21.75,16.4,23.15,28.2,34.3,41.7,50.5,60.8,73.05,87.0,103.4,122.15,142.8,166.35,192.5,221.25,252.7,287.05,324.45,362.7,405.0,448.9,493.2,2024-03-21,0.0130231143812997,0.114118860760611,4.986666666666666,22014.6,0.1335833122883973,22123.223874376217,22100,0.0171423135464231,0.0178445013219394,-4.026059867404453,4.986666666666666,-4.235595701193368,0.0011595438313569,2024,0.0194644515277862,0.0002577060729421,0.0003058960367402,0.1226104847015727,4.818996379812564e-05,0.8424629350819396,0.0109728275868244,-8.263690874646022,-8.092265262954614,-4.066205395550156,0.0002158690070445,0.7056940303802625,0.0213658534951892,9.002702969567318e-05,-0.1714256116913365,1,0,0,400.0,350.0,1150.0,350.0,7050.0,2650.0,21900.0,18050.0,149500.0,110200.0,406550.0,201400.0,352200.0,116550.0,291750.0,204450.0,407050.0,237000.0,269950.0,162800.0,222400.0,126100.0,41250.0,102600.0,79300.0,204650.0,120200.0,308900.0,164300.0,565500.0,379050.0,688050.0,213600.0,299000.0,49750.0,72550.0,10950.0,26550.0,2500.0,41000.0,500.0,550.0,0.1499975738796843,23.15,126100.0,0.1480495174316549,28.2,41250.0,0.1461904643988993,34.3,102600.0,0.1445148352319196,41.7,79300.0,0.1428869934985083,50.5,204650.0,0.1412057708090258,60.8,120200.0,0.1397492775366136,73.05,308900.0,0.1380582112130782,87.0,164300.0,0.1366876141688029,103.4,565500.0,0.1353665379588328,122.15,379050.0,0.1335833122883973,308.8,1094600.0,0.1316383974998412,139.05,201400.0,0.1301044541932395,115.2,352200.0,0.1291537096146121,94.65,116550.0,0.1276891351955716,76.15,291750.0,0.1267803046964301,60.75,204450.0,0.1255803788028588,47.45,407050.0,0.125106938305279,36.95,237000.0,0.1245003044613788,28.25,269950.0,0.1247609911772117,21.75,162800.0,0.1247108613198655,16.4,222400.0,0.0031043018804056,-0.0034788580951577,0.0065831599755634,-0.000187278107376,0.1333960341810212,0.0061659652482163,-0.0058941770928256,0.012060142341042,0.0001358940776953,0.1337192063660926,0.009303681210111,-0.0080029334855384,0.0173066146956494,0.0006503738622863,0.1342336861506836,0.012607152110502,-0.0090830078270184,0.0216901599375205,0.0017620721417418,0.1353453844301391,0.016414261591287,-0.0088724509685317,0.0252867125598187,0.0037709053113776,0.1373542175997749,0.1327464299836981,-0.0112219536508271,0.0012018849607658,0.0002440621118409,0.6992348138650689,middle,5,0.025696692131138,252,both,0920_open,500,269.25000000000006,85.40000000000146,183.8499999999986,230.74999999999994
2024-04-01,22512.55,22507.5,0.0025240885823248,0.0368079215748236,0.0026052135364497,-4.5188619653470745,-4.731125898371131,-4.668451872660251,0.0088064708966341,523.95,482.0,434.2,388.5,343.5,302.95,263.45,227.0,194.4,163.75,135.95,111.0,88.7,69.85,54.25,41.25,30.95,23.2,16.75,12.1,8.95,14.75,18.2,22.8,28.3,35.1,44.0,54.4,67.95,84.3,103.85,125.85,150.55,178.35,209.25,244.25,280.75,320.4,360.0,406.0,447.0,496.3,2024-04-04,0.0102090447894229,0.1010398178413982,3.986666666666667,22541.2,0.1543552105985826,22510.105408867883,22500,0.0089231354642313,0.0238255310389328,-3.7369975405430385,3.986666666666667,-3.302042196786977,0.0025240885823248,2024,0.0533153927571844,0.0001615081688908,0.0002125984409676,0.1345359976471305,5.109027207677463e-05,0.7596865158359745,0.019819212951452,-8.73095483521314,-8.456105425255258,-4.719107884712219,0.0001503162991456,0.7070432805693381,0.0245642955579926,6.228214182195447e-05,-0.2748494099581057,1,0,0,32500.0,1850.0,11550.0,12300.0,33900.0,15500.0,157800.0,75000.0,302100.0,293800.0,1282850.0,528900.0,774400.0,324950.0,519900.0,257650.0,393800.0,225750.0,302850.0,244150.0,772800.0,238650.0,98800.0,273050.0,124100.0,249950.0,98450.0,464650.0,142800.0,374850.0,212350.0,703250.0,124450.0,106650.0,31900.0,29850.0,16350.0,9500.0,1050.0,1250.0,0.0,11650.0,0.1776625690093737,14.75,238650.0,0.1738281076881208,18.2,98800.0,0.1707835340128533,22.8,273050.0,0.1673853872486295,28.3,124100.0,0.1640841539800973,35.1,249950.0,0.1617382410853654,44.0,98450.0,0.1588352048962817,54.4,464650.0,0.1573335007982468,67.95,142800.0,0.1561844646131669,84.3,374850.0,0.1555595823796828,103.85,212350.0,0.1543552105985826,261.79999999999995,1986100.0,0.1531544547087628,111.0,528900.0,0.151452418252511,88.7,774400.0,0.1502404547845541,69.85,324950.0,0.149475642821528,54.25,519900.0,0.148568350871544,41.25,257650.0,0.1480714928460869,30.95,393800.0,0.1484630610638419,23.2,225750.0,0.1479049855534753,16.75,302850.0,0.1481432985862693,12.1,244150.0,0.1496950693039728,8.95,772800.0,0.0018292540145843,-0.0029027923460715,0.0047320463606559,-0.0005367691657435,0.153818441432839,0.0044799942976991,-0.0048795677770545,0.0093595620747536,-0.0001997867396776,0.1541554238589049,0.0097289433815147,-0.0062837177524956,0.0160126611340103,0.0017226128145095,0.1560778234130921,0.0164283234142707,-0.0064502250451072,0.022878548459378,0.0049890491845817,0.1593442597831643,0.0233073584107911,-0.0046601412946097,0.0279674997054009,0.0093236085580906,0.1636788191566733,0.1535236206504989,-0.0082218045242611,0.0022867941156568,0.0004824477774689,0.684676086424495,middle,4,0.02608039274799096,252,both,0920_open,500,238.09999999999997,41.20000000000073,196.89999999999924,261.90000000000003
2024-04-05,22464.3,22434.15,-0.0009877510780704,0.0492125191311101,0.0022190764902535,-3.7125287042277977,-4.564464231722851,-4.659641956509851,0.0042523696036599,537.15,487.5,449.9,399.8,355.75,315.35,276.9,239.1,204.3,172.1,143.15,116.8,93.9,74.0,57.2,43.35,32.35,23.9,17.5,12.8,9.5,16.0,19.9,24.6,30.35,37.5,46.2,56.75,69.65,84.75,102.8,123.4,147.1,174.35,204.3,237.85,273.2,312.4,354.25,400.5,442.75,489.25,2024-04-10,0.0052224257447431,0.0722663527842879,3.986666666666667,22735.05,0.1238310242940739,22469.767074442632,22450,0.0144025875190258,0.0153341225777195,-4.177674700025844,3.986666666666667,-3.0116072339674216,0.0009877510780704,2024,0.051564671509786,8.261932791948078e-05,0.000220851042453,0.0757391745184378,0.0001382317145335,0.374095258966393,0.048091849775636,-9.401266910627134,-8.418022099746894,-4.240347399721049,0.000159234140149,0.7210024384777535,0.0186837952747006,6.161690230405394e-05,-0.9832448108799022,1,0,1,350.0,4200.0,100.0,2650.0,1950.0,11450.0,8000.0,67450.0,56050.0,285500.0,503550.0,858550.0,364550.0,488500.0,284500.0,380200.0,263900.0,327400.0,175050.0,375400.0,226200.0,145350.0,504750.0,160400.0,306200.0,216500.0,552050.0,348850.0,795550.0,563300.0,1411700.0,1415300.0,1472650.0,315000.0,422150.0,78500.0,61350.0,6400.0,12250.0,2350.0,1550.0,800.0,0.1450793387963128,16.0,145350.0,0.1426844357818412,19.9,504750.0,0.1401335348331386,24.6,160400.0,0.1375973008926012,30.35,306200.0,0.1352808256874493,37.5,216500.0,0.1330274349317471,46.2,552050.0,0.130884083832709,56.75,348850.0,0.1290813712888687,69.65,795550.0,0.1271530581490386,84.75,563300.0,0.1256027815837078,102.8,1411700.0,0.1238310242940739,266.55,1918850.0,0.1221213640819362,116.8,858550.0,0.1207960762074675,93.9,364550.0,0.1194225497269993,74.0,488500.0,0.1181671457618279,57.2,284500.0,0.1170502814538238,43.35,380200.0,0.1162785877412056,32.35,263900.0,0.1159726235946231,23.9,327400.0,0.1160242019105261,17.5,175050.0,0.116553781656555,12.8,375400.0,0.1178292748067948,9.5,226200.0,0.0033220338549646,-0.0030349480866063,0.006356981941571,0.0001435428841791,0.123974567178253,0.0070530595386351,-0.0056638785322459,0.012716938070881,0.0006945905031945,0.1245256147972684,0.0114498013933754,-0.0075524365528682,0.0190022379462436,0.0019486824202536,0.1257797067143275,0.0163025105390646,-0.0078068223835477,0.0241093329226124,0.0042478440777584,0.1280788683718323,0.0212483145022389,-0.006001749487279,0.0272500639895179,0.0076232825074799,0.1314543068015539,0.1231454976763281,-0.0103373828112756,0.0023039972331688,9.260972989846904e-05,0.6980667876887289,middle,4,0.02525162979236904,252,both,0920_open,500,241.05,285.0499999999993,-43.99999999999926,258.95
2024-05-06,22519.6,22503.9,-0.0017212166327611,0.0456277993725345,0.0025622645106929,-4.00923053954406,-4.803413801789805,-4.595514114095845,-0.0088688101333814,572.05,520.0,481.15,435.6,391.0,349.8,307.65,269.1,232.8,199.5,168.95,141.15,116.2,95.05,76.75,61.25,48.75,38.0,29.0,22.05,16.75,12.0,14.75,18.95,23.8,29.95,37.45,47.0,58.3,72.4,88.75,108.0,130.0,155.65,184.05,216.4,250.65,287.0,326.3,369.75,412.9,454.45,2024-05-09,0.012728889108693,0.1128223785810823,3.986666666666667,21968.15,0.160631829882512,22560.98264064332,22500,0.0089231354642313,0.0258025847714042,-3.65728060713459,3.986666666666667,-3.0872381128513435,0.0017212166327611,2024,0.0478094513014297,0.0002013723726719,0.0002302399592425,0.1502246498816342,2.886758657063556e-05,0.8746195635822521,0.0104071800008777,-8.510354763494938,-8.376388491846813,-4.719107884712219,0.0001616051800307,0.7018989256358694,0.0260554332533963,6.863477921175817e-05,-0.1339662716479807,1,0,0,5550.0,0.0,4575.0,1275.0,11425.0,3000.0,64425.0,32300.0,121275.0,98550.0,472875.0,325700.0,428500.0,240900.0,380850.0,161900.0,381600.0,159125.0,242250.0,114975.0,254375.0,525425.0,101075.0,349425.0,83575.0,304850.0,152975.0,313625.0,149825.0,406125.0,298175.0,831200.0,418225.0,322700.0,74625.0,106675.0,24575.0,39775.0,16700.0,12850.0,2275.0,5625.0,0.1814554203343904,12.0,525425.0,0.1774888810442181,14.75,101075.0,0.1756262368261007,18.95,349425.0,0.1729083570489325,23.8,83575.0,0.1705404671215835,29.95,304850.0,0.1681215629236078,37.45,152975.0,0.166391946585551,47.0,313625.0,0.1643867569483608,58.3,149825.0,0.1632248628937486,72.4,406125.0,0.1617790775808251,88.75,298175.0,0.160631829882512,276.95,1304075.0,0.1594008315857068,130.0,418225.0,0.1584999815110944,116.2,428500.0,0.1584310501304768,95.05,240900.0,0.1583818870367723,76.75,380850.0,0.1584831438981429,61.25,161900.0,0.1593622294452013,48.75,381600.0,0.1595854058726185,38.0,159125.0,0.1593698256593751,29.0,242250.0,0.1597340689724321,22.05,114975.0,0.1606209448350653,16.75,254375.0,0.0025930330112366,-0.0021318483714175,0.0047248813826542,0.0002305923199095,0.1608624222024215,0.0057601167030389,-0.0022499428457396,0.0080100595487786,0.0017550869286496,0.1623869168111616,0.0099086372390715,-0.0012696004373106,0.0111782376763822,0.0043195184008804,0.1649513482833924,0.0149944069435887,-0.0012620042231368,0.0162564111667255,0.0068662013602259,0.167498031242738,0.0208235904518784,-1.088504744670149e-05,0.0208344754993251,0.0104063527022158,0.1710381825847278,0.1594204998818599,-0.0045825490381347,0.0056389287185637,0.0002518730383293,0.6809116397321068,high,4,0.02547416096175352,252,both,0920_open,500,248.2,500.0,-251.8,251.8
2024-05-10,21970.45,21958.05,-0.0008893619374745,0.0459424127346635,0.0020778086304559,-4.52550624281594,-4.262496625307651,-4.550050177447073,-0.0152956461315568,606.65,548.8,514.0,460.75,424.45,380.0,341.55,305.65,270.75,237.6,206.5,179.6,152.85,128.2,107.35,89.8,73.35,59.1,47.65,38.4,30.95,28.8,34.6,40.65,47.15,55.9,66.0,77.65,91.6,106.3,122.55,141.6,164.25,187.6,212.75,242.05,274.5,309.3,342.6,380.85,416.35,460.5,2024-05-16,0.0127383249651225,0.1128641881427519,4.986666666666666,22392.35,0.1500475173453253,22014.96678650932,21950,0.0171423135464231,0.0225142574614957,-3.793606505497264,4.986666666666666,-3.0803665638433384,0.0008893619374745,2024,0.0371833292025734,0.0002520705575108,0.0003859464606698,0.1212624514598093,0.0001338759031589,0.6531231225009598,0.0287850658855159,-8.285801519520192,-7.85981190104742,-4.066205395550156,0.0002666218203081,0.6908259240036261,0.0253341150419108,0.0001193246403616,-0.4259896184729845,1,0,1,150.0,6600.0,75.0,1150.0,1075.0,6725.0,8650.0,27050.0,24800.0,115575.0,198750.0,622625.0,235150.0,324800.0,161275.0,369825.0,124550.0,253725.0,129825.0,220600.0,108025.0,62275.0,245300.0,135175.0,375900.0,105275.0,298600.0,186400.0,514425.0,264150.0,549400.0,500800.0,1183175.0,214475.0,335925.0,78550.0,103950.0,13350.0,35550.0,9775.0,10300.0,2125.0,0.1697687145016376,28.8,62275.0,0.168340065921419,34.6,245300.0,0.1658502307343552,40.65,135175.0,0.1626634651584577,47.15,375900.0,0.1609504653594678,55.9,105275.0,0.1592190729189804,66.0,298600.0,0.1575252487001269,77.65,186400.0,0.1564501166602441,91.6,514425.0,0.1543174643618812,106.3,264150.0,0.151850410870436,122.55,549400.0,0.1500475173453253,348.1,699550.0,0.1494553871378868,164.25,1183175.0,0.1476789550861465,152.85,235150.0,0.145319093839945,128.2,324800.0,0.1442057265305392,107.35,161275.0,0.1440082378884689,89.8,369825.0,0.1427259530661117,73.35,124550.0,0.1414453330246076,59.1,253725.0,0.1410369759045328,47.65,129825.0,0.1411914572075432,38.4,220600.0,0.1417813964097065,30.95,108025.0,0.0042699470165559,-0.0023685622591787,0.0066385092757347,0.0009506923786886,0.1509982097240139,0.0074777313548016,-0.005841790814786,0.0133195221695876,0.0008179702700078,0.1508654876153331,0.0109029480141425,-0.0073215642792135,0.018224512293356,0.0017906918674644,0.1518382092127897,0.0158027133890299,-0.0090105414407924,0.0248132548298224,0.0033960859741187,0.153443603319444,0.0197211971563123,-0.0082661209356187,0.0279873180919311,0.0057275381103468,0.1557750554556721,0.1485569386081182,-0.0128414168084344,0.0025799323658466,0.0004836040245945,0.6572662937200935,middle,5,0.02579261728535124,252,both,0920_open,500,288.35,442.34999999999854,-153.99999999999852,211.64999999999998
2024-05-31,22594.55,22599.7,0.0011115886135551,0.0056455311871902,0.0017017896738372,-4.5557415904535485,-4.7497621107267545,-4.6971825918300985,-0.0065705261912227,754.6,720.55,685.95,652.0,617.15,588.35,553.15,521.95,493.6,465.8,437.55,411.55,385.8,360.55,337.35,314.8,293.65,273.35,254.45,236.65,220.15,219.15,232.6,247.85,263.25,279.9,297.0,315.95,335.65,355.25,376.1,399.0,421.05,445.8,472.35,497.8,525.25,555.1,584.3,614.05,648.2,684.2,2024-06-06,0.1718916926448785,0.4145982303928449,4.986666666666666,22849.05,0.3541848193830348,22638.589670569098,22600,0.0171423135464231,0.125446886281393,-2.075872826873169,4.986666666666666,-5.176890987102428,0.0011115886135551,2024,-0.06041341100981,0.003401454658687,0.0021504498580581,0.4454486282641447,-0.0012510048006288,1.581740976633867,-0.0912638088811099,-5.683552098067497,-6.142078222423326,-4.066205395550156,0.0012692887320315,0.5902433517690836,0.0820741973416957,0.0008811611260265,0.458526124355834,0,1,0,2450.0,175.0,2350.0,300.0,4600.0,3225.0,34100.0,17525.0,112100.0,82775.0,244550.0,106775.0,134325.0,28550.0,46400.0,17175.0,34425.0,18425.0,288225.0,30650.0,44600.0,22125.0,7075.0,42900.0,9000.0,28350.0,21625.0,77800.0,26025.0,138475.0,76850.0,260800.0,83750.0,93250.0,23225.0,21825.0,9250.0,7150.0,2425.0,37225.0,1225.0,8950.0,0.3739564409058079,219.15,22125.0,0.3711595338123654,232.6,7075.0,0.3693647496077263,247.85,42900.0,0.3669889658666163,263.25,9000.0,0.3650264649404755,279.9,28350.0,0.3627303761277655,297.0,21625.0,0.3613161586646514,315.95,77800.0,0.3597862840149564,335.65,26025.0,0.3574018939722253,355.25,138475.0,0.3553153911037721,376.1,76850.0,0.3541848193830348,836.55,505350.0,0.3531438279347462,411.55,106775.0,0.3515105437985176,385.8,134325.0,0.3494890408421427,360.55,28550.0,0.3483914212370766,337.35,46400.0,0.347027698105977,314.8,17175.0,0.3460439019543894,293.65,34425.0,0.3449724456268883,273.35,18425.0,0.3443078328301238,254.45,288225.0,0.3438071717110754,236.65,30650.0,0.3436789534670016,220.15,44600.0,0.0032170745891905,-0.0026742755845172,0.0058913501737077,0.0002713995023366,0.3544562188853715,0.0071313392816165,-0.0057933981459581,0.0129247374275747,0.0006689705678292,0.354853789950864,0.0108416455574407,-0.0081409174286454,0.0189825629860861,0.0013503640643976,0.3555351834474324,0.0151799302246914,-0.009876986552911,0.0250569167776025,0.0026514718358902,0.356836291218925,0.0197716215227731,-0.0105058659160331,0.0302774874388063,0.0046328778033699,0.3588176971864047,0.3530532110018481,-0.0322280355591704,0.0137606846038424,0.00029006412276,0.48453560515260663,high,5,0.0256911710001246,252,both,0920_open,500,397.25,249.04999999999927,148.20000000000073,102.75
2024-07-19,24742.25,24738.55,-0.0045064644969787,0.2043526039627735,0.0046459465842839,-4.45483173146555,-4.917932269852959,-4.8582948294217685,0.0072194876398807,590.2,540.05,503.4,462.0,425.7,388.0,355.3,320.95,288.95,259.65,231.6,205.0,180.75,158.45,137.65,118.25,101.4,85.95,72.6,60.75,50.3,71.2,79.05,88.95,101.15,113.4,127.25,142.75,159.55,177.75,198.15,219.45,243.8,269.0,296.55,325.2,356.25,386.7,422.95,457.4,494.9,536.65,2024-07-25,0.0215063343769932,0.1466503814416903,4.986666666666666,24415.0,0.1745515936727052,24762.16250317547,24750,0.0171423135464231,0.0304682588536811,-3.4910698305879926,4.986666666666666,-1.5879083263920466,0.0045064644969787,2024,0.0279012122310148,0.0004255750823807,0.0005222964464833,0.1575626871000311,9.67213641026711e-05,0.8148151978557482,0.016988906572674,-7.762069168688585,-7.557275226138152,-4.066205395550156,0.000350953613561,0.6719433301222655,0.0314679002720605,0.0001713428329223,-0.2047939425503018,1,0,0,1050.0,7450.0,3550.0,15850.0,5075.0,57775.0,23250.0,93175.0,51850.0,185675.0,239775.0,388000.0,139200.0,181350.0,109725.0,307450.0,81150.0,264700.0,63200.0,149700.0,88425.0,46175.0,101300.0,43575.0,132200.0,83450.0,272900.0,66775.0,235500.0,126550.0,474175.0,430600.0,513375.0,102075.0,112150.0,29625.0,71975.0,17425.0,13925.0,6525.0,8775.0,5850.0,0.1933649873650915,71.2,46175.0,0.1901114981762323,79.05,101300.0,0.188009875973573,88.95,43575.0,0.1870377461716658,101.15,132200.0,0.1849528678925481,113.4,83450.0,0.1831494935216585,127.25,272900.0,0.181565413148278,142.75,66775.0,0.1798317881130347,159.55,235500.0,0.177977126637015,177.75,126550.0,0.1765733101423114,198.15,474175.0,0.1745515936727052,451.0499999999999,670375.0,0.1727650049643253,205.0,388000.0,0.1714144379135477,180.75,139200.0,0.1701788368524892,158.45,181350.0,0.1686963504793051,137.65,109725.0,0.166867978177351,118.25,307450.0,0.1656863543949505,101.4,81150.0,0.1642131432851483,85.95,264700.0,0.1631524483030965,72.6,63200.0,0.1620309355230697,60.75,149700.0,0.1608202216950164,50.3,88425.0,0.0034255329643098,-0.0031371557591574,0.0065626887234672,0.0001441886025761,0.1746957822752813,0.0070138194755728,-0.0058552431934,0.0128690626689728,0.0005792881410863,0.1751308818137915,0.0104012742198429,-0.0088652392777547,0.0192665134975976,0.0007680174710441,0.1753196111437493,0.0134582823008678,-0.0113991453696086,0.0248574276704764,0.0010295684656295,0.1755811621383348,0.0188133936923863,-0.0137313719776887,0.0325447656700751,0.0025410108573487,0.177092604530054,0.1742978511264812,-0.0181987682110515,0.0020691842356799,0.0001640185127059,0.6620014347728513,high,5,0.025136393505020938,252,both,0920_open,500,329.54999999999995,335.0,-5.4500000000000455,170.45000000000005
2024-08-05,24301.3,24284.55,-6.376448875163654e-05,0.0493701344605811,0.0026027414171258,-3.784906660136168,-4.670096934790903,-4.709722372034726,-0.012334819893272,541.05,520.4,455.85,411.85,371.15,332.95,294.1,259.6,228.4,198.1,167.8,142.25,121.1,101.25,81.95,67.65,55.95,46.75,38.15,32.15,27.1,36.1,41.5,47.55,56.15,64.45,75.7,89.45,105.0,121.95,141.65,165.15,190.55,216.05,245.2,280.4,315.75,349.45,390.3,435.0,477.9,523.0,2024-08-08,0.0345661331818659,0.1859196955189684,3.986666666666667,24098.7,0.1818776560985806,24302.651419158406,24300,0.0089231354642313,0.0330794817879135,-3.408842074369134,3.986666666666667,-3.008409603186997,6.376448875163654e-05,2024,-0.0040420394203878,0.0005468398847289,0.0002951726970801,0.247554798229722,-0.0002516671876488,1.8526099809988543,-0.0656771421311414,-7.511354513695272,-8.127949959081354,-4.719107884712219,0.0002025195704287,0.6861053628335262,0.0312257067104581,9.26531266514151e-05,0.6165954453860015,0,1,0,2725.0,25.0,5575.0,2050.0,40800.0,3000.0,27200.0,14475.0,93350.0,107750.0,570950.0,235725.0,323675.0,133600.0,437950.0,230175.0,361525.0,168425.0,399650.0,184475.0,425700.0,223725.0,59025.0,306450.0,94425.0,838875.0,103150.0,406925.0,175225.0,709125.0,294175.0,1124900.0,335975.0,359600.0,92175.0,297150.0,63850.0,152800.0,47500.0,138350.0,62550.0,119200.0,0.2105079642066796,36.1,223725.0,0.2058459494347867,41.5,59025.0,0.2008446035270421,47.55,306450.0,0.1982243123751699,56.15,94425.0,0.1933058072599272,64.45,838875.0,0.190547166326673,75.7,103150.0,0.1887970660284784,89.45,406925.0,0.1868965012588796,105.0,175225.0,0.1842496781243905,121.95,709125.0,0.1822502161055821,141.65,294175.0,0.1818776560985806,332.95000000000005,1695850.0,0.1799007917195496,142.25,235725.0,0.1801280243139615,121.1,323675.0,0.1791747220137884,101.25,133600.0,0.1760567805428791,81.95,437950.0,0.1762589197759918,67.65,230175.0,0.1773205515642301,55.95,361525.0,0.1795876013674846,46.75,168425.0,0.1805127517166666,38.15,399650.0,0.1837577453319946,32.15,184475.0,0.1870229045191287,27.1,425700.0,0.0023720220258099,-0.001749631784619,0.0041216538104289,0.0003111951205954,0.182188851219176,0.0069194099298978,-0.0058208755557014,0.0127402854855993,0.0005492671870981,0.1824269232856787,0.0114281511613466,-0.0045571045343504,0.015985255695697,0.003435523313498,0.1853131794120786,0.0189669474284615,-0.0013649043819139,0.0203318518103755,0.0088010215232738,0.1906786776218544,0.028630308108099,0.0051452484205481,0.0234850596875509,0.0168877782643235,0.1987654343629041,0.1814267583578408,-0.0114412189194346,0.0065152295739116,0.0006907516184818,0.6941366897164956,high,4,0.025017018956177278,252,both,0920_open,500,269.75,201.29999999999927,68.45000000000073,230.25
2024-11-06,24262.9,24234.35,-0.0018879331304809,0.0561307097637133,0.0033611308314339,-4.005185897215169,-4.4403602640509545,-4.488627212662987,0.0085995080586688,513.35,469.5,420.9,376.25,336.15,298.1,257.35,222.0,191.8,160.5,134.0,111.85,92.9,74.3,59.45,47.55,37.6,29.3,21.9,16.5,12.7,15.5,19.15,23.55,29.9,38.0,47.95,59.35,74.8,92.15,111.9,136.4,163.85,193.35,225.3,259.85,298.3,335.7,376.8,430.1,473.5,512.25,2024-11-07,0.0084556177612181,0.0919544330699622,1.9866666666666664,24194.6,0.2382029574800797,24247.599504058355,24250,0.0034436834094368,0.0567406489522566,-2.8692644123693984,1.9866666666666664,-2.880072205110412,0.0018879331304809,2024,0.1462485244101175,6.666069028685167e-05,0.0001953968314375,0.1391308037806372,0.0001287361411507,0.3411554312135926,0.0990721536994424,-9.615895129799988,-8.540478034262076,-5.671213621892677,0.0001329908264935,0.6806191559768777,0.0416863612357288,6.240600494397281e-05,-1.075417095537586,1,0,1,1775.0,6675.0,3750.0,36775.0,11975.0,118550.0,33950.0,181250.0,104950.0,682500.0,672900.0,1054500.0,407650.0,620750.0,254450.0,731975.0,206175.0,310425.0,181325.0,498125.0,193775.0,235200.0,324775.0,210375.0,488250.0,258425.0,980825.0,219525.0,497300.0,293750.0,651925.0,505375.0,542225.0,111650.0,117875.0,24250.0,43775.0,4750.0,5775.0,1100.0,1575.0,350.0,0.2636225613651588,15.5,235200.0,0.257995224434452,19.15,324775.0,0.2520316418676305,23.55,210375.0,0.2488076998533055,29.9,488250.0,0.2463181728019017,38.0,258425.0,0.2439953940649689,47.95,980825.0,0.2404245828434875,59.35,219525.0,0.2404358203669352,74.8,497300.0,0.2390210409265082,92.15,293750.0,0.2369656483845539,111.9,651925.0,0.2382029574800797,270.4,1178275.0,0.2401589569471503,111.85,1054500.0,0.2428063189948788,92.9,407650.0,0.2410556606917279,74.3,620750.0,0.2414518376052416,59.45,254450.0,0.243151979028375,47.55,731975.0,0.2446493259416628,37.6,206175.0,0.245723072167803,29.3,310425.0,0.2444830449220408,21.9,181325.0,0.2449722831360539,16.5,498125.0,0.2474865016989953,12.7,193775.0,0.0008180834464285,0.0046033615147991,-0.0037852780683706,0.0027107224806138,0.2409136799606935,0.0022216253634078,0.0032488801251619,-0.001027254761754,0.0027352527442849,0.2409382102243646,0.008115215321822,0.0064463684615831,0.0016688468602389,0.0072807918917025,0.2454837493717822,0.0138286843875508,0.006280087441961,0.0075485969455897,0.0100543859147559,0.2482573433948356,0.0254196038850791,0.0092835442189156,0.0161360596661634,0.0173515740519973,0.2555545315320771,0.2389064946237117,3.8802054887311654e-05,0.0082947691576307,0.0012514630706221,0.685106695859844,high,2,0.0275595185786064,252,both,0920_open,500,242.2,55.400000000001455,186.79999999999853,257.8
2024-11-14,23604.9,23578.5,0.0027105869564317,0.1451924174209425,0.0044037963251274,-4.102821417666888,-4.261317651540031,-4.474312477323061,-0.0101189903143244,494.3,455.45,407.3,359.35,316.0,273.0,229.75,189.2,155.15,122.25,94.1,70.8,52.35,36.75,25.35,16.95,11.15,7.6,5.25,3.55,2.45,3.05,4.2,5.8,8.5,12.65,19.2,27.85,39.1,53.6,72.3,93.7,120.3,150.6,185.85,223.25,264.25,308.0,356.7,402.6,453.8,499.25,2024-11-14,0.0119108401210018,0.1091367954495726,0.9866666666666668,23559.6,0.3759119878043127,23600.400016895335,23600,0.0007039573820395,0.1413098225749897,-1.956800475961197,0.9866666666666668,-1.9296953995738908,0.0027105869564317,2024,0.2667751923547401,4.663503539439858e-05,9.9476092756356e-05,0.2573848449060145,5.2841057361957406e-05,0.4688064649726489,0.1185271428982981,-9.973158466819324,-9.21559321647557,-7.258792740514372,6.672703850411464e-05,0.670784674540317,0.0680346366637742,3.274905425224135e-05,-0.7575652503437544,1,0,1,525.0,1225.0,11325.0,4425.0,24125.0,19125.0,78375.0,96425.0,574550.0,672600.0,2410075.0,1228900.0,1403600.0,949250.0,1830850.0,910375.0,1488000.0,719750.0,1939625.0,1388775.0,1825825.0,693125.0,569075.0,883975.0,688725.0,1047200.0,842150.0,1234325.0,736775.0,1519375.0,1272800.0,1765500.0,428825.0,382800.0,56650.0,93525.0,9375.0,18950.0,5300.0,46925.0,4025.0,6125.0,0.4284926588146577,3.05,693125.0,0.4156985285743799,4.2,569075.0,0.4028492135419668,5.8,883975.0,0.3952961695351756,8.5,688725.0,0.39056389909007,12.65,1047200.0,0.3908472846370627,19.2,842150.0,0.3891139519057804,27.85,1234325.0,0.3862055005595418,39.1,736775.0,0.3832180582465974,53.6,1519375.0,0.3822738226439029,72.3,1272800.0,0.3759119878043127,187.8,4175575.0,0.3739686743029506,70.8,1228900.0,0.3749644483965604,52.35,1403600.0,0.371275396413065,36.75,949250.0,0.3707274921205233,25.35,1830850.0,0.3703782251644629,16.95,910375.0,0.3717449420552772,11.15,1488000.0,0.3786503524443267,7.6,719750.0,0.3873850430334206,5.25,1939625.0,0.394834745646649,3.55,1388775.0,0.4039725199798054,2.45,1825825.0,0.0073060704422847,-0.0009475394077522,0.0082536098500369,0.0031792655172662,0.3790912533215789,0.0132019641014677,-0.0051844956837893,0.018386459785257,0.0040087342088391,0.3799207220131518,0.0146519112857573,-0.0041670457490354,0.0188189570347928,0.005242432768361,0.3811544205726737,0.0269372257376541,0.0114730552291079,0.0154641705085462,0.019205140483381,0.3951171282876937,0.052580671010345,0.0280605321754927,0.0245201388348523,0.0403206015929189,0.4162325893972316,0.3779128808704586,-0.0092386005284203,0.0021603426664892,0.001664220914836,0.6564830439309225,high,1,0.025520258717142242,252,both,0920_open,500,182.3,40.400000000001455,141.89999999999856,317.7
2024-11-21,23373.0,23388.95,-0.0049721923289913,0.1857910062888495,0.0072113456231549,-4.4288049751955105,-4.200599185958349,-4.382656234463753,0.0001448843058741,437.6,393.85,344.9,295.1,250.4,213.05,171.7,135.9,107.7,87.1,66.1,48.65,36.65,28.85,20.9,15.5,11.5,8.4,5.65,3.85,2.6,5.2,7.05,10.2,14.0,19.25,26.3,38.3,54.8,76.1,103.35,131.95,169.0,205.55,242.05,288.25,334.45,380.7,422.3,474.95,519.85,568.8,2024-11-21,0.0099859422357489,0.0999296864587744,0.9866666666666668,23346.75,0.3866842524203999,23284.147218605645,23350,0.0007039573820395,0.1495247110699235,-1.9002936083729047,0.9866666666666668,-1.6831328591084769,0.0049721923289913,2024,0.2867545659616255,3.909839817171527e-05,0.0001052590241549,0.2356710836592464,6.61606259832807e-05,0.3714493696439947,0.1510131687611534,-10.149429059287456,-9.159086348887278,-7.258792740514372,7.024160524091496e-05,0.667321455854301,0.0708028698139299,3.501741891408103e-05,-0.990342710399267,1,0,1,450.0,375.0,15025.0,10925.0,19725.0,33275.0,136600.0,225575.0,851250.0,1728625.0,2641250.0,1726625.0,2451475.0,1121400.0,1725675.0,861250.0,1613250.0,1139225.0,1651275.0,936800.0,1902100.0,1244225.0,948150.0,2346575.0,811950.0,1687950.0,1114200.0,1993925.0,1302800.0,2369300.0,2108975.0,2371125.0,798250.0,829650.0,122275.0,226525.0,44900.0,63825.0,13500.0,24400.0,2000.0,3850.0,0.4262195897902717,5.2,1244225.0,0.4121787830882356,7.05,948150.0,0.4043472463782998,10.2,2346575.0,0.3915915986306035,14.0,811950.0,0.3792006378945791,19.25,1687950.0,0.3663515616387258,26.3,1114200.0,0.3658251253222154,38.3,1993925.0,0.3688270895202781,54.8,1302800.0,0.3742618958444089,76.1,2369300.0,0.3845979286324664,87.1,1728625.0,0.3866842524203999,198.05,5012375.0,0.3870200987663386,48.65,1726625.0,0.3964947483317443,36.65,2451475.0,0.4145021594261032,28.85,1121400.0,0.4195101574475068,20.9,1725675.0,0.4292129687297143,15.5,861250.0,0.439404840803182,11.5,1613250.0,0.4481866722631776,8.4,1139225.0,0.4497201957532682,5.65,1651275.0,0.453859132944278,3.85,936800.0,0.4582158487203723,2.6,1902100.0,-0.012422356575991,0.0098104959113444,-0.0222328524873354,-0.0013059303323232,0.3853783220880766,-0.0208591270981844,0.0328259050271069,-0.0536850321252913,0.0059833889644612,0.3926676413848611,-0.0074836145258208,0.052720588382782,-0.0602042029086029,0.0226184869284806,0.4093027393488805,0.0176629939578999,0.0630359433328683,-0.0453729493749684,0.0403494686453841,0.4270337210657841,0.0395353373698718,0.0715315962999724,-0.0319962589301005,0.0555334668349221,0.442217719255322,0.3776590943216439,0.0203774451507718,0.0146461801311748,0.0041433076903721,0.638818106773962,high,1,0.02645295803748464,252,both,0920_open,500,190.25,3.25,187.0,309.75
2024-11-25,24288.1,24261.5,0.0014440738317824,0.0533496311630077,0.0041275357067864,-3.597697264644178,-4.223167664023389,-4.322996588669092,0.0223112690358584,584.9,542.65,493.8,448.1,407.4,372.85,328.45,292.25,259.75,228.45,200.1,173.5,148.95,127.65,107.65,90.45,75.35,65.25,51.95,43.15,36.45,34.6,39.15,44.65,51.35,58.95,67.65,80.85,94.5,110.9,128.5,152.3,174.9,200.05,225.6,258.3,292.0,326.35,361.2,394.0,440.2,490.65,2024-11-28,0.0125131256252615,0.1118620830543644,3.986666666666667,23957.45,0.1911959592114087,24347.82559840444,24300,0.0089231354642313,0.0365558948187706,-3.308912824839406,3.986666666666667,-2.930888214791399,0.0014440738317824,2024,0.0793338761570442,0.0001979589715319,0.000326193201484,0.1489460023198795,0.0001282342299521,0.6068764481640355,0.0422499568915291,-8.527450763226906,-8.028020709551626,-4.719107884712219,0.0002217635576169,0.6798534016282322,0.0335487282109719,0.0001044296438671,-0.4994300536751044,1,0,1,17550.0,115975.0,74025.0,98225.0,28000.0,245650.0,54550.0,455325.0,110175.0,511150.0,387900.0,1123400.0,281100.0,469125.0,201100.0,1195100.0,224825.0,390250.0,145325.0,327250.0,221875.0,115000.0,333275.0,201050.0,259525.0,124475.0,554325.0,133950.0,317375.0,120925.0,378450.0,371000.0,686250.0,122350.0,105775.0,22800.0,114250.0,5225.0,9225.0,2275.0,15600.0,125.0,0.2199083480474862,34.6,115000.0,0.2144702510441245,39.15,333275.0,0.2094726244122096,44.65,201050.0,0.205033516813132,51.35,259525.0,0.2003996722151464,58.95,124475.0,0.1956785800510631,67.65,554325.0,0.1950344861554554,80.85,133950.0,0.1926734939761641,94.5,317375.0,0.1913422755279532,110.9,120925.0,0.1890382111604193,128.5,378450.0,0.1911959592114087,352.4,758900.0,0.1903687174336749,173.5,1123400.0,0.1892966764998513,148.95,281100.0,0.189300532313452,127.65,469125.0,0.1882515322023752,107.65,201100.0,0.1879117617096088,90.45,1195100.0,0.1876087713322441,75.35,224825.0,0.191497399643424,65.25,390250.0,0.1886310923194132,51.95,145325.0,0.189925849659174,43.15,327250.0,0.192646065842263,36.45,221875.0,0.0001463163165445,-0.0018992827115573,0.0020455990281019,-0.0008764831975064,0.1903194760139022,0.0038385269440467,-0.0029444270090334,0.0067829539530802,0.0004470499675066,0.1916430091789153,0.0092037130037377,-0.0035871878791645,0.0127909008829022,0.0028082625622866,0.1940042217736953,0.0182766652008009,-0.0025648668919954,0.0208415320927964,0.0078558991544027,0.1990518583658114,0.0287123888360775,0.0014501066308542,0.0272622822052232,0.0150812477334659,0.2062772069448746,0.1892869141556689,-0.0058173877642751,0.0075415430238279,0.0010212221265024,0.6629614636209412,high,4,0.0261763179022042,252,both,0920_open,500,281.34999999999997,342.5499999999993,-61.19999999999931,218.65000000000003
2024-11-29,23969.55,23988.05,0.0020249181906442,0.0512209295490326,0.002603319237324,-3.7196444466297303,-3.9336787937578577,-4.257003809021046,-0.0132644767024008,568.55,522.3,480.0,436.7,400.0,360.7,324.15,289.35,257.85,227.15,198.15,171.85,147.9,125.6,106.35,89.25,74.75,60.95,49.4,40.3,32.6,41.5,48.85,56.65,66.3,76.7,89.5,102.8,118.85,136.25,156.2,176.9,200.75,226.75,255.8,285.05,320.2,353.4,392.1,428.35,469.15,510.45,2024-12-05,0.0163054513494454,0.1276928006954404,4.986666666666666,24701.55,0.1498391636445083,23971.27186769373,23950,0.0171423135464231,0.0224517749616857,-3.7963856050378535,4.986666666666666,-2.9716070502100176,0.0020249181906442,2024,0.0221463629490679,0.0003226581378144,0.0003848753660669,0.1371944662067045,6.22172282525256e-05,0.8383444778803975,0.0126446974378038,-8.038917192098468,-7.8625910005880115,-4.066205395550156,0.000265949577045,0.6910018164135433,0.0252830827803733,0.0001189257890218,-0.1763261915104011,1,0,0,6000.0,375.0,19575.0,75.0,9825.0,9975.0,65075.0,44025.0,331025.0,400850.0,1066225.0,247050.0,419575.0,178925.0,445475.0,239250.0,513050.0,108600.0,322650.0,160950.0,425025.0,247950.0,168250.0,234700.0,71725.0,249975.0,95850.0,459575.0,126325.0,446025.0,329175.0,753100.0,210300.0,144450.0,47250.0,137225.0,14175.0,47500.0,7375.0,16000.0,2325.0,16200.0,0.1653919324789478,41.5,247950.0,0.1639948932108859,48.85,168250.0,0.1618551729668461,56.65,234700.0,0.1604917709323496,66.3,71725.0,0.1585346422724532,76.7,249975.0,0.1575149156288898,89.5,95850.0,0.1554829441422459,102.8,459575.0,0.154389158127809,118.85,126325.0,0.1528777476069449,136.25,446025.0,0.1518720791847082,156.2,329175.0,0.1498391636445083,375.05,1819325.0,0.148495240223289,171.85,247050.0,0.1473160872290208,147.9,419575.0,0.145712323873455,125.6,178925.0,0.1448476582535986,106.35,445475.0,0.1440372336642739,89.25,239250.0,0.1437930483056753,74.75,513050.0,0.1423800866697344,60.95,108600.0,0.1413705762651861,49.4,322650.0,0.1413034295168225,40.3,160950.0,0.1412454222198525,32.6,425025.0,0.0030385839624365,-0.0025230764154875,0.0055616603779241,0.0002577537734745,0.1500969174179828,0.0056437804977376,-0.0049915053909097,0.0106352858886473,0.0003261375534139,0.1501653011979222,0.0086954786279449,-0.0060461153388329,0.0147415939667778,0.001324681644556,0.1511638452890643,0.0120160093223377,-0.0084685873793221,0.0204845967016599,0.0017737109715078,0.1516128746160161,0.0155527688344395,-0.0085937414246557,0.0241465102590953,0.0034795137048918,0.1533186773494002,0.1493651748653602,-0.0120769290401926,0.0026875449998185,0.0003490785803402,0.6994322239408172,middle,5,0.02521587023243938,252,both,0920_open,500,300.95,500.0,-199.05,199.05
2024-12-06,24689.05,24698.0,-0.0016208077747914,0.0564511537668296,0.0023512764261889,-3.3605753604356865,-4.278564558260841,-4.200166075205947,0.0097634976848372,575.45,535.45,497.95,458.4,423.65,389.15,355.5,321.15,292.7,261.25,236.35,209.65,186.1,162.75,144.0,123.1,107.05,90.55,78.05,65.7,55.15,78.75,88.4,99.8,112.75,125.85,141.5,156.95,175.7,194.7,216.9,238.5,262.75,288.7,317.35,346.1,376.6,410.2,444.85,479.7,508.05,557.45,2024-12-12,0.0057049108413028,0.0755308601917315,4.986666666666666,24539.5,0.1842290085577959,24697.847787503928,24700,0.0171423135464231,0.0339403275941884,-3.3831513670662323,4.986666666666666,-2.8743795498561022,0.0016208077747914,2024,0.1086981483660643,0.0001128908282882,0.0005818157374878,0.0811511376499065,0.0004689249091996,0.194031926285877,0.1030778709078893,-9.089089327591203,-7.449356762616389,-4.066205395550156,0.0003871013923233,0.6653333132492312,0.0339571528728218,0.0001947143451645,-1.6397325649747785,1,0,1,5975.0,650.0,8675.0,6350.0,17675.0,13125.0,58750.0,20950.0,106225.0,136450.0,599300.0,204775.0,392425.0,118550.0,231850.0,83325.0,436625.0,93975.0,134225.0,62000.0,159775.0,116850.0,64250.0,194550.0,80900.0,166550.0,110575.0,275025.0,122550.0,275850.0,274950.0,621175.0,163450.0,109225.0,28075.0,27000.0,9950.0,26450.0,3500.0,2500.0,50.0,1450.0,0.1987298779491073,78.75,116850.0,0.1967425393237775,88.4,64250.0,0.1954422527973494,99.8,194550.0,0.1944773191647166,112.75,80900.0,0.1925137175384703,125.85,166550.0,0.1916272377181003,141.5,110575.0,0.1893985434911988,156.95,275025.0,0.1886815812396862,175.7,122550.0,0.1869314356836728,194.7,275850.0,0.1864499866157047,216.9,274950.0,0.1842290085577959,474.85,1220475.0,0.1819935020246211,209.65,204775.0,0.1808843596300183,186.1,392425.0,0.1785699411850353,162.75,118550.0,0.178575225608626,144.0,231850.0,0.1753909726950686,123.1,83325.0,0.1748663943288059,107.05,436625.0,0.1724645826665672,90.55,93975.0,0.1723300517036309,78.05,134225.0,0.1708986122354148,65.7,62000.0,0.1698611360268486,55.15,159775.0,0.0027024271258768,-0.0033446489277775,0.0060470760536544,-0.0003211109009503,0.1839078976568455,0.0051695349334029,-0.0056537829491698,0.0108233178825727,-0.0002421240078834,0.1839868845499124,0.0082847089806744,-0.0093626142289899,0.0176473232096644,-0.0005389526241577,0.1836900559336381,0.0112132442395535,-0.0118989568541649,0.0231122010937184,-0.0003428563073057,0.1838861522504901,0.0145008693913114,-0.0143678725309472,0.0288687419222587,6.649843018211032e-05,0.184295506987978,0.1841162673468452,-0.0181442343055504,-0.0022058843369458,0.0005229431482982,0.6641166319506274,middle,5,0.02489732549190162,252,both,0920_open,500,340.95000000000005,160.5,180.45000000000005,159.04999999999995
2024-12-17,24597.35,24592.75,0.0005509699511941,0.0047538927592556,0.0016445337353414,-4.866128162652871,-4.985864420299138,-4.428411408357917,-0.005383432433858,525.55,481.15,438.5,399.65,358.35,317.8,282.1,248.8,217.35,188.15,162.8,138.45,117.6,98.5,81.95,67.2,55.15,44.3,35.45,28.0,21.75,22.3,27.85,35.0,43.45,53.1,65.7,79.4,95.65,114.65,135.85,158.8,186.0,213.9,244.8,279.15,314.0,348.5,391.35,431.9,473.65,518.4,2024-12-19,0.0202302768496427,0.1422331777386792,2.986666666666667,23961.95,0.2084184437186306,24604.00148429359,24600,0.006183409436834,0.043438247682096,-3.136414942980033,2.986666666666667,-5.348791468301172,0.0005509699511941,2024,0.0661852659799514,0.0002397662441439,0.000268596470637,0.1969155523193735,2.883022649309154e-05,0.8926634202425758,0.011502891399257,-8.335846091985372,-8.222300413808803,-5.08588547082877,0.0001826330055208,0.6799531099111962,0.0365581178707666,8.596346511620216e-05,-0.1135456781766056,1,0,0,550.0,325.0,7825.0,2500.0,23250.0,19925.0,50425.0,41200.0,256000.0,269275.0,914525.0,284500.0,544975.0,281925.0,492225.0,217650.0,313975.0,228150.0,687850.0,216250.0,477450.0,335925.0,180625.0,335125.0,154150.0,357675.0,191850.0,379675.0,301925.0,648275.0,551925.0,976175.0,301625.0,282050.0,72650.0,81225.0,15400.0,12875.0,3350.0,11150.0,850.0,1300.0,0.2159291586595741,22.3,335925.0,0.2142145985822563,27.85,180625.0,0.2134469040582251,35.0,335125.0,0.2124234430508541,43.45,154150.0,0.2107316432262489,53.1,357675.0,0.2110237415637044,65.7,191850.0,0.2098879920677897,79.4,379675.0,0.2093946645505793,95.65,301925.0,0.2095410064185607,114.65,648275.0,0.2094273553356775,135.85,551925.0,0.2084184437186306,321.6,1890700.0,0.20768999413792,138.45,284500.0,0.2083329453973312,117.6,544975.0,0.2081337543225053,98.5,281925.0,0.2082848594150885,81.95,492225.0,0.2078776118563857,67.2,217650.0,0.20853675684469,55.15,313975.0,0.2081027741528691,44.3,228150.0,0.2082220263009863,35.45,687850.0,0.2081340319329453,28.0,216250.0,0.2076949905998043,21.75,477450.0,0.0011225626999301,-8.549832129939317e-05,0.0012080610212295,0.0005185321893153,0.2089369759079459,0.0014695483491591,-0.000133584303542,0.0016031326527011,0.0006679820228085,0.2090864257414391,0.0023131995076182,0.0001183131260594,0.0021948863815588,0.0012157563168389,0.2096342000354695,0.0050284603395945,-0.0001964174176442,0.0052248777572387,0.0024160214609751,0.2108344651796057,0.0075107149409435,-0.0007234531188262,0.0082341680597698,0.0033936309110586,0.2118120746296892,0.2085745009962856,-0.0018644160803241,0.0019737461032795,0.0003498429420924,0.6614974777480779,high,3,0.02645295803748464,252,both,0920_open,500,277.55,500.0,-222.45,222.45
2024-12-20,23925.5,23924.8,-0.0015620761408799,0.0596085779014404,0.0043029077239765,-3.332117267536717,-4.10971943116469,-4.393133953442601,-0.0104927311850199,580.75,538.3,511.65,469.75,430.8,395.75,358.0,320.1,292.0,259.45,230.75,207.2,180.45,157.6,138.25,119.95,103.35,90.8,77.1,66.5,57.65,43.25,50.15,58.6,67.4,78.85,90.1,105.0,121.0,138.55,156.9,179.25,200.15,228.0,257.5,285.45,318.25,355.9,384.25,423.5,465.7,504.0,2024-12-26,0.0148705759737348,0.1219449710883349,3.986666666666667,23760.3,0.1630405470172186,24001.55299699892,23950,0.0171423135464231,0.0265822199716738,-3.6275127088056687,3.986666666666667,-2.819955790746161,0.0015620761408799,2024,0.0410955759288836,0.0002352540855104,0.0004556807495144,0.1171477279348447,0.000220426664004,0.5162695280875845,0.0458928190823738,-8.3548444129741,-7.693718104355828,-4.066205395550156,0.0003100426996043,0.6803945524026201,0.0285548687481367,0.00014563804991,-0.6611263086182557,1,0,1,2575.0,25.0,6700.0,500.0,11675.0,8000.0,45900.0,15350.0,118225.0,88650.0,628200.0,375200.0,825325.0,160400.0,230475.0,107750.0,365100.0,120800.0,251725.0,90025.0,205875.0,192800.0,101250.0,293725.0,86900.0,165500.0,147425.0,252825.0,117675.0,349075.0,221075.0,737075.0,377025.0,539475.0,70125.0,62250.0,14900.0,54950.0,8475.0,11225.0,3200.0,9175.0,0.1739931053467367,43.25,192800.0,0.1721335547636488,50.15,101250.0,0.1709403311577819,58.6,293725.0,0.1688669067750674,67.4,86900.0,0.16828853230528,78.85,165500.0,0.1661288796735677,90.1,147425.0,0.1660107871698242,105.0,252825.0,0.1653638131655049,121.0,117675.0,0.1645569857823248,138.55,349075.0,0.162930134457844,156.9,221075.0,0.1630405470172186,410.0,1365275.0,0.1604419856863553,200.15,377025.0,0.1625163934367613,180.45,825325.0,0.1617568759507549,157.6,160400.0,0.1622897675081295,138.25,230475.0,0.1621628578370754,119.95,107750.0,0.1619458318128142,103.35,365100.0,0.1639025269468964,90.8,120800.0,0.1633400661820115,77.1,251725.0,0.1643893351121407,66.5,90025.0,0.165989588742918,57.65,205875.0,0.0015164387651062,-0.0005241535804572,0.0020405923455634,0.0004961425923245,0.1635366896095431,0.0029702401526056,-0.000750779509089,0.0037210196616946,0.0011097303217582,0.1641502773389768,0.0052479852880614,-0.0010947152044044,0.0063427004924658,0.0020766350418285,0.1651171820590471,0.0078997841405633,0.0002995191647929,0.0076002649757703,0.0040996516526781,0.1671401986698967,0.0109525583295181,0.0029490417256994,0.0080035166038187,0.0069508000276087,0.1699913470448273,0.1622359555928876,-0.0035646781728068,0.0072642277791805,0.0006524764498752,0.6738347858603544,middle,4,0.027255095985245482,252,both,0920_open,500,309.1,189.70000000000073,119.3999999999993,190.89999999999998
2024-12-27,23822.9,23827.5,0.0009091805023991,0.0153943427933403,0.0017378400876887,-4.7022613065323275,-4.175444399706673,-4.512686237353306,0.0012613010759201,551.05,506.35,466.45,424.3,383.65,346.0,310.95,276.55,244.2,213.75,185.7,158.7,135.35,114.0,94.8,77.2,62.5,50.35,39.85,31.5,24.7,38.55,45.6,53.85,63.0,73.6,86.0,99.25,115.45,132.8,152.4,173.6,197.85,223.9,251.9,279.8,316.55,349.8,389.7,422.0,468.95,513.95,2025-01-02,0.0102364947706664,0.1011755640985827,4.986666666666666,24167.95,0.1445743704232999,23812.11245172208,23800,0.0171423135464231,0.0209017485832935,-3.8679224592386134,4.986666666666666,-4.173755188134283,0.0009091805023991,2024,0.0433988063247171,0.0002025634414936,0.0003583043278833,0.1087040728535209,0.0001557408863897,0.5653390867206405,0.0358702975697789,-8.504457429156691,-7.9341278547887715,-4.066205395550156,0.0002492167522533,0.6955449121298044,0.0240003065383742,0.0001090875756299,-0.5703295743679073,1,0,1,75.0,2700.0,1125.0,12900.0,5850.0,25800.0,13425.0,104625.0,95325.0,451725.0,370200.0,404775.0,161175.0,295725.0,147000.0,181275.0,90900.0,439350.0,99825.0,303450.0,161625.0,59175.0,163125.0,67200.0,388800.0,101400.0,229650.0,122475.0,304425.0,196125.0,703725.0,332925.0,219825.0,57225.0,158100.0,15600.0,12825.0,3600.0,10875.0,150.0,2400.0,225.0,0.1604965656512625,38.55,59175.0,0.1589715775523885,45.6,163125.0,0.1575584092347486,53.85,67200.0,0.1557716704245569,63.0,388800.0,0.1541058413537672,73.6,101400.0,0.1527389552819139,86.0,229650.0,0.1506507832415552,99.25,122475.0,0.149623808817285,115.45,304425.0,0.1479423353303391,132.8,196125.0,0.14646399292353,152.4,703725.0,0.1445743704232999,359.29999999999995,703125.0,0.1423280794477442,158.7,404775.0,0.1412067058140362,135.35,161175.0,0.1398634140332472,114.0,295725.0,0.1384185541445852,94.8,147000.0,0.1363779449630532,77.2,181275.0,0.134980655429858,62.5,90900.0,0.134115655080291,50.35,439350.0,0.1330182869742031,39.85,99825.0,0.1325110813335078,31.5,303450.0,0.1321721539554359,24.7,161625.0,0.0033679649070392,-0.0033676646092636,0.0067356295163029,1.501488878230539e-07,0.1445745205721877,0.0060764128182553,-0.0061558162787146,0.01223222909697,-3.970173022968537e-05,0.1445346686930702,0.0095314709304673,-0.0095937149934419,0.0191251859239092,-3.11220314873073e-05,0.1445432483918126,0.0129840388114486,-0.0115560834490967,0.0245401222605454,0.0007139776811759,0.1452883481044758,0.0159221952279626,-0.0124022164678639,0.0283244116958266,0.0017599893800493,0.1463343598033492,0.1441635090610479,-0.0144795746225184,-9.634946084800212e-05,0.0002559797679767,0.6920520819091044,low,5,0.0260374056118018,252,both,0920_open,500,296.04999999999995,367.9500000000007,-71.90000000000077,203.95000000000005
2025-01-03,24176.05,24169.25,-0.0008620860539194,0.0775373090522749,0.0023887276871118,-4.619026216966481,-4.623298524068375,-4.549721099319946,0.0170785960379814,556.0,514.15,469.05,427.0,392.25,352.0,315.15,280.7,249.0,218.95,190.75,167.9,142.0,119.3,100.55,83.0,68.85,57.2,45.1,35.85,28.3,40.25,46.95,54.65,63.6,74.45,84.6,99.45,115.1,132.3,153.35,174.85,197.0,224.75,254.1,284.45,318.85,351.3,387.0,430.55,464.5,512.2,2025-01-09,0.0145355276815189,0.1205633762032189,4.986666666666666,23557.2,0.1446321240971914,24215.91636218025,24200,0.0171423135464231,0.0209184513208653,-3.867123671164992,4.986666666666666,-2.556996051335942,0.0008620860539194,2025,0.0240687478939724,0.0002876342514755,0.0003585906514478,0.129534538769572,7.095639997230235e-05,0.8021242336190147,0.0150975853276194,-8.153820845065415,-7.933329066715152,-4.066205395550156,0.0002493976533181,0.69549401890754,0.0240143070946011,0.0001091929981297,-0.2204917783502967,1,0,0,600.0,9375.0,3525.0,47100.0,7800.0,30900.0,19500.0,110100.0,46575.0,212925.0,380925.0,744900.0,239550.0,354225.0,169950.0,301800.0,117750.0,369300.0,126975.0,259275.0,145800.0,64275.0,147150.0,70950.0,353475.0,93225.0,207675.0,114600.0,453150.0,132750.0,301725.0,385875.0,485025.0,78825.0,161025.0,18825.0,36075.0,3900.0,22050.0,300.0,3000.0,150.0,0.1608953218441673,40.25,64275.0,0.1588033593061844,46.95,147150.0,0.1566964159885858,54.65,70950.0,0.1547102500780307,63.6,353475.0,0.1533317971028781,74.45,93225.0,0.1499071909556937,84.6,207675.0,0.1494024843794391,99.45,114600.0,0.148000068280697,115.1,453150.0,0.1463228841652321,132.3,132750.0,0.1461420378092747,153.35,301725.0,0.1446321240971914,365.6,766800.0,0.1458546485490121,167.9,744900.0,0.1429229988119719,142.0,239550.0,0.1407414703166964,119.3,354225.0,0.139987351683676,100.55,169950.0,0.1384034700245027,83.0,301800.0,0.1380305921030652,68.85,117750.0,0.1383169789834912,57.2,369300.0,0.1362140266429342,45.1,126975.0,0.1353390496132609,35.85,259275.0,0.1347219672054582,28.3,145800.0,0.0016907600680407,-0.0017091252852194,0.0033998853532602,-9.182608589342056e-06,0.144622941488602,0.0047703602822477,-0.0046447724135153,0.009415132695763,6.279393436620095e-05,0.1446949180315576,0.0086996730056866,-0.0066015319941261,0.0153012049998128,0.0010490705057802,0.1456811946029717,0.0120642918913944,-0.0084180974542572,0.0204823893456516,0.0018230972185686,0.14645522131576,0.0162631977469759,-0.0099101568917331,0.026173354638709,0.0031765204276213,0.1478086445248128,0.1444961957048458,-0.0108659959474565,4.62963898918759e-05,0.0008471597046781,0.6945019603524268,low,5,0.02609297052796276,252,both,0920_open,500,297.05,500.0,-202.95,202.95
2025-01-17,23178.2,23185.5,-0.0041046966961844,0.2274322970459091,0.0053951052335815,-4.848383581008934,-4.294624612882226,-4.355371105442678,0.0052684921204789,539.2,508.5,456.6,420.0,378.1,340.2,304.45,272.0,239.6,210.2,183.2,158.0,134.0,114.2,95.5,80.6,66.25,54.5,44.25,36.45,29.3,39.9,47.2,55.35,65.2,75.7,88.45,103.5,119.15,137.7,157.0,180.65,205.0,233.5,259.3,293.8,321.95,363.25,400.0,442.0,481.35,527.0,2025-01-23,0.0159175509826517,0.1261647771077637,4.986666666666666,23216.3,0.1502735784204445,23202.552624123247,23200,0.0171423135464231,0.0225821483712854,-3.790595579911254,4.986666666666666,-1.4809026802840282,0.0041046966961844,2025,0.0241088013126807,0.0003149822257942,0.0003871102679324,0.1355527418548162,7.212804213815042e-05,0.8136757195220101,0.0147208365656283,-8.062994346780581,-7.856800975461414,-4.066205395550156,0.0002673520584488,0.6906354095869299,0.0253895070191824,0.0001197582094836,-0.2061933713193381,1,0,0,600.0,525.0,5250.0,675.0,6525.0,5025.0,84975.0,26775.0,156900.0,249375.0,822375.0,306450.0,656400.0,215250.0,455700.0,218625.0,484950.0,164700.0,484050.0,178200.0,324975.0,197400.0,125700.0,277125.0,142875.0,422850.0,195450.0,638700.0,247425.0,630000.0,615825.0,1233675.0,342000.0,384900.0,76125.0,112125.0,16350.0,75150.0,2850.0,20625.0,0.0,2475.0,0.1645746470036274,39.9,197400.0,0.1630565493697748,47.2,125700.0,0.1612038644826604,55.35,277125.0,0.159875093756521,65.2,142875.0,0.1577613762640638,75.7,422850.0,0.156404643595942,88.45,195450.0,0.1556062438243228,103.5,638700.0,0.1537030627517967,119.15,247425.0,0.1526604861269991,137.7,630000.0,0.1505380397772875,157.0,615825.0,0.1502735784204445,363.85,2056050.0,0.1491123687843557,158.0,306450.0,0.147100656790608,134.0,656400.0,0.1467651180193187,114.2,215250.0,0.1455021892867722,95.5,455700.0,0.1458223055815164,80.6,218625.0,0.1448025189476616,66.25,484950.0,0.1445408643906696,54.5,164700.0,0.1440701052424008,44.25,484050.0,0.1448185383156434,36.45,178200.0,0.1447199574969574,29.3,324975.0,0.0023869077065546,-0.0031729216298365,0.0055598293363911,-0.0003930069616409,0.1498805714588035,0.0053326654038783,-0.0047713891336723,0.0101040545375506,0.000280638135103,0.1505542165555475,0.0074877978436193,-0.0054710594727828,0.0129588573164022,0.0010083691854182,0.1512819476058627,0.0109302860622159,-0.0062034731780437,0.0171337592402596,0.0023634064420861,0.1526369848625306,0.0143010685831829,-0.005553620923487,0.0198546895066699,0.0043737238298479,0.1546473022502924,0.1498235773120458,-0.0101967153851544,0.0033808074124608,0.0004150333046929,0.6886611943858616,middle,5,0.026459218205436678,252,both,0920_open,500,294.65000000000003,16.299999999999272,278.35000000000076,205.34999999999997
2025-01-27,22927.3,22915.05,-0.0005843163977572,0.025281204509913,0.001799165187353,-4.386486892627118,-4.392663339207067,-4.4018584149394,-0.005439836852405,555.0,471.5,470.5,444.25,389.85,349.9,314.85,278.55,245.95,215.9,188.5,161.9,139.35,118.4,99.55,83.5,69.2,57.25,47.1,38.6,31.5,28.65,34.4,42.25,50.0,59.65,71.6,84.65,100.5,118.1,138.25,160.0,184.2,210.3,239.55,272.75,305.95,340.2,378.9,419.45,460.8,502.0,2025-01-30,0.0143465951160946,0.1197772729531553,3.986666666666667,23297.95,0.2010312185419198,22978.515262647,22950,0.0089231354642313,0.0404135508284491,-3.208590133708816,3.986666666666667,-3.6776940640856615,0.0005843163977572,2025,0.0812539455887645,0.0002269646528948,0.0003606155886328,0.1594851936243594,0.000133650935738,0.6293811472634595,0.0415460249175603,-8.390716266727265,-7.927698018421036,-4.719107884712219,0.0002429229686044,0.6736341308077999,0.0360344089207057,0.0001176926200284,-0.4630182483062274,1,0,1,1475.0,0.0,20325.0,725.0,4250.0,3000.0,25825.0,23550.0,130550.0,97000.0,439550.0,465050.0,552650.0,253800.0,512075.0,218725.0,572025.0,306500.0,540925.0,339275.0,461175.0,107825.0,108700.0,364900.0,93275.0,191800.0,138350.0,282050.0,172975.0,524975.0,228600.0,751925.0,554875.0,591750.0,86300.0,247775.0,39250.0,163300.0,19350.0,40775.0,5075.0,12625.0,0.2144850683505173,28.65,107825.0,0.2120310237710429,34.4,108700.0,0.2115508878496132,42.25,364900.0,0.2086253752055319,50.0,93275.0,0.2066736243629858,59.65,191800.0,0.2058262668865856,71.6,138350.0,0.204075841822124,84.65,282050.0,0.2035343481478175,100.5,172975.0,0.2026176817382849,118.1,524975.0,0.2021885802045127,138.25,228600.0,0.2010312185419198,348.5,1191475.0,0.1991326825824599,161.9,465050.0,0.1992660159876944,139.35,552650.0,0.1986125939837712,118.4,253800.0,0.1977885117704006,99.55,512075.0,0.1977798807138084,83.5,218725.0,0.1974138336065065,69.2,572025.0,0.1977134160875305,57.25,306500.0,0.198193258776965,47.1,540925.0,0.1989264442697711,38.6,339275.0,0.1998199919762658,31.5,461175.0,0.0015864631963651,-0.0017652025542253,0.0033516657505905,-8.936967893014014e-05,0.2009418488629896,0.0030446232802041,-0.0032427067715191,0.0062873300517233,-9.904174565750212e-05,0.2009321767962623,0.005642405821066,-0.0036173849354133,0.0092597907564793,0.0010125104428263,0.2020437289847461,0.0105196693076934,-0.0028379597649547,0.0133576290726482,0.0038408547713693,0.2048720733132891,0.0134538498085975,-0.0012112265656539,0.0146650763742514,0.0061213116214717,0.2071525301633915,0.2002798043222227,-0.0066010687569778,0.0026655590049981,0.0003526120014793,0.643840957451864,high,4,0.025096655141311718,252,both,0920_open,500,288.35,347.9500000000007,-59.600000000000705,211.64999999999998
2025-01-31,23301.2,23294.8,0.0001931413371385,0.0118904202566639,0.0016243630961066,-4.74130736239486,-4.190831336636935,-4.316880781913042,0.005239483821661,679.95,645.2,609.35,571.3,536.05,501.5,469.75,436.6,406.1,377.75,349.55,321.85,296.75,271.95,248.4,226.5,206.55,187.0,168.45,151.2,135.7,128.5,140.4,153.0,168.25,182.7,199.15,214.6,233.85,252.8,274.55,295.25,319.15,341.4,366.8,393.85,423.6,453.8,484.1,511.6,546.7,581.65,2025-02-06,0.0177559157582057,0.1332513255401452,5.986666666666666,23628.05,0.2642854653587459,23354.355878389153,23300,0.0171423135464231,0.0698468071998889,-2.661450903702699,5.986666666666666,-4.4320222235160305,0.0001931413371385,2025,0.1310341398186006,0.0004218204325626,0.001197335869237,0.1568660963416188,0.0007755154366743,0.3522991696819776,0.107419369017127,-7.770930849739917,-6.727656299252856,-4.066205395550156,0.0007456644951833,0.6227696959070049,0.0557225854401228,0.0004516713740537,-1.0432745504871666,1,0,1,2325.0,1350.0,2250.0,1650.0,17625.0,22050.0,11475.0,30000.0,69900.0,77400.0,234300.0,124350.0,156300.0,49575.0,139575.0,41775.0,185100.0,43800.0,122100.0,36600.0,95550.0,69525.0,23400.0,60375.0,25050.0,127950.0,35400.0,76500.0,39750.0,170175.0,166800.0,302250.0,121050.0,59250.0,15450.0,29700.0,7800.0,7425.0,3375.0,3600.0,1200.0,825.0,0.2783084128915055,128.5,69525.0,0.2767003936041826,140.4,23400.0,0.2749031240407338,153.0,60375.0,0.2747116431779129,168.25,25050.0,0.2728268942196305,182.7,127950.0,0.2718225232129219,199.15,35400.0,0.2690095187076118,214.6,76500.0,0.268540211881029,233.85,39750.0,0.2668359605079807,252.8,170175.0,0.2664924791789106,274.55,166800.0,0.2642854653587459,644.8,536550.0,0.2637152308124619,319.15,121050.0,0.2615549192750311,296.75,156300.0,0.2599710021013233,271.95,49575.0,0.2583778334507929,248.4,139575.0,0.2571062536308502,226.5,41775.0,0.2564282323099513,206.55,185100.0,0.2550318099068416,187.0,43800.0,0.2534186464909087,168.45,122100.0,0.2518618066715598,151.2,36600.0,0.2508176380133709,135.7,95550.0,0.0025504951492348,-0.0027305460837147,0.0052810412329495,-9.002546723996252e-05,0.2641954398915059,0.0047240533488658,-0.0059076319079529,0.0106316852568188,-0.0005917892795435,0.2636936760792023,0.0085414288608846,-0.0078572330487945,0.0163986619096792,0.000342097906045,0.2646275632647909,0.0106176586819879,-0.0108668188678371,0.0214844775498251,-0.0001245800929246,0.2641608852658212,0.0140229475327595,-0.0134678273453749,0.0274907748781345,0.0002775600936922,0.2645630254524382,0.2628838255222055,-0.0225622672460504,-0.0007205543408276,0.0004630076200798,0.5353823103426602,high,6,0.02534382530314648,252,both,0920_open,500,380.59999999999997,328.0499999999993,52.55000000000069,119.40000000000003
2025-02-07,23583.9,23583.25,-0.0027776972302911,0.0681231275641313,0.0043355848693388,-5.492567793893391,-4.250742943077934,-4.321963840273188,-0.0024812544961047,573.1,530.35,488.95,444.0,405.55,370.55,334.2,300.6,267.85,236.45,209.0,182.9,158.45,136.6,116.0,98.05,82.3,67.9,56.0,45.85,36.85,44.5,51.8,60.15,70.55,81.6,93.95,109.0,124.65,142.1,162.2,183.7,207.0,232.65,261.15,290.85,322.9,355.65,393.5,430.2,465.3,511.8,2025-02-13,0.014777377765049,0.1215622382364237,4.986666666666666,23019.4,0.1591552381858443,23625.32603541889,23600,0.0171423135464231,0.0253303898419928,-3.675750424562199,4.986666666666666,-2.6864385116736105,0.0027776972302911,2025,0.0375929999494205,0.0002924200679432,0.0004342214849245,0.1306077264725068,0.0001418014169812,0.6734352815225022,0.0285475117133374,-8.137319200626683,-7.741955820112357,-4.066205395550156,0.0002967503247725,0.6834077425350393,0.0275840234789457,0.000137471160152,-0.3953633805144949,1,0,1,375.0,300.0,2700.0,900.0,8700.0,11400.0,31725.0,19650.0,122475.0,128775.0,535050.0,322125.0,363450.0,155550.0,321900.0,114375.0,169575.0,84825.0,420825.0,69750.0,138525.0,318300.0,143400.0,267675.0,127725.0,254850.0,237375.0,717825.0,211125.0,563400.0,509400.0,1200600.0,403275.0,327300.0,50700.0,140850.0,4350.0,24150.0,2475.0,8550.0,75.0,1875.0,0.1727990900132393,44.5,318300.0,0.1710214068419501,51.8,143400.0,0.1692504559898865,60.15,267675.0,0.1684295749001381,70.55,127725.0,0.1668643629872067,81.6,254850.0,0.1651872033033345,93.95,237375.0,0.1645688383248542,109.0,717825.0,0.162967746087222,124.65,211125.0,0.1614095551032408,142.1,563400.0,0.1605082659693071,162.2,509400.0,0.1591552381858443,392.7,1735650.0,0.1580837306691679,182.9,322125.0,0.1566919869760823,158.45,363450.0,0.1557433123129494,136.6,155550.0,0.1541112788630387,116.0,321900.0,0.1529994579213897,98.05,114375.0,0.1521018516199131,82.3,169575.0,0.1506708387637605,67.9,84825.0,0.1499566552703843,56.0,420825.0,0.1493877269300516,45.85,69750.0,0.1483759806653393,36.85,138525.0,0.0022543169173965,-0.0024632512097619,0.0047175681271584,-0.0001044671461827,0.1590507710396616,0.0054136001390099,-0.0050439593228055,0.0104575594618155,0.0001848204081022,0.1593400585939465,0.0077091248013624,-0.0070533865659311,0.0147625113672936,0.0003278691177156,0.1594831073035599,0.0100952178040422,-0.0091985829154599,0.0192938007195022,0.0004483174442911,0.1596035556301354,0.013643851827395,-0.0107792575205049,0.0244231093478999,0.001432297153445,0.1605875353392893,0.1585651110993928,-0.012112434512566,0.0003671257395479,0.0001880355418812,0.6606942358032227,middle,5,0.025214463966624683,252,both,0920_open,500,311.34999999999997,500.0,-188.65000000000003,188.65000000000003
2025-02-14,23092.05,23090.5,-0.0001450206296671,0.0310200488965364,0.0021868998205009,-4.342568115349335,-4.261640894142246,-4.305749169910086,-0.0016667683318417,560.0,515.35,470.0,430.2,392.25,352.5,317.4,279.1,248.85,217.7,188.65,162.4,137.35,116.65,97.3,80.55,65.15,52.75,41.85,33.05,26.35,31.0,37.1,44.55,53.15,62.7,75.3,87.85,103.55,119.3,138.75,159.4,183.0,210.6,237.3,270.4,305.0,335.35,374.5,411.0,450.55,496.25,2025-02-20,0.0158314777231035,0.1258232002577568,4.986666666666666,22906.25,0.1439639046278559,23129.28010023725,23100,0.0171423135464231,0.0207256058356983,-3.876385346267478,4.986666666666666,-3.4731215449443225,0.0001450206296671,2025,0.018140704370099,0.0003132789771661,0.0003552848336751,0.1351857481531346,4.200585650894153e-05,0.881768506484144,0.0087781564747212,-8.06841646354646,-7.942590741817639,-4.066205395550156,0.0002473082079815,0.6960843372439856,0.0238524164091091,0.0001079766256935,-0.1258257217290136,1,0,0,1275.0,600.0,4350.0,675.0,40350.0,5550.0,25500.0,19275.0,187350.0,216150.0,806700.0,469200.0,599250.0,247650.0,418200.0,234450.0,320325.0,131550.0,532350.0,238425.0,369000.0,223200.0,79800.0,369825.0,195975.0,441750.0,192300.0,413325.0,297675.0,870825.0,562800.0,1269675.0,414675.0,378975.0,48150.0,84750.0,7800.0,15150.0,825.0,20625.0,150.0,6450.0,0.157658376024018,31.0,223200.0,0.1560329244466709,37.1,79800.0,0.1548012678392407,44.55,369825.0,0.1534667872244097,53.15,195975.0,0.1516821344864295,62.7,441750.0,0.1515080157207807,75.3,192300.0,0.1495751118791592,87.85,413325.0,0.1489200022866191,103.55,297675.0,0.1465776699157291,119.3,870825.0,0.1456804103093021,138.75,562800.0,0.1439639046278559,348.05,2076375.0,0.1429127733260157,162.4,469200.0,0.1409347990618845,137.35,599250.0,0.1406552921490344,116.65,247650.0,0.1395719735420302,97.3,418200.0,0.1388096115466341,80.55,234450.0,0.1372507556225681,65.15,320325.0,0.1366371011980785,52.75,131550.0,0.1355887560644118,41.85,532350.0,0.1349945240855445,33.05,238425.0,0.1353185074947278,26.35,369000.0,0.0026137652878732,-0.0030291055659713,0.0056428708538446,-0.000207670139049,0.1437562344888068,0.0056112072513033,-0.0043919310858256,0.010003138337129,0.0006096380827388,0.1445735427105947,0.0077182298585736,-0.0067131490052877,0.0144313788638614,0.0005025404266429,0.1444664450544988,0.0108373632113847,-0.008375148563444,0.0192125117748288,0.0012311073239703,0.1451950119518262,0.0136944713961621,-0.008645397133128,0.0223398685292902,0.002524537131517,0.1464884417593729,0.1434704315985746,-0.0107666199618248,0.001331018244175,0.0004381189174804,0.6897176272410809,low,5,0.02576483482727076,252,both,0920_open,500,290.7,193.75,96.94999999999999,209.3
2025-02-24,22645.0,22625.2,0.0016108667359176,0.1810847340494137,0.0026739139434753,-4.834876884918912,-4.439188215852479,-4.2913912373935865,-0.0062140833104925,552.75,495.0,450.9,406.35,366.1,319.55,281.7,242.9,208.6,177.7,149.15,124.3,100.8,81.5,64.6,50.35,39.05,29.7,22.7,17.25,13.4,12.75,16.0,20.3,25.6,32.65,41.7,52.4,65.45,82.15,100.75,121.7,145.2,173.8,203.6,237.75,274.5,310.45,350.3,393.15,440.0,480.6,2025-02-27,0.0045820525791916,0.0676908603815287,2.986666666666667,22510.85,0.1581281058524053,22677.46470033895,22650,0.0089231354642313,0.0250044978604695,-3.688699555877814,2.986666666666667,-1.7087902133420756,0.0016108667359176,2025,0.0904372454708766,5.430580834597452e-05,0.000223118521624,0.0780125363970779,0.000168812713278,0.2433944432344277,0.0801155694553273,-9.820879369047516,-8.407807440590034,-4.719107884712219,0.0001570580345202,0.7039219934633838,0.0254585314221969,6.606048710384592e-05,-1.4130719284572535,1,0,1,0.0,6600.0,225.0,16050.0,1275.0,35250.0,14625.0,184725.0,144300.0,765075.0,851400.0,996750.0,531450.0,1218750.0,503850.0,883425.0,479850.0,1897950.0,489900.0,1983000.0,522225.0,269475.0,515925.0,330975.0,950250.0,354300.0,1053675.0,636675.0,1511850.0,874575.0,2381775.0,1548675.0,1775700.0,499350.0,707100.0,113850.0,311550.0,45375.0,140625.0,7725.0,27675.0,1425.0,0.1745552773730269,12.75,269475.0,0.1713032327889271,16.0,515925.0,0.1686674542940768,20.3,330975.0,0.1659331679937424,25.6,950250.0,0.1641261528384639,32.65,354300.0,0.162956686038184,41.7,1053675.0,0.1613527501326321,52.4,636675.0,0.1600279166751473,65.45,1511850.0,0.1602543810677025,82.15,874575.0,0.1594607985072719,100.75,2381775.0,0.1581281058524053,270.85,2400075.0,0.1582841635802249,124.3,996750.0,0.1565605375707959,100.8,531450.0,0.1563678320517533,81.5,1218750.0,0.1556774698593165,64.6,503850.0,0.1549689495647719,50.35,883425.0,0.1550532770787244,39.05,479850.0,0.1548596303515383,29.7,1897950.0,0.1556878887585764,22.7,489900.0,0.1567496920055547,17.25,1983000.0,0.1590648038824867,13.4,522225.0,0.0021262752152972,-0.0015675682816093,0.0036938434969066,0.0002793534668439,0.1584074593192492,0.0032246442802268,-0.0024506359930888,0.0056752802733156,0.0003870041435689,0.1585151099959743,0.0059980469860586,-0.0030748287736808,0.0090728757597395,0.0014616091061888,0.1595897149585942,0.0105393484416715,-0.0024402170938288,0.0129795655355003,0.0040495656739213,0.1621776715263266,0.0164271715206215,0.0009366980300813,0.0154904734905401,0.0086819347753514,0.1668100406277567,0.1578963298213306,-0.0048570746974055,0.0013035143359681,0.000387465660105,0.6900906753288957,middle,3,0.0261763179022042,252,both,0920_open,500,244.70000000000005,139.15000000000146,105.54999999999859,255.29999999999995
2025-03-10,22578.35,22576.35,0.0025321245578151,0.3213112201894316,0.0036207251637077,-4.33190085239913,-4.2265414193983935,-4.477638618245586,0.0003439388577189,486.15,439.65,395.3,354.75,311.4,272.35,237.4,203.55,171.6,143.6,118.45,93.95,75.1,58.25,44.25,33.4,24.9,18.55,13.2,9.35,6.45,19.0,23.75,29.75,36.55,46.05,57.45,70.65,86.95,105.35,127.05,151.0,180.15,209.35,242.4,277.5,315.9,358.75,404.6,446.1,499.05,544.9,2025-03-13,0.0088900088084209,0.0942868432413608,3.986666666666667,22383.3,0.157648785134101,22567.43256845053,22600,0.0089231354642313,0.0248531394542579,-3.694771198231801,3.986666666666667,-1.1353450922455566,0.0025321245578151,2025,0.0633619418927402,0.0001406408800908,0.0002217679300617,0.1255443130389113,8.112704997088332e-05,0.6341804247878181,0.0321044720951896,-8.869300866290363,-8.413879082944021,-4.719107884712219,0.0001561941733164,0.7043136186236104,0.0253445728686345,6.557375674529843e-05,-0.4554217833466553,1,0,1,3150.0,600.0,7425.0,4875.0,34800.0,27450.0,200700.0,150600.0,959250.0,952425.0,1380150.0,897150.0,875625.0,647775.0,1044225.0,569625.0,816225.0,675225.0,641550.0,395175.0,578400.0,415200.0,317100.0,703200.0,362175.0,880875.0,471975.0,826650.0,505275.0,1525050.0,900225.0,847875.0,207450.0,170250.0,36150.0,50850.0,7050.0,8400.0,1875.0,9675.0,375.0,525.0,0.1775019410758947,19.0,415200.0,0.1746459677635464,23.75,317100.0,0.1721172381935693,29.75,703200.0,0.1686538720273908,36.55,362175.0,0.1671751326302451,46.05,880875.0,0.1656354986539067,57.45,471975.0,0.1635981219201064,70.65,826650.0,0.1624868180278153,86.95,505275.0,0.1607206552003474,105.35,1525050.0,0.1595733092515228,127.05,900225.0,0.157648785134101,269.45,2228025.0,0.1539547465134289,93.95,897150.0,0.1534473547341674,75.1,875625.0,0.1518062508980368,58.25,647775.0,0.1502398384139778,44.25,1044225.0,0.1496404248792852,33.4,569625.0,0.1493905024997835,24.9,816225.0,0.1499000366714964,18.55,675225.0,0.1491827387197286,13.2,641550.0,0.1490597728799811,9.35,395175.0,0.1487016236232756,6.45,578400.0,0.0030718700662464,-0.0042014303999335,0.0072733004661799,-0.0005647801668435,0.1570840049672574,0.0059493367860054,-0.0074089467201231,0.0133582835061286,-0.0007298049670588,0.1569189801670421,0.0095263474961441,-0.0082582826343174,0.0177846301304616,0.0006340324309133,0.1582828175650143,0.0144684530594683,-0.0084660464143724,0.0229344994738407,0.0030012033225479,0.1606499884566489,0.0198531559417937,-0.0089471615108253,0.028800317452619,0.0054529972154842,0.1631017823495852,0.1579467085460299,-0.0110624077764705,0.0013561139923751,0.000696161581008,0.6878951535012638,middle,4,0.0261763179022042,252,both,0920_open,500,244.0,216.70000000000073,27.299999999999272,256.0
2025-03-25,23726.3,23717.4,-0.001063595748579,0.0317286251701891,0.0016563403533209,-4.233184195700085,-4.736488283264116,-4.6144387910233995,0.0135448107102149,552.8,507.85,460.0,419.25,375.0,335.0,293.8,257.05,222.55,192.5,163.1,138.85,115.9,95.05,77.85,63.75,52.1,42.2,34.4,27.6,22.0,18.8,22.55,27.1,33.2,39.85,48.9,60.15,73.9,89.6,107.95,130.0,152.6,179.75,211.75,244.95,280.9,319.0,358.25,398.0,442.5,484.45,2025-03-27,0.0120583379424884,0.1098104637203961,2.986666666666667,23601.05,0.1958341118217693,23783.112282529437,23750,0.006183409436834,0.0383509993530212,-3.260974692759471,2.986666666666667,-3.450536003345958,0.001063595748579,2025,0.0860236481013731,0.0001429136348739,0.0002371399313114,0.1520277368313905,9.422629643754931e-05,0.6026552933686143,0.0438063749903787,-8.853270062087313,-8.346860163588241,-5.08588547082877,0.0001630944121314,0.6877560064617527,0.0334268146986069,7.4045519180084e-05,-0.5064098984989643,1,0,1,11925.0,5625.0,22050.0,10500.0,26250.0,22050.0,120075.0,90375.0,228225.0,213600.0,866550.0,973950.0,987000.0,484275.0,557700.0,356475.0,1089000.0,363150.0,613575.0,354600.0,912600.0,501075.0,223350.0,700200.0,347475.0,637350.0,382200.0,1077375.0,417750.0,1022175.0,685575.0,1636725.0,1215825.0,862275.0,165000.0,126300.0,41925.0,79125.0,4275.0,6375.0,1425.0,4950.0,0.2222048733964814,18.8,501075.0,0.2174112055851023,22.55,223350.0,0.2127060349057107,27.1,700200.0,0.2093849676984401,33.2,347475.0,0.2047017199612007,39.85,637350.0,0.2019919347072362,48.9,382200.0,0.2000601157128941,60.15,1077375.0,0.1988509358455262,73.9,417750.0,0.197151928473215,89.6,1022175.0,0.1957514949004045,107.95,685575.0,0.1958341118217693,293.1,2503275.0,0.1972147357709873,138.85,973950.0,0.1967131713980262,115.9,987000.0,0.1954126437967349,95.05,484275.0,0.1955972345887155,77.85,557700.0,0.1968697373076552,63.75,356475.0,0.1987020635594428,52.1,1089000.0,0.2003461484759411,42.2,363150.0,0.2029445849751081,34.4,613575.0,0.2047542900420857,27.6,354600.0,0.2065179502959951,22.0,912600.0,0.0013178166514457,0.0008790595762569,0.0004387570751888,0.0010984381138513,0.1969325499356206,0.0042260038911248,-0.0002368772330537,0.0044628811241785,0.0019945633290355,0.1978286751508048,0.0088676081394314,0.0028679517376735,0.0059996564017579,0.0058677799385525,0.2017018917603218,0.0168719230839413,0.0071104731533387,0.0097614499306026,0.01199119811864,0.2078253099404093,0.0263707615747121,0.0106838384742258,0.0156869231004863,0.018527300024469,0.2143614118462383,0.1957569800853489,-0.0021132811394622,0.0078194352502329,0.0006770334717889,0.6443954249406606,high,3,0.026389594096335817,252,both,0920_open,500,252.3,148.95000000000073,103.34999999999928,247.7
2025-04-11,22766.05,22766.3,0.0030707761720765,0.0740012229827637,0.0038500482352011,-3.855864942409202,-3.045572618674373,-4.220549614611621,-0.0056396310266629,638.25,592.85,555.0,514.65,475.75,437.65,401.55,367.25,333.9,300.0,271.25,242.55,216.85,192.75,170.0,149.8,130.55,115.65,101.0,88.05,76.8,71.5,79.2,88.4,97.65,109.15,120.2,133.45,148.35,164.75,183.4,202.3,224.35,248.15,274.05,303.45,331.35,365.4,397.65,432.3,471.05,508.05,2025-04-17,0.0293537025524754,0.1713292227043463,3.986666666666667,23837.75,0.1978122153733515,22819.02095423448,22750,0.0171423135464231,0.0391296725509132,-3.2408742110311395,3.986666666666667,-2.603673659120429,0.0030707761720765,2025,0.0264829926690052,0.000464378680592,0.0006707731158366,0.1645892322539336,0.0002063944352445,0.6923036562264073,0.0332229831194178,-7.674810216618797,-7.307079606581296,-4.066205395550156,0.0004405088404388,0.6567180914659322,0.0375088658221877,0.0002302642753977,-0.3677306100376248,1,0,1,450.0,13425.0,7800.0,102150.0,25125.0,135375.0,21750.0,97425.0,68625.0,300300.0,369825.0,658650.0,226950.0,391125.0,258675.0,743325.0,158775.0,249450.0,208050.0,488175.0,162825.0,97200.0,238800.0,132225.0,347850.0,138525.0,480825.0,117900.0,313050.0,210675.0,493050.0,436500.0,689700.0,109800.0,130800.0,24600.0,86550.0,5850.0,15150.0,2325.0,11850.0,975.0,0.2244117522833807,71.5,97200.0,0.2211760168781249,79.2,238800.0,0.2186958468506778,88.4,132225.0,0.2152555781078576,97.65,347850.0,0.2131141608279644,109.15,138525.0,0.2094248296096337,120.2,480825.0,0.2067433439576457,133.45,117900.0,0.2043902284803919,148.35,313050.0,0.202130623077415,164.75,210675.0,0.2005332385002097,183.4,493050.0,0.1978122153733515,473.55,806325.0,0.1963849800776899,224.35,689700.0,0.1947156943250229,216.85,226950.0,0.1936237920348094,192.75,391125.0,0.1922107276287148,170.0,258675.0,0.191512790976799,149.8,743325.0,0.1901545626172386,130.55,158775.0,0.1912981273586636,115.65,249450.0,0.1912915714506489,101.0,208050.0,0.1915480755151559,88.05,488175.0,0.1922021102043057,76.8,162825.0,0.0043184077040635,-0.0030965210483286,0.0074149287523921,0.0006109433278674,0.198423158701219,0.0089311285842942,-0.0056014877446367,0.0145326163289309,0.0016648204198287,0.1994770357931802,0.0153019454546129,-0.0076576527561128,0.0229595982107257,0.00382214634925,0.2016343617226015,0.0208836314773263,-0.0065206439227025,0.0274042754000288,0.0071814937773118,0.2049937091506634,0.0265995369100292,-0.0056101051690458,0.032209642079075,0.0104947158704916,0.2083069312438432,0.1957326749651107,-0.0186845938296654,0.0130637895886504,0.0002666353129351,0.6309948636177436,high,4,0.028353087416208702,252,both,0920_open,500,325.25,500.0,-174.75,174.75
2025-04-21,23959.4,23953.2,0.0004696186664257,0.0639792373156565,0.0038794468454969,-4.256155673249756,-3.694614141209166,-4.06490450060574,0.0171123708761306,528.35,484.8,440.55,401.0,359.95,322.35,284.75,248.05,219.15,186.95,162.65,136.35,117.0,96.7,80.8,68.2,55.6,46.65,38.05,31.7,26.25,39.35,44.85,52.05,60.0,70.15,80.7,94.1,110.85,127.45,148.95,171.0,198.65,225.7,258.15,292.1,326.15,359.15,405.95,441.0,485.9,529.45,2025-04-24,0.0097161917037542,0.0985707446647037,3.986666666666667,24245.05,0.1849328229596111,23941.64552831219,23950,0.0089231354642313,0.0342001490078108,-3.375525277969535,3.986666666666667,-2.749196665199891,0.0004696186664257,2025,0.0863620782949073,0.0001537111809218,0.0003051725624935,0.1312483905414668,0.0001514613815717,0.5036861101333564,0.0536844324181443,-8.780435164965809,-8.094633162681756,-4.719107884712219,0.0002087424797381,0.6840145720587631,0.0319838109068239,9.643008275546132e-05,-0.6858020022839204,1,0,1,3750.0,40200.0,5925.0,21675.0,21375.0,84450.0,52650.0,167400.0,126975.0,420975.0,805275.0,1440525.0,386850.0,572475.0,273975.0,629250.0,198075.0,423900.0,162375.0,321000.0,167325.0,178050.0,669000.0,238425.0,352275.0,216450.0,412650.0,297300.0,647475.0,320700.0,626100.0,686325.0,781800.0,103575.0,122550.0,22125.0,41475.0,4425.0,6075.0,450.0,3975.0,0.0,0.2166998301828063,39.35,178050.0,0.2115069104837308,44.85,669000.0,0.2076694297296251,52.05,238425.0,0.2032904947804432,60.0,352275.0,0.2002683789729437,70.15,216450.0,0.1958110560173947,80.7,412650.0,0.1929463960220687,94.1,297300.0,0.1918293904054081,110.85,647475.0,0.1881296129775761,127.45,320700.0,0.1875175372164729,148.95,626100.0,0.1849328229596111,333.65,1491600.0,0.1814954508748138,136.35,1440525.0,0.1831652085588002,117.0,386850.0,0.1810656925355218,96.7,572475.0,0.1814815557429464,80.8,273975.0,0.1835453814668714,68.2,629250.0,0.1831077350084515,55.6,198075.0,0.1855276810805919,46.65,423900.0,0.1862353755152499,38.05,162375.0,0.1886641193758811,31.7,321000.0,0.1908677766902396,26.25,167325.0,0.003196790017965,-0.0017676144008108,0.0049644044187759,0.000714587808577,0.1856474107681882,0.0080135730624576,-0.0034512672166646,0.0114648402791222,0.0022811529228964,0.1872139758825076,0.0153355560133326,-0.0018250879511595,0.0171606439644922,0.0067552340310865,0.1916880569906976,0.022736606770014,0.0013025525556387,0.0214340542143752,0.0120195796628264,0.1969524026224375,0.0317670072231952,0.0059349537306285,0.0258320534925667,0.0188509804769118,0.2037838034365229,0.1848298363220617,-0.0123382847915966,0.0136075114181675,0.0009150188244307,0.6606714811410033,middle,4,0.02745882167446776,252,both,0920_open,500,268.04999999999995,295.0499999999993,-26.999999999999318,231.95000000000005
2025-05-14,24664.1,24697.0,0.0019988791640374,0.0187308920180622,0.0037807988128494,-3.4424568634619837,-3.953975190313421,-4.038411833834133,-0.01324937331948,456.2,408.6,365.0,323.3,280.9,241.3,206.55,172.3,142.0,115.2,94.95,75.35,59.85,47.7,37.05,29.65,23.0,18.35,14.2,11.25,8.65,14.45,19.0,23.25,30.65,40.0,51.05,63.6,80.5,100.55,122.4,152.6,185.55,219.6,255.95,295.1,340.05,381.0,426.75,471.9,519.95,567.15,2025-05-15,0.0220707528309337,0.148562286031596,1.9866666666666664,25035.3,0.2110179996519829,24592.3380870684,24650,0.0034436834094368,0.0445285961771242,-3.1116236854739063,1.9866666666666664,-3.977581138563425,0.0019988791640374,2025,0.0624557136203869,0.0001739969403073,0.0001533423879006,0.2247807917138565,-2.0654552406687365e-05,1.1346956486686917,-0.0137627920618736,-8.656472843344808,-8.782837307366584,-5.671213621892677,0.0001067107812191,0.6958987836310833,0.0349856278663921,4.6631606681509074e-05,0.1263644640219058,0,1,0,23475.0,29100.0,117225.0,62775.0,228075.0,209400.0,1237800.0,1269075.0,4898100.0,4579875.0,5015850.0,2268150.0,2898375.0,1645050.0,1961550.0,1500150.0,3481725.0,989325.0,1503750.0,959625.0,1624200.0,1031175.0,599925.0,1114650.0,816450.0,1522200.0,876825.0,1644450.0,943350.0,2186775.0,1781100.0,1334550.0,318300.0,384975.0,63600.0,71400.0,30600.0,117225.0,3525.0,9900.0,6825.0,4050.0,0.2336208969589838,14.45,1031175.0,0.2307417058199761,19.0,599925.0,0.2231528449874613,23.25,1114650.0,0.2212283346685306,30.65,816450.0,0.2194804794156264,40.0,1522200.0,0.2166859615358355,51.05,876825.0,0.2121332906386785,63.6,1644450.0,0.2107843512969645,80.5,943350.0,0.2095817257379529,100.55,2186775.0,0.2066888697380201,115.2,4579875.0,0.2110179996519829,247.55,6350400.0,0.2109133315939595,75.35,2268150.0,0.2128669809479187,59.85,2898375.0,0.216311960716362,47.7,1645050.0,0.2180479686983482,37.05,1961550.0,0.2230322250468864,29.65,1500150.0,0.2258594462568674,23.0,3481725.0,0.2309569794831882,18.35,989325.0,0.234191831998813,14.2,1503750.0,0.2389677216970601,11.25,959625.0,0.2421611699038743,8.65,1624200.0,-0.00143627391403,0.0018489812959358,-0.0032852552099658,0.0002063536909529,0.2112243533429358,0.0011152909866956,0.0070299690463653,-0.0059146780596697,0.0040726300165304,0.2150906296685134,0.0084624797636435,0.0148414466048845,-0.006378966841241,0.011651963184264,0.2226699628362469,0.0121348453354784,0.0231738323468301,-0.0110389870113516,0.0176543388411543,0.2286723384931372,0.0226028973070009,0.0311431702518914,-0.0085402729448905,0.0268730337794461,0.237891033431429,0.2093287970557031,-0.0011296490196509,0.0140282519146577,0.0010571538248406,0.6404741883785747,high,2,0.0274724582430775,252,both,0920_open,500,224.45000000000002,385.2999999999993,-160.84999999999926,275.54999999999995
2025-05-19,25027.85,25016.15,0.0008454614914237,0.0816840901559468,0.0037118025519571,-4.912386500955428,-3.7117539021585566,-4.208671383503137,-0.0008871413054557,559.85,525.05,472.3,434.75,392.35,353.4,316.45,281.6,248.5,218.45,190.8,165.15,141.55,121.05,102.65,86.1,72.2,60.9,50.5,41.8,34.85,36.55,42.05,48.75,57.3,66.55,78.2,91.2,106.35,123.7,142.45,164.45,188.95,216.75,244.75,277.8,310.7,348.1,384.15,425.75,459.0,509.95,2025-05-22,0.010914273704709,0.1044714013723805,3.986666666666667,24637.0,0.1878343407710838,25076.36411125433,25050,0.0089231354642313,0.0352817395729076,-3.344389741437029,3.986666666666667,-2.5048960310128203,0.0008454614914237,2025,0.0833629393987032,0.000172664964958,0.0003148237416227,0.139105201389905,0.0001421587766646,0.5484496311112976,0.0487291393811787,-8.664157459876515,-8.063497626149248,-4.719107884712219,0.0002147307041445,0.6820664256060537,0.0327070059791241,0.0001000930374782,-0.6006598337275467,1,0,1,5625.0,375.0,4275.0,2925.0,28050.0,8400.0,100425.0,40875.0,187125.0,283275.0,1709175.0,1136325.0,1203675.0,448050.0,1046625.0,468225.0,620550.0,393375.0,591975.0,409500.0,967500.0,389025.0,140400.0,261525.0,168450.0,306300.0,164625.0,449100.0,258300.0,366900.0,378975.0,1002975.0,446100.0,269925.0,57525.0,78975.0,16125.0,27750.0,5100.0,8925.0,450.0,9825.0,0.2113269799427834,36.55,389025.0,0.2071970155456326,42.05,140400.0,0.2036257561959754,48.75,261525.0,0.2012568193837333,57.3,168450.0,0.1980799427244945,66.55,306300.0,0.1962321540858588,78.2,164625.0,0.1940400821114905,91.2,449100.0,0.1923086775846471,106.35,258300.0,0.1908876106103496,123.7,366900.0,0.1887647557214452,142.45,378975.0,0.1878343407710838,355.25,2712150.0,0.1870088803798252,165.15,1136325.0,0.1859698192155203,141.55,1203675.0,0.185860207105753,121.05,448050.0,0.1856765224887749,102.65,1046625.0,0.1852074475136077,86.1,468225.0,0.1855507175825515,72.2,620550.0,0.186985168378232,60.9,393375.0,0.1874783385867209,50.5,591975.0,0.1883173487650777,41.8,409500.0,0.1899793304417745,34.85,967500.0,0.0030532698392658,-0.0018645215555634,0.0049177913948293,0.0005943741418512,0.188428714912935,0.0062057413404067,-0.0021578182823089,0.0083635596227156,0.0020239615290489,0.1898583023001327,0.0102456019534107,-0.0022836231885322,0.012529225141943,0.0039809893824392,0.191815330153523,0.0157914154248916,-0.0003560021843628,0.0161474176092545,0.0077177066202643,0.1955520473913481,0.0234926391716996,0.0021449896706907,0.0213476495010089,0.0128188144211951,0.2006531551922789,0.187418641222204,-0.0084366057751812,0.0086345975791742,0.000213665649896,0.6584865992279149,middle,4,0.028353087416208702,252,both,0920_open,500,283.84999999999997,413.0,-129.15000000000003,216.15000000000003
2025-05-26,25005.2,25026.0,0.0033772197748294,0.1898139204518396,0.0045750640116855,-4.586995237864456,-4.567858830833197,-4.29625804746643,0.0084131844620999,541.3,499.25,458.6,420.05,382.25,349.6,314.35,283.25,251.4,222.5,196.9,172.3,149.5,129.0,111.35,93.9,79.35,66.5,55.55,46.1,37.6,57.3,66.0,76.25,87.3,100.4,114.65,131.25,148.0,167.9,189.8,213.4,239.2,265.1,296.2,326.9,361.25,395.25,433.85,463.55,512.0,514.8,2025-05-29,0.0145677735532291,0.1206970320812784,3.986666666666667,24880.85,0.2178324613917541,24983.491163730683,25000,0.0089231354642313,0.04745098123599,-3.0480580747724693,3.986666666666667,-1.6617110527568757,0.0033772197748294,2025,0.0971354293104757,0.0002304637191754,0.0004234115334794,0.1607098663775442,0.000192947814304,0.54430194019884,0.0571225950142099,-8.3754171084568,-7.767165959484689,-4.719107884712219,0.0002810607713841,0.6638004616325175,0.0403557495409704,0.0001423507620952,-0.6082511489721246,1,0,1,9375.0,36075.0,27525.0,99000.0,49425.0,345525.0,204150.0,881850.0,680175.0,3049350.0,1610325.0,1676175.0,825975.0,1331025.0,853500.0,1029225.0,525300.0,863175.0,564975.0,1636650.0,432150.0,211200.0,449250.0,230475.0,551550.0,285150.0,649950.0,288375.0,610875.0,419625.0,1170300.0,346500.0,206250.0,44775.0,84525.0,11700.0,32400.0,5100.0,9525.0,150.0,21675.0,0.0,0.2352503530976739,57.3,211200.0,0.2329480676675081,66.0,449250.0,0.231220085295552,76.25,230475.0,0.228854515821662,87.3,551550.0,0.2273593022624657,100.4,285150.0,0.2254303706023259,114.65,649950.0,0.2243674898960325,131.25,288375.0,0.221568288665055,148.0,610875.0,0.2202995295079908,167.9,419625.0,0.2191776905942738,189.8,1170300.0,0.2178324613917541,410.3,1956825.0,0.2163088584012395,172.3,1676175.0,0.2146107073220749,149.5,825975.0,0.2132818974266449,129.0,1331025.0,0.2130196097296611,111.35,853500.0,0.2108070180435561,93.9,1029225.0,0.209883541756551,79.35,525300.0,0.208955354533764,66.5,863175.0,0.2084704555335478,55.55,564975.0,0.2080790402239517,46.1,1636650.0,0.2070297459217981,37.6,432150.0,0.0024670681162367,-0.0032217540696791,0.0056888221859159,-0.0003773429767212,0.2174551184150329,0.0065350285042784,-0.0048128516620929,0.0113478801663714,0.0008610884210927,0.2186935498128468,0.0095268408707116,-0.007948919635203,0.0174757605059147,0.0007889606177542,0.2186214220095084,0.0133876239037978,-0.0093620058582062,0.0227496297620041,0.0020128090227957,0.2198452704145499,0.0174178917059198,-0.0108027154699559,0.0282206071758757,0.0033075881179819,0.221140049509736,0.2180659003303653,-0.015011277698067,0.0029386950790192,0.0003499991375671,0.6152649394369714,high,4,0.02745882167446776,252,both,0920_open,500,315.4,119.15000000000146,196.24999999999852,184.60000000000002
2025-05-30,24805.55,24826.9,-0.0002660135298405,0.0275945972650919,0.0027332907857314,-4.196372333842785,-4.2715631393761555,-4.292534051905528,0.004984095091313,529.9,487.25,447.25,406.0,371.85,336.2,304.8,271.45,242.1,215.4,189.5,167.8,146.65,129.85,110.45,96.8,82.85,69.45,59.85,49.9,42.8,46.85,55.15,65.25,77.55,90.35,104.95,120.55,140.9,161.95,184.75,210.35,237.35,267.25,294.45,330.3,364.6,402.0,438.0,480.4,517.35,517.35,2025-06-05,0.0110425313622117,0.1050834495161426,4.986666666666666,24761.1,0.1544298406879516,24779.12854393345,24800,0.0171423135464231,0.0238485756949061,-3.7360307827222026,4.986666666666666,-3.590135276685596,0.0002660135298405,2025,0.0493463911718089,0.0002185135835696,0.0004088197621976,0.1129027453780422,0.0001903061786279,0.534498582933056,0.0415270953099094,-8.428662377993929,-7.80223617827236,-4.066205395550156,0.0002809376478137,0.68719194567187,0.0264120718693794,0.0001278821143839,-0.6264261997217805,1,0,1,150.0,4125.0,1575.0,36225.0,3975.0,47400.0,22350.0,189300.0,182700.0,1193775.0,657525.0,592050.0,204000.0,660300.0,173400.0,390000.0,162225.0,415950.0,177375.0,343500.0,133950.0,111000.0,338100.0,171525.0,464625.0,222825.0,479250.0,213000.0,583425.0,498150.0,1421550.0,430950.0,310800.0,39750.0,133350.0,7200.0,15450.0,2775.0,33525.0,75.0,4650.0,0.0,0.1578643527498572,46.85,111000.0,0.1566289754742901,55.15,338100.0,0.1559989532710004,65.25,171525.0,0.1561191576852926,77.55,464625.0,0.1552082465646615,90.35,222825.0,0.1544615952833527,104.95,479250.0,0.1531080875063794,120.55,213000.0,0.1541399109969175,140.9,583425.0,0.1541440558226483,161.95,498150.0,0.1539735035925424,184.75,1421550.0,0.1544298406879516,399.85,1088475.0,0.1554084879466275,167.8,592050.0,0.1553036842908989,146.65,204000.0,0.1571872282248535,129.85,660300.0,0.1554492922744659,110.45,173400.0,0.1570859494828623,96.8,390000.0,0.1570513886947786,82.85,162225.0,0.1559876778177335,69.45,415950.0,0.1572624261844782,59.85,177375.0,0.1567553079022179,49.9,343500.0,0.1581903229872402,42.8,133950.0,-0.0002857848653032,0.0008738436029473,-0.0011596284682506,0.000294029368822,0.1547238700567736,-0.0013217531815721,0.0010194515865143,-0.0023412047680864,-0.0001511507975288,0.1542786898904227,0.0007784058767099,0.002621548006827,-0.0018431421301171,0.0016999769417684,0.15612981762972,0.0015691125830488,0.0028325854965266,-0.0012634729134778,0.0022008490397877,0.1566306897277393,0.0034345120619056,0.0037604822992886,-0.0003259702373829,0.0035974971805971,0.1580273378685487,0.154496252149962,0.0022458813402402,0.0040012472956197,0.0006382691164959,0.6990330784469206,middle,5,0.0279127728296431,252,both,0920_open,500,310.2,38.900000000001455,271.29999999999853,189.8
2025-06-09,25107.6,25110.05,-0.0020489739258318,0.074774084484594,0.0022005289235131,-4.60167795565578,-4.55035614214821,-4.323176720086274,0.0096139514722878,532.65,487.7,447.9,402.15,362.45,324.6,288.1,251.7,219.1,189.5,161.85,137.0,116.2,96.45,78.2,64.0,52.25,41.9,33.4,26.6,20.65,26.35,31.65,37.9,45.4,54.5,64.7,77.4,92.7,109.95,130.3,152.25,178.45,205.0,237.35,268.8,306.3,343.65,379.15,423.35,461.65,506.1,2025-06-12,0.0045364565809537,0.0673532224986581,3.986666666666667,24856.0,0.1660428233025426,25109.605141102147,25100,0.0089231354642313,0.0275702191702793,-3.5910191043850155,3.986666666666667,-2.5932839181439675,0.0020489739258318,2025,0.0986896008038845,7.176722315900299e-05,0.0002460128004349,0.0896818024536603,0.0001742455772759,0.2917214999874764,0.0763610208488822,-9.542082688102584,-8.310126989097238,-4.719107884712219,0.0001716311709214,0.6976513848790579,0.0273546782231433,7.438162951353152e-05,-1.2319556990051488,1,0,1,4350.0,6375.0,13200.0,23025.0,48525.0,20250.0,83925.0,66600.0,380025.0,218250.0,1070400.0,683250.0,767025.0,425175.0,472275.0,249300.0,397725.0,298950.0,817800.0,200025.0,420525.0,518025.0,398175.0,582150.0,395925.0,591000.0,304050.0,609675.0,582225.0,935775.0,339900.0,1171350.0,571575.0,357000.0,64425.0,50100.0,15075.0,13125.0,1875.0,10575.0,300.0,675.0,0.1863385403595691,26.35,518025.0,0.1835308288998271,31.65,398175.0,0.1806608444197577,37.9,582150.0,0.1779686677156529,45.4,395925.0,0.1756620568889255,54.5,591000.0,0.1727642914786884,64.7,304050.0,0.1708649364193993,77.4,609675.0,0.169683051456865,92.7,582225.0,0.1682204191426173,109.95,935775.0,0.1675874913066802,130.3,339900.0,0.1660428233025426,314.1,2241750.0,0.165195649352766,137.0,683250.0,0.1659847768605568,116.2,767025.0,0.1652466329701827,96.45,425175.0,0.1634150771893022,78.2,472275.0,0.1636289508547498,64.0,249300.0,0.164374034853884,52.25,397725.0,0.164491437533385,41.9,298950.0,0.1648610258924062,33.4,817800.0,0.1656737970281346,26.6,200025.0,0.1656549089473597,20.65,420525.0,0.0021775958400747,-5.80464419858151e-05,0.0022356422820605,0.0010597746990444,0.167102598001587,0.0048221131168567,-0.0026277461132403,0.007449859230097,0.0010971835018082,0.1671400068043508,0.0096192335863829,-0.0016687884486586,0.0112880220350415,0.0039752225688621,0.1700180458714047,0.0146180211172151,-0.0011817974101363,0.0157998185273515,0.0067181118535394,0.172760935156082,0.0202957170570265,-0.0003879143551828,0.0206836314122093,0.0099539013509218,0.1759967246534644,0.1661462024540648,-0.0067595958600288,0.0055930616173134,0.0005414457869121,0.6890036246064218,middle,4,0.027216872417544922,252,both,0920_open,500,267.1,244.0,23.100000000000023,232.89999999999998
2025-06-13,24604.6,24613.15,0.0052227207722801,0.1966994383970567,0.0060618904849093,-4.758761403961443,-5.092663676500463,-4.5895791631378575,-0.0108358335133877,572.85,519.25,488.05,448.1,408.6,370.6,333.4,298.55,266.4,234.25,206.25,180.2,154.95,134.1,113.9,96.55,81.8,68.4,57.45,47.7,40.05,53.8,60.8,69.4,78.4,88.6,99.2,113.95,128.25,145.3,166.6,185.95,209.6,235.9,263.6,293.05,325.85,361.0,399.55,436.4,479.35,518.05,2025-06-19,0.0054868861972721,0.074073518866543,4.986666666666666,24744.7,0.1525813769476553,24620.320890079187,24600,0.0171423135464231,0.0232810765912424,-3.7601144118598966,4.986666666666666,-1.626078408715466,0.0052227207722801,2025,0.0785078580811122,0.0001085764781894,0.0003990915146253,0.0795853550521311,0.0002905150364359,0.2720590997564244,0.0729960218955241,-9.128055765181488,-7.826319807410057,-4.066205395550156,0.0002748581927821,0.6887096886542022,0.0259563280406985,0.0001242333218431,-1.301735957771312,1,0,1,1200.0,150.0,7275.0,1650.0,25500.0,16875.0,81600.0,50850.0,441375.0,267000.0,1152600.0,484800.0,741675.0,209475.0,660225.0,355200.0,578175.0,240675.0,945525.0,292275.0,577125.0,229575.0,143325.0,390150.0,194325.0,472125.0,231450.0,544650.0,236850.0,1096650.0,417750.0,1310025.0,289050.0,276900.0,130125.0,176325.0,30750.0,83925.0,17325.0,198075.0,39075.0,48675.0,0.1762606541112571,53.8,229575.0,0.1733304784452933,60.8,143325.0,0.1711362708410831,69.4,390150.0,0.1682505701834976,78.4,194325.0,0.1654331526448242,88.6,472125.0,0.1618487922395759,99.2,231450.0,0.1607024816555838,113.95,544650.0,0.1578081059407934,128.25,236850.0,0.1558073242996581,145.3,1096650.0,0.1557215804832969,166.6,417750.0,0.1525813769476553,392.2,2462625.0,0.1514403829075763,180.2,484800.0,0.1493170464307031,154.95,741675.0,0.1490317650686294,134.1,209475.0,0.1476217839015747,113.9,660225.0,0.1469006380807442,96.55,355200.0,0.1467982560388041,81.8,578175.0,0.1462983974179771,68.4,240675.0,0.1465963617389842,57.45,945525.0,0.146600920431812,47.7,292275.0,0.1475384739410167,40.05,577125.0,0.0032259473520028,-0.0032643305169521,0.006490277868955,-1.9191582474625823e-05,0.1525621853651806,0.0081211047079285,-0.0049595930460805,0.013080697754009,0.001580755830924,0.1541621327785793,0.0128517756971689,-0.0057831209088511,0.0186348966060201,0.0035343273941589,0.1561157043418142,0.0185548938934278,-0.0059850152086711,0.0245399091020989,0.0062849393423783,0.1588663162900336,0.0236792771636018,-0.0050429030066385,0.0287221801702404,0.0093181870784816,0.1618995640261369,0.1521395120346381,-0.0145585044710436,0.0079157782541295,0.0005317523965105,0.6484137934057804,middle,5,0.02506547775373678,252,both,0920_open,500,298.34999999999997,144.70000000000073,153.64999999999924,201.65000000000003
2025-07-31,24680.35,24702.7,0.0015429051234514,0.1430700555321441,0.0026377101368092,-5.184344876484311,-4.928914864934692,-5.2407155472473415,0.0005697036587941,466.95,419.55,368.85,319.95,271.35,226.4,180.4,140.7,101.95,69.85,45.5,28.75,18.1,11.35,8.05,5.45,4.0,3.05,2.55,2.15,1.95,1.9,2.3,3.3,4.5,7.05,10.45,16.35,24.15,37.35,55.6,81.1,113.6,151.9,197.55,240.9,291.05,339.65,387.55,439.0,485.65,535.0,2025-07-31,0.0100029088060105,0.1000145429725626,0.9866666666666668,24765.6,0.2360690911666352,24664.398496315276,24700,0.0007039573820395,0.0557286158042411,-2.887261515242952,0.9866666666666668,-1.9444208698572991,0.0015429051234514,2025,0.1360545481940726,3.916482812935328e-05,3.923057048623867e-05,0.2358712066383998,6.574235688538914e-08,0.9983242059426984,0.0001978845282353,-10.147731455528165,-10.146054255757326,-7.258792740514372,2.8656608277633217e-05,0.7304662645088326,0.0343071675715924,1.0573962208605452e-05,-0.0016771997708399,1,0,0,3375.0,1575.0,20775.0,7125.0,135225.0,84525.0,733950.0,644475.0,3603375.0,5613825.0,10852275.0,5200950.0,5786850.0,3693375.0,3814200.0,2274300.0,3129150.0,1483350.0,1981725.0,796950.0,1840125.0,1737675.0,985050.0,1569375.0,1405350.0,2417850.0,2202975.0,4247550.0,2855850.0,6418425.0,5904975.0,6025725.0,1907325.0,2045550.0,694950.0,555600.0,129525.0,147300.0,26475.0,40425.0,3450.0,33975.0,0.3561462392434247,1.9,1737675.0,0.3334793778282063,2.3,985050.0,0.3193560488283782,3.3,1569375.0,0.3012740118173473,4.5,1405350.0,0.2914328190585138,7.05,2417850.0,0.2775603536393739,10.45,2202975.0,0.2683711965073163,16.35,4247550.0,0.2542290255902403,24.15,2855850.0,0.2473889002478227,37.35,6418425.0,0.2396169786153947,55.6,5904975.0,0.2360690911666352,126.6,16878000.0,0.238754083592846,28.75,5200950.0,0.2461539400659588,18.1,5786850.0,0.2552755986065096,11.35,3693375.0,0.2738378708130746,8.05,3814200.0,0.2877518929039824,5.45,2274300.0,0.3057491304327322,4.0,3129150.0,0.32467172924126,3.05,1483350.0,0.3476481076261534,2.55,1981725.0,0.3698728961055075,2.15,796950.0,0.3953448264107921,1.95,1840125.0,0.0113198090811875,0.0100848488993236,0.0012349601818638,0.0107023289902555,0.2467714201568907,0.032302105340681,0.0377687796464394,-0.0054666743057583,0.0350354424935602,0.2711045336601954,0.0553637278918786,0.069680039266097,-0.0143163113742183,0.0625218835789878,0.298590974745623,0.083286957661743,0.1115790164595182,-0.0282920587977751,0.0974329870606306,0.3335020782272658,0.1200771480767895,0.1592757352441569,-0.0391985871673674,0.1396764416604732,0.3757455328271084,0.239431972695221,-0.0045995303305828,0.0164210105032264,0.002868595072603,0.6505031177303668,high,1,0.0260374056118018,252,both,0920_open,500,122.74999999999999,65.59999999999854,57.15000000000144,377.25
2025-08-04,24642.75,24624.35,0.0017750998066939,0.0221075317947534,0.0032484516237027,-4.53454356362384,-4.625395548910253,-5.122747001860156,-0.0078419056952311,566.05,518.8,478.0,434.5,389.65,347.0,307.3,267.75,231.75,197.85,167.5,139.6,115.35,93.4,75.2,59.7,47.2,37.0,29.0,22.65,17.85,15.05,18.2,22.2,27.2,33.25,40.95,49.8,61.4,75.05,91.35,110.75,132.05,157.9,186.0,217.95,251.8,290.4,329.1,371.85,414.5,459.0,2025-08-07,0.0063812886624528,0.0798829685380612,3.986666666666667,24626.65,0.1476730520201052,24706.780391411132,24650,0.0089231354642313,0.0218073302929327,-3.8255091137377266,3.986666666666667,-3.811836923326865,0.0017750998066939,2025,0.067790083482044,0.0001009526619086,0.000194589762317,0.1063653428606937,9.363710040842846e-05,0.5187973956417503,0.0413077091594114,-9.20085884496818,-8.544616998449946,-4.719107884712219,0.000138703458584,0.7127993627848638,0.0229964658587834,5.5886303733005354e-05,-0.6562418465183015,1,0,1,375.0,0.0,8325.0,1275.0,14250.0,9075.0,59550.0,49050.0,404325.0,468825.0,1851300.0,1459950.0,1710900.0,906675.0,1205625.0,612000.0,810225.0,537375.0,1017900.0,324375.0,434100.0,265275.0,200625.0,422175.0,257475.0,491100.0,354375.0,479550.0,417825.0,957150.0,660375.0,1638975.0,940500.0,748950.0,165375.0,210750.0,42600.0,62025.0,5550.0,33675.0,375.0,4125.0,0.1737205162105957,15.05,265275.0,0.1699306714317644,18.2,200625.0,0.1665192035155532,22.2,422175.0,0.1633693521173574,27.2,257475.0,0.1601846155356688,33.25,491100.0,0.1575918917045102,40.95,354375.0,0.1544138968686575,49.8,479550.0,0.152532729216773,61.4,417825.0,0.1505304897644579,75.05,957150.0,0.1488382030729586,91.35,660375.0,0.1476730520201052,278.25,3490275.0,0.1455344399564844,132.05,940500.0,0.1458655015670109,115.35,1710900.0,0.1446880229003986,93.4,906675.0,0.1445015889399699,75.2,1205625.0,0.1443221811219765,59.7,612000.0,0.1448275873028872,47.2,810225.0,0.145530099629199,37.0,537375.0,0.1467867661131421,29.0,1017900.0,0.1482636791308261,22.65,324375.0,0.1504013765930097,17.85,434100.0,0.0028574377443527,-0.0018075504530942,0.004664988197447,0.0005249436456292,0.1481979956657344,0.0067408448485523,-0.0031714630801353,0.0099123079286876,0.0017846908842085,0.1494577429043137,0.0125115635155635,-0.0028454647172179,0.0153570282327815,0.0048330493991728,0.152506101419278,0.018846151495448,-0.000886285906963,0.019732437402411,0.0089799327942425,0.1566529848143477,0.0260474641904905,0.0027283245729045,0.023319139617586,0.0143878943816975,0.1620609464018027,0.1460839991069631,-0.006605138604592,0.0066662717259668,0.0002853388952185,0.6941032221755908,middle,4,0.0260374056118018,252,both,0920_open,500,245.34999999999997,23.349999999998545,222.00000000000142,254.65000000000003
2025-08-18,24945.05,24951.75,0.0002045159567241,0.0234498688387003,0.0026938899200442,-5.512292669335737,-5.093921708023757,-5.042106364470458,-0.0005827831409634,545.0,495.7,454.0,405.0,362.65,319.9,283.0,245.25,212.55,180.4,149.95,126.25,102.15,84.95,68.1,53.35,43.35,33.3,26.45,20.35,16.2,13.9,17.2,21.15,26.7,33.0,41.45,51.45,64.7,81.0,98.8,121.0,145.1,174.0,202.85,237.1,273.0,312.3,354.0,397.05,438.4,483.5,2025-08-21,0.0032336121210733,0.0568648584019462,3.986666666666667,25076.95,0.1435548280074332,24978.96550363616,24950,0.0089231354642313,0.0206079886442437,-3.882076480096656,3.986666666666667,-3.752890377337887,0.0002045159567241,2025,0.0866899696054869,5.115608593655645e-05,0.0001838878743179,0.0757163920087158,0.0001327317883813,0.2781917302938192,0.0678384359987173,-9.880629090502586,-8.601184364808876,-4.719107884712219,0.0001317561346144,0.7165025704015191,0.0220407266265402,5.2131739703460776e-05,-1.2794447256935642,1,0,1,5775.0,40500.0,9225.0,83850.0,69300.0,218325.0,99675.0,265650.0,240225.0,1017000.0,1281075.0,1899450.0,632550.0,814350.0,427575.0,796425.0,365475.0,588975.0,408225.0,528375.0,229500.0,301350.0,597675.0,224475.0,685800.0,533325.0,621975.0,387675.0,788325.0,537000.0,1210950.0,893250.0,832350.0,156000.0,146625.0,18000.0,42825.0,6675.0,34050.0,1500.0,3675.0,600.0,0.1620005118232761,13.9,301350.0,0.1587430682396282,17.2,597675.0,0.1552240493884335,21.15,224475.0,0.1530138835268966,26.7,685800.0,0.1499230434652178,33.0,533325.0,0.1479611492071608,41.45,621975.0,0.1456617951288679,51.45,387675.0,0.1448691030644345,64.7,788325.0,0.1447468306668997,81.0,537000.0,0.1432883233701072,98.8,1210950.0,0.1435548280074332,270.95,2174325.0,0.1450291738028507,126.25,1899450.0,0.1429492599424231,102.15,632550.0,0.1452900977689479,84.95,814350.0,0.1450491058703471,68.1,427575.0,0.1441932419650335,53.35,796425.0,0.1466310089199933,43.35,365475.0,0.1462006247371248,33.3,588975.0,0.1481475861740906,26.45,408225.0,0.1489135443273169,20.35,528375.0,0.15142313012595,16.2,229500.0,0.0011920026594665,-0.00060556806501,0.0017975707244766,0.0002932172972282,0.1438480453046614,0.0021069671214347,0.0014942778629139,0.0006126892585207,0.0018006224921743,0.1453554504996075,0.0063682154577846,0.0030761809125601,0.0032920345452245,0.0047221981851723,0.1482770261926055,0.0116692213810003,0.0045927581666574,0.0070764632143428,0.0081309897738288,0.151685817781262,0.0184456838158429,0.0078683021185168,0.0105773816973261,0.0131569929671798,0.156711820974613,0.1435926520872533,-0.0005943087172929,0.0053412483701867,0.0007817479171257,0.692498190463843,low,4,0.024770411222143757,252,both,0920_open,500,240.85,126.95000000000073,113.89999999999927,259.15
2026-01-22,25317.05,25329.3,-0.0010323289604703,0.0148612177719963,0.0020993757171549,-3.6589779017378654,-4.437394016914254,-5.206305173216989,-0.0022721216598427,504.1,454.25,417.85,373.95,327.35,284.65,251.15,213.7,179.2,155.1,127.8,105.35,81.75,67.15,52.6,41.0,33.4,26.4,21.05,16.2,13.0,25.15,29.65,33.85,40.55,47.9,60.5,70.5,86.9,105.4,120.95,144.4,169.9,207.2,235.95,274.45,316.0,348.15,399.05,445.05,488.65,535.35,2026-01-27,0.0160906789970118,0.1268490401895571,2.986666666666667,25234.1,0.1123604728364883,25283.385648822903,25300,0.0144025875190258,0.0126248758560392,-4.372086137054071,2.986666666666667,-4.209000293386932,0.0010323289604703,2026,-0.0144885673530687,0.0001907043436682,0.0001818308794334,0.1150694483495423,-8.873464234847674e-06,1.0488006452066676,-0.002708975513054,-8.564786268122349,-8.612433536775121,-4.240347399721049,0.0001308994607548,0.7198967588051716,0.0170262858462994,5.093141867861271e-05,0.0476472686525339,0,1,0,4160.0,9945.0,4745.0,91975.0,25610.0,135915.0,122265.0,481455.0,384930.0,1667185.0,1292070.0,1073020.0,658320.0,1060085.0,386100.0,558805.0,304265.0,366470.0,203190.0,463710.0,182650.0,223860.0,437385.0,268840.0,834275.0,301145.0,837915.0,539175.0,1026025.0,706290.0,1570530.0,695240.0,495820.0,119600.0,299585.0,16510.0,25935.0,8125.0,7540.0,1950.0,15665.0,2860.0,0.1383540338857651,25.15,223860.0,0.13493056446106,29.65,437385.0,0.1299525867190914,33.85,268840.0,0.1270561538763373,40.55,834275.0,0.1234406736472103,47.9,301145.0,0.1237282053603422,60.5,837915.0,0.1194487424714535,70.5,539175.0,0.119227137497596,86.9,1026025.0,0.1186112344932251,105.4,706290.0,0.1133352862343994,120.95,1570530.0,0.1123604728364883,272.2,1987310.0,0.1123377148704257,105.35,1073020.0,0.1088075116169193,81.75,658320.0,0.1106700027050094,67.15,1060085.0,0.1102419745566651,52.6,386100.0,0.1103590753890387,41.0,558805.0,0.1128594933371763,33.4,304265.0,0.1142433006053647,26.4,366470.0,0.1161213905788732,21.05,203190.0,0.1169722335041081,16.2,463710.0,0.1192460244515963,13.0,182650.0,0.0062507616567368,-0.0035529612195689,0.0098037228763058,0.0013489002185839,0.1137093730550722,0.0070882696349652,-0.0021184982798231,0.0092067679147884,0.002484885677571,0.1148453585140593,0.011080200810722,0.000499020500688,0.010581180310034,0.005789610655705,0.1181500834921933,0.0175921138826031,0.0037609177423849,0.0138311961402182,0.010676515812494,0.1230369886489823,0.0259935610492768,0.006885551615108,0.0191080094341688,0.0164395563321924,0.1288000291686807,0.1133283163721251,-0.0086288906956174,0.0069570687614091,0.0013889353251864,0.6906162634684958,low,3,0.020467305432967303,252,both,0920_open,500,234.04999999999998,65.90000000000146,168.14999999999853,265.95000000000005
2026-01-28,25335.45,25343.25,0.0030497198745062,0.0946195970009127,0.0043654247309599,-3.768011967213944,-4.1047829192064835,-5.034952090734365,0.0067337778065852,607.5,566.85,524.65,488.05,451.95,415.75,379.4,347.2,315.6,284.0,257.5,230.75,207.15,182.95,163.6,144.3,125.5,110.6,97.1,84.25,72.8,79.85,89.0,99.95,110.7,122.95,136.95,152.75,168.75,186.9,208.75,229.9,252.4,277.7,307.5,335.45,365.0,398.6,431.65,468.6,505.0,545.0,2026-02-03,0.0574417208619112,0.2396700249549602,5.986666666666666,25714.8,0.183954121867174,25377.62840227515,25350,0.0171423135464231,0.0338391189519231,-3.386137780282721,5.986666666666666,-2.3578906679203895,0.0030497198745062,2026,-0.0557159030877862,0.0013646207760316,0.0005800807872085,0.2821442944179664,-0.000784539988823,2.352466770358632,-0.0981901725507924,-6.596878708701307,-7.452343175832877,-4.066205395550156,0.0003448724253416,0.5945248195536117,0.0421154949394386,0.0002352083618668,0.8554644671316637,0,1,0,3055.0,10140.0,6240.0,120315.0,21450.0,137475.0,127465.0,501735.0,499850.0,1730820.0,1398085.0,1057030.0,547560.0,1422135.0,634140.0,646945.0,336635.0,602095.0,450320.0,559715.0,299130.0,81185.0,177775.0,115375.0,437385.0,170625.0,322920.0,235105.0,620360.0,418275.0,1099995.0,636740.0,319215.0,86515.0,156390.0,15145.0,30550.0,10595.0,12025.0,1885.0,5135.0,650.0,0.2012776240771042,79.85,81185.0,0.1990626622961716,89.0,177775.0,0.1976545822041128,99.95,115375.0,0.1950686157524016,110.7,437385.0,0.19285778051485,122.95,170625.0,0.1911203831650265,136.95,322920.0,0.1897865288506804,152.75,235105.0,0.1875039762870951,168.75,620360.0,0.1857904783825952,186.9,418275.0,0.1857446860696126,208.75,1099995.0,0.183954121867174,487.4,2034825.0,0.1824963339953471,230.75,1057030.0,0.1821803784850578,207.15,547560.0,0.1801465325612375,182.95,1422135.0,0.180581763964002,163.6,634140.0,0.179807999913348,144.3,646945.0,0.1781225340949165,125.5,336635.0,0.1783983158909451,110.6,602095.0,0.178676961314039,97.1,450320.0,0.17831057845498,84.25,559715.0,0.1780244816448896,72.8,299130.0,0.0018363565154211,-0.0017737433821161,0.0036100998975373,3.130656665253917e-05,0.1839854284338265,0.0058324069835064,-0.0033723579031719,0.0092047648866783,0.0012300245401672,0.1851841464073412,0.008903658647676,-0.0058315877722574,0.0147352464199334,0.0015360354377092,0.1854901573048832,0.0137004603369388,-0.0052771605531349,0.0189776208900737,0.0042116498919019,0.1881657717590759,0.0173235022099302,-0.0059296402222843,0.0232531424322146,0.0056969309938229,0.1896510528609969,0.1832743070437606,-0.0136772548682343,0.0074361921418325,0.0004584595184238,0.4960103737513636,high,6,0.02128689570595028,252,both,0920_open,500,334.75,364.7999999999993,-30.049999999999272,165.25
2026-02-04,25712.55,25732.3,0.0013875444347775,0.0745867246880944,0.0069265786551702,-1.574364507989284,-3.248530212237521,-4.38075802118675,0.024999973118958,527.9,479.1,437.85,399.7,360.05,323.5,289.95,257.95,226.65,198.2,172.65,147.55,128.6,109.95,94.2,78.75,67.85,56.75,47.65,40.15,33.9,46.1,53.95,61.3,71.5,83.9,95.95,111.25,128.0,149.0,169.25,193.55,222.2,248.7,281.0,313.75,351.1,386.1,427.45,470.5,509.35,554.25,2026-02-10,0.0073196124673922,0.0855547337520974,4.986666666666666,25916.8,0.1364548018559635,25679.07849248005,25700,0.0171423135464231,0.0186199129495502,-3.983523682248856,4.986666666666666,-2.5957927408506807,0.0013875444347775,2026,0.050900068103866,0.0001448431250161,0.0003191883859882,0.0919208911124996,0.0001743452609721,0.4537856995255243,0.0445339107434639,-8.839859297656663,-8.049729077799016,-4.066205395550156,0.0002111092730912,0.6613939678212358,0.0254813901476222,0.000108079112897,-0.7901302198574979,1,0,1,845.0,11375.0,5460.0,11960.0,8580.0,95875.0,31460.0,246090.0,273715.0,1119430.0,870155.0,924755.0,371020.0,574795.0,300040.0,851955.0,172965.0,261885.0,491985.0,345930.0,166270.0,114205.0,290030.0,121550.0,314210.0,173485.0,687310.0,376740.0,596050.0,491075.0,1230580.0,626600.0,647075.0,87620.0,135525.0,32630.0,86255.0,1430.0,7020.0,2535.0,23205.0,1690.0,0.1513838038322615,46.1,114205.0,0.1497798901589218,53.95,290030.0,0.1464995850616091,61.3,121550.0,0.1449240692242505,71.5,314210.0,0.1440373496840298,83.9,173485.0,0.1414700923635046,95.95,687310.0,0.1402461682287076,111.25,376740.0,0.1387034836997573,128.0,596050.0,0.1389056887857517,149.0,491075.0,0.1369598563691584,169.25,1230580.0,0.1364548018559635,366.2000000000001,1496755.0,0.13472658359044,147.55,924755.0,0.1360177798813578,128.6,371020.0,0.1359572789686446,109.95,574795.0,0.136632723438314,94.2,300040.0,0.1359615697140813,78.75,851955.0,0.1377939919241046,67.85,172965.0,0.1380118328366233,56.75,261885.0,0.1387853264872427,47.65,491985.0,0.1399596379099608,40.15,345930.0,0.1413742710629672,33.9,166270.0,0.0024508869297882,-0.0004370219746056,0.0028879089043938,0.0010069324775912,0.1374617343335547,0.0037913663727441,0.0001779215823505,0.0036134447903936,0.0019846439775473,0.1384394458335108,0.0075825478280663,0.0013391900681411,0.0062433577599252,0.0044608689481037,0.1409156708040672,0.0100447832056456,0.0023305246312792,0.0077142585743663,0.0061876539184624,0.1426424557744259,0.014929001976298,0.0049194692070037,0.0100095327692942,0.0099242355916508,0.1463790374476144,0.1365438475687337,-0.0056963452004097,0.0101036773123207,0.0005468393814995,0.6430086531273314,middle,5,0.020598236037694683,252,both,0920_open,500,286.20000000000005,216.79999999999927,69.40000000000077,213.79999999999995
2026-03-17,23393.2,23380.5,-0.0041651842361117,0.3038990343069645,0.0056811381085102,-3.4049638008582557,-3.504868120556838,-4.013582313034133,0.0079396030325956,484.9,436.25,386.8,339.0,293.75,247.85,206.65,166.7,129.05,98.25,71.55,52.2,35.45,24.45,16.5,10.75,7.4,5.15,3.7,2.75,2.25,3.5,4.6,6.1,8.65,11.85,17.15,24.05,34.25,48.55,66.15,90.0,119.8,153.9,192.5,233.55,280.75,326.55,374.0,423.8,476.0,520.55,2026-03-17,0.0218651101551668,0.1478685570199658,0.9866666666666668,23558.8,0.3249044729262245,23381.54922070272,23400,0.0007039573820395,0.1055629165274677,-2.2484481386317996,0.9866666666666668,-1.1910597567315508,0.0041651842361117,2026,0.1770359159062587,8.56094260043568e-05,7.431179435913044e-05,0.3487286341721987,-1.1297631645226368e-05,1.1520301284965306,-0.0238241612459741,-9.365715164005668,-9.507240879146172,-7.258792740514372,4.785447939427125e-05,0.6439688316904641,0.0641762082021417,2.6457314964859187e-05,0.1415257151405042,0,1,0,17745.0,2990.0,127205.0,25285.0,99515.0,79820.0,380445.0,294710.0,1284985.0,1810575.0,6110000.0,3665740.0,6882850.0,2657070.0,3206970.0,3459560.0,3321500.0,2173925.0,3111160.0,1512030.0,1806610.0,1611935.0,1090440.0,3228160.0,1621880.0,2205710.0,1326585.0,3008395.0,2206425.0,4044885.0,3439540.0,5897320.0,1704040.0,1749735.0,332800.0,397735.0,36855.0,71500.0,9360.0,60970.0,13455.0,3510.0,0.4289981907914702,3.5,1611935.0,0.4122927584363926,4.6,1090440.0,0.395537497634073,6.1,3228160.0,0.3841165530990661,8.65,1621880.0,0.3692989912401701,11.85,2205710.0,0.3604832064479293,17.15,1326585.0,0.3489016698984503,24.05,3008395.0,0.341082533803158,34.25,2206425.0,0.3360908015648141,48.55,4044885.0,0.3273103253397814,66.15,3439540.0,0.3249044729262245,161.55,12007320.0,0.3305120298227575,52.2,3665740.0,0.32775438493185,35.45,6882850.0,0.3334121871531311,24.45,2657070.0,0.3390381004257407,16.5,3206970.0,0.3432146499613093,10.75,3459560.0,0.3538435657456029,7.4,3321500.0,0.3653688108595592,5.15,2173925.0,0.3788995400862475,3.7,3111160.0,0.3941033744600091,2.75,1512030.0,0.4147365637561864,2.25,1806610.0,0.0111863286385896,0.0028499120056255,0.008336416632964,0.0070181203221075,0.331922593248332,0.0239971969722258,0.0141336274995161,0.0098635694727096,0.0190654122358709,0.3439698851620955,0.0443945183139456,0.0289390928193784,0.0154554254945671,0.036666805566662,0.3615712784928865,0.0706330247078485,0.053995067160023,0.0166379575478254,0.0623140459339358,0.3872185188601603,0.1040937178652457,0.0898320908299619,0.0142616270352838,0.0969629043476038,0.4218673772738283,0.3284608786441718,-0.0082903944742925,0.0155378640957369,0.0017883683494531,0.6754620377363826,high,1,0.022055225191919936,252,both,0920_open,500,155.8,158.79999999999927,-2.999999999999261,344.2
2026-03-24,22789.8,22776.05,-0.0040864114889238,0.1559019490380154,0.0054585823482434,-2.012533439667385,-3.1493803069821573,-3.625498096681427,-0.028142904474954,501.5,457.95,405.75,356.7,315.5,272.4,236.1,198.9,167.35,137.8,109.35,86.55,70.25,52.1,39.0,28.6,21.05,14.7,10.4,7.45,5.5,7.45,10.0,13.15,18.8,25.5,32.45,44.7,58.6,75.05,96.0,121.9,148.85,174.85,212.15,249.45,288.8,328.85,376.85,419.95,470.95,506.6,2026-03-24,0.0351635671699213,0.1875195114379337,0.9866666666666668,22958.4,0.4788139647465067,22787.449469908897,22800,0.0007039573820395,0.2292628128362689,-1.4728862791728208,0.9866666666666668,-1.8585280011491168,0.0040864114889238,2026,0.2912944533085729,0.0001376774587605,0.0001613912495232,0.4422402194373142,2.3713790762693276e-05,0.8530664405118212,0.0365737453091925,-8.890596863810224,-8.731679019687194,-7.258792740514372,9.049989869457128e-05,0.5607484851992803,0.1202630269280931,7.089135082866046e-05,-0.1589178441231121,1,0,0,10400.0,5070.0,35295.0,33605.0,331695.0,106340.0,357695.0,258180.0,1038765.0,1363245.0,4306185.0,2483390.0,3105245.0,1672125.0,5143775.0,1440855.0,2168725.0,1472705.0,3047980.0,1221220.0,2173730.0,1744145.0,1053975.0,2370095.0,1037465.0,3443830.0,1334840.0,2508545.0,1636440.0,3093025.0,3079505.0,4255355.0,1648660.0,1228240.0,364065.0,615225.0,40170.0,87750.0,14170.0,71760.0,12740.0,11570.0,0.5148613308166167,7.45,1744145.0,0.5050518318787619,10.0,1053975.0,0.4930895868791771,13.15,2370095.0,0.4936121562447629,18.8,1037465.0,0.4890260162594402,25.5,3443830.0,0.4747410720044928,32.45,1334840.0,0.4784177998906608,44.7,2508545.0,0.4758796325890602,58.6,1636440.0,0.471287220733858,75.05,3093025.0,0.4719856169061109,96.0,3079505.0,0.4788139647465067,231.25,8561540.0,0.476690792143748,86.55,2483390.0,0.4884046191657994,70.25,3105245.0,0.4778161999972866,52.1,1672125.0,0.4765103660697877,39.0,5143775.0,0.4754266115395627,28.6,1440855.0,0.4783115918416732,21.05,2168725.0,0.476203852697047,14.7,1472705.0,0.4785644302096911,10.4,3047980.0,0.4838689201921346,7.45,1221220.0,0.4929187051790524,5.5,2173730.0,-0.0075267440126486,0.0095906544192927,-0.0171173984319414,0.0010319552033219,0.4798459199498287,-0.0003961648558458,-0.002303598676719,0.0019074338208731,-0.0013498817662824,0.4774640829802242,0.0102120515129335,-0.0005023729048334,0.0107144244177669,0.00485483930405,0.4836688040505568,0.0142756221326703,-0.0002495345368156,0.014525156669486,0.0070130437979273,0.485827008544434,0.0360473660701099,0.0141047404325457,0.0219426256375642,0.0250760532513277,0.5038900179978345,0.4762728178499133,-0.0010722207503745,0.004101157840925,0.0048404900098844,0.5832194755605223,high,1,0.024218827176447258,252,both,0920_open,500,218.3,158.40000000000146,59.899999999998556,281.7
2026-03-25,23162.2,23182.35,0.0042486056942669,0.2224312920078351,0.0047426410271907,-2.3084845622170533,-2.853802848451384,-3.5150496190947127,0.0204952934354754,600.45,560.6,527.05,490.1,453.4,419.4,387.5,357.0,327.6,299.2,271.95,246.65,222.35,200.95,180.4,161.25,143.45,127.4,112.5,99.5,87.55,135.2,147.75,160.85,174.7,190.5,206.65,224.05,242.25,263.4,284.6,308.0,332.55,358.65,386.3,414.8,440.75,479.0,512.0,548.05,582.55,622.25,2026-03-30,0.0472186980228709,0.2172986378762438,2.986666666666667,22379.2,0.2617435691442462,23113.91883373889,23150,0.0144025875190258,0.0685096959883687,-2.680779996455371,2.986666666666667,-1.5031370250291551,0.0042486056942669,2026,0.0444449312680023,0.0005596290136043,0.0009867168923743,0.1971196183286918,0.0004270878787699,0.567162696746545,0.0646239508155543,-7.488236469475509,-6.921127396176421,-4.240347399721049,0.0005252993315509,0.5323708711288988,0.0707656475561634,0.0004614175608234,-0.5671090732992276,1,0,1,9100.0,14625.0,48425.0,11830.0,135330.0,44590.0,365300.0,126555.0,612430.0,733330.0,912340.0,234975.0,372645.0,210210.0,376155.0,244140.0,587470.0,101465.0,402740.0,227045.0,249990.0,193635.0,277875.0,171600.0,68965.0,198120.0,109330.0,459420.0,125840.0,567515.0,422955.0,481195.0,75465.0,75010.0,16315.0,69355.0,3640.0,43225.0,3705.0,3315.0,1040.0,8710.0,0.2869244307666725,135.2,193635.0,0.2846422009674291,147.75,277875.0,0.2819233783074374,160.85,171600.0,0.2789512962658995,174.7,68965.0,0.2768512581005199,190.5,198120.0,0.2740027314543148,206.65,109330.0,0.2712379507171774,224.05,459420.0,0.2680927656673215,242.25,125840.0,0.2664876964039288,263.4,567515.0,0.2637301475260519,284.6,422955.0,0.2617435691442462,579.95,1393535.0,0.2596475214270368,246.65,234975.0,0.2571853118781217,222.35,372645.0,0.2560979981866288,200.95,210210.0,0.2545073996460815,180.4,376155.0,0.2529264409487294,161.25,244140.0,0.2513210065947797,143.45,587470.0,0.2501298852153795,127.4,101465.0,0.2487852303251315,112.5,402740.0,0.2481685493340854,99.5,227045.0,0.2474291828591106,87.55,249990.0,0.0047441272596825,-0.0045582572661244,0.009302384525807,9.293499677903716e-05,0.2618365041410252,0.0094943815729312,-0.0072361694981646,0.0167305510710959,0.0011291060373833,0.2628726751816295,0.0151076889562737,-0.0104225625494664,0.0255302515057401,0.0023425632034036,0.2640861323476498,0.0201798091631912,-0.0129583388191146,0.0331381479823058,0.0036107351720383,0.2653543043162845,0.0251808616224263,-0.0143143862851355,0.0394952479075619,0.0054332376686453,0.2671768068128916,0.2631700733976724,-0.0320804267793616,0.0144699017660104,0.000241793436023,0.6179836459284089,high,3,0.03420874827606138,252,both,0920_open,500,357.20000000000005,500.0,-142.79999999999995,142.79999999999995
2026-04-01,22888.6,22894.7,-0.0005241777082409,0.2076098088031244,0.0040740805466476,-2.45620310766879,-2.698728408066581,-3.314160560878648,-0.0203595370867225,650.0,610.3,575.0,538.6,504.5,471.7,438.5,408.05,377.3,350.1,323.05,296.9,271.85,249.05,228.15,207.5,188.5,170.8,154.5,139.45,125.4,144.15,156.6,169.6,183.0,200.0,216.35,234.5,252.85,274.1,293.5,315.75,342.05,368.85,394.55,423.0,449.5,483.4,514.05,544.65,576.45,609.4,2026-04-07,0.0596561953588361,0.2442461777773322,3.986666666666667,23129.95,0.2672613478028307,22907.307512195963,22900,0.0171423135464231,0.0714286280293856,-2.6390565372041737,3.986666666666667,-1.5720948802366184,0.0005241777082409,2026,0.0230151700254984,0.0009437673234016,0.0012244519378705,0.2346376773721808,0.0002806846144688,0.7707671442318923,0.0326236704306498,-6.965630901647184,-6.705261932754331,-4.066205395550156,0.0006371209705194,0.5203315465590918,0.0744750192130567,0.000587330967351,-0.2603689688929081,1,0,0,28860.0,11050.0,89440.0,25025.0,54340.0,9360.0,109005.0,65975.0,392080.0,346970.0,825370.0,258505.0,790010.0,117585.0,234325.0,148850.0,418145.0,125710.0,230230.0,91585.0,197015.0,205010.0,60840.0,309075.0,74880.0,140465.0,66560.0,163930.0,73255.0,422305.0,387725.0,490620.0,85670.0,215085.0,10530.0,57200.0,3900.0,15340.0,1105.0,9295.0,65.0,5395.0,0.2867973746866195,144.15,205010.0,0.2847156639471028,156.6,60840.0,0.2823006078600595,169.6,309075.0,0.2793996711932389,183.0,74880.0,0.2788947353098334,200.0,140465.0,0.2768368287445095,216.35,66560.0,0.2754120622701411,234.5,163930.0,0.2731915034560687,252.85,73255.0,0.2724606423359816,274.1,422305.0,0.2691673435770029,293.5,387725.0,0.2672613478028307,638.8,1315990.0,0.2656175475403777,296.9,258505.0,0.2638444935475426,271.85,790010.0,0.2629032317999394,249.05,117585.0,0.2625165018278503,228.15,234325.0,0.2612785877241857,207.5,148850.0,0.2604010636141496,188.5,418145.0,0.2596040126124481,170.8,125710.0,0.2590103041470417,154.5,230230.0,0.2585223578899207,139.45,91585.0,0.2579346534722566,125.4,197015.0,0.0051992945331509,-0.003416854255288,0.008616148788439,0.0008912201389314,0.2681525679417621,0.0081507144673104,-0.0047448459749803,0.0128955604422907,0.001702934246165,0.2689642820489957,0.0116333875070027,-0.006860284188681,0.0184936716956837,0.0023865516591608,0.2696478994619915,0.0150392600572288,-0.0082510436557889,0.0232903037130178,0.0033941082007199,0.2706554560035506,0.0195360268837888,-0.009326694330574,0.0288627212143628,0.0051046662766073,0.272366014079438,0.2673604117379123,-0.0253816292689472,0.0151797158933961,0.0005529285512028,0.6049345543297067,high,4,0.03372753199725094,252,both,0920_open,500,369.25,229.95000000000073,139.29999999999927,130.75
2026-04-08,23898.0,23918.0,0.0018762399468272,0.0567877644928328,0.0046175412168381,-3.1673124362910308,-2.6097008428274737,-3.053972551676509,0.0073986980856282,569.05,528.4,488.1,453.3,417.7,381.3,349.0,320.15,290.3,261.1,236.65,211.1,189.5,167.85,149.35,131.5,114.05,100.6,87.9,76.1,65.2,88.35,98.1,109.5,121.9,136.0,151.05,168.0,186.6,207.2,229.05,253.8,278.75,306.3,336.2,364.0,383.6,432.25,459.55,504.0,527.7,576.55,2026-04-13,0.0397267588850179,0.199315726637458,3.986666666666667,23818.9,0.2144917942276846,23882.835173332092,23900,0.0144025875190258,0.0460067297910114,-3.078967593389219,3.986666666666667,-2.8684343903185066,0.0018762399468272,2026,0.0151760675902265,0.0006284815294508,0.0006626159522792,0.208894015298167,3.413442282840099e-05,0.9484853591118836,0.0055977789295175,-7.372203918670014,-7.319314993110268,-4.240347399721049,0.0003787310686551,0.5715695001794361,0.0523312455373858,0.000283884883624,-0.0528889255597454,1,0,0,68900.0,13065.0,172315.0,22100.0,76115.0,12675.0,167115.0,90805.0,696670.0,481000.0,1402960.0,579280.0,1466920.0,269035.0,525720.0,332800.0,580320.0,302575.0,570115.0,247975.0,345020.0,221130.0,120055.0,472030.0,100165.0,240500.0,280085.0,321685.0,150280.0,772915.0,348790.0,789165.0,134095.0,372775.0,19370.0,32890.0,8515.0,47580.0,3510.0,7800.0,910.0,4225.0,0.2315567970080987,88.35,221130.0,0.2286826510377235,98.1,120055.0,0.22650308514662,109.5,472030.0,0.2241944159885225,121.9,100165.0,0.2223766023304091,136.0,240500.0,0.2202224532068778,151.05,280085.0,0.2185655098818806,168.0,321685.0,0.2170853542948105,186.6,150280.0,0.2160319527724485,207.2,772915.0,0.2146941982930195,229.05,348790.0,0.2144917942276846,490.4500000000001,2192125.0,0.212564621075347,211.1,579280.0,0.2126808372401255,189.5,1466920.0,0.2113130976621984,167.85,269035.0,0.2113554472534148,149.35,525720.0,0.2105643986262919,131.5,332800.0,0.2086438949446838,114.05,580320.0,0.2092481559773515,100.6,302575.0,0.2092540187208438,87.9,570115.0,0.2088214759881257,76.1,247975.0,0.2079565002077301,65.2,345020.0,0.0015401585447639,-0.001810956987559,0.003351115532323,-0.0001353992213975,0.214356395006287,0.004073715654196,-0.0031363469742698,0.0072100626284658,0.0004686843399631,0.2149604785676477,0.0078848081027244,-0.0058478992830007,0.0137327073857252,0.0010184544098618,0.2155102486375464,0.0120112909189354,-0.0052377755068407,0.0172490664257761,0.0033867577060473,0.2178785519337319,0.017065002780414,-0.0065352940199545,0.0236002968003685,0.0052648543802297,0.2197566486079143,0.2143518299056685,-0.0129142767114098,0.0070178850053889,0.0004806414566331,0.6409965735170202,high,4,0.03320304862398662,252,both,0920_open,500,336.9000000000001,81.09999999999854,255.80000000000155,163.0999999999999
2026-04-15,24231.6,24231.25,0.0027709692250003,0.1547091038061981,0.0048779279948497,-2.3669959162542087,-2.862378031744206,-3.022237707602686,-0.0097304546460368,569.95,530.7,488.45,449.45,412.55,374.45,341.35,307.55,276.3,245.9,218.2,192.0,167.7,146.15,125.8,107.9,91.9,77.65,65.35,54.5,45.45,70.9,79.8,89.5,100.4,111.8,126.4,141.55,156.9,175.55,196.1,217.3,241.0,267.2,295.35,326.45,357.75,387.25,426.0,464.9,504.15,543.95,2026-04-21,0.0120063740970433,0.1095736012780601,4.986666666666666,24580.6,0.1720873136022926,24250.900926161143,24250,0.0171423135464231,0.0296140435028538,-3.5195065875004774,4.986666666666666,-1.866208675001451,0.0027709692250003,2026,0.0625137123242324,0.0002375864503859,0.0005076532191033,0.1177270108872046,0.0002700667687173,0.468009344657726,0.0543603027150879,-8.344978999097103,-7.585711983050634,-4.066205395550156,0.0003090805074544,0.6088418152855675,0.0378104801416271,0.0001985727116488,-0.7592670160465553,1,0,1,11830.0,47450.0,16380.0,71955.0,14430.0,122980.0,11375.0,175630.0,118105.0,522860.0,650780.0,439010.0,157690.0,406705.0,158665.0,445640.0,198770.0,260715.0,130000.0,243425.0,113815.0,83070.0,241020.0,111020.0,194350.0,98020.0,314795.0,84435.0,393250.0,138905.0,545675.0,408655.0,189735.0,44915.0,29445.0,5395.0,48425.0,5200.0,8385.0,780.0,4940.0,390.0,0.194514883065401,70.9,83070.0,0.1922137314520814,79.8,241020.0,0.1897032919223064,89.5,111020.0,0.1873077988734497,100.4,194350.0,0.184289252493069,111.8,98020.0,0.182993577053356,126.4,314795.0,0.1809203260490689,141.55,84435.0,0.1777808198598802,156.9,393250.0,0.1760640774285807,175.55,138905.0,0.1745138288245389,196.1,545675.0,0.1720873136022926,435.5,1059435.0,0.1702422014230653,192.0,439010.0,0.1684266796249758,167.7,157690.0,0.1673135153062795,146.15,406705.0,0.1656473993856935,125.8,158665.0,0.1644828863338543,107.9,445640.0,0.1634149961537222,91.9,198770.0,0.1623721802951698,77.65,260715.0,0.1616514973708865,65.35,130000.0,0.1608650639166933,54.5,243425.0,0.1605622817525385,45.45,113815.0,0.0039767638262881,-0.0036606339773167,0.0076373978036048,0.0001580649244857,0.1722453785267783,0.0088330124467763,-0.006439914216599,0.0152729266633754,0.0011965491150886,0.1732838627173812,0.0122019388907763,-0.0086723174485703,0.0208742563393467,0.001764810721103,0.1738521243233956,0.0176159783200138,-0.010435816231406,0.0280517945514199,0.0035900810443038,0.1756773946465964,0.0224275694631084,-0.011525031849754,0.0339526013128624,0.0054512688066772,0.1775385824089698,0.1721822105724212,-0.0197558809954655,0.005933898405733,0.000351595088662,0.6852292536338321,high,5,0.0332463157184405,252,both,0920_open,500,319.15,330.59999999999854,-11.449999999998568,180.85000000000002
2026-04-22,24477.45,24482.6,0.0003452492008272,0.0266460923141871,0.0033316378952872,-4.531763638609693,-3.99611450042008,-3.133884612117059,0.0102103664495227,539.9,496.1,462.0,425.75,390.0,355.55,323.7,293.0,263.85,236.55,210.1,185.25,164.1,143.85,124.2,107.95,93.15,79.45,66.9,57.05,47.95,84.0,94.8,106.05,119.75,133.7,149.75,166.65,186.1,206.45,228.7,253.7,280.0,306.5,335.3,367.05,400.95,434.0,472.4,510.1,548.8,590.0,2026-04-28,0.0132857567663272,0.1152638571553426,4.986666666666666,24016.5,0.1810537827117399,24456.355132637807,24500,0.0171423135464231,0.0327804722342299,-3.417922299600912,4.986666666666666,-3.625112768983139,0.0003452492008272,2026,0.0657899255563973,0.0002629033349527,0.0005619331332389,0.1238406806744723,0.0002990297982862,0.4678551937974219,0.0572131020372675,-8.24372414105702,-7.48412769515107,-4.066205395550156,0.0003359831896927,0.5979059959609272,0.0410550652201973,0.0002259499435462,-0.7595964459058666,1,0,1,40300.0,1300.0,4680.0,3185.0,37375.0,20020.0,107965.0,59280.0,336765.0,368875.0,1141790.0,315380.0,382655.0,150540.0,277810.0,111800.0,268255.0,113165.0,242190.0,94770.0,481975.0,479700.0,117715.0,151060.0,80535.0,295880.0,259805.0,361920.0,185900.0,648765.0,526110.0,944385.0,146445.0,248950.0,20930.0,58175.0,6760.0,19110.0,1820.0,4030.0,1105.0,17550.0,0.1962744340499097,84.0,479700.0,0.1946993885770467,94.8,117715.0,0.19246950188018,106.05,151060.0,0.1913856022978186,119.75,80535.0,0.1893466857862327,133.7,295880.0,0.1879281847679996,149.75,259805.0,0.1859971557756164,166.65,361920.0,0.1848866268112508,186.1,185900.0,0.1832079805176747,206.45,648765.0,0.1817203463791009,228.7,526110.0,0.1810537827117399,463.7999999999999,2086175.0,0.1791043332903998,185.25,315380.0,0.1787124550870638,164.1,382655.0,0.1776661442496763,143.85,150540.0,0.175673927081952,124.2,277810.0,0.1751412187895017,107.95,111800.0,0.1744893337518239,93.15,268255.0,0.1734168157854218,79.45,113165.0,0.1719680204097782,66.9,242190.0,0.1719307352814772,57.05,94770.0,0.1713440101541869,47.95,481975.0,0.0021541978059348,-0.002341327624676,0.0044955254306108,-9.356490937059704e-05,0.1809602178023693,0.0049433730638765,-0.0053798556297878,0.0103232286936643,-0.0002182412829556,0.1808355414287842,0.0082929030744928,-0.006564448959916,0.0148573520344088,0.0008642270572884,0.1819180097690283,0.0114157191684401,-0.0090857623019616,0.0205014814704018,0.0011649784332392,0.1822187611449791,0.0152206513381698,-0.009709772557553,0.0249304238957228,0.0027554393903083,0.1838092221020483,0.1818150724953507,-0.0151332791970394,0.0041456766034798,0.0002909650215283,0.6490264068884148,high,5,0.032120877296128614,252,both,0920_open,500,331.84999999999997,483.5,-151.65000000000003,168.15000000000003
2026-04-29,24091.0,24118.2,-0.0002531766418644,0.0321917118471958,0.0022082935536092,-4.481787197731621,-4.365600618434693,-3.410298319265362,-0.0038938933437399,551.8,511.5,466.0,420.0,386.0,347.25,309.95,280.05,248.5,217.45,192.0,166.05,144.5,122.5,104.4,89.85,75.1,63.1,52.8,44.1,36.35,45.55,53.2,61.4,70.25,82.8,94.3,111.35,128.1,144.0,166.6,187.3,213.8,240.45,268.9,303.85,337.35,373.65,403.35,450.0,489.45,536.0,2026-05-05,0.0185180992251172,0.1360812228969053,3.986666666666667,24052.15,0.150792988388272,24104.70483661932,24100,0.0171423135464231,0.0227385253470655,-3.783694641176502,3.986666666666667,-3.4360462556136424,0.0002531766418644,2026,0.0147117654913666,0.0002929582893285,0.0003897909310826,0.1307278679447945,9.683264175411224e-05,0.7515780023789952,0.0200651204434774,-8.135480316321324,-7.849900036726659,-4.066205395550156,0.000248775499616,0.638228034000319,0.0303257134613274,0.0001410154314666,-0.2855802795946955,1,0,0,3250.0,390.0,7735.0,6565.0,39780.0,27170.0,135395.0,78650.0,1275040.0,507455.0,2325310.0,888875.0,933140.0,270595.0,493740.0,345150.0,408330.0,258050.0,927875.0,145860.0,302770.0,283660.0,146770.0,405470.0,191100.0,471380.0,236990.0,430365.0,246090.0,853320.0,585455.0,1506700.0,376545.0,404300.0,40430.0,98865.0,12415.0,32955.0,3900.0,49595.0,910.0,5200.0,0.1662497538308587,45.55,283660.0,0.16461754329544,53.2,146770.0,0.1623747918414115,61.4,405470.0,0.1596231937040194,70.25,191100.0,0.1592793903103693,82.8,471380.0,0.1564883843952181,94.3,236990.0,0.1572483284658947,111.35,430365.0,0.1561312769299451,128.1,246090.0,0.1528086723137759,144.0,853320.0,0.1533786654965507,166.6,585455.0,0.150792988388272,379.3,3832010.0,0.1491804937803799,166.05,888875.0,0.1494022091956454,144.5,933140.0,0.1475491417093724,122.5,270595.0,0.1471981940164294,104.4,493740.0,0.1482766385073873,89.85,345150.0,0.1475247756977879,75.1,408330.0,0.1477311437162994,63.1,258050.0,0.148088601798019,52.8,927875.0,0.1486815931488429,44.1,145860.0,0.1488879945916419,36.35,302770.0,0.0020156839255039,-0.0013907791926265,0.0034064631181305,0.0003124523664387,0.1511054407547107,0.0064553400776227,-0.0035947943718425,0.0100501344494653,0.00143027285289,0.152223261241162,0.0084864019220973,-0.003268212690484,0.0117546146125813,0.0026090946158066,0.1534020830040786,0.0115818034531395,-0.0027043865902529,0.0142861900433924,0.0044387084314432,0.1552316968197152,0.0154567654425867,-0.00190499379663,0.0173617592392167,0.0067758858229783,0.1575688742112503,0.1509680290289534,-0.009717171919077,0.0055840428605316,0.0008756267051554,0.6764567145940605,middle,4,0.03008633592377426,252,both,0920_open,500,297.4,47.849999999998545,249.55000000000143,202.60000000000002
2026-05-06,24179.2,24178.3,0.0001985653658886,0.0527942922609983,0.0035691834303864,-4.053650912593552,-4.090364610259675,-3.614340467124509,-0.0029745154098002,578.55,537.25,493.8,450.6,410.75,375.15,334.95,300.95,268.1,238.55,209.1,183.2,158.3,135.9,116.2,98.5,82.85,69.15,57.4,47.05,38.4,41.35,48.45,55.85,64.7,75.0,87.35,101.2,115.95,134.0,151.75,173.05,196.85,223.3,251.75,281.05,309.0,347.0,383.75,415.15,454.35,502.65,2026-05-12,0.0169445117596718,0.1301710864964712,4.986666666666666,23430.55,0.1507783459588229,24236.08709789925,24200,0.0171423135464231,0.0227341096100785,-3.783888856312926,4.986666666666666,-2.941352195230724,0.0001985653658886,2026,0.0206072594623517,0.0003353040951384,0.0003897152351347,0.1398571621122557,5.441113999623729e-05,0.8603823122864865,0.0109211838465671,-8.00047269121004,-7.850094251863083,-4.066205395550156,0.0002487358074814,0.6382501505118594,0.0303206816929667,0.0001409794276532,-0.1503784393471519,1,0,0,13585.0,1430.0,15860.0,7410.0,49010.0,28860.0,364910.0,99515.0,318240.0,453050.0,1459640.0,704015.0,817895.0,289250.0,346385.0,244335.0,666315.0,156520.0,275340.0,198185.0,327210.0,224705.0,115245.0,390195.0,109850.0,422370.0,160745.0,793715.0,204425.0,502580.0,534625.0,1344590.0,455390.0,336895.0,52390.0,99385.0,13195.0,71305.0,5070.0,3055.0,975.0,3900.0,0.166476233375231,41.35,224705.0,0.1649499725776744,48.45,115245.0,0.1625682079166776,55.85,390195.0,0.1606152346043531,64.7,109850.0,0.1588848920187198,75.0,422370.0,0.1577821215183631,87.35,160745.0,0.1566076695726125,101.2,793715.0,0.1547624106315473,115.95,204425.0,0.1542045581246659,134.0,502580.0,0.15184904688026,151.75,534625.0,0.1507783459588229,382.15,2804230.0,0.150255979655704,183.2,704015.0,0.1488668197527968,158.3,817895.0,0.1477814580592899,135.9,289250.0,0.1471879363064259,116.2,346385.0,0.1465628574554659,98.5,244335.0,0.1460107812841689,82.85,666315.0,0.1455353493743625,69.15,156520.0,0.1452705080441886,57.4,275340.0,0.1447773801650881,47.05,198185.0,0.1445445616505068,38.4,327210.0,0.003426212165843,-0.001911526206026,0.005337738371869,0.0007573429799085,0.1515356889387314,0.0058293236137896,-0.0035904096523969,0.0094197332661866,0.0011194569806963,0.1518978029395192,0.0081065460598969,-0.0047675646746539,0.0128741107345508,0.0016694906926214,0.1524478366514443,0.0117898619578547,-0.0055078379146342,0.0172976998724889,0.0031410120216102,0.1539193579804331,0.015697887416408,-0.006233784308316,0.0219316717247241,0.0047320515540459,0.1555103975128688,0.1503013280516352,-0.0101589885151598,0.0035971998398672,0.000317287519951,0.6758638960687751,middle,5,0.0280517945514199,252,both,0920_open,500,302.4,500.0,-197.60000000000002,197.60000000000002
2026-05-13,23405.45,23415.85,0.0018367323738262,0.3294232703415352,0.0060391917267131,-4.2515078163967965,-4.021225098808484,-3.983182060627415,-0.0164995309314559,606.4,579.55,525.0,483.0,447.15,410.9,375.45,343.15,310.2,280.25,251.95,226.55,201.45,179.05,158.55,138.6,121.9,106.5,92.65,80.55,69.35,63.65,72.4,82.0,92.25,104.65,117.05,131.9,148.5,167.55,187.35,208.35,231.95,256.7,284.1,312.75,344.9,377.45,413.6,446.65,486.35,525.0,2026-05-19,0.0207774524337674,0.1441438602014231,4.986666666666666,23606.2,0.187783841781683,23443.644867362193,23400,0.0171423135464231,0.0352627712342881,-3.3449275108214795,4.986666666666666,-1.1104118191025572,0.0018367323738262,2026,0.0436399815802598,0.0004111517042449,0.0006044854810139,0.1548696547464344,0.000193333776769,0.6801680390325682,0.0329141870352485,-7.796548301487443,-7.4111329063716385,-4.066205395550156,0.0003567488340877,0.5901694007428792,0.0435236304693705,0.0002477366469261,-0.3854153951157635,1,0,1,585.0,260.0,24115.0,325.0,8645.0,2730.0,18395.0,11635.0,88595.0,99320.0,568945.0,403455.0,785590.0,146835.0,331630.0,224055.0,206895.0,113685.0,216060.0,84955.0,211900.0,146120.0,100750.0,474890.0,122005.0,223730.0,136825.0,259610.0,182780.0,491205.0,307385.0,896740.0,366990.0,429975.0,60060.0,74165.0,36725.0,39195.0,6825.0,20995.0,1625.0,12220.0,0.2028683838856082,63.65,146120.0,0.2012460120550004,72.4,100750.0,0.1994435960855364,82.0,474890.0,0.1971992557063903,92.25,122005.0,0.1959512819699701,104.65,223730.0,0.1934845018773754,117.05,136825.0,0.1920588761027235,131.9,259610.0,0.1908851824529291,148.5,182780.0,0.1904728205660758,167.55,491205.0,0.1893170599777068,187.35,307385.0,0.187783841781683,460.2999999999999,1465685.0,0.1877627292567663,226.55,403455.0,0.1865709964783202,201.45,785590.0,0.1861711678039211,179.05,146835.0,0.1859273583063467,158.55,331630.0,0.1847040757564151,138.6,224055.0,0.1848667060116433,121.9,206895.0,0.1847976779254795,106.5,113685.0,0.1847802776448679,92.65,216060.0,0.1851119732372926,80.55,84955.0,0.1850098257150117,69.35,211900.0,0.0026889787843928,-0.0012128453033627,0.0039018240877556,0.000738066740515,0.188521908522198,0.0042750343210405,-0.0018564834753362,0.0061315177963768,0.0012092754228521,0.1889931172045351,0.0081674401882871,-0.0029171357700396,0.0110845759583267,0.0026251522091237,0.1904089939908067,0.0116597543038534,-0.003003564136815,0.0146633184406684,0.0043280950835191,0.1921119368652022,0.0150845421039252,-0.0027740160666712,0.0178585581705965,0.0061552630186269,0.1939391048003099,0.1874515577299919,-0.0089250572262128,0.0069845097723794,0.0003644608080588,0.6479217877974816,high,5,0.02428998802428268,252,both,0920_open,500,327.29999999999995,206.20000000000073,121.09999999999923,172.70000000000005
