expiry,date,spot_open_0920,spot_close_0920,open5_ret,open5_var_ann,open5_range,lag1_logrv,lag5_logrv,lag22_logrv,prev_ret,CALL_-10,CALL_-9,CALL_-8,CALL_-7,CALL_-6,CALL_-5,CALL_-4,CALL_-3,CALL_-2,CALL_-1,CALL_+0,CALL_+1,CALL_+2,CALL_+3,CALL_+4,CALL_+5,CALL_+6,CALL_+7,CALL_+8,CALL_+9,CALL_+10,PUT_-10,PUT_-9,PUT_-8,PUT_-7,PUT_-6,PUT_-5,PUT_-4,PUT_-3,PUT_-2,PUT_-1,PUT_+0,PUT_+1,PUT_+2,PUT_+3,PUT_+4,PUT_+5,PUT_+6,PUT_+7,PUT_+8,PUT_+9,PUT_+10,fwd_var_ann,fwd_rv,h_trading_days,expiry_spot,iv,forward,K,T_cal,iv_var,log_iv_var,dte_sessions,open5_logvar,abs_open5_ret,year,vrp_expost,fwd_int_var,iv_int_var,fwd_rv_cal,vrp_int,vrp_ratio,vrp_vol_cal,log_fwd_int,log_iv_int,logT,pred_int,pred_ratio,pred_vol_edge,pred_vrp_int,log_ratio,premium_positive,rv_beats_iv,ratio_le_070,VOL_CALL_-10,VOL_CALL_-9,VOL_CALL_-8,VOL_CALL_-7,VOL_CALL_-6,VOL_CALL_-5,VOL_CALL_-4,VOL_CALL_-3,VOL_CALL_-2,VOL_CALL_-1,VOL_CALL_+0,VOL_CALL_+1,VOL_CALL_+2,VOL_CALL_+3,VOL_CALL_+4,VOL_CALL_+5,VOL_CALL_+6,VOL_CALL_+7,VOL_CALL_+8,VOL_CALL_+9,VOL_CALL_+10,VOL_PUT_-10,VOL_PUT_-9,VOL_PUT_-8,VOL_PUT_-7,VOL_PUT_-6,VOL_PUT_-5,VOL_PUT_-4,VOL_PUT_-3,VOL_PUT_-2,VOL_PUT_-1,VOL_PUT_+0,VOL_PUT_+1,VOL_PUT_+2,VOL_PUT_+3,VOL_PUT_+4,VOL_PUT_+5,VOL_PUT_+6,VOL_PUT_+7,VOL_PUT_+8,VOL_PUT_+9,VOL_PUT_+10,smile_iv_-10,smile_px_-10,smile_vol_-10,smile_iv_-9,smile_px_-9,smile_vol_-9,smile_iv_-8,smile_px_-8,smile_vol_-8,smile_iv_-7,smile_px_-7,smile_vol_-7,smile_iv_-6,smile_px_-6,smile_vol_-6,smile_iv_-5,smile_px_-5,smile_vol_-5,smile_iv_-4,smile_px_-4,smile_vol_-4,smile_iv_-3,smile_px_-3,smile_vol_-3,smile_iv_-2,smile_px_-2,smile_vol_-2,smile_iv_-1,smile_px_-1,smile_vol_-1,smile_iv_+0,smile_px_+0,smile_vol_+0,smile_iv_+1,smile_px_+1,smile_vol_+1,smile_iv_+2,smile_px_+2,smile_vol_+2,smile_iv_+3,smile_px_+3,smile_vol_+3,smile_iv_+4,smile_px_+4,smile_vol_+4,smile_iv_+5,smile_px_+5,smile_vol_+5,smile_iv_+6,smile_px_+6,smile_vol_+6,smile_iv_+7,smile_px_+7,smile_vol_+7,smile_iv_+8,smile_px_+8,smile_vol_+8,smile_iv_+9,smile_px_+9,smile_vol_+9,smile_iv_+10,smile_px_+10,smile_vol_+10,put_skew_100,call_skew_100,rr_100,bf_100,wing_avg_100,put_skew_200,call_skew_200,rr_200,bf_200,wing_avg_200,put_skew_300,call_skew_300,rr_300,bf_300,wing_avg_300,put_skew_400,call_skew_400,rr_400,bf_400,wing_avg_400,put_skew_500,call_skew_500,rr_500,bf_500,wing_avg_500,smile_intercept,smile_slope,smile_curvature,smile_fit_rmse,pred_ratio_wf,rr_cutoff,width,credit,payoff,pnl,maxloss,net_points,test_period
2024-11-14,2024-11-08,24085.9,24074.05,-0.0050088353247761,0.230691788864197,0.0060990201995773,-4.943718673282268,-4.512102986054907,-4.587981259090507,-0.0122946391910519,605.05,543.5,521.0,465.5,426.0,384.0,349.5,306.55,277.25,242.9,213.6,182.3,156.65,134.2,112.75,93.0,77.95,62.65,51.2,40.2,32.55,38.0,44.55,51.0,60.5,68.3,80.3,91.6,107.5,121.25,139.45,160.7,183.15,206.1,231.1,261.7,294.5,326.2,360.0,393.5,439.8,473.95,0.0156532257414509,0.125112852023487,4.986666666666666,23559.6,0.1477133740887925,24152.95443769404,24100,0.0171423135464231,0.0218192408846955,-3.824963089068023,4.986666666666666,-1.466672706702008,0.0050088353247761,2024,0.0226005220653055,0.0003097516628202,0.0003740322685903,0.1344225426608065,6.428060577013918e-05,0.8281415504272037,0.0132908314279859,-8.07973966920391,-7.891168484618183,-4.066205395550156,0.0002591344623607,0.692813118336974,0.0247635619007639,0.0001148978062296,-0.1885711845856472,1,0,0,50.0,1175.0,4275.0,1525.0,500.0,18975.0,8625.0,19175.0,26650.0,156775.0,120050.0,533725.0,196675.0,532025.0,162875.0,461000.0,107050.0,210750.0,135300.0,414700.0,263525.0,80650.0,211400.0,182175.0,235125.0,138550.0,334975.0,268375.0,462700.0,331500.0,859850.0,519250.0,1183500.0,464650.0,687475.0,142025.0,283000.0,39625.0,59925.0,24250.0,49075.0,4200.0,0.1659218168917646,38.0,80650.0,0.1642460773904916,44.55,211400.0,0.161271980971752,51.0,182175.0,0.1606426885934916,60.5,235125.0,0.15685731135062,68.3,138550.0,0.1560885654503588,80.3,334975.0,0.1532197321094587,91.6,268375.0,0.1530655684839286,107.5,462700.0,0.1495251906416854,121.25,331500.0,0.1482025642888947,139.45,859850.0,0.1477133740887925,374.2999999999999,639300.0,0.1465035634354728,183.15,1183500.0,0.1420289591089838,156.65,196675.0,0.1413523956256511,134.2,532025.0,0.1396727160970141,112.75,162875.0,0.1375019868323927,93.0,461000.0,0.1375601013526024,77.95,107050.0,0.1354624784597461,62.65,210750.0,0.1352345753599501,51.2,135300.0,0.1335107202048625,40.2,414700.0,0.1338983075407361,32.55,263525.0,0.0018118165528929,-0.0056844149798086,0.0074962315327016,-0.0019362992134578,0.1457770748753346,0.0055063580206662,-0.0080406579917783,0.0135470160124445,-0.001267149985556,0.1464462241032365,0.0091439372618274,-0.01015327273619,0.0192972099980175,-0.0005046677371812,0.1472087063516112,0.0135586068829594,-0.0124787987288423,0.0260374056118018,0.0005399040770585,0.148253278165851,0.0182084428029721,-0.0138150665480563,0.0320235093510285,0.0021966881274579,0.1499100622162504,0.1450025356912822,-0.0161016285016342,7.820718814402395e-05,0.0008286820595789,0.6997295767074159,0.02652858066421884,500,303.74999999999994,500.0,-196.25000000000009,196.25000000000009,-202.25000000000009,2024Q4
2024-12-05,2024-11-29,23969.55,23988.05,0.0020249181906442,0.0512209295490326,0.002603319237324,-3.7196444466297303,-3.9336787937578577,-4.257003809021046,-0.0132644767024008,568.55,522.3,480.0,436.7,400.0,360.7,324.15,289.35,257.85,227.15,198.15,171.85,147.9,125.6,106.35,89.25,74.75,60.95,49.4,40.3,32.6,41.5,48.85,56.65,66.3,76.7,89.5,102.8,118.85,136.25,156.2,176.9,200.75,226.75,255.8,285.05,320.2,353.4,392.1,428.35,469.15,510.45,0.0163054513494454,0.1276928006954404,4.986666666666666,24701.55,0.1498391636445083,23971.27186769373,23950,0.0171423135464231,0.0224517749616857,-3.7963856050378535,4.986666666666666,-2.9716070502100176,0.0020249181906442,2024,0.0221463629490679,0.0003226581378144,0.0003848753660669,0.1371944662067045,6.22172282525256e-05,0.8383444778803975,0.0126446974378038,-8.038917192098468,-7.8625910005880115,-4.066205395550156,0.000265949577045,0.6910018164135433,0.0252830827803733,0.0001189257890218,-0.1763261915104011,1,0,0,6000.0,375.0,19575.0,75.0,9825.0,9975.0,65075.0,44025.0,331025.0,400850.0,1066225.0,247050.0,419575.0,178925.0,445475.0,239250.0,513050.0,108600.0,322650.0,160950.0,425025.0,247950.0,168250.0,234700.0,71725.0,249975.0,95850.0,459575.0,126325.0,446025.0,329175.0,753100.0,210300.0,144450.0,47250.0,137225.0,14175.0,47500.0,7375.0,16000.0,2325.0,16200.0,0.1653919324789478,41.5,247950.0,0.1639948932108859,48.85,168250.0,0.1618551729668461,56.65,234700.0,0.1604917709323496,66.3,71725.0,0.1585346422724532,76.7,249975.0,0.1575149156288898,89.5,95850.0,0.1554829441422459,102.8,459575.0,0.154389158127809,118.85,126325.0,0.1528777476069449,136.25,446025.0,0.1518720791847082,156.2,329175.0,0.1498391636445083,375.05,1819325.0,0.148495240223289,171.85,247050.0,0.1473160872290208,147.9,419575.0,0.145712323873455,125.6,178925.0,0.1448476582535986,106.35,445475.0,0.1440372336642739,89.25,239250.0,0.1437930483056753,74.75,513050.0,0.1423800866697344,60.95,108600.0,0.1413705762651861,49.4,322650.0,0.1413034295168225,40.3,160950.0,0.1412454222198525,32.6,425025.0,0.0030385839624365,-0.0025230764154875,0.0055616603779241,0.0002577537734745,0.1500969174179828,0.0056437804977376,-0.0049915053909097,0.0106352858886473,0.0003261375534139,0.1501653011979222,0.0086954786279449,-0.0060461153388329,0.0147415939667778,0.001324681644556,0.1511638452890643,0.0120160093223377,-0.0084685873793221,0.0204845967016599,0.0017737109715078,0.1516128746160161,0.0155527688344395,-0.0085937414246557,0.0241465102590953,0.0034795137048918,0.1533186773494002,0.1493651748653602,-0.0120769290401926,0.0026875449998185,0.0003490785803402,0.6989381685269286,0.02652858066421884,500,300.95,500.0,-199.05,199.05,-205.05,2024Q4
2024-12-12,2024-12-06,24689.05,24698.0,-0.0016208077747914,0.0564511537668296,0.0023512764261889,-3.3605753604356865,-4.278564558260841,-4.200166075205947,0.0097634976848372,575.45,535.45,497.95,458.4,423.65,389.15,355.5,321.15,292.7,261.25,236.35,209.65,186.1,162.75,144.0,123.1,107.05,90.55,78.05,65.7,55.15,78.75,88.4,99.8,112.75,125.85,141.5,156.95,175.7,194.7,216.9,238.5,262.75,288.7,317.35,346.1,376.6,410.2,444.85,479.7,508.05,557.45,0.0057049108413028,0.0755308601917315,4.986666666666666,24539.5,0.1842290085577959,24697.847787503928,24700,0.0171423135464231,0.0339403275941884,-3.3831513670662323,4.986666666666666,-2.8743795498561022,0.0016208077747914,2024,0.1086981483660643,0.0001128908282882,0.0005818157374878,0.0811511376499065,0.0004689249091996,0.194031926285877,0.1030778709078893,-9.089089327591203,-7.449356762616389,-4.066205395550156,0.0003871013923233,0.6653333132492312,0.0339571528728218,0.0001947143451645,-1.6397325649747785,1,0,1,5975.0,650.0,8675.0,6350.0,17675.0,13125.0,58750.0,20950.0,106225.0,136450.0,599300.0,204775.0,392425.0,118550.0,231850.0,83325.0,436625.0,93975.0,134225.0,62000.0,159775.0,116850.0,64250.0,194550.0,80900.0,166550.0,110575.0,275025.0,122550.0,275850.0,274950.0,621175.0,163450.0,109225.0,28075.0,27000.0,9950.0,26450.0,3500.0,2500.0,50.0,1450.0,0.1987298779491073,78.75,116850.0,0.1967425393237775,88.4,64250.0,0.1954422527973494,99.8,194550.0,0.1944773191647166,112.75,80900.0,0.1925137175384703,125.85,166550.0,0.1916272377181003,141.5,110575.0,0.1893985434911988,156.95,275025.0,0.1886815812396862,175.7,122550.0,0.1869314356836728,194.7,275850.0,0.1864499866157047,216.9,274950.0,0.1842290085577959,474.85,1220475.0,0.1819935020246211,209.65,204775.0,0.1808843596300183,186.1,392425.0,0.1785699411850353,162.75,118550.0,0.178575225608626,144.0,231850.0,0.1753909726950686,123.1,83325.0,0.1748663943288059,107.05,436625.0,0.1724645826665672,90.55,93975.0,0.1723300517036309,78.05,134225.0,0.1708986122354148,65.7,62000.0,0.1698611360268486,55.15,159775.0,0.0027024271258768,-0.0033446489277775,0.0060470760536544,-0.0003211109009503,0.1839078976568455,0.0051695349334029,-0.0056537829491698,0.0108233178825727,-0.0002421240078834,0.1839868845499124,0.0082847089806744,-0.0093626142289899,0.0176473232096644,-0.0005389526241577,0.1836900559336381,0.0112132442395535,-0.0118989568541649,0.0231122010937184,-0.0003428563073057,0.1838861522504901,0.0145008693913114,-0.0143678725309472,0.0288687419222587,6.649843018211032e-05,0.184295506987978,0.1841162673468452,-0.0181442343055504,-0.0022058843369458,0.0005229431482982,0.687593846685917,0.02652858066421884,500,340.95000000000005,160.5,180.45000000000005,159.04999999999995,174.45000000000005,2024Q4
2024-12-26,2024-12-20,23925.5,23924.8,-0.0015620761408799,0.0596085779014404,0.0043029077239765,-3.332117267536717,-4.10971943116469,-4.393133953442601,-0.0104927311850199,580.75,538.3,511.65,469.75,430.8,395.75,358.0,320.1,292.0,259.45,230.75,207.2,180.45,157.6,138.25,119.95,103.35,90.8,77.1,66.5,57.65,43.25,50.15,58.6,67.4,78.85,90.1,105.0,121.0,138.55,156.9,179.25,200.15,228.0,257.5,285.45,318.25,355.9,384.25,423.5,465.7,504.0,0.0148705759737348,0.1219449710883349,3.986666666666667,23760.3,0.1630405470172186,24001.55299699892,23950,0.0171423135464231,0.0265822199716738,-3.6275127088056687,3.986666666666667,-2.819955790746161,0.0015620761408799,2024,0.0410955759288836,0.0002352540855104,0.0004556807495144,0.1171477279348447,0.000220426664004,0.5162695280875845,0.0458928190823738,-8.3548444129741,-7.693718104355828,-4.066205395550156,0.0003100426996043,0.6803945524026201,0.0285548687481367,0.00014563804991,-0.6611263086182557,1,0,1,2575.0,25.0,6700.0,500.0,11675.0,8000.0,45900.0,15350.0,118225.0,88650.0,628200.0,375200.0,825325.0,160400.0,230475.0,107750.0,365100.0,120800.0,251725.0,90025.0,205875.0,192800.0,101250.0,293725.0,86900.0,165500.0,147425.0,252825.0,117675.0,349075.0,221075.0,737075.0,377025.0,539475.0,70125.0,62250.0,14900.0,54950.0,8475.0,11225.0,3200.0,9175.0,0.1739931053467367,43.25,192800.0,0.1721335547636488,50.15,101250.0,0.1709403311577819,58.6,293725.0,0.1688669067750674,67.4,86900.0,0.16828853230528,78.85,165500.0,0.1661288796735677,90.1,147425.0,0.1660107871698242,105.0,252825.0,0.1653638131655049,121.0,117675.0,0.1645569857823248,138.55,349075.0,0.162930134457844,156.9,221075.0,0.1630405470172186,410.0,1365275.0,0.1604419856863553,200.15,377025.0,0.1625163934367613,180.45,825325.0,0.1617568759507549,157.6,160400.0,0.1622897675081295,138.25,230475.0,0.1621628578370754,119.95,107750.0,0.1619458318128142,103.35,365100.0,0.1639025269468964,90.8,120800.0,0.1633400661820115,77.1,251725.0,0.1643893351121407,66.5,90025.0,0.165989588742918,57.65,205875.0,0.0015164387651062,-0.0005241535804572,0.0020405923455634,0.0004961425923245,0.1635366896095431,0.0029702401526056,-0.000750779509089,0.0037210196616946,0.0011097303217582,0.1641502773389768,0.0052479852880614,-0.0010947152044044,0.0063427004924658,0.0020766350418285,0.1651171820590471,0.0078997841405633,0.0002995191647929,0.0076002649757703,0.0040996516526781,0.1671401986698967,0.0109525583295181,0.0029490417256994,0.0080035166038187,0.0069508000276087,0.1699913470448273,0.1622359555928876,-0.0035646781728068,0.0072642277791805,0.0006524764498752,0.6942797402574205,0.02652858066421884,500,309.1,189.70000000000073,119.3999999999993,190.9,113.3999999999993,2024Q4
2025-01-09,2025-01-03,24176.05,24169.25,-0.0008620860539194,0.0775373090522749,0.0023887276871118,-4.619026216966481,-4.623298524068375,-4.549721099319946,0.0170785960379814,556.0,514.15,469.05,427.0,392.25,352.0,315.15,280.7,249.0,218.95,190.75,167.9,142.0,119.3,100.55,83.0,68.85,57.2,45.1,35.85,28.3,40.25,46.95,54.65,63.6,74.45,84.6,99.45,115.1,132.3,153.35,174.85,197.0,224.75,254.1,284.45,318.85,351.3,387.0,430.55,464.5,512.2,0.0145355276815189,0.1205633762032189,4.986666666666666,23557.2,0.1446321240971914,24215.91636218025,24200,0.0171423135464231,0.0209184513208653,-3.867123671164992,4.986666666666666,-2.556996051335942,0.0008620860539194,2025,0.0240687478939724,0.0002876342514755,0.0003585906514478,0.129534538769572,7.095639997230235e-05,0.8021242336190147,0.0150975853276194,-8.153820845065415,-7.933329066715152,-4.066205395550156,0.0002493976533181,0.69549401890754,0.0240143070946011,0.0001091929981297,-0.2204917783502967,1,0,0,600.0,9375.0,3525.0,47100.0,7800.0,30900.0,19500.0,110100.0,46575.0,212925.0,380925.0,744900.0,239550.0,354225.0,169950.0,301800.0,117750.0,369300.0,126975.0,259275.0,145800.0,64275.0,147150.0,70950.0,353475.0,93225.0,207675.0,114600.0,453150.0,132750.0,301725.0,385875.0,485025.0,78825.0,161025.0,18825.0,36075.0,3900.0,22050.0,300.0,3000.0,150.0,0.1608953218441673,40.25,64275.0,0.1588033593061844,46.95,147150.0,0.1566964159885858,54.65,70950.0,0.1547102500780307,63.6,353475.0,0.1533317971028781,74.45,93225.0,0.1499071909556937,84.6,207675.0,0.1494024843794391,99.45,114600.0,0.148000068280697,115.1,453150.0,0.1463228841652321,132.3,132750.0,0.1461420378092747,153.35,301725.0,0.1446321240971914,365.6,766800.0,0.1458546485490121,167.9,744900.0,0.1429229988119719,142.0,239550.0,0.1407414703166964,119.3,354225.0,0.139987351683676,100.55,169950.0,0.1384034700245027,83.0,301800.0,0.1380305921030652,68.85,117750.0,0.1383169789834912,57.2,369300.0,0.1362140266429342,45.1,126975.0,0.1353390496132609,35.85,259275.0,0.1347219672054582,28.3,145800.0,0.0016907600680407,-0.0017091252852194,0.0033998853532602,-9.182608589342056e-06,0.144622941488602,0.0047703602822477,-0.0046447724135153,0.009415132695763,6.279393436620095e-05,0.1446949180315576,0.0086996730056866,-0.0066015319941261,0.0153012049998128,0.0010490705057802,0.1456811946029717,0.0120642918913944,-0.0084180974542572,0.0204823893456516,0.0018230972185686,0.14645522131576,0.0162631977469759,-0.0099101568917331,0.026173354638709,0.0031765204276213,0.1478086445248128,0.1444961957048458,-0.0108659959474565,4.62963898918759e-05,0.0008471597046781,0.6959448544909538,0.02826233472878064,500,297.05,500.0,-202.95,202.95,-208.95,2025Q1
2025-01-16,2025-01-10,23561.2,23588.95,0.0003884116538728,0.0223589938749681,0.0020988392728299,-5.040187735297284,-4.341901935319411,-4.512471061673794,-0.0049965805462818,515.4,481.9,430.0,390.85,356.25,319.55,283.95,250.0,219.5,190.4,163.3,140.0,116.4,97.3,80.05,65.55,52.45,42.0,33.25,26.3,20.8,40.7,48.3,56.35,67.65,78.25,91.0,106.0,122.7,141.75,161.6,185.8,210.9,239.4,269.75,302.8,339.3,376.5,409.05,458.5,495.3,540.2,0.0163036121975932,0.1276855990219461,4.986666666666666,23350.8,0.1419284939717603,23527.476845971345,23550,0.0171423135464231,0.020143697401092,-3.904863823581496,4.986666666666666,-3.8005266283548376,0.0003884116538728,2025,0.0142428949498141,0.0003226217440158,0.0003453095768337,0.1371867286541923,2.2687832817921744e-05,0.9342971225242258,0.004741765317568,-8.039029992139566,-7.971069219131653,-4.066205395550156,0.0002409924625828,0.697902632161356,0.0233606254841975,0.0001043171142509,-0.0679607730078646,1,0,0,1800.0,825.0,7275.0,1575.0,19650.0,18375.0,84225.0,91500.0,511875.0,823725.0,1339575.0,443700.0,702750.0,338175.0,595500.0,218025.0,405750.0,208350.0,599325.0,170250.0,284700.0,212025.0,195675.0,240000.0,133275.0,336900.0,193800.0,426450.0,267300.0,818175.0,768675.0,918525.0,208650.0,217425.0,74100.0,62475.0,16800.0,12300.0,1650.0,25500.0,75.0,2625.0,0.1578978139203898,40.7,212025.0,0.1564076451423018,48.3,195675.0,0.1540685786724355,56.35,240000.0,0.153856660685937,67.65,133275.0,0.1513433361782538,78.25,336900.0,0.1494363740690424,91.0,193800.0,0.1479982967219561,106.0,426450.0,0.1463858312881173,122.7,267300.0,0.14504976044811,141.75,818175.0,0.1426196583680179,161.6,768675.0,0.1419284939717603,349.1,2258100.0,0.1413778355632193,140.0,443700.0,0.1386553670599121,116.4,702750.0,0.1377573668897412,97.3,338175.0,0.136503431503049,80.05,595500.0,0.13580077678914,65.55,218025.0,0.1344402425979301,52.45,405750.0,0.1338904664304395,42.0,208350.0,0.1333729383980375,33.25,599325.0,0.1333227601212695,26.3,170250.0,0.1336455424172182,20.8,284700.0,0.0031212664763497,-0.0032731269118481,0.0063943933881979,-7.593021774920938e-05,0.1418525637540111,0.0060698027501958,-0.0054250624687112,0.0114948652189071,0.0003223701407422,0.1422508641125026,0.0094148422064934,-0.0074882513738301,0.0169030935803236,0.0009632954163316,0.1428917893880919,0.0121400847006752,-0.0085555555737227,0.0206956402743979,0.0017922645634762,0.1437207585352365,0.0159693199486295,-0.008282951554542,0.0242522715031716,0.0038431841970437,0.145771678168804,0.1424918517910482,-0.0124867659501539,0.0020702018885843,0.0003663142815683,0.6983341283539628,0.02826233472878064,500,287.6,199.20000000000073,88.3999999999993,212.4,82.3999999999993,2025Q1
2025-01-23,2025-01-17,23178.2,23185.5,-0.0041046966961844,0.2274322970459091,0.0053951052335815,-4.848383581008934,-4.294624612882226,-4.355371105442678,0.0052684921204789,539.2,508.5,456.6,420.0,378.1,340.2,304.45,272.0,239.6,210.2,183.2,158.0,134.0,114.2,95.5,80.6,66.25,54.5,44.25,36.45,29.3,39.9,47.2,55.35,65.2,75.7,88.45,103.5,119.15,137.7,157.0,180.65,205.0,233.5,259.3,293.8,321.95,363.25,400.0,442.0,481.35,527.0,0.0159175509826517,0.1261647771077637,4.986666666666666,23216.3,0.1502735784204445,23202.552624123247,23200,0.0171423135464231,0.0225821483712854,-3.790595579911254,4.986666666666666,-1.4809026802840282,0.0041046966961844,2025,0.0241088013126807,0.0003149822257942,0.0003871102679324,0.1355527418548162,7.212804213815042e-05,0.8136757195220101,0.0147208365656283,-8.062994346780581,-7.856800975461414,-4.066205395550156,0.0002673520584488,0.6906354095869299,0.0253895070191824,0.0001197582094836,-0.2061933713193381,1,0,0,600.0,525.0,5250.0,675.0,6525.0,5025.0,84975.0,26775.0,156900.0,249375.0,822375.0,306450.0,656400.0,215250.0,455700.0,218625.0,484950.0,164700.0,484050.0,178200.0,324975.0,197400.0,125700.0,277125.0,142875.0,422850.0,195450.0,638700.0,247425.0,630000.0,615825.0,1233675.0,342000.0,384900.0,76125.0,112125.0,16350.0,75150.0,2850.0,20625.0,0.0,2475.0,0.1645746470036274,39.9,197400.0,0.1630565493697748,47.2,125700.0,0.1612038644826604,55.35,277125.0,0.159875093756521,65.2,142875.0,0.1577613762640638,75.7,422850.0,0.156404643595942,88.45,195450.0,0.1556062438243228,103.5,638700.0,0.1537030627517967,119.15,247425.0,0.1526604861269991,137.7,630000.0,0.1505380397772875,157.0,615825.0,0.1502735784204445,363.85,2056050.0,0.1491123687843557,158.0,306450.0,0.147100656790608,134.0,656400.0,0.1467651180193187,114.2,215250.0,0.1455021892867722,95.5,455700.0,0.1458223055815164,80.6,218625.0,0.1448025189476616,66.25,484950.0,0.1445408643906696,54.5,164700.0,0.1440701052424008,44.25,484050.0,0.1448185383156434,36.45,178200.0,0.1447199574969574,29.3,324975.0,0.0023869077065546,-0.0031729216298365,0.0055598293363911,-0.0003930069616409,0.1498805714588035,0.0053326654038783,-0.0047713891336723,0.0101040545375506,0.000280638135103,0.1505542165555475,0.0074877978436193,-0.0054710594727828,0.0129588573164022,0.0010083691854182,0.1512819476058627,0.0109302860622159,-0.0062034731780437,0.0171337592402596,0.0023634064420861,0.1526369848625306,0.0143010685831829,-0.005553620923487,0.0198546895066699,0.0043737238298479,0.1546473022502924,0.1498235773120458,-0.0101967153851544,0.0033808074124608,0.0004150333046929,0.6911250379787887,0.02826233472878064,500,294.65000000000003,16.299999999999272,278.35000000000076,205.34999999999997,272.35000000000076,2025Q1
2025-01-30,2025-01-24,23275.8,23274.9,0.0039818826316389,0.1163046192326759,0.0044337560363123,-5.086948867300745,-4.290602313631461,-4.442867743596679,0.0023524070182259,538.5,538.5,495.45,457.3,416.4,378.9,341.65,307.65,273.35,242.35,213.85,185.85,159.9,136.65,114.85,96.55,80.3,65.25,52.75,42.45,33.7,40.75,47.45,55.25,64.3,74.0,85.85,99.65,114.0,131.55,149.55,169.15,191.4,217.45,243.3,272.8,303.55,337.35,371.7,411.4,449.3,493.9,0.0160093690284658,0.1265281353235946,4.986666666666666,23297.95,0.1566793322489007,23344.745999336927,23300,0.0171423135464231,0.0245484131539614,-3.7071080641438687,4.986666666666666,-2.1515425019945393,0.0039818826316389,2025,0.030151196925306,0.0003167991543199,0.0004208165953523,0.1359431376812935,0.0001040174410324,0.7528200118977104,0.0207361945676071,-8.05724256747231,-7.773313459694026,-4.066205395550156,0.0002884166120008,0.6853736644091977,0.0269687471805976,0.0001323999833515,-0.2839291077781967,1,0,0,0.0,3300.0,425.0,2925.0,1550.0,55875.0,8050.0,77750.0,88350.0,397400.0,443150.0,757000.0,257075.0,364150.0,149000.0,465350.0,149225.0,315075.0,157100.0,242325.0,107650.0,80400.0,189575.0,88425.0,174825.0,63825.0,279125.0,92200.0,158800.0,137800.0,383350.0,299600.0,451475.0,76700.0,104400.0,12675.0,65500.0,2300.0,6750.0,5875.0,2725.0,250.0,0.1739404010729549,40.75,80400.0,0.1719843071908503,47.45,189575.0,0.170172198437836,55.25,88425.0,0.1685136637946202,64.3,174825.0,0.1662278488829042,74.0,63825.0,0.1647797419723847,85.85,279125.0,0.1637306451953811,99.65,92200.0,0.1616753704048233,114.0,158800.0,0.1609101262462786,131.55,137800.0,0.1589284455115446,149.55,383350.0,0.1566793322489007,383.0,742750.0,0.1547022551436608,185.85,757000.0,0.1526797862537892,159.9,257075.0,0.1511048170666269,136.65,364150.0,0.148901813248936,114.85,149000.0,0.1478489383893423,96.55,465350.0,0.1467702924754733,80.3,149225.0,0.1448672828744648,65.25,315075.0,0.1435478120184775,52.75,157100.0,0.1426995959500044,42.45,242325.0,0.1417828300387684,33.7,107650.0,0.0042307939973779,-0.0039995459951114,0.0082303399924894,0.0001156240011332,0.1567949562500339,0.0070513129464804,-0.0077775189999647,0.0148288319464451,-0.0003631030267421,0.1563162292221585,0.0095485166340035,-0.0099090397734273,0.0194575564074308,-0.0001802615697119,0.1564990706791888,0.0134928661889353,-0.0131315202304231,0.0266243864193585,0.000180672979256,0.1568600052281568,0.0172610688240542,-0.0148965022101323,0.0321575710341865,0.0011822833069609,0.1578616155558616,0.1551308364116108,-0.0166609160483044,-0.0011183136399875,0.0004717147994095,0.6859049732263178,0.02826233472878064,500,308.55,2.0499999999992724,306.50000000000074,191.45,300.50000000000074,2025Q1
2025-02-06,2025-01-31,23301.2,23294.8,0.0001931413371385,0.0118904202566639,0.0016243630961066,-4.74130736239486,-4.190831336636935,-4.316880781913042,0.005239483821661,679.95,645.2,609.35,571.3,536.05,501.5,469.75,436.6,406.1,377.75,349.55,321.85,296.75,271.95,248.4,226.5,206.55,187.0,168.45,151.2,135.7,128.5,140.4,153.0,168.25,182.7,199.15,214.6,233.85,252.8,274.55,295.25,319.15,341.4,366.8,393.85,423.6,453.8,484.1,511.6,546.7,581.65,0.0177559157582057,0.1332513255401452,5.986666666666666,23628.05,0.2642854653587459,23354.355878389153,23300,0.0171423135464231,0.0698468071998889,-2.661450903702699,5.986666666666666,-4.4320222235160305,0.0001931413371385,2025,0.1310341398186006,0.0004218204325626,0.001197335869237,0.1568660963416188,0.0007755154366743,0.3522991696819776,0.107419369017127,-7.770930849739917,-6.727656299252856,-4.066205395550156,0.0007456644951833,0.6227696959070049,0.0557225854401228,0.0004516713740537,-1.0432745504871666,1,0,1,2325.0,1350.0,2250.0,1650.0,17625.0,22050.0,11475.0,30000.0,69900.0,77400.0,234300.0,124350.0,156300.0,49575.0,139575.0,41775.0,185100.0,43800.0,122100.0,36600.0,95550.0,69525.0,23400.0,60375.0,25050.0,127950.0,35400.0,76500.0,39750.0,170175.0,166800.0,302250.0,121050.0,59250.0,15450.0,29700.0,7800.0,7425.0,3375.0,3600.0,1200.0,825.0,0.2783084128915055,128.5,69525.0,0.2767003936041826,140.4,23400.0,0.2749031240407338,153.0,60375.0,0.2747116431779129,168.25,25050.0,0.2728268942196305,182.7,127950.0,0.2718225232129219,199.15,35400.0,0.2690095187076118,214.6,76500.0,0.268540211881029,233.85,39750.0,0.2668359605079807,252.8,170175.0,0.2664924791789106,274.55,166800.0,0.2642854653587459,644.8,536550.0,0.2637152308124619,319.15,121050.0,0.2615549192750311,296.75,156300.0,0.2599710021013233,271.95,49575.0,0.2583778334507929,248.4,139575.0,0.2571062536308502,226.5,41775.0,0.2564282323099513,206.55,185100.0,0.2550318099068416,187.0,43800.0,0.2534186464909087,168.45,122100.0,0.2518618066715598,151.2,36600.0,0.2508176380133709,135.7,95550.0,0.0025504951492348,-0.0027305460837147,0.0052810412329495,-9.002546723996252e-05,0.2641954398915059,0.0047240533488658,-0.0059076319079529,0.0106316852568188,-0.0005917892795435,0.2636936760792023,0.0085414288608846,-0.0078572330487945,0.0163986619096792,0.000342097906045,0.2646275632647909,0.0106176586819879,-0.0108668188678371,0.0214844775498251,-0.0001245800929246,0.2641608852658212,0.0140229475327595,-0.0134678273453749,0.0274907748781345,0.0002775600936922,0.2645630254524382,0.2628838255222055,-0.0225622672460504,-0.0007205543408276,0.0004630076200798,0.6237695097820961,0.02826233472878064,500,380.6,328.0499999999993,52.55000000000069,119.40000000000003,46.55000000000069,2025Q1
2025-02-13,2025-02-07,23583.9,23583.25,-0.0027776972302911,0.0681231275641313,0.0043355848693388,-5.492567793893391,-4.250742943077934,-4.321963840273188,-0.0024812544961047,573.1,530.35,488.95,444.0,405.55,370.55,334.2,300.6,267.85,236.45,209.0,182.9,158.45,136.6,116.0,98.05,82.3,67.9,56.0,45.85,36.85,44.5,51.8,60.15,70.55,81.6,93.95,109.0,124.65,142.1,162.2,183.7,207.0,232.65,261.15,290.85,322.9,355.65,393.5,430.2,465.3,511.8,0.014777377765049,0.1215622382364237,4.986666666666666,23019.4,0.1591552381858443,23625.32603541889,23600,0.0171423135464231,0.0253303898419928,-3.675750424562199,4.986666666666666,-2.6864385116736105,0.0027776972302911,2025,0.0375929999494205,0.0002924200679432,0.0004342214849245,0.1306077264725068,0.0001418014169812,0.6734352815225022,0.0285475117133374,-8.137319200626683,-7.741955820112357,-4.066205395550156,0.0002967503247725,0.6834077425350393,0.0275840234789457,0.000137471160152,-0.3953633805144949,1,0,1,375.0,300.0,2700.0,900.0,8700.0,11400.0,31725.0,19650.0,122475.0,128775.0,535050.0,322125.0,363450.0,155550.0,321900.0,114375.0,169575.0,84825.0,420825.0,69750.0,138525.0,318300.0,143400.0,267675.0,127725.0,254850.0,237375.0,717825.0,211125.0,563400.0,509400.0,1200600.0,403275.0,327300.0,50700.0,140850.0,4350.0,24150.0,2475.0,8550.0,75.0,1875.0,0.1727990900132393,44.5,318300.0,0.1710214068419501,51.8,143400.0,0.1692504559898865,60.15,267675.0,0.1684295749001381,70.55,127725.0,0.1668643629872067,81.6,254850.0,0.1651872033033345,93.95,237375.0,0.1645688383248542,109.0,717825.0,0.162967746087222,124.65,211125.0,0.1614095551032408,142.1,563400.0,0.1605082659693071,162.2,509400.0,0.1591552381858443,392.7,1735650.0,0.1580837306691679,182.9,322125.0,0.1566919869760823,158.45,363450.0,0.1557433123129494,136.6,155550.0,0.1541112788630387,116.0,321900.0,0.1529994579213897,98.05,114375.0,0.1521018516199131,82.3,169575.0,0.1506708387637605,67.9,84825.0,0.1499566552703843,56.0,420825.0,0.1493877269300516,45.85,69750.0,0.1483759806653393,36.85,138525.0,0.0022543169173965,-0.0024632512097619,0.0047175681271584,-0.0001044671461827,0.1590507710396616,0.0054136001390099,-0.0050439593228055,0.0104575594618155,0.0001848204081022,0.1593400585939465,0.0077091248013624,-0.0070533865659311,0.0147625113672936,0.0003278691177156,0.1594831073035599,0.0100952178040422,-0.0091985829154599,0.0192938007195022,0.0004483174442911,0.1596035556301354,0.013643851827395,-0.0107792575205049,0.0244231093478999,0.001432297153445,0.1605875353392893,0.1585651110993928,-0.012112434512566,0.0003671257395479,0.0001880355418812,0.6839545353328954,0.02826233472878064,500,311.34999999999997,500.0,-188.65000000000003,188.65000000000003,-194.65000000000003,2025Q1
2025-02-20,2025-02-14,23092.05,23090.5,-0.0001450206296671,0.0310200488965364,0.0021868998205009,-4.342568115349335,-4.261640894142246,-4.305749169910086,-0.0016667683318417,560.0,515.35,470.0,430.2,392.25,352.5,317.4,279.1,248.85,217.7,188.65,162.4,137.35,116.65,97.3,80.55,65.15,52.75,41.85,33.05,26.35,31.0,37.1,44.55,53.15,62.7,75.3,87.85,103.55,119.3,138.75,159.4,183.0,210.6,237.3,270.4,305.0,335.35,374.5,411.0,450.55,496.25,0.0158314777231035,0.1258232002577568,4.986666666666666,22906.25,0.1439639046278559,23129.28010023725,23100,0.0171423135464231,0.0207256058356983,-3.876385346267478,4.986666666666666,-3.4731215449443225,0.0001450206296671,2025,0.018140704370099,0.0003132789771661,0.0003552848336751,0.1351857481531346,4.200585650894153e-05,0.881768506484144,0.0087781564747212,-8.06841646354646,-7.942590741817639,-4.066205395550156,0.0002473082079815,0.6960843372439856,0.0238524164091091,0.0001079766256935,-0.1258257217290136,1,0,0,1275.0,600.0,4350.0,675.0,40350.0,5550.0,25500.0,19275.0,187350.0,216150.0,806700.0,469200.0,599250.0,247650.0,418200.0,234450.0,320325.0,131550.0,532350.0,238425.0,369000.0,223200.0,79800.0,369825.0,195975.0,441750.0,192300.0,413325.0,297675.0,870825.0,562800.0,1269675.0,414675.0,378975.0,48150.0,84750.0,7800.0,15150.0,825.0,20625.0,150.0,6450.0,0.157658376024018,31.0,223200.0,0.1560329244466709,37.1,79800.0,0.1548012678392407,44.55,369825.0,0.1534667872244097,53.15,195975.0,0.1516821344864295,62.7,441750.0,0.1515080157207807,75.3,192300.0,0.1495751118791592,87.85,413325.0,0.1489200022866191,103.55,297675.0,0.1465776699157291,119.3,870825.0,0.1456804103093021,138.75,562800.0,0.1439639046278559,348.05,2076375.0,0.1429127733260157,162.4,469200.0,0.1409347990618845,137.35,599250.0,0.1406552921490344,116.65,247650.0,0.1395719735420302,97.3,418200.0,0.1388096115466341,80.55,234450.0,0.1372507556225681,65.15,320325.0,0.1366371011980785,52.75,131550.0,0.1355887560644118,41.85,532350.0,0.1349945240855445,33.05,238425.0,0.1353185074947278,26.35,369000.0,0.0026137652878732,-0.0030291055659713,0.0056428708538446,-0.000207670139049,0.1437562344888068,0.0056112072513033,-0.0043919310858256,0.010003138337129,0.0006096380827388,0.1445735427105947,0.0077182298585736,-0.0067131490052877,0.0144313788638614,0.0005025404266429,0.1444664450544988,0.0108373632113847,-0.008375148563444,0.0192125117748288,0.0012311073239703,0.1451950119518262,0.0136944713961621,-0.008645397133128,0.0223398685292902,0.002524537131517,0.1464884417593729,0.1434704315985746,-0.0107666199618248,0.001331018244175,0.0004381189174804,0.6965304396229144,0.02826233472878064,500,290.7,193.75,96.95,209.3,90.95,2025Q1
2025-03-27,2025-03-25,23726.3,23717.4,-0.001063595748579,0.0317286251701891,0.0016563403533209,-4.233184195700085,-4.736488283264116,-4.6144387910233995,0.0135448107102149,552.8,507.85,460.0,419.25,375.0,335.0,293.8,257.05,222.55,192.5,163.1,138.85,115.9,95.05,77.85,63.75,52.1,42.2,34.4,27.6,22.0,18.8,22.55,27.1,33.2,39.85,48.9,60.15,73.9,89.6,107.95,130.0,152.6,179.75,211.75,244.95,280.9,319.0,358.25,398.0,442.5,484.45,0.0120583379424884,0.1098104637203961,2.986666666666667,23601.05,0.1958341118217693,23783.112282529437,23750,0.006183409436834,0.0383509993530212,-3.260974692759471,2.986666666666667,-3.450536003345958,0.001063595748579,2025,0.0860236481013731,0.0001429136348739,0.0002371399313114,0.1520277368313905,9.422629643754931e-05,0.6026552933686143,0.0438063749903787,-8.853270062087313,-8.346860163588241,-5.08588547082877,0.0001630944121314,0.6877560064617527,0.0334268146986069,7.4045519180084e-05,-0.5064098984989643,1,0,1,11925.0,5625.0,22050.0,10500.0,26250.0,22050.0,120075.0,90375.0,228225.0,213600.0,866550.0,973950.0,987000.0,484275.0,557700.0,356475.0,1089000.0,363150.0,613575.0,354600.0,912600.0,501075.0,223350.0,700200.0,347475.0,637350.0,382200.0,1077375.0,417750.0,1022175.0,685575.0,1636725.0,1215825.0,862275.0,165000.0,126300.0,41925.0,79125.0,4275.0,6375.0,1425.0,4950.0,0.2222048733964814,18.8,501075.0,0.2174112055851023,22.55,223350.0,0.2127060349057107,27.1,700200.0,0.2093849676984401,33.2,347475.0,0.2047017199612007,39.85,637350.0,0.2019919347072362,48.9,382200.0,0.2000601157128941,60.15,1077375.0,0.1988509358455262,73.9,417750.0,0.197151928473215,89.6,1022175.0,0.1957514949004045,107.95,685575.0,0.1958341118217693,293.1,2503275.0,0.1972147357709873,138.85,973950.0,0.1967131713980262,115.9,987000.0,0.1954126437967349,95.05,484275.0,0.1955972345887155,77.85,557700.0,0.1968697373076552,63.75,356475.0,0.1987020635594428,52.1,1089000.0,0.2003461484759411,42.2,363150.0,0.2029445849751081,34.4,613575.0,0.2047542900420857,27.6,354600.0,0.2065179502959951,22.0,912600.0,0.0013178166514457,0.0008790595762569,0.0004387570751888,0.0010984381138513,0.1969325499356206,0.0042260038911248,-0.0002368772330537,0.0044628811241785,0.0019945633290355,0.1978286751508048,0.0088676081394314,0.0028679517376735,0.0059996564017579,0.0058677799385525,0.2017018917603218,0.0168719230839413,0.0071104731533387,0.0097614499306026,0.01199119811864,0.2078253099404093,0.0263707615747121,0.0106838384742258,0.0156869231004863,0.018527300024469,0.2143614118462383,0.1957569800853489,-0.0021132811394622,0.0078194352502329,0.0006770334717889,0.6881815169409384,0.02826233472878064,500,252.3,148.95000000000073,103.34999999999928,247.7,97.34999999999928,2025Q1
2025-04-09,2025-04-04,23094.65,23071.75,-0.0041460878565867,0.1709998987843426,0.0052393086710558,-4.270569815575546,-4.4944087825608054,-4.4861638403751,-0.0038305996286617,515.2,515.2,464.55,416.15,372.75,334.9,298.85,261.95,228.55,198.6,169.0,142.9,119.55,99.65,81.35,65.8,53.65,42.85,34.25,27.05,21.6,25.1,30.1,36.0,43.15,52.1,62.35,74.7,89.05,106.05,125.6,146.3,169.85,197.4,226.5,259.1,293.85,329.95,368.8,410.15,452.5,498.0,0.1482446759502111,0.385025552334142,3.986666666666667,22420.4,0.1423641522256669,23122.71962480242,23100,0.0144025875190258,0.0202675518389328,-3.898734103368771,3.986666666666667,-1.7660923143840812,0.0041460878565867,2025,-0.242661400108475,0.0023452464607996,0.0002919051891566,0.4035282863843925,-0.002053341271643,8.034274647790836,-0.2611641341587256,-6.055364782052355,-8.139081503089823,-4.240347399721049,0.0002051546217469,0.7028125205300992,0.0230147106982981,8.675056740964108e-05,2.0837167210375274,0,1,0,0.0,3075.0,900.0,8400.0,3075.0,35550.0,38250.0,73725.0,81750.0,523950.0,366375.0,1386750.0,720525.0,1259625.0,691650.0,1203825.0,428550.0,862125.0,470325.0,1117800.0,367125.0,403950.0,808500.0,581250.0,1096200.0,615450.0,1393575.0,804900.0,1413375.0,1189575.0,2970225.0,1604850.0,3373800.0,1313025.0,1258500.0,314850.0,491925.0,50775.0,67275.0,22200.0,58650.0,6825.0,0.1600538104097954,25.1,403950.0,0.1575322399256161,30.1,808500.0,0.1549603809481199,36.0,581250.0,0.1526222876669938,43.15,1096200.0,0.1509294961893986,52.1,615450.0,0.1489575600418053,62.35,1393575.0,0.1474154552914991,74.7,804900.0,0.1459415805509752,89.05,1413375.0,0.1449798960380537,106.05,1189575.0,0.1442470905694159,125.6,2970225.0,0.1423641522256669,315.3,1971225.0,0.1410902519217373,142.9,1386750.0,0.1399976813404916,119.55,720525.0,0.1397548693502385,99.65,1259625.0,0.1386786988848526,81.35,691650.0,0.137948282407467,65.8,1203825.0,0.1385509061384819,53.65,428550.0,0.1384806301158795,42.85,862125.0,0.1390048735610778,34.25,470325.0,0.1393872529101219,27.05,1117800.0,0.1405858334000161,21.6,367125.0,0.0026157438123868,-0.0023664708851752,0.004982214697562,0.0001246364636057,0.1424887886892726,0.0050513030658322,-0.0036854533408142,0.0087367564066465,0.0006829248625089,0.1430470770881758,0.0085653439637317,-0.0038132460871849,0.0123785900509166,0.0023760489382734,0.1447402011639403,0.012596228722453,-0.003359278664589,0.0159555073870421,0.0046184750289319,0.1469826272545988,0.0176896581841285,-0.0017783188256507,0.0194679770097793,0.0079556696792388,0.1503198219049057,0.1418571142147658,-0.0080673558359878,0.0035310603269026,0.0003565451658317,0.694555790013503,0.02534382530314648,500,268.59999999999997,500.0,-231.40000000000003,231.40000000000003,-237.40000000000003,2025Q2
2025-04-17,2025-04-15,23278.4,23292.9,-0.0038136766694093,0.4381168872169946,0.0069313015230857,-2.873963041523482,-2.7662512638639596,-4.154279714117274,0.0187391294503846,521.5,475.15,432.15,389.5,347.15,307.45,269.25,234.5,202.5,172.05,145.15,120.45,100.6,82.2,66.95,55.65,45.15,37.05,30.0,25.3,20.85,30.25,35.0,40.25,47.0,55.3,65.2,77.1,91.65,108.0,129.3,151.45,177.9,206.85,238.5,274.65,314.35,351.05,395.65,437.4,481.0,526.0,0.0079486752779727,0.0891553435188981,2.986666666666667,23837.75,0.2029659832814939,23293.6976622376,23300,0.006183409436834,0.0411951903694236,-3.1894337680473597,2.986666666666667,-0.8252695384158074,0.0038136766694093,2025,0.1138106397625958,9.420652181300978e-05,0.0002547267288824,0.1234316352229894,0.0001605202070694,0.3698336732321383,0.0795343480585044,-9.27002114509474,-8.275319238876131,-5.08588547082877,0.0001740454841709,0.6832635308220388,0.0351947961703024,8.068124471148438e-05,-0.994701906218348,1,0,1,146475.0,53850.0,124500.0,29250.0,245100.0,38175.0,196575.0,97200.0,586350.0,590100.0,1476300.0,450000.0,871125.0,339750.0,957600.0,281025.0,475725.0,253725.0,585000.0,260325.0,565950.0,449475.0,273075.0,515100.0,204675.0,815475.0,190950.0,436350.0,260850.0,542850.0,512100.0,925125.0,163725.0,240075.0,30675.0,125550.0,18675.0,37200.0,2850.0,11175.0,5025.0,9075.0,0.2463028703733136,30.25,449475.0,0.2400813498600451,35.0,273075.0,0.233171236359481,40.25,515100.0,0.2274061309901811,47.0,204675.0,0.2223041542723714,55.3,815475.0,0.2174788479864136,65.2,190950.0,0.2131657640751683,77.1,436350.0,0.2099054720211067,91.65,260850.0,0.2060488895013937,108.0,542850.0,0.2057216035516743,129.3,512100.0,0.2029659832814939,296.6,2401425.0,0.2008330507758267,120.45,450000.0,0.2017256838470148,100.6,871125.0,0.201020299561638,82.2,339750.0,0.2013488262526316,66.95,957600.0,0.2046005637508356,55.65,281025.0,0.2060591738958877,45.15,475725.0,0.2089512323454421,37.05,253725.0,0.2111389904500004,30.0,585000.0,0.216273664945551,25.3,260325.0,0.2198475228824481,20.85,565950.0,0.0030829062198998,-0.001240299434479,0.0043232056543788,0.0009213033927104,0.2038872866742043,0.0101997807936744,-0.0016171570288622,0.0118169378225367,0.004291311882406,0.2072572951638999,0.0193381709908775,0.0030931906143938,0.0162449803764836,0.0112156808026356,0.2141816640841295,0.0302052530779871,0.0081730071685065,0.0220322459094805,0.0191891301232468,0.2221551134047407,0.0433368870918197,0.0168815396009542,0.0264553474908655,0.0301092133463869,0.2330751966278809,0.202891659008647,-0.0106552296553811,0.017506105113769,0.0006290286758625,0.6567360225703235,0.02534382530314648,500,245.5,500.0,-254.5,254.5,-260.5,2025Q2
2025-04-24,2025-04-21,23959.4,23953.2,0.0004696186664257,0.0639792373156565,0.0038794468454969,-4.256155673249756,-3.694614141209166,-4.06490450060574,0.0171123708761306,528.35,484.8,440.55,401.0,359.95,322.35,284.75,248.05,219.15,186.95,162.65,136.35,117.0,96.7,80.8,68.2,55.6,46.65,38.05,31.7,26.25,39.35,44.85,52.05,60.0,70.15,80.7,94.1,110.85,127.45,148.95,171.0,198.65,225.7,258.15,292.1,326.15,359.15,405.95,441.0,485.9,529.45,0.0097161917037542,0.0985707446647037,3.986666666666667,24245.05,0.1849328229596111,23941.64552831219,23950,0.0089231354642313,0.0342001490078108,-3.375525277969535,3.986666666666667,-2.749196665199891,0.0004696186664257,2025,0.0863620782949073,0.0001537111809218,0.0003051725624935,0.1312483905414668,0.0001514613815717,0.5036861101333564,0.0536844324181443,-8.780435164965809,-8.094633162681756,-4.719107884712219,0.0002087424797381,0.6840145720587631,0.0319838109068239,9.643008275546132e-05,-0.6858020022839204,1,0,1,3750.0,40200.0,5925.0,21675.0,21375.0,84450.0,52650.0,167400.0,126975.0,420975.0,805275.0,1440525.0,386850.0,572475.0,273975.0,629250.0,198075.0,423900.0,162375.0,321000.0,167325.0,178050.0,669000.0,238425.0,352275.0,216450.0,412650.0,297300.0,647475.0,320700.0,626100.0,686325.0,781800.0,103575.0,122550.0,22125.0,41475.0,4425.0,6075.0,450.0,3975.0,0.0,0.2166998301828063,39.35,178050.0,0.2115069104837308,44.85,669000.0,0.2076694297296251,52.05,238425.0,0.2032904947804432,60.0,352275.0,0.2002683789729437,70.15,216450.0,0.1958110560173947,80.7,412650.0,0.1929463960220687,94.1,297300.0,0.1918293904054081,110.85,647475.0,0.1881296129775761,127.45,320700.0,0.1875175372164729,148.95,626100.0,0.1849328229596111,333.65,1491600.0,0.1814954508748138,136.35,1440525.0,0.1831652085588002,117.0,386850.0,0.1810656925355218,96.7,572475.0,0.1814815557429464,80.8,273975.0,0.1835453814668714,68.2,629250.0,0.1831077350084515,55.6,198075.0,0.1855276810805919,46.65,423900.0,0.1862353755152499,38.05,162375.0,0.1886641193758811,31.7,321000.0,0.1908677766902396,26.25,167325.0,0.003196790017965,-0.0017676144008108,0.0049644044187759,0.000714587808577,0.1856474107681882,0.0080135730624576,-0.0034512672166646,0.0114648402791222,0.0022811529228964,0.1872139758825076,0.0153355560133326,-0.0018250879511595,0.0171606439644922,0.0067552340310865,0.1916880569906976,0.022736606770014,0.0013025525556387,0.0214340542143752,0.0120195796628264,0.1969524026224375,0.0317670072231952,0.0059349537306285,0.0258320534925667,0.0188509804769118,0.2037838034365229,0.1848298363220617,-0.0123382847915966,0.0136075114181675,0.0009150188244307,0.6616900158986943,0.02534382530314648,500,268.04999999999995,295.0499999999993,-26.99999999999932,231.95000000000005,-32.99999999999932,2025Q2
2025-05-15,2025-05-12,24562.45,24579.25,0.005769557229422,0.3106844428412119,0.0075135331064287,-4.1029951587663875,-4.74831408692799,-3.993784420254365,-0.0047911862614448,493.25,445.85,401.75,359.85,318.0,279.3,242.55,208.95,177.35,149.4,124.45,102.8,83.75,67.5,54.15,43.45,34.0,27.1,22.0,17.2,13.55,32.65,37.5,42.5,49.3,57.3,68.1,81.2,97.35,117.0,138.1,163.25,191.4,222.3,258.45,294.4,333.0,374.0,418.4,460.9,504.0,561.55,0.0210391868961442,0.1450489120819052,3.986666666666667,25035.3,0.1547874034080219,24511.17922137882,24550,0.0089231354642313,0.0239591402537977,-3.7314053889413823,3.986666666666667,-1.1689775351556644,0.005769557229422,2025,0.0097384913261167,0.0003328421630659,0.0002137906540911,0.1931347513432928,-0.0001190515089748,1.5568602120655424,-0.0383473479352709,-8.00784216513696,-8.450513273653602,-4.719107884712219,0.0001510818310674,0.7066811770126524,0.0246664080430732,6.270882302371244e-05,0.4426711085166401,0,1,0,225600.0,57300.0,198525.0,83400.0,363150.0,170325.0,980025.0,684375.0,2884200.0,2226075.0,3322950.0,1440300.0,2092950.0,895575.0,1776675.0,841875.0,1233450.0,711375.0,2620425.0,606000.0,1280775.0,601200.0,369525.0,791625.0,456675.0,811050.0,566925.0,1264725.0,756600.0,1745475.0,1069725.0,972075.0,159975.0,175350.0,27600.0,99375.0,15825.0,21600.0,8625.0,61575.0,1725.0,5325.0,0.1904160545555755,32.65,601200.0,0.1848758110633796,37.5,369525.0,0.1782137109052272,42.5,791625.0,0.1729001261979222,49.3,456675.0,0.1675573303588724,57.3,811050.0,0.1639466904945848,68.1,566925.0,0.1608509858416132,81.2,1264725.0,0.1587677204516494,97.35,756600.0,0.1578371872612889,117.0,1745475.0,0.1556000318212976,138.1,1069725.0,0.1547874034080219,287.7,4295025.0,0.1544188476878712,102.8,1440300.0,0.1539257905906466,83.75,2092950.0,0.1536646529943601,67.5,895575.0,0.1540284952274627,54.15,1776675.0,0.1551264339026059,43.45,841875.0,0.1552714202971306,34.0,1233450.0,0.156971946727864,27.1,711375.0,0.1597909134936032,22.0,2620425.0,0.1610266763878397,17.2,606000.0,0.1628250923344852,13.55,1280775.0,0.0030497838532669,-0.0008616128173752,0.0039113966706422,0.0010940855179458,0.1558814889259677,0.0060635824335913,-0.0007589081805592,0.0068224906141505,0.002652337126516,0.157439740534538,0.0127699269508504,0.0004840168891087,0.0122859100617417,0.0066269719199796,0.1614143753280015,0.0234263074972053,0.0050035100855812,0.018422797411624,0.0142149087913933,0.1690023121994152,0.0356286511475535,0.0080376889264633,0.0275909622210902,0.0218331700370084,0.1766205734450304,0.1556413250877556,-0.0086396792618955,0.0093466701954809,0.0003700612375523,0.6949839204904441,0.02534382530314648,500,241.49999999999997,485.2999999999993,-243.7999999999993,258.5,-249.7999999999993,2025Q2
2025-05-22,2025-05-16,25003.5,25008.5,-0.0024346885909954,0.1977486550203427,0.0028296038554602,-3.381051970347361,-3.549875633720748,-4.116015771710775,0.0140606748607421,580.0,536.05,492.45,453.55,414.3,376.1,341.0,305.35,273.15,241.1,211.5,185.1,162.05,140.6,122.15,104.5,88.7,75.4,64.05,54.9,46.55,52.65,59.05,67.4,76.7,87.3,99.0,112.55,127.4,144.5,164.6,185.2,208.55,234.9,262.8,292.35,324.4,360.85,396.6,437.15,478.9,517.55,0.010168079636072,0.1008368962040784,4.986666666666666,24637.0,0.1517623108480145,25026.327064486828,25000,0.0171423135464231,0.0230317989939293,-3.770879452962456,4.986666666666666,-1.6207584737716998,0.0024346885909954,2025,0.050925414643936,0.0002012096181952,0.0003948183198921,0.1083402045637281,0.0001936087016968,0.5096258406911348,0.0434221062842864,-8.511163316729744,-7.837084848512616,-4.066205395550156,0.0002721834785384,0.6893891818717879,0.0257548782677877,0.0001226348413537,-0.6740784682174916,1,0,1,29700.0,6675.0,30975.0,32100.0,40725.0,37575.0,64575.0,48375.0,154875.0,151125.0,1172700.0,747375.0,901275.0,382350.0,699300.0,351600.0,644175.0,235500.0,418500.0,206925.0,740400.0,770700.0,273075.0,490050.0,308325.0,588450.0,498825.0,976950.0,402300.0,1068000.0,922050.0,2714025.0,1062450.0,882300.0,136050.0,189825.0,40425.0,85125.0,13725.0,10500.0,2775.0,15975.0,0.1732787088470195,52.65,770700.0,0.1698697945470814,59.05,273075.0,0.1676406179040692,67.4,490050.0,0.1652878071542221,76.7,308325.0,0.163054352563579,87.3,588450.0,0.1606416506843042,99.0,498825.0,0.1586066374834506,112.55,976950.0,0.1563573573739746,127.4,402300.0,0.1545729097161106,144.5,1068000.0,0.1537152565026216,164.6,922050.0,0.1517623108480145,396.7,3886725.0,0.1505589695050819,185.1,747375.0,0.1503804404302427,162.05,901275.0,0.1498900791752539,140.6,382350.0,0.1502281484790947,122.15,699300.0,0.1496765926272024,104.5,351600.0,0.1491109872125445,88.7,644175.0,0.1492189245608746,75.4,235500.0,0.1496869050765953,64.05,418500.0,0.1510018660101727,54.9,206925.0,0.151872603023677,46.55,740400.0,0.0028105988680961,-0.0013818704177717,0.0041924692858679,0.0007143642251621,0.1524766750731767,0.0068443266354361,-0.0015341623689197,0.0083784890043559,0.0026550821332581,0.1544173929812727,0.0112920417155645,-0.0026513236354699,0.0139433653510345,0.0043203590400472,0.1560826698880618,0.0158783070560547,-0.0020754057714191,0.0179537128274739,0.0069014506423178,0.1586637614903323,0.021516397999005,0.0001102921756625,0.0214061058233425,0.0108133450873338,0.1625756559353483,0.1515203643048036,-0.0097885266498703,0.0116182694242587,0.0003355095084327,0.6765564181429755,0.02534382530314648,500,297.5,363.0,-65.5,202.5,-71.5,2025Q2
2025-05-29,2025-05-23,24626.5,24662.0,-0.000531808017665,0.0162154147277426,0.0021724565001116,-4.125330036354453,-4.632937083451392,-4.3213986399169,-0.0066325808828385,534.15,498.35,457.0,417.3,381.75,342.0,309.3,276.5,246.45,217.5,190.1,165.35,143.95,123.5,105.7,90.3,76.25,64.75,54.25,45.55,38.2,48.6,57.0,64.9,75.25,87.5,100.4,115.35,132.85,151.7,172.7,196.1,221.85,248.7,279.2,312.6,348.3,380.55,421.7,464.05,500.0,535.05,0.0155070244283464,0.1245272035675196,4.986666666666666,24880.85,0.1501390948551583,24643.99382559236,24650,0.0171423135464231,0.0225417478039262,-3.7923862310552745,4.986666666666666,-4.121792962754212,0.000531808017665,2025,0.0256118912876386,0.000306858578635,0.0003864177087392,0.1337933159004595,7.955913010429451e-05,0.7941110660692564,0.0163457789546987,-8.08912357242365,-7.858591626605431,-4.066205395550156,0.0002669175321231,0.6907487055755432,0.0253565515369025,0.0001195001766161,-0.2305319458179759,1,0,0,0.0,12450.0,5250.0,23250.0,9300.0,78600.0,38625.0,403200.0,200625.0,1619850.0,1698975.0,1650450.0,683550.0,875850.0,492900.0,800325.0,342675.0,1253925.0,331650.0,530175.0,269250.0,207975.0,392175.0,194775.0,450450.0,303975.0,667950.0,366450.0,1043625.0,504075.0,1854750.0,1268700.0,747075.0,132000.0,171525.0,56100.0,125325.0,9600.0,69525.0,3075.0,6075.0,1200.0,0.1640774436123623,48.6,207975.0,0.1629331207853082,57.0,392175.0,0.1600131235970709,64.9,194775.0,0.158449518068574,75.25,450450.0,0.1573749844611962,87.5,303975.0,0.1555071259125471,100.4,667950.0,0.1540343214629332,115.35,366450.0,0.153222548219593,132.85,1043625.0,0.1519854131147433,151.7,504075.0,0.1509118973087071,172.7,1854750.0,0.1501390948551583,386.2,2967675.0,0.1491662397354764,165.35,1650450.0,0.1492073700518066,143.95,683550.0,0.1483880495842815,123.5,875850.0,0.1481042319857356,105.7,492900.0,0.1482614759290913,90.3,800325.0,0.1480311693649687,76.25,342675.0,0.1486605855458763,64.75,1253925.0,0.1487884340343443,54.25,331650.0,0.1493898881599482,45.55,530175.0,0.150184659511306,38.2,269250.0,0.001846318259585,-0.0009317248033517,0.0027780430629367,0.0004572967281166,0.1505963915832749,0.0038952266077749,-0.0020348628694226,0.0059300894771976,0.000930181869176,0.1510692767243344,0.0072358896060379,-0.0021079254901895,0.0093438150962275,0.0025639820579241,0.1527030769130825,0.0098740287419126,-0.0013506608208139,0.0112246895627266,0.0042616839605493,0.1544007788157076,0.013938348757204,4.5564656147745186e-05,0.0138927841010563,0.0069919567066759,0.1571310515618342,0.1502029924254473,-0.0074668714623252,0.0065768173997165,0.0001724079567853,0.6785665589684754,0.02534382530314648,500,299.4,230.84999999999857,68.55000000000143,200.6,62.55000000000143,2025Q2
2025-06-05,2025-05-30,24805.55,24826.9,-0.0002660135298405,0.0275945972650919,0.0027332907857314,-4.196372333842785,-4.2715631393761555,-4.292534051905528,0.004984095091313,529.9,487.25,447.25,406.0,371.85,336.2,304.8,271.45,242.1,215.4,189.5,167.8,146.65,129.85,110.45,96.8,82.85,69.45,59.85,49.9,42.8,46.85,55.15,65.25,77.55,90.35,104.95,120.55,140.9,161.95,184.75,210.35,237.35,267.25,294.45,330.3,364.6,402.0,438.0,480.4,517.35,517.35,0.0110425313622117,0.1050834495161426,4.986666666666666,24761.1,0.1544298406879516,24779.12854393345,24800,0.0171423135464231,0.0238485756949061,-3.7360307827222026,4.986666666666666,-3.590135276685596,0.0002660135298405,2025,0.0493463911718089,0.0002185135835696,0.0004088197621976,0.1129027453780422,0.0001903061786279,0.534498582933056,0.0415270953099094,-8.428662377993929,-7.80223617827236,-4.066205395550156,0.0002809376478137,0.68719194567187,0.0264120718693794,0.0001278821143839,-0.6264261997217805,1,0,1,150.0,4125.0,1575.0,36225.0,3975.0,47400.0,22350.0,189300.0,182700.0,1193775.0,657525.0,592050.0,204000.0,660300.0,173400.0,390000.0,162225.0,415950.0,177375.0,343500.0,133950.0,111000.0,338100.0,171525.0,464625.0,222825.0,479250.0,213000.0,583425.0,498150.0,1421550.0,430950.0,310800.0,39750.0,133350.0,7200.0,15450.0,2775.0,33525.0,75.0,4650.0,0.0,0.1578643527498572,46.85,111000.0,0.1566289754742901,55.15,338100.0,0.1559989532710004,65.25,171525.0,0.1561191576852926,77.55,464625.0,0.1552082465646615,90.35,222825.0,0.1544615952833527,104.95,479250.0,0.1531080875063794,120.55,213000.0,0.1541399109969175,140.9,583425.0,0.1541440558226483,161.95,498150.0,0.1539735035925424,184.75,1421550.0,0.1544298406879516,399.85,1088475.0,0.1554084879466275,167.8,592050.0,0.1553036842908989,146.65,204000.0,0.1571872282248535,129.85,660300.0,0.1554492922744659,110.45,173400.0,0.1570859494828623,96.8,390000.0,0.1570513886947786,82.85,162225.0,0.1559876778177335,69.45,415950.0,0.1572624261844782,59.85,177375.0,0.1567553079022179,49.9,343500.0,0.1581903229872402,42.8,133950.0,-0.0002857848653032,0.0008738436029473,-0.0011596284682506,0.000294029368822,0.1547238700567736,-0.0013217531815721,0.0010194515865143,-0.0023412047680864,-0.0001511507975288,0.1542786898904227,0.0007784058767099,0.002621548006827,-0.0018431421301171,0.0016999769417684,0.15612981762972,0.0015691125830488,0.0028325854965266,-0.0012634729134778,0.0022008490397877,0.1566306897277393,0.0034345120619056,0.0037604822992886,-0.0003259702373829,0.0035974971805971,0.1580273378685487,0.154496252149962,0.0022458813402402,0.0040012472956197,0.0006382691164959,0.6733119051325258,0.02534382530314648,500,310.2,38.900000000001455,271.29999999999853,189.8,265.29999999999853,2025Q2
2025-06-12,2025-06-06,24749.65,24740.75,6.669951349230448e-05,0.016435618732817,0.0016202091494223,-4.642755956473365,-4.607809617528065,-4.3307863253680745,0.0060397444456695,546.7,496.85,458.0,418.8,377.4,338.4,303.35,268.4,239.05,208.65,183.15,157.45,136.75,117.55,99.3,85.15,71.25,60.3,49.6,41.3,34.75,33.6,39.25,47.15,55.15,66.2,77.85,92.05,109.6,127.0,148.8,170.4,197.8,224.6,254.55,289.05,321.2,359.35,396.0,437.75,479.5,519.65,0.0067112388581843,0.08192215120579,4.986666666666666,24856.0,0.1367922565631919,24762.763120616237,24750,0.0171423135464231,0.0187121214556501,-3.978583758931985,4.986666666666666,-4.108304425308571,6.669951349230448e-05,2025,0.0548701053574018,0.0001328044091513,0.0003207690531115,0.0880180068412002,0.0001879646439601,0.4140187710227977,0.0487742497219916,-8.926633120032044,-8.044789154482142,-4.066205395550156,0.0002253824721609,0.7026315973275219,0.022128714895537,9.538658095053152e-05,-0.8818439655504263,1,0,1,1050.0,3150.0,2475.0,10050.0,2700.0,67650.0,18900.0,119625.0,77025.0,496650.0,730650.0,548700.0,236400.0,354900.0,257400.0,582225.0,151725.0,299100.0,130050.0,327225.0,132225.0,147225.0,249150.0,172050.0,253725.0,299625.0,543975.0,270675.0,359400.0,218625.0,945150.0,714300.0,419475.0,100500.0,86175.0,21975.0,47700.0,8475.0,8100.0,2400.0,4350.0,1425.0,0.147623902858319,33.6,147225.0,0.1450286635866493,39.25,249150.0,0.1439769398889459,47.15,172050.0,0.1416462049475146,55.15,253725.0,0.1410951433547637,66.2,299625.0,0.1395615282919873,77.85,543975.0,0.1387917196093009,92.05,270675.0,0.1392182755840687,109.6,359400.0,0.1378205580794871,127.0,218625.0,0.1382455657206403,148.8,945150.0,0.1367922565631919,353.55,1444950.0,0.1356644784305716,157.45,548700.0,0.1366840969102025,136.75,236400.0,0.1371877746718914,117.55,354900.0,0.1367437035947676,99.3,257400.0,0.1380904002176487,85.15,582225.0,0.1380360915785768,71.25,151725.0,0.1391573174998757,60.3,299100.0,0.1389349088649173,49.6,130050.0,0.1397601900750316,41.3,327225.0,0.1412951159829067,34.75,132225.0,0.0010283015162952,-0.0001081596529893,0.0011364611692845,0.0004600709316529,0.1372523274948448,0.001999463046109,-4.855296842423695e-05,0.0020480160145333,0.0009754550388424,0.1377677116020343,0.0043028867915718,0.0012438350153848,0.0030590517761869,0.0027733609034783,0.1395656174666702,0.0071846833257539,0.0021426523017254,0.0050420310240285,0.0046636678137396,0.1414559243769316,0.0108316462951271,0.0045028594197148,0.0063287868754122,0.0076672528574209,0.1444595094206129,0.1369376932375945,-0.0018306763879875,0.0055926227565313,0.0005444144246584,0.696221181064915,0.02534382530314648,500,285.2,106.0,179.2,214.8,173.2,2025Q2
2025-06-19,2025-06-13,24604.6,24613.15,0.0052227207722801,0.1966994383970567,0.0060618904849093,-4.758761403961443,-5.092663676500463,-4.5895791631378575,-0.0108358335133877,572.85,519.25,488.05,448.1,408.6,370.6,333.4,298.55,266.4,234.25,206.25,180.2,154.95,134.1,113.9,96.55,81.8,68.4,57.45,47.7,40.05,53.8,60.8,69.4,78.4,88.6,99.2,113.95,128.25,145.3,166.6,185.95,209.6,235.9,263.6,293.05,325.85,361.0,399.55,436.4,479.35,518.05,0.0054868861972721,0.074073518866543,4.986666666666666,24744.7,0.1525813769476553,24620.320890079187,24600,0.0171423135464231,0.0232810765912424,-3.7601144118598966,4.986666666666666,-1.626078408715466,0.0052227207722801,2025,0.0785078580811122,0.0001085764781894,0.0003990915146253,0.0795853550521311,0.0002905150364359,0.2720590997564244,0.0729960218955241,-9.128055765181488,-7.826319807410057,-4.066205395550156,0.0002748581927821,0.6887096886542022,0.0259563280406985,0.0001242333218431,-1.301735957771312,1,0,1,1200.0,150.0,7275.0,1650.0,25500.0,16875.0,81600.0,50850.0,441375.0,267000.0,1152600.0,484800.0,741675.0,209475.0,660225.0,355200.0,578175.0,240675.0,945525.0,292275.0,577125.0,229575.0,143325.0,390150.0,194325.0,472125.0,231450.0,544650.0,236850.0,1096650.0,417750.0,1310025.0,289050.0,276900.0,130125.0,176325.0,30750.0,83925.0,17325.0,198075.0,39075.0,48675.0,0.1762606541112571,53.8,229575.0,0.1733304784452933,60.8,143325.0,0.1711362708410831,69.4,390150.0,0.1682505701834976,78.4,194325.0,0.1654331526448242,88.6,472125.0,0.1618487922395759,99.2,231450.0,0.1607024816555838,113.95,544650.0,0.1578081059407934,128.25,236850.0,0.1558073242996581,145.3,1096650.0,0.1557215804832969,166.6,417750.0,0.1525813769476553,392.2,2462625.0,0.1514403829075763,180.2,484800.0,0.1493170464307031,154.95,741675.0,0.1490317650686294,134.1,209475.0,0.1476217839015747,113.9,660225.0,0.1469006380807442,96.55,355200.0,0.1467982560388041,81.8,578175.0,0.1462983974179771,68.4,240675.0,0.1465963617389842,57.45,945525.0,0.146600920431812,47.7,292275.0,0.1475384739410167,40.05,577125.0,0.0032259473520028,-0.0032643305169521,0.006490277868955,-1.9191582474625823e-05,0.1525621853651806,0.0081211047079285,-0.0049595930460805,0.013080697754009,0.001580755830924,0.1541621327785793,0.0128517756971689,-0.0057831209088511,0.0186348966060201,0.0035343273941589,0.1561157043418142,0.0185548938934278,-0.0059850152086711,0.0245399091020989,0.0062849393423783,0.1588663162900336,0.0236792771636018,-0.0050429030066385,0.0287221801702404,0.0093181870784816,0.1618995640261369,0.1521395120346381,-0.0145585044710436,0.0079157782541295,0.0005317523965105,0.6755524960125047,0.02534382530314648,500,298.34999999999997,144.70000000000073,153.64999999999924,201.65000000000003,147.64999999999924,2025Q2
2025-07-03,2025-07-01,25538.75,25545.8,-0.0005167249540362,0.0327540574617192,0.0021320542313151,-5.491255416350108,-4.667438177945074,-4.760484722275488,-0.004888560553996,492.0,447.0,398.4,360.2,318.2,280.35,241.35,206.55,173.65,144.5,118.95,96.75,77.75,61.5,48.35,37.1,29.25,22.7,17.55,13.65,10.4,14.7,18.6,23.1,29.25,37.1,46.9,58.35,73.0,91.65,111.25,135.9,163.45,194.75,228.4,264.95,305.0,345.0,390.3,436.95,480.0,532.4,0.005676601082705,0.0753432218763243,2.986666666666667,25397.4,0.1588675164639663,25533.043710305923,25550,0.006183409436834,0.0252388877874286,-3.679369307754339,2.986666666666667,-3.418728432613958,0.0005167249540362,2025,0.0835242945876419,6.727823505428147e-05,0.0001560623769199,0.1043093628728149,8.878414186569894e-05,0.4310983619631641,0.0545581535911513,-9.606673775487286,-8.765254778583108,-5.08588547082877,0.0001115264368199,0.7146273113420732,0.0245678570422299,4.453594010000158e-05,-0.8414189969036612,1,0,1,300.0,4650.0,2550.0,25725.0,25575.0,59925.0,36900.0,290625.0,360975.0,1793250.0,1701750.0,1977600.0,639225.0,1101450.0,431850.0,652350.0,334350.0,578475.0,233250.0,791850.0,214950.0,163500.0,366225.0,165825.0,623475.0,321225.0,617925.0,417375.0,788550.0,596925.0,1480125.0,1087950.0,693075.0,213150.0,134475.0,30825.0,57225.0,7575.0,11025.0,3750.0,8925.0,4650.0,0.1801456171626825,14.7,163500.0,0.1769644258135284,18.6,366225.0,0.172928667964881,23.1,165825.0,0.170075570176947,29.25,623475.0,0.1676666138501353,37.1,321225.0,0.1655340489881618,46.9,617925.0,0.1627480536733804,58.35,417375.0,0.1611749590400126,73.0,788550.0,0.1612820146725933,91.65,596925.0,0.1588204209197393,111.25,1480125.0,0.1588675164639663,254.85,2789700.0,0.158940456240804,96.75,1977600.0,0.1592333412529899,77.75,639225.0,0.1593575821489793,61.5,1101450.0,0.1601405808182358,48.35,431850.0,0.1601568417050672,37.1,652350.0,0.1626282332203465,29.25,334350.0,0.1645547021023193,22.7,578475.0,0.1666256134039907,17.55,233250.0,0.1691974683710186,13.65,791850.0,0.1710848642177111,10.4,214950.0,0.0024144982086269,0.0003658247890236,0.0020486734196033,0.0013901614988253,0.1602576779627916,0.0038805372094141,0.0012730643542694,0.0026074728551446,0.0025768007818418,0.1614443172458081,0.0087990973861689,0.0037607167563802,0.0050383806297887,0.0062799070712746,0.1651474235352409,0.0140611515009147,0.0077580969400244,0.0063030545608903,0.0109096242204695,0.1697771406844359,0.0212781006987161,0.0122173477537448,0.0090607529449713,0.0167477242262305,0.1756152406901968,0.1591103811550214,-0.0033648507503548,0.0067432437090544,0.0004801654551506,0.6990453838444717,0.0252556085961486,500,229.75000000000003,152.59999999999854,77.15000000000148,270.25,71.15000000000148,2025Q3
2025-08-07,2025-08-04,24642.75,24624.35,0.0017750998066939,0.0221075317947534,0.0032484516237027,-4.53454356362384,-4.625395548910253,-5.122747001860156,-0.0078419056952311,566.05,518.8,478.0,434.5,389.65,347.0,307.3,267.75,231.75,197.85,167.5,139.6,115.35,93.4,75.2,59.7,47.2,37.0,29.0,22.65,17.85,15.05,18.2,22.2,27.2,33.25,40.95,49.8,61.4,75.05,91.35,110.75,132.05,157.9,186.0,217.95,251.8,290.4,329.1,371.85,414.5,459.0,0.0063812886624528,0.0798829685380612,3.986666666666667,24626.65,0.1476730520201052,24706.780391411132,24650,0.0089231354642313,0.0218073302929327,-3.8255091137377266,3.986666666666667,-3.811836923326865,0.0017750998066939,2025,0.067790083482044,0.0001009526619086,0.000194589762317,0.1063653428606937,9.363710040842846e-05,0.5187973956417503,0.0413077091594114,-9.20085884496818,-8.544616998449946,-4.719107884712219,0.000138703458584,0.7127993627848638,0.0229964658587834,5.5886303733005354e-05,-0.6562418465183015,1,0,1,375.0,0.0,8325.0,1275.0,14250.0,9075.0,59550.0,49050.0,404325.0,468825.0,1851300.0,1459950.0,1710900.0,906675.0,1205625.0,612000.0,810225.0,537375.0,1017900.0,324375.0,434100.0,265275.0,200625.0,422175.0,257475.0,491100.0,354375.0,479550.0,417825.0,957150.0,660375.0,1638975.0,940500.0,748950.0,165375.0,210750.0,42600.0,62025.0,5550.0,33675.0,375.0,4125.0,0.1737205162105957,15.05,265275.0,0.1699306714317644,18.2,200625.0,0.1665192035155532,22.2,422175.0,0.1633693521173574,27.2,257475.0,0.1601846155356688,33.25,491100.0,0.1575918917045102,40.95,354375.0,0.1544138968686575,49.8,479550.0,0.152532729216773,61.4,417825.0,0.1505304897644579,75.05,957150.0,0.1488382030729586,91.35,660375.0,0.1476730520201052,278.25,3490275.0,0.1455344399564844,132.05,940500.0,0.1458655015670109,115.35,1710900.0,0.1446880229003986,93.4,906675.0,0.1445015889399699,75.2,1205625.0,0.1443221811219765,59.7,612000.0,0.1448275873028872,47.2,810225.0,0.145530099629199,37.0,537375.0,0.1467867661131421,29.0,1017900.0,0.1482636791308261,22.65,324375.0,0.1504013765930097,17.85,434100.0,0.0028574377443527,-0.0018075504530942,0.004664988197447,0.0005249436456292,0.1481979956657344,0.0067408448485523,-0.0031714630801353,0.0099123079286876,0.0017846908842085,0.1494577429043137,0.0125115635155635,-0.0028454647172179,0.0153570282327815,0.0048330493991728,0.152506101419278,0.018846151495448,-0.000886285906963,0.019732437402411,0.0089799327942425,0.1566529848143477,0.0260474641904905,0.0027283245729045,0.023319139617586,0.0143878943816975,0.1620609464018027,0.1460839991069631,-0.006605138604592,0.0066662717259668,0.0002853388952185,0.6984797852974093,0.0252556085961486,500,245.34999999999997,23.349999999998545,222.00000000000145,254.65000000000003,216.00000000000145,2025Q3
2026-01-27,2026-01-27,25007.5,24981.3,-0.0021328740164406,0.2793270129283891,0.0047985604318704,-4.52791082694731,-4.186432958903675,-5.125468191092645,-0.0101498930315938,525.0,474.8,431.85,392.4,343.55,298.0,259.2,217.45,184.05,149.25,119.6,92.65,70.8,53.75,38.4,28.05,19.8,14.0,9.6,6.8,5.1,3.6,4.7,6.2,8.85,12.9,18.55,26.15,37.05,49.65,67.5,87.6,112.05,140.75,170.15,208.55,244.1,286.9,338.35,379.3,427.35,473.75,0.019636201049568,0.14012922981865,0.9866666666666668,25234.1,0.3882824919345318,25032.001351626717,25000,0.0007039573820395,0.1507632935428897,-1.892044264556972,0.9866666666666668,-1.275372094172163,0.0021328740164406,2026,0.2481532621158817,7.688248029989588e-05,0.0001061309334301,0.3304764441277517,2.924845313020941e-05,0.7244116094628379,0.05780604780678,-9.473232531857295,-9.150837005071343,-7.258792740514372,6.413421859585704e-05,0.6042933621995698,0.0864460170821483,4.1996714834248254e-05,-0.322395526785901,1,0,0,27365.0,6500.0,8450.0,16250.0,66365.0,31915.0,311545.0,130845.0,770640.0,1095185.0,4192240.0,3684720.0,5000645.0,3347955.0,4429880.0,3005340.0,4471935.0,2550015.0,3226470.0,1777555.0,2640690.0,2845505.0,1160510.0,2553915.0,2473965.0,4250675.0,4273360.0,5636475.0,4569500.0,8082490.0,7151755.0,14012505.0,6808035.0,5515965.0,1735045.0,1516775.0,301340.0,476385.0,103545.0,130845.0,19500.0,66495.0,0.437316393077137,3.6,2845505.0,0.4230130985733038,4.7,1160510.0,0.4090528888898729,6.2,2553915.0,0.4019548920110793,8.85,2473965.0,0.398104291201262,12.9,4250675.0,0.3947942871830697,18.55,4273360.0,0.3914308076795464,26.15,5636475.0,0.3924390235846535,37.05,4569500.0,0.3875103404260334,49.65,8082490.0,0.3907770125056182,67.5,7151755.0,0.3882824919345318,207.2,18204745.0,0.3825613489787369,92.65,3684720.0,0.3813828432468573,70.8,5000645.0,0.3843869159909078,53.75,3347955.0,0.3796619610408223,38.4,4429880.0,0.3836622374387318,28.05,3005340.0,0.3854049139670376,19.8,4471935.0,0.3897307696152929,14.0,2550015.0,0.3925166429030409,9.6,3226470.0,0.3996195874904045,6.8,1777555.0,0.4117156360710112,5.1,2640690.0,-0.0007721515084984,-0.0068996486876744,0.006127497179176,-0.0038359000980864,0.3844465918364453,0.0031483157450146,-0.0086205308937094,0.0117688466387241,-0.0027361075743473,0.3855463843601844,0.0098217992667302,-0.0028775779674941,0.0126993772342244,0.003472110649618,0.3917546025841498,0.0207703969553411,0.0042341509685091,0.016536245986832,0.0125022739619251,0.4007847658964569,0.0490339011426051,0.0234331441364794,0.0256007570061257,0.0362335226395423,0.4245160145740741,0.3850463474132616,-0.0053808322920889,0.0036665248039445,0.0020518756684287,0.6033821643160916,0.025235036281386642,500,198.5,234.09999999999857,-35.599999999998545,301.5,-41.599999999998545,2026Q1
2026-02-03,2026-01-28,25335.45,25343.25,0.0030497198745062,0.0946195970009127,0.0043654247309599,-3.768011967213944,-4.1047829192064835,-5.034952090734365,0.0067337778065852,607.5,566.85,524.65,488.05,451.95,415.75,379.4,347.2,315.6,284.0,257.5,230.75,207.15,182.95,163.6,144.3,125.5,110.6,97.1,84.25,72.8,79.85,89.0,99.95,110.7,122.95,136.95,152.75,168.75,186.9,208.75,229.9,252.4,277.7,307.5,335.45,365.0,398.6,431.65,468.6,505.0,545.0,0.0574417208619112,0.2396700249549602,5.986666666666666,25714.8,0.183954121867174,25377.62840227515,25350,0.0171423135464231,0.0338391189519231,-3.386137780282721,5.986666666666666,-2.3578906679203895,0.0030497198745062,2026,-0.0557159030877862,0.0013646207760316,0.0005800807872085,0.2821442944179664,-0.000784539988823,2.352466770358632,-0.0981901725507924,-6.596878708701307,-7.452343175832877,-4.066205395550156,0.0003448724253416,0.5945248195536117,0.0421154949394386,0.0002352083618668,0.8554644671316637,0,1,0,3055.0,10140.0,6240.0,120315.0,21450.0,137475.0,127465.0,501735.0,499850.0,1730820.0,1398085.0,1057030.0,547560.0,1422135.0,634140.0,646945.0,336635.0,602095.0,450320.0,559715.0,299130.0,81185.0,177775.0,115375.0,437385.0,170625.0,322920.0,235105.0,620360.0,418275.0,1099995.0,636740.0,319215.0,86515.0,156390.0,15145.0,30550.0,10595.0,12025.0,1885.0,5135.0,650.0,0.2012776240771042,79.85,81185.0,0.1990626622961716,89.0,177775.0,0.1976545822041128,99.95,115375.0,0.1950686157524016,110.7,437385.0,0.19285778051485,122.95,170625.0,0.1911203831650265,136.95,322920.0,0.1897865288506804,152.75,235105.0,0.1875039762870951,168.75,620360.0,0.1857904783825952,186.9,418275.0,0.1857446860696126,208.75,1099995.0,0.183954121867174,487.4,2034825.0,0.1824963339953471,230.75,1057030.0,0.1821803784850578,207.15,547560.0,0.1801465325612375,182.95,1422135.0,0.180581763964002,163.6,634140.0,0.179807999913348,144.3,646945.0,0.1781225340949165,125.5,336635.0,0.1783983158909451,110.6,602095.0,0.178676961314039,97.1,450320.0,0.17831057845498,84.25,559715.0,0.1780244816448896,72.8,299130.0,0.0018363565154211,-0.0017737433821161,0.0036100998975373,3.130656665253917e-05,0.1839854284338265,0.0058324069835064,-0.0033723579031719,0.0092047648866783,0.0012300245401672,0.1851841464073412,0.008903658647676,-0.0058315877722574,0.0147352464199334,0.0015360354377092,0.1854901573048832,0.0137004603369388,-0.0052771605531349,0.0189776208900737,0.0042116498919019,0.1881657717590759,0.0173235022099302,-0.0059296402222843,0.0232531424322146,0.0056969309938229,0.1896510528609969,0.1832743070437606,-0.0136772548682343,0.0074361921418325,0.0004584595184238,0.5945167781152462,0.025235036281386642,500,334.75,364.7999999999993,-30.049999999999272,165.25,-36.04999999999927,2026Q1
2026-02-10,2026-02-04,25712.55,25732.3,0.0013875444347775,0.0745867246880944,0.0069265786551702,-1.574364507989284,-3.248530212237521,-4.38075802118675,0.024999973118958,527.9,479.1,437.85,399.7,360.05,323.5,289.95,257.95,226.65,198.2,172.65,147.55,128.6,109.95,94.2,78.75,67.85,56.75,47.65,40.15,33.9,46.1,53.95,61.3,71.5,83.9,95.95,111.25,128.0,149.0,169.25,193.55,222.2,248.7,281.0,313.75,351.1,386.1,427.45,470.5,509.35,554.25,0.0073196124673922,0.0855547337520974,4.986666666666666,25916.8,0.1364548018559635,25679.07849248005,25700,0.0171423135464231,0.0186199129495502,-3.983523682248856,4.986666666666666,-2.5957927408506807,0.0013875444347775,2026,0.050900068103866,0.0001448431250161,0.0003191883859882,0.0919208911124996,0.0001743452609721,0.4537856995255243,0.0445339107434639,-8.839859297656663,-8.049729077799016,-4.066205395550156,0.0002111092730912,0.6613939678212358,0.0254813901476222,0.000108079112897,-0.7901302198574979,1,0,1,845.0,11375.0,5460.0,11960.0,8580.0,95875.0,31460.0,246090.0,273715.0,1119430.0,870155.0,924755.0,371020.0,574795.0,300040.0,851955.0,172965.0,261885.0,491985.0,345930.0,166270.0,114205.0,290030.0,121550.0,314210.0,173485.0,687310.0,376740.0,596050.0,491075.0,1230580.0,626600.0,647075.0,87620.0,135525.0,32630.0,86255.0,1430.0,7020.0,2535.0,23205.0,1690.0,0.1513838038322615,46.1,114205.0,0.1497798901589218,53.95,290030.0,0.1464995850616091,61.3,121550.0,0.1449240692242505,71.5,314210.0,0.1440373496840298,83.9,173485.0,0.1414700923635046,95.95,687310.0,0.1402461682287076,111.25,376740.0,0.1387034836997573,128.0,596050.0,0.1389056887857517,149.0,491075.0,0.1369598563691584,169.25,1230580.0,0.1364548018559635,366.2000000000001,1496755.0,0.13472658359044,147.55,924755.0,0.1360177798813578,128.6,371020.0,0.1359572789686446,109.95,574795.0,0.136632723438314,94.2,300040.0,0.1359615697140813,78.75,851955.0,0.1377939919241046,67.85,172965.0,0.1380118328366233,56.75,261885.0,0.1387853264872427,47.65,491985.0,0.1399596379099608,40.15,345930.0,0.1413742710629672,33.9,166270.0,0.0024508869297882,-0.0004370219746056,0.0028879089043938,0.0010069324775912,0.1374617343335547,0.0037913663727441,0.0001779215823505,0.0036134447903936,0.0019846439775473,0.1384394458335108,0.0075825478280663,0.0013391900681411,0.0062433577599252,0.0044608689481037,0.1409156708040672,0.0100447832056456,0.0023305246312792,0.0077142585743663,0.0061876539184624,0.1426424557744259,0.014929001976298,0.0049194692070037,0.0100095327692942,0.0099242355916508,0.1463790374476144,0.1365438475687337,-0.0056963452004097,0.0101036773123207,0.0005468393814995,0.6617825157888498,0.025235036281386642,500,286.20000000000005,216.79999999999927,69.40000000000077,213.79999999999995,63.40000000000077,2026Q1
2026-03-02,2026-02-25,25562.2,25560.85,0.0019266017894819,0.0409054911997088,0.0028870754473401,-4.490230307103853,-4.753427199247916,-4.419723733982253,-0.0095282094080756,579.05,528.0,482.9,439.0,395.8,355.0,315.5,277.0,240.9,207.45,177.1,149.85,125.85,104.3,85.75,69.5,56.5,45.9,37.15,30.1,24.5,27.45,31.2,35.85,41.3,48.5,56.85,66.85,78.85,93.2,110.15,129.8,152.0,177.3,206.05,237.5,271.55,307.7,348.3,388.8,431.7,476.6,0.0238833741019099,0.154542466985324,3.986666666666667,24849.75,0.1244817479320394,25597.34089220944,25550,0.0144025875190258,0.0154957055682158,-4.167192353560289,3.986666666666667,-3.1964909657837497,0.0019266017894819,2026,-0.0300607190532845,0.0003778375056333,0.0002231782556152,0.1619691381471835,-0.0001546592500181,1.6929852981945914,-0.0374873902151441,-7.881046334046019,-8.40753975328134,-4.240347399721049,0.0001548978134022,0.6940542346977312,0.0207761064786961,6.828044221304327e-05,0.5264934192354573,0,1,0,390.0,7670.0,2470.0,16770.0,10075.0,94575.0,76180.0,448695.0,347165.0,1948050.0,1814735.0,2745470.0,991770.0,1427205.0,971295.0,1028625.0,540540.0,550745.0,395915.0,822380.0,272025.0,121550.0,229125.0,186355.0,396240.0,471835.0,391235.0,267930.0,707720.0,500955.0,1191970.0,865995.0,877305.0,207285.0,241605.0,51805.0,78195.0,12285.0,13065.0,2600.0,29835.0,1885.0,0.1532366576174379,27.45,121550.0,0.1489344368992638,31.2,229125.0,0.1450120177796243,35.85,186355.0,0.1411016218047626,41.3,396240.0,0.1381359763333194,48.5,471835.0,0.1350797811611503,56.85,391235.0,0.1322609606485973,66.85,267930.0,0.1297678009546148,78.85,707720.0,0.1276657984783322,93.2,500955.0,0.1259384784326277,110.15,1191970.0,0.1244817479320394,306.9,2680730.0,0.1234555504163455,149.85,2745470.0,0.1229457339716779,125.85,991770.0,0.1222898870422253,104.3,1427205.0,0.1219954131094286,85.75,971295.0,0.1215513911375573,69.5,1028625.0,0.1220317163124692,56.5,540540.0,0.1229486340079881,45.9,550745.0,0.1240244207355832,37.15,395915.0,0.1254040217984083,30.1,822380.0,0.1271330032353481,24.5,272025.0,0.0031840505462928,-0.0015360139603614,0.0047200645066543,0.0008240182929656,0.125305766225005,0.0077792127165579,-0.0024863348226107,0.0102655475391686,0.0026464389469736,0.127128186879013,0.01365422840128,-0.0024500316195701,0.0161042600208501,0.0056020983908549,0.1300838463228943,0.0205302698475849,-0.0004573271964561,0.020987597044041,0.0100364713255644,0.1345182192576038,0.0287549096853985,0.0026512553033087,0.0261036543820897,0.0157030824943536,0.140184830426393,0.1235085565218364,-0.0078226144086783,0.0087737665957083,0.0001822696053679,0.6945905387141373,0.025235036281386642,500,254.95,500.0,-245.05,245.05,-251.05,2026Q1
2026-03-17,2026-03-17,23393.2,23380.5,-0.0041651842361117,0.3038990343069645,0.0056811381085102,-3.4049638008582557,-3.504868120556838,-4.013582313034133,0.0079396030325956,484.9,436.25,386.8,339.0,293.75,247.85,206.65,166.7,129.05,98.25,71.55,52.2,35.45,24.45,16.5,10.75,7.4,5.15,3.7,2.75,2.25,3.5,4.6,6.1,8.65,11.85,17.15,24.05,34.25,48.55,66.15,90.0,119.8,153.9,192.5,233.55,280.75,326.55,374.0,423.8,476.0,520.55,0.0218651101551668,0.1478685570199658,0.9866666666666668,23558.8,0.3249044729262245,23381.54922070272,23400,0.0007039573820395,0.1055629165274677,-2.2484481386317996,0.9866666666666668,-1.1910597567315508,0.0041651842361117,2026,0.1770359159062587,8.56094260043568e-05,7.431179435913044e-05,0.3487286341721987,-1.1297631645226368e-05,1.1520301284965306,-0.0238241612459741,-9.365715164005668,-9.507240879146172,-7.258792740514372,4.785447939427125e-05,0.6439688316904641,0.0641762082021417,2.6457314964859187e-05,0.1415257151405042,0,1,0,17745.0,2990.0,127205.0,25285.0,99515.0,79820.0,380445.0,294710.0,1284985.0,1810575.0,6110000.0,3665740.0,6882850.0,2657070.0,3206970.0,3459560.0,3321500.0,2173925.0,3111160.0,1512030.0,1806610.0,1611935.0,1090440.0,3228160.0,1621880.0,2205710.0,1326585.0,3008395.0,2206425.0,4044885.0,3439540.0,5897320.0,1704040.0,1749735.0,332800.0,397735.0,36855.0,71500.0,9360.0,60970.0,13455.0,3510.0,0.4289981907914702,3.5,1611935.0,0.4122927584363926,4.6,1090440.0,0.395537497634073,6.1,3228160.0,0.3841165530990661,8.65,1621880.0,0.3692989912401701,11.85,2205710.0,0.3604832064479293,17.15,1326585.0,0.3489016698984503,24.05,3008395.0,0.341082533803158,34.25,2206425.0,0.3360908015648141,48.55,4044885.0,0.3273103253397814,66.15,3439540.0,0.3249044729262245,161.55,12007320.0,0.3305120298227575,52.2,3665740.0,0.32775438493185,35.45,6882850.0,0.3334121871531311,24.45,2657070.0,0.3390381004257407,16.5,3206970.0,0.3432146499613093,10.75,3459560.0,0.3538435657456029,7.4,3321500.0,0.3653688108595592,5.15,2173925.0,0.3788995400862475,3.7,3111160.0,0.3941033744600091,2.75,1512030.0,0.4147365637561864,2.25,1806610.0,0.0111863286385896,0.0028499120056255,0.008336416632964,0.0070181203221075,0.331922593248332,0.0239971969722258,0.0141336274995161,0.0098635694727096,0.0190654122358709,0.3439698851620955,0.0443945183139456,0.0289390928193784,0.0154554254945671,0.036666805566662,0.3615712784928865,0.0706330247078485,0.053995067160023,0.0166379575478254,0.0623140459339358,0.3872185188601603,0.1040937178652457,0.0898320908299619,0.0142616270352838,0.0969629043476038,0.4218673772738283,0.3284608786441718,-0.0082903944742925,0.0155378640957369,0.0017883683494531,0.643228334469994,0.025235036281386642,500,155.8,158.79999999999927,-2.999999999999261,344.2,-8.999999999999261,2026Q1
2026-03-24,2026-03-24,22789.8,22776.05,-0.0040864114889238,0.1559019490380154,0.0054585823482434,-2.012533439667385,-3.1493803069821573,-3.625498096681427,-0.028142904474954,501.5,457.95,405.75,356.7,315.5,272.4,236.1,198.9,167.35,137.8,109.35,86.55,70.25,52.1,39.0,28.6,21.05,14.7,10.4,7.45,5.5,7.45,10.0,13.15,18.8,25.5,32.45,44.7,58.6,75.05,96.0,121.9,148.85,174.85,212.15,249.45,288.8,328.85,376.85,419.95,470.95,506.6,0.0351635671699213,0.1875195114379337,0.9866666666666668,22958.4,0.4788139647465067,22787.449469908897,22800,0.0007039573820395,0.2292628128362689,-1.4728862791728208,0.9866666666666668,-1.8585280011491168,0.0040864114889238,2026,0.2912944533085729,0.0001376774587605,0.0001613912495232,0.4422402194373142,2.3713790762693276e-05,0.8530664405118212,0.0365737453091925,-8.890596863810224,-8.731679019687194,-7.258792740514372,9.049989869457128e-05,0.5607484851992803,0.1202630269280931,7.089135082866046e-05,-0.1589178441231121,1,0,0,10400.0,5070.0,35295.0,33605.0,331695.0,106340.0,357695.0,258180.0,1038765.0,1363245.0,4306185.0,2483390.0,3105245.0,1672125.0,5143775.0,1440855.0,2168725.0,1472705.0,3047980.0,1221220.0,2173730.0,1744145.0,1053975.0,2370095.0,1037465.0,3443830.0,1334840.0,2508545.0,1636440.0,3093025.0,3079505.0,4255355.0,1648660.0,1228240.0,364065.0,615225.0,40170.0,87750.0,14170.0,71760.0,12740.0,11570.0,0.5148613308166167,7.45,1744145.0,0.5050518318787619,10.0,1053975.0,0.4930895868791771,13.15,2370095.0,0.4936121562447629,18.8,1037465.0,0.4890260162594402,25.5,3443830.0,0.4747410720044928,32.45,1334840.0,0.4784177998906608,44.7,2508545.0,0.4758796325890602,58.6,1636440.0,0.471287220733858,75.05,3093025.0,0.4719856169061109,96.0,3079505.0,0.4788139647465067,231.25,8561540.0,0.476690792143748,86.55,2483390.0,0.4884046191657994,70.25,3105245.0,0.4778161999972866,52.1,1672125.0,0.4765103660697877,39.0,5143775.0,0.4754266115395627,28.6,1440855.0,0.4783115918416732,21.05,2168725.0,0.476203852697047,14.7,1472705.0,0.4785644302096911,10.4,3047980.0,0.4838689201921346,7.45,1221220.0,0.4929187051790524,5.5,2173730.0,-0.0075267440126486,0.0095906544192927,-0.0171173984319414,0.0010319552033219,0.4798459199498287,-0.0003961648558458,-0.002303598676719,0.0019074338208731,-0.0013498817662824,0.4774640829802242,0.0102120515129335,-0.0005023729048334,0.0107144244177669,0.00485483930405,0.4836688040505568,0.0142756221326703,-0.0002495345368156,0.014525156669486,0.0070130437979273,0.485827008544434,0.0360473660701099,0.0141047404325457,0.0219426256375642,0.0250760532513277,0.5038900179978345,0.4762728178499133,-0.0010722207503745,0.004101157840925,0.0048404900098844,0.5596669596552948,0.025235036281386642,500,218.3,158.40000000000146,59.89999999999856,281.7,53.89999999999856,2026Q1
2026-03-30,2026-03-30,22521.2,22508.2,-0.001206955225159,0.209860189817877,0.0065671456227908,-3.2268798875942113,-2.9213529230008186,-3.4066163426711515,-0.0203480589549075,515.55,462.0,415.0,371.15,335.55,295.15,250.8,215.4,182.55,151.2,117.3,98.65,74.8,56.35,42.15,31.6,22.0,15.2,10.2,7.4,5.75,6.1,8.3,11.05,16.4,22.5,30.8,41.65,54.05,70.45,89.65,114.95,137.0,166.15,198.85,231.5,270.4,311.0,360.45,398.55,449.6,495.25,0.0245278894985626,0.1566138228208565,0.9866666666666668,22379.2,0.4875784443868983,22502.35009926009,22500,0.0007039573820395,0.2377327394307476,-1.4366081798524877,0.9866666666666668,-1.56131373275513,0.001206955225159,2026,0.3309646215660418,9.6035122904425e-05,0.0001673537168747,0.3693531987157326,7.13185939703227e-05,0.5738451747462557,0.1182252456711657,-9.25079656982044,-8.695400920366861,-7.258792740514372,9.323787222941512e-05,0.55713057331853,0.1236441406786093,7.411584464533258e-05,-0.5553956494532946,1,0,1,35880.0,1105.0,37700.0,3315.0,37700.0,12610.0,106730.0,90480.0,339365.0,535340.0,2544360.0,1616680.0,1910155.0,1347710.0,2023060.0,1220830.0,2066090.0,1477385.0,2156440.0,802100.0,2655835.0,2837380.0,1214655.0,2046070.0,1432665.0,1667965.0,981760.0,2054195.0,1102790.0,2295995.0,1714440.0,4518865.0,1470430.0,1113710.0,318110.0,347555.0,115375.0,297960.0,71370.0,108030.0,35035.0,141050.0,0.5126729555690192,6.1,2837380.0,0.5031196949814234,8.3,1214655.0,0.4914416198442316,11.05,2046070.0,0.495068747762217,16.4,1432665.0,0.4907440561323905,22.5,1667965.0,0.4887851470381106,30.8,981760.0,0.4882515520455952,41.65,2054195.0,0.4821876034680444,54.05,1102790.0,0.4814801462949156,70.45,2295995.0,0.4788469366416169,89.65,1714440.0,0.4875784443868983,232.25,7063225.0,0.5074320922036708,98.65,1616680.0,0.4910527663669948,74.8,1910155.0,0.4832183879651029,56.35,1347710.0,0.4804817842697327,42.15,2023060.0,0.4826983753148431,31.6,1220830.0,0.4756397570203324,22.0,2066090.0,0.4723998311117534,15.2,1477385.0,0.4691987792999235,10.2,2156440.0,0.4769796136429333,7.4,802100.0,0.4918232865113298,5.75,2655835.0,-0.0060982980919826,0.0034743219800965,-0.0095726200720792,-0.001311988055943,0.4862664563309552,0.0006731076586969,-0.0070966601171655,0.0077697677758625,-0.0032117762292343,0.4843666681576639,0.0031656117454922,-0.0119386873665658,0.0151042991120581,-0.0043865378105368,0.4831919065763614,0.0038631754573333,-0.0183796650869748,0.0222428405443081,-0.0072582448148207,0.4803201995720775,0.0250945111821208,0.0042448421244315,0.0208496690576893,0.0146696766532761,0.5022481210401745,0.4881833045383757,-0.003376585799399,-0.0052969310464775,0.0071268514834508,0.5560357373993405,0.025235036281386642,500,220.4,120.79999999999929,99.60000000000072,279.6,93.60000000000072,2026Q1
2026-04-07,2026-04-01,22888.6,22894.7,-0.0005241777082409,0.2076098088031244,0.0040740805466476,-2.45620310766879,-2.698728408066581,-3.314160560878648,-0.0203595370867225,650.0,610.3,575.0,538.6,504.5,471.7,438.5,408.05,377.3,350.1,323.05,296.9,271.85,249.05,228.15,207.5,188.5,170.8,154.5,139.45,125.4,144.15,156.6,169.6,183.0,200.0,216.35,234.5,252.85,274.1,293.5,315.75,342.05,368.85,394.55,423.0,449.5,483.4,514.05,544.65,576.45,609.4,0.0596561953588361,0.2442461777773322,3.986666666666667,23129.95,0.2672613478028307,22907.307512195963,22900,0.0171423135464231,0.0714286280293856,-2.6390565372041737,3.986666666666667,-1.5720948802366184,0.0005241777082409,2026,0.0230151700254984,0.0009437673234016,0.0012244519378705,0.2346376773721808,0.0002806846144688,0.7707671442318923,0.0326236704306498,-6.965630901647184,-6.705261932754331,-4.066205395550156,0.0006371209705194,0.5203315465590918,0.0744750192130567,0.000587330967351,-0.2603689688929081,1,0,0,28860.0,11050.0,89440.0,25025.0,54340.0,9360.0,109005.0,65975.0,392080.0,346970.0,825370.0,258505.0,790010.0,117585.0,234325.0,148850.0,418145.0,125710.0,230230.0,91585.0,197015.0,205010.0,60840.0,309075.0,74880.0,140465.0,66560.0,163930.0,73255.0,422305.0,387725.0,490620.0,85670.0,215085.0,10530.0,57200.0,3900.0,15340.0,1105.0,9295.0,65.0,5395.0,0.2867973746866195,144.15,205010.0,0.2847156639471028,156.6,60840.0,0.2823006078600595,169.6,309075.0,0.2793996711932389,183.0,74880.0,0.2788947353098334,200.0,140465.0,0.2768368287445095,216.35,66560.0,0.2754120622701411,234.5,163930.0,0.2731915034560687,252.85,73255.0,0.2724606423359816,274.1,422305.0,0.2691673435770029,293.5,387725.0,0.2672613478028307,638.8,1315990.0,0.2656175475403777,296.9,258505.0,0.2638444935475426,271.85,790010.0,0.2629032317999394,249.05,117585.0,0.2625165018278503,228.15,234325.0,0.2612785877241857,207.5,148850.0,0.2604010636141496,188.5,418145.0,0.2596040126124481,170.8,125710.0,0.2590103041470417,154.5,230230.0,0.2585223578899207,139.45,91585.0,0.2579346534722566,125.4,197015.0,0.0051992945331509,-0.003416854255288,0.008616148788439,0.0008912201389314,0.2681525679417621,0.0081507144673104,-0.0047448459749803,0.0128955604422907,0.001702934246165,0.2689642820489957,0.0116333875070027,-0.006860284188681,0.0184936716956837,0.0023865516591608,0.2696478994619915,0.0150392600572288,-0.0082510436557889,0.0232903037130178,0.0033941082007199,0.2706554560035506,0.0195360268837888,-0.009326694330574,0.0288627212143628,0.0051046662766073,0.272366014079438,0.2673604117379123,-0.0253816292689472,0.0151797158933961,0.0005529285512028,0.5836269192010588,0.02802453341980604,500,369.25,229.95000000000073,139.29999999999927,130.75,133.29999999999927,2026Q2
2026-04-13,2026-04-08,23898.0,23918.0,0.0018762399468272,0.0567877644928328,0.0046175412168381,-3.1673124362910308,-2.6097008428274737,-3.053972551676509,0.0073986980856282,569.05,528.4,488.1,453.3,417.7,381.3,349.0,320.15,290.3,261.1,236.65,211.1,189.5,167.85,149.35,131.5,114.05,100.6,87.9,76.1,65.2,88.35,98.1,109.5,121.9,136.0,151.05,168.0,186.6,207.2,229.05,253.8,278.75,306.3,336.2,364.0,383.6,432.25,459.55,504.0,527.7,576.55,0.0397267588850179,0.199315726637458,3.986666666666667,23818.9,0.2144917942276846,23882.835173332092,23900,0.0144025875190258,0.0460067297910114,-3.078967593389219,3.986666666666667,-2.8684343903185066,0.0018762399468272,2026,0.0151760675902265,0.0006284815294508,0.0006626159522792,0.208894015298167,3.413442282840099e-05,0.9484853591118836,0.0055977789295175,-7.372203918670014,-7.319314993110268,-4.240347399721049,0.0003787310686551,0.5715695001794361,0.0523312455373858,0.000283884883624,-0.0528889255597454,1,0,0,68900.0,13065.0,172315.0,22100.0,76115.0,12675.0,167115.0,90805.0,696670.0,481000.0,1402960.0,579280.0,1466920.0,269035.0,525720.0,332800.0,580320.0,302575.0,570115.0,247975.0,345020.0,221130.0,120055.0,472030.0,100165.0,240500.0,280085.0,321685.0,150280.0,772915.0,348790.0,789165.0,134095.0,372775.0,19370.0,32890.0,8515.0,47580.0,3510.0,7800.0,910.0,4225.0,0.2315567970080987,88.35,221130.0,0.2286826510377235,98.1,120055.0,0.22650308514662,109.5,472030.0,0.2241944159885225,121.9,100165.0,0.2223766023304091,136.0,240500.0,0.2202224532068778,151.05,280085.0,0.2185655098818806,168.0,321685.0,0.2170853542948105,186.6,150280.0,0.2160319527724485,207.2,772915.0,0.2146941982930195,229.05,348790.0,0.2144917942276846,490.4500000000001,2192125.0,0.212564621075347,211.1,579280.0,0.2126808372401255,189.5,1466920.0,0.2113130976621984,167.85,269035.0,0.2113554472534148,149.35,525720.0,0.2105643986262919,131.5,332800.0,0.2086438949446838,114.05,580320.0,0.2092481559773515,100.6,302575.0,0.2092540187208438,87.9,570115.0,0.2088214759881257,76.1,247975.0,0.2079565002077301,65.2,345020.0,0.0015401585447639,-0.001810956987559,0.003351115532323,-0.0001353992213975,0.214356395006287,0.004073715654196,-0.0031363469742698,0.0072100626284658,0.0004686843399631,0.2149604785676477,0.0078848081027244,-0.0058478992830007,0.0137327073857252,0.0010184544098618,0.2155102486375464,0.0120112909189354,-0.0052377755068407,0.0172490664257761,0.0033867577060473,0.2178785519337319,0.017065002780414,-0.0065352940199545,0.0236002968003685,0.0052648543802297,0.2197566486079143,0.2143518299056685,-0.0129142767114098,0.0070178850053889,0.0004806414566331,0.6266228105612364,0.02802453341980604,500,336.9000000000001,81.09999999999854,255.80000000000155,163.0999999999999,249.80000000000155,2026Q2
2026-04-21,2026-04-17,24210.55,24220.45,0.0017220194256244,0.1389178308079109,0.0053199947956572,-3.874467855495238,-3.226308917672666,-2.9645957687018947,-0.0009710684374542,535.2,498.7,450.0,407.55,370.0,331.8,295.15,263.0,229.0,200.95,174.05,147.9,125.95,104.85,88.05,71.95,58.75,47.4,37.45,29.9,23.3,39.6,46.3,54.5,64.1,75.05,87.2,101.6,117.1,135.9,155.45,178.45,203.7,230.95,261.45,292.3,328.95,363.35,401.05,442.45,484.75,525.5,0.0103633280302611,0.1018004323677516,2.986666666666667,24580.6,0.1691722219754515,24195.59691992702,24200,0.0116628614916286,0.0286192406881114,-3.553676036019496,2.986666666666667,-1.9738726659135264,0.0017220194256244,2026,0.0673717896076998,0.0001228246285067,0.000333782240141,0.102621928231065,0.0002109576116342,0.367978321599448,0.0665502937443864,-9.004753004487323,-8.00502175324178,-4.451345717222282,0.000211561085782,0.6338296659902514,0.0344884302028694,0.0001222211543589,-0.9997312512462688,1,0,1,9165.0,910.0,12675.0,6435.0,19890.0,33085.0,256685.0,85995.0,402025.0,690625.0,2169570.0,1127880.0,973245.0,606840.0,922480.0,403520.0,909285.0,344110.0,644280.0,253760.0,465010.0,247195.0,191490.0,432575.0,158990.0,367835.0,197535.0,778180.0,229970.0,735605.0,586690.0,1296620.0,384345.0,260195.0,56095.0,112970.0,8060.0,70655.0,2015.0,16640.0,845.0,5135.0,0.1889621092676063,39.6,247195.0,0.1862711859333184,46.3,191490.0,0.1842048697306464,54.5,432575.0,0.1823286216784612,64.1,158990.0,0.1803806412773977,75.05,367835.0,0.1780499460856097,87.2,197535.0,0.176351627302619,101.6,778180.0,0.1738951966035495,117.1,229970.0,0.1727895101170617,135.9,735605.0,0.1703660231794777,155.45,586690.0,0.1691722219754515,352.5,3466190.0,0.1665900288089426,147.9,1127880.0,0.1658490680625861,125.95,973245.0,0.1636718864968788,104.85,606840.0,0.1635984322417494,88.05,922480.0,0.1619733113575758,71.95,403520.0,0.1612910321895444,58.75,909285.0,0.1605608288078908,47.4,344110.0,0.1593150414401727,37.45,644280.0,0.1593401059677212,29.9,253760.0,0.158692446398626,23.3,465010.0,0.0036172881416101,-0.0033231539128654,0.0069404420544756,0.0001470671143724,0.1693192890898239,0.0071794053271675,-0.005573789733702,0.0127531950608696,0.0008028077967327,0.1699750297721842,0.0112084193019462,-0.007881189785907,0.0190896090878532,0.0016636147580195,0.1708358367334711,0.0150326477551949,-0.0098571805352787,0.0248898282904737,0.0025877336099581,0.1717599555854096,0.0197898872921548,-0.0104797755768254,0.0302696628689803,0.0046550558576647,0.1738272778331162,0.1688842043918514,-0.0143569285473404,0.0043104277818038,0.0003740933662348,0.6774467714845884,0.02802453341980604,500,289.59999999999997,380.59999999999854,-90.99999999999858,210.40000000000003,-96.99999999999858,2026Q2
2026-04-28,2026-04-22,24477.45,24482.6,0.0003452492008272,0.0266460923141871,0.0033316378952872,-4.531763638609693,-3.99611450042008,-3.133884612117059,0.0102103664495227,539.9,496.1,462.0,425.75,390.0,355.55,323.7,293.0,263.85,236.55,210.1,185.25,164.1,143.85,124.2,107.95,93.15,79.45,66.9,57.05,47.95,84.0,94.8,106.05,119.75,133.7,149.75,166.65,186.1,206.45,228.7,253.7,280.0,306.5,335.3,367.05,400.95,434.0,472.4,510.1,548.8,590.0,0.0132857567663272,0.1152638571553426,4.986666666666666,24016.5,0.1810537827117399,24456.355132637807,24500,0.0171423135464231,0.0327804722342299,-3.417922299600912,4.986666666666666,-3.625112768983139,0.0003452492008272,2026,0.0657899255563973,0.0002629033349527,0.0005619331332389,0.1238406806744723,0.0002990297982862,0.4678551937974219,0.0572131020372675,-8.24372414105702,-7.48412769515107,-4.066205395550156,0.0003359831896927,0.5979059959609272,0.0410550652201973,0.0002259499435462,-0.7595964459058666,1,0,1,40300.0,1300.0,4680.0,3185.0,37375.0,20020.0,107965.0,59280.0,336765.0,368875.0,1141790.0,315380.0,382655.0,150540.0,277810.0,111800.0,268255.0,113165.0,242190.0,94770.0,481975.0,479700.0,117715.0,151060.0,80535.0,295880.0,259805.0,361920.0,185900.0,648765.0,526110.0,944385.0,146445.0,248950.0,20930.0,58175.0,6760.0,19110.0,1820.0,4030.0,1105.0,17550.0,0.1962744340499097,84.0,479700.0,0.1946993885770467,94.8,117715.0,0.19246950188018,106.05,151060.0,0.1913856022978186,119.75,80535.0,0.1893466857862327,133.7,295880.0,0.1879281847679996,149.75,259805.0,0.1859971557756164,166.65,361920.0,0.1848866268112508,186.1,185900.0,0.1832079805176747,206.45,648765.0,0.1817203463791009,228.7,526110.0,0.1810537827117399,463.7999999999999,2086175.0,0.1791043332903998,185.25,315380.0,0.1787124550870638,164.1,382655.0,0.1776661442496763,143.85,150540.0,0.175673927081952,124.2,277810.0,0.1751412187895017,107.95,111800.0,0.1744893337518239,93.15,268255.0,0.1734168157854218,79.45,113165.0,0.1719680204097782,66.9,242190.0,0.1719307352814772,57.05,94770.0,0.1713440101541869,47.95,481975.0,0.0021541978059348,-0.002341327624676,0.0044955254306108,-9.356490937059704e-05,0.1809602178023693,0.0049433730638765,-0.0053798556297878,0.0103232286936643,-0.0002182412829556,0.1808355414287842,0.0082929030744928,-0.006564448959916,0.0148573520344088,0.0008642270572884,0.1819180097690283,0.0114157191684401,-0.0090857623019616,0.0205014814704018,0.0011649784332392,0.1822187611449791,0.0152206513381698,-0.009709772557553,0.0249304238957228,0.0027554393903083,0.1838092221020483,0.1818150724953507,-0.0151332791970394,0.0041456766034798,0.0002909650215283,0.6506735133360058,0.02802453341980604,500,331.84999999999997,483.5,-151.65000000000003,168.15000000000003,-157.65000000000003,2026Q2
2026-05-05,2026-04-29,24091.0,24118.2,-0.0002531766418644,0.0321917118471958,0.0022082935536092,-4.481787197731621,-4.365600618434693,-3.410298319265362,-0.0038938933437399,551.8,511.5,466.0,420.0,386.0,347.25,309.95,280.05,248.5,217.45,192.0,166.05,144.5,122.5,104.4,89.85,75.1,63.1,52.8,44.1,36.35,45.55,53.2,61.4,70.25,82.8,94.3,111.35,128.1,144.0,166.6,187.3,213.8,240.45,268.9,303.85,337.35,373.65,403.35,450.0,489.45,536.0,0.0185180992251172,0.1360812228969053,3.986666666666667,24052.15,0.150792988388272,24104.70483661932,24100,0.0171423135464231,0.0227385253470655,-3.783694641176502,3.986666666666667,-3.4360462556136424,0.0002531766418644,2026,0.0147117654913666,0.0002929582893285,0.0003897909310826,0.1307278679447945,9.683264175411224e-05,0.7515780023789952,0.0200651204434774,-8.135480316321324,-7.849900036726659,-4.066205395550156,0.000248775499616,0.638228034000319,0.0303257134613274,0.0001410154314666,-0.2855802795946955,1,0,0,3250.0,390.0,7735.0,6565.0,39780.0,27170.0,135395.0,78650.0,1275040.0,507455.0,2325310.0,888875.0,933140.0,270595.0,493740.0,345150.0,408330.0,258050.0,927875.0,145860.0,302770.0,283660.0,146770.0,405470.0,191100.0,471380.0,236990.0,430365.0,246090.0,853320.0,585455.0,1506700.0,376545.0,404300.0,40430.0,98865.0,12415.0,32955.0,3900.0,49595.0,910.0,5200.0,0.1662497538308587,45.55,283660.0,0.16461754329544,53.2,146770.0,0.1623747918414115,61.4,405470.0,0.1596231937040194,70.25,191100.0,0.1592793903103693,82.8,471380.0,0.1564883843952181,94.3,236990.0,0.1572483284658947,111.35,430365.0,0.1561312769299451,128.1,246090.0,0.1528086723137759,144.0,853320.0,0.1533786654965507,166.6,585455.0,0.150792988388272,379.3,3832010.0,0.1491804937803799,166.05,888875.0,0.1494022091956454,144.5,933140.0,0.1475491417093724,122.5,270595.0,0.1471981940164294,104.4,493740.0,0.1482766385073873,89.85,345150.0,0.1475247756977879,75.1,408330.0,0.1477311437162994,63.1,258050.0,0.148088601798019,52.8,927875.0,0.1486815931488429,44.1,145860.0,0.1488879945916419,36.35,302770.0,0.0020156839255039,-0.0013907791926265,0.0034064631181305,0.0003124523664387,0.1511054407547107,0.0064553400776227,-0.0035947943718425,0.0100501344494653,0.00143027285289,0.152223261241162,0.0084864019220973,-0.003268212690484,0.0117546146125813,0.0026090946158066,0.1534020830040786,0.0115818034531395,-0.0027043865902529,0.0142861900433924,0.0044387084314432,0.1552316968197152,0.0154567654425867,-0.00190499379663,0.0173617592392167,0.0067758858229783,0.1575688742112503,0.1509680290289534,-0.009717171919077,0.0055840428605316,0.0008756267051554,0.6847662374675227,0.02802453341980604,500,297.4,47.849999999998545,249.55000000000143,202.6,243.55000000000143,2026Q2
2026-05-12,2026-05-06,24179.2,24178.3,0.0001985653658886,0.0527942922609983,0.0035691834303864,-4.053650912593552,-4.090364610259675,-3.614340467124509,-0.0029745154098002,578.55,537.25,493.8,450.6,410.75,375.15,334.95,300.95,268.1,238.55,209.1,183.2,158.3,135.9,116.2,98.5,82.85,69.15,57.4,47.05,38.4,41.35,48.45,55.85,64.7,75.0,87.35,101.2,115.95,134.0,151.75,173.05,196.85,223.3,251.75,281.05,309.0,347.0,383.75,415.15,454.35,502.65,0.0169445117596718,0.1301710864964712,4.986666666666666,23430.55,0.1507783459588229,24236.08709789925,24200,0.0171423135464231,0.0227341096100785,-3.783888856312926,4.986666666666666,-2.941352195230724,0.0001985653658886,2026,0.0206072594623517,0.0003353040951384,0.0003897152351347,0.1398571621122557,5.441113999623729e-05,0.8603823122864865,0.0109211838465671,-8.00047269121004,-7.850094251863083,-4.066205395550156,0.0002487358074814,0.6382501505118594,0.0303206816929667,0.0001409794276532,-0.1503784393471519,1,0,0,13585.0,1430.0,15860.0,7410.0,49010.0,28860.0,364910.0,99515.0,318240.0,453050.0,1459640.0,704015.0,817895.0,289250.0,346385.0,244335.0,666315.0,156520.0,275340.0,198185.0,327210.0,224705.0,115245.0,390195.0,109850.0,422370.0,160745.0,793715.0,204425.0,502580.0,534625.0,1344590.0,455390.0,336895.0,52390.0,99385.0,13195.0,71305.0,5070.0,3055.0,975.0,3900.0,0.166476233375231,41.35,224705.0,0.1649499725776744,48.45,115245.0,0.1625682079166776,55.85,390195.0,0.1606152346043531,64.7,109850.0,0.1588848920187198,75.0,422370.0,0.1577821215183631,87.35,160745.0,0.1566076695726125,101.2,793715.0,0.1547624106315473,115.95,204425.0,0.1542045581246659,134.0,502580.0,0.15184904688026,151.75,534625.0,0.1507783459588229,382.15,2804230.0,0.150255979655704,183.2,704015.0,0.1488668197527968,158.3,817895.0,0.1477814580592899,135.9,289250.0,0.1471879363064259,116.2,346385.0,0.1465628574554659,98.5,244335.0,0.1460107812841689,82.85,666315.0,0.1455353493743625,69.15,156520.0,0.1452705080441886,57.4,275340.0,0.1447773801650881,47.05,198185.0,0.1445445616505068,38.4,327210.0,0.003426212165843,-0.001911526206026,0.005337738371869,0.0007573429799085,0.1515356889387314,0.0058293236137896,-0.0035904096523969,0.0094197332661866,0.0011194569806963,0.1518978029395192,0.0081065460598969,-0.0047675646746539,0.0128741107345508,0.0016694906926214,0.1524478366514443,0.0117898619578547,-0.0055078379146342,0.0172976998724889,0.0031410120216102,0.1539193579804331,0.015697887416408,-0.006233784308316,0.0219316717247241,0.0047320515540459,0.1555103975128688,0.1503013280516352,-0.0101589885151598,0.0035971998398672,0.000317287519951,0.6847848061980086,0.02802453341980604,500,302.4,500.0,-197.6,197.6,-203.6,2026Q2
2026-05-19,2026-05-13,23405.45,23415.85,0.0018367323738262,0.3294232703415352,0.0060391917267131,-4.2515078163967965,-4.021225098808484,-3.983182060627415,-0.0164995309314559,606.4,579.55,525.0,483.0,447.15,410.9,375.45,343.15,310.2,280.25,251.95,226.55,201.45,179.05,158.55,138.6,121.9,106.5,92.65,80.55,69.35,63.65,72.4,82.0,92.25,104.65,117.05,131.9,148.5,167.55,187.35,208.35,231.95,256.7,284.1,312.75,344.9,377.45,413.6,446.65,486.35,525.0,0.0207774524337674,0.1441438602014231,4.986666666666666,23606.2,0.187783841781683,23443.644867362193,23400,0.0171423135464231,0.0352627712342881,-3.3449275108214795,4.986666666666666,-1.1104118191025572,0.0018367323738262,2026,0.0436399815802598,0.0004111517042449,0.0006044854810139,0.1548696547464344,0.000193333776769,0.6801680390325682,0.0329141870352485,-7.796548301487443,-7.4111329063716385,-4.066205395550156,0.0003567488340877,0.5901694007428792,0.0435236304693705,0.0002477366469261,-0.3854153951157635,1,0,1,585.0,260.0,24115.0,325.0,8645.0,2730.0,18395.0,11635.0,88595.0,99320.0,568945.0,403455.0,785590.0,146835.0,331630.0,224055.0,206895.0,113685.0,216060.0,84955.0,211900.0,146120.0,100750.0,474890.0,122005.0,223730.0,136825.0,259610.0,182780.0,491205.0,307385.0,896740.0,366990.0,429975.0,60060.0,74165.0,36725.0,39195.0,6825.0,20995.0,1625.0,12220.0,0.2028683838856082,63.65,146120.0,0.2012460120550004,72.4,100750.0,0.1994435960855364,82.0,474890.0,0.1971992557063903,92.25,122005.0,0.1959512819699701,104.65,223730.0,0.1934845018773754,117.05,136825.0,0.1920588761027235,131.9,259610.0,0.1908851824529291,148.5,182780.0,0.1904728205660758,167.55,491205.0,0.1893170599777068,187.35,307385.0,0.187783841781683,460.2999999999999,1465685.0,0.1877627292567663,226.55,403455.0,0.1865709964783202,201.45,785590.0,0.1861711678039211,179.05,146835.0,0.1859273583063467,158.55,331630.0,0.1847040757564151,138.6,224055.0,0.1848667060116433,121.9,206895.0,0.1847976779254795,106.5,113685.0,0.1847802776448679,92.65,216060.0,0.1851119732372926,80.55,84955.0,0.1850098257150117,69.35,211900.0,0.0026889787843928,-0.0012128453033627,0.0039018240877556,0.000738066740515,0.188521908522198,0.0042750343210405,-0.0018564834753362,0.0061315177963768,0.0012092754228521,0.1889931172045351,0.0081674401882871,-0.0029171357700396,0.0110845759583267,0.0026251522091237,0.1904089939908067,0.0116597543038534,-0.003003564136815,0.0146633184406684,0.0043280950835191,0.1921119368652022,0.0150845421039252,-0.0027740160666712,0.0178585581705965,0.0061552630186269,0.1939391048003099,0.1874515577299919,-0.0089250572262128,0.0069845097723794,0.0003644608080588,0.6440757809144914,0.02802453341980604,500,327.29999999999995,206.20000000000073,121.09999999999924,172.70000000000005,115.09999999999924,2026Q2
